DATE,CLOSE,HIGH,LOW,OPEN,VOLUME,SEC_ID
2005-01-03,33.81584548950195,34.49216318307253,33.704551919049926,34.32094305908916,100970900,QQQ
2005-01-04,33.19944763183594,34.02130340751011,33.00254567210979,33.961373600352815,136623200,QQQ
2005-01-05,32.99399185180664,33.35355116251679,32.934065300021615,33.11384495537669,127925500,QQQ
2005-01-06,32.83132553100586,33.13952103817879,32.82276599614064,33.071034962002344,102934600,QQQ
2005-01-07,33.0025520324707,33.27650292190829,32.71147880422424,33.01111483475124,123104000,QQQ
2005-01-10,32.98542022705078,33.276493371761056,32.86556715553795,32.908371357399496,88764200,QQQ
2005-01-11,32.75426483154297,32.95972951741285,32.5916076018025,32.84843600982707,106398800,QQQ
2005-01-12,33.02823257446289,33.045351645135774,32.540254150740225,32.89981668415402,127754900,QQQ
2005-01-13,32.591617584228516,33.25937230276782,32.54025058059034,33.02822895077451,101982400,QQQ
2005-01-14,32.89980697631836,32.97685583461832,32.69434226560155,32.70290506416309,93460900,QQQ
2005-01-18,33.14809036254883,33.20801691565398,32.72004168851076,32.77140543931391,91760400,QQQ
2005-01-19,32.60017395019531,33.173757348400855,32.58305161902863,33.15663501723417,104981000,QQQ
2005-01-20,31.9752140045166,32.36902101240303,31.949532145692526,32.23204565575778,120963900,QQQ
2005-01-21,31.71840476989746,32.14645342607894,31.66704102123701,32.0865268754737,138569200,QQQ
2005-01-24,31.273237228393555,31.8468241891964,31.213310671171943,31.778334829084596,137499000,QQQ
2005-01-25,31.427326202392578,31.75264404011397,31.384521997212488,31.478693208059592,119171300,QQQ
2005-01-26,31.804014205932617,31.923867298646467,31.52150054531982,31.64135363803367,107465800,QQQ
2005-01-27,31.761199951171875,31.90673815108135,31.564298017207065,31.752640417413033,103654700,QQQ
2005-01-28,31.607101440429688,31.9067373666408,31.350272979213784,31.86393316739666,111648600,QQQ
2005-01-31,32.018035888671875,32.12932617090583,31.898179540051995,31.98379121763762,89139900,QQQ
2005-02-01,32.12077713012695,32.23207071447295,31.992361204669834,32.09509525133659,76610300,QQQ
2005-02-02,32.172142028808594,32.30055468003268,31.94099533770231,32.22350578299726,100160500,QQQ
2005-02-03,31.804014205932617,32.02659805443665,31.67559831188101,32.00091618192706,90157900,QQQ
2005-02-04,32.31766891479492,32.37759545682051,31.80401190721803,31.80401190721803,99302000,QQQ
2005-02-07,32.24919128417969,32.45465612128129,32.12077861852488,32.36048487368275,71551400,QQQ
2005-02-08,32.30910110473633,32.540244412918774,32.20636711693216,32.24061177953355,72821700,QQQ
2005-02-09,31.769786834716797,32.36049308441373,31.726982601971272,32.33481119791714,93276600,QQQ
2005-02-10,31.804014205932617,31.94954917115605,31.57286755609083,31.898182160385037,110373000,QQQ
2005-02-11,32.27484893798828,32.40326149426044,31.615654032057815,31.701262402905922,108684100,QQQ
2005-02-14,32.420379638671875,32.48030614368378,32.266281978427095,32.27484477385714,54908900,QQQ
2005-02-15,32.63442611694336,32.942621648154294,32.377597596184856,32.44608694345476,131406500,QQQ
2005-02-16,32.514564514160156,32.66866223942995,32.386151920269306,32.557368712123775,80273900,QQQ
2005-02-17,32.07798767089844,32.65157166616869,32.0437429729185,32.574522728590914,115628300,QQQ
2005-02-18,31.9752140045166,32.16355634456011,31.89816516229427,32.086507502337774,69158800,QQQ
2005-02-22,31.581422805786133,32.14644678458091,31.495814398537476,31.701275882234814,121232000,QQQ
2005-02-23,31.62421989440918,31.73551341139409,31.418758456937756,31.70983154814783,95010100,QQQ
2005-02-24,32.0265998840332,32.052281758009926,31.47013533235599,31.54718422003819,99334600,QQQ
2005-02-25,32.20637512207031,32.274864464296634,31.92386474976569,32.000913626894516,79988700,QQQ
2005-02-28,31.863950729370117,32.189265435525236,31.607118860848995,32.06941230528357,95731300,QQQ
2005-03-01,32.21493148803711,32.27485801763948,31.958103037491092,31.992344436013212,78460600,QQQ
2005-03-02,32.19783401489258,32.548833930310636,31.983809596570513,32.02661382708423,107270600,QQQ
2005-03-03,31.932435989379883,32.30055817440118,31.692729735227516,32.28343583256847,89793800,QQQ
2005-03-04,32.12077713012695,32.317679154275936,32.018046349212845,32.18926322881881,86622300,QQQ
2005-03-07,32.58306121826172,32.77996318606137,32.15501261024029,32.18925401691071,93563900,QQQ
2005-03-08,32.25776290893555,32.71149366334415,32.2320810219324,32.54027346323123,89595200,QQQ
2005-03-09,32.163578033447266,32.47177361016233,32.07796960247188,32.24918646442265,98063000,QQQ
2005-03-10,32.12077713012695,32.24918978983143,31.74409542294012,32.197826032250696,97043600,QQQ
2005-03-11,31.82112693786621,32.37759134689812,31.692714335148136,32.2662978119415,102857500,QQQ
2005-03-14,31.966684341430664,31.983806685228274,31.701292911197445,31.88107588819577,65576200,QQQ
2005-03-15,31.70985221862793,32.086533943370874,31.667047996731448,32.03516691764342,93856300,QQQ
2005-03-16,31.350278854370117,31.829694466701483,31.273229974990997,31.59854782856413,159578000,QQQ
2005-03-17,31.427326202392578,31.581423953642105,31.281791251629976,31.3417177920324,100429600,QQQ
2005-03-18,31.25612449645996,31.495834064785274,31.119148999882686,31.461589374202592,108899400,QQQ
2005-03-21,31.31604766845703,31.461582673808568,31.03353392994723,31.333166744349068,92752500,QQQ
2005-03-22,30.93079376220703,31.461573129159223,30.913671425756732,31.341720039758897,114016300,QQQ
2005-03-23,31.042089462280273,31.238994732910623,30.87943213627295,30.8965544757083,97444900,QQQ
2005-03-24,31.050647735595703,31.375965605909393,31.050647735595703,31.1533784914704,77566800,QQQ
2005-03-28,31.110572814941406,31.341719454073328,31.084890943621755,31.170499358521713,59739000,QQQ
2005-03-29,30.86229705810547,31.316030701478144,30.768125862957348,31.05063944840171,119554300,QQQ
2005-03-30,31.444446563720703,31.4872507662138,31.00783847308903,31.016398007287123,114711000,QQQ
2005-03-31,31.30746078491211,31.46155847543959,31.19616728269777,31.444436146964286,86578900,QQQ
2005-04-01,30.99071502685547,31.572861303975223,30.93078849236531,31.521494303376,143814300,QQQ
2005-04-04,31.21331214904785,31.333165269165836,30.84518998539828,31.033532468870877,100090300,QQQ
2005-04-05,31.298919677734375,31.393087641155383,31.179063307853525,31.238993125670028,66266600,QQQ
2005-04-06,31.247541427612305,31.59854107740202,31.179052098018712,31.38451682104851,82168900,QQQ
2005-04-07,31.62421989440918,31.632782692658377,31.25609794770965,31.273220278457384,88618000,QQQ
2005-04-08,31.367399215698242,31.735521253362126,31.333154545740793,31.675594713812327,92332900,QQQ
2005-04-11,31.230419158935547,31.487247613933587,31.1619330949532,31.461565748159078,70976000,QQQ
2005-04-12,31.3845272064209,31.453016558678126,30.742454224893667,31.196184753465584,144848500,QQQ
2005-04-13,30.870864868164062,31.333154854133753,30.802375527575066,31.29891344959076,108995500,QQQ
2005-04-14,30.43425941467285,30.90511229281083,30.391455201342517,30.870870881597845,158057900,QQQ
2005-04-15,29.740821838378906,30.280160789654364,29.6894548243637,30.16887049124949,170013300,QQQ
2005-04-18,29.749387741088867,29.963412113326918,29.655216494783687,29.71514305775012,110084000,QQQ
2005-04-19,29.954849243164062,30.049017213241164,29.749384431740417,29.980531119934874,96922100,QQQ
2005-04-20,29.706565856933594,30.21166320572594,29.612394666620492,30.14317387977066,140457400,QQQ
2005-04-21,30.494184494018555,30.57123338059357,29.92916041438577,30.06613584988002,124505100,QQQ
2005-04-22,30.040447235107422,30.36576504606099,29.80930062725236,30.357202246278625,114996800,QQQ
2005-04-25,30.288719177246094,30.357205253533138,30.09181721751242,30.220229835207473,72170100,QQQ
2005-04-26,30.006200790405273,30.56266517625808,29.997641256881085,30.211665518247386,104958800,QQQ
2005-04-27,30.04900360107422,30.1774194582608,29.732248623298474,29.852101681605465,112539300,QQQ
2005-04-28,29.749387741088867,30.091828042970846,29.72370586146118,29.89492274664942,98181900,QQQ
2005-04-29,29.946290969848633,30.01478033926648,29.40694861581817,29.963413312203095,144435900,QQQ
2005-05-02,30.06614112854004,30.185994247420915,29.86923910955681,30.049018787878122,67648800,QQQ
2005-05-03,30.22022819519043,30.33152173708763,29.98908157698151,30.006203911561954,103428700,QQQ
2005-05-04,30.588361740112305,30.67397344524539,30.168875815094392,30.21168003478462,90480600,QQQ
2005-05-05,30.614038467407227,30.751013906818923,30.417136477362416,30.605478931210527,79341700,QQQ
2005-05-06,30.699634552001953,30.83660992178234,30.579781511662915,30.793805731054174,77310200,QQQ
2005-05-09,30.84518051147461,30.87086564771984,30.528425467630527,30.7082050925892,66298400,QQQ
2005-05-10,30.622608184814453,30.78526553530099,30.494192252599472,30.69965709099288,77194700,QQQ
2005-05-11,30.77669906616211,30.845185153034752,30.220234506218507,30.66540550102297,131952400,QQQ
2005-05-12,30.69108009338379,30.99071604139495,30.528422818121484,30.845177834474946,116602200,QQQ
2005-05-13,31.02497100830078,31.22187301711179,30.72533496082563,30.81094665971241,133273500,QQQ
2005-05-16,31.230419158935547,31.28178615623555,30.930786505729667,31.02495770123751,79093200,QQQ
2005-05-17,31.418773651123047,31.453018329179304,30.999284509314492,31.11913761675915,91665900,QQQ
2005-05-18,31.846820831298828,31.983796271327446,31.42733170922563,31.504380598351233,128105900,QQQ
2005-05-19,32.112213134765625,32.12077593787968,31.846825021775366,31.923873921039235,92619700,QQQ
2005-05-20,32.240631103515625,32.26631298298416,31.975239707914078,32.06085141573041,66530100,QQQ
2005-05-23,32.40328598022461,32.52314236203301,32.18926162562404,32.240628646399074,93068200,QQQ
2005-05-24,32.506004333496094,32.531686198612604,32.27485775019479,32.32622148042781,100830000,QQQ
2005-05-25,32.369049072265625,32.428975638637276,32.18070656895304,32.394730953352635,76470600,QQQ
2005-05-26,32.6943359375,32.762825249732856,32.514556391513985,32.514556391513985,84066800,QQQ
2005-05-27,32.71149444580078,32.74573913979324,32.54883704796728,32.65156786419087,50076900,QQQ
2005-05-31,32.60017395019531,32.737149333778035,32.46319530086185,32.69434187298595,75281500,QQQ
2005-06-01,32.865570068359375,33.113839033211775,32.54881502760895,32.55737456243937,110875700,QQQ
2005-06-02,33.09671401977539,33.09671401977539,32.788518538793056,32.81420367270911,75926500,QQQ
2005-06-03,32.61730194091797,33.07959521166682,32.548815863261645,33.07103567661664,96998400,QQQ
2005-06-06,32.62584686279297,32.69433290291902,32.49743104715057,32.63440639315253,52681400,QQQ
2005-06-07,32.35192108154297,32.93406756673749,32.309116865286505,32.66011666379329,108953400,QQQ
2005-06-08,32.28342056274414,32.488885301800536,32.15500795836623,32.42895876660726,79211900,QQQ
2005-06-09,32.4888916015625,32.583062822483996,32.10364718222542,32.24062261290617,99383300,QQQ
2005-06-10,32.146453857421875,32.44608988022069,32.00091887992837,32.44608988022069,85971700,QQQ
2005-06-13,32.30055618286133,32.48889866565581,32.069409481000626,32.08653182177763,82331300,QQQ
2005-06-14,32.172142028808594,32.394725917048476,32.103652668887136,32.266310000071954,62593600,QQQ
2005-06-15,32.27484893798828,32.42038382158006,31.88960473767177,32.38614243269083,103952000,QQQ
2005-06-16,32.44609832763672,32.53170677600924,32.240633479488515,32.3091228507889,90450100,QQQ
2005-06-17,32.45035171508789,32.741693802382514,32.34752605744529,32.65600629914181,83915700,QQQ
2005-06-20,32.45035171508789,32.63030070192334,32.20185664818234,32.321820460226824,67580000,QQQ
2005-06-21,32.433231353759766,32.57033339542117,32.30470002838561,32.424663906243026,97845600,QQQ
2005-06-22,32.39896774291992,32.647463018616236,32.24472749247588,32.56177544337909,75221100,QQQ
2005-06-23,32.039085388183594,32.716028613711735,31.987674130247072,32.45039179553958,122163300,QQQ
2005-06-24,31.679183959960938,32.05621390254689,31.67061324037275,32.030508281325865,142144100,QQQ
2005-06-27,31.533510208129883,31.75630314799229,31.447822627426913,31.662044847956018,72780800,QQQ
2005-06-28,31.83340072631836,31.92765569080968,31.619178657551128,31.662022417550702,73330300,QQQ
2005-06-29,31.764875411987305,31.9276831475024,31.67918781829982,31.91911569564252,71513600,QQQ
2005-06-30,31.516355514526367,31.884817802157087,31.490649907547002,31.824835873358595,87803700,QQQ
2005-07-01,31.473506927490234,31.704867161189085,31.43066316616144,31.584903321960674,55254800,QQQ
2005-07-05,31.799148559570312,31.86769797387323,31.36213337689831,31.36213337689831,79288700,QQQ
2005-07-06,31.644899368286133,31.944809100240928,31.584917421895174,31.730586929195812,79101000,QQQ
2005-07-07,31.756298065185547,31.782003681527748,31.319282974741206,31.344991859854563,119466300,QQQ
2005-07-08,32.36468505859375,32.3989613894756,31.696312950251826,31.773433060350573,101320700,QQQ
2005-07-11,32.664581298828125,32.698857615561636,32.39037730249897,32.45035922239788,96283700,QQQ
2005-07-12,32.818824768066406,32.95592678006995,32.57032634981941,32.66458459596619,86059300,QQQ
2005-07-13,32.89595031738281,32.93022664326867,32.707433793780964,32.835968381467744,72135400,QQQ
2005-07-14,33.2215576171875,33.315815847044924,33.0073355561549,33.135866831512914,99135200,QQQ
2005-07-15,33.32438278198242,33.41864101039944,33.11873143704456,33.272971580132555,67239200,QQQ
2005-07-18,33.187286376953125,33.324388386224875,33.153010057442756,33.238700856218685,58644000,QQQ
2005-07-19,33.57288360595703,33.59002176408198,33.28154145537178,33.34152337442438,77860900,QQQ
2005-07-20,33.81280517578125,33.90706339406129,33.33294991001936,33.36722295131032,91433100,QQQ
2005-07-21,33.821388244628906,34.00990148129515,33.59859541660966,33.89850833605556,127286000,QQQ
2005-07-22,33.778541564941406,33.924214303077584,33.60716648775071,33.82995604936066,71666600,QQQ
2005-07-25,33.65000915527344,33.95848951414848,33.59002722646662,33.81281678078195,51872700,QQQ
2005-07-26,33.778541564941406,33.87279981865833,33.58145761115605,33.752835957116815,67324900,QQQ
2005-07-27,34.035621643066406,34.06989470824352,33.61574472412838,33.80426129207253,78351100,QQQ
2005-07-28,34.198421478271484,34.20698892540692,33.96706118037043,34.06131944271201,66163700,QQQ
2005-07-29,33.91565704345703,34.20699606969433,33.86424254359519,34.16415228752832,74725700,QQQ
2005-08-01,33.975624084472656,34.12986424760988,33.86422768470253,33.96705337053747,59748300,QQQ
2005-08-02,34.3441047668457,34.3955160029725,33.97564232033727,34.01848610670006,79284100,QQQ
2005-08-03,34.32695388793945,34.38693582039148,34.17271369912849,34.19841930767359,61916400,QQQ
2005-08-04,33.99276351928711,34.224123794923436,33.907075981097385,34.17271257951762,72035500,QQQ
2005-08-05,33.82994079589844,34.09557727580424,33.78709704591843,33.94133716086133,66029500,QQQ
2005-08-08,33.58146286010742,33.94135776975542,33.53861908411305,33.86423766545732,63415400,QQQ
2005-08-09,33.80424499511719,33.92420883733056,33.684281152903814,33.73569236026981,62143600,QQQ
2005-08-10,33.512908935546875,34.009902553589406,33.3929450714942,33.88993868953673,102317500,QQQ
2005-08-11,33.78711700439453,33.881375271291255,33.50434220370437,33.53005108389381,92446700,QQQ
2005-08-12,33.59857940673828,33.69283761454197,33.392928106774306,33.52145935205967,86367300,QQQ
2005-08-15,33.80424499511719,33.95848515475425,33.487197230871914,33.53860843823791,63061100,QQQ
2005-08-16,33.2558479309082,33.701430397681634,33.195865990070494,33.67572151677218,94596000,QQQ
2005-08-17,33.45294952392578,33.56434274766699,33.23872725996945,33.35012048371066,74470500,QQQ
2005-08-18,33.281551361083984,33.50434094547914,33.22156942417874,33.30725697153755,72559400,QQQ
2005-08-19,33.26441955566406,33.41865978540608,33.2387139402974,33.32440150403362,52024300,QQQ
2005-08-22,33.281551361083984,33.57289359838252,33.07589667114427,33.31582768753567,88056300,QQQ
2005-08-23,33.187286376953125,33.35009399147278,33.08446068719175,33.281544621221784,57482900,QQQ
2005-08-24,32.990211486816406,33.57289600315014,32.955935157909565,33.11874608583174,95025700,QQQ
2005-08-25,33.067317962646484,33.15300548082391,32.98163044446906,33.05017980525714,52328800,QQQ
2005-08-26,32.95594024658203,33.075904147508766,32.79313256229163,33.0159221970454,63840700,QQQ
2005-08-29,33.213008880615234,33.29012900436657,32.784564475056996,32.784564475056996,74940400,QQQ
2005-08-30,33.09303283691406,33.12730916129687,32.83596694158341,33.04162161911006,87373600,QQQ
2005-08-31,33.401527404785156,33.4272330246046,32.973082974345985,33.110185061335656,93426300,QQQ
2005-09-01,33.350101470947266,33.547188717948075,33.230137594526234,33.418654125342414,74884400,QQQ
2005-09-02,33.2215576171875,33.44434712240293,33.19585201586975,33.41864152108518,53244900,QQQ
2005-09-06,33.70998764038086,33.76996956306012,33.332957945144095,33.375801708662195,78106600,QQQ
2005-09-07,33.76997375488281,33.829955685007555,33.598595410767814,33.67571550218106,57440100,QQQ
2005-09-08,33.76142120361328,33.907090735677535,33.65002474047672,33.6671629093263,73529700,QQQ
2005-09-09,33.94991683959961,34.00989876494406,33.68428353272269,33.76997106356625,75342100,QQQ
2005-09-12,34.04419708251953,34.155593559611056,33.91566570320336,33.95850949630875,51689900,QQQ
2005-09-13,33.95848083496094,34.198408488866946,33.8813607649527,34.00132459190571,66145800,QQQ
2005-09-14,33.57288360595703,34.00132775277244,33.54717800315433,33.97562214996974,98644000,QQQ
2005-09-15,33.55575180053711,33.70999198409264,33.461493547389836,33.6414393386146,80421500,QQQ
2005-09-16,33.76142120361328,33.81283244139056,33.512922658451515,33.63288657162713,71034100,QQQ
2005-09-19,33.49577331542969,33.7442717776925,33.34153311600935,33.69285728829559,73387500,QQQ
2005-09-20,33.35868453979492,33.881387282417165,33.25585878889648,33.55576859100513,115202800,QQQ
2005-09-21,32.990211486816406,33.307259357278085,32.9645058745216,33.26441558052986,116404300,QQQ
2005-09-22,33.110172271728516,33.187292370168926,32.76741882103697,32.93879391199758,118686100,QQQ
2005-09-23,33.20444107055664,33.31583753004933,32.91309874718671,32.99021887010144,70154000,QQQ
2005-09-26,33.213008880615234,33.444369251869254,33.03306301478591,33.39295801521596,69327600,QQQ
2005-09-27,33.13587188720703,33.33295908994447,32.998769877978646,33.23870084570563,64089500,QQQ
2005-09-28,33.14444351196289,33.37580377178571,33.04161781940936,33.212992884075305,72044500,QQQ
2005-09-29,33.59003829956055,33.59860574845583,32.947371762969865,33.101611993253314,117634600,QQQ
2005-09-30,33.81280517578125,33.82994333081115,33.53003378970997,33.564306831000934,79248500,QQQ
2005-10-03,33.89851760864258,34.061325282290966,33.855670559308486,33.88137944266313,81685600,QQQ
2005-10-04,33.67573547363281,34.172732639434315,33.667168022292635,33.949939679326064,85348600,QQQ
2005-10-05,33.213008880615234,33.71000596007306,33.18730326228859,33.68430034174642,106152200,QQQ
2005-10-06,32.775978088378906,33.298680484164024,32.49320337507764,33.18728408782387,162213700,QQQ
2005-10-07,32.85309982299805,33.0501837533648,32.715997816274665,32.90451430130795,91119900,QQQ
2005-10-10,32.673152923583984,32.9559243725977,32.6131710020123,32.79311676672735,64012000,QQQ
2005-10-11,32.51034927368164,32.767418444710835,32.39038540387884,32.767418444710835,114736900,QQQ
2005-10-12,32.12474822998047,32.61317436675259,32.07333374814186,32.32183217387361,146109500,QQQ
2005-10-13,32.37324523925781,32.484641655230334,31.987648044100013,32.10761190648422,138569600,QQQ
2005-10-14,32.6131706237793,32.621738068717505,32.25327582975353,32.45893046473533,131463200,QQQ
2005-10-17,32.71601104736328,32.72457849616163,32.40753059028684,32.62175276672648,64080400,QQQ
2005-10-18,32.48463439941406,32.71599462609383,32.48463439941406,32.6817183105629,88070400,QQQ
2005-10-19,33.13587188720703,33.13587188720703,32.22757230185764,32.321830546096486,132879900,QQQ
2005-10-20,32.82740020751953,33.29011752165171,32.647451134988394,33.1701536524778,132576900,QQQ
2005-10-21,33.03306198120117,33.20444039181642,32.84454867141857,33.1358877200618,110032000,QQQ
2005-10-24,33.55575180053711,33.57288996190662,32.964499942754266,33.18728950301779,110820900,QQQ
2005-10-25,33.427215576171875,33.58145575212098,33.22156418741966,33.495768218269205,86665800,QQQ
2005-10-26,33.2558479309082,33.650015904633335,33.21300088564931,33.40151742472246,89878100,QQQ
2005-10-27,32.58747482299805,33.24727948606658,32.58747482299805,33.23014132054613,132231100,QQQ
2005-10-28,32.83595657348633,32.89593848783159,32.493199975425554,32.698854588015855,95243900,QQQ
2005-10-31,33.3072624206543,33.461502646150414,32.921661856914014,32.94737074034399,115279100,QQQ
2005-11-01,33.281551361083984,33.42722084534805,33.170154934501205,33.23013687140646,73502300,QQQ
2005-11-02,33.71857833862305,33.81283664462717,33.1701699423502,33.18730811333021,101409900,QQQ
2005-11-03,34.22412872314453,34.35266331770796,34.00133913050785,34.05275362208733,137054000,QQQ
2005-11-04,34.3441047668457,34.47263612593406,34.13845001602441,34.275552093648145,100944500,QQQ
2005-11-07,34.38694381713867,34.52404587587952,34.232703592458854,34.455493212123635,65324500,QQQ
2005-11-08,34.3955192565918,34.57546513760017,34.2669878853451,34.34410801560179,78859700,QQQ
2005-11-09,34.412654876708984,34.5583276758543,34.30125841486509,34.378378539407564,72458800,QQQ
2005-11-10,34.7896614074707,34.86678148020049,34.20697713990548,34.429769913911194,120763100,QQQ
2005-11-11,34.88393783569336,35.06388367634779,34.858232220963,34.93535233392503,80057200,QQQ
2005-11-14,34.88393783569336,35.01247244688707,34.7896795566541,34.93535233392503,53652400,QQQ
2005-11-15,34.72111892700195,35.046737439572546,34.601155072046964,34.90106470943443,79543500,QQQ
2005-11-16,34.93534469604492,34.94391214282497,34.66970808308024,34.81538082850288,65895700,QQQ
2005-11-17,35.3980712890625,35.40663873729871,35.00390002601044,35.05531452174005,94425500,QQQ
2005-11-18,35.518035888671875,35.68941427576702,35.36379566716332,35.578017833839546,108820200,QQQ
2005-11-21,35.60372543334961,35.62943431754865,35.33809202387084,35.475194087438574,69731400,QQQ
2005-11-22,35.73224639892578,35.87791585573593,35.4409042165357,35.53516246212805,88814000,QQQ
2005-11-23,35.81793212890625,36.00644861061074,35.740812047188015,35.75795020632202,64101200,QQQ
2005-11-25,35.89506149291992,35.93790526744934,35.757959453163515,35.85221771839051,22930200,QQQ
2005-11-28,35.595157623291016,35.989325643452354,35.560881290554114,35.989325643452354,74716200,QQQ
2005-11-29,35.42377853393555,35.8607903270654,35.42377853393555,35.79224093170644,77443000,QQQ
2005-11-30,35.33806610107422,35.55228812255104,35.295219081763946,35.372339140246346,88044400,QQQ
2005-12-01,35.99788284301758,36.0321591659954,35.56087116574556,35.56943861210498,91914100,QQQ
2005-12-02,36.08356857299805,36.10070673207538,35.87791393283966,35.93789585522552,72929200,QQQ
2005-12-05,35.81793212890625,36.04072492887876,35.67226267942159,36.04072492887876,61519900,QQQ
2005-12-06,35.937889099121094,36.25494007929368,35.90361605617916,36.01500916608618,81509400,QQQ
2005-12-07,35.86935806274414,36.01502755875467,35.672274072910135,35.989321946228266,83885500,QQQ
2005-12-08,35.6122932434082,35.989323070243756,35.36379475198963,35.95504673995759,112043200,QQQ
2005-12-09,35.74937438964844,35.79221814306585,35.45803229013358,35.61227241745138,56526900,QQQ
2005-12-12,35.87791442871094,35.93789635192581,35.71510681838051,35.87791442871094,44863600,QQQ
2005-12-13,36.02360534667969,36.169274871284344,35.78367426384363,35.835088767759494,76611600,QQQ
2005-12-14,35.90363311767578,36.07500822013031,35.74082219406521,35.946476893289415,73581600,QQQ
2005-12-15,35.963619232177734,36.04930679335216,35.65513878191631,35.98932484677587,72607200,QQQ
2005-12-16,35.71538162231445,36.024602939616095,35.68961072171387,35.95588818354556,63743000,QQQ
2005-12-19,35.148460388183594,35.82703607558708,35.13128416022253,35.79267706635402,75341700,QQQ
2005-12-20,35.17423629760742,35.34602809160663,35.002444503608224,35.17423629760742,70257700,QQQ
2005-12-21,35.32883071899414,35.56933714297702,35.17421851024678,35.2343451162425,68935000,QQQ
2005-12-22,35.560768127441406,35.612303373594266,35.30307879005296,35.31167018218246,59149500,QQQ
2005-12-23,35.560768127441406,35.723968534685525,35.47487058942658,35.65525050427366,38000400,QQQ
2005-12-27,35.251548767089844,35.80127998521377,35.191422119898576,35.66384718068279,55656300,QQQ
2005-12-28,35.20860290527344,35.41475048120814,35.10552584064944,35.26872955464245,50302400,QQQ
2005-12-29,34.97666931152344,35.320249548506666,34.91654268813499,35.242943421770775,47301700,QQQ
2005-12-30,34.71038055419922,34.85640464649034,34.667433448226824,34.822045651050765,60026500,QQQ
2006-01-03,35.48344802856445,35.63806025953765,34.49564802808619,34.916537607214295,109350400,QQQ
2006-01-04,35.85280990600586,35.85280990600586,35.492046832834944,35.56935297161044,92769400,QQQ
2006-01-05,36.007423400878906,36.07614143354728,35.82704348010864,35.86140249644283,77656900,QQQ
2006-01-06,36.660221099853516,36.67740060309794,36.12766960589741,36.29945808503117,110053900,QQQ
2006-01-09,36.80623245239258,36.86635905988482,36.52277891373691,36.66021162752695,80768800,QQQ
2006-01-10,36.832008361816406,36.86636408745834,36.54855150785054,36.64303712583916,84369400,QQQ
2006-01-11,37.1154670715332,37.20136458915314,36.823422064935954,36.935087199514236,100761400,QQQ
2006-01-12,36.93510055541992,37.18419853160984,36.80625587072681,37.072533356652905,82429200,QQQ
2006-01-13,36.91789627075195,36.978022876150476,36.703157458141725,36.88353727433729,64572100,QQQ
2006-01-17,36.677391052246094,36.754697158387735,36.50559934119197,36.634443943646154,77962100,QQQ
2006-01-18,36.25651550292969,36.47125440537773,36.0933151166652,36.10190323103465,121021900,QQQ
2006-01-19,36.52278518676758,36.78047115980138,36.32522583155317,36.43688767798636,111094000,QQQ
2006-01-20,35.43191909790039,36.49702550160212,35.34602484711319,36.47125460504145,188569400,QQQ
2006-01-23,35.44050216674805,35.603705807326754,35.28589319267347,35.526399681961884,111381900,QQQ
2006-01-24,35.595130920410156,35.818461286853385,35.48346901384523,35.5264161530361,77956900,QQQ
2006-01-25,35.44050216674805,35.79267378748686,35.28589319267347,35.7669061712503,99826400,QQQ
2006-01-26,35.689613342285156,35.809866631730515,35.414747744508226,35.64666620700558,112600600,QQQ
2006-01-27,36.170616149902344,36.41112263818529,35.85280353657771,35.904338768835395,110830400,QQQ
2006-01-30,36.23933792114258,36.35100307380639,36.13626415995987,36.23074980631726,53942600,QQQ
2006-01-31,36.076133728027344,36.30805212376332,35.91293335028223,36.222154601274745,100988100,QQQ
2006-02-01,36.20497512817383,36.222151354476495,35.81844450326082,35.852803509176454,89168700,QQQ
2006-02-02,35.58652877807617,36.14485119748473,35.56934927383917,36.08472129432754,94047400,QQQ
2006-02-03,35.148460388183594,35.41473779475667,35.02820713252332,35.32025215769347,121094200,QQQ
2006-02-06,35.0539665222168,35.22575495868608,34.86499531011531,34.97666041514386,58162800,QQQ
2006-02-07,34.89936447143555,35.15705047783698,34.73616082194554,34.993850105002316,87327000,QQQ
2006-02-08,35.30307388305664,35.34602428442213,34.9509022177865,35.14846161277652,89907800,QQQ
2006-02-09,34.96807861328125,35.534989128340996,34.89936387518734,35.397556375497885,78213400,QQQ
2006-02-10,35.182823181152344,35.26872071347286,34.581553561532,34.942316643966535,102575900,QQQ
2006-02-13,34.77908706665039,34.99382580229452,34.61588353050289,34.95946681819472,70643100,QQQ
2006-02-14,35.131282806396484,35.234356553468146,34.71039315114955,34.847825906130225,94340300,QQQ
2006-02-15,35.35462188720703,35.44051615967922,34.985270617594985,35.03680914707218,92254300,QQQ
2006-02-16,35.681026458740234,35.689614575430326,35.34603420466599,35.48346700830303,103859600,QQQ
2006-02-17,35.397560119628906,35.61229902345095,35.3889720052045,35.61229902345095,81770200,QQQ
2006-02-21,35.00243377685547,35.44909099370964,34.882180540905296,35.397552488307454,85101400,QQQ
2006-02-22,35.44050216674805,35.681011932691625,34.94230968512846,35.02820392368712,91983900,QQQ
2006-02-23,35.34602737426758,35.681019563606675,35.2859007390865,35.380383111045425,66517100,QQQ
2006-02-24,35.44050216674805,35.46627305963978,35.225763293696204,35.380375544425945,57085400,QQQ
2006-02-27,35.83562088012695,35.96446222608848,35.50062879331016,35.5263964071715,64945000,QQQ
2006-02-28,35.30307388305664,35.83562871475731,35.19141201414201,35.741143074402174,117564600,QQQ
2006-03-01,35.78409957885742,35.87858524397919,35.34603354934139,35.414748311557666,80962300,QQQ
2006-03-02,35.80986022949219,35.9387048889519,35.56935369360025,35.68960696154622,69856500,QQQ
2006-03-03,35.60372543334961,36.084738677077816,35.55218689581146,35.60372543334961,112066100,QQQ
2006-03-06,35.29446029663086,35.75829677271867,35.18279523164974,35.6809906933707,99581000,QQQ
2006-03-07,35.088340759277344,35.277312071097064,34.916552232157,35.23436493931698,96441100,QQQ
2006-03-08,35.105525970458984,35.29449731297842,34.7877132116681,35.011040299199266,103961900,QQQ
2006-03-09,34.80487823486328,35.34602113258956,34.761931113983,35.217176493293444,108556700,QQQ
2006-03-10,34.839256286621094,35.03681577198772,34.52144020973571,34.77053823432466,124474900,QQQ
2006-03-13,34.942317962646484,35.16564500179628,34.89077944130918,34.9938564839838,69169100,QQQ
2006-03-14,35.534996032714844,35.57794316194998,34.90795877124519,34.90795877124519,118201000,QQQ
2006-03-15,35.83562088012695,35.83562088012695,35.49203740425314,35.672417254592204,84375800,QQQ
2006-03-16,35.534996032714844,36.007421007613246,35.50064029532029,35.94729437135287,101371200,QQQ
2006-03-17,35.62867736816406,35.74901495546717,35.439573571571565,35.53412546986781,78219600,QQQ
2006-03-20,35.71464157104492,35.82638505207602,35.58570981196679,35.73183312804618,60240100,QQQ
2006-03-21,35.33643341064453,36.11003372002751,35.31064771735126,35.33643341064453,136566000,QQQ
2006-03-22,35.422386169433594,35.48255497013469,35.12154216592811,35.138733720264675,112282800,QQQ
2006-03-23,35.31925582885742,35.430999342260584,35.087174660537855,35.31925582885742,75158200,QQQ
2006-03-24,35.4997444152832,35.671656669481045,35.25906922677834,35.43957561815699,81795500,QQQ
2006-03-27,35.508338928222656,35.68024788941154,35.4481701360159,35.48254996088172,54400400,QQQ
2006-03-28,35.36220932006836,35.81777392995974,35.23327761032043,35.57709878193455,100522800,QQQ
2006-03-29,36.032684326171875,36.18740509092177,35.38801556603226,35.41380454612716,130669100,QQQ
2006-03-30,36.14444351196289,36.35933319191386,35.92095968755464,36.11006037622122,115915600,QQQ
2006-03-31,36.04128646850586,36.26477022523152,35.96392607599403,36.21319881619384,71074600,QQQ
2006-04-03,36.084251403808594,36.419478563810046,36.01548845560649,36.230377997038616,80730700,QQQ
2006-04-04,36.28194808959961,36.36790587046778,36.04127286107686,36.1444189191646,89952600,QQQ
2006-04-05,36.625762939453125,36.67733431533963,36.28193846509484,36.35929880787779,91628200,QQQ
2006-04-06,36.72891616821289,36.90942257709721,36.47964353939902,36.60857856229001,91712800,QQQ
2006-04-07,36.37649917602539,37.0039762067,36.35930762024546,36.85785290100156,116604300,QQQ
2006-04-10,36.324928283691406,36.531223695535516,36.17880496280735,36.445269186657164,58981900,QQQ
2006-04-11,36.032684326171875,36.47106091928155,35.852177860281955,36.43667779845826,91481900,QQQ
2006-04-12,36.04128646850586,36.17022154901067,35.92954295066538,36.04988061036037,58751200,QQQ
2006-04-13,36.187416076660156,36.385117441934575,35.920955006774925,36.015506978265506,63476900,QQQ
2006-04-17,35.809207916259766,36.28196444784456,35.57712672170966,36.13584107291794,104072100,QQQ
2006-04-18,36.4968376159668,36.5827953968176,35.90374368338951,35.90374368338951,124291700,QQQ
2006-04-19,36.660160064697266,36.660160064697266,36.35931271482541,36.56560813413624,79050300,QQQ
2006-04-20,36.5312385559082,36.806297030953885,36.42809244750499,36.65157622887123,81408000,QQQ
2006-04-21,36.1014404296875,36.720323314890265,35.94671970838681,36.66874864813872,130181200,QQQ
2006-04-24,36.06705856323242,36.16161048272971,35.860766447014775,36.05846442462088,78556400,QQQ
2006-04-25,35.989715576171875,36.187413649228944,35.80061492483135,36.161627941990616,77660800,QQQ
2006-04-26,35.98109436035156,36.15300659681931,35.843565226968,35.98109436035156,82537000,QQQ
2006-04-27,36.324928283691406,36.52262955622941,35.67166549093468,35.817788811818744,173950100,QQQ
2006-04-28,35.97250747680664,36.29054635501811,35.91233866827023,36.10144251164417,88876600,QQQ
2006-05-01,35.62009048461914,36.14442150914749,35.50835027991471,36.03267802548875,92875500,QQQ
2006-05-02,35.71464157104492,35.869362305102065,35.58570981196679,35.77481038107223,85148100,QQQ
2006-05-03,35.6630744934082,35.79200626808412,35.48256476253452,35.73183745077777,74971600,QQQ
2006-05-04,35.955318450927734,36.092847621713744,35.69744838661915,35.69744838661915,88696800,QQQ
2006-05-05,36.238975524902344,36.28195278141702,36.049871661492375,36.187400849712034,80392200,QQQ
2006-05-08,36.27335739135742,36.342120343619754,36.16161390510745,36.17021132348673,45079100,QQQ
2006-05-09,36.135826110839844,36.256163729531266,36.07565730149413,36.1873975023052,48528800,QQQ
2006-05-10,35.81779098510742,36.08425522512528,35.71464491240402,36.04127796807841,92424200,QQQ
2006-05-11,35.01839065551758,35.80058822155209,34.923838760894746,35.78339666989765,140989700,QQQ
2006-05-12,34.5456428527832,34.91525314083428,34.53704871352927,34.863681747402055,153920800,QQQ
2006-05-15,34.51985168457031,34.67457239825193,34.20181611931533,34.399514080363225,127896500,QQQ
2006-05-16,34.261993408203125,34.605814751252545,34.18463303219995,34.52845437524937,132397500,QQQ
2006-05-17,33.79783248901367,34.2190175036803,33.720472109950606,34.10727400526593,207897100,QQQ
2006-05-18,33.56575393676758,34.090085070912814,33.52277667374608,33.943961720848726,139690900,QQQ
2006-05-19,33.823612213134766,33.92676155296437,33.30787862980334,33.69468045677899,194306300,QQQ
2006-05-22,33.49698257446289,33.72906367134522,33.19613525082097,33.53136240888851,169591800,QQQ
2006-05-23,33.170345306396484,33.849396953372285,33.1531537519087,33.74624762644555,142243900,QQQ
2006-05-24,33.39381790161133,33.557135975701044,32.860893004732766,33.118759678773834,234981600,QQQ
2006-05-25,33.83218765258789,33.849379198058045,33.36802576174977,33.61729825263899,123510900,QQQ
2006-05-26,33.943965911865234,34.021326306437516,33.72047887023182,33.909582785620806,91319600,QQQ
2006-05-30,33.213348388671875,33.80644600351292,33.187562676359235,33.780657012243985,105606200,QQQ
2006-05-31,33.36806106567383,33.57435655062748,33.12738573235748,33.27350910502655,137066200,QQQ
2006-06-01,34.15884780883789,34.15884780883789,33.38524403803389,33.462604415114285,119357400,QQQ
2006-06-02,34.07288360595703,34.38232505609453,33.78923112930035,34.34794194408946,128864100,QQQ
2006-06-05,33.333656311035156,34.004113742916175,33.333656311035156,34.004113742916175,103190600,QQQ
2006-06-06,33.30786895751953,33.479781195026405,32.96404448250579,33.39382343679637,127271000,QQQ
2006-06-07,33.058597564697266,33.668882914765334,33.050003428042125,33.35084739527193,130754700,QQQ
2006-06-08,33.00705337524414,33.14458262768449,32.2248551371854,32.8953098329626,280562200,QQQ
2006-06-09,32.792152404785156,33.29929196307284,32.7577692837933,33.144571197564396,144146200,QQQ
2006-06-12,32.14748001098633,32.88669735510003,32.13888259223185,32.835125958391245,145607500,QQQ
2006-06-13,32.0185432434082,32.491299601949535,31.941182873541123,32.22483865603853,207099500,QQQ
2006-06-14,32.34516525268555,32.41392818081526,31.975555086997808,32.11308422221046,201876800,QQQ
2006-06-15,33.22191619873047,33.34225378753133,32.49128997122709,32.534267213091205,200700400,QQQ
2006-06-16,32.977630615234375,33.27007713053283,32.857212040904436,33.15825847672929,120006100,QQQ
2006-06-19,32.71101760864258,33.149689430734824,32.60780206039392,33.11528315426423,129450100,QQQ
2006-06-20,32.754032135009766,33.09808510916927,32.63361014883213,32.762632064869216,102871700,QQQ
2006-06-21,33.270084381103516,33.536727911772516,32.79700990121272,32.8056098236133,129548100,QQQ
2006-06-22,32.84861755371094,33.27008595683822,32.676592848265614,33.19267352692345,143100500,QQQ
2006-06-23,32.8142204284668,33.14107005198282,32.624989281364826,32.822820352807106,88050200,QQQ
2006-06-26,32.900230407714844,33.02064902670499,32.74540553153857,32.831417893342596,65157700,QQQ
2006-06-27,32.280914306640625,32.969025971943715,32.246511348303144,32.917416612698105,128227500,QQQ
2006-06-28,32.52178192138672,32.54758498202585,32.15192274013488,32.35835378757263,91576300,QQQ
2006-06-29,33.51094055175781,33.51094055175781,32.59919732779043,32.66800658942823,181997200,QQQ
2006-06-30,33.347503662109375,33.665753354921364,33.27009121994847,33.64855022542322,82719200,QQQ
2006-07-03,33.54532241821289,33.54532241821289,33.38189766970083,33.45070688127844,21598500,QQQ
2006-07-05,32.8142204284668,33.27009188521808,32.76261103894039,33.235685625533804,93724000,QQQ
2006-07-06,32.779823303222656,33.09807309108199,32.69380763004281,32.917445099147976,70615200,QQQ
2006-07-07,32.41856002807617,32.831425364781445,32.315344514190365,32.599191278828876,108063300,QQQ
2006-07-10,32.13471221923828,32.624989945656594,31.97128412299112,32.50457131547127,105109800,QQQ
2006-07-11,32.37554168701172,32.46155731727036,31.89386728220653,32.06589198040221,136114200,QQQ
2006-07-12,31.764848709106445,32.375544980850506,31.687436274578243,32.306735750803846,154458900,QQQ
2006-07-13,31.23155403137207,31.85945321297335,31.23155403137207,31.515397338678955,177745500,QQQ
2006-07-14,30.913311004638672,31.291773242638964,30.78429247172487,31.222960733489444,172448500,QQQ
2006-07-17,30.9907169342041,31.179948013498713,30.85309522594266,30.92190772065355,134311000,QQQ
2006-07-18,31.09395408630371,31.248779009911242,30.569269987540657,31.154163414244163,206964900,QQQ
2006-07-19,31.498197555541992,31.678828713330788,31.04232626276722,31.068129307668332,192517600,QQQ
2006-07-20,31.033733367919922,31.65302955388485,30.999327112821568,31.61002337559245,152292100,QQQ
2006-07-21,30.70687484741211,30.930508902012615,30.638062349897815,30.861699685658795,119343000,QQQ
2006-07-24,31.317577362060547,31.33478048993518,30.792893445948224,30.82729970169749,130269300,QQQ
2006-07-25,31.498197555541992,31.601416297467114,31.171348049593455,31.386382173530283,108869600,QQQ
2006-07-26,31.472393035888672,31.71323019344132,31.16274338694373,31.40358054449638,107170500,QQQ
2006-07-27,31.265968322753906,31.859464756900657,31.17995596359467,31.601424398261763,99698700,QQQ
2006-07-28,31.919675827026367,31.94547887996665,31.39499187616492,31.4207949291052,93556100,QQQ
2006-07-31,31.91107749938965,32.100308666305054,31.73044953887687,31.893877648908123,78015300,QQQ
2006-08-01,31.37778091430664,31.65302434749841,31.188549823552094,31.627221300999352,98552800,QQQ
2006-08-02,31.730440139770508,31.9368743771799,31.489602930426955,31.489602930426955,87370600,QQQ
2006-08-03,31.928260803222656,32.117491852623445,31.377774057140172,31.41218029906028,99205600,QQQ
2006-08-04,31.782058715820312,32.36695206303639,31.498211967394052,32.21212716046968,123493800,QQQ
2006-08-07,31.57562255859375,31.77345363773903,31.420797665147585,31.747650582551888,69634800,QQQ
2006-08-08,31.37778091430664,31.739039971096176,31.188549823552094,31.661627550438457,124139900,QQQ
2006-08-09,31.420793533325195,32.09170241042152,31.33478117323754,31.816458920747564,145342200,QQQ
2006-08-10,31.64443016052246,31.721842595209353,31.23156493591276,31.3347804217749,102481300,QQQ
2006-08-11,31.420793533325195,31.558415278162173,31.28317178848822,31.524012302823838,86903200,QQQ
2006-08-14,31.62722396850586,32.05729227928593,31.567014667489516,31.687433269522206,109281100,QQQ
2006-08-15,32.42716979980469,32.47017599920023,31.902485636156083,31.997101243523886,133712100,QQQ
2006-08-16,33.19267272949219,33.209875855855614,32.54757025608757,32.66798885947069,135452100,QQQ
2006-08-17,33.31309509277344,33.52812927484491,33.063654654091835,33.0808577823969,129492200,QQQ
2006-08-18,33.36471939086914,33.399125662858,32.92604762591793,33.2270975840764,97754500,QQQ
2006-08-21,33.04645538330078,33.166877295493094,32.908833621956894,33.115267904553534,66668400,QQQ
2006-08-22,33.05506896972656,33.38192198599956,32.85723783073999,32.99485963530294,102058600,QQQ
2006-08-23,32.80559539794922,33.261466551417016,32.61636437673949,33.08083872998555,96056300,QQQ
2006-08-24,32.900230407714844,32.98624276951887,32.61638370767126,32.900230407714844,78985300,QQQ
2006-08-25,32.96043014526367,33.23567356049742,32.73679610082138,32.83140835886521,73572900,QQQ
2006-08-28,33.20988845825195,33.36471337311446,32.89163870266218,32.93464489431019,80035000,QQQ
2006-08-29,33.31309509277344,33.33889814465042,32.840020548448436,33.18407655222729,104842000,QQQ
2006-08-30,33.46791076660156,33.57112622689856,33.20126727291063,33.30448601436795,75687200,QQQ
2006-08-31,33.43354034423828,33.57116219915263,33.338924703766445,33.51095284270034,61207200,QQQ
2006-09-01,33.61414337158203,33.72595877868447,33.459318505112876,33.61414337158203,69388500,QQQ
2006-09-05,33.94100570678711,33.958208840766964,33.41632160446961,33.63135585747433,85582800,QQQ
2006-09-06,33.26149368286133,33.70876528255024,33.20988756673392,33.63135282719712,97888600,QQQ
2006-09-07,33.10667419433594,33.4593302290483,32.994855466891856,33.158280313800724,115877400,QQQ
2006-09-08,33.30450439453125,33.39051677872074,33.08086694577918,33.14967947806048,96627000,QQQ
2006-09-11,33.51094055175781,33.67436870032754,32.96045333400483,33.03786580407401,142377500,QQQ
2006-09-12,34.13022994995117,34.2334454516517,33.50233045276707,33.50233045276707,124102400,QQQ
2006-09-13,34.362464904785156,34.38826795812906,34.08722139857877,34.15603063454966,116054300,QQQ
2006-09-14,34.39688491821289,34.59471606233621,34.199050492926844,34.276462965076206,98116000,QQQ
2006-09-15,34.51993179321289,34.8211515207257,34.42526179798064,34.68345060485573,137825600,QQQ
2006-09-18,34.528533935546875,34.769512981562855,34.37362000705394,34.528533935546875,117806700,QQQ
2006-09-19,34.296165466308594,34.640419394630015,34.01215876603488,34.61460149907298,159060800,QQQ
2006-09-20,34.795345306396484,34.89001533341123,34.58879222172342,34.597400378570164,116635500,QQQ
2006-09-21,34.580196380615234,35.00190425086256,34.494134487967024,34.88141628793475,121886900,QQQ
2006-09-22,34.31340026855469,34.56298436083765,34.16709439014452,34.55437948454035,100996400,QQQ
2006-09-25,34.91581726074219,34.99327422166986,34.1498558043732,34.45968364808389,136473400,QQQ
2006-09-26,35.08796310424805,35.11378101078037,34.76953021916547,34.87280512834492,113375600,QQQ
2006-09-27,35.044918060302734,35.24286292449594,34.85557806714017,35.00188385600299,113003800,QQQ
2006-09-28,35.139583587646484,35.19121937336071,34.795329695325634,35.08794451888383,85943600,QQQ
2006-09-29,34.984683990478516,35.225659843952585,34.95886280399931,35.19984194052316,85438200,QQQ
2006-10-02,34.54576110839844,35.02771611478231,34.49412529978402,34.94165096200846,97068800,QQQ
2006-10-03,34.69206237792969,34.83836817997047,34.32199051235116,34.44247841592572,116261400,QQQ
2006-10-04,35.544097900390625,35.55270605816197,34.54576499718186,34.63183015964398,149209500,QQQ
2006-10-05,35.71620559692383,35.76784466643129,35.44080379231432,35.54407864828077,91799900,QQQ
2006-10-06,35.638755798339844,35.76785185653534,35.492449996564154,35.59572487329106,85450400,QQQ
2006-10-09,35.759246826171875,35.922768951913845,35.56130192721266,35.59572798347933,62786100,QQQ
2006-10-10,35.819480895996094,35.93136390645541,35.55268724119502,35.802267872614,98181800,QQQ
2006-10-11,35.750648498535156,36.00023252758596,35.43221234434618,35.65597846799519,136561300,QQQ
2006-10-12,36.31866455078125,36.361695486462935,35.88834862786453,35.93998443746257,95260200,QQQ
2006-10-13,36.51661682128906,36.59407383430513,36.26703274789835,36.34448976091441,80470200,QQQ
2006-10-16,36.55104064941406,36.68013347449377,36.490796674433454,36.51661458283931,62017400,QQQ
2006-10-17,36.14652633666992,36.31865330916861,35.93997331306171,36.292832129312,146149100,QQQ
2006-10-18,35.974403381347656,36.41332737438537,35.84531059984485,36.33587039226396,120366100,QQQ
2006-10-19,36.060482025146484,36.24121395677294,35.79368492389991,35.8797468104695,108198400,QQQ
2006-10-20,36.14652633666992,36.21537843888897,35.836698442782065,36.18095238777945,105454300,QQQ
2006-10-23,36.51661682128906,36.6457129373327,35.99163076451915,36.07769265318117,126960500,QQQ
2006-10-24,36.26702880859375,36.53382588734764,36.07768873444259,36.38751675285349,103541700,QQQ
2006-10-25,36.51661682128906,36.59407383430513,36.18957573488228,36.28424578224087,125399500,QQQ
2006-10-26,36.85224151611328,36.93830335510948,36.33586391603865,36.64569178930291,130260700,QQQ
2006-10-27,36.3272705078125,36.8522564747116,36.21539072831437,36.76619460078226,129375000,QQQ
2006-10-30,36.55961608886719,36.705925112485204,36.19815253001284,36.28421434410737,103899900,QQQ
2006-10-31,36.64570617675781,36.80061689116066,36.413335180578535,36.62849314559083,135811800,QQQ
2006-11-01,36.14652633666992,36.809213046808075,35.991612389725994,36.77478699569855,148960600,QQQ
2006-11-02,36.18095397949219,36.267015828003196,35.92276515091009,35.983009101477606,100216400,QQQ
2006-11-03,36.086299896240234,36.31006277091419,35.81089791984896,36.23260575986349,119263300,QQQ
2006-11-06,36.61128234863281,36.757588197905505,36.198179424565545,36.20678429914915,101283300,QQQ
2006-11-07,36.86084747314453,37.08461021102889,36.55101961834425,36.611263558661136,139706500,QQQ
2006-11-08,37.032981872558594,37.17929097218989,36.551030210360146,36.65430509753846,180245700,QQQ
2006-11-09,36.86084747314453,37.30837294891325,36.72314328607905,37.23091598521318,124278000,QQQ
2006-11-10,37.032981872558594,37.04159002826898,36.72315392797418,36.86946302760548,82419400,QQQ
2006-11-13,37.41167068481445,37.47191465668612,37.00717263106166,37.05020357053424,89146200,QQQ
2006-11-14,37.807552337646484,37.841978394938714,37.2137176230783,37.43748042937878,121962800,QQQ
2006-11-15,37.96246337890625,38.212047350414345,37.798941260928885,37.85918849805952,116565900,QQQ
2006-11-16,38.12598419189453,38.22925907809939,37.88500836306671,38.09155813547643,113513200,QQQ
2006-11-17,38.12598419189453,38.12598419189453,37.82476440585976,37.919434419484816,95162500,QQQ
2006-11-20,38.20344161987305,38.28089860618634,37.876400646211415,38.00549671775007,107184100,QQQ
2006-11-21,38.25508499145508,38.30672079941658,38.082957971133766,38.229263804424484,68092200,QQQ
2006-11-22,38.496055603027344,38.513268631018306,38.09155765286319,38.36696281766921,69852700,QQQ
2006-11-24,38.427215576171875,38.60794748690098,38.19484456964154,38.21205760157528,51762900,QQQ
2006-11-27,37.55796813964844,38.39278196760715,37.55796813964844,38.30671682485138,159506300,QQQ
2006-11-28,37.66984939575195,37.73009335129684,37.299777507090916,37.446083318257244,118268400,QQQ
2006-11-29,37.92802429199219,38.022694268176416,37.5751655608816,37.86778035861098,139515500,QQQ
2006-11-30,37.902225494384766,38.10877528915455,37.68706754305386,37.91083036789609,123457100,QQQ
2006-12-01,37.575172424316406,38.16900699742094,37.230918499501506,37.86778727549445,144559600,QQQ
2006-12-04,38.091556549072266,38.28089656843691,37.687061893678674,37.687061893678674,89782400,QQQ
2006-12-05,38.22925567626953,38.341138708147724,38.03131079405374,38.203437777778085,84697500,QQQ
2006-12-06,38.091556549072266,38.2120477415175,37.92803771247054,38.10876957656444,78207500,QQQ
2006-12-07,37.60961151123047,38.28090328597725,37.60961151123047,38.160415355438076,124936100,QQQ
2006-12-08,37.78172302246094,38.09154759534543,37.411651225990774,37.48910818997403,133798700,QQQ
2006-12-11,37.919437408447266,38.186231159093694,37.65264037475114,37.72149249301454,72931300,QQQ
2006-12-12,37.69567108154297,37.979681143105225,37.48912129408831,37.91082902525389,110985900,QQQ
2006-12-13,37.7645263671875,37.96247129803975,37.540760248450205,37.95386314106142,79035500,QQQ
2006-12-14,38.18623733520508,38.35836437565312,37.81616534730937,37.841986537359226,109104200,QQQ
2006-12-15,38.284481048583984,38.56883402442302,38.21554500168262,38.49990126457329,99942300,QQQ
2006-12-18,37.90531539916992,38.560190938641824,37.74159404901499,38.413706874870854,121588700,QQQ
2006-12-19,37.78468322753906,37.965638604919135,37.379695685425986,37.61234978172913,136535200,QQQ
2006-12-20,37.64681625366211,38.00872373824371,37.629582250867756,37.827771639477874,67213400,QQQ
2006-12-21,37.379695892333984,37.73298471747955,37.233208518124954,37.68990135578859,102952300,QQQ
2006-12-22,36.9919319152832,37.40553802428741,36.9919319152832,37.39692266843383,92858600,QQQ
2006-12-26,37.14704895019531,37.155664309373115,36.948862818601434,36.99194618859133,50848600,QQQ
2006-12-27,37.336612701416016,37.396930065469206,37.13842332004146,37.233208688424995,54129200,QQQ
2006-12-28,37.1556510925293,37.3796897960634,37.095333738589176,37.22458708963187,69016000,QQQ
2006-12-29,37.19013214111328,37.57788904325617,37.15566413046715,37.21598150557267,75152500,QQQ
2007-01-03,37.25906753540039,37.96564530650344,36.6386565024122,37.44863501666317,167689500,QQQ
2007-01-04,37.96566390991211,38.09491408041779,37.18153437545724,37.31078454596292,136853500,QQQ
2007-01-05,37.78468322753906,37.870853237493804,37.46586240833095,37.870853237493804,138958800,QQQ
2007-01-08,37.81053924560547,38.01734071383773,37.60373449032314,37.81915460384428,106401600,QQQ
2007-01-09,38.00010299682617,38.16382437081494,37.59511545817706,37.92255163205511,121577500,QQQ
2007-01-10,38.44816589355469,38.48263388712047,37.758822457482985,37.87945714791444,121070100,QQQ
2007-01-11,38.84455108642578,38.982419808568075,38.47402827934655,38.525726995743895,174029800,QQQ
2007-01-12,39.0427360534668,39.07720076773037,38.749764616404505,38.792847974521116,104217300,QQQ
2007-01-16,39.01688766479492,39.120291680013196,38.8876375763469,39.077205030147304,95690500,QQQ
2007-01-17,38.69807815551758,39.02551772539214,38.62914541225763,38.853180936666014,127142600,QQQ
2007-01-18,37.98288345336914,38.637759280783804,37.8708640519644,38.59467590702836,189029800,QQQ
2007-01-19,38.060420989990234,38.155206358174375,37.83638553641392,37.888087542800676,127544300,QQQ
2007-01-22,37.64681625366211,38.11212446795991,37.49171351556284,38.094890465165555,123441700,QQQ
2007-01-23,37.55203628540039,37.89670649956423,37.48310027033755,37.62096901341311,133103600,QQQ
2007-01-24,38.17242431640625,38.18965831129171,37.71573495661112,37.79328629007147,117615300,QQQ
2007-01-25,37.68128204345703,38.318926961152656,37.55203196067463,38.22414159488239,158337600,QQQ
2007-01-26,37.54343795776367,37.76747684091322,37.3021683485736,37.750242827820806,146284300,QQQ
2007-01-29,37.577880859375,37.83638430882207,37.396928773467025,37.448627491126615,104191500,QQQ
2007-01-30,37.595123291015625,37.73299204743878,37.500337904652746,37.638206661075905,69605900,QQQ
2007-01-31,37.97425079345703,38.077651509724205,37.33660920825169,37.552029284587185,157772500,QQQ
2007-02-01,37.91394805908203,38.258621628984905,37.78469464860576,38.146602225708854,147365600,QQQ
2007-02-02,38.05179214477539,38.129343483342105,37.862221475601515,38.017324152734936,98189200,QQQ
2007-02-05,38.017333984375,38.22413870305075,37.879465267607664,38.0345679848521,96347800,QQQ
2007-02-06,37.96566390991211,38.112148093895605,37.60375620098188,38.08629871720486,121110200,QQQ
2007-02-07,38.310325622558594,38.47404706991006,38.01735403403891,38.15522282351575,117823800,QQQ
2007-02-08,38.30169677734375,38.43094687301,38.112126025906505,38.25861341212167,89521900,QQQ
2007-02-09,37.81053924560547,38.53435095851852,37.68128586267275,38.405097575585806,133472000,QQQ
2007-02-12,37.664058685302734,37.819161458112475,37.56065793244646,37.801927451461324,126940000,QQQ
2007-02-13,37.793312072753906,37.913946832200985,37.65544330666429,37.724376046183764,93648000,QQQ
2007-02-14,38.430946350097656,38.52573172452658,37.9484074068959,37.9484074068959,133370000,QQQ
2007-02-15,38.654991149902344,38.654991149902344,38.38786898811047,38.45680501194729,110452500,QQQ
2007-02-16,38.525733947753906,38.629137973307216,38.40509920499193,38.482650580631805,72342200,QQQ
2007-02-20,38.81871032714844,38.879027706113774,38.284469276147995,38.46542141304402,93629000,QQQ
2007-02-21,38.9393424987793,38.956576504060536,38.62914026486817,38.706688358058145,95864000,QQQ
2007-02-22,39.13752746582031,39.249546853294106,38.83594059998739,39.085828738563414,116344400,QQQ
2007-02-23,38.999656677246094,39.17199342888302,38.8273232126593,39.13752542114561,113467100,QQQ
2007-02-26,38.81007766723633,39.206449777190855,38.56880497187557,39.18921577844729,101623700,QQQ
2007-02-27,37.21599197387695,38.32756097700423,37.10397583834419,38.23277556459087,317813200,QQQ
2007-02-28,37.336612701416016,37.70713224329285,36.991939232212225,37.18150996897929,214978700,QQQ
2007-03-01,37.164276123046875,37.517564951293515,36.39738110224684,36.664499919305385,231806500,QQQ
2007-03-02,36.60420227050781,37.1729115024643,36.59558690827357,36.862705869205925,183359400,QQQ
2007-03-05,36.31983184814453,36.87992216171905,36.242280477089594,36.31983184814453,171885400,QQQ
2007-03-06,36.923011779785156,37.04364982289702,36.621424889631946,36.64727425534492,155551800,QQQ
2007-03-07,36.776519775390625,37.03502323826481,36.75067041521817,36.93162251052511,119979300,QQQ
2007-03-08,37.02642822265625,37.25908245317683,36.91440878861634,37.16429703107011,120900700,QQQ
2007-03-09,36.9919319152832,37.34522067216487,36.750662506793034,37.33660531631129,128597600,QQQ
2007-03-12,37.233219146728516,37.29353652772404,36.905782874767326,36.94024760172853,81310100,QQQ
2007-03-13,36.50940704345703,37.25907155147254,36.50079168353706,37.05226675583533,171231800,QQQ
2007-03-14,37.04363250732422,37.05224786285122,36.276734383460294,36.56109042158664,192586700,QQQ
2007-03-15,36.95746994018555,37.103957309960585,36.81098585746021,36.96608858449274,111627400,QQQ
2007-03-16,36.929019927978516,37.11008600418225,36.73932977817248,37.023861713761164,108328800,QQQ
2007-03-19,37.308406829833984,37.411872716650244,37.03249560557647,37.12734070562522,95913200,QQQ
2007-03-20,37.57569122314453,37.58431200852535,37.256666249002045,37.29977675414757,78755700,QQQ
2007-03-21,38.29996109008789,38.31720595244063,37.37738233350379,37.6274279039368,173333500,QQQ
2007-03-22,38.1619987487793,38.32582326767185,38.01542237831817,38.31719919345613,114856300,QQQ
2007-03-23,38.041290283203125,38.25684610371625,37.99817977692466,38.16200101643115,68530300,QQQ
2007-03-26,38.196502685546875,38.213747551276875,37.618814484640055,38.05854704882869,114237300,QQQ
2007-03-27,37.92919921875,38.14475501422361,37.89470950208532,38.13613094049724,76419200,QQQ
2007-03-28,37.523963928222656,37.963696428667795,37.515339852046885,37.76538543520263,142795000,QQQ
2007-03-29,37.567081451416016,37.80850300344307,37.161835312694635,37.78263734833216,124407000,QQQ
2007-03-30,37.5325927734375,37.82574893304799,37.26530555878698,37.55846171839746,120418700,QQQ
2007-04-02,37.58432388305664,37.730900304685484,37.334278269443224,37.65330005525794,89617700,QQQ
2007-04-03,38.075767517089844,38.20510228263126,37.756745928305996,37.782611565766395,105814500,QQQ
2007-04-04,38.23097610473633,38.26546582148037,38.04991002551075,38.10164131150639,85147200,QQQ
2007-04-05,38.42066955566406,38.43791441551635,38.13613430178241,38.18786888133926,54220200,QQQ
2007-04-09,38.325836181640625,38.58450258021999,38.26548079827616,38.55001284997695,63050200,QQQ
2007-04-10,38.52413558959961,38.52413558959961,38.291334914284114,38.31720055961226,76364500,QQQ
2007-04-11,38.118900299072266,38.50690153345863,37.99818953484576,38.48965666869461,114012300,QQQ
2007-04-12,38.42066955566406,38.472400846100214,37.89471284209182,38.05853407700748,113801300,QQQ
2007-04-13,38.498268127441406,38.55862348977258,38.18786724166934,38.42928869099403,94572000,QQQ
2007-04-16,38.85177993774414,38.92938016002866,38.65346898948828,38.65346898948828,72803200,QQQ
2007-04-17,38.937984466552734,38.97247417055438,38.76553923566372,38.92936368511192,81852300,QQQ
2007-04-18,38.80868148803711,38.99837172619831,38.65348427123109,38.73970531269242,82002500,QQQ
2007-04-19,38.929386138916016,39.01560715953173,38.558629829850446,38.63623006405303,95413000,QQQ
2007-04-20,39.144935607910156,39.37773298350412,38.97249030562674,39.24840147363198,122377400,QQQ
2007-04-23,39.205299377441406,39.31738605220877,39.09320941355276,39.19667530146159,85303300,QQQ
2007-04-24,39.40361022949219,39.51570019299137,39.08458849089435,39.34325485432831,108143700,QQQ
2007-04-25,39.92955780029297,39.93817858512836,39.40360111908038,39.5329326263343,106818100,QQQ
2007-04-26,40.13648986816406,40.22271416285225,39.94680299809111,40.02439992962968,99308300,QQQ
2007-04-27,40.15373229980469,40.26582223156322,39.912310867512765,39.98128700997317,96536500,QQQ
2007-04-30,39.62778854370117,40.11925564175208,39.593298816685326,40.08476920385764,93290500,QQQ
2007-05-01,39.593292236328125,39.7829824142676,39.369115626225806,39.63640603249317,135044400,QQQ
2007-05-02,40.02440643310547,40.1623653270232,39.705384713723376,39.73987443720281,91971600,QQQ
2007-05-03,40.17096710205078,40.28305700575083,40.033011562542846,40.101987687737065,98003600,QQQ
2007-05-04,40.20547103881836,40.42964763644002,40.02440165672011,40.326181767470075,93591800,QQQ
2007-05-07,40.20547103881836,40.334802552750624,40.15373645977305,40.231336683780675,47487900,QQQ
2007-05-08,40.29169464111328,40.32618436269644,39.92093835689657,40.06751802906454,95138900,QQQ
2007-05-09,40.37793731689453,40.49864810823769,40.058912180776325,40.084781128294416,116021000,QQQ
2007-05-10,39.82609176635742,40.33480362861634,39.72262589462769,40.239958542397105,171196300,QQQ
2007-05-11,40.334800720214844,40.334800720214844,39.817468109748475,39.86920268644332,104767900,QQQ
2007-05-14,40.05888748168945,40.42102292155965,39.826086832298685,40.326177847090776,118899200,QQQ
2007-05-15,39.74848937988281,40.265825288654916,39.65364758793915,40.024400548913036,179438500,QQQ
2007-05-16,40.13648986816406,40.14511394219315,39.58466753864177,39.83471305955673,144420500,QQQ
2007-05-17,39.946800231933594,40.15373194661498,39.912310516446595,40.084755804761286,109869100,QQQ
2007-05-18,40.27444076538086,40.27444076538086,39.98990884881103,40.076129844348515,104961700,QQQ
2007-05-21,40.53311538696289,40.73142963794868,40.2399593370058,40.30031799325419,112831400,QQQ
2007-05-22,40.56759262084961,40.76590352167266,40.41239221340204,40.55897183782244,98029100,QQQ
2007-05-23,40.37793731689453,40.84353561362923,40.35206836937644,40.6883350850102,119220600,QQQ
2007-05-24,39.800228118896484,40.55898555762344,39.63640687300628,40.40378509767654,206268600,QQQ
2007-05-25,40.050270080566406,40.145115163047485,39.817469411509386,39.88644556023704,87143200,QQQ
2007-05-29,40.36067581176758,40.40378632103127,40.01578515941604,40.09338539173908,99702400,QQQ
2007-05-30,40.68830871582031,40.6969327891114,39.964041148020726,40.076131076963115,132036500,QQQ
2007-05-31,40.87800979614258,40.972854892999884,40.70556446450394,40.80040956136124,109457700,QQQ
2007-06-01,40.90388107299805,41.188416402721536,40.8435256919879,41.02459512413993,125089800,QQQ
2007-06-04,41.02458572387695,41.076317016248325,40.731429673662824,40.75729531984851,64782700,QQQ
2007-06-05,41.02458572387695,41.02458572387695,40.52449463681486,40.91249577520427,151160400,QQQ
2007-06-06,40.58484649658203,40.85213687751077,40.49000141660343,40.84351280344697,183166500,QQQ
2007-06-07,39.955413818359375,40.70554690490502,39.938168963722504,40.44688066359132,221373300,QQQ
2007-06-08,40.4468994140625,40.46414427669379,39.800231866434686,39.93818747836377,177587800,QQQ
2007-06-11,40.36928939819336,40.688311056793026,40.31755482283108,40.42102397355565,97100400,QQQ
2007-06-12,40.127864837646484,40.558976398113366,40.050264625197634,40.15373047875604,153967700,QQQ
2007-06-13,40.56759262084961,40.60208233119792,40.12786032582803,40.30030558844976,147985300,QQQ
2007-06-14,40.83488845825195,40.946978387464895,40.60208781563442,40.61070859982607,101531900,QQQ
2007-06-15,41.21196746826172,41.30688668381063,41.11705154440428,41.21196746826172,100378400,QQQ
2007-06-18,41.22061538696289,41.306903823251965,41.13432365898097,41.289645477655576,75713200,QQQ
2007-06-19,41.21196746826172,41.298259160438676,40.99624317535653,41.099793205968886,109621300,QQQ
2007-06-20,40.82367706298828,41.35004171047078,40.763274508495336,41.27238410471614,161889500,QQQ
2007-06-21,41.194725036621094,41.23786925007593,40.62521286061677,40.80642053214258,143181300,QQQ
2007-06-22,40.806427001953125,41.16884240246527,40.67699104937421,41.10843983571325,153328700,QQQ
2007-06-25,40.63384246826172,41.056663681841805,40.40085975363914,40.815050149070615,136602600,QQQ
2007-06-26,40.40085220336914,40.83230086277435,40.331822129544165,40.82367333793075,128211900,QQQ
2007-06-27,41.022132873535156,41.0393912121997,40.29729910808196,40.357701647562095,141196200,QQQ
2007-06-28,41.00487518310547,41.28962954634323,40.96173098160782,41.00487518310547,116546300,QQQ
2007-06-29,41.07390213012695,41.31551556522296,40.73737277561577,41.22922387708462,124794700,QQQ
2007-07-02,41.44496536254883,41.46222370733995,41.14295255793584,41.168838429276185,80863100,QQQ
2007-07-03,41.68658447265625,41.69521200035922,41.45360172435842,41.496745946259544,34803300,QQQ
2007-07-05,41.98860168457031,42.08352095764049,41.66933045926528,41.712474685653504,73588500,QQQ
2007-07-06,42.16117477416992,42.20431899328478,41.85053112983431,42.03173882513244,65804300,QQQ
2007-07-09,42.18705368041992,42.264714578678706,42.04036270131577,42.195684497833334,66768800,QQQ
2007-07-10,41.8332633972168,42.19568199818577,41.79011918778273,41.95406850030906,104383100,QQQ
2007-07-11,42.118019104003906,42.118019104003906,41.695197971571986,41.738342178956785,99637600,QQQ
2007-07-12,42.765193939208984,42.86010988288333,42.21293686904858,42.2560843699913,107667100,QQQ
2007-07-13,43.05857849121094,43.11898104154726,42.773820789603604,42.82559581490279,74232200,QQQ
2007-07-16,43.015419006347656,43.21388823551927,42.93775813588217,43.049935680263694,77799500,QQQ
2007-07-17,43.34331512451172,43.403717650074846,43.07581587438161,43.110332543757906,124833700,QQQ
2007-07-18,43.29156494140625,43.29156494140625,42.834230330878015,43.1017297343773,144915900,QQQ
2007-07-19,43.42100524902344,43.71439055307196,43.412377721710094,43.49866616161549,116563800,QQQ
2007-07-20,43.18799591064453,43.455495176300325,42.9204999366797,43.39509264723143,163721300,QQQ
2007-07-23,43.20527648925781,43.412373332462224,43.07584055079348,43.33471242772215,107464100,QQQ
2007-07-24,42.56673049926758,43.23115860334511,42.32511698791066,42.886001616923224,175496200,QQQ
2007-07-25,42.62712478637695,42.86010414347,42.33373959439151,42.782446552233466,170258700,QQQ
2007-07-26,42.26471710205078,42.687538304857675,41.462222202695365,42.3337504787101,318522000,QQQ
2007-07-27,41.410430908203125,42.38550220540044,41.410430908203125,42.187036278757866,246387600,QQQ
2007-07-30,41.89366149902344,42.04898326984231,41.37592445742175,41.60890711365006,166517200,QQQ
2007-07-31,41.013519287109375,42.2733522053131,40.92723084923057,42.25609385939876,260224500,QQQ
2007-08-01,41.33279037475586,41.35867624566771,40.53892298596854,40.89271081909858,301153900,QQQ
2007-08-02,41.712459564208984,41.79012046023184,41.2378666625992,41.358671769369806,177369900,QQQ
2007-08-03,40.91858673095703,41.68656806191581,40.68560736606926,41.63479304100084,166048400,QQQ
2007-08-06,41.39319610595703,41.436340324679755,40.58207031052106,40.961747335343986,190869100,QQQ
2007-08-07,41.68658447265625,41.9540806234591,40.97037788066369,41.31553823925895,167109700,QQQ
2007-08-08,42.14390563964844,42.33374410518802,41.764232000261366,41.859147941339074,164831200,QQQ
2007-08-09,41.16883087158203,42.256083351978454,41.151572529959154,41.583021195454734,242418200,QQQ
2007-08-10,40.79778289794922,41.27237904173445,40.2369016333633,40.72875282629351,247006400,QQQ
2007-08-13,41.07390213012695,41.31551556522296,40.97035539605228,41.14293548063762,116935100,QQQ
2007-08-14,40.37498092651367,41.194734333937205,40.323205883667164,41.1602176387062,153529800,QQQ
2007-08-15,39.60697937011719,40.6338257642716,39.52931849716828,40.28003807454686,214854100,QQQ
2007-08-16,39.218692779541016,39.61562484708707,38.304020227128426,39.28772286917421,362468700,QQQ
2007-08-17,39.960777282714844,40.20238748628024,39.33949014018424,39.960777282714844,223246600,QQQ
2007-08-20,40.150611877441406,40.31456447750171,39.762310710690805,40.116098485784796,144715100,QQQ
2007-08-21,40.573448181152344,40.66836744998569,40.029821736184424,40.10748265689413,115027200,QQQ
2007-08-22,41.12568664550781,41.16020332873857,40.78915721323817,40.8840764462767,115814100,QQQ
2007-08-23,41.013519287109375,41.289646238353036,40.754650681780056,41.237874492302915,118663400,QQQ
2007-08-24,41.59165573120117,41.617541600104126,40.83230509035471,40.884080119853,88189200,QQQ
2007-08-27,41.31552505493164,41.59165193701487,41.281008371748214,41.47084683756497,72490400,QQQ
2007-08-28,40.33182907104492,41.16020984966925,40.30593990867424,41.07391812792134,106024800,QQQ
2007-08-29,41.488094329833984,41.52260771229992,40.59930807458885,40.59930807458885,113201000,QQQ
2007-08-30,41.703826904296875,42.05761465557885,41.20334490450234,41.272378266553396,138930000,QQQ
2007-08-31,42.16979217529297,42.333744776930374,41.945440314752474,42.16116465021885,94687200,QQQ
2007-09-04,42.86874008178711,43.1448669670408,42.20430873549163,42.2215670772815,98480900,QQQ
2007-09-05,42.437286376953125,42.84284913166496,42.169787048486974,42.76518824867103,114049300,QQQ
2007-09-06,42.40277862548828,42.592617110931506,42.11802418901587,42.480439524833926,99222600,QQQ
2007-09-07,41.617557525634766,41.93682876715018,41.37594721223863,41.87642618880115,152438000,QQQ
2007-09-10,41.59165573120117,42.06624864734557,41.25512626869319,41.95407106261211,125199400,QQQ
2007-09-11,42.22157669067383,42.27335172783206,41.79012792276725,41.859158013952005,103064500,QQQ
2007-09-12,42.23019790649414,42.601244054777354,42.09213445306497,42.143909482485554,93993400,QQQ
2007-09-13,42.437286376953125,42.583977327224034,42.23018959173873,42.532205599689235,80807500,QQQ
2007-09-14,42.47181701660156,42.54947792512204,42.04899578316942,42.109398346275036,99801200,QQQ
2007-09-17,42.118019104003906,42.36825682351257,41.928180641480346,42.28196840874296,84882300,QQQ
2007-09-18,43.179386138916016,43.21390282448485,42.13528108815117,42.35963296096396,151452100,QQQ
2007-09-19,43.29156494140625,43.653983594266336,43.127615605405644,43.39511500890493,127025800,QQQ
2007-09-20,43.17076110839844,43.369227139483655,43.07584185620708,43.196650271891464,109970600,QQQ
2007-09-21,43.478111267089844,43.616246514988774,43.175938148095625,43.40904199643833,86829500,QQQ
2007-09-24,43.67667770385742,43.99611482680584,43.45220917531624,43.59034441443479,107226800,QQQ
2007-09-25,44.091087341308594,44.091087341308594,43.47811236905878,43.529911029956175,101102200,QQQ
2007-09-26,44.30690002441406,44.47093451795324,44.13423022977144,44.34143464202307,96124600,QQQ
2007-09-27,44.53139114379883,44.591825104239035,44.341453957613126,44.565922483047636,73423200,QQQ
2007-09-28,44.38460922241211,44.61771299294862,44.18604007567427,44.49684510305628,75546000,QQQ
2007-10-01,44.89400100708008,45.032136263058,44.35872730184117,44.41916127049374,100404100,QQQ
2007-10-02,44.902626037597656,44.945795974269046,44.65225818928398,44.928528658281245,71046000,QQQ
2007-10-03,44.59183883666992,44.95444271097808,44.46233557104281,44.75587345218006,106785000,QQQ
2007-10-04,44.695430755615234,44.74723271044346,44.32419164619013,44.67816343733916,84129300,QQQ
2007-10-05,45.601932525634766,45.671001782029336,44.94579105690339,45.04075634434081,115674700,QQQ
2007-10-08,45.8868522644043,45.89548427738482,45.506977825173,45.584679115615366,63022400,QQQ
2007-10-09,46.08540725708008,46.14584120948351,45.78323420165953,45.99043867661658,93965600,QQQ
2007-10-10,46.197662353515625,46.24946432083002,45.938659103753636,46.09406171229183,91777500,QQQ
2007-10-11,45.46379470825195,46.568876400188685,45.135722345932024,46.439376491954164,239786700,QQQ
2007-10-12,46.214908599853516,46.22354390383699,45.58466643860328,45.67100301142054,131676000,QQQ
2007-10-15,45.860939025878906,46.37031330236917,45.49833528332837,46.28398001892485,121578700,QQQ
2007-10-16,45.64508819580078,45.99905981625611,45.481053691385796,45.576022249405966,193676600,QQQ
2007-10-17,46.232177734375,46.32714632151073,45.48106763501619,46.292611691024355,183985200,QQQ
2007-10-18,46.430755615234375,46.525724220156064,45.86094727910848,46.042252476415456,144491200,QQQ
2007-10-19,45.273860931396484,46.4221126383865,45.230694292101376,46.4221126383865,245111500,QQQ
2007-10-22,45.81778335571289,45.86095000777177,44.91127048885874,45.032138431985366,207052100,QQQ
2007-10-23,46.776092529296875,46.80199185872199,46.050881664757235,46.28398550979541,162360600,QQQ
2007-10-24,46.42212677001953,46.56889404698188,45.412009977320345,46.39622743723899,298293400,QQQ
2007-10-25,45.80049514770508,46.603407024748265,45.54149206007246,46.52570576911818,233833100,QQQ
2007-10-26,46.560264587402344,46.79336847542494,46.1372234661603,46.689767845216444,146690300,QQQ
2007-10-29,46.750186920166016,46.9055894626504,46.482548476242115,46.78471825695974,101896600,QQQ
2007-10-30,46.84516143798828,47.10416792206896,46.53435958521912,46.568890928812856,114616600,QQQ
2007-10-31,47.50992965698242,47.5444642876398,46.655218955336025,47.02645800139372,148431900,QQQ
2007-11-01,46.62070083618164,47.285477891461696,46.59480150071775,47.2077765916652,181974200,QQQ
2007-11-02,46.983299255371094,47.095535185034564,46.27535562531739,46.983299255371094,217882900,QQQ
2007-11-05,46.68111038208008,46.966016096685195,46.266704764529706,46.49980854191487,150588900,QQQ
2007-11-06,47.20774841308594,47.21638042195313,46.43073587892428,46.90557870169132,131884700,QQQ
2007-11-07,46.05950164794922,47.12141998470695,46.02497031553522,46.810614939158654,197908200,QQQ
2007-11-08,44.660888671875,46.04224426298261,43.85797661964594,45.87820641341524,380626400,QQQ
2007-11-09,43.16728973388672,44.13423610177299,43.16728973388672,43.79753176879313,309414900,QQQ
2007-11-12,42.070858001708984,43.37451254823874,42.00179202144616,43.09823874697473,283216000,QQQ
2007-11-13,43.806190490722656,43.84935714485375,42.606136428089,42.64067106875571,255625900,QQQ
2007-11-14,43.2450065612793,44.41052248647874,43.080971986840595,44.36735583987951,263284100,QQQ
2007-11-15,43.011898040771484,43.633508223104165,42.62339167681356,43.167300586354656,251548800,QQQ
2007-11-16,43.4090461730957,43.59035137929839,42.597501925281236,43.30544555055447,263623700,QQQ
2007-11-19,42.90829849243164,43.55580801708583,42.657927352481785,43.305436877135975,198651100,QQQ
2007-11-20,43.080963134765625,43.84070518033516,42.24351653051819,43.13276178267975,300763600,QQQ
2007-11-21,42.57160186767578,43.3140768255431,42.17446011679265,42.69246980748199,212225400,QQQ
2007-11-23,43.029151916503906,43.141387785125744,42.62337836384217,42.84785010108585,46463300,QQQ
2007-11-26,42.28668975830078,43.48674025857907,42.21762378585077,43.141403809521265,150352100,QQQ
2007-11-27,43.13276672363281,43.2104679978082,42.390288613379916,42.6492950562337,211369300,QQQ
2007-11-28,44.445064544677734,44.63500177352398,43.68531892269734,43.71122154970656,216868100,QQQ
2007-11-29,44.6349983215332,44.79903291068408,44.203325230016254,44.27239121208872,172087300,QQQ
2007-11-30,44.29827880859375,45.10982275969809,43.987473761199645,45.07528813367581,171417400,QQQ
2007-12-03,43.92705535888672,44.488228410042936,43.875253401519714,44.10835726956468,108625700,QQQ
2007-12-04,43.74574279785156,43.97884662669423,43.495374946194325,43.59034353869361,113374100,QQQ
2007-12-05,44.53139114379883,44.89399490644008,44.16878408775374,44.203318720406386,137614200,QQQ
2007-12-06,45.17024612426758,45.21341274997904,44.55727147631843,44.5745387852835,99724500,QQQ
2007-12-07,45.17892074584961,45.36022270767108,44.96308413604159,45.144386097863055,88992300,QQQ
2007-12-10,45.36021041870117,45.48971037345873,45.17027319963813,45.291141141440285,75657900,QQQ
2007-12-11,44.30690002441406,45.61918585293465,44.2119314726905,45.42924874948752,167064300,QQQ
2007-12-12,44.70405197143555,45.26522815296186,43.93567460744655,45.109825619413144,162975200,QQQ
2007-12-13,44.46233367919922,44.57456961840683,44.01339321577349,44.31556639157787,153476200,QQQ
2007-12-14,44.00473403930664,44.5486394918906,43.96156411697863,44.10833460740796,128396700,QQQ
2007-12-17,42.934200286865234,44.02201819510494,42.916932970007025,43.840713014795696,134377000,QQQ
2007-12-18,43.072330474853516,43.40040286986046,42.45935561862221,43.374503544313754,154251700,QQQ
2007-12-19,43.063697814941406,43.33996826128653,42.830594008324546,43.07232982552566,137970900,QQQ
2007-12-20,43.944313049316406,43.99611170192937,43.33997018607048,43.70257392797584,167341700,QQQ
2007-12-21,44.81114959716797,44.854364530602396,44.491379530139795,44.66422937336787,107573500,QQQ
2007-12-24,45.148216247558594,45.28649548719184,44.89758409546172,44.94943674980098,34499800,QQQ
2007-12-26,45.3729133605957,45.48526625965051,44.94079037620907,45.053143275263885,58492100,QQQ
2007-12-27,44.82844161987305,45.37291755363099,44.69016238396404,45.22599730784387,65778900,QQQ
2007-12-28,44.785213470458984,45.0790571505692,44.44815816321053,44.97534858607025,67545400,QQQ
2007-12-31,44.266685485839844,44.66423789331411,44.25804117876939,44.56917029656218,70135600,QQQ
2008-01-02,43.56664276123047,44.48274475084303,43.324654924925525,44.309894883409356,152344100,QQQ
2008-01-03,43.74813461303711,43.86912853388496,43.341941206881756,43.566643731765325,114103700,QQQ
2008-01-04,41.82950210571289,43.065373983620525,41.66529327777218,43.048088670319586,212617600,QQQ
2008-01-07,41.63071060180664,42.00233648812445,40.99117067895887,41.82948999881562,235083600,QQQ
2008-01-08,40.55040740966797,42.14061965888058,40.55040740966797,41.71714110429546,261669800,QQQ
2008-01-09,41.41466522216797,41.44923585214388,40.15286689957764,40.7146280977577,254011800,QQQ
2008-01-10,41.47515869140625,41.83814035629173,40.87018595309425,40.99117984138941,249958500,QQQ
2008-01-11,40.66275405883789,41.28501193416753,40.36026942323891,41.25044131957471,211685200,QQQ
2008-01-14,41.371456146240234,41.492450061815255,40.88748048394015,41.215891598547515,168048500,QQQ
2008-01-15,40.230648040771484,41.0689676615838,40.057798192574346,40.93932945122678,241094900,QQQ
2008-01-16,39.79853820800781,40.54179049285131,39.28863280074339,39.919532152640436,265625900,QQQ
2008-01-17,39.24539566040039,40.256564806531166,39.063904861322115,39.962721147474895,254098800,QQQ
2008-01-18,39.19354248046875,39.87629739742865,38.87377248394209,39.44417453304934,273063300,QQQ
2008-01-22,38.18239974975586,38.69230517127956,36.92924202260394,37.01566862607107,325732000,QQQ
2008-01-23,38.03547668457031,38.156473931053974,35.96128762598979,36.76503691645158,390129000,QQQ
2008-01-24,38.81328582763672,38.83057114241077,38.078678082341476,38.19102768311775,250249100,QQQ
2008-01-25,38.01817321777344,39.64295290639003,37.974958291412655,39.64295290639003,199299100,QQQ
2008-01-28,38.312034606933594,38.407098917055215,37.65520566621816,38.04411710521578,163711200,QQQ
2008-01-29,38.381160736083984,38.614507527433894,38.06139067245773,38.51079894133499,138520000,QQQ
2008-01-30,38.346588134765625,39.16762236647875,38.182382607157535,38.24287955400453,220824400,QQQ
2008-01-31,39.00341796875,39.400970287214385,37.87125466511993,37.91446630028581,246824100,QQQ
2008-02-01,39.40095901489258,39.651591042721726,38.78734539931266,39.323176775112344,161920300,QQQ
2008-02-04,38.84785842895508,39.41826065810336,38.839214122710956,39.39233433304471,100209900,QQQ
2008-02-05,37.74163055419922,38.545379796355064,37.71570422278699,38.17375366087063,188990400,QQQ
2008-02-06,36.99836730957031,38.17373893702486,36.963796683129665,37.95767746702539,178285000,QQQ
2008-02-07,37.25763702392578,37.84532443259435,36.42796184586524,36.58352635385611,286254800,QQQ
2008-02-08,37.68111801147461,37.82804152138306,37.110715878257736,37.335421647097405,173781300,QQQ
2008-02-11,38.08732986450195,38.2169681135578,37.62928043235652,37.82805666322789,119562300,QQQ
2008-02-12,37.871253967285156,38.61450594705391,37.60333655925519,38.32066221776943,145412400,QQQ
2008-02-13,38.700931549072266,38.787358119858574,38.16509999754342,38.36387616509708,148685900,QQQ
2008-02-14,38.000911712646484,38.76144609986779,37.93177042462378,38.76144609986779,170868900,QQQ
2008-02-15,37.871253967285156,38.009533175369825,37.55148391674617,37.79347170668525,100053300,QQQ
2008-02-19,37.80210876464844,38.458934052922075,37.395912226405414,38.37251080075093,110507600,QQQ
2008-02-20,37.97496032714844,38.10459851950834,37.36999088769871,37.38727290296626,137338800,QQQ
2008-02-21,37.61198806762695,38.433022465238984,37.45642351663364,38.33795487331674,127857000,QQQ
2008-02-22,37.750267028808594,37.75890803854031,36.81687972960829,37.741622722239896,157364700,QQQ
2008-02-25,37.94038772583008,38.08730791303472,37.456408944710134,37.70704099012059,121444300,QQQ
2008-02-26,38.08732986450195,38.441670675505286,37.4823568636374,37.72434804208579,148375900,QQQ
2008-02-27,38.27744674682617,38.42436694832431,37.74161198447331,37.82803854138638,125682600,QQQ
2008-02-28,38.13053894042969,38.48487972750572,37.983618678469156,38.13053894042969,129196700,QQQ
2008-02-29,37.1193733215332,37.82805491070765,37.03294672722079,37.72434629437022,188724500,QQQ
2008-03-03,36.877384185791016,37.15394600598846,36.50576134870688,37.09344573821821,132963800,QQQ
2008-03-04,37.08481979370117,37.19717276972508,36.31564088204925,36.64405549828275,183851000,QQQ
2008-03-05,37.26629638671875,37.629281516429884,36.94652620582964,37.153946750927105,183208300,QQQ
2008-03-06,36.445247650146484,37.395920108587234,36.384750701508196,37.24035558442122,152752200,QQQ
2008-03-07,36.35881042480469,36.85143012997811,35.76248217560401,36.22917227214424,242552400,QQQ
2008-03-10,35.65879821777344,36.41933582794996,35.58101592472313,36.306982894246694,146801900,QQQ
2008-03-11,37.015655517578125,37.032937535313586,35.87484783367525,36.17733589343224,196755300,QQQ
2008-03-12,36.91195297241211,37.54285227820736,36.816885366622586,37.16258515188676,155566100,QQQ
2008-03-13,37.197147369384766,37.4477794921233,36.13412522106658,36.497106946271295,208967900,QQQ
2008-03-14,36.51439666748047,37.49099565531091,36.07363261985413,37.447784010929844,309589800,QQQ
2008-03-17,35.84892654418945,36.30697590574206,35.47730047079643,35.68472097795139,193130600,QQQ
2008-03-18,37.44777297973633,37.456413987332255,36.39339202387981,36.50574490364391,216300400,QQQ
2008-03-19,36.523014068603516,37.68110319233074,36.49708775810145,37.603320963989546,216157200,QQQ
2008-03-20,37.26945877075195,37.278106531968916,36.413185236105015,36.62941556007099,128397000,QQQ
2008-03-24,38.558197021484375,38.71387983570561,37.433796578699045,37.433796578699045,125018000,QQQ
2008-03-25,38.77444076538086,38.982020122339605,38.29873119857043,38.66200002236981,118107500,QQQ
2008-03-26,38.66199493408203,38.79173119025312,38.29872615809228,38.63604504331665,124824600,QQQ
2008-03-27,37.80572509765625,38.49766176816947,37.80572509765625,38.437117515712956,143868600,QQQ
2008-03-28,37.61542892456055,38.35061071244992,37.477041648037385,38.0738361594036,111822300,QQQ
2008-03-31,37.81436538696289,38.07384115204236,37.58083620856735,37.753821151758125,113644800,QQQ
2008-04-01,39.43177032470703,39.44906915020136,38.41116271643672,38.41981047947709,137494400,QQQ
2008-04-02,39.34526824951172,39.80367544612478,39.068490420135035,39.52690091616075,132486800,QQQ
2008-04-03,39.43177032470703,39.70854493378912,39.04255499961859,39.17229454111927,140033800,QQQ
2008-04-04,39.66529083251953,40.08910041636294,39.26742783152816,39.587447784550534,139261000,QQQ
2008-04-07,39.578800201416016,40.1410004083,39.483661622795296,39.90747124387495,102297100,QQQ
2008-04-08,39.27607345581055,39.54420022854107,39.07714196613798,39.27607345581055,97435200,QQQ
2008-04-09,38.83496856689453,39.3452722773968,38.601439414690475,39.32797345507654,127182300,QQQ
2008-04-10,39.38853073120117,39.6480065531322,38.86092802360677,38.86092802360677,112773800,QQQ
2008-04-11,38.29872512817383,39.00796053429454,38.1603378123311,38.93876852608011,120135400,QQQ
2008-04-14,38.12574005126953,38.47170666025615,38.01329933612743,38.23817746699806,89274600,QQQ
2008-04-15,38.17763137817383,38.359264086547434,37.7797683123802,38.26412550078989,124232300,QQQ
2008-04-16,39.24148941040039,39.33663130786283,38.61874814417923,38.65334249828152,134027900,QQQ
2008-04-17,39.154991149902344,39.32797608526089,38.9041631586031,39.28472737686135,124953100,QQQ
2008-04-18,40.400482177734375,40.59076596215541,39.976672493504914,40.192902866923845,133022500,QQQ
2008-04-21,40.68590545654297,40.720503106110264,40.21019932293978,40.322636734913296,83303200,QQQ
2008-04-22,40.0804557800293,40.45237222716454,39.72583815594839,40.43507340411021,104689600,QQQ
2008-04-23,40.52156066894531,40.703196645391905,40.0199080419836,40.37452563498833,131086200,QQQ
2008-04-24,40.88483428955078,41.33459380595177,40.12370254645578,40.53886441557671,166509000,QQQ
2008-04-25,40.781044006347656,40.95402564120345,40.279388026908904,40.92807905585772,121945400,QQQ
2008-04-28,40.858882904052734,41.18755061636452,40.76374103491564,40.87617842624779,71244000,QQQ
2008-04-29,41.17026901245117,41.30865634377617,40.70321383136319,40.781056911446896,91270600,QQQ
2008-04-30,40.832923889160156,41.56810879570567,40.67723782892285,41.25673667523106,132152700,QQQ
2008-05-01,42.121681213378906,42.13898004074739,40.841597682836834,40.85024544681409,143596900,QQQ
2008-05-02,42.182228088378906,42.54549358751491,41.81031152531253,42.5195469945521,124990000,QQQ
2008-05-05,42.06112289428711,42.40708942765977,41.86219139522994,42.182211345938185,75624700,QQQ
2008-05-06,42.32060241699219,42.49358734890849,41.63731375060001,41.94003820630683,139582600,QQQ
2008-05-07,41.550811767578125,42.58006672177776,41.40377346017117,42.329238802879715,140008300,QQQ
2008-05-08,41.86220169067383,42.12167747937111,41.5681282503066,41.7238143834077,128058700,QQQ
2008-05-09,41.697845458984375,41.91407573408728,41.42972202948056,41.55081045563224,97062000,QQQ
2008-05-12,42.458980560302734,42.54547135793097,41.689201243409165,41.75839322162927,89606500,QQQ
2008-05-13,42.57143783569336,42.66657972982846,42.17357143299985,42.476295941558256,85448100,QQQ
2008-05-14,42.476280212402344,43.18551532497728,42.415735992993206,42.735755909786164,143598200,QQQ
2008-05-15,43.220115661621094,43.263361063981705,42.36384217746504,42.48493062383984,157248900,QQQ
2008-05-16,43.25471496582031,43.34120907987641,42.77036112475853,43.306611434253966,146563200,QQQ
2008-05-19,42.943355560302734,43.65259095550855,42.675228696490265,43.28932219487831,140048700,QQQ
2008-05-20,42.61467361450195,42.78765853750033,42.286002590746335,42.78765853750033,137163700,QQQ
2008-05-21,41.671905517578125,42.90009209202001,41.5335182514521,42.66656626120515,192806700,QQQ
2008-05-22,41.81892776489258,42.11300102797108,41.61134857884403,41.77568237608344,153198200,QQQ
2008-05-23,41.689212799072266,41.818949031475675,41.3605417380396,41.67191397486914,121698400,QQQ
2008-05-27,42.424373626708984,42.47627007356337,41.76703513027869,41.7756828883819,106984300,QQQ
2008-05-28,42.59737777709961,42.69251965638605,42.164917089007226,42.62332436257292,121363000,QQQ
2008-05-29,42.97794723510742,43.22012749356903,42.59738297097291,42.62332955960988,143993000,QQQ
2008-05-30,43.25471496582031,43.45364977844279,43.02983686810064,43.14227756666702,94153600,QQQ
2008-06-02,42.72709655761719,43.176852551375525,42.34652922525175,43.176852551375525,144359900,QQQ
2008-06-03,42.49357986450195,43.15956959046022,42.0957136013468,42.891442828244536,167606900,QQQ
2008-06-04,43.03847885131836,43.3325522007997,42.32924370834795,42.363841349325206,174870800,QQQ
2008-06-05,43.721763610839844,43.77366006779235,42.98658195078057,43.15091578201165,126653700,QQQ
2008-06-06,42.40709686279297,43.42770441909673,42.39844910019292,43.341213595442554,189136000,QQQ
2008-06-09,42.182228088378906,42.54549358751491,41.47299261913933,42.49360040158929,208897300,QQQ
2008-06-10,41.983272552490234,42.32923902575289,41.65460159839027,41.749743450846495,162798500,QQQ
2008-06-11,40.9713134765625,41.965974107293384,40.95401465783362,41.89677883237785,170366900,QQQ
2008-06-12,41.01456069946289,41.6113584242331,40.65129538822229,41.26538863307899,189913200,QQQ
2008-06-13,41.83625030517578,41.9227444312556,41.04917190462388,41.26540227070313,167855000,QQQ
2008-06-16,42.20817565917969,42.39845947708638,41.576783253615226,41.6200286760265,136343900,QQQ
2008-06-17,41.983272552490234,42.433031937202735,41.92272833718396,42.33789008474652,122932000,QQQ
2008-06-18,41.53352737426758,41.90544385231239,41.36919349071354,41.74110666934495,169338100,QQQ
2008-06-19,42.182228088378906,42.38980743090972,41.17891913437555,41.45569379069274,221304200,QQQ
2008-06-20,41.04316711425781,41.84810510277586,40.86140777535727,41.83079751958755,197434200,QQQ
2008-06-23,40.72293472290039,41.320148853307764,40.66234826064378,41.207629722667825,131488800,QQQ
2008-06-24,40.51520538330078,40.9998970183136,40.16899424253665,40.5325162705104,178293800,QQQ
2008-06-25,41.17301940917969,41.54519538194687,40.6277377953113,40.688324274439395,179023400,QQQ
2008-06-26,39.51121520996094,40.420015745318544,39.50255811151731,40.41135864687491,190028300,QQQ
2008-06-27,39.51121520996094,39.72759644703254,38.92265798098893,39.46793632117409,181351800,QQQ
2008-06-30,39.095767974853516,39.667017722083344,39.078460378012885,39.39004664688875,132912400,QQQ
2008-07-01,39.649696350097656,39.69297193420063,38.67165230113638,38.784171461176456,245494300,QQQ
2008-07-02,38.69760513305664,39.92665181559709,38.637018673535046,39.770857119194574,199576400,QQQ
2008-07-03,38.62836837768555,39.01785515395819,38.325432750933615,38.93130070272276,123118300,QQQ
2008-07-07,38.8620719909668,39.346763855048195,38.29082564993108,38.98324495698714,181011300,QQQ
2008-07-08,39.78817367553711,39.82279215611327,38.74954331880984,38.905338037404675,206151200,QQQ
2008-07-09,38.73221969604492,39.84008995147276,38.714908810589634,39.779503503236164,168500300,QQQ
2008-07-10,39.190956115722656,39.312129041602866,38.41198589147217,38.79281555876921,238811500,QQQ
2008-07-11,38.567787170410156,39.182309000239826,37.95326203886532,38.784168375424706,265514700,QQQ
2008-07-14,38.28215789794922,39.104407040757636,38.14367407507626,39.0697852596107,177389800,QQQ
2008-07-15,38.29081726074219,38.88802816316257,37.47722186420183,38.091743658220416,283891100,QQQ
2008-07-16,39.24287796020508,39.27749972996805,38.01383154732909,38.39466441129441,186047800,QQQ
2008-07-17,39.50255584716797,39.65835059306637,38.93130954611231,39.476591156756726,197555100,QQQ
2008-07-18,38.593746185302734,39.095748790251776,38.593746185302734,39.06978410601561,160661000,QQQ
2008-07-21,38.75819396972656,39.113058955138385,38.507194322763034,38.94861045516716,128107800,QQQ
2008-07-22,38.75819396972656,38.78416195519595,37.961912851910604,38.10905046214044,152524500,QQQ
2008-07-23,39.26886749267578,39.71894087933619,38.70627823563711,38.818794106015375,169259100,QQQ
2008-07-24,38.6802978515625,39.47658229651336,38.64567937268921,39.4506176119297,145561000,QQQ
2008-07-25,39.18231201171875,39.36407144548902,38.740892470601906,38.93130900219862,111616700,QQQ
2008-07-28,38.44661331176758,39.39869265403611,38.264853880669946,39.17365433787349,124028500,QQQ
2008-07-29,39.24287796020508,39.41598350730625,38.576423749979476,38.61104551974245,142290900,QQQ
2008-07-30,39.44195556640625,39.65833671535591,38.84474478392235,39.35540442751211,165679900,QQQ
2008-07-31,39.34674072265625,39.943954706527286,38.965911153098325,39.05246227745257,180473100,QQQ
2008-08-01,38.8447380065918,39.42463779977756,38.42928666929892,39.39001602957472,180350400,QQQ
2008-08-04,38.45527648925781,38.87938189553682,38.34275731338718,38.83610630534531,116298000,QQQ
2008-08-05,39.7535400390625,39.78816181102962,38.810118214098914,38.85339377820086,151657400,QQQ
2008-08-06,40.35942077636719,40.51521549843575,39.45062043211054,39.77086367115594,133463700,QQQ
2008-08-07,40.047855377197266,40.54985832615652,39.88340676148452,40.11709568318061,152805800,QQQ
2008-08-08,40.95661926269531,41.060481278689196,39.94395717789853,40.02185451532243,143121500,QQQ
2008-08-11,41.32881164550781,41.78753876010278,40.80084095799232,40.93932480211809,157290100,QQQ
2008-08-12,41.372066497802734,41.68365581638931,41.12106362430648,41.32013714584739,140549300,QQQ
2008-08-13,41.28553771972656,41.64905658699836,40.89605086071005,41.30284861365123,169652100,QQQ
2008-08-14,41.761566162109375,41.94332555403036,41.103768852517646,41.147044426539594,158069200,QQQ
2008-08-15,41.68367004394531,42.03853504418913,41.51056444101094,41.83081096203969,123115900,QQQ
2008-08-18,41.19898223876953,41.813507402006245,40.90470365270481,41.80485030439871,151399100,QQQ
2008-08-19,40.68832778930664,41.19033386169447,40.463292747636224,40.99126351283178,155410600,QQQ
2008-08-20,40.7575569152832,41.164354567459625,40.4546246009271,40.9739380831703,155466700,QQQ
2008-08-21,40.56715774536133,40.7489205132673,40.14305232425141,40.454641867271924,118916200,QQQ
2008-08-22,41.10376739501953,41.26821589115762,40.74890241787925,40.78352089484048,96515500,QQQ
2008-08-25,40.23825454711914,40.86143023759343,40.134389180610505,40.818154652405916,128076500,QQQ
2008-08-26,40.18632888793945,40.48060754105252,39.91801493013409,40.26422627557868,107225500,QQQ
2008-08-27,40.445980072021484,40.75756957886568,40.0651502868317,40.203634145238496,108489900,QQQ
2008-08-28,40.77487564086914,40.92201327848568,40.532529742811214,40.61042380857392,112808600,QQQ
2008-08-29,39.917999267578125,40.78352398986907,39.74489366277698,40.342107834255195,133184300,QQQ
2008-09-02,39.42465591430664,40.74891116845685,39.24289648979895,40.567148442233915,162277500,QQQ
2008-09-03,39.05247497558594,39.50254823234212,38.7668535309745,39.338099721912194,161682900,QQQ
2008-09-04,37.788814544677734,38.87072059932576,37.788814544677734,38.82744501748289,219004700,QQQ
2008-09-05,37.60704040527344,37.89266177505254,37.053105250308185,37.45989952252169,247977500,QQQ
2008-09-08,37.53779602050781,38.27349381438465,36.94058531398897,38.10038825690105,311065100,QQQ
2008-09-09,36.74151611328125,37.90131908885835,36.65496168124476,37.52048619132576,214180600,QQQ
2008-09-10,37.04446792602539,37.37336833795486,36.74153550827175,37.09640061266133,160658100,QQQ
2008-09-11,37.73688888549805,37.81478626799229,36.499187864598305,36.52515585990697,203398200,QQQ
2008-09-12,37.58973693847656,37.8320827911799,37.13100991679821,37.41663134295363,172094300,QQQ
2008-09-15,36.42127227783203,37.46855612274344,36.377993411778135,36.69823985166457,616772300,QQQ
2008-09-16,36.70690155029297,37.07907742686625,35.85868776001642,35.9019633336777,349506500,QQQ
2008-09-17,34.80276107788086,36.715570624522655,34.78545018086902,36.239532512703185,340088000,QQQ
2008-09-18,35.97985076904297,36.3260618663287,34.18821543927382,35.573053224989295,423934000,QQQ
2008-09-19,37.15604019165039,37.96152101888331,36.46315104276248,37.90955334153462,263394000,QQQ
2008-09-22,35.40650177001953,37.10407293539174,35.337211532768244,37.017463442768,164698200,QQQ
2008-09-23,35.13800811767578,36.16001602041225,35.02541313071249,35.68365718871587,184011200,QQQ
2008-09-24,35.380496978759766,35.73560099110987,35.094683165862634,35.34585518297184,159270800,QQQ
2008-09-25,35.9434814453125,36.39385799483497,35.53640963433377,35.709631892448535,148586800,QQQ
2008-09-26,35.579715728759766,35.9348198516795,34.83486237240628,34.91281221909303,182678600,QQQ
2008-09-29,32.7562141418457,34.97345247774171,32.201905383856904,34.8695171076632,307954400,QQQ
2008-09-30,33.700279235839844,34.03806099848443,32.56567599111182,32.66961138264976,195436700,QQQ
2008-10-01,33.34516525268555,33.7522371584858,32.938093346885296,33.639642168892856,174033300,QQQ
2008-10-02,31.829463958740234,33.12862575297453,31.734191565199435,33.12862575297453,192124000,QQQ
2008-10-03,31.33579444885254,33.068010821684894,31.26650420804779,32.27118957213293,272116100,QQQ
2008-10-06,30.192522048950195,30.772812758487095,28.50361097609622,30.53896322803598,394046600,QQQ
2008-10-07,28.278430938720703,30.48700594481532,27.949308933846694,30.435038269117246,329365700,QQQ
2008-10-08,28.053245544433594,29.55161241274616,27.576886670174346,27.672159105814345,452066500,QQQ
2008-10-09,27.299726486206055,29.170519766289054,26.823366061351663,28.711483551101946,352433900,QQQ
2008-10-10,27.12650489807129,28.13119014229837,25.446254754324595,26.433619092387122,472339100,QQQ
2008-10-13,30.42638397216797,30.530316037831632,28.06190882868965,28.460317833684357,276998700,QQQ
2008-10-14,29.109905242919922,31.30982147693386,28.746137979496893,31.30982147693386,341595900,QQQ
2008-10-15,26.502910614013672,28.88470645485237,26.450944585813147,28.78077439845132,312088500,QQQ
2008-10-16,27.940641403198242,27.94930433302533,25.333657891049356,26.684785849353766,494783500,QQQ
2008-10-17,27.975296020507812,29.144544148994566,27.204460200954024,27.42964854585106,326571300,QQQ
2008-10-20,28.75478172302246,28.806746080300528,27.455619928041983,28.37369214864037,232783400,QQQ
2008-10-21,27.265079498291016,28.806750684126825,27.265079498291016,28.287087204658974,239932400,QQQ
2008-10-22,26.51157569885254,27.369022721083894,25.73207690412359,27.169818207751156,289993600,QQQ
2008-10-23,26.407634735107422,26.92729990512118,25.030522777957472,26.407634735107422,377966900,QQQ
2008-10-24,25.558855056762695,26.19977497358248,24.328981256386786,24.450235884658785,322129500,QQQ
2008-10-27,24.848634719848633,26.156457773732207,24.822650889596908,25.26436609205848,239302300,QQQ
2008-10-28,27.594207763671875,27.611528672163807,24.98722188503762,25.70609162451701,327239500,QQQ
2008-10-29,27.524921417236328,28.65086315949741,27.065883439394838,27.637514765477224,341316000,QQQ
2008-10-30,28.4429931640625,28.63353802360786,27.69813959013852,28.29575305333912,255292100,QQQ
2008-10-31,28.486297607421875,28.953996819141338,27.793411721878513,28.03592095583356,224261000,QQQ
2008-11-03,28.425674438476562,28.8327464009879,28.15717967325447,28.41701480912017,128455500,QQQ
2008-11-04,29.231155395507812,29.45634210185769,28.564251601863308,28.97998319323761,182487600,QQQ
2008-11-05,27.706796646118164,29.1012294996279,27.646169346222525,29.040602199732266,183893900,QQQ
2008-11-06,26.46826171875,27.602864461097244,26.329684562000264,27.273742474839107,220677200,QQQ
2008-11-07,27.013916015625,27.265086541992897,26.49425074993616,26.780066398269472,176946200,QQQ
2008-11-10,26.650146484375,27.689475207378276,26.32968576230102,27.689475207378276,142584500,QQQ
2008-11-11,26.069866180419922,26.641497658262818,25.740744025315916,26.39898668355307,162869800,QQQ
2008-11-12,24.865966796875,25.810024911369958,24.814000764986115,25.680109005662562,184946400,QQQ
2008-11-13,26.38166046142578,26.44228943568013,23.62743720072583,24.779361280028304,317943900,QQQ
2008-11-14,25.099811553955078,26.347007641372674,25.004540789284114,25.792699003395988,259407000,QQQ
2008-11-17,24.571495056152344,25.316347127143853,24.476222607316554,24.675427134909015,202835200,QQQ
2008-11-18,24.545501708984375,24.900605869222648,23.72269841947425,24.736044880926627,252661800,QQQ
2008-11-19,23.2636661529541,24.9265939181655,23.20303884490513,24.59747188594217,244180600,QQQ
2008-11-20,22.13772201538086,23.77466740645494,22.05977215618828,22.977847908463076,342472400,QQQ
2008-11-21,23.09910011291504,23.107761391034003,21.696004445070606,22.52746897282246,282746800,QQQ
2008-11-24,24.510860443115234,24.80533735178618,23.367597928025795,23.575463689681126,225058200,QQQ
2008-11-25,24.398273468017578,24.805343817536443,23.835303343627892,24.779361623038408,202968700,QQQ
2008-11-26,25.420278549194336,25.428939830299207,24.08647099451249,24.147098310276128,164912000,QQQ
2008-11-28,25.2210693359375,25.28169664039408,24.969897186651497,25.13445819301232,41238200,QQQ
2008-12-01,23.32429313659668,24.692743970562603,23.28964801706756,24.684082690680324,149161500,QQQ
2008-12-02,24.103796005249023,24.155762045186638,23.246348912410596,23.644757971883337,181743000,QQQ
2008-12-03,24.788013458251953,24.865961664009923,23.44554497113538,23.497510992297368,230944900,QQQ
2008-12-04,24.086475372314453,24.926601620507785,23.66208243286362,24.39827494087864,188868700,QQQ
2008-12-05,25.06517219543457,25.177765536476226,23.341617046454804,23.817975903741505,212283700,QQQ
2008-12-08,26.052534103393555,26.381654486380345,25.498225394375687,25.62814129155547,185782500,QQQ
2008-12-09,25.991905212402344,26.70211361558515,25.610817172168826,25.706089595219744,178148300,QQQ
2008-12-10,25.90529441833496,26.381653236074836,25.65412391595381,26.06985542801445,162335100,QQQ
2008-12-11,25.195091247558594,26.21709933298674,25.06517532950615,25.818688645392648,167161400,QQQ
2008-12-12,25.706083297729492,25.86198298744946,24.65809185681737,24.848636656239442,158600100,QQQ
2008-12-15,25.255712509155273,25.775377708712117,24.891947034662497,25.74939387054473,107887000,QQQ
2008-12-16,26.46826171875,26.55487285471109,25.203744750416146,25.48089906391562,169300100,QQQ
2008-12-17,26.14780616760254,26.502910385861313,25.827345417189136,26.199772195355713,159813500,QQQ
2008-12-18,25.68877410888672,26.32969410412202,25.42894225880803,26.14781213946106,142656400,QQQ
2008-12-19,25.899538040161133,26.34189470655172,25.72606425376021,25.960253369090868,118308900,QQQ
2008-12-22,25.335752487182617,25.951583023240406,24.9280911846999,25.89954154203107,95379600,QQQ
2008-12-23,25.20564842224121,25.691374437057153,25.058196177452245,25.439837573559373,68764800,QQQ
2008-12-24,25.27503204345703,25.3357473683291,25.136253685358444,25.327075168520395,27194700,QQQ
2008-12-26,25.2663516998291,25.353088564955215,25.127573377374564,25.32706866347505,20937000,QQQ
2008-12-29,25.05818748474121,25.361765725097346,24.685220074106667,25.335744165854827,52688300,QQQ
2008-12-30,25.578615188598633,25.665352092504353,25.10156469867043,25.127584611783956,77089500,QQQ
2008-12-31,25.795455932617188,26.090360405403413,25.54392073781058,25.55259293903771,89189700,QQQ
2009-01-02,26.914356231689453,27.001091471636734,25.752086149214392,25.80412762405649,107891500,QQQ
2009-01-05,26.905683517456055,27.174566412302646,26.532716014144057,26.740883576706135,91751900,QQQ
2009-01-06,27.17456817626953,27.434777232770745,26.983748311793228,27.105178984244617,136791700,QQQ
2009-01-07,26.40261459350586,26.801602054991232,26.185773150254523,26.654149807405567,133879800,QQQ
2009-01-08,26.680160522460938,26.71485427899561,26.090351772057307,26.350560736356204,131926600,QQQ
2009-01-09,26.081684112548828,26.706188422146834,25.951579599505457,26.68884071257608,117137900,QQQ
2009-01-12,25.60463523864746,26.151074888442267,25.327078486093356,26.116381121557374,102726200,QQQ
2009-01-13,25.61330223083496,26.00361568914077,25.309723993684912,25.59595452485649,186266700,QQQ
2009-01-14,24.83266830444336,25.3964570841389,24.69388998603561,25.318394073238533,136294000,QQQ
2009-01-15,25.24034309387207,25.448510670712743,24.346955795691443,24.78063866103506,192567200,QQQ
2009-01-16,25.517892837524414,25.674018890763225,24.893390278937556,25.58728201070073,175478100,QQQ
2009-01-20,24.251541137695312,25.52656961565195,24.251541137695312,25.41381116234099,135105800,QQQ
2009-01-21,25.28371238708496,25.318407812698982,24.372978971513273,24.65920961535314,149179600,QQQ
2009-01-22,24.945436477661133,25.353097740613933,24.51175364944248,24.737268918640424,200602700,QQQ
2009-01-23,25.06686782836914,25.457183046229417,24.40766971285442,24.53777588838701,170164100,QQQ
2009-01-26,25.249021530151367,25.66535675936047,24.93676928105997,25.101569263010337,140398700,QQQ
2009-01-27,25.431161880493164,25.64800330396854,25.257689734334125,25.257689734334125,110591300,QQQ
2009-01-28,26.324542999267578,26.584751984983754,25.856164839736397,25.856164839736397,139722800,QQQ
2009-01-29,25.656675338745117,26.36791489257332,25.569938444636364,26.003621260811478,130731800,QQQ
2009-01-30,25.20564842224121,25.96025735836566,25.101565457901287,25.847498883567038,140334200,QQQ
2009-02-02,25.509220123291016,25.682693891163122,24.928085151598456,24.962780566920262,126796100,QQQ
2009-02-03,25.90821647644043,26.393940848140804,25.179629091705404,25.561268842285518,120541100,QQQ
2009-02-04,25.942907333374023,26.7755792457051,25.838824378313102,25.968928899323625,175780900,QQQ
2009-02-05,26.515365600585938,26.6888393788874,25.552589274313082,25.569936983016937,217578900,QQQ
2009-02-06,27.209257125854492,27.330687769415167,26.52403757006282,26.610774453049775,164513200,QQQ
2009-02-09,27.322019577026367,27.469471812346974,27.053136672983655,27.22660882053398,98856900,QQQ
2009-02-10,26.315881729125977,27.478152175901364,26.10771411014117,27.148552205065204,232795200,QQQ
2009-02-11,26.19443702697754,26.48066755684671,25.786774210179903,26.350561416968485,169117200,QQQ
2009-02-12,26.515365600585938,26.550061017993652,25.708715343910686,25.890862976564076,201151400,QQQ
2009-02-13,26.393938064575195,26.697516385260208,26.272507398048695,26.437305687086447,145066700,QQQ
2009-02-17,25.344425201416016,25.734740428825575,25.205646821530124,25.57861433786175,157783300,QQQ
2009-02-18,25.361766815185547,25.73473424185081,25.04084250924222,25.509219015160923,161271900,QQQ
2009-02-19,24.97145652770996,25.682696058132993,24.910739545773826,25.517896130186394,155322400,QQQ
2009-02-20,25.040847778320312,25.283709108651838,24.62451099678147,24.693900184643155,210752400,QQQ
2009-02-23,24.164810180664062,25.196974225879085,24.052051707388184,25.179628168302607,169473500,QQQ
2009-02-24,24.962778091430664,25.136250187731566,24.251537037181603,24.29490630203305,181337300,QQQ
2009-02-25,24.797977447509766,25.301049324070014,24.407662347433607,24.815325152928317,220224700,QQQ
2009-02-26,24.10409164428711,25.110235642424144,24.02602860526194,24.96278341919534,211218500,QQQ
2009-02-27,23.878576278686523,24.26888981775445,23.757143966079234,23.852554714334538,204492600,QQQ
2009-03-02,23.106609344482422,23.861217827294528,22.959157188271686,23.52294591484491,188180400,QQQ
2009-03-03,23.089269638061523,23.55764613359296,22.91579588157234,23.297437153227534,158758800,QQQ
2009-03-04,23.705095291137695,24.03469340096832,23.349475624859334,23.427538639834403,164911000,QQQ
2009-03-05,22.99385643005371,23.627032760618196,22.915793413478017,23.44488682485369,199626900,QQQ
2009-03-06,22.81171989440918,23.254076651246763,22.299973939697207,23.115298255497986,218421600,QQQ
2009-03-09,22.32598876953125,23.254069631321002,22.23057803086814,22.629567038976017,181098800,QQQ
2009-03-10,23.705095291137695,23.75713674966503,22.690277750829946,22.768340765805014,175068200,QQQ
2009-03-11,24.069400787353516,24.27756837942257,23.644391746749747,23.947970105572143,173094900,QQQ
2009-03-12,24.867372512817383,24.945435551347476,23.800513192064308,24.052048362818997,184395100,QQQ
2009-03-13,24.92809295654297,25.014829867636205,24.563799253446557,24.858703758542177,156783500,QQQ
2009-03-16,24.51175308227539,25.136255744887418,24.45103775242864,25.092888124816497,190269800,QQQ
2009-03-17,25.439836502075195,25.439836502075195,24.546449214879594,24.633186117755574,169773800,QQQ
2009-03-18,25.760759353637695,26.194442159898472,25.22299194595214,25.33574874765775,208033900,QQQ
2009-03-19,25.743408203125,26.133721683963927,25.552586735082134,26.116375631352355,146753400,QQQ
2009-03-20,25.35158920288086,26.090069678136043,25.17782850619559,25.79467748803397,149410800,QQQ
2009-03-23,26.845914840698242,26.88066762985857,25.36895610057233,25.977114996940344,179499000,QQQ
2009-03-24,26.3507022857666,26.828541593041166,26.333325889148227,26.620029804933843,118757600,QQQ
2009-03-25,26.47233772277832,26.976241700642966,25.768610125111493,26.576594461038603,190555200,QQQ
2009-03-26,27.28900146484375,27.33244079181015,26.42888986549701,26.759033058912323,182459500,QQQ
2009-03-27,26.776412963867188,27.089181461773318,26.680844443483796,26.932797212820255,156108100,QQQ
2009-03-30,26.116119384765625,26.342007513114982,25.733848697193455,26.324631120833345,162919700,QQQ
2009-03-31,26.342018127441406,26.889363105133867,26.29857878633772,26.31595518562105,150243800,QQQ
2009-04-01,26.73296546936035,26.828532303461902,25.881542215124338,26.01186183042923,137950000,QQQ
2009-04-02,27.593088150024414,28.036176348092873,27.132623554281622,27.210815686711616,212272400,QQQ
2009-04-03,28.105684280395508,28.14912694042795,27.653909449681997,27.879797693591165,134577300,QQQ
2009-04-06,28.03618049621582,28.08830969695164,27.4975236883455,27.7929158640962,160413700,QQQ
2009-04-07,27.29768943786621,27.73208933238534,27.11524062047405,27.73208933238534,147531200,QQQ
2009-04-08,27.75815773010254,27.93191837458596,27.358508910632395,27.56702068974991,126126000,QQQ
2009-04-09,28.61827278137207,28.679088520431268,28.175186209053734,28.27944128826819,131871500,QQQ
2009-04-13,28.5748233795166,28.73120760037724,28.262054937795323,28.5313840546571,119310500,QQQ
2009-04-14,28.22731590270996,28.566147401779,28.0361788256108,28.40107326638999,124069000,QQQ
2009-04-15,28.149118423461914,28.175181360227906,27.671277478465427,28.02748365206712,124808200,QQQ
2009-04-16,28.87891387939453,29.043984688686532,28.244686953641665,28.540079090517743,171168000,QQQ
2009-04-17,28.93971824645996,29.104788990905536,28.609573443361075,28.818083508533622,129835400,QQQ
2009-04-20,28.01011085510254,28.514013084883178,27.853726604499556,28.4184445634915,123080500,QQQ
2009-04-21,28.401063919067383,28.444506559898876,27.871098831529903,27.905848304303642,145490200,QQQ
2009-04-22,28.487957000732422,29.13086723968022,28.140435623748576,28.236004168129607,165040500,QQQ
2009-04-23,28.765960693359375,28.79202362571199,28.22730576808746,28.67039218912234,181666600,QQQ
2009-04-24,29.269882202148438,29.47839574157826,28.731226920419278,28.965803409448977,141170000,QQQ
2009-04-27,29.30462646484375,29.59133208367018,28.974481504615852,29.035297245419766,120749100,QQQ
2009-04-28,29.08741569519043,29.460999858772265,28.983160651509568,29.12216848115341,108968000,QQQ
2009-04-29,29.487077713012695,29.88672832541314,29.27856752013484,29.322006867466914,141413600,QQQ
2009-04-30,29.78244972229004,30.32110786946923,29.57393967078181,29.878018210151104,144120400,QQQ
2009-05-01,29.860645294189453,30.008342969214702,29.54787686633166,29.773766648321356,100112000,QQQ
2009-05-04,30.45142364501953,30.486176422520987,29.990960942850702,30.12996873864925,119317400,QQQ
2009-05-05,30.425373077392578,30.46012586901017,30.086541644642594,30.399310140783694,113569500,QQQ
2009-05-06,30.43406867980957,30.703397923724648,29.938852851540595,30.659958578373082,178840500,QQQ
2009-05-07,29.721637725830078,30.64256662524468,29.434935540653182,30.64256662524468,216484700,QQQ
2009-05-08,29.739017486572266,30.18210725140947,29.43493887478854,29.94753090194418,183507300,QQQ
2009-05-11,29.84327507019043,30.16473341759887,29.26118073130937,29.356749250041148,142775900,QQQ
2009-05-12,29.478391647338867,29.956231104161247,29.122183690702933,29.90410189799142,147842200,QQQ
2009-05-13,28.68778419494629,29.235129271691317,28.635654987662516,29.217752869263393,175548300,QQQ
2009-05-14,29.009225845336914,29.278554986233864,28.739900018648306,28.75727309877606,140021700,QQQ
2009-05-15,28.991853713989258,29.38281435851773,28.87022224996014,28.965790775756968,121326400,QQQ
2009-05-18,29.747709274291992,29.782458750605713,29.009227389632702,29.19167456856169,114333400,QQQ
2009-05-19,29.886728286743164,30.182120488112723,29.495767532840844,29.67821477992534,129086400,QQQ
2009-05-20,29.78244972229004,30.44273928521695,29.69557108652953,29.999649625898822,131873700,QQQ
2009-05-21,29.235116958618164,29.76508209551781,28.939724870174704,29.556571982621534,139253200,QQQ
2009-05-22,29.139551162719727,29.513135406924505,28.94841411288227,29.348061295079862,83510600,QQQ
2009-05-26,30.22554588317871,30.26029867064131,28.826777672787326,28.88759339374276,144857200,QQQ
2009-05-27,30.017038345336914,30.57306979669112,29.91278327676022,30.138669811044537,121348800,QQQ
2009-05-28,30.36455726623535,30.46881232659477,29.721643879900263,30.199483163606935,118931300,QQQ
2009-05-29,30.738140106201172,30.842395161868556,30.19948180446802,30.38193229464652,111535700,QQQ
2009-06-01,31.615629196166992,31.711197719567856,30.937966305446313,31.068284307549426,119126200,QQQ
2009-06-02,31.659072875976562,31.963154884375356,31.372370580627685,31.441872861781363,126858600,QQQ
2009-06-03,31.563505172729492,31.598254653470374,31.215983851649174,31.563505172729492,93329800,QQQ
2009-06-04,31.919710159301758,31.963149491970437,31.57218886953501,31.633004598112898,89280600,QQQ
2009-06-05,31.954458236694336,32.21510084970258,31.641689752451246,32.11084247881588,121958800,QQQ
2009-06-08,31.858896255493164,32.10216252325324,31.381056890642814,31.754641177429804,89194100,QQQ
2009-06-09,32.102134704589844,32.29326829637434,31.8588686476362,32.00656625159444,109187800,QQQ
2009-06-10,31.98921012878418,32.29328874981109,31.528747270026738,32.28460220958535,133404700,QQQ
2009-06-11,31.98921012878418,32.345417933790735,31.928394404578796,31.945770799238677,147909800,QQQ
2009-06-12,31.8415470123291,31.90236279625261,31.450586034098233,31.858920109840113,109452500,QQQ
2009-06-15,31.189910888671875,31.563495028796947,30.91189524684036,31.53742878385733,112152900,QQQ
2009-06-16,30.885826110839844,31.44185734245569,30.859763182547713,31.31153938678748,110550300,QQQ
2009-06-17,31.181217193603516,31.45923280117911,30.79894656173894,31.01614646229534,153421800,QQQ
2009-06-18,31.120424270629883,31.328937786073304,30.903224211055857,31.129114128970386,126266700,QQQ
2009-06-19,31.454442977905273,31.628417331333452,31.23697586569125,31.358756917605536,122044700,QQQ
2009-06-22,30.51498031616211,31.219571486814413,30.462787025701758,31.167381514638148,137714900,QQQ
2009-06-23,30.445398330688477,30.67156268681387,30.245328968423877,30.601974930423395,114903100,QQQ
2009-06-24,30.95861053466797,31.202172577974228,30.68895018794749,30.706347950795646,103314600,QQQ
2009-06-25,31.567527770996094,31.62841829881582,30.68895875253738,30.75854982335129,112538200,QQQ
2009-06-26,31.63710594177246,31.750189738453567,31.358748379391198,31.419638888769356,87677300,QQQ
2009-06-29,31.706697463989258,31.96765726782492,31.419639356971274,31.724095226682827,93817600,QQQ
2009-06-30,31.645809173583984,31.95026174636824,31.410944338171483,31.793685189426572,97843000,QQQ
2009-07-01,31.663227081298828,32.04596817604964,31.654526534664555,31.802405962870605,85976000,QQQ
2009-07-02,30.967323303222656,31.402257637921206,30.880337763597197,31.393560411272915,113309800,QQQ
2009-07-06,30.80205726623535,30.915141151070497,30.48020670601307,30.77596226138358,107632500,QQQ
2009-07-07,30.036558151245117,30.8716344305866,30.01916038310415,30.81074058295073,149773000,QQQ
2009-07-08,30.193134307861328,30.33231313268337,29.83648836186203,30.21923261883635,152776400,QQQ
2009-07-09,30.245332717895508,30.45409933123252,30.140949411227005,30.306223256642596,97851500,QQQ
2009-07-10,30.375812530517578,30.567184700820444,30.062662594956965,30.158345361822743,108482000,QQQ
2009-07-13,30.95861053466797,30.967307756950063,29.993056265441055,30.401895396662823,127140300,QQQ
2009-07-14,31.071685791015625,31.13257628510062,30.79332829854622,30.923806506607036,115631700,QQQ
2009-07-15,32.11555480957031,32.12425535589354,31.437058200949753,31.593634851906216,160869700,QQQ
2009-07-16,32.498291015625,32.567878777235904,31.94157564959649,31.967670645414913,120142500,QQQ
2009-07-17,32.67226791381836,32.68096514033267,32.33301635061976,32.489592974162015,104906500,QQQ
2009-07-20,32.98541259765625,33.055003671847494,32.715755480877824,32.84623376755882,97168800,QQQ
2009-07-21,33.21158218383789,33.21158218383789,32.74185236084067,33.11589611045491,130587600,QQQ
2009-07-22,33.48993682861328,33.65521064695113,33.16808641678276,33.237674170398975,113808600,QQQ
2009-07-23,34.22932815551758,34.35111254713642,33.394255094129235,33.45514563079597,160239300,QQQ
2009-07-24,33.968379974365234,34.2467377576646,33.73351497252767,33.863996635199605,109312300,QQQ
2009-07-27,34.22932815551758,34.281521466211366,33.81179162482341,34.211933703571695,94718600,QQQ
2009-07-28,33.99444580078125,34.43807705685947,33.86396426284353,34.08143128055083,111564300,QQQ
2009-07-29,34.220638275146484,34.29892659884939,33.924882754300626,34.203240501180716,126538200,QQQ
2009-07-30,34.42069625854492,34.95131657414691,34.36850295399416,34.577272853912234,108969900,QQQ
2009-07-31,34.31631851196289,34.664263976994675,34.281522969974056,34.420701819643874,78208300,QQQ
2009-08-03,34.82954025268555,34.846938023235595,34.48159147825552,34.68166086215288,111722800,QQQ
2009-08-04,34.82954025268555,34.96001855438273,34.594675327688094,34.664263091602834,100690800,QQQ
2009-08-05,34.55988311767578,34.91652915261378,34.32501817004064,34.907831925643194,118093000,QQQ
2009-08-06,34.255428314208984,34.73385540732686,34.13364723431922,34.63816932504617,116937500,QQQ
2009-08-07,34.690345764160156,34.85561953243295,34.43808318236173,34.725137971286465,107442100,QQQ
2009-08-10,34.446781158447266,34.66424821959475,34.22061687489885,34.56856550004842,87163200,QQQ
2009-08-11,34.15103530883789,34.35980520557537,33.96836372312069,34.33371021284003,91922700,QQQ
2009-08-12,34.68166732788086,34.986123391838454,34.09885683808504,34.124951839632296,147240000,QQQ
2009-08-13,34.87303161621094,34.93392215154242,34.48159009030479,34.89042938606069,110107000,QQQ
2009-08-14,34.472896575927734,34.75995151364015,34.16844054820684,34.68166320003028,124480200,QQQ
2009-08-17,33.47254180908203,33.93357108428524,33.4551440396782,33.89007831991828,131797200,QQQ
2009-08-18,33.95096969604492,34.02056077538686,33.58562648435565,33.68131255930817,84496200,QQQ
2009-08-19,34.185829162597656,34.27281799791014,33.52473060564669,33.55082559709804,88036300,QQQ
2009-08-20,34.585968017578125,34.65555908616493,34.09884381060964,34.16843156091166,81473500,QQQ
2009-08-21,35.047000885009766,35.10789141146069,34.568573897916124,34.78604101189367,114660200,QQQ
2009-08-24,35.012210845947266,35.29056853006713,34.88172922976624,35.10789692204197,109904900,QQQ
2009-08-25,35.11658477783203,35.45583290743937,35.012201503710806,35.09048978887284,92900400,QQQ
2009-08-26,35.05570983886719,35.316669799298275,34.86434097097022,35.038312065733656,96407500,QQQ
2009-08-27,35.142696380615234,35.20358692341305,34.50768931723397,35.04701029385132,121957800,QQQ
2009-08-28,35.1774787902832,35.73419738353545,34.93391668705613,35.577620797665254,114300900,QQQ
2009-08-31,34.82081985473633,34.96869916095373,34.612053363737516,34.91650587906226,96415300,QQQ
2009-09-01,34.1684455871582,35.30797491591135,34.06406225971312,34.6990660889571,162958900,QQQ
2009-09-02,34.1423225402832,34.333694581977525,33.95965103772958,33.985746018584834,92757200,QQQ
2009-09-03,34.368499755859375,34.42069305555333,33.94226608902177,34.30760923202543,76783100,QQQ
2009-09-04,35.10787582397461,35.12527358356259,34.37718651269616,34.42937979146011,74866600,QQQ
2009-09-08,35.43844223022461,35.47323444644321,35.19487680698558,35.386248928469506,71024400,QQQ
2009-09-09,35.74290466308594,35.91687906502663,35.30797031737708,35.46454694729512,99280800,QQQ
2009-09-10,36.082149505615234,36.125642272411156,35.66461297146068,35.760299049382944,99289100,QQQ
2009-09-11,36.11693572998047,36.203921241134346,35.8559758782343,36.10823518789435,93868400,QQQ
2009-09-14,36.2561149597168,36.28220994970901,35.84727575232112,35.88207128450045,90435600,QQQ
2009-09-15,36.369205474853516,36.49098654161356,36.160435561632596,36.2300266388013,91594600,QQQ
2009-09-16,36.89982986450195,36.95202318278681,36.39530772755841,36.534486591365514,96888500,QQQ
2009-09-17,36.89110565185547,37.10857267487237,36.717131369785264,36.80412016996208,102169600,QQQ
2009-09-18,36.95294189453125,37.109670005591376,36.75267893517576,37.040014912618,87444200,QQQ
2009-09-21,37.06613540649414,37.179328670019906,36.709144333678445,36.7439735411473,71351400,QQQ
2009-09-22,37.13580322265625,37.29253137444705,36.9529514979024,37.27511676630398,75638400,QQQ
2009-09-23,36.9616584777832,37.58856772978284,36.900709013304024,37.292529371739235,143924100,QQQ
2009-09-24,36.63078308105469,37.17062255215291,36.36957064803917,37.10967309516584,111016400,QQQ
2009-09-25,36.308631896972656,36.64820849216961,36.204147557257585,36.36087240608156,109216000,QQQ
2009-09-28,36.92680740356445,37.144484882557755,36.47403784867901,36.50886704247667,84478500,QQQ
2009-09-29,36.761383056640625,37.10966511863444,36.59594600481015,36.926816786975515,106686400,QQQ
2009-09-30,36.78750228881836,37.09224949989085,36.221539386546034,36.90940117324735,173102700,QQQ
2009-10-01,35.69911575317383,36.68301914175568,35.69911575317383,36.65689557892904,140119100,QQQ
2009-10-02,35.59463882446289,35.91680071296018,35.455325306072474,35.455325306072474,145286400,QQQ
2009-10-05,35.8819694519043,36.0474065290649,35.551101940575265,35.77748514945808,97054200,QQQ
2009-10-06,36.517574310302734,36.69171696556996,36.06480473520591,36.082219332882126,124628000,QQQ
2009-10-07,36.6220703125,36.63948491417827,36.369563570408545,36.47404785898252,93787600,QQQ
2009-10-08,36.77880096435547,37.10966845477003,36.69172794990752,36.83975041372109,107850400,QQQ
2009-10-09,36.98775863647461,37.04870806784668,36.62206204824219,36.70042607736269,62828000,QQQ
2009-10-12,37.06613540649414,37.327347819518494,36.81362863458898,37.135793821431854,53221900,QQQ
2009-10-13,37.07483673095703,37.222855849960744,36.89198509016462,37.03129856984267,70939300,QQQ
2009-10-14,37.579830169677734,37.623364989974114,37.30990896944998,37.536295349381355,91004900,QQQ
2009-10-15,37.492774963378906,37.545015439249,37.32733793246985,37.3795817298351,85772800,QQQ
2009-10-16,37.248985290527344,37.43183697648705,36.98777286679428,37.35347291721751,111859300,QQQ
2009-10-19,37.623374938964844,37.675618730031985,37.08353571725006,37.2750929630015,83512000,QQQ
2009-10-20,37.632110595703125,37.841079265231556,37.3883093859238,37.841079265231556,89847900,QQQ
2009-10-21,37.562435150146484,38.15451831488047,37.49278006567546,37.62338459461949,110397400,QQQ
2009-10-22,37.71044921875,37.867177275837456,37.2576796451079,37.49277173073908,85871800,QQQ
2009-10-23,37.553733825683594,38.07615864448605,37.457955167220746,38.07615864448605,117020400,QQQ
2009-10-26,37.43183517456055,38.102279145319066,37.25769245995615,37.61468353022196,107068600,QQQ
2009-10-27,36.865882873535156,37.53633036021871,36.72656932575006,37.379602203773366,121438200,QQQ
2009-10-28,36.03870391845703,36.84846487850882,35.960339847435996,36.73527159336807,143553600,QQQ
2009-10-29,36.648197174072266,36.73526687669546,36.169307166652175,36.247671227611555,85207600,QQQ
2009-10-30,35.66429138183594,36.70043871494214,35.62946217434584,36.622074658837434,162796500,QQQ
2009-11-02,35.81231689453125,36.19542824497262,35.385667370281446,35.69912362132272,142456600,QQQ
2009-11-03,35.92550277709961,35.97774658685447,35.559806073303406,35.620755523936104,95107000,QQQ
2009-11-04,35.986454010009766,36.45663499170909,35.94291584299496,36.160593392085765,107970600,QQQ
2009-11-05,36.87456512451172,36.91810327929098,36.378260717780954,36.40438427494748,135204800,QQQ
2009-11-06,37.09223937988281,37.13577753086778,36.63947316738936,36.67429903808492,96312300,QQQ
2009-11-09,37.88459396362305,37.89330292442465,37.33604900695442,37.3795838464764,101620800,QQQ
2009-11-10,37.980369567871094,38.11097739749351,37.788815624985325,37.84105609963822,72846500,QQQ
2009-11-11,38.224185943603516,38.433154568932295,37.97167914329286,38.26772079708898,84676200,QQQ
2009-11-12,38.006507873535156,38.450568687859516,37.91943484617012,38.2503057071645,92426100,QQQ
2009-11-13,38.319950103759766,38.43314334696818,37.989082656682,38.11968717900361,87959500,QQQ
2009-11-16,38.71177673339844,38.877213805867655,38.41573511694909,38.48539353093528,87776100,QQQ
2009-11-17,38.833675384521484,38.833675384521484,38.52892812904831,38.607292183526546,81884000,QQQ
2009-11-18,38.61600875854492,38.73791101674664,38.354796276820785,38.71178744352638,100240800,QQQ
2009-11-19,38.015201568603516,38.38090152561651,37.74528025084381,38.35477796486858,114558000,QQQ
2009-11-20,37.823638916015625,37.91941754166044,37.68432545730358,37.81493327800012,70912100,QQQ
2009-11-23,38.43315505981445,38.6595416152246,38.18935721998486,38.21547746811048,91621500,QQQ
2009-11-24,38.30257034301758,38.441883941029424,38.07618367031196,38.41576035787221,60670000,QQQ
2009-11-25,38.46798324584961,38.50281245675263,38.31996076025995,38.43315403494659,37630100,QQQ
2009-11-27,37.88459396362305,38.163224243853506,37.35346360706228,37.414413046692125,61230000,QQQ
2009-11-30,37.92811965942383,37.98036012108305,37.53629958950839,37.797511862287266,84819400,QQQ
2009-12-01,38.319950103759766,38.57245683034183,38.20676018204679,38.21546582160339,81817800,QQQ
2009-12-02,38.372188568115234,38.737888487037814,38.29382453702432,38.45055259920615,81653600,QQQ
2009-12-03,38.21546173095703,38.74659536743297,38.2067560923323,38.51150326662419,72460400,QQQ
2009-12-04,38.415733337402344,38.9468670942072,38.01520744002341,38.703069299541035,125062600,QQQ
2009-12-07,38.232879638671875,38.56375040046426,38.154515598286714,38.389607719442196,67471900,QQQ
2009-12-08,37.99778747558594,38.311243636780674,37.7539897153213,38.015202075818465,86621400,QQQ
2009-12-09,38.38090515136719,38.415731033162125,37.71916357482878,37.96296135487154,78820500,QQQ
2009-12-10,38.572452545166016,38.78142440775865,38.52021207063916,38.54633230790259,76722400,QQQ
2009-12-11,38.424434661865234,38.8249604796316,38.26770659030532,38.78142564230833,66643700,QQQ
2009-12-14,38.790138244628906,38.83367308976738,38.47668204523865,38.685653951997416,47965500,QQQ
2009-12-15,38.572452545166016,38.89461431689688,38.459259314532716,38.66823117712534,61171100,QQQ
2009-12-16,38.62470245361328,38.920744034929804,38.56375300935655,38.72048110072975,61629700,QQQ
2009-12-17,38.1545295715332,38.49410609706611,38.10228575164484,38.450571241240766,90440900,QQQ
2009-12-18,38.77637481689453,38.79381848002372,38.375180546038834,38.51472652403379,96442600,QQQ
2009-12-21,39.21245193481445,39.360721390956634,38.959523838890725,38.97696750002735,82357400,QQQ
2009-12-22,39.44794464111328,39.500275635495996,39.273511320209785,39.343285979386735,51569100,QQQ
2009-12-23,39.735748291015625,39.744468457297465,39.43048923854512,39.526427702834766,73932200,QQQ
2009-12-24,40.1020622253418,40.1020622253418,39.77063928860915,39.77936278346548,31770400,QQQ
2009-12-28,40.311378479003906,40.38114979509615,40.06717055508579,40.19799634743614,49381400,QQQ
2009-12-29,40.14567184448242,40.33754881702116,40.11078784432517,40.32010515342321,32410200,QQQ
2009-12-30,40.26777267456055,40.34626749433125,40.08461920410842,40.10206286706175,57612700,QQQ
2009-12-31,39.90147018432617,40.36371565951401,39.90147018432617,40.346271994614995,50079200,QQQ
2010-01-04,40.48581314086914,40.5468676242273,40.35499066034348,40.40732164877684,62822800,QQQ
2010-01-05,40.48581314086914,40.55558779211362,40.259052178401575,40.45964931017171,62935600,QQQ
2010-01-06,40.24159240722656,40.59917903411943,40.180541275345135,40.468356605960864,96033000,QQQ
2010-01-07,40.26777267456055,40.35499098932717,40.04973187820177,40.3026600004672,77094100,QQQ
2010-01-08,40.59919738769531,40.59919738769531,40.05845712070709,40.18055943966843,88886600,QQQ
2010-01-11,40.4334831237793,40.677687734830386,40.22416250927958,40.65152390565728,104673400,QQQ
2010-01-12,39.92761993408203,40.2415991374335,39.70957919031437,40.1892714882334,90673900,QQQ
2010-01-13,40.42476272583008,40.546868367747,39.77936382517625,40.04973228611019,100661000,QQQ
2010-01-14,40.459632873535156,40.573014972226964,40.31136679043115,40.346250774843355,75209000,QQQ
2010-01-15,39.988677978515625,40.599192831852,39.814248015023765,40.529421511862914,126849300,QQQ
2010-01-19,40.63409423828125,40.67770174426765,40.075910176760644,40.084630347142145,84388200,QQQ
2010-01-20,40.04974365234375,40.642815058958554,39.62238542898395,40.34627935565115,145680000,QQQ
2010-01-21,39.67469787597656,40.424755290418105,39.50898477023141,40.1631070456559,204939600,QQQ
2010-01-22,38.51472091674805,39.665975899357086,38.41006228024852,39.54387360226795,171098700,QQQ
2010-01-25,38.64556121826172,38.89848607418381,38.47984804395768,38.750219894058425,154218700,QQQ
2010-01-26,38.68044662475586,39.15141567343718,38.41879826227938,38.60195178330898,140816500,QQQ
2010-01-27,38.985687255859375,39.116509711282475,38.383892648984414,38.610656894978355,161632700,QQQ
2010-01-28,37.98271942138672,38.750224226123834,37.78212221741764,38.72406038600951,221439800,QQQ
2010-01-29,37.319854736328125,38.392614803163106,37.180308792521245,38.2966763429763,212099600,QQQ
2010-02-01,37.72978210449219,37.7472257693718,37.3983624528962,37.415806117775816,136827100,QQQ
2010-02-02,38.06993103027344,38.18330986873265,37.52918736530554,37.790839028307666,110727700,QQQ
2010-02-03,38.27923583984375,38.349010481018254,37.869318140538596,37.88676180083222,93581600,QQQ
2010-02-04,37.17160415649414,38.07865491489885,37.17160415649414,38.000160073747686,151652500,QQQ
2010-02-05,37.48556900024414,37.520456322139054,36.73550821469421,37.26752822895814,213618600,QQQ
2010-02-08,37.2151985168457,37.66000356859857,37.189034688050214,37.42451912832439,94354400,QQQ
2010-02-09,37.598976135253906,37.94783960507402,37.29371685624091,37.660027325648436,118956000,QQQ
2010-02-10,37.520469665527344,37.77339784865699,37.28498514954863,37.59896450418691,94102900,QQQ
2010-02-11,38.08735275268555,38.19201469754478,37.293684636209136,37.5291690215862,93050800,QQQ
2010-02-12,38.16585922241211,38.27052119928652,37.642562646194015,37.747221296029934,93938500,QQQ
2010-02-16,38.65426254272461,38.680426367157985,38.24434488240068,38.44494529318221,83861400,QQQ
2010-02-17,38.872318267822266,38.872318267822266,38.601946445328636,38.828710767946255,82691700,QQQ
2010-02-18,39.116512298583984,39.18628694105506,38.767649067342845,38.84614387660376,65752600,QQQ
2010-02-19,39.09907150268555,39.290945113136075,38.91591473188372,39.011853200628,80416500,QQQ
2010-02-22,39.020572662353516,39.27349739459058,38.863583061909715,39.256053735981524,72055000,QQQ
2010-02-23,38.51472091674805,39.02057709273223,38.331567471114354,38.9944099383288,95814400,QQQ
2010-02-24,38.90718460083008,39.06417417728964,38.65425658019665,38.71530771248235,86591000,QQQ
2010-02-25,38.89847183227539,38.98569013603881,38.226909192006595,38.49727761607795,97961300,QQQ
2010-02-26,39.038028717041016,39.1252470452147,38.72405271673285,38.8897625497043,66222400,QQQ
2010-03-01,39.604915618896484,39.67469024516657,39.20372149895535,39.21244166372047,77290100,QQQ
2010-03-02,39.72703552246094,39.98868383304353,39.63982052794633,39.74447918677161,76368500,QQQ
2010-03-03,39.77063751220703,39.96251446601423,39.622371376656616,39.82296849789217,65735500,QQQ
2010-03-04,39.90147018432617,39.95380117902322,39.5962143661906,39.79681152197096,54470900,QQQ
2010-03-05,40.50325393676758,40.59047224464967,40.110783195932086,40.19799817677592,68136300,QQQ
2010-03-08,40.581748962402344,40.67768743805484,40.50325414841742,40.52069781008499,58712400,QQQ
2010-03-09,40.80852508544922,41.035286098889195,40.46838190176963,40.49454573834829,98002800,QQQ
2010-03-10,41.139930725097656,41.23586919584708,40.81723131833532,40.834674979111405,102578900,QQQ
2010-03-11,41.29692840576172,41.29692840576172,40.974228936011905,41.044003592735514,67510300,QQQ
2010-03-12,41.3056526184082,41.45391877596154,41.078888307158756,41.42775494275538,64068300,QQQ
2010-03-15,41.20097351074219,41.323075774490725,40.913158180160224,41.21841383953156,60150500,QQQ
2010-03-16,41.46262741088867,41.5236785511806,41.192255698854666,41.331801637670175,74950600,QQQ
2010-03-17,41.57602310180664,41.77662358950697,41.45392077158137,41.52369543287522,75643500,QQQ
2010-03-18,41.7155647277832,41.7591722195267,41.51496427709409,41.610902755152786,77829400,QQQ
2010-03-19,41.46323776245117,41.86486022477776,41.314810042536884,41.83866513856378,86337100,QQQ
2010-03-22,41.83866882324219,42.004558838379026,41.25369735884744,41.29735139892932,71902800,QQQ
2010-03-23,42.12678909301758,42.17044313062299,41.70770433694432,41.89978609911565,59182600,QQQ
2010-03-24,41.92597198486328,42.05693407934153,41.82993111722577,42.05693407934153,62995700,QQQ
2010-03-25,41.864845275878906,42.43235420549976,41.82119125522935,42.275197066690716,76294800,QQQ
2010-03-26,41.90851974487305,42.196642416802206,41.68151672838121,42.03948520131174,78067900,QQQ
2010-03-29,42.109344482421875,42.257772269273325,41.99584127254618,42.1180772919613,57993300,QQQ
2010-03-30,42.2490234375,42.38871836183507,41.96090411319194,42.24029396186206,49437300,QQQ
2010-03-31,42.0482177734375,42.30141589821376,41.96963915990659,42.118066910171706,59947400,QQQ
2010-04-01,42.0482177734375,42.51968945462293,41.72517384251718,42.22283728468286,83728600,QQQ
2010-04-05,42.44111251831055,42.53715341982042,42.03075715025575,42.14426033663926,56220300,QQQ
2010-04-06,42.56332778930664,42.69429320704777,42.24901345119907,42.34505431346404,54097100,QQQ
2010-04-07,42.45854949951172,42.6680901319366,42.23154326203174,42.50220352038455,77211500,QQQ
2010-04-08,42.55460739135742,42.62445318661683,42.1180603465698,42.33633386896361,68314300,QQQ
2010-04-09,42.80779266357422,42.825254941168346,42.458557103458354,42.56332743843422,54227300,QQQ
2010-04-12,42.842716217041016,42.956219353454536,42.72921308062749,42.82525393985518,44280600,QQQ
2010-04-13,43.06098937988281,43.08718113018097,42.65936699922997,42.79906188513482,59376000,QQQ
2010-04-14,43.57612609863281,43.58485557411343,43.2181576533138,43.28800677951734,69004800,QQQ
2010-04-15,43.76822280883789,43.82060634078614,43.54121640175949,43.54121640175949,72254200,QQQ
2010-04-16,43.244354248046875,43.759479954360785,42.95623489669978,43.61105554045865,127388000,QQQ
2010-04-19,43.218162536621094,43.35785747422293,42.6943073532617,43.08719707548623,98251700,QQQ
2010-04-20,43.436424255371094,43.549927402070686,43.15703445625604,43.45388653413943,69543700,QQQ
2010-04-21,43.6808967590332,43.82059168181544,43.41023971959931,43.73328360404767,74748700,QQQ
2010-04-22,43.925350189208984,43.96900421300401,43.008599036570665,43.26179703740579,110477200,QQQ
2010-04-23,44.10871887207031,44.15237291544597,43.733288103977586,43.916637084509375,77205200,QQQ
2010-04-26,44.012657165527344,44.222201137467124,43.9166163171628,44.152352036624386,67361000,QQQ
2010-04-27,43.07844924926758,44.0301216471139,42.96494612000464,43.83803994075949,112608000,QQQ
2010-04-28,43.10466766357422,43.33167406253113,42.76416139572952,43.30547896690338,130082100,QQQ
2010-04-29,43.855506896972656,43.94281828671892,43.31418960290171,43.34911415880022,84180200,QQQ
2010-04-30,42.99116897583008,43.90791741381202,42.956244401094004,43.838068264339874,110897000,QQQ
2010-05-03,43.59359359741211,43.80313433992101,43.15704649816351,43.17450878180426,74169700,QQQ
2010-05-04,42.28395462036133,43.0610079667769,41.97837296635191,43.0610079667769,141136500,QQQ
2010-05-05,42.06568145751953,42.345071352573825,41.594209760644056,41.838675086169,128560200,QQQ
2010-05-06,40.659996032714844,42.187910860362116,37.22873561046548,41.77755552657662,274356800,QQQ
2010-05-07,39.647216796875,40.86081748690135,38.66061918668324,40.354424463920736,288200400,QQQ
2010-05-10,41.70770263671875,41.733894392096374,41.30608017817782,41.41085053027775,136041600,QQQ
2010-05-11,41.66405487060547,42.24902636599663,41.21004550239937,41.28862411094639,113016100,QQQ
2010-05-12,42.44983673095703,42.48476129637308,41.82121120641763,41.89105700665984,85462400,QQQ
2010-05-13,41.77754592895508,42.598256407982966,41.672775583122096,42.26647976049107,102844300,QQQ
2010-05-14,40.974308013916016,41.48943368668801,40.49410690587868,41.46324192843191,147386100,QQQ
2010-05-17,41.10527420043945,41.27116089000683,40.2234472433853,41.052887352401925,120969600,QQQ
2010-05-18,40.53776931762695,41.541829112255066,40.354420310792754,41.45451768238843,153072100,QQQ
2010-05-19,40.21470642089844,40.712369679776444,39.76942666468826,40.389322537243125,159000300,QQQ
2010-05-20,38.72172164916992,39.53369942120238,38.63441357220306,39.428929062724215,189289800,QQQ
2010-05-21,39.1495361328125,39.84801068524215,37.9708605337493,38.11928491900775,190631100,QQQ
2010-05-24,38.99238967895508,39.57736456747107,38.97492739401233,39.13208462790676,113038000,QQQ
2010-05-25,39.027313232421875,39.07969675529555,37.74386363257335,38.136756707077005,155643000,QQQ
2010-05-26,38.59075164794922,39.78688937703836,38.520902536177225,39.297955586401315,140203200,QQQ
2010-05-27,40.048828125,40.06629040784391,39.36781574703684,39.463856637383415,110671600,QQQ
2010-05-28,39.81309509277344,40.15360463620936,39.463859403188835,40.118680068073864,128535300,QQQ
2010-06-01,39.44639587402344,40.3806063933245,39.402741830527034,39.66466942209546,104242700,QQQ
2010-06-02,40.38059616088867,40.40678791423152,39.40273184588185,39.67338884532911,97249300,QQQ
2010-06-03,40.7647590637207,40.8346081848071,40.23217450308925,40.49410204598443,98928400,QQQ
2010-06-04,39.36781692504883,40.41553061290536,39.23685146509551,39.90040491066031,112849900,QQQ
2010-06-07,38.65185546875,39.69083569129256,38.60820145328967,39.56860311576848,88436600,QQQ
2010-06-08,38.58202362060547,38.83522168624448,38.05816853981179,38.72171853085641,133030100,QQQ
2010-06-09,38.258975982666016,39.21064850547272,38.14547283849942,38.852680125183355,101949200,QQQ
2010-06-10,39.3503532409668,39.39400728253399,38.62568682529968,38.73045719117893,76892300,QQQ
2010-06-11,39.72578430175781,39.76070886751852,38.948731031826604,38.948731031826604,74346800,QQQ
2010-06-14,39.717063903808594,40.371884673840725,39.647214756321645,40.092491414483604,68085000,QQQ
2010-06-15,40.78221893310547,40.834605770823366,39.68212198574342,39.926587233915164,76332600,QQQ
2010-06-16,40.948116302490234,41.15765702995826,40.59887731592378,40.668726445473,78399700,QQQ
2010-06-17,41.07906723022461,41.19257036951691,40.72109886530788,41.17510809188818,77111900,QQQ
2010-06-18,41.11319351196289,41.4106082368021,40.99072921412942,41.156930284488865,75921400,QQQ
2010-06-21,40.76329040527344,41.70802065675527,40.52711117930465,41.63803915505958,95488100,QQQ
2010-06-22,40.44837951660156,41.235651308654724,40.369652003706115,40.938236630705404,94493400,QQQ
2010-06-23,40.28217315673828,40.64956931116966,39.967263120626,40.49211429311352,92397600,QQQ
2010-06-24,39.669864654541016,40.229706801158834,39.538654310521665,40.107239141743904,114145900,QQQ
2010-06-25,39.67775344848633,40.01957583574184,39.39728362594519,39.88810414366017,88740300,QQQ
2010-06-28,39.53752517700195,39.92317041189385,39.27458509214545,39.67776011182306,71350000,QQQ
2010-06-29,38.012451171875,38.967802303948055,37.74951119882418,38.932742749284444,136384200,QQQ
2010-06-30,37.433990478515625,38.27539992262395,37.37263791551589,37.889754763273615,101313200,QQQ
2010-07-01,37.328819274902344,37.65311190722801,36.61011487706476,37.54793655091293,158695000,QQQ
2010-07-02,37.223636627197266,37.53039941613748,36.890577496731005,37.390164520698576,78565300,QQQ
2010-07-06,37.33756637573242,38.01244769570619,37.030803659136545,37.77580073856244,88591900,QQQ
2010-07-07,38.52957534790039,38.57339812796825,37.425225910257,37.4602854716968,72448400,QQQ
2010-07-08,38.73991012573242,38.89767473036476,38.28414608384591,38.836322200059094,78264600,QQQ
2010-07-09,39.10803985595703,39.11680641695455,38.63474920945562,38.72239475865056,47851200,QQQ
2010-07-12,39.22198486328125,39.46739509531073,38.9678080695572,39.07298674911011,60927500,QQQ
2010-07-13,39.730350494384766,39.879348653722445,39.26581954420302,39.56381920634305,93310500,QQQ
2010-07-14,39.931922912597656,40.15104013005239,39.65145314173267,39.80921446231375,87687100,QQQ
2010-07-15,39.96697998046875,40.08968843337499,39.43233676696291,39.853041432251025,95992500,QQQ
2010-07-16,38.86261749267578,39.99326277848584,38.82755794657415,39.82673160623426,98831900,QQQ
2010-07-19,39.19569396972656,39.27457631189498,38.652280793249076,38.97657672408804,81800800,QQQ
2010-07-20,39.66897201538086,39.66897201538086,38.4419178376073,38.56462292103838,89061200,QQQ
2010-07-21,39.12556076049805,40.107204731382865,39.05544500573759,40.08967830028972,83577000,QQQ
2010-07-22,40.11597442626953,40.30003205829903,39.65144706634854,39.67774005850622,82890300,QQQ
2010-07-23,40.370155334472656,40.40521154648517,39.774156265237856,39.84427203272612,81056100,QQQ
2010-07-26,40.70320510864258,40.72073488380828,40.23867776887121,40.42273539291691,64850900,QQQ
2010-07-27,40.68569564819336,40.948639063505965,40.50163793224606,40.878519927832095,67655600,QQQ
2010-07-28,40.361392974853516,40.8259237745994,40.21239486376809,40.641862760925505,51988200,QQQ
2010-07-29,40.06338882446289,40.676917665083465,39.6602139710557,40.59803533781134,85669500,QQQ
2010-07-30,40.15103530883789,40.396445493010795,39.502446951928505,39.73033070305734,98958100,QQQ
2010-08-02,40.904815673828125,41.00999438438907,40.50164064707177,40.65940536944854,68706800,QQQ
2010-08-03,40.729515075683594,40.93110254236826,40.53669082778354,40.87851319926901,60856600,QQQ
2010-08-04,41.14146041870117,41.18528655067591,40.75581519896036,40.91357991236898,43820600,QQQ
2010-08-05,41.04506301879883,41.123942053941896,40.773356305044096,40.93988428501065,39150200,QQQ
2010-08-06,40.98368835449219,41.06257069704822,40.36139617625226,40.59804320392037,71339200,QQQ
2010-08-09,41.26416778564453,41.3605765803606,41.00999093834421,41.19404865116264,26927600,QQQ
2010-08-10,40.904815673828125,41.15022932167235,40.562993223166664,40.93111202320068,86694500,QQQ
2010-08-11,39.79168701171875,40.24744787014622,39.625155790886296,40.229921435444886,92219700,QQQ
2010-08-12,39.476158142089844,39.65145258227301,38.959041382454366,39.02915715244961,66000200,QQQ
2010-08-13,39.19569396972656,39.4936935575335,39.18692740756128,39.32716231103137,46387300,QQQ
2010-08-16,39.26580810546875,39.53751468232974,38.82757363254284,39.00286809040594,55472900,QQQ
2010-08-17,39.765403747558594,40.12475595943009,39.467404107704354,39.54628646365002,56927100,QQQ
2010-08-18,39.92315673828125,40.159803736640285,39.537511635472136,39.686509739922215,61835400,QQQ
2010-08-19,39.318397521972656,39.84427755311618,39.05545750640089,39.68651287508038,82969500,QQQ
2010-08-20,39.37098693847656,39.4673990660347,39.03793111677533,39.25704837269329,65806700,QQQ
2010-08-23,38.98533630371094,39.73910009330172,38.96780652448051,39.61639498215225,69612200,QQQ
2010-08-24,38.257869720458984,38.66980783957372,38.100105047278504,38.53833950756571,79095800,QQQ
2010-08-25,38.625980377197266,38.79250824826094,37.924805994477616,37.98615854399914,87247900,QQQ
2010-08-26,38.16144943237305,38.84509397411754,38.12638988062644,38.75744843821389,91199000,QQQ
2010-08-27,38.625980377197266,38.70486270421967,37.66186601889065,38.441922728632704,109568800,QQQ
2010-08-30,38.22281265258789,38.78375226336369,38.21404609047112,38.44192989701367,49373200,QQQ
2010-08-31,38.091346740722656,38.43316915887076,37.84593645968593,38.02123095048259,72066900,QQQ
2010-09-01,39.230743408203125,39.36221507025105,38.625981118401825,38.65227411342611,83523100,QQQ
2010-09-02,39.66897201538086,39.686501790651405,39.20444467283098,39.300856765087616,41816800,QQQ
2010-09-03,40.32634735107422,40.335113915616645,39.92317231220579,40.10723004601989,64041100,QQQ
2010-09-07,40.05462646484375,40.34385944205751,39.99327391381467,40.15980178897027,51195200,QQQ
2010-09-08,40.53668212890625,40.711976558156316,40.15980027623072,40.168566836597954,66879800,QQQ
2010-09-09,40.69446563720703,40.931112724828715,40.59805348927249,40.89605315404076,61476400,QQQ
2010-09-10,40.843448638916016,40.90480119329175,40.536685867037335,40.73827330905239,66995700,QQQ
2010-09-13,41.41314697265625,41.51832228276643,41.14144046612025,41.15897024171575,64523400,QQQ
2010-09-14,41.58843231201172,41.807549443957555,41.26413989290128,41.36054862244928,91405800,QQQ
2010-09-15,41.85141372680664,41.89523652798456,41.36058966060387,41.48329818475363,67108200,QQQ
2010-09-16,42.017913818359375,42.05297337341633,41.66732829817942,41.77250361988709,66885800,QQQ
2010-09-17,42.16023635864258,42.29201253566887,41.94938978359086,42.29201253566887,76372600,QQQ
2010-09-20,42.898193359375,42.986044142042,42.26565700003648,42.31836612911966,84475000,QQQ
2010-09-21,42.889434814453125,43.19691610971758,42.704946037294455,42.92457649142471,82272000,QQQ
2010-09-22,42.775211334228516,43.065125042632346,42.53801012316001,42.71371509631745,88315900,QQQ
2010-09-23,42.75763702392578,43.18811400558234,42.45015585938064,42.49408126127375,85040000,QQQ
2010-09-24,43.62736892700195,43.653723494375406,43.17932452518868,43.240820749922015,79495900,QQQ
2010-09-27,43.39016342163086,43.70643160361256,43.355021767790106,43.601009993382846,43859800,QQQ
2010-09-28,43.372596740722656,43.521947108176086,42.68735118178767,43.49558918962967,104922900,QQQ
2010-09-29,43.30231475830078,43.51315798908259,43.144180659568065,43.31109849654472,81679200,QQQ
2010-09-30,43.10903549194336,43.78549722556852,42.82790897294232,43.52194153291659,122458600,QQQ
2010-10-01,43.05632019042969,43.51315159168288,42.85426072759905,43.46922620433574,77675400,QQQ
2010-10-04,42.590702056884766,43.09145881026764,42.34471722400672,42.933324745905466,71359900,QQQ
2010-10-05,43.62736892700195,43.71521971910874,43.0475449857356,43.07389955310905,99301300,QQQ
2010-10-06,43.249603271484375,43.671293094056985,42.96847672310263,43.57465521468336,81831200,QQQ
2010-10-07,43.407737731933594,43.52194644043479,43.047544129392435,43.49558852229277,75693300,QQQ
2010-10-08,43.70642852783203,43.81185013064284,43.117820948238325,43.42530201947499,83223900,QQQ
2010-10-11,43.7239990234375,43.94362931588919,43.59221950744956,43.732782760566955,46880000,QQQ
2010-10-12,44.02272415161133,44.11057498354498,43.275978674997646,43.65374328464229,88571700,QQQ
2010-10-13,44.38288879394531,44.58494825580671,44.17204224388129,44.30382175658283,71122900,QQQ
2010-10-14,44.2950325012207,44.48830821671558,44.07540222499182,44.409241183221496,68464000,QQQ
2010-10-15,45.23505783081055,45.24384156819688,44.479529066474655,44.83972262257753,104654000,QQQ
2010-10-18,45.068138122558594,45.43711877932394,45.068138122558594,45.2438430376234,72399400,QQQ
2010-10-19,44.64644241333008,45.06813214275882,44.295032629826764,44.64644241333008,105739800,QQQ
2010-10-20,44.97150802612305,45.3053470873291,44.69038145393682,44.769448511820016,80861400,QQQ
2010-10-21,45.059364318847656,45.42834170566666,44.62010360999079,45.25263675186527,85885400,QQQ
2010-10-22,45.366851806640625,45.41077721339858,44.98908727619351,45.06815434887532,47406900,QQQ
2010-10-25,45.58646774291992,45.88516510601197,45.55132608813435,45.55132608813435,51413900,QQQ
2010-10-26,45.7094612121582,45.81488617888772,45.17356269414109,45.35805471027137,60498300,QQQ
2010-10-27,45.85002517700195,45.88516683311024,45.38440996309187,45.47226075206981,57483400,QQQ
2010-10-28,45.94667434692383,46.078453914067985,45.542555256245684,46.043312249323726,61220000,QQQ
2010-10-29,45.84123229980469,46.11357505341104,45.832445211883,45.94665389582013,46668700,QQQ
2010-11-01,45.87639617919922,46.34201152590809,45.66554953370641,46.0081724002502,60555600,QQQ
2010-11-02,46.368370056152344,46.50014963974091,46.19266841309296,46.254164658422546,48137500,QQQ
2010-11-03,46.579193115234375,46.59676394089495,45.999369273604586,46.41227529839737,126225800,QQQ
2010-11-04,47.15022659301758,47.31714774955145,47.00087961221579,47.088730383123654,84201000,QQQ
2010-11-05,47.15022659301758,47.27322236409752,47.009663348789736,47.17658450532361,77937100,QQQ
2010-11-08,47.211734771728516,47.29080182049449,46.956962797783426,47.07117150184376,39623500,QQQ
2010-11-09,46.95695877075195,47.47528641236756,46.74611220836068,47.39621937038238,66828700,QQQ
2010-11-10,47.19416809082031,47.23809348815144,46.64948243977669,47.01846315020279,83553700,QQQ
2010-11-11,46.89545822143555,46.983308992726634,46.262921944004965,46.4825522235248,85163600,QQQ
2010-11-12,46.13115310668945,46.88668197921096,45.779746588946736,46.64948082030587,99164300,QQQ
2010-11-15,45.95545196533203,46.45620885518222,45.937881136582014,46.36835471143215,56723400,QQQ
2010-11-16,45.19992446899414,45.902740884041435,44.67280964423891,45.63039805701991,101097000,QQQ
2010-11-17,45.33171081542969,45.568912037005596,45.11208042707723,45.22628916738277,77836200,QQQ
2010-11-18,46.060882568359375,46.37715084494575,45.79732678830192,45.82368136091959,71488300,QQQ
2010-11-19,46.09601593017578,46.20143755295214,45.806102278424575,45.99937804625871,54506100,QQQ
2010-11-22,46.48257064819336,46.48257064819336,45.83246328855788,45.91153035457715,69918900,QQQ
2010-11-23,45.7446174621582,46.078456594058,45.481061663834694,46.008173260481705,76818300,QQQ
2010-11-24,46.667049407958984,46.781258112605244,46.17507963648475,46.192650464222076,53444200,QQQ
2010-11-26,46.35956573486328,46.67583391404479,46.27171160103923,46.36834947259942,23640300,QQQ
2010-11-29,46.32443618774414,46.47378657862993,45.77096672953301,46.298081616355695,89269100,QQQ
2010-11-30,45.762176513671875,46.33321672243157,45.57768783747306,45.84124356794179,118862100,QQQ
2010-12-01,46.72854232788086,46.9657434586367,46.42106124243393,46.43863206892982,81758800,QQQ
2010-12-02,47.202945709228516,47.27322901687948,46.74611426337492,46.79882674411315,56844600,QQQ
2010-12-03,47.32594299316406,47.38743921801045,47.000891040219884,47.000891040219884,38014200,QQQ
2010-12-06,47.30836868286133,47.39622281995703,47.15902167673762,47.33472659963637,39312000,QQQ
2010-12-07,47.33473587036133,47.89698905272306,47.28202337777992,47.87941822186259,59067300,QQQ
2010-12-08,47.51042938232422,47.57192559987465,47.1678032900243,47.45771690244135,48066900,QQQ
2010-12-09,47.55434799194336,47.82668738760436,47.39621392613734,47.80033282706737,51679800,QQQ
2010-12-10,47.870635986328125,47.923345129272505,47.51922606066296,47.69493102349554,44696200,QQQ
2010-12-13,47.703712463378906,48.09026403323055,47.67735789317748,48.0551223720998,53110200,QQQ
2010-12-14,47.79155731201172,47.984829708017465,47.64220695692864,47.826695615008376,69884800,QQQ
2010-12-15,47.58070755004883,48.05510979729501,47.46649885690607,47.76519619576933,76951900,QQQ
2010-12-16,47.94970703125,48.01998701143932,47.49287543049147,47.62465165008159,65519400,QQQ
2010-12-17,47.9919548034668,48.13279679504954,47.895125304640295,48.009560472156885,36844200,QQQ
2010-12-20,48.02717208862305,48.20322208145038,47.67506538709165,48.0799857432959,48159600,QQQ
2010-12-21,48.317657470703125,48.317657470703125,48.07998594983919,48.21202680296528,35775400,QQQ
2010-12-22,48.30884552001953,48.37926483013074,48.22962169743341,48.300041007544614,35766500,QQQ
2010-12-23,48.18560791015625,48.30003970574495,48.071172756630006,48.220815885294094,21664800,QQQ
2010-12-27,48.21201705932617,48.29124088360303,47.719068446277085,48.04476825604734,29263700,QQQ
2010-12-28,48.12398910522461,48.344054912417924,48.01835845799438,48.30884693529967,24160500,QQQ
2010-12-29,48.2296142578125,48.32644373247448,48.17679726492312,48.256021075288636,24132700,QQQ
2010-12-30,48.11518096923828,48.23841726611574,48.018351490852496,48.2296161125976,27553300,QQQ
2010-12-31,47.939144134521484,48.079986144722284,47.719078283711596,48.05357931716538,38540100,QQQ
2011-01-03,48.6873664855957,49.0218641366772,48.370471146307416,48.38807681603878,90994300,QQQ
2011-01-04,48.65215301513672,48.89862566470388,48.344058845239765,48.86341432678343,43851500,QQQ
2011-01-05,49.065879821777344,49.083482133510216,48.47610164058187,48.502508466119316,43787400,QQQ
2011-01-06,49.224327087402344,49.259538428857766,49.013065754546474,49.11869642097441,46139600,QQQ
2011-01-07,49.18030548095703,49.33875313022231,48.696161378396575,49.312346307990666,72261700,QQQ
2011-01-10,49.36515426635742,49.45317922962792,48.925022734130714,49.074665843277984,55551800,QQQ
2011-01-11,49.435585021972656,49.611638347250725,49.250730541502726,49.56762585541568,56663800,QQQ
2011-01-12,49.787689208984375,49.787689208984375,49.47079391075172,49.67325404952532,51979300,QQQ
2011-01-13,49.805294036865234,49.93733150361127,49.65564754502787,49.822896346081244,47364500,QQQ
2011-01-14,50.175010681152344,50.19261635101059,49.69966766879416,49.822903999863726,43867400,QQQ
2011-01-18,50.31584930419922,50.377467465597356,49.726074514263345,49.796493831030666,65805600,QQQ
2011-01-19,49.74366760253906,50.40386494477979,49.57641881802885,50.40386494477979,67767200,QQQ
2011-01-20,49.39156723022461,49.6028285115388,49.013053796771025,49.532409203746575,92357800,QQQ
2011-01-21,49.013057708740234,49.72607214544419,48.986650885952685,49.63804380625604,59673300,QQQ
2011-01-24,49.690860748291016,49.69966190323005,49.0130576481009,49.10988714211917,64103300,QQQ
2011-01-25,49.761268615722656,49.77887427948892,49.338742759143415,49.44437338380397,55305100,QQQ
2011-01-26,50.025352478027344,50.15738992534374,49.69085156720556,49.831693525772025,60547700,QQQ
2011-01-27,50.33344268798828,50.48308579830665,50.104572408994485,50.18379621973278,53656100,QQQ
2011-01-28,49.057071685791016,50.368665436964434,48.82820471284275,50.32464958706778,123359900,QQQ
2011-01-31,49.294742584228516,49.43558457158022,48.75778145809454,49.12749377360394,70571300,QQQ
2011-02-01,50.219024658203125,50.33345983668829,49.61164414089867,49.664457794093146,76952900,QQQ
2011-02-02,50.139801025390625,50.324655528203344,50.034170360631684,50.11339419868546,48661000,QQQ
2011-02-03,50.22783279418945,50.298252122839315,49.64685906158938,50.04297492086422,45341900,QQQ
2011-02-04,50.509498596191406,50.54470656884081,50.086972702962896,50.219010155757076,47647800,QQQ
2011-02-07,50.74717330932617,51.02885725628819,50.527107515891,50.606331335845155,45627100,QQQ
2011-02-08,51.08167266845703,51.11688400253232,50.667951245854134,50.76477737765472,38099900,QQQ
2011-02-09,50.9936408996582,51.16088967733447,50.835193275359764,51.00244205303603,62540800,QQQ
2011-02-10,51.07289505004883,51.143314392713414,50.60635641133599,50.659170078849634,70194700,QQQ
2011-02-11,51.44257736206055,51.47778869402366,50.852802662396954,50.92322196838573,47853500,QQQ
2011-02-14,51.56582260131836,51.63624191492373,51.389769280398234,51.44258292611781,48506100,QQQ
2011-02-15,51.49539566040039,51.557013813923135,51.25772420055373,51.44257866112196,39723800,QQQ
2011-02-16,51.82990646362305,51.97074846387998,51.609840628350454,51.627446298124845,53061700,QQQ
2011-02-17,51.81227493286133,51.90910438932102,51.53939222446914,51.57460354644293,38361900,QQQ
2011-02-18,51.69784164428711,51.90910622566713,51.5041827245168,51.81227676578198,44334300,QQQ
2011-02-22,50.20140838623047,51.169699904883025,50.12218456523106,50.9936465962246,92598100,QQQ
2011-02-23,49.787689208984375,50.3774639578547,49.409175753644014,50.20141064128793,97842900,QQQ
2011-02-24,50.0517578125,50.20140091994432,49.417967338766225,49.89331019406656,98716100,QQQ
2011-02-25,50.74717330932617,50.808791462853016,50.280631543846084,50.333448543128036,54094600,QQQ
2011-02-28,50.852806091308594,51.099278715794675,50.5535164653165,50.94963558176746,51402800,QQQ
2011-03-01,50.034149169921875,51.072859780956776,49.910912886907035,51.072859780956776,91993900,QQQ
2011-03-02,50.298240661621094,50.62393711803118,49.990149872846395,50.00775554048177,61552900,QQQ
2011-03-03,51.29294204711914,51.38096703249067,50.764782061076126,50.764782061076126,64146600,QQQ
2011-03-04,51.02885818481445,51.284131957811724,50.69435723248387,51.27533080340668,62328400,QQQ
2011-03-07,50.34224319458008,51.28412440018323,49.884506000409104,51.24011191876887,98470000,QQQ
2011-03-08,50.54471206665039,50.773582382421154,49.97254299309883,50.28063377440062,62399100,QQQ
2011-03-09,50.20140838623047,50.41267302820809,49.9285289478506,50.359856028229295,84764200,QQQ
2011-03-10,49.41798400878906,49.75248502253336,49.21552384092594,49.63804984663222,102894400,QQQ
2011-03-11,49.726078033447266,49.875721190879496,49.136299843834024,49.136299843834024,81679400,QQQ
2011-03-14,49.550018310546875,49.81409660949392,49.17150485081226,49.453188817414144,73565800,QQQ
2011-03-15,48.8458137512207,49.13629890454017,47.9479447499765,48.09758790454814,101276500,QQQ
2011-03-16,47.66626739501953,48.713779696811585,47.33176634215221,48.44089681711211,176507700,QQQ
2011-03-17,48.10637664794922,48.62573197768879,47.64863946259087,48.4232685227939,94434500,QQQ
2011-03-18,47.99796676635742,48.67672628635684,47.96270574547214,48.67672628635684,94887200,QQQ
2011-03-21,48.92354965209961,49.17037008780156,48.04204425296268,48.729617388233095,57423000,QQQ
2011-03-22,48.835384368896484,49.02049963468845,48.72960133472239,48.99405555748249,36162100,QQQ
2011-03-23,49.10865020751953,49.24969089445086,48.32411117629681,48.65908406876193,60365100,QQQ
2011-03-24,49.981353759765625,50.087133459670795,49.205628114217,49.47889598187105,69502400,QQQ
2011-03-25,50.10475540161133,50.43972831714884,50.00778929216557,50.14001641644169,74131100,QQQ
2011-03-28,49.831485748291016,50.33394342178323,49.80504166947838,50.325129849737465,37824000,QQQ
2011-03-29,50.31633377075195,50.31633377075195,49.56705210470234,49.71690978298286,47994800,QQQ
2011-03-30,50.554325103759766,50.62484713834813,50.31632164371325,50.56314203942116,44935900,QQQ
2011-03-31,50.624847412109375,50.668922002627596,50.378027015066756,50.466176196103206,50004300,QQQ
2011-04-01,50.651283264160156,51.039147668122745,50.50142900821109,50.88047647789717,68031800,QQQ
2011-04-04,50.483795166015625,50.84521210593892,50.26341890111911,50.792320591800774,48659100,QQQ
2011-04-05,50.35157012939453,50.67772943595912,50.24579045944998,50.386831140267745,55349400,QQQ
2011-04-06,50.47496795654297,50.88927632625881,50.1840730946914,50.739422110720724,49532100,QQQ
2011-04-07,50.43972396850586,50.77469349248863,50.07830700434274,50.45735447440103,60697000,QQQ
2011-04-08,50.20172882080078,50.748261179548706,49.93727789641798,50.66892556596627,42782200,QQQ
2011-04-11,50.03422546386719,50.50142542983824,49.85792714293086,50.395642402066535,42451700,QQQ
2011-04-12,49.69044876098633,49.92845557606824,49.49651989744503,49.80504538217589,50422800,QQQ
2011-04-13,50.11357116699219,50.24579829705468,49.71689650215592,50.06068300510767,49979800,QQQ
2011-04-14,50.02540588378906,50.09592789383236,49.5670229065312,49.769768641393895,53544100,QQQ
2011-04-15,49.93727111816406,50.13119997629461,49.61111177177655,49.83148807262869,68530000,QQQ
2011-04-18,49.58467102050781,49.60230152928063,48.764870857288024,49.434816739952396,69065000,QQQ
2011-04-19,49.8931999206543,49.8931999206543,49.45244725929631,49.71690154625186,38608400,QQQ
2011-04-20,51.021522521972656,51.074410682486885,50.7129936807124,50.77469877642935,67397500,QQQ
2011-04-21,51.4270133972168,51.54161001453131,51.26834219252761,51.51516257196613,43666800,QQQ
2011-04-25,51.55923843383789,51.5856825126566,51.37411979408095,51.471085899983315,25376800,QQQ
2011-04-26,51.85013961791992,52.035254917240486,51.576871774154526,51.69146840059495,49400000,QQQ
2011-04-27,52.20273208618164,52.26443717297157,51.709088029187185,51.94709480509478,56465500,QQQ
2011-04-28,52.12339401245117,52.21154317147543,51.90301775221566,52.04405842425939,48100000,QQQ
2011-04-29,52.079315185546875,52.26443042200543,51.99116267103714,52.026423676841034,44831200,QQQ
2011-05-02,51.98236083984375,52.30851681049749,51.85013371955624,52.15865918332662,48149400,QQQ
2011-05-03,51.73555374145508,52.008821642002,51.41821460354192,51.95593010434492,38100000,QQQ
2011-05-04,51.65620040893555,51.89420720279073,51.22426476883468,51.76198344798804,53097200,QQQ
2011-05-05,51.37411880493164,51.98235950745358,51.197820465967574,51.400566245916465,72200000,QQQ
2011-05-06,51.54161071777344,52.185109117714894,51.400570018644835,51.885397211732176,72507000,QQQ
2011-05-09,51.73555374145508,51.93829959179256,51.42702817847988,51.62977402881736,40022000,QQQ
2011-05-10,52.176292419433594,52.25562802322089,51.81487541610823,51.88539744733051,38053600,QQQ
2011-05-11,51.797237396240234,52.28206788389047,51.44463737929239,52.09694926011718,61900000,QQQ
2011-05-12,52.10578155517578,52.17630023428467,51.33887284548301,51.63858479771683,66100000,QQQ
2011-05-13,51.48871612548828,52.07050939504901,51.471085618813675,51.9823602243513,63506600,QQQ
2011-05-16,50.598384857177734,51.40936778719049,50.48378827352829,51.250696629114174,73115300,QQQ
2011-05-17,50.73944091796875,50.74825449046022,50.22816628390023,50.33394596717542,63136000,QQQ
2011-05-18,51.16256332397461,51.25071250012586,50.607214098730296,50.668919194571274,42351100,QQQ
2011-05-19,51.31242370605469,51.42702033883746,50.99508125384144,51.321240642325016,35015800,QQQ
2011-05-20,50.924564361572266,51.312425504160046,50.8540423196421,51.259537335388465,44703300,QQQ
2011-05-23,50.17527770996094,50.37802687861187,49.93727424927205,50.22816923604497,43700000,QQQ
2011-05-24,49.86674880981445,50.30750140906166,49.857935237406714,50.29868783665392,39314800,QQQ
2011-05-25,50.060672760009766,50.298679527807934,49.77859141210265,49.80503548763303,41369000,QQQ
2011-05-26,50.369205474853516,50.51024616922402,49.90200880525289,49.91082237748056,40564100,QQQ
2011-05-27,50.624847412109375,50.67773893833667,50.41328466987591,50.45736262306984,30127200,QQQ
2011-05-31,51.44462585449219,51.44462585449219,50.83638532903656,51.10083948584733,47590100,QQQ
2011-06-01,50.32514190673828,51.44465413458476,50.28106731059928,51.32124392032511,51795000,QQQ
2011-06-02,50.43090057373047,50.60720224742176,50.14881924089429,50.42208700324953,50198100,QQQ
2011-06-03,49.67280960083008,50.23697567313238,49.60229094346417,49.84911128825736,57773700,QQQ
2011-06-06,49.267333984375,49.831496876197214,49.24088989965711,49.55823236697613,50175600,QQQ
2011-06-07,49.17918014526367,49.59348533828144,49.14391912718853,49.39955646421968,46311100,QQQ
2011-06-08,48.82657241821289,49.16154533526972,48.685531720927194,49.07339279779399,46426400,QQQ
2011-06-09,48.914730072021484,49.15273354141173,48.685536813287136,48.84420803466451,45307500,QQQ
2011-06-10,48.165435791015625,48.782490003637186,48.12136121068728,48.68552390930988,53740600,QQQ
2011-06-13,48.165435791015625,48.4210730646649,47.997951040697956,48.191879866677645,37736800,QQQ
2011-06-14,48.78249740600586,48.89709402238865,48.509229586223974,48.53567702857411,40565300,QQQ
2011-06-15,47.85691452026367,48.61500947334734,47.75994841751922,48.31529759335322,59022400,QQQ
2011-06-16,47.67179870605469,48.04202924394227,47.2663037935002,47.88335805265468,66316200,QQQ
2011-06-17,47.52251434326172,48.23813285861978,47.38115730823392,48.0614390924982,70337000,QQQ
2011-06-20,47.76986312866211,47.91122008916927,47.38996566538367,47.38996566538367,37402900,QQQ
2011-06-21,48.79470443725586,48.84771456399551,47.73452549397461,47.93772592448599,55892800,QQQ
2011-06-22,48.441322326660156,48.874226643011845,48.432485618855765,48.591512657169275,36833300,QQQ
2011-06-23,48.89188766479492,48.91839104288346,47.76103193013821,47.9200589391013,80743300,QQQ
2011-06-24,48.04375076293945,48.70636224444845,47.946567206416866,48.662188819724435,56298300,QQQ
2011-06-27,48.81237030029297,49.05974413013313,47.99073194236309,48.09674881654949,49968900,QQQ
2011-06-28,49.536827087402344,49.5456637932281,48.84771232248857,48.91838911801562,47028800,QQQ
2011-06-29,49.74003601074219,49.83721957014246,49.38664523226963,49.65168915867814,65407300,QQQ
2011-06-30,50.40264892578125,50.43798901568479,49.89023110304582,49.91673448536524,50347200,QQQ
2011-07-01,51.16244125366211,51.23312142966463,50.28779261182054,50.42915296382558,53203900,QQQ
2011-07-05,51.41865539550781,51.4716621609625,51.09176798440999,51.21545493075963,43128800,QQQ
2011-07-06,51.58650207519531,51.67485227785976,51.18893458874435,51.356798288699,49282700,QQQ
2011-07-07,52.29329299926758,52.443486676364,51.895728836247194,51.975242342894475,54799800,QQQ
2011-07-08,52.15194320678711,52.16077991441755,51.568845201188026,51.842725844051415,69519500,QQQ
2011-07-11,51.20661926269531,51.869230806064195,51.02992217708696,51.60418686275996,52080800,QQQ
2011-07-12,50.81787872314453,51.30379308865793,50.764868596460616,51.19777620550605,84000700,QQQ
2011-07-13,51.02991485595703,51.542335993683864,50.84438445928329,51.18894187316769,82378100,QQQ
2011-07-14,50.437992095947266,51.40098769822206,50.24362495982422,51.16244713213013,98774200,QQQ
2011-07-15,51.109432220458984,51.109432220458984,50.63235450305048,51.00341532439224,68281500,QQQ
2011-07-18,50.835567474365234,51.05643802817786,50.34081622054677,50.8267307648911,59512200,QQQ
2011-07-19,51.99290466308594,52.03708145102673,51.32145995110421,51.32145995110421,73904600,QQQ
2011-07-20,51.77204132080078,52.29329581012553,51.683694473206565,52.28446247345259,57085500,QQQ
2011-07-21,52.116607666015625,52.408154990302975,51.54234298483817,51.825056971511714,70148800,QQQ
2011-07-22,52.655521392822266,52.74387160747022,52.054753414080515,52.0900934999397,43620400,QQQ
2011-07-25,52.54951858520508,52.84106931633523,52.143117599584556,52.24030117662794,48916100,QQQ
2011-07-26,52.68203353881836,52.858730615998184,52.408152900678814,52.514169798900134,40918900,QQQ
2011-07-27,51.321468353271484,52.38164740332017,51.18894470818429,52.33747397836321,83969500,QQQ
2011-07-28,51.40981674194336,52.063594909610245,51.144772814052175,51.347973271109296,61031900,QQQ
2011-07-29,51.24195098876953,51.78087549529978,50.74719990387605,50.99457713143081,82860500,QQQ
2011-08-01,51.00341033935547,51.9664057575648,50.38497232734852,51.860388871860074,85421100,QQQ
2011-08-02,49.71354293823242,50.99459278010984,49.66053279387149,50.764885524762875,90853300,QQQ
2011-08-03,50.19062423706055,50.25246772050892,48.900737683181525,49.775386530863955,103612300,QQQ
2011-08-04,47.858219146728516,49.554506368462214,47.858219146728516,49.47499285228382,132830000,QQQ
2011-08-05,47.55784606933594,48.618021960232,46.22378612661849,48.344144648844534,214111800,QQQ
2011-08-08,44.69535446166992,46.930562840543224,44.69535446166992,46.100090974808474,204804500,QQQ
2011-08-09,46.85103988647461,46.89521667369463,44.11224758961792,45.366790157662464,193707100,QQQ
2011-08-10,44.933895111083984,46.859886142923706,44.88088497774493,45.790873730542096,205917900,QQQ
2011-08-11,46.91289520263672,47.434149743564525,45.35796828761725,45.578838798684686,143825300,QQQ
2011-08-12,47.32814025878906,47.61969099679145,46.71853876598917,47.20445329244274,90483300,QQQ
2011-08-15,48.02608871459961,48.02608871459961,47.29279693527756,47.52250417443112,73554300,QQQ
2011-08-16,47.619667053222656,48.01723113937525,46.98355912303391,47.557823601144904,89219200,QQQ
2011-08-17,47.33696365356445,48.07908524290732,46.842212557119765,47.681521068678244,84416600,QQQ
2011-08-18,45.013404846191406,46.064747125845045,44.598167262110685,46.05591378947179,130019400,QQQ
2011-08-19,44.200592041015625,45.64950161003529,44.16525533144638,44.54514939337817,96674600,QQQ
2011-08-22,44.359649658203125,45.2696388047823,44.22712932283416,45.26080209362701,77107700,QQQ
2011-08-23,46.18844985961914,46.18844985961914,44.47449554841587,44.6600260076777,75688400,QQQ
2011-08-24,46.550662994384766,46.63901321201204,45.68485108293466,46.055915256536814,80197700,QQQ
2011-08-25,45.7908821105957,46.73620775507045,45.63185505169182,46.52417055312628,93623700,QQQ
2011-08-26,46.939388275146484,47.09841526638367,45.19009474175299,45.640668970114646,91573300,QQQ
2011-08-29,48.24695587158203,48.29996263828268,47.38997719427776,47.40764723991684,45985800,QQQ
2011-08-30,48.56501007080078,48.85655739901344,47.80521495755475,48.070258902352606,61617900,QQQ
2011-08-31,48.64451599121094,49.245283969673025,48.23811174445171,48.856549765835155,60900400,QQQ
2011-09-01,48.202781677246094,49.15694053509063,48.114431450453466,48.768209647852714,57158400,QQQ
2011-09-02,47.07191467285156,48.24694722053378,46.81570748256627,47.33696193969621,58185700,QQQ
2011-09-06,47.080745697021484,47.151422488158346,45.8615398754164,45.976393452506336,52992200,QQQ
2011-09-07,48.27345275878906,48.282289465527754,47.61967800920422,47.75219827833924,48952200,QQQ
2011-09-08,48.05257797241211,48.74169274684034,47.89355096751085,48.026074595000516,61422800,QQQ
2011-09-09,46.983577728271484,47.92006995520451,46.692027021410716,47.716866109092436,63663500,QQQ
2011-09-12,47.584346771240234,47.619686864334376,46.44465404558006,46.462324092127126,65973000,QQQ
2011-09-13,48.220458984375,48.31763919315694,47.53134059248077,47.76104784651786,59020000,QQQ
2011-09-14,48.90956115722656,49.457319021065224,47.99073912289217,48.4678201834369,90757300,QQQ
2011-09-15,49.6340217590332,49.72236861580492,48.936070131800335,49.439654629875555,83536100,QQQ
2011-09-16,50.088966369628906,50.14207481212407,49.64640614490218,49.74376993457671,91902100,QQQ
2011-09-19,50.1066780090332,50.37221351534443,49.06223542460419,49.469390092712544,73042900,QQQ
2011-09-20,49.88540267944336,50.761670272614055,49.77033604421527,50.363368662882365,66570100,QQQ
2011-09-21,49.01799011230469,50.38992665638066,49.00913701361579,50.14209391657716,79938000,QQQ
2011-09-22,47.42475509643555,48.20365865751558,46.69010350587612,47.769951529988425,151885500,QQQ
2011-09-23,47.92927169799805,48.13284898774183,46.99104284501389,47.02644847187361,85940600,QQQ
2011-09-26,48.48689270019531,48.57540676291454,47.09725399193285,48.1682488273386,96261400,QQQ
2011-09-27,48.99142837524414,49.74378298047341,48.6639346684679,49.31007236085019,81148600,QQQ
2011-09-28,48.26563262939453,49.54020864953434,48.15056936482897,49.203861824612154,76757100,QQQ
2011-09-29,47.6902961730957,49.062232350120645,46.88483660776104,49.00027418174621,116900200,QQQ
2011-09-30,46.45998001098633,47.45131409983698,46.43342409799962,47.05300916970641,104870100,QQQ
2011-10-03,45.26506423950195,46.77861956472575,45.238511703557755,46.043971266378634,99149500,QQQ
2011-10-04,46.19443130493164,46.282945368597304,44.34452958014774,44.80479258181036,137013700,QQQ
2011-10-05,47.38051223754883,47.51328169943242,45.72533739546315,46.07938704284094,108825700,QQQ
2011-10-06,48.177120208740234,48.18596993013818,47.097271868944524,47.318552045035936,71939200,QQQ
2011-10-07,47.858455657958984,48.380676784280155,47.54866489508459,48.15054698564005,72525200,QQQ
2011-10-10,49.51364517211914,49.51364517211914,48.58426921696871,48.67278330289126,48230200,QQQ
2011-10-11,49.849979400634766,49.9738957132749,49.301205711885764,49.38086668093532,66449100,QQQ
2011-10-12,50.097808837890625,50.65543558575237,50.06240659115079,50.32794201226293,85627600,QQQ
2011-10-13,50.55807876586914,50.620036926770545,49.94734687564109,50.00045531775652,63443700,QQQ
2011-10-14,51.49633026123047,51.505179983902025,50.90329754819577,51.17768622156622,65643600,QQQ
2011-10-17,50.69969177246094,51.41664046024561,50.42530662920219,51.257318529626794,65161300,QQQ
2011-10-18,51.32814407348633,51.593679572987746,50.150932077858386,50.62004490619312,91434600,QQQ
2011-10-19,50.33679962158203,51.204217267323095,50.16862794968731,51.04489531438426,67639400,QQQ
2011-10-20,50.088966369628906,50.38105436218593,49.38087068535946,50.32794929615732,80378300,QQQ
2011-10-21,50.71742248535156,51.03606652188368,50.25715925219049,50.62005865458141,60455800,QQQ
2011-10-24,51.77069854736328,51.91231768961483,50.72625610708306,50.90327750254749,61449500,QQQ
2011-10-25,50.7528190612793,51.62023690771982,50.64660552690038,51.60253408924544,65299200,QQQ
2011-10-26,50.69084548950195,51.1422554058649,49.75261665411401,51.036041903744156,98193800,QQQ
2011-10-27,52.08932876586914,52.39912289949318,51.36353038355662,51.90345431157433,104455500,QQQ
2011-10-28,52.16898727416992,52.2309454226865,51.77953557257061,51.797238383070464,42950000,QQQ
2011-10-31,51.2927360534668,51.90346801155285,51.25733042145595,51.71759350819626,60520200,QQQ
2011-11-01,49.95620346069336,51.2573317713904,49.672965150080906,50.02701472657997,99933000,QQQ
2011-11-02,50.38105392456055,50.59348431622942,49.903091452122,50.47841771338934,65003800,QQQ
2011-11-03,51.425498962402344,51.496310222091545,50.19518202526947,50.77936141183856,78994200,QQQ
2011-11-04,51.15993881225586,51.38121882734041,50.64657093302153,51.17764161863843,61527800,QQQ
2011-11-07,51.522850036621094,51.558255657724985,50.60232414671505,51.12454524036695,65559000,QQQ
2011-11-08,52.115882873535156,52.20439355067999,51.31042355623997,51.89460280420718,62906900,QQQ
2011-11-09,50.283695220947266,51.186518507403456,50.124373265898136,51.10685752987889,69539000,QQQ
2011-11-10,50.25715255737305,50.823629268427766,49.77033684483961,50.77937390846428,66052400,QQQ
2011-11-11,51.2042121887207,51.35468440777931,50.62888597258578,50.690844128531594,54471000,QQQ
2011-11-14,50.885581970214844,51.34584168551249,50.69970408836228,51.06260337926766,44617600,QQQ
2011-11-15,51.452049255371094,51.65562654005048,50.68199208442774,50.73510052339615,52203900,QQQ
2011-11-16,50.60234832763672,51.47861929813212,50.504987887774995,51.080314311543304,68342800,QQQ
2011-11-17,49.41626739501953,50.48726213521261,49.10647326774267,50.46955932424257,101706900,QQQ
2011-11-18,49.035667419433594,49.47822758250983,48.94715336093869,49.42511914741289,60417000,QQQ
2011-11-21,48.097450256347656,48.44264672655283,47.6017815386495,48.37183883914847,52283700,QQQ
2011-11-22,48.25677490234375,48.39839406148072,47.68144516908709,47.97353658406982,51940100,QQQ
2011-11-23,47.16807556152344,47.946979225063394,47.141519648664655,47.8938741522798,48437300,QQQ
2011-11-25,46.805179595947266,47.50442232359019,46.796326498875516,46.96450157856647,25448100,QQQ
2011-11-28,48.433799743652344,48.49575791480733,47.92042818097727,47.946980718195945,46710700,QQQ
2011-11-29,48.13285446166992,48.77013893528829,47.991235314591755,48.4072396598713,52056700,QQQ
2011-11-30,49.91194152832031,49.95619687543218,49.27465372521652,49.44282877129477,66918600,QQQ
2011-12-01,50.25715255737305,50.38992201373104,49.876550384045494,49.90310630119761,45362200,QQQ
2011-12-02,50.115509033203125,50.75279671177538,50.071253694739134,50.75279671177538,36938900,QQQ
2011-12-05,50.66427993774414,51.00062317076652,50.38103837743587,50.86785717135205,40492200,QQQ
2011-12-06,50.52267837524414,50.85017200585275,50.35450332391721,50.708552864794974,38670000,QQQ
2011-12-07,50.52267837524414,50.75280821328803,49.876537456672224,50.38105585771971,44576200,QQQ
2011-12-08,49.6729736328125,50.5846502662226,49.57560981382493,50.19519499027234,51692600,QQQ
2011-12-09,50.46955871582031,50.62002754255283,49.77916597864117,49.79686541293189,55757900,QQQ
2011-12-12,49.90308380126953,50.460707163033995,49.47822645953498,49.9384860473979,55411700,QQQ
2011-12-13,49.35432052612305,50.434168680738054,49.15074320420606,50.230591358821066,68557700,QQQ
2011-12-14,48.58427429199219,49.20385945230224,48.30988903813833,49.16845381423481,63682800,QQQ
2011-12-15,48.451507568359375,49.053386525148625,48.38069629316802,49.000281445222555,58732900,QQQ
2011-12-16,48.70094680786133,49.36674538058325,48.62105084367763,48.70982263213656,60978900,QQQ
2011-12-19,48.221580505371094,49.002785265852246,48.088419410070365,48.8873792090201,46733900,QQQ
2011-12-20,49.650821685791016,49.71296261814956,48.97614386814568,49.002778115175644,81758800,QQQ
2011-12-21,48.940643310546875,49.39338492962095,48.372495637031456,49.357874853419425,78552300,QQQ
2011-12-22,49.35786437988281,49.384498624595906,48.976139607784965,49.04715974511784,40334100,QQQ
2011-12-23,49.78398513793945,49.78398513793945,49.34011937909089,49.455522038164084,26594600,QQQ
2011-12-27,49.96968078613281,50.12960907388888,49.694242144520075,49.747553833364314,21443500,QQQ
2011-12-28,49.39215087890625,49.98744950380826,49.25887334737287,49.90748366276591,38180100,QQQ
2011-12-29,49.747554779052734,49.78309251623613,49.31218445201933,49.47211613220398,28077900,QQQ
2011-12-30,49.605377197265625,49.86304180591674,49.596490223878234,49.640914922653444,21832400,QQQ
2012-01-03,50.556095123291016,50.81375980908854,50.42281759767401,50.56497870995096,39514100,QQQ
2012-01-04,50.76932907104492,50.84041131344056,50.25399637122803,50.47612329463259,29403400,QQQ
2012-01-05,51.18693923950195,51.23136395539025,50.467246640312666,50.66271945748746,41260600,QQQ
2012-01-06,51.36463165283203,51.48013521413758,51.00034362931072,51.195813019652064,46325200,QQQ
2012-01-09,51.19581985473633,51.51568321358403,51.02700458840598,51.49791265038267,39195500,QQQ
2012-01-10,51.56900405883789,51.8888674744747,51.213599510488336,51.73781935514,35949900,QQQ
2012-01-11,51.67561340332031,51.79112036610516,51.3646370297322,51.56010644053547,37144100,QQQ
2012-01-12,51.879966735839844,51.95104898241132,51.40905871516204,51.791117317013565,26188300,QQQ
2012-01-13,51.693397521972656,51.71116808932184,51.24914350641042,51.60454807461587,35980400,QQQ
2012-01-17,52.164310455322266,52.386437483378714,51.96884097541743,52.146539886351015,41790800,QQQ
2012-01-18,52.857322692871094,52.857322692871094,52.13763026117279,52.26202079246657,48692700,QQQ
2012-01-19,53.18606948852539,53.28380587419671,52.999483691909845,53.09721668819339,47774500,QQQ
2012-01-20,53.10610580444336,53.13275995092391,52.91952000030368,52.95505773248178,41041700,QQQ
2012-01-23,53.123878479003906,53.497050102131624,52.812898737009434,53.114991503564845,40958300,QQQ
2012-01-24,53.026145935058594,53.16830704791177,52.78624842160856,52.88398482220542,38440200,QQQ
2012-01-25,53.692535400390625,53.82581294792815,53.15943198901818,53.541487287222175,61591800,QQQ
2012-01-26,53.50593566894531,54.021268381038766,53.24826761820461,53.92353199011037,37852700,QQQ
2012-01-27,53.66586685180664,53.7635998524785,53.36377409588911,53.39042824249162,45532300,QQQ
2012-01-30,53.71031188964844,53.7902777491125,53.00838972206271,53.21274616527326,42797800,QQQ
2012-01-31,53.78137969970703,54.07458892051443,53.434862176489915,53.97685251357863,51449600,QQQ
2012-02-01,54.21675491333008,54.41222774476263,53.89689151258183,54.092364344014385,46146700,QQQ
2012-02-02,54.38555145263672,54.563253657278146,54.172311518577125,54.39443842703199,46373600,QQQ
2012-02-03,55.13191604614258,55.1941113297164,54.80316906305398,54.892018499762656,36453800,QQQ
2012-02-06,55.08747482299805,55.10524538289328,54.78538208355448,54.927543173328644,28541300,QQQ
2012-02-07,55.20298385620117,55.30960383021878,54.79426774192261,55.04305220048084,37935700,QQQ
2012-02-08,55.49619674682617,55.49619674682617,55.00751813142568,55.21187452006995,41171100,QQQ
2012-02-09,55.89601135253906,55.95820661157672,55.371791748230656,55.70942557542609,46856400,QQQ
2012-02-10,55.50508117675781,55.656125869935806,55.30960838380922,55.49619420104844,58090500,QQQ
2012-02-13,56.02040481567383,56.091487052246556,55.66500380097299,55.92266843508013,36810200,QQQ
2012-02-14,56.16257858276367,56.17146555903603,55.700554108863635,55.89602691419513,51648200,QQQ
2012-02-15,55.77164840698242,56.74012227714901,55.68279557201034,56.42914243883037,105709100,QQQ
2012-02-16,56.5357551574707,56.59795043550383,55.64724731198207,55.78940843168471,83642300,QQQ
2012-02-17,56.35805130004883,56.58906184194377,56.109270195025296,56.544637128816476,76112300,QQQ
2012-02-21,56.51799011230469,56.766771248728425,56.16258558365182,56.420253697455706,38141300,QQQ
2012-02-22,56.260318756103516,56.580182135578966,56.18035291123466,56.41136685836185,43174700,QQQ
2012-02-23,56.63347625732422,56.6956715185488,56.05594495808167,56.331383535924466,54250000,QQQ
2012-02-24,56.82896041870117,56.92669682303485,56.68679930041266,56.793419291781944,41364900,QQQ
2012-02-27,56.90892028808594,57.095506089638015,56.26919366632126,56.51797473505736,42678500,QQQ
2012-02-28,57.48646545410156,57.48646545410156,56.89116671515112,56.962248982757245,43717500,QQQ
2012-02-29,57.22879409790039,57.71746935006051,57.04220148334117,57.53088351427825,59784400,QQQ
2012-03-01,57.681915283203125,57.735230352021915,57.273202575728114,57.44202119923263,67558900,QQQ
2012-03-02,57.63749313354492,57.824078924771534,57.45090734231832,57.601952014438616,33358200,QQQ
2012-03-05,57.04218292236328,57.67302925840235,56.855600536681614,57.601947026345165,45788800,QQQ
2012-03-06,56.48244094848633,56.61571847512328,56.180348158912416,56.48244094848633,54638600,QQQ
2012-03-07,56.91780471801758,57.05108223726149,56.66014004454112,56.74898946444499,42741800,QQQ
2012-03-08,57.5308837890625,57.699702451242906,57.13105796458754,57.25544852236984,43711100,QQQ
2012-03-09,57.77077865600586,57.877402040638756,57.59307979372811,57.628620921939074,43117200,QQQ
2012-03-12,57.797447204589844,57.850755514544375,57.50423794228396,57.75301909377575,32687300,QQQ
2012-03-13,58.87251663208008,58.87251663208008,57.99288921005978,58.10839953874788,61559100,QQQ
2012-03-14,59.07688522338867,59.29901218654646,58.712600528773905,58.934727491931696,59926900,QQQ
2012-03-15,59.24569320678711,59.3700837414345,58.95248404135724,59.25458018176928,65531200,QQQ
2012-03-16,59.20386505126953,59.337368817712445,59.061466013271755,59.337368817712445,53023100,QQQ
2012-03-19,59.62218475341797,59.764590608138384,59.14157517916392,59.301778370581935,60966200,QQQ
2012-03-20,59.72898864746094,59.7912895108115,59.150476750471555,59.31067994055654,47290600,QQQ
2012-03-21,59.737884521484375,60.06718614066802,59.657779539599076,59.737884521484375,39648100,QQQ
2012-03-22,59.61327362060547,59.755672647156935,59.34626610918223,59.38186756339087,56953900,QQQ
2012-03-23,59.57767868041992,59.70228038863215,59.23946822360061,59.68447626443964,45541700,QQQ
2012-03-26,60.618995666503906,60.618995666503906,59.92478421152868,59.978183003362524,40855300,QQQ
2012-03-27,60.70799255371094,60.957195955510606,60.636789641687194,60.66349582640867,37278200,QQQ
2012-03-28,60.46770477294922,60.975013751882905,60.11169692328164,60.74360763105624,44421900,QQQ
2012-03-29,60.23627853393555,60.45878251687853,59.80906789896064,60.16507562972595,53975300,QQQ
2012-03-30,60.120601654052734,60.538903596413434,59.880293458994934,60.503308921124,39480900,QQQ
2012-04-02,60.743614196777344,60.82371240671069,59.951500210547714,60.05830461407786,40031600,QQQ
2012-04-03,60.72581481933594,61.01061976223596,60.38760428132092,60.79701096234685,45539900,QQQ
2012-04-04,59.89807891845703,60.307485459538036,59.55097322514307,60.27188400505928,54088100,QQQ
2012-04-05,60.27188491821289,60.32528370559848,59.74677194454938,59.79127546089286,42979900,QQQ
2012-04-09,59.81795883178711,60.058266891219986,59.417454453107545,59.524251999272,36908200,QQQ
2012-04-10,58.85678482055664,60.022710976091965,58.66988218271202,59.79130480006629,69254200,QQQ
2012-04-11,59.14154815673828,59.53315728800399,58.990247097942635,59.37295416978455,62950000,QQQ
2012-04-12,59.81795883178711,59.880259663810186,59.16825112501524,59.25725134357943,57407400,QQQ
2012-04-13,58.91016387939453,59.809075191078854,58.883464484631325,59.61327736605417,55227500,QQQ
2012-04-16,58.25153732299805,59.23945550477546,58.064634800808044,59.20385405431798,57588000,QQQ
2012-04-17,59.435279846191406,59.62218243051649,58.41175987369105,58.500766924566,47362400,QQQ
2012-04-18,59.28398132324219,59.63108710796126,59.10598079425776,59.26617719617279,42536100,QQQ
2012-04-19,58.616458892822266,59.78237777122171,58.40285693737678,59.07036898964218,81110900,QQQ
2012-04-20,58.45625305175781,59.19496798543804,58.367252806921464,58.93686252221422,59906900,QQQ
2012-04-23,57.92224884033203,58.01124909138813,57.39713581561839,57.90444471595047,70514400,QQQ
2012-04-24,57.61075210571289,58.055760209513195,57.361541863745494,57.81545203090155,49661500,QQQ
2012-04-25,59.14154815673828,59.177149604151694,58.71434436834095,58.803344591733584,57526900,QQQ
2012-04-26,59.48867416381836,59.6221779397907,59.052568166573884,59.13267314827094,41799500,QQQ
2012-04-27,59.84467697143555,60.031579526073116,59.42636834379185,59.737879391804675,46003800,QQQ
2012-04-30,59.41747283935547,59.78237588546932,59.37296932116141,59.66667624456171,37787700,QQQ
2012-05-01,59.5153923034668,60.191799801074275,59.26618203613799,59.35518909818388,37643800,QQQ
2012-05-02,59.68449020385742,59.72899373444873,59.07927885535681,59.22168472102068,38299300,QQQ
2012-05-03,59.05255889892578,59.76457439884587,58.90125781203475,59.720070883744725,51297600,QQQ
2012-05-04,57.584049224853516,59.05257740984404,57.57515395127137,58.50966694878521,107554000,QQQ
2012-05-07,57.637428283691406,57.91333102399676,57.21911974820777,57.23691707746403,50267800,QQQ
2012-05-08,57.4238395690918,57.61964421044276,56.49822534439229,57.27253845178767,72659700,QQQ
2012-05-09,57.245826721191406,57.566233012508086,56.524912565728876,56.75631861840936,85715300,QQQ
2012-05-10,57.13014221191406,57.521744723624195,56.91653682944937,57.50394738729931,49448900,QQQ
2012-05-11,57.12124252319336,57.72645383766976,56.88093773110927,56.93433992773102,47099900,QQQ
2012-05-14,56.58723068237305,57.03223877495487,56.498227026771296,56.63173081260277,46360000,QQQ
2012-05-15,56.40031814575195,57.201330582183495,56.302415833543876,56.73852520743207,66908600,QQQ
2012-05-16,56.017608642578125,56.765222256084094,55.901909001245635,56.596120429807684,52825900,QQQ
2012-05-17,54.833892822265625,56.124416854720614,54.82499075992799,56.03541320705427,62253900,QQQ
2012-05-18,54.12189865112305,55.14541547677688,54.07739511488942,55.00301298820143,79496500,QQQ
2012-05-21,55.63490676879883,55.68830895882729,54.15748012943225,54.228683049470206,61473000,QQQ
2012-05-22,55.572601318359375,56.02651140823122,55.172096809244216,55.79510533237527,62954800,QQQ
2012-05-23,55.679412841796875,55.8129132302699,54.620291426142735,55.10090097298702,56951100,QQQ
2012-05-24,55.31450271606445,55.812909565868395,54.90509272425718,55.75951077204199,83131200,QQQ
2012-05-25,55.24329376220703,55.46579776588762,55.083090607945664,55.3678954610455,32078900,QQQ
2012-05-29,55.94641876220703,56.20452427451981,55.43020773758148,55.75951617541876,44216700,QQQ
2012-05-30,55.474700927734375,55.67050214616097,54.89618914863255,55.439099471605275,56431800,QQQ
2012-05-31,55.234405517578125,55.54590982344909,54.81609682528657,55.4035073700306,55260100,QQQ
2012-06-01,53.76587677001953,54.57579135006058,53.74807603917726,54.23758425434189,71430800,QQQ
2012-06-04,54.1752815246582,54.25538311311342,53.43656989347535,53.91717942420664,74119500,QQQ
2012-06-05,54.39777755737305,54.504581923029505,53.96167161393826,53.98837100778155,47916900,QQQ
2012-06-06,55.643795013427734,55.688295129829754,54.753779104822314,54.80718128158949,58781800,QQQ
2012-06-07,55.42130661010742,56.231221178725185,55.37680648120051,56.231221178725185,38414800,QQQ
2012-06-08,55.955318450927734,56.026521377750946,55.145403831597015,55.332306421794314,39730800,QQQ
2012-06-11,55.011898040771484,56.40922308876984,54.97629658085179,56.382520296259024,51008900,QQQ
2012-06-12,55.679412841796875,55.70611224046303,54.896197661214586,55.27000282310975,48802600,QQQ
2012-06-13,55.29669952392578,55.937508787300224,55.109793568430604,55.51920354200596,50840100,QQQ
2012-06-14,55.50141906738281,55.723923150625915,55.003008698666825,55.28781365360657,65170600,QQQ
2012-06-15,56.19095993041992,56.27124560803607,55.628960187106905,55.65572094533068,41536100,QQQ
2012-06-18,56.717288970947266,56.860018718031796,55.869829608844206,55.959034424667436,32191200,QQQ
2012-06-19,57.3060417175293,57.54690218789186,56.9581381989084,57.00274400627648,36476500,QQQ
2012-06-20,57.350650787353516,57.600426988685975,56.922461555235515,57.430933078114215,51389700,QQQ
2012-06-21,55.92335891723633,57.36849823288361,55.86091485688371,57.30605417253099,42492700,QQQ
2012-06-22,56.51210021972656,56.58346678015625,55.95902298817606,56.1106752276167,29504200,QQQ
2012-06-25,55.42380905151367,56.06609133160416,55.26323763075449,56.04825308747201,33136400,QQQ
2012-06-26,55.771697998046875,55.9322693765868,55.3613504319761,55.61112661950695,30611100,QQQ
2012-06-27,56.11068344116211,56.36045963333875,55.92334789408424,55.985791942128394,35705800,QQQ
2012-06-28,55.48624038696289,55.72709746285205,54.89747978021565,55.69141417688059,49793400,QQQ
2012-06-29,57.234676361083984,57.234676361083984,56.38721374513815,56.55670762950531,44761300,QQQ
2012-07-02,57.4041633605957,57.43092412000845,56.97597419526688,57.31495856058991,33425600,QQQ
2012-07-03,57.885894775390625,57.885894775390625,57.350659009247146,57.43986383595572,15895100,QQQ
2012-07-05,57.921566009521484,58.20702547909907,57.520140969952905,57.83236120138298,37016200,QQQ
2012-07-06,57.198997497558594,57.70747238404162,56.779727418093714,57.653944055118316,40684100,QQQ
2012-07-09,57.09195327758789,57.323891243427624,56.8064937834356,57.13655908844248,35628300,QQQ
2012-07-10,56.52996063232422,57.54691403848817,56.306945161339726,57.4041808702299,47365700,QQQ
2012-07-11,56.21772384643555,56.610229735192476,55.753851394480066,56.4585808928131,43432000,QQQ
2012-07-12,55.69142532348633,55.92335992283147,55.18295030693117,55.77171103151852,57680400,QQQ
2012-07-13,56.53886795043945,56.66375603613021,55.807377674583485,55.84305755410576,32357200,QQQ
2012-07-16,56.37832260131836,56.663782186909096,56.15530708739142,56.41400590025387,27621400,QQQ
2012-07-17,56.67267990112305,56.86001544829204,55.86982639604535,56.73512394919758,42467800,QQQ
2012-07-18,57.43984603881836,57.60933992117316,56.547784436344536,56.56562607674741,44489700,QQQ
2012-07-19,58.073219299316406,58.260551452482034,57.734238280144,57.841281335729434,53017800,QQQ
2012-07-20,57.3060417175293,58.07321532420375,57.27928095546471,58.05537708479091,40573100,QQQ
2012-07-23,56.61023712158203,56.806491793039925,55.76277778922215,56.19097041839309,48657800,QQQ
2012-07-24,56.16419982910156,56.78864365537142,55.79845469417773,56.7083579719518,57269700,QQQ
2012-07-25,55.7895393371582,56.155284496745296,55.44163581986137,55.72709529061494,46264400,QQQ
2012-07-26,56.52996063232422,56.85110345501325,56.173137920516645,56.59240469196419,41928200,QQQ
2012-07-27,57.868038177490234,57.97508121323119,56.770799419916344,56.94029330102602,42621000,QQQ
2012-07-30,57.823448181152344,58.260556576986154,57.62719348746198,58.01078035079541,37821300,QQQ
2012-07-31,57.80560302734375,58.14458403580165,57.75207469535183,57.912646079545766,34588300,QQQ
2012-08-01,57.636104583740234,58.23378426446229,57.40416664573975,58.21594602579627,30920200,QQQ
2012-08-02,57.43091583251953,58.001834637238986,57.01164924945996,57.19898474715094,40534900,QQQ
2012-08-03,58.519256591796875,58.76903282338517,58.15351476865455,58.35868518493413,42117400,QQQ
2012-08-06,58.965274810791016,59.22397351085446,58.69766039430119,58.82254848317452,23523600,QQQ
2012-08-07,59.45591735839844,59.6967710377636,59.1258520587807,59.2150568731422,28223300,QQQ
2012-08-08,59.42914581298828,59.55403389161528,59.206130414598654,59.30425773436128,20723500,QQQ
2012-08-09,59.60756301879883,59.687852111531456,59.31318102193038,59.42023087694365,20726200,QQQ
2012-08-10,59.64324951171875,59.661087752235034,59.24182444413708,59.39347330914428,20312000,QQQ
2012-08-13,59.785980224609375,59.794902748465404,59.322111072469575,59.625408824658756,19890300,QQQ
2012-08-14,59.812747955322266,60.133890756077975,59.64325403106465,60.008995839436004,24218700,QQQ
2012-08-15,59.96438980102539,60.053594611689064,59.75921261119721,59.76813513403082,29100400,QQQ
2012-08-16,60.678035736083984,60.811846356444775,60.11603929763772,60.18740586928226,35699900,QQQ
2012-08-17,60.94565200805664,60.95457453025749,60.66911507284302,60.8118413986051,22584800,QQQ
2012-08-20,61.03485107421875,61.04377359558075,60.66018684769065,60.90104047734738,26924000,QQQ
2012-08-21,60.794002532958984,61.44520372320704,60.5531420772528,61.195427551282286,41391000,QQQ
2012-08-22,61.04377746582031,61.15974302732001,60.490696806434606,60.66019069361041,44555700,QQQ
2012-08-23,60.544227600097656,60.963490865328744,60.383656228304126,60.76724301615032,28800400,QQQ
2012-08-24,60.91887664794922,61.06160293950651,60.30335207551868,60.401479378540614,38384800,QQQ
2012-08-27,61.01702117919922,61.257874841783746,60.88321056403421,61.1775925562191,20671400,QQQ
2012-08-28,61.01702117919922,61.18650827291033,60.758322471451024,60.96349284959885,27337900,QQQ
2012-08-29,61.01702117919922,61.16867003363728,60.758322471451024,61.01702117919922,26672400,QQQ
2012-08-30,60.401493072509766,60.776157329414694,60.303365747240825,60.749396569048656,24425400,QQQ
2012-08-31,60.80291748046875,61.0616093363852,60.1873928435552,60.83859395267906,42128000,QQQ
2012-09-04,60.7404899597168,60.972427953469094,60.14281013532819,60.68696842496319,32017200,QQQ
2012-09-05,60.678035736083984,60.972417739699544,60.517464352829215,60.71371902190625,26129300,QQQ
2012-09-06,62.02503967285156,62.04288471549214,61.03485078887814,61.052695831518726,43100000,QQQ
2012-09-07,61.935821533203125,62.04287134831374,61.75741198057361,61.88230002859191,32958600,QQQ
2012-09-10,61.14191436767578,61.909088032278866,61.09730855693956,61.77527740596137,25490000,QQQ
2012-09-11,61.04377746582031,61.39168095620952,60.94565014228591,61.15082731128242,29810100,QQQ
2012-09-12,61.22217559814453,61.38274693330719,60.84751141806125,61.26678139353537,42203400,QQQ
2012-09-13,62.05181884765625,62.31944011957678,61.2132853536958,61.27572940969171,45417800,QQQ
2012-09-14,62.60490417480469,62.82791964895177,62.25700057960661,62.27483882294583,38880300,QQQ
2012-09-17,62.631649017333984,62.6584097784844,62.4086335998933,62.64057153968093,31798400,QQQ
2012-09-18,62.68517303466797,62.71194060277423,62.462157608350694,62.47108013105278,27169800,QQQ
2012-09-19,62.80113220214844,62.961703547556944,62.49782774709269,62.67624413415174,36484600,QQQ
2012-09-20,62.73870086669922,62.80114491333648,62.328353302241425,62.49784039689076,42520200,QQQ
2012-09-21,62.75658416748047,63.105479805247626,62.69396204852993,63.05180565337547,23678500,QQQ
2012-09-24,62.389801025390625,62.497156168939355,62.10352746789399,62.23771969100491,32341600,QQQ
2012-09-25,61.51310348510742,62.693982997984115,61.48626640020362,62.55084277809538,41299600,QQQ
2012-09-26,61.01212692260742,61.46837789707754,60.69901618534447,61.43259283777574,32770400,QQQ
2012-09-27,61.85304641723633,61.99618662589622,61.05684777614293,61.16420293263784,25339500,QQQ
2012-09-28,61.34310531616211,61.835141123050654,61.28943116461028,61.64727476732022,30112600,QQQ
2012-10-01,61.2536506652832,62.0230120793221,61.05683632792913,61.63833137230265,37715300,QQQ
2012-10-02,61.43257522583008,61.7099076495857,60.94948730170439,61.52203443578664,33254300,QQQ
2012-10-03,61.8261833190918,61.942479570716976,61.36098466199519,61.602531956144794,38236000,QQQ
2012-10-04,62.04091262817383,62.210889919100865,61.72780195433519,61.92461632797685,26128600,QQQ
2012-10-05,61.70991897583008,62.44349555259494,61.54888963823284,62.35402950091755,25207900,QQQ
2012-10-08,61.14628982543945,61.477296346050856,61.003156482268906,61.352052111289545,30911500,QQQ
2012-10-09,60.171173095703125,61.137341932849864,60.02803292705981,60.985260622640524,67974000,QQQ
2012-10-10,59.86702346801758,60.32327437497916,59.75967513129803,60.15329707477165,45134300,QQQ
2012-10-11,59.67915344238281,60.359055776772045,59.64336839054119,60.31432275564484,30469400,QQQ
2012-10-12,59.65231704711914,59.99226480558014,59.53602074626953,59.67020616059569,24891200,QQQ
2012-10-15,60.090675354003906,60.171193432404046,59.51812813651856,59.87597185377221,22220100,QQQ
2012-10-16,60.94053268432617,61.012095941288486,60.16222339665962,60.180112504575526,33960600,QQQ
2012-10-17,60.90476989746094,61.10158428294429,60.54692618070041,60.6274374336884,33439400,QQQ
2012-10-18,60.198001861572266,60.9047409897714,59.974350497912965,60.70792669770354,61707600,QQQ
2012-10-19,58.75771713256836,60.180137270045655,58.68614702085464,60.126463098911124,75362600,QQQ
2012-10-22,59.061866760253906,59.21395492021404,58.59667478796996,58.73086701132302,38621500,QQQ
2012-10-23,58.49826431274414,58.99924130468298,58.31934590856588,58.578782372334096,52591200,QQQ
2012-10-24,58.29252243041992,58.927691786330605,58.20305638215827,58.82928459348376,39872400,QQQ
2012-10-25,58.29252243041992,58.79349953923934,58.122545129084244,58.6950923463925,52688700,QQQ
2012-10-26,58.46249008178711,58.70403747994104,57.83626872601927,58.29251961396491,54213100,QQQ
2012-10-31,58.10464096069336,58.498269676336136,57.90783342817222,58.39091452880622,38524500,QQQ
2012-11-01,58.927696228027344,59.04399254411167,58.30146796949967,58.47144528364745,26945000,QQQ
2012-11-02,58.30146408081055,59.23185502333355,58.247789911628864,59.19606996877867,44083000,QQQ
2012-11-05,58.68614959716797,58.802452740133845,58.185172443782115,58.31041673212858,28094700,QQQ
2012-11-06,58.79348373413086,59.19605354188295,58.56088435672108,58.78453576664988,29608400,QQQ
2012-11-07,57.4068489074707,58.23883252172246,57.16530835992027,58.167262424188934,70737800,QQQ
2012-11-08,56.503299713134766,57.70207156906,56.503299713134766,57.56787933988585,58585800,QQQ
2012-11-09,56.74483871459961,57.35317085171816,56.50329477080402,56.53907981714037,51542100,QQQ
2012-11-12,56.73588943481445,57.138462665165264,56.58380811037624,57.07584054184956,32663700,QQQ
2012-11-13,56.34226608276367,56.87903154565004,56.163344261801555,56.297536480685615,43288300,QQQ
2012-11-14,55.680259704589844,56.68221712288121,55.59079708790765,56.61959499752862,82655300,QQQ
2012-11-15,55.492393493652344,55.90391473162274,55.2866345809922,55.71604493080252,55124200,QQQ
2012-11-16,55.73393249511719,55.89496178854613,54.848274793907805,55.537121568542766,70873100,QQQ
2012-11-19,57.05795669555664,57.102689715569944,56.324380214322254,56.34227273979752,55306400,QQQ
2012-11-20,57.075836181640625,57.15635082156001,56.5301262235925,57.04005113886545,52012700,QQQ
2012-11-21,57.19214630126953,57.27265754323182,56.89692476347395,57.138468727311206,19611700,QQQ
2012-11-23,58.059906005859375,58.077795115097764,57.478410988773035,57.51419603254903,16462900,QQQ
2012-11-26,58.310401916503906,58.34618696483939,57.73785479373634,57.91677321011367,26430900,QQQ
2012-11-27,58.113590240478516,58.507218965002394,58.01518305934755,58.30145663391935,25828600,QQQ
2012-11-28,58.61457824707031,58.65931127423784,57.47843170521285,57.836275446648045,37295800,QQQ
2012-11-29,58.96346664428711,59.16922213898562,58.668245116797905,58.92768159623084,41136100,QQQ
2012-11-30,58.86506271362305,59.017144057271246,58.695085432310115,58.972411038409824,33497400,QQQ
2012-12-03,58.74876022338867,59.37498836764804,58.72192314190479,59.32130737937979,28240000,QQQ
2012-12-04,58.712974548339844,58.83821881079916,58.328293792128946,58.7755966795695,49584500,QQQ
2012-12-05,58.059906005859375,58.63245305567691,57.74679540444341,58.62350508840811,54076200,QQQ
2012-12-06,58.43564987182617,58.57879007422844,57.72891047939112,57.88099182546815,47512300,QQQ
2012-12-07,58.08675003051758,58.78454140436907,57.8899356788569,58.72191927659522,30089400,QQQ
2012-12-10,58.256717681884766,58.560880302185154,57.925711161000024,57.925711161000024,33219600,QQQ
2012-12-11,59.01715087890625,59.34815068565872,58.61457413852186,58.65930716255386,40750800,QQQ
2012-12-12,58.89188766479492,59.33024249308678,58.73085838548173,59.33024249308678,45917700,QQQ
2012-12-13,58.42669677734375,59.18711709162171,58.1762082704145,58.77559245846661,45467700,QQQ
2012-12-14,57.8720703125,58.220966142578376,57.67525588008598,58.03309968217485,39630300,QQQ
2012-12-17,58.64141082763672,58.65929993986612,57.84521224007128,57.925723483054135,42302900,QQQ
2012-12-18,59.536014556884766,59.62547376556894,58.77559421981897,58.93662352557054,55596000,QQQ
2012-12-19,59.276580810546875,59.723883699918005,59.24079576036113,59.70598776217492,34832500,QQQ
2012-12-20,59.276580810546875,59.4107730424183,58.98135926548982,59.38392913580367,40754300,QQQ
2012-12-21,58.653141021728516,58.72510971649045,58.11338953763899,58.36527310599327,51152900,QQQ
2012-12-24,58.53620147705078,58.59917237391231,58.40126187997236,58.50021712694234,11418300,QQQ
2012-12-26,58.023441314697266,58.63516159068708,57.83452860843309,58.581188492701195,21751300,QQQ
2012-12-27,57.93348693847656,58.149386205192684,57.21381356500423,58.077417495182665,52933200,QQQ
2012-12-28,57.37574768066406,57.96048151971488,57.34876112649962,57.492695134805714,33082100,QQQ
2012-12-31,58.59017562866211,58.69812868093702,57.19581806917179,57.312762061651426,57544000,QQQ
2013-01-02,60.45234680175781,60.479340222990935,59.804648821795794,60.02954595552751,70695900,QQQ
2013-01-03,60.137454986572266,60.57825117428443,59.95754013620735,60.45230940636667,47366500,QQQ
2013-01-04,59.93956756591797,60.1644646469502,59.79563700298074,60.1644646469502,33972500,QQQ
2013-01-07,59.95756530761719,60.05652057585481,59.59772859250895,59.786641323695015,26766200,QQQ
2013-01-08,59.84060287475586,60.11048207480729,59.52574838357131,59.94855592743907,28734900,QQQ
2013-01-09,60.065528869628906,60.227455095039325,59.86762513929748,59.93059606788395,25600300,QQQ
2013-01-10,60.42536163330078,60.51531911619884,59.867621121343234,60.47934161369243,37528000,QQQ
2013-01-11,60.50629425048828,60.53328079389659,60.27239943542936,60.39834121354289,21158600,QQQ
2013-01-14,60.236427307128906,60.40735126779841,59.975545895748866,60.20044295418198,36768500,QQQ
2013-01-15,59.93956756591797,60.029531888982255,59.66969518666783,59.93956756591797,31675300,QQQ
2013-01-16,60.18246841430664,60.38936991344474,59.91258913516155,60.02054221948262,33822300,QQQ
2013-01-17,60.4703254699707,60.70422034523443,60.3263880503272,60.42534331050363,32024200,QQQ
2013-01-18,60.33536911010742,60.39833999789677,60.06548995483194,60.29038696312417,31992000,QQQ
2013-01-22,60.43435287475586,60.47933504297585,60.029540814037,60.39836851284292,32123100,QQQ
2013-01-23,60.80317687988281,60.9830986785176,60.68623285825634,60.77619032591631,31975700,QQQ
2013-01-24,59.966583251953125,60.52432382753251,59.876618895476774,59.966583251953125,42596300,QQQ
2013-01-25,60.272422790527344,60.443346782761225,60.03852788483595,60.155478769339055,39240100,QQQ
2013-01-28,60.4073600769043,60.61426155737928,60.20944953849202,60.28141825488095,32926100,QQQ
2013-01-29,60.416351318359375,60.55128406778569,59.93956377156912,60.33538480538978,35554700,QQQ
2013-01-30,60.2904052734375,60.70422193408671,60.15547251813244,60.524300154823116,34445000,QQQ
2013-01-31,60.155487060546875,60.58728570853736,60.10150708206125,60.26343329088662,34870500,QQQ
2013-02-01,60.866146087646484,60.97409228831494,60.33538543554235,60.57827125036025,53120800,QQQ
2013-02-04,59.80463409423828,60.68622679790769,59.78663848451449,60.515302822102456,48483700,QQQ
2013-02-05,60.68622589111328,60.87513861050535,59.92157720881753,60.06550776788642,35120300,QQQ
2013-02-06,60.488311767578125,60.76718879102172,60.30839686361951,60.488311767578125,43593200,QQQ
2013-02-07,60.54228973388672,60.60526063452802,59.876589511891915,60.5602784783642,46017900,QQQ
2013-02-08,61.163028717041016,61.28897057552721,60.83917626284322,60.84817407082553,39837200,QQQ
2013-02-11,61.18102264404297,61.22599795607986,60.974114246060964,61.19901139619445,17650400,QQQ
2013-02-12,60.929107666015625,61.21697559592384,60.86613677082673,61.100024745349586,22057900,QQQ
2013-02-13,61.145042419433594,61.378937393149045,60.96512056914601,61.109058049376074,23494700,QQQ
2013-02-14,61.12702941894531,61.21699375016272,60.83017046119839,60.866154821022384,24478800,QQQ
2013-02-15,60.947113037109375,61.27096540452672,60.77618904782947,61.11803702638928,25333600,QQQ
2013-02-19,61.38789749145508,61.40589309909966,61.04605644265514,61.06404518698635,23436500,QQQ
2013-02-20,60.44334411621094,61.39690558173251,60.43434631088115,61.36991902905768,38200300,QQQ
2013-02-21,59.7956657409668,60.28144449306094,59.579766361141914,60.218473554640454,45855600,QQQ
2013-02-22,60.398345947265625,60.407343750210984,59.90356973496137,60.13746456835181,21968000,QQQ
2013-02-25,59.65168380737305,61.00106593684748,59.597710718454046,60.78516671785905,40927600,QQQ
2013-02-26,59.876609802246094,59.984562895633225,59.33685806194193,59.73267920771233,42088800,QQQ
2013-02-27,60.488311767578125,60.857146243001026,59.79563183769244,59.87659148547972,36339500,QQQ
2013-02-28,60.36237335205078,60.93810931302763,60.353375547353444,60.49731296925467,28557300,QQQ
2013-03-01,60.6142578125,60.72221088041382,59.85860692704563,60.15547271632304,31617200,QQQ
2013-03-04,60.88417053222656,60.89316834199602,60.33542081269433,60.41638737398359,19380500,QQQ
2013-03-05,61.78370666503906,61.864666293991526,61.24395521541982,61.24395521541982,35581900,QQQ
2013-03-06,61.63079071044922,61.99062737015742,61.54982420194099,61.97263176234963,29071100,QQQ
2013-03-07,61.792728424072266,61.89168369558699,61.57682226986849,61.70276409483,21775900,QQQ
2013-03-08,61.86470031738281,62.08959745035229,61.62181443363475,61.99963996982766,26159900,QQQ
2013-03-11,62.04463195800781,62.06262071163246,61.59483762090562,61.78375041889051,23187900,QQQ
2013-03-12,61.81972122192383,62.00863397844817,61.52285537739327,61.864696527773205,27575400,QQQ
2013-03-13,61.73872375488281,61.972618563375065,61.522824550365634,61.90064987409868,34297300,QQQ
2013-03-14,61.94565200805664,62.08059162816137,61.81071238795191,61.9546498129474,31530800,QQQ
2013-03-15,61.77341842651367,62.02588494546116,61.62012928641267,61.989817317154845,30752600,QQQ
2013-03-18,61.638160705566406,61.890627200615704,61.07011109170549,61.20535608605615,36163000,QQQ
2013-03-19,61.52096176147461,61.944740983758585,60.97094238030011,61.82752633238614,33125100,QQQ
2013-03-20,61.95375442504883,62.08900632173797,61.66522025573735,61.95375442504883,28035400,QQQ
2013-03-21,61.25046157836914,61.53899578895161,61.1061910334788,61.385713494404285,30050800,QQQ
2013-03-22,61.84554672241211,61.89063297753474,61.430779316231266,61.50291457274881,28837200,QQQ
2013-03-25,61.62015151977539,62.1791896414365,61.32260551748402,62.04393770628632,24909800,QQQ
2013-03-26,61.95375442504883,61.97179168017924,61.71931826273412,61.85457015942327,19725200,QQQ
2013-03-27,62.034912109375,62.07999149156404,61.439806479219435,61.529972122795165,22539500,QQQ
2013-03-28,62.188209533691406,62.269356568908904,61.89065664616195,62.03492721436992,23662800,QQQ
2013-04-01,61.7644157409668,62.29639791759635,61.593096182093596,62.23328127156914,28112800,QQQ
2013-04-02,62.251312255859375,62.458692552248216,62.00785744629257,62.06196233686174,29431900,QQQ
2013-04-03,61.68328094482422,62.377564188769476,61.529991734768906,62.28739851645449,35131200,QQQ
2013-04-04,61.701290130615234,61.854572408811784,61.36766969054261,61.65620387034684,32287400,QQQ
2013-04-05,61.187355041503906,61.27752070735453,60.58323751318546,60.727501202706584,55610800,QQQ
2013-04-08,61.511932373046875,61.52996274733563,61.03404834363391,61.21437960330788,17891600,QQQ
2013-04-09,61.92670822143555,62.179174771098175,61.39471923819141,61.674241671772926,30931400,QQQ
2013-04-10,63.13493728637695,63.270189177026154,62.10703392415808,62.143101553611,55271300,QQQ
2013-04-11,63.107906341552734,63.25217690064545,62.9095377623997,62.98167304194606,37233600,QQQ
2013-04-12,63.06282424926758,63.10790363765343,62.58494008134628,62.95462133458407,32783700,QQQ
2013-04-15,61.81852340698242,62.9275810793705,61.74639499969179,62.82839678024638,48795800,QQQ
2013-04-16,62.6390380859375,62.711173362378034,62.043932374101026,62.17016566827266,27682600,QQQ
2013-04-17,61.41276550292969,62.11606724564396,61.05209600227663,62.09803686625065,60204800,QQQ
2013-04-18,60.565208435058594,61.61114956199415,60.303723153324704,61.575081914941165,56798200,QQQ
2013-04-19,61.39473342895508,61.520973612163054,60.59224733381349,60.68241987599049,43062800,QQQ
2013-04-22,62.02589797973633,62.25131554462306,61.385712920961794,61.61113048584853,34412100,QQQ
2013-04-23,62.62098693847656,62.84640446795876,62.05293724069236,62.37753903348249,53078300,QQQ
2013-04-24,62.593963623046875,62.81938124503641,62.323466604179366,62.46773030506873,44500700,QQQ
2013-04-25,62.92759704589844,63.16203334687495,62.747258783916,62.75627741681545,26437100,QQQ
2013-04-26,62.729183197021484,62.90951444986268,62.458679438563344,62.77426944982995,24079800,QQQ
2013-04-29,63.3062629699707,63.54971777268139,62.90051413771634,62.92756314264029,31664000,QQQ
2013-04-30,63.76614761352539,63.77516624593933,63.153011314195304,63.38744760255117,30135800,QQQ
2013-05-01,63.46858596801758,63.883353572666195,63.34235264830713,63.784169267293706,28537200,QQQ
2013-05-02,64.27105712890625,64.40630904815833,63.522669137683295,63.57677403290315,31744200,QQQ
2013-05-03,65.02849578857422,65.22685757145148,64.83914576000836,64.89324380268383,34061700,QQQ
2013-05-06,65.28092193603516,65.38010620545413,65.09157202510735,65.14567003417315,19244300,QQQ
2013-05-07,65.24486541748047,65.43421536066238,65.00141057681898,65.38912909262916,25838100,QQQ
2013-05-08,65.56044006347656,65.61453807466717,65.10058633076316,65.20878923234213,24252100,QQQ
2013-05-09,65.47029113769531,65.91210772670752,65.34405782654896,65.434223494625,29337200,QQQ
2013-05-10,65.86701965332031,65.89406866225906,65.48831289058195,65.60553443491469,20663700,QQQ
2013-05-13,65.94819641113281,66.11049741713305,65.69572970828838,65.7588463839995,29730100,QQQ
2013-05-14,66.29078674316406,66.48915527785907,65.9391359331856,65.96619181635093,36009800,QQQ
2013-05-15,66.42604064941406,66.48915728697902,66.00225456325042,66.16455547115996,27214400,QQQ
2013-05-16,66.35393524169922,66.81378916756687,66.31787447189058,66.48017545283206,27253400,QQQ
2013-05-17,66.99412536621094,67.0211743823415,66.48017342212886,66.69657243037382,31114500,QQQ
2013-05-20,66.89494323730469,67.11134225261159,66.62443930877055,66.8678942202914,25132400,QQQ
2013-05-21,66.96702575683594,67.21048050149204,66.62439364417456,66.85882976294074,25900000,QQQ
2013-05-22,66.3809585571289,67.58017462189228,66.03831949931315,67.04819253831114,59843200,QQQ
2013-05-23,66.2276840209961,66.4531016070161,65.66865281035372,65.79488610818902,48222100,QQQ
2013-05-24,66.19163513183594,66.20966551510367,65.60554792723441,65.7858792767118,26430300,QQQ
2013-05-28,66.6244125366211,67.21049956013319,66.41703223671857,66.96704474644147,27057100,QQQ
2013-05-29,66.30882263183594,66.54325879338845,65.93012282569532,66.36292063865683,32090300,QQQ
2013-05-30,66.66048431396484,66.9760675372538,66.31785208285088,66.3358824616681,32390500,QQQ
2013-05-31,66.04733276367188,66.91293520715291,65.97519750691595,66.40800216825482,38347600,QQQ
2013-06-03,66.16458892822266,66.18262619333204,65.3080045739546,66.05639285437046,47613100,QQQ
2013-06-04,65.82193756103516,66.5613069954569,65.55143369609101,66.29982176046397,35251900,QQQ
2013-06-05,64.96533203125,65.85798348448886,64.91122714858322,65.60551696269984,48654200,QQQ
2013-06-06,65.28092193603516,65.28994056394528,64.44236839952772,65.05550439266432,62524100,QQQ
2013-06-07,66.1735610961914,66.24569634757623,65.38910571557288,65.55140659159063,31969800,QQQ
2013-06-10,66.20062255859375,66.50719399509632,66.05635890786122,66.29980682812128,25390000,QQQ
2013-06-11,65.54242706298828,66.12850735079753,65.31700945100023,65.54242706298828,40278900,QQQ
2013-06-12,64.7850112915039,65.94816683295588,64.68582700569958,65.92111782395445,42081900,QQQ
2013-06-13,65.60550689697266,65.74977051049082,64.51448709280784,64.69481832950449,28221500,QQQ
2013-06-14,65.1727294921875,65.67766266898452,65.0735452068597,65.60553427172681,27690700,QQQ
2013-06-17,65.80390167236328,66.18260154822762,65.46126255488733,65.68668013040637,32441900,QQQ
2013-06-18,66.34490203857422,66.47113532969335,65.87602963224737,65.89406689052062,24853100,QQQ
2013-06-19,65.60550689697266,66.43504159249034,65.5333716506157,66.3629063461334,43145100,QQQ
2013-06-20,64.04563903808594,65.06453085956487,63.82924009655343,64.84812503883404,60908400,QQQ
2013-06-21,63.705543518066406,64.19398667687462,63.17187145714276,64.0221251299898,51558900,QQQ
2013-06-24,63.07237243652344,63.56080863351961,62.54774760157412,63.18091074654005,41492300,QQQ
2013-06-25,63.533695220947266,63.78696056330373,63.1447500449104,63.67842221712982,28897400,QQQ
2013-06-26,64.1035385131836,64.22112400236279,63.85026631185927,64.07639703017745,23742300,QQQ
2013-06-27,64.3749008178711,64.78194031201558,64.3387190694385,64.43821715238741,23545000,QQQ
2013-06-28,64.46536254882812,64.84526752059611,64.03119529675622,64.17591541379217,28301100,QQQ
2013-07-01,64.86333465576172,65.39700674147969,64.80001833043536,64.89951639894275,24942800,QQQ
2013-07-02,64.89047241210938,65.28846470560724,64.53770902504073,64.83620324516411,23067900,QQQ
2013-07-03,65.15278625488281,65.46032764293999,64.60102670948342,64.6553027785302,18847500,QQQ
2013-07-05,65.6502914428711,65.67742603303485,64.99903367508529,65.52365875479762,28795900,QQQ
2013-07-08,65.71359252929688,66.0211270143669,65.46936747260025,65.99399243050335,20558500,QQQ
2013-07-09,66.111572265625,66.25629923511897,65.71358690144004,66.02112136017213,26108600,QQQ
2013-07-10,66.49147033691406,66.59096839306537,66.01207437598197,66.04824921370877,25598900,QQQ
2013-07-11,67.81207275390625,67.86634191146487,67.1608152593587,67.20604415796491,47768900,QQQ
2013-07-12,68.11055755615234,68.1557795475788,67.67638365250589,67.85728542013186,31412600,QQQ
2013-07-15,68.26434326171875,68.30956526540922,67.99298363572818,68.18293261353679,19783600,QQQ
2013-07-16,68.17388916015625,68.37287838880528,68.0020276116813,68.31860922653387,31747100,QQQ
2013-07-17,68.3457260131836,68.5085403585691,68.15577709372714,68.38190774559813,24631500,QQQ
2013-07-18,68.17388916015625,68.5085581954454,68.06534393465182,68.33670354793209,36278800,QQQ
2013-07-19,67.46833038330078,67.60401013933874,67.26934122886537,67.5859227256479,37732400,QQQ
2013-07-22,67.66734313964844,67.82111724828923,67.4593067765427,67.72161919603491,21135900,QQQ
2013-07-23,67.16986846923828,67.80303170098772,67.11559240583001,67.7939845402594,24739500,QQQ
2013-07-24,67.38690948486328,67.85725803142367,67.23314235434906,67.8301234673279,24426900,QQQ
2013-07-25,67.81207275390625,67.89347649024418,67.3507642117749,67.70352753782798,23162200,QQQ
2013-07-26,68.17388916015625,68.18292941989372,67.43218070494669,67.5407190294895,20885600,QQQ
2013-07-29,68.04727172851562,68.3276716642264,67.8663629788932,68.03822456579371,20958400,QQQ
2013-07-30,68.40907287597656,68.69851996362048,68.15580753690848,68.29148736882722,24104600,QQQ
2013-07-31,68.53569030761719,68.93368255250101,68.40905766623804,68.54473746799037,25007600,QQQ
2013-08-01,69.2321548461914,69.33165287595286,68.93366075690705,69.00602421508977,16880000,QQQ
2013-08-02,69.62112426757812,69.63921168799882,69.08745220218552,69.2412263300888,18105300,QQQ
2013-08-05,69.66632843017578,69.72060447946308,69.4492449359062,69.58492470768464,15462800,QQQ
2013-08-06,69.2502670288086,69.63921212945469,68.96986715425966,69.57589580613842,23675400,QQQ
2013-08-07,69.1236572265625,69.2593370787838,68.62617363636966,69.05129371858261,20281200,QQQ
2013-08-08,69.46736907958984,69.630183495439,69.01510758011585,69.50354392670047,19994000,QQQ
2013-08-09,69.18693542480469,69.59397475704874,68.98793933805783,69.34974977751028,18558500,QQQ
2013-08-12,69.3497543334961,69.47638696047966,68.91558729839834,68.92462755678244,20515900,QQQ
2013-08-13,69.73869323730469,69.89246042783141,68.94271580902516,69.44019911383987,23917000,QQQ
2013-08-14,69.4764175415039,69.81109357496462,69.37691944779839,69.7115954812591,29921000,QQQ
2013-08-15,68.30052947998047,68.73469662885566,68.10153332801167,68.69851488295565,39406600,QQQ
2013-08-16,68.27340698242188,68.62617044119453,68.15581456218857,68.3095818337636,23825000,QQQ
2013-08-19,68.15579986572266,68.86132663113492,68.13771244395198,68.28243252100371,29586900,QQQ
2013-08-20,68.4543228149414,68.77090458602504,68.22819199260096,68.28246118165386,18842800,QQQ
2013-08-21,68.21910858154297,68.82513720719116,67.96584329923992,68.23720290225683,30705100,QQQ
2013-08-22,68.8884506225586,68.93367261598321,68.4814112759747,68.51759301129063,17269500,QQQ
2013-08-23,69.3497543334961,69.44020522406142,69.10553623887368,69.37688891056963,20697300,QQQ
2013-08-26,69.38592529296875,69.90150288016878,69.24120527073411,69.40401960884779,27525500,QQQ
2013-08-27,67.9658432006836,68.90654774856034,67.80302881930182,68.56283156607054,40068900,QQQ
2013-08-28,68.2281494140625,68.51759640998705,67.88443326295233,67.88443326295233,20490400,QQQ
2013-08-29,68.70755004882812,69.05126622342415,68.1105685981128,68.21006665672556,27287900,QQQ
2013-08-30,68.26434326171875,68.7799210303313,68.02011821813484,68.7799210303313,26228500,QQQ
2013-09-03,68.65328216552734,69.14172530753046,68.32765340419193,68.82513680553785,27241500,QQQ
2013-09-04,69.38592529296875,69.50351074234436,68.68039879479605,68.88844202164776,27142900,QQQ
2013-09-05,69.50350952148438,69.70250558690113,69.4040183897354,69.43115296211779,17809700,QQQ
2013-09-06,69.58493041992188,69.95578113220228,68.78895294161823,69.73869762011228,27715100,QQQ
2013-09-09,70.39901733398438,70.51660282391676,69.8563049867368,69.8834395689549,25161900,QQQ
2013-09-10,70.74270629882812,70.84220432928313,70.48039393680669,70.80602259993957,27619400,QQQ
2013-09-11,70.60702514648438,70.65225403251162,70.18189846128107,70.27235623333556,28132900,QQQ
2013-09-12,70.56179809570312,70.77888155093919,70.41707119157334,70.62511439102025,18332700,QQQ
2013-09-13,70.60702514648438,70.67938860374433,70.22712734730831,70.63415971771708,16932500,QQQ
2013-09-16,70.41709899902344,71.20403632383089,70.25428461806194,71.20403632383089,25704300,QQQ
2013-09-17,70.8874282836914,70.97787915027692,70.53466507333675,70.57083989920395,27174300,QQQ
2013-09-18,71.73770141601562,71.88242837719591,70.85127293215103,70.99599299236999,31714700,QQQ
2013-09-19,71.90955352783203,72.08141504645747,71.78292090388501,71.96382268067778,26435700,QQQ
2013-09-20,71.66278839111328,72.16177248249866,71.62649800976867,72.08011739405265,26328900,QQQ
2013-09-23,71.51760864257812,72.04380860454498,71.18192792442409,71.96215354480802,30319400,QQQ
2013-09-24,71.51760864257812,71.89864713020376,71.28172470761366,71.67183751780563,21871300,QQQ
2013-09-25,71.27267456054688,71.67186182870844,71.12751995864967,71.57206501166804,22746400,QQQ
2013-09-26,71.82609558105469,71.99847317146408,71.53577943607631,71.56299549315509,22421700,QQQ
2013-09-27,71.73538208007812,71.86239497682999,71.29990434715478,71.40877551080655,25151600,QQQ
2013-09-30,71.56298828125,71.75350758328432,70.76462069343732,70.99143037514706,28031900,QQQ
2013-10-01,72.28878784179688,72.32507822438923,71.53577797679166,71.57206835938402,33129700,QQQ
2013-10-02,72.26158142089844,72.361378255914,71.72630685838914,71.79888763325204,25503800,QQQ
2013-10-03,71.41785430908203,72.32509329792366,71.03681559497275,72.17086433102479,42998200,QQQ
2013-10-04,72.03478240966797,72.13457925953355,71.35435311786698,71.41785957490102,22852700,QQQ
2013-10-07,71.43599700927734,71.98941335368878,71.37249055606706,71.39970661863086,20227100,QQQ
2013-10-08,70.05699157714844,71.49949815951607,70.0297755166032,71.43599171101592,43660700,QQQ
2013-10-09,69.83919525146484,70.25652396639127,69.26763079184657,70.22023361009187,64526700,QQQ
2013-10-10,71.31804656982422,71.48134983973182,70.57411098950806,70.59225272097196,48062700,QQQ
2013-10-11,71.88053894042969,71.93497105786126,71.12752901477084,71.13660334157053,25214100,QQQ
2013-10-14,72.38860321044922,72.38860321044922,71.38156733096397,71.4359994579574,31471900,QQQ
2013-10-15,72.10736083984375,72.67891893447936,72.01663139988634,72.33417059636835,38684000,QQQ
2013-10-16,72.92386627197266,72.9601566615515,72.38859859947395,72.44303072300018,46735900,QQQ
2013-10-17,73.34119415283203,73.36841713582757,72.53375203272998,72.59725848301832,32193500,QQQ
2013-10-18,74.52970123291016,74.55691730128288,73.80390710843722,74.01257516877105,39628200,QQQ
2013-10-21,74.69296264648438,74.88348193985813,74.45707865015798,74.70203004972942,31176900,QQQ
2013-10-22,74.8018569946289,75.2101187206353,74.33009573359747,74.98330895785996,43944800,QQQ
2013-10-23,74.34820556640625,74.57501523185799,73.98531563902883,74.43893496993229,38021300,QQQ
2013-10-24,74.67483520507812,74.82907108591263,74.28472218260748,74.39359334760528,23155100,QQQ
2013-10-25,75.21012115478516,75.55486951355483,74.84722413826266,75.37342446613603,35824500,QQQ
2013-10-28,75.22824096679688,75.34618644276219,74.89256703473035,75.2191735622479,28618400,QQQ
2013-10-29,75.35526275634766,75.53671469402265,75.02865619021634,75.48227565187831,36878100,QQQ
2013-10-30,75.28269958496094,75.74538651789538,74.91980257980251,75.61837360434264,33535500,QQQ
2013-10-31,75.11029052734375,75.57298418839252,74.82904875380517,75.09214187775186,31309900,QQQ
2013-11-01,75.12843322753906,75.45503970760247,74.75646896627244,75.36431722351415,30867800,QQQ
2013-11-04,75.23731994628906,75.36433283465881,74.9742198427565,75.35525850786576,16834000,QQQ
2013-11-05,75.31895446777344,75.5004063623228,74.7292548451136,74.94699019689081,27975600,QQQ
2013-11-06,75.30081939697266,75.66371629647531,75.05586796977587,75.63650024030709,25576800,QQQ
2013-11-07,73.88552856445312,75.41875739811515,73.82202212662905,75.30989317423536,52173200,QQQ
2013-11-08,74.88349914550781,74.9016408778481,73.94904419210543,74.15770526159424,31470500,QQQ
2013-11-11,74.76557159423828,74.97423269446338,74.52061318061901,74.77463900090234,24822900,QQQ
2013-11-12,74.88349914550781,74.99237030459989,74.50246047121074,74.53875085757477,20108500,QQQ
2013-11-13,75.79072570800781,75.79980003354324,74.39357720789187,74.39357720789187,31345900,QQQ
2013-11-14,76.02662658691406,76.08105870883793,75.42784555901608,75.59114884647154,31101200,QQQ
2013-11-15,76.17176818847656,76.17176818847656,75.85423599543485,76.04475531125988,20511300,QQQ
2013-11-18,75.42784118652344,76.30786402225898,75.28268656257968,76.15363507129264,31679600,QQQ
2013-11-19,75.21012115478516,75.74538888985005,75.08310823725502,75.38249187332755,25545300,QQQ
2013-11-20,75.02861785888672,75.69090498009851,74.81088256659908,75.40966327249029,32177400,QQQ
2013-11-21,75.79072570800781,75.85423214339116,75.28267422494103,75.34618066032438,28125000,QQQ
2013-11-22,76.19898986816406,76.22620592647863,75.86331592004026,75.91774803666938,25361300,QQQ
2013-11-25,76.38044738769531,76.55281807687419,76.18992804385528,76.47116989595004,21695100,QQQ
2013-11-26,76.77962493896484,76.97014427568485,76.23528298809579,76.39858626552484,26621000,QQQ
2013-11-27,77.31491088867188,77.3330526236473,76.870365704087,76.9338721590277,21638100,QQQ
2013-11-29,77.777587890625,77.87737779391146,77.54170385690787,77.62335202914672,16708900,QQQ
2013-12-02,77.55078125,77.98625202919362,77.43283576763584,77.86831346851268,26354600,QQQ
2013-12-03,77.48725891113281,77.6959199312023,77.18786848579992,77.49632631431369,37147000,QQQ
2013-12-04,77.55984497070312,77.81387073344625,76.91570623755224,77.16066459568518,37193200,QQQ
2013-12-05,77.46005249023438,77.71408518890573,77.26953315749333,77.62335576425288,39829300,QQQ
2013-12-06,78.02252960205078,78.1858328478526,77.65055840595917,78.11325208934466,36842900,QQQ
2013-12-09,78.34010314941406,78.50340648147633,78.20401588574786,78.34010314941406,22590000,QQQ
2013-12-10,78.28564453125,78.43079915415684,78.13141558138541,78.21306375895487,26965900,QQQ
2013-12-11,77.27859497070312,78.3854273240807,77.169723831759,78.27655618513658,36830600,QQQ
2013-12-12,77.07902526855469,77.49635438152146,77.02459314302817,77.3058350204943,33662600,QQQ
2013-12-13,76.97919464111328,77.47817864507157,76.85218178950231,77.44188827008539,34072000,QQQ
2013-12-16,77.40559387207031,77.85013882960419,77.30579707646542,77.36022917527502,24902500,QQQ
2013-12-17,77.25139617919922,77.59614448037074,77.10623462816886,77.40562513590619,24454900,QQQ
2013-12-18,78.14955139160156,78.22213215839666,76.25342558043897,77.34210939563397,68387200,QQQ
2013-12-19,77.93183135986328,78.03162820343861,77.58707611053599,78.02255387538152,44964100,QQQ
2013-12-20,78.72542572021484,78.88924769310192,78.02463596843982,78.07924097817931,40475400,QQQ
2013-12-23,79.55365753173828,79.55365753173828,79.13499587924879,79.37162921681454,28181800,QQQ
2013-12-24,79.59004974365234,79.64466170549942,79.42622774545042,79.57185038548309,13852500,QQQ
2013-12-26,79.85399627685547,79.9177044544936,79.58096420569373,79.7356830737191,15241100,QQQ
2013-12-27,79.65376281738281,79.9996131369211,79.5536559257834,79.9541043231913,15827400,QQQ
2013-12-30,79.53544616699219,79.64466314899616,79.30791599556959,79.53544616699219,18983700,QQQ
2013-12-31,80.05421447753906,80.05421447753906,79.65375915487417,79.6810686080584,24890500,QQQ
2014-01-02,79.42623138427734,79.70837352634926,79.19870120655449,79.68107101600971,29177500,QQQ
2014-01-03,78.85286712646484,79.49905207408989,78.83466776531759,79.42624074215927,35723700,QQQ
2014-01-06,78.5616226196289,78.96207797036666,78.27038425827516,78.87106728438178,32073100,QQQ
2014-01-07,79.28971862792969,79.40803182031901,78.78004630945041,78.92566895577876,25860600,QQQ
2014-01-08,79.462646484375,79.6810804803765,79.13500243404357,79.30792761162705,27197400,QQQ
2014-01-09,79.1987075805664,79.76298496645401,78.925675511527,79.75388181438488,23674700,QQQ
2014-01-10,79.45355224609375,79.54456294151605,78.79826412917959,79.38984406493104,38008900,QQQ
2014-01-13,78.27949523925781,79.61737398242391,77.97915369616523,79.34433495349049,48842300,QQQ
2014-01-14,79.77206420898438,79.83577236703248,78.54340290738904,78.54340290738904,37178900,QQQ
2014-01-15,80.4273681640625,80.58208701543778,80.03601598820926,80.11792351764211,39835600,QQQ
2014-01-16,80.43646240234375,80.55478253352099,80.23624168740855,80.36365802585352,31630100,QQQ
2014-01-17,79.98139953613281,80.42736365024902,79.79027503451277,80.19073033905158,36895800,QQQ
2014-01-21,80.59119415283203,80.62759287193377,79.9176998070567,80.49108031612678,26412700,QQQ
2014-01-22,80.80052947998047,81.00075718175421,80.56389611027775,80.80052947998047,29376900,QQQ
2014-01-23,80.52748107910156,80.56387979598858,79.96320375597618,80.55478358860171,35011900,QQQ
2014-01-24,78.9438705444336,80.25444662372499,78.91656803339338,80.13613342799403,63974600,QQQ
2014-01-27,78.17939758300781,79.08041545522111,77.5878175269127,78.94389591248033,63519300,QQQ
2014-01-28,78.13386535644531,78.21577983502884,77.64239931595506,77.81532448122115,44378800,QQQ
2014-01-29,77.29653930664062,78.03373473700859,77.14182047818517,77.46036128490782,51939300,QQQ
2014-01-30,78.72542572021484,78.9984646562495,78.16114849278857,78.24306295106639,65833600,QQQ
2014-01-31,78.51610565185547,78.88925845241738,77.76980699440116,77.85172146385091,45187000,QQQ
2014-02-03,76.7140884399414,78.72545471562019,76.51386073892586,78.37050813424575,65596900,QQQ
2014-02-04,77.2783432006836,77.58778087060814,76.86878476595693,77.10541806533217,37675500,QQQ
2014-02-05,77.07813262939453,77.35116470268,76.21351370481395,77.02352065980092,41721800,QQQ
2014-02-06,78.0610580444336,78.16117188803453,77.28745675233874,77.30566305681383,32308600,QQQ
2014-02-07,79.45355224609375,79.50815727461294,78.27039237459084,78.49792258498209,38359400,QQQ
2014-02-10,79.9085922241211,79.94499093804147,79.37161745426134,79.4262224688111,30205400,QQQ
2014-02-11,80.81873321533203,80.97345209135592,79.99051991954953,80.08153061464176,38635500,QQQ
2014-02-12,80.97344207763672,81.1554634453112,80.72770559323907,80.98254522912147,32507200,QQQ
2014-02-13,81.57412719726562,81.63783537738769,80.36367177494647,80.38187113626526,40454500,QQQ
2014-02-14,81.73794555664062,81.91997388001613,81.30109146788051,81.54682102484925,33212400,QQQ
2014-02-18,82.13841247558594,82.29313136446044,81.67424886529088,81.87447657732685,29546600,QQQ
2014-02-19,81.57412719726562,82.17481027584866,81.41030517071306,81.98368573548247,41749900,QQQ
2014-02-20,81.95638275146484,82.11110162463493,81.28288834412893,81.62873870023948,41814800,QQQ
2014-02-21,81.8471450805664,82.33861103327209,81.7470312599966,82.22029091241555,31192200,QQQ
2014-02-24,82.28402709960938,82.65717302705256,81.94727989472628,82.03829058846821,31500400,QQQ
2014-02-25,82.19300842285156,82.56616128924702,81.92907255376787,82.40233926511475,26771700,QQQ
2014-02-26,82.12017822265625,82.6753453560609,81.792534277378,82.41141651360707,42953700,QQQ
2014-02-27,82.65302276611328,82.73527032431475,82.00415535226223,82.13210064668381,28742400,QQQ
2014-02-28,82.56158447265625,83.1282040344255,81.8304698798003,82.63469802368944,48609800,QQQ
2014-03-03,81.94927978515625,82.16862045328273,81.21816514221209,81.78477777030763,38885700,QQQ
2014-03-04,82.99112701416016,83.1464950703487,82.76265237137478,82.84490686847376,33189000,QQQ
2014-03-05,83.21961975097656,83.36584690094918,82.95458827102192,83.12823126849082,27203300,QQQ
2014-03-06,83.14652252197266,83.47551970151183,82.84493422052543,83.41154705931045,24063900,QQQ
2014-03-07,82.7352294921875,83.49376691511023,82.31483702192111,83.41151242500801,31167800,QQQ
2014-03-10,82.80836486816406,82.85406259387415,82.27830192890069,82.68956054280945,18131700,QQQ
2014-03-11,82.45191955566406,83.21959090948485,82.20516306872749,83.00939816986377,27484300,QQQ
2014-03-12,82.76264190673828,82.80833961851437,81.77563687379843,82.07721806504823,27977200,QQQ
2014-03-13,81.59288787841797,83.10082236924454,81.21819297714904,83.07340651945594,48542000,QQQ
2014-03-14,81.03538513183594,81.68425228466782,80.99882835206462,81.32783239751359,38732300,QQQ
2014-03-17,81.74824523925781,82.16864482494677,81.51063657038348,81.5563273270926,28467200,QQQ
2014-03-18,82.7352294921875,82.83575888426121,81.82133099878436,81.8487468379877,31250200,QQQ
2014-03-19,82.28744506835938,82.85406480883967,81.74824117504046,82.76266935497618,40869400,QQQ
2014-03-20,82.5158920288086,82.76264154283564,81.86702496489406,82.03152696507604,31634500,QQQ
2014-03-21,81.52301025390625,83.03439330236903,81.36729382165822,82.98859106302994,62754000,QQQ
2014-03-24,80.8084945678711,81.88019927622979,80.0665462295361,81.81608037030499,77735300,QQQ
2014-03-25,81.07417297363281,81.7520027483404,80.39633621048507,81.22988939688021,41723300,QQQ
2014-03-26,80.02994537353516,81.6604043479417,80.0207835286115,81.47720239166901,40930400,QQQ
2014-03-27,79.58108520507812,80.2772384816831,79.14141460080843,79.92000349504963,64784500,QQQ
2014-03-28,79.73680877685547,80.61615697606275,79.51696648572495,79.83756807984739,39895100,QQQ
2014-03-31,80.30471801757812,80.84515491973002,80.25892278113571,80.3596820851227,33924300,QQQ
2014-04-01,81.71531677246094,81.77027383508147,80.3413342994578,80.69856918336372,38683800,QQQ
2014-04-02,81.92601013183594,82.1458454055624,81.55961335000028,82.06340281014164,34631600,QQQ
2014-04-03,81.27568054199219,82.14586701285933,80.80852434756203,82.00846730997526,30319100,QQQ
2014-04-04,79.11394500732422,81.89855144017238,78.90326453547875,81.8161088247758,131213200,QQQ
2014-04-07,78.3628158569336,79.3520780864165,77.81321718801964,78.6192915085935,83995800,QQQ
2014-04-08,79.08644104003906,79.19636217213016,78.17961441270907,78.45441374871812,51495700,QQQ
2014-04-09,80.4421157836914,80.4879180074789,79.16889223290666,79.37957267851567,45685200,QQQ
2014-04-10,77.95062255859375,80.49706955558425,77.7307872680061,80.49706955558425,73659600,QQQ
2014-04-11,77.04378509521484,78.2620513477942,76.86059021008518,77.25445851427027,93657400,QQQ
2014-04-14,77.64833068847656,78.06052964611946,76.93386088135283,77.72161143496018,46500700,QQQ
2014-04-15,77.90484619140625,78.35367872334457,76.2835421860403,77.93232473582947,84631500,QQQ
2014-04-16,78.93991088867188,78.93991088867188,77.94147951548678,78.58267583464003,46970900,QQQ
2014-04-17,78.95820617675781,79.35208151265283,78.43609300949583,78.6376115983404,53719500,QQQ
2014-04-21,79.54447174072266,79.54447174072266,78.77504442866164,79.14144138183192,25947900,QQQ
2014-04-22,80.17646026611328,80.37797882404993,79.68182571166058,79.81922536374799,38593400,QQQ
2014-04-23,79.47114562988281,80.20393206543459,79.42534342022007,80.17645353501135,34376700,QQQ
2014-04-24,80.23143005371094,80.79934544445501,79.37040560840971,80.78102874920933,48926300,QQQ
2014-04-25,78.94903564453125,79.84670028582846,78.75667893568185,79.75510285139107,44334000,QQQ
2014-04-28,79.20551300048828,79.79174497992032,77.95976829708607,79.32458896903539,58623800,QQQ
2014-04-29,79.83756256103516,79.98411708988658,79.05896673020236,79.44368721886764,36742700,QQQ
2014-04-30,80.04823303222656,80.13067562974786,79.2696442187617,79.4711628033276,38689400,QQQ
2014-05-01,80.28636932373047,80.74436343625781,79.97492969322539,80.17644822088711,37127200,QQQ
2014-05-02,80.13983917236328,80.70775460967847,79.94748240853998,80.5611930819436,40074200,QQQ
2014-05-05,80.56120300292969,80.57952669037222,79.47118120702984,79.66353799454157,27924400,QQQ
2014-05-06,79.51697540283203,80.47876631617896,79.48033501686805,80.43296408661423,33698500,QQQ
2014-05-07,79.28797912597656,79.76429716044038,78.34451188919215,79.68185454398201,67489100,QQQ
2014-05-08,79.2146987915039,80.1764826477287,78.82082340606749,79.00401833436597,46556900,QQQ
2014-05-09,79.50778198242188,79.56273904049138,78.63758896185246,79.16886381797664,35081500,QQQ
2014-05-12,80.81768798828125,80.8451665317812,79.91085412214687,79.9841348971063,38951100,QQQ
2014-05-13,80.87262725830078,81.16574330512299,80.71691088714725,80.89094395378562,30311900,QQQ
2014-05-14,80.45125579833984,80.92756664968292,80.25889908981074,80.62528882695021,26483600,QQQ
2014-05-15,79.8192367553711,80.57034704041754,79.30628543536989,80.43294736872076,59680300,QQQ
2014-05-16,80.34136199951172,80.38716422644465,79.36125444371929,79.91084622472127,66804100,QQQ
2014-05-19,80.90010070800781,81.0283385336504,79.96579555140649,80.10318822999685,32017000,QQQ
2014-05-20,80.60700225830078,81.1565940578287,80.27724578089627,80.86347796551789,33716000,QQQ
2014-05-21,81.37641906738281,81.4222212900553,80.70775134236759,80.7535535650401,36837700,QQQ
2014-05-22,81.7336654663086,81.96266261522543,81.3397900906341,81.46802793495246,30617100,QQQ
2014-05-23,82.32906341552734,82.3473871034039,81.6329170218828,81.81611197001256,22687300,QQQ
2014-05-27,83.35497283935547,83.37328953869259,82.62217907396344,82.6954598481905,29725200,QQQ
2014-05-28,83.09849548339844,83.44656867147123,83.03437655432084,83.32749265702401,30468100,QQQ
2014-05-29,83.62974548339844,83.63890033591743,83.226708342578,83.39158653760117,33036100,QQQ
2014-05-30,83.63892364501953,83.76716150039393,83.19925299471848,83.64808548852885,29906400,QQQ
2014-06-02,83.5564956665039,83.75801431151939,83.02522050936122,83.73969062282363,30409900,QQQ
2014-06-03,83.51982116699219,83.65722082233603,83.17174809676634,83.28166223029199,21774500,QQQ
2014-06-04,83.83126068115234,83.96866034767078,83.18090971396494,83.30914753913217,20118300,QQQ
2014-06-05,84.53656768798828,84.69228403399887,83.62057931601542,83.90453347502726,35583100,QQQ
2014-06-06,85.02204895019531,85.02204895019531,84.68313070267287,84.84800890573278,22680600,QQQ
2014-06-09,84.95793914794922,85.16861959217766,84.72894200738871,85.0403747641007,23399500,QQQ
2014-06-10,85.10448455810547,85.15027978448352,84.78388303127508,84.88464231311832,20626000,QQQ
2014-06-11,85.08616638183594,85.20524236424718,84.72893144616492,84.81136705204104,22878200,QQQ
2014-06-12,84.31675720214844,84.99458683974748,84.02364111655652,84.90298937333228,35275900,QQQ
2014-06-13,84.56404113769531,84.77472152549683,84.19764441324362,84.6831171030567,39447100,QQQ
2014-06-16,84.6373519897461,84.88466584838126,84.23431475062637,84.41751667224385,25212300,QQQ
2014-06-17,84.68314361572266,84.91214076664504,84.43582976763939,84.57322945588051,19977900,QQQ
2014-06-18,85.15946960449219,85.27854561832201,84.2526427583996,84.76559418836081,34514000,QQQ
2014-06-19,85.10448455810547,85.34263650751966,84.71976412359638,85.28767944049127,38422200,QQQ
2014-06-20,85.20460510253906,85.29645571013019,84.98417906019895,85.1403138815558,25897500,QQQ
2014-06-23,85.22297668457031,85.25052906352666,84.96581180468796,85.19542430561398,20837900,QQQ
2014-06-24,85.14032745361328,85.93938161939599,84.89234899235308,85.21380514851211,31945800,QQQ
2014-06-25,85.68220520019531,85.82915356306115,84.93826290899595,84.94744236421289,32818600,QQQ
2014-06-26,85.72809600830078,85.74646892727863,85.06681807662373,85.7372824677897,22563900,QQQ
2014-06-27,86.10469055175781,86.12305646923309,85.59036077583829,85.61791315566003,22877800,QQQ
2014-06-30,86.25164031982422,86.46287988955282,86.03120728112846,86.086319044411,19751900,QQQ
2014-07-01,87.19763946533203,87.42725195011985,86.51798146516388,86.55472030359597,31862500,QQQ
2014-07-02,87.34461212158203,87.4731945882729,87.17011134948378,87.25276850354838,18777300,QQQ
2014-07-03,87.89564514160156,87.89564514160156,87.39050194395138,87.62930085963505,15291700,QQQ
2014-07-07,87.62928009033203,87.90481076723242,87.46395888130606,87.79459429214364,23266400,QQQ
2014-07-08,86.5730972290039,87.52828605074906,86.21490229675163,87.46399483232474,40612400,QQQ
2014-07-09,87.21603393554688,87.31706402250822,86.55474864169784,86.80273413050085,29919000,QQQ
2014-07-10,86.94046783447266,87.2986627222758,85.99445858473943,86.09548863075739,44245300,QQQ
2014-07-11,87.500732421875,87.500732421875,86.8945590378825,87.16091039093993,19566300,QQQ
2014-07-14,88.02427673339844,88.22633692823173,87.74874583726026,87.89569424708996,19579000,QQQ
2014-07-15,87.72116088867188,88.29059540033089,87.09661461246523,88.1620129617487,39467500,QQQ
2014-07-16,88.07018280029297,88.44675071874747,87.97833918832455,88.35490009956061,22052600,QQQ
2014-07-17,86.90373229980469,88.14363826677426,86.6281945261596,87.83136165616204,43111500,QQQ
2014-07-18,88.28142547607422,88.3273437764008,87.25275884914889,87.35378891997271,36682200,QQQ
2014-07-21,88.17119598388672,88.31815134065741,87.75789630559909,88.09771830550139,29750700,QQQ
2014-07-22,88.73146057128906,88.86922948128874,88.49266159443745,88.58450519869797,25770400,QQQ
2014-07-23,89.30087280273438,89.40189582919236,88.87837974889115,89.04370098515551,28947500,QQQ
2014-07-24,89.19986724853516,89.55806219087286,89.0712848080661,89.45703212947326,24707200,QQQ
2014-07-25,88.85086059570312,88.9702635931665,88.38245609051319,88.74065106846699,29898900,QQQ
2014-07-28,88.87841033935547,89.10802285723945,88.18957278570353,88.94270156407427,25603400,QQQ
2014-07-29,88.72227478027344,89.27334341722562,88.64879709342172,89.07129028921021,27022200,QQQ
2014-07-30,89.0712661743164,89.38353574806646,88.72225075987106,89.21821450101761,35348500,QQQ
2014-07-31,87.27112579345703,88.48347965037264,87.14254333948251,88.33653127749527,50047900,QQQ
2014-08-01,86.94966125488281,87.56502108331783,86.37104026792088,87.08743015860256,60708000,QQQ
2014-08-04,87.5466537475586,87.88648277026495,86.81189094443792,87.1333540503141,33230500,QQQ
2014-08-05,86.8761978149414,87.44563944030588,86.47208450691957,87.19766097872927,50331100,QQQ
2014-08-06,86.81189727783203,87.35378646129118,86.26082863889681,86.33430632601295,34431900,QQQ
2014-08-07,86.53636932373047,87.38134173185557,86.23327910976664,87.21602043398605,33274700,QQQ
2014-08-08,87.16089630126953,87.2619263501396,86.30673761996044,86.6741189788319,40236900,QQQ
2014-08-11,87.67523193359375,87.95076972320108,87.43643298308189,87.50072419969464,28277500,QQQ
2014-08-12,87.63851165771484,87.86812419528414,87.18847304610023,87.58340689100815,28152300,QQQ
2014-08-13,88.56614685058594,88.60288569687383,87.95078694150534,87.99670524395137,27996500,QQQ
2014-08-14,89.02535247802734,89.04371839355153,88.56612751053669,88.68552347948618,25006600,QQQ
2014-08-15,89.45703887939453,89.66827847301086,88.61206649049322,89.5396960228397,55205500,QQQ
2014-08-18,90.14586639404297,90.22852352827951,89.79685091913167,89.92544036219498,38938300,QQQ
2014-08-19,90.65100860595703,90.7061203686816,90.30200014238133,90.35710489788877,21363400,QQQ
2014-08-20,90.65100860595703,90.83470280301039,90.49487379387452,90.5775379343528,23435600,QQQ
2014-08-21,90.83470153808594,90.880619831297,90.55916374995147,90.6969326440187,19339500,QQQ
2014-08-22,90.97245788574219,91.15614504768737,90.66936776203818,90.87142784450752,24692000,QQQ
2014-08-25,91.29396057128906,91.55112553230249,91.07353446288036,91.4041701218836,24124700,QQQ
2014-08-26,91.38578796386719,91.48681803877658,91.17454135072435,91.43171327326905,20100400,QQQ
2014-08-27,91.4041519165039,91.51436845236574,91.21127823415935,91.41333837963029,15589100,QQQ
2014-08-28,91.30313110351562,91.4133406348782,91.00004087783172,91.09188448970667,23563900,QQQ
2014-08-29,91.64292907714844,91.76233204769387,91.1745176703379,91.50516019194339,17906300,QQQ
2014-09-02,91.90928649902344,91.93683887645349,91.53272566211758,91.86336119849531,18326800,QQQ
2014-09-03,91.36741638183594,92.15727699829198,91.20209508834095,92.15727699829198,25950700,QQQ
2014-09-04,91.28474426269531,92.04705943877616,91.05513176439752,91.5786479802278,24663500,QQQ
2014-09-05,91.74395751953125,91.79906226976185,90.95409006588262,91.42250146449203,30798200,QQQ
2014-09-08,91.9184799194336,92.14809242502338,91.4959937500145,91.7715245523917,25571300,QQQ
2014-09-09,91.15615844726562,92.26748205699091,90.98165071271454,91.9276530495012,36449200,QQQ
2014-09-10,91.90928649902344,91.94602533800253,91.01838892362736,91.27555378926395,31080100,QQQ
2014-09-11,91.83580780029297,91.88173310031063,91.14697034332993,91.51435172182028,28691900,QQQ
2014-09-12,91.36741638183594,91.7807161119644,91.0826920941836,91.75316373091823,30444400,QQQ
2014-09-15,90.4856948852539,91.47762261048904,90.2101640775004,91.46843614806528,32972200,QQQ
2014-09-16,91.27554321289062,91.4500509260163,90.05401024265953,90.14585382585653,38166900,QQQ
2014-09-17,91.41331481933594,91.84498738118212,90.86224629649213,91.25718002251988,37196500,QQQ
2014-09-18,92.1021728515625,92.11135931437859,91.5970295121658,91.69805257427073,30196700,QQQ
2014-09-19,92.04510498046875,92.57906802695199,91.6768495173195,92.48700591713686,46918000,QQQ
2014-09-22,91.18888092041016,91.83332247913027,90.79300767037175,91.82411416432393,48658000,QQQ
2014-09-23,90.94032287597656,91.34540451782902,90.75619868816409,90.82064285628721,33989600,QQQ
2014-09-24,91.91618347167969,91.9622180254467,90.71936233649161,91.0323748256697,35959000,QQQ
2014-09-25,89.98289489746094,91.74131174356015,89.94606864151282,91.62162465575625,68642500,QQQ
2014-09-26,90.94032287597656,91.1060374545628,90.12095829960228,90.27746456163163,56106200,QQQ
2014-09-29,90.82062530517578,91.06919361307547,89.99205257236652,90.03808712236722,33342700,QQQ
2014-09-30,90.94952392578125,91.41904969824232,90.51682439271781,91.06920393590832,41834300,QQQ
2014-10-01,89.49494934082031,90.7838400600428,89.20955466883788,90.69177794236035,58164900,QQQ
2014-10-02,89.49494934082031,89.77114271775704,88.35336362900124,89.45812308896946,54501300,QQQ
2014-10-03,90.3787612915039,90.74701679825691,89.70670148877753,90.01971410398936,41627800,QQQ
2014-10-06,90.18540954589844,90.8850941574979,89.90922324250334,90.66414371000421,36038700,QQQ
2014-10-07,88.90572357177734,90.01969110275161,88.89651525489172,89.76191442105677,45154000,QQQ
2014-10-08,90.63650512695312,90.92190672859313,88.43618822854663,88.95174856034535,64931600,QQQ
2014-10-09,89.1727066040039,90.74699161011507,89.03460994931605,90.51683286026454,62497100,QQQ
2014-10-10,86.94475555419922,89.14507223501033,86.92633892423106,88.64792858416494,77579400,QQQ
2014-10-13,85.58220672607422,87.45109417115255,85.50855425930122,86.78823601796725,80835900,QQQ
2014-10-14,85.59143829345703,86.69619749964424,85.35207122335763,86.1161999699791,71814500,QQQ
2014-10-15,85.03905487060547,85.39810194768314,83.07809788545639,84.30254408363787,108847800,QQQ
2014-10-16,84.50507354736328,85.23237592020627,83.21618335528568,83.24380127690598,93165800,QQQ
2014-10-17,85.6190414428711,86.43840590121991,85.12189777872352,85.6190414428711,69546700,QQQ
2014-10-20,86.89871978759766,86.97237225866736,85.43491380048991,85.60982963942267,41479300,QQQ
2014-10-21,89.18189239501953,89.18189239501953,87.75490569682111,87.97585607418118,53609800,QQQ
2014-10-22,88.72161102294922,89.57780198461188,88.66636813827218,89.45811492105223,39178000,QQQ
2014-10-23,90.0564956665039,90.55363930032942,89.45808164297951,89.61458787291919,48123800,QQQ
2014-10-24,90.79302978515625,90.85747395672516,89.8908043593036,90.24985146145723,43157600,QQQ
2014-10-27,90.85748291015625,91.02319751393328,90.24065203705428,90.61811581050307,29545700,QQQ
2014-10-28,92.22920989990234,92.24761950845742,91.21651285607886,91.28095702185253,34495100,QQQ
2014-10-29,91.88856506347656,92.17396665232795,91.23491514198173,91.92539130151825,40552800,QQQ
2014-10-30,92.08192443847656,92.30288193125894,91.27176803660753,91.47430889304698,35935800,QQQ
2014-10-31,93.35237121582031,93.67459199480899,93.04856004253689,93.61014783901126,54254100,QQQ
2014-11-03,93.62857818603516,93.8771535733829,93.38000982257518,93.51810647955861,33481000,QQQ
2014-11-04,93.31555938720703,93.55492644164781,92.68031902206651,93.3339689957545,22773300,QQQ
2014-11-05,93.32477569580078,93.93239116432564,93.00254781558245,93.93239116432564,25818600,QQQ
2014-11-06,93.61936950683594,93.64698743127612,92.9104766680645,93.31555829021961,24671900,QQQ
2014-11-07,93.5365219116211,93.82192356018871,93.04858644727695,93.78509731444166,20931700,QQQ
2014-11-10,93.86793518066406,93.98761519112966,93.33396524371848,93.58254060438387,20360000,QQQ
2014-11-11,94.16253662109375,94.16253662109375,93.62856669238035,93.8863503649187,15454000,QQQ
2014-11-12,94.3282699584961,94.42954037974884,93.78509862985702,93.78509862985702,22050300,QQQ
2014-11-13,94.73335266113281,95.0831914685623,94.29144472511123,94.50319388742932,28027800,QQQ
2014-11-14,95.02794647216797,95.02794647216797,94.39270607018989,94.70572562474709,19251300,QQQ
2014-11-17,94.74254608154297,95.01873235222688,94.2914298988176,94.80699024709128,23361600,QQQ
2014-11-18,95.4514389038086,95.580327244359,94.81619849403326,94.82540681089765,26336800,QQQ
2014-11-19,95.01871490478516,95.35014398785827,94.57681414327831,95.35014398785827,23760200,QQQ
2014-11-20,95.44221496582031,95.52507575626238,94.53999672963454,94.61364218083273,22874000,QQQ
2014-11-21,95.6263656616211,96.38128612553008,95.32255440783273,96.28921700094836,34049100,QQQ
2014-11-24,96.37206268310547,96.4180972381714,95.80126651016786,95.88412730450916,17928300,QQQ
2014-11-25,96.51937866210938,96.80478031388189,96.2708102803857,96.51937866210938,17526000,QQQ
2014-11-26,97.14540100097656,97.20064387658978,96.51016763446871,96.61143804522413,18973800,QQQ
2014-11-28,97.59651184082031,97.81746225947094,97.33873518174671,97.4031793465151,17360400,QQQ
2014-12-01,96.49174499511719,97.51365033175829,96.13269793347432,97.32952615487527,35969500,QQQ
2014-12-02,96.87841796875,97.05333383136318,96.39047554976936,96.59301636068827,26031300,QQQ
2014-12-03,97.0533447265625,97.19144138804513,96.44572924948211,97.02572679904357,32974300,QQQ
2014-12-04,97.00731658935547,97.3847733029289,96.6022349245458,96.96128202784966,31008800,QQQ
2014-12-05,97.0164794921875,97.31108230713883,96.80473745038022,97.16378441160575,25622200,QQQ
2014-12-08,96.3260269165039,97.19142596887289,95.81968193658192,96.76793475836315,32685800,QQQ
2014-12-09,96.62985229492188,96.70350478335145,94.86223471593932,95.20287220701022,46035100,QQQ
2014-12-10,95.11078643798828,96.69427954263763,94.93587058844213,96.4549125090801,39330100,QQQ
2014-12-11,95.56192779541016,96.70351337190499,95.36858824013943,95.3870048758264,47576000,QQQ
2014-12-12,94.52159881591797,95.73683679991014,94.5123975226253,94.65048716089532,46889400,QQQ
2014-12-15,93.54573059082031,95.35938281352001,93.27874557603775,95.00953698951406,52968400,QQQ
2014-12-16,92.04510498046875,94.33748452714252,92.02668834417247,92.95653180824937,65348600,QQQ
2014-12-17,93.72064208984375,93.98762004822646,91.98984386324992,92.10953090378771,79715300,QQQ
2014-12-18,95.9761962890625,95.98540460551493,94.80699295955274,95.06476962912105,49840900,QQQ
2014-12-19,96.39849090576172,96.786596636091,95.83481051406783,96.07506946382064,51419900,QQQ
2014-12-22,96.63875579833984,96.66647663077397,96.19520132921653,96.24140741664614,33869200,QQQ
2014-12-23,96.2968521118164,96.99914377250364,96.18596172853125,96.98990114471505,30156900,QQQ
2014-12-24,96.38002014160156,96.74964064660337,96.35229225867312,96.41697655205436,14291300,QQQ
2014-12-26,97.0638198852539,97.26711537911093,96.62950806657004,96.65722889753987,13924300,QQQ
2014-12-29,97.04534912109375,97.2578872736944,96.91598052387937,96.97142924415681,17073800,QQQ
2014-12-30,96.39849090576172,96.98989212818502,96.26912232898529,96.76811843229095,18604000,QQQ
2014-12-31,95.40974426269531,96.94369607748459,95.27113305472321,96.56482591236475,24367100,QQQ
2015-01-02,95.12327575683594,96.28759285498323,94.66124314803072,95.88100895327416,31314600,QQQ
2015-01-05,93.72795104980469,94.81834847176572,93.45997124567214,94.70745808900281,36521300,QQQ
2015-01-06,92.47122192382812,94.02365203800593,92.05539532451915,93.86656261605003,66205500,QQQ
2015-01-07,93.66326904296875,93.88504276385099,92.85932961093887,93.08111038188058,37577400,QQQ
2015-01-08,95.45594024658203,95.64075047094707,94.35630037645302,94.45794811487124,40212600,QQQ
2015-01-09,94.82762145996094,95.77940797071153,94.273176418692,95.7516871286604,41410100,QQQ
2015-01-12,93.83882904052734,95.1140365486343,93.59857010129848,95.01238880703971,34129800,QQQ
2015-01-13,93.81110382080078,95.7516465425846,93.05337057564869,94.75365435139153,56162300,QQQ
2015-01-14,93.29364013671875,93.77415808347445,92.4712225106024,92.86857090693296,51354200,QQQ
2015-01-15,92.08309173583984,93.87577329636281,91.97220138207305,93.72792654139788,51005400,QQQ
2015-01-16,93.16425323486328,93.28437917291058,91.81511888810468,91.96296565415842,35362200,QQQ
2015-01-20,93.9035415649414,94.14379352636094,92.67453271975032,93.72796685846825,30964100,QQQ
2015-01-21,94.38402557373047,94.8275800028182,93.29362827936737,93.62629233866855,40128800,QQQ
2015-01-22,96.1305160522461,96.23216380350284,93.92200045686592,94.75366067166702,40887200,QQQ
2015-01-23,96.34306335449219,96.6387640090115,95.84406717810467,96.12128257605792,34783000,QQQ
2015-01-26,96.2321548461914,96.40772950021217,95.74240139030019,96.2321548461914,19960900,QQQ
2015-01-27,93.73721313476562,94.77216205514192,93.42302717675085,94.71672037728197,45253200,QQQ
2015-01-28,93.25669860839844,95.34508883726029,93.23822039843552,95.24344105731164,43591700,QQQ
2015-01-29,94.15300750732422,94.32858216037451,92.36956129757957,93.18273617738926,46539700,QQQ
2015-01-30,93.42301177978516,94.79063169210713,93.29364318605924,94.0698617984743,42927600,QQQ
2015-02-02,94.2361831665039,94.31934566015565,92.17551442862995,93.63553930658126,43624700,QQQ
2015-02-03,95.14178466796875,95.20646897207723,93.95898193566481,94.57810413928321,30750400,QQQ
2015-02-04,95.05859375,95.68695839502503,94.54111242170637,94.75365052887204,34073200,QQQ
2015-02-05,95.88101959228516,95.94570388269297,95.05860202136061,95.29885392855597,23605500,QQQ
2015-02-06,95.29885864257812,96.25988746907417,94.9569589692498,96.02887112761049,34169300,QQQ
2015-02-09,94.99393463134766,95.44672474475833,94.76291826021117,94.92925032943185,22604700,QQQ
2015-02-10,96.47242736816406,96.60179595774304,95.37278730668336,95.52064115195041,23686500,QQQ
2015-02-11,96.82356262207031,97.04533632375548,96.39849342298254,96.5833036660437,20303600,QQQ
2015-02-12,97.950927734375,97.98789119462148,97.3040848052094,97.45193159613618,22520300,QQQ
2015-02-13,98.79183959960938,98.81031780638776,98.04334179897792,98.22815911706091,29030200,QQQ
2015-02-17,98.88423919677734,98.94892349196955,98.5423324650131,98.7918340679398,17675300,QQQ
2015-02-18,99.02283477783203,99.07827643636757,98.6347220179083,98.76409058786345,15149600,QQQ
2015-02-19,99.51258850097656,99.57727278613133,98.93042288452543,98.95814371386913,19828100,QQQ
2015-02-20,100.17792510986328,100.2333667732573,99.13372678221637,99.44791265825332,28336700,QQQ
2015-02-23,100.27958679199219,100.30731467954993,99.90072359609448,100.12249734613364,17868000,QQQ
2015-02-24,100.35350036621094,100.47363337945441,99.84526862960828,100.15020485154609,19745000,QQQ
2015-02-25,100.1039810180664,100.59373442751502,99.88220030242131,100.20562875022266,19472300,QQQ
2015-02-26,100.61222839355469,100.66767710618299,99.9284220383154,100.20564445128045,22255500,QQQ
2015-02-27,100.16867065429688,100.63994588767278,100.0115812598576,100.57525455460687,27757600,QQQ
2015-03-02,101.07426452636719,101.11122798603834,100.3442520604948,100.36273731535991,22988600,QQQ
2015-03-03,100.6030044555664,100.87098427242034,99.96539706201536,100.76933651257714,20788900,QQQ
2015-03-04,100.21488189697266,100.41817739692989,99.66968673805003,100.27033061063487,21007400,QQQ
2015-03-05,100.39044952392578,100.69539275247347,99.97462297594872,100.47361906355627,15381000,QQQ
2015-03-06,99.25386810302734,100.45514889426245,99.00436649673007,100.2610960060643,30990400,QQQ
2015-03-09,99.54029846191406,99.78979294882444,99.05054506349393,99.45712893290556,26237100,QQQ
2015-03-10,97.69219970703125,98.85652413857323,97.69219970703125,98.82879625324857,34234500,QQQ
2015-03-11,97.1285171508789,97.96017744137973,97.09155368796112,97.84004442438201,25459700,QQQ
2015-03-12,97.76612091064453,97.87700424521212,96.98990231837429,97.05458661355853,21473200,QQQ
2015-03-13,97.3410415649414,98.06181846724742,96.73116209383227,97.6737056582952,42021100,QQQ
2015-03-16,98.5977554321289,98.63471888666527,97.59977035987947,97.70141809733995,25674100,QQQ
2015-03-17,98.75489807128906,98.91198753900723,98.09881230900018,98.32982872037209,19603800,QQQ
2015-03-18,99.72510528564453,100.17790226697724,97.97862278638212,98.48686141846687,40622200,QQQ
2015-03-19,99.87298583984375,100.15020121791656,99.67893296017503,99.82677975180202,31314000,QQQ
2015-03-20,100.51947021484375,101.0196140142989,100.50094951098566,100.69544869972812,31761400,QQQ
2015-03-23,100.32493591308594,100.74171873362391,100.28788745206256,100.46386587535574,17268500,QQQ
2015-03-24,99.96372985839844,100.77877486412505,99.94520915961299,100.31567966549748,22445300,QQQ
2015-03-25,97.67606353759766,100.21382389942038,97.63901506423781,100.12120624915764,41581400,QQQ
2015-03-26,97.3426284790039,97.89834141337393,96.54610401543998,96.87026930496638,47846300,QQQ
2015-03-27,97.73163604736328,97.9631837140533,97.17592306056203,97.32411695905516,33878400,QQQ
2015-03-30,98.8523178100586,98.9356715654703,98.32438949363228,98.32438949363228,30570200,QQQ
2015-03-31,97.80570983886719,98.77821263521257,97.77792525604687,98.57444960616706,30488100,QQQ
2015-04-01,97.29632568359375,97.82425404471758,96.66651579082556,97.80572627554213,32970500,QQQ
2015-04-02,97.36115264892578,97.67605404246214,97.04624418911634,97.38893723467626,19164200,QQQ
2015-04-06,98.15766906738281,98.42625808521969,96.63871019642264,96.78690406335436,24451100,QQQ
2015-04-07,97.99097442626953,98.82454036530883,97.99097442626953,98.10211278279533,19379400,QQQ
2015-04-08,98.76898193359375,98.90791196064121,98.01876968032205,98.02802650019044,25866900,QQQ
2015-04-09,99.38951873779297,99.42656721262088,98.3892381825353,98.72266032343849,23114700,QQQ
2015-04-10,99.79702758789062,99.80629147155958,99.13016928918228,99.35245303332745,17164300,QQQ
2015-04-13,99.54698181152344,100.38054780748163,99.43583638113428,99.87114715064878,17783500,QQQ
2015-04-14,99.25983428955078,99.7321934235852,98.69485751867718,99.4450766295019,23755700,QQQ
2015-04-15,99.88035583496094,100.09338270730784,99.39874000126112,99.51914219311831,21128600,QQQ
2015-04-16,99.74144744873047,99.91741882145014,99.47285138205388,99.61178135671723,16195300,QQQ
2015-04-17,98.18544006347656,99.05605417926681,97.75939335441505,98.7874651985986,46514000,QQQ
2015-04-20,99.6581039428711,99.83408241242114,98.63929572887912,98.67634419964088,28945900,QQQ
2015-04-21,100.08413696289062,100.4083092708079,99.96373474921457,100.2323308255125,22759800,QQQ
2015-04-22,100.63059997558594,100.79731454945839,99.6951455851754,100.3434761134167,21429200,QQQ
2015-04-23,101.01034545898438,101.46418394467396,100.2693972122626,100.28791791526437,29473200,QQQ
2015-04-24,102.38109588623047,102.5200258706424,101.90873676573892,102.07545133377873,32508100,QQQ
2015-04-27,102.12177276611328,102.95534568044538,101.89948194477594,102.76083944520691,31121300,QQQ
2015-04-28,101.91800689697266,102.39036604642149,101.05664942034147,102.19585981655734,36849200,QQQ
2015-04-29,101.27892303466797,101.94578128097801,100.72321018483369,101.35301996565181,34043900,QQQ
2015-04-30,99.68588256835938,101.11221680916555,99.15795425755155,100.70469778770153,44080500,QQQ
2015-05-01,101.0010757446289,101.0659087962675,100.05635748786943,100.07488525477912,32874300,QQQ
2015-05-04,101.16778564453125,101.79759543120166,101.11220941264081,101.32523632463077,23507300,QQQ
2015-05-05,99.5191650390625,100.95476312096137,99.47285975445867,100.76952785000077,47843300,QQQ
2015-05-06,98.83378601074219,99.9822602359604,98.17619161298529,99.69514344622401,42687200,QQQ
2015-05-07,99.42657470703125,99.7044347560477,98.7319316507647,98.80602860600568,29335800,QQQ
2015-05-08,100.66764068603516,100.88066052906724,100.30642698152661,100.45461377673082,33023300,QQQ
2015-05-11,100.2786636352539,100.93626524831555,100.20457374987694,100.73250216441186,19679300,QQQ
2015-05-12,99.8248062133789,100.334213790669,98.91714352364507,99.68587623172958,33665000,QQQ
2015-05-13,100.02859497070312,100.77880717177565,99.8804010678238,100.26014264424643,20738400,QQQ
2015-05-14,101.491943359375,101.57529710161921,100.47313535640545,100.84360585474215,23904200,QQQ
2015-05-15,101.491943359375,101.89020550473158,101.24186800009873,101.75127553471943,23937400,QQQ
2015-05-18,101.93653106689453,102.14029412128693,101.25115202907092,101.32524896999055,17631100,QQQ
2015-05-19,101.82540893554688,102.20514345224738,101.65869432506817,102.04769272742703,14212900,QQQ
2015-05-20,101.89025115966797,102.50153340884404,101.35305880359431,101.89950797988391,21131900,QQQ
2015-05-21,102.41815948486328,102.55708948980134,101.56606581844446,101.71425264177776,16771800,QQQ
2015-05-22,102.31629180908203,102.68676951699966,102.23293096832015,102.29776403723515,13543800,QQQ
2015-05-26,101.1399917602539,102.23289674631486,100.73247277760676,102.09397383533981,25488400,QQQ
2015-05-27,102.77009582519531,102.88124122774829,101.22335940426444,101.44564314309774,30572700,QQQ
2015-05-28,102.53854370117188,102.81640366221913,102.22364234050583,102.575592167063,17302400,QQQ
2015-05-29,101.92728424072266,102.61266334573268,101.68647269226415,102.47373333445762,30383000,QQQ
2015-06-01,102.26995849609375,102.54781848668195,101.43638559060221,102.47372154702202,24570200,QQQ
2015-06-02,101.94578552246094,102.4459292280021,101.39007264950607,101.89021635504722,19449600,QQQ
2015-06-03,102.25144958496094,102.63118407852748,102.00137415134066,102.40890030018916,20507200,QQQ
2015-06-04,101.47344207763672,102.32554281850247,101.14927677385425,101.67720514466389,31374600,QQQ
2015-06-05,101.2326431274414,101.593856923689,100.61209000774446,101.35304537076593,22641700,QQQ
2015-06-08,100.2045669555664,101.26042371304452,100.00080388547875,101.18632676641741,24549200,QQQ
2015-06-09,100.03787231445312,100.39908616847339,99.2876529461782,99.96377535304508,27554600,QQQ
2015-06-10,101.40857696533203,101.70495758744,100.26936681977728,100.38050513664813,30297900,QQQ
2015-06-11,101.5567626953125,102.01985782199768,101.38078428596546,101.75126180056778,17593500,QQQ
2015-06-12,100.7232437133789,101.23265145062308,100.58431368810552,101.01962446970062,27201800,QQQ
2015-06-15,100.22308349609375,100.38053420143096,99.38951054684753,99.97301514445661,31238800,QQQ
2015-06-16,100.76953125,100.93624582599861,100.07488836105131,100.1211936472175,16456900,QQQ
2015-06-17,101.04737854003906,101.3715437902461,100.42683262303238,100.9362402064095,23296700,QQQ
2015-06-18,102.52002716064453,102.69599854792618,101.36228905309827,101.41785822105324,43032400,QQQ
2015-06-19,102.01317596435547,102.65371960674301,101.93890859776904,102.57016704870182,27877600,QQQ
2015-06-22,102.76512908935547,103.07147671088173,102.53304884562834,102.76512908935547,19120900,QQQ
2015-06-23,102.8486557006836,102.9414863582383,102.42162900991183,102.87650418969749,18127900,QQQ
2015-06-24,102.31950378417969,103.16427189778652,102.29165529771814,102.7279671390146,15815900,QQQ
2015-06-25,102.11528015136719,102.82080588824729,101.9481821369094,102.71869004149391,18326700,QQQ
2015-06-26,101.43762969970703,102.32882406725689,101.05702178332969,102.09674382378654,32311700,QQQ
2015-06-29,99.04253387451172,100.87132671516682,98.99611500831783,100.31432865093866,50874900,QQQ
2015-06-30,99.39529418945312,99.99870404349696,99.08894666751206,99.78518717236464,34809900,QQQ
2015-07-01,100.18437957763672,100.58355780709509,99.72021917512818,100.37932609678722,21293000,QQQ
2015-07-02,100.21223449707031,100.55571576666975,99.90589399448284,100.4721702884712,20499400,QQQ
2015-07-06,99.98016357421875,100.55572511345933,99.36747542956748,99.58098528204944,24311000,QQQ
2015-07-07,100.2308120727539,100.32364274936661,98.24420584662994,100.09156251657151,44230800,QQQ
2015-07-08,98.48552703857422,99.63664965843024,98.29986575538399,99.51596345008504,39691500,QQQ
2015-07-09,98.42986297607422,99.88732649218434,98.42057778405339,99.79449581955514,28381000,QQQ
2015-07-10,99.93374633789062,100.3050761145311,99.37675521419311,99.73879979872282,26415800,QQQ
2015-07-13,101.68824768066406,101.7717931418772,100.78777549190198,100.79706068176722,25780700,QQQ
2015-07-14,102.3566665649414,102.63515859126939,101.77181985285219,101.82752392413903,21977200,QQQ
2015-07-15,102.46806335449219,102.86724164412418,102.18028612796451,102.5516159224521,28631500,QQQ
2015-07-16,103.91624450683594,103.93480780864837,103.10860276872931,103.31283450129833,29838900,QQQ
2015-07-17,105.44794464111328,105.44794464111328,104.57532800148336,104.75170411791102,35926800,QQQ
2015-07-20,105.80999755859375,106.19060536648036,105.34583720396012,105.67074803569867,26539000,QQQ
2015-07-21,105.74500274658203,106.01420948745412,105.43865524935285,105.84711149646766,35468900,QQQ
2015-07-22,104.54749298095703,105.0580651808927,104.12974436370884,104.12974436370884,35575000,QQQ
2015-07-23,104.15758514404297,104.99307523416074,103.88837835961219,104.64960109004723,25698300,QQQ
2015-07-24,103.1364517211914,104.90026286732429,102.97863886624161,104.71460151826881,30844700,QQQ
2015-07-27,102.2823715209961,102.99717531930702,102.05957654370141,102.55158536471764,35994800,QQQ
2015-07-28,103.16427612304688,103.36850780882897,101.92032979331934,102.73724945392289,33553500,QQQ
2015-07-29,103.55416870117188,103.77696366838653,102.98789255250288,103.38707070512982,26714100,QQQ
2015-07-30,104.04619598388672,104.22257211810816,102.69084847855463,103.31282170889065,25438100,QQQ
2015-07-31,103.92552185058594,104.42681598614469,103.71201200994741,104.3711189985914,22081700,QQQ
2015-08-03,103.60060119628906,104.23185963171106,102.91364577855875,103.94408244641708,25001800,QQQ
2015-08-04,103.40567779541016,103.73987392903204,102.97865097634381,103.55421255814312,22132300,QQQ
2015-08-05,104.20402526855469,104.90026597190806,103.86054397185741,103.98123022658908,28989900,QQQ
2015-08-06,102.53301239013672,104.43607254507904,102.06885206771415,104.29682303184738,42125400,QQQ
2015-08-07,102.40306091308594,102.64442629413219,101.55829270321206,102.28238176382548,30006800,QQQ
2015-08-10,103.57276153564453,103.79555656639883,103.0436189110241,103.05290410304238,21500800,QQQ
2015-08-11,102.24526977539062,103.42424135858704,101.6789934242541,103.02506306323716,36123300,QQQ
2015-08-12,102.59801483154297,102.80224654698135,100.46288117588236,101.53972965384035,41889000,QQQ
2015-08-13,102.430908203125,103.19213801770401,102.20811320612825,102.70012207065349,22510500,QQQ
2015-08-14,102.58875274658203,102.73728041940194,101.98534269740757,102.18957444474604,17924900,QQQ
2015-08-17,103.44278717041016,103.47063566124459,102.07815445931814,102.33808315047364,21224900,QQQ
2015-08-18,102.91365051269531,103.38709613167224,102.77440096799315,103.30354357184052,13984400,QQQ
2015-08-19,102.2359619140625,103.14571936774307,101.64183719911713,102.59800644090342,42511400,QQQ
2015-08-20,99.40460968017578,101.61401100601039,99.39532448750717,101.28910008787689,57747300,QQQ
2015-08-21,95.06005096435547,98.83831632226295,95.06005096435547,98.00282618902868,97763400,QQQ
2015-08-24,91.40245819091797,95.18072327727106,78.66589664698813,87.47566547073478,150829900,QQQ
2015-08-25,91.05899047851562,95.37568392818729,90.98473019184769,94.75371064687066,75088300,QQQ
2015-08-26,95.64488983154297,95.8305582390021,91.83877601020025,93.7232660801257,104103800,QQQ
2015-08-27,98.06785583496094,98.13283803886263,95.8770171283767,97.02813349000483,69377700,QQQ
2015-08-28,98.04925537109375,98.40201476109384,97.3344443165201,97.5479612384454,49919600,QQQ
2015-08-31,96.83316802978516,98.03998824737155,96.59180965229001,97.5015603298313,39549400,QQQ
2015-09-01,93.80683135986328,95.88626822782118,93.41693119256838,94.41951948128124,73155500,QQQ
2015-09-02,96.45252227783203,96.47108557554635,94.41021248553635,95.50563119632884,43963600,QQQ
2015-09-03,95.9791030883789,97.49226369717219,95.70988916119602,96.83315666821831,45131800,QQQ
2015-09-04,94.83724975585938,95.47778624735592,94.30810013730222,94.66086654967366,49379600,QQQ
2015-09-08,97.51079559326172,97.63147472021565,96.2575642136552,96.65674235053235,37343500,QQQ
2015-09-09,96.41539001464844,98.68977293310881,96.16473945541526,98.66192444486624,47146700,QQQ
2015-09-10,97.46440124511719,98.10494487953645,96.19260625014374,96.30400021611175,47686700,QQQ
2015-09-11,98.0028305053711,98.0028305053711,96.74031360010657,97.01881268429248,29106100,QQQ
2015-09-14,97.70574951171875,98.3834267101536,97.33441983103629,98.36485633073096,19718800,QQQ
2015-09-15,98.85688781738281,99.1632354053867,97.57580756190231,97.93785213589737,30020200,QQQ
2015-09-16,99.41387939453125,99.5067171483234,98.53197739371565,98.87545866817841,31329100,QQQ
2015-09-17,99.45100402832031,100.93632296349833,98.99612882274798,99.31176157535727,56139800,QQQ
2015-09-18,98.03654479980469,99.1997691260951,97.86904021282855,97.92487980832584,48384000,QQQ
2015-09-21,98.34362030029297,99.15322684384901,97.45957280886056,98.5762651243285,35772600,QQQ
2015-09-22,96.8733139038086,97.17109902715359,95.97065075186234,96.8360898759208,47359700,QQQ
2015-09-23,96.94776916503906,97.39445043313395,96.44525540084152,97.13388221855315,21775100,QQQ
2015-09-24,96.59414672851562,96.95707213468299,95.17035425075419,96.0078771495087,38284300,QQQ
2015-09-25,95.77522277832031,97.72013726661757,95.17965257610413,97.6270807537257,44700000,QQQ
2015-09-28,93.04862976074219,95.43091778966325,92.76946020796922,95.36577751737384,44077500,QQQ
2015-09-29,92.5647201538086,94.23045788164089,91.89470195046194,93.28126306031436,49315500,QQQ
2015-09-30,94.69575500488281,94.79811929959159,93.52322305624571,93.88614842848344,41411400,QQQ
2015-10-01,95.12381744384766,95.13312522480513,93.60696863682736,94.86325637509135,39339100,QQQ
2015-10-02,96.78953552246094,96.78953552246094,93.50459238982366,93.802377421967,59370900,QQQ
2015-10-05,98.17610931396484,98.43667036386083,97.292061880424,97.50609112865737,32853500,QQQ
2015-10-06,97.7108154296875,98.2691615264774,96.9477407741316,97.94346022832961,33051500,QQQ
2015-10-07,98.29706573486328,98.5111020473087,97.0500931746529,98.32498907107743,37389300,QQQ
2015-10-08,98.68793487548828,98.85543942884587,96.97566531897111,97.92486015458292,50188900,QQQ
2015-10-09,99.1346206665039,99.3207408032051,98.46460237389415,98.73447124729293,23916200,QQQ
2015-10-12,99.37655639648438,99.5626694017819,98.96709926512256,99.32072391484634,16162000,QQQ
2015-10-13,98.73445892333984,99.81393428219575,98.64140241648312,98.80890696872778,26999600,QQQ
2015-10-14,98.57625579833984,99.22765840410958,98.16679867485264,98.73445255977593,30902600,QQQ
2015-10-15,100.19548034667969,100.20478812843085,98.80891905556068,98.93919960104797,38393800,QQQ
2015-10-16,100.61424255371094,100.6700750431637,99.92560871826053,100.4095139593747,27091100,QQQ
2015-10-19,101.19116973876953,101.25630999203212,100.26059063515815,100.48393473184858,23776300,QQQ
2015-10-20,100.67007446289062,101.22842065347112,100.3257575471501,101.01439137863115,23404700,QQQ
2015-10-21,100.05587768554688,101.28424200970822,100.01866076338837,101.18188482413798,30195200,QQQ
2015-10-22,102.0938720703125,102.17762791388658,100.66077884480845,100.94926330627709,42778700,QQQ
2015-10-23,104.95073699951172,105.37880264463539,104.29002651901061,104.83907202237499,53170900,QQQ
2015-10-26,105.01586151123047,105.22059007160311,104.47612387020368,104.87627321099859,25918000,QQQ
2015-10-27,105.22991180419922,105.37880080436706,104.70878255421968,104.73670589777318,31390500,QQQ
2015-10-28,106.10465240478516,106.10465240478516,104.54127884164929,105.38810944240312,42221900,QQQ
2015-10-29,105.93714141845703,106.1139537528967,105.50907580327991,105.62074787236125,24913300,QQQ
2015-10-30,105.46256256103516,106.16049709419337,105.43464631566998,105.98368474053765,27199200,QQQ
2015-11-02,106.65367889404297,106.78395940943787,105.5183711743826,105.74170818652306,22176900,QQQ
2015-11-03,107.02591705322266,107.40745083788873,106.28145084446336,106.43964760640404,20418400,QQQ
2015-11-04,107.03524017333984,107.45400516596908,106.58856603424424,107.379557109534,28633000,QQQ
2015-11-05,106.74678039550781,107.38888256334862,106.1884340798786,107.12832142270557,25004100,QQQ
2015-11-06,106.8211898803711,106.94216262347183,105.86269441646054,106.5420132735158,29924900,QQQ
2015-11-09,105.6858901977539,106.56063700655054,105.03448753147337,106.42104869241712,33479800,QQQ
2015-11-10,105.416015625,105.51837990982112,104.81113769644509,105.12753833128023,35452100,QQQ
2015-11-11,105.2857437133789,106.21632303352527,105.10893137062892,105.70450156754205,22748800,QQQ
2015-11-12,104.26209259033203,105.36948409082089,104.18764455169708,104.85766269990023,31196900,QQQ
2015-11-13,102.21481323242188,103.93639038695842,102.15898075381185,103.82471832998269,52836000,QQQ
2015-11-16,103.68515014648438,103.70376570946921,101.87983102359375,102.11247586260475,33980600,QQQ
2015-11-17,103.75027465820312,104.49474086986,103.48971361405,103.86194671987845,30579500,QQQ
2015-11-18,105.74171447753906,105.84407875997593,104.0666761371972,104.16904041963407,32966500,QQQ
2015-11-19,105.81619262695312,106.30009793611322,105.61146400382833,105.79758416110454,26188100,QQQ
2015-11-20,106.5326919555664,106.61644066154555,106.21629138910654,106.31865565180638,22727600,QQQ
2015-11-23,106.2256088256836,106.96076718839036,105.76962704113318,106.56991855902041,20696200,QQQ
2015-11-24,106.13258361816406,106.38383693276384,105.00657629416803,105.53701336897599,26374400,QQQ
2015-11-25,106.2256088256836,106.42102959049092,106.00227182301171,106.29074908061938,14159900,QQQ
2015-11-27,106.37451934814453,106.58855571473381,106.01159398285742,106.45827517846442,8828000,QQQ
2015-11-30,106.10465240478516,106.69092192830914,105.76034259548439,106.69092192830914,25041600,QQQ
2015-12-01,107.16551971435547,107.16551971435547,106.40243784326314,106.53272548204632,28639400,QQQ
2015-12-02,106.50480651855469,107.71456254470478,106.34660972891024,107.24927285768662,22395500,QQQ
2015-12-03,104.69950103759766,106.97941796190807,104.07600737973121,106.79330490269184,42754300,QQQ
2015-12-04,107.14690399169922,107.32371633715225,104.8018471929729,105.01587646401477,40037300,QQQ
2015-12-07,106.66302490234375,107.28651146373164,106.1512033371697,107.2213711826875,25892100,QQQ
2015-12-08,106.67230224609375,107.01661914185384,105.50907812498664,105.54630214883286,30792600,QQQ
2015-12-09,105.05308532714844,106.79327098717863,104.41098340718298,106.20700154729509,48509200,QQQ
2015-12-10,105.5276870727539,106.23492928199188,104.97864163012979,105.29504226311369,30154600,QQQ
2015-12-11,103.098876953125,104.58780234752382,103.03373668898743,104.30862572993065,56022200,QQQ
2015-12-14,103.88058471679688,103.92711653066438,101.7867808884031,103.23848970392488,53098500,QQQ
2015-12-15,104.51335144042969,105.41601443286811,104.38307091572271,104.83905985195325,48428000,QQQ
2015-12-16,106.06742095947266,106.24422618067146,104.12250672823863,105.22059047464319,44944100,QQQ
2015-12-17,104.52266693115234,106.53272163163443,104.50405846900269,106.53272163163443,45668800,QQQ
2015-12-18,102.51768493652344,104.43119473646347,102.51768493652344,104.1978393617312,53746100,QQQ
2015-12-21,103.65646362304688,103.67512892018901,102.7230420942358,103.48844746300324,26432800,QQQ
2015-12-22,104.33784484863281,104.48719569363813,103.65645120225676,104.20716641997329,26540300,QQQ
2015-12-23,105.11259460449219,105.18727003287057,104.69255778238518,104.87923923189034,25656900,QQQ
2015-12-24,105.09391784667969,105.38328333933599,105.04725104695098,105.11259026372359,11468600,QQQ
2015-12-28,105.03790283203125,105.0565752469408,104.08581619339601,104.84188520411928,19183600,QQQ
2015-12-29,106.69007110595703,106.92342646085069,105.5979626327601,105.6633018472727,27725700,QQQ
2015-12-30,105.72864532470703,106.63406527763091,105.70998002899668,106.59672756476965,19520100,QQQ
2015-12-31,104.41252899169922,105.55130435493469,104.3938565737939,105.35528669557395,29886800,QQQ
2016-01-04,102.20965576171875,102.30299648881112,100.92153663638571,102.16298183745207,50807600,QQQ
2016-01-05,102.03230285644531,102.84438213288674,101.55626301435571,102.71370369135929,38795200,QQQ
2016-01-06,101.05219268798828,101.64024554766942,100.25878600134057,100.25878600134057,41891100,QQQ
2016-01-07,97.88792419433594,100.14680272115919,97.83191405664901,98.89601409396052,61386300,QQQ
2016-01-08,97.08515930175781,99.2133588993881,96.9824823806932,98.59729737300042,69344000,QQQ
2016-01-11,97.38387298583984,98.06526673608619,95.89039991532594,97.77590833157949,50024100,QQQ
2016-01-12,98.51331329345703,99.01736179552854,97.15051865664502,98.31729561844722,46734200,QQQ
2016-01-13,95.11565399169922,99.15737086882238,94.96630313071091,98.9146792804369,69870700,QQQ
2016-01-14,97.14118194580078,97.99059898790257,93.9675472017831,95.48902890984645,78445700,QQQ
2016-01-15,94.12619018554688,95.15295920047066,92.88474540453294,93.9208435040007,91443900,QQQ
2016-01-19,94.33154296875,95.55432956745692,93.23010568218872,95.4049787591049,56563800,QQQ
2016-01-20,94.04219818115234,95.05029491794691,90.77522355451183,92.84742002855414,86675000,QQQ
2016-01-21,94.13557434082031,95.53570685096075,93.17415115662129,94.44360520219733,61660100,QQQ
2016-01-22,96.86114501953125,96.89848273375645,95.70370436431355,96.03040046198296,42229800,QQQ
2016-01-25,95.42367553710938,97.06649211984029,95.33966390559955,96.51577689665488,38881500,QQQ
2016-01-26,96.28243255615234,96.6931331881048,94.98497719495836,95.82505799897203,36143900,QQQ
2016-01-27,93.88350677490234,96.13304818219841,93.48213537075392,95.72234769340929,54524700,QQQ
2016-01-28,95.20897674560547,95.47966978896476,93.58482560688942,95.44233208076626,47641500,QQQ
2016-01-29,97.19718170166016,97.23451941756619,95.1529933862532,95.18099489282243,54245100,QQQ
2016-02-01,97.45853424072266,97.822568026153,96.35709667619385,96.73045954842168,32750300,QQQ
2016-02-02,95.34899139404297,97.04781794956672,95.05962593579464,97.0104802413592,44928100,QQQ
2016-02-03,94.8916244506836,95.98372579689794,93.23012835026283,95.98372579689794,61572900,QQQ
2016-02-04,94.88228607177734,95.63835512163729,93.7528470402364,94.63959451546869,49321600,QQQ
2016-02-05,91.58731079101562,94.58359264546874,91.21394080485521,94.54625493470867,70749900,QQQ
2016-02-08,90.18720245361328,90.58857404826867,88.5257059333696,89.87917159973871,91673100,QQQ
2016-02-09,89.90715789794922,91.2699524228084,88.84305796591615,88.98307261411857,73778400,QQQ
2016-02-10,90.25251770019531,92.11936050547682,90.18717848686806,90.94324754414623,59421700,QQQ
2016-02-11,90.12183380126953,90.8405651042273,88.85238020104515,89.1044008310216,76839200,QQQ
2016-02-12,91.4939956665039,91.58734353750008,90.28988789081154,91.13929796962364,49186500,QQQ
2016-02-16,93.55683135986328,93.55683135986328,92.26870525218172,92.8474290919691,40565900,QQQ
2016-02-17,95.67570495605469,95.8063833979867,93.9955433862988,94.23823497336154,41766500,QQQ
2016-02-18,94.58361053466797,95.99307199487973,94.46226117138617,95.9744066966895,38991500,QQQ
2016-02-19,94.86363220214844,95.15299773327943,93.92088153785623,94.12622830255887,28257900,QQQ
2016-02-22,96.40376281738281,96.49710353480353,95.65702995657684,95.75037067399755,23979100,QQQ
2016-02-23,94.81694793701172,96.10506691094295,94.75160872358275,95.84371005722706,29869700,QQQ
2016-02-24,95.72237396240234,95.84371618897916,93.12745631099743,93.70618018227891,40739100,QQQ
2016-02-25,96.66512298583984,96.66512298583984,95.05963695402538,95.91839009945578,29389300,QQQ
2016-02-26,96.54376220703125,97.42118047938344,96.31040688961326,97.4025080659841,30925000,QQQ
2016-02-29,95.67570495605469,97.16917795059271,95.67570495605469,96.45044651996662,27553900,QQQ
2016-03-01,98.74663543701172,98.74663543701172,96.29174009968227,96.59043461647308,37699800,QQQ
2016-03-02,98.78397369384766,98.80263898562183,98.01856854520379,98.62529378873054,29209800,QQQ
2016-03-03,98.59729766845703,98.70931079761952,97.88790254808112,98.68130929568889,25474600,QQQ
2016-03-04,98.6346435546875,99.26937042967862,97.98125138400866,98.70931898031952,31655400,QQQ
2016-03-07,98.02794647216797,98.70001125391485,97.32788017808872,98.13062343168166,25861200,QQQ
2016-03-08,97.21585083007812,98.20527534305705,97.04783467490803,97.35586547962669,28898500,QQQ
2016-03-09,97.84122467041016,97.85988996379511,97.03848174750351,97.57986783438282,31047400,QQQ
2016-03-10,97.69189453125,98.81199744739331,96.43176984878795,98.25194598932165,44236100,QQQ
2016-03-11,99.40005493164062,99.40005493164062,98.4386319126205,98.74666272107578,31454000,QQQ
2016-03-14,99.56803894042969,99.80139424334892,98.99865143159168,99.02665292851181,25374900,QQQ
2016-03-15,99.5307388305664,99.6427519819934,98.89601188202954,99.21337891701866,26524600,QQQ
2016-03-16,100.41749572753906,100.6788526316588,99.26004783580662,99.28805646534076,31693100,QQQ
2016-03-17,100.36145782470703,100.59481315617593,99.75473966003956,100.12810249323815,29623700,QQQ
2016-03-18,100.51874542236328,100.77151363634331,99.98511728834812,100.60299911283514,37682300,QQQ
2016-03-21,100.91195678710938,101.00557439183686,100.2847109786133,100.34088011293672,17288600,QQQ
2016-03-22,101.22090148925781,101.45494907277136,100.32215962567368,100.34088028962599,18840300,QQQ
2016-03-23,100.38768768310547,101.09918715904192,100.16299687143233,101.0242973643826,20912900,QQQ
2016-03-24,100.415771484375,100.44385604997905,99.73234943689482,99.90086397308411,19017300,QQQ
2016-03-28,100.27532958984375,100.71534011215795,100.09745117208334,100.69661230893888,13892300,QQQ
2016-03-29,101.88557434082031,101.95110736471862,99.91957648130709,100.08809099169758,29963900,QQQ
2016-03-30,102.38176727294922,103.0183769346307,102.16644037069842,102.49411267532766,23807200,QQQ
2016-03-31,102.23197174072266,102.69071010271813,102.07282111353143,102.30686867442371,21447200,QQQ
2016-04-01,103.3179702758789,103.3554187479576,101.47367409575584,101.61410408040953,26389000,QQQ
2016-04-04,102.92477416992188,103.39286936677607,102.68136266763925,103.31797242106359,17163000,QQQ
2016-04-05,101.93238067626953,102.51282113897305,101.80131462704034,102.1289797501133,20107900,QQQ
2016-04-06,103.60818481445312,103.6456332857396,102.03538473324889,102.03538473324889,25056000,QQQ
2016-04-07,102.1196060180664,103.19622593713113,101.67959557911766,103.00898365323654,28567200,QQQ
2016-04-08,102.04473876953125,102.99964969602216,101.68898904055716,102.75624537004431,22898000,QQQ
2016-04-11,101.67028045654297,102.99966916844843,101.66091655221511,102.48476871147638,25772100,QQQ
2016-04-12,102.5221939086914,102.71879299954131,101.12726532577393,101.74515430492899,28564100,QQQ
2016-04-13,103.83285522460938,103.99200583935756,103.17751781980908,103.3085838722563,25356700,QQQ
2016-04-14,103.84220886230469,104.22605024905104,102.98091564566538,103.85157276364492,17199700,QQQ
2016-04-15,103.58009338378906,103.97329159239685,103.31796124471721,103.75797182497286,21353300,QQQ
2016-04-18,104.1324691772461,104.16991051060789,103.21499937341979,103.28053242065263,17126100,QQQ
2016-04-19,103.49584197998047,104.32905078731274,102.86858904179479,104.32905078731274,42481400,QQQ
2016-04-20,103.58009338378906,104.05755243285,103.1400828035334,103.495839685901,18078300,QQQ
2016-04-21,103.5894546508789,103.9639321868383,103.12135951657088,103.52392161777838,20216000,QQQ
2016-04-22,102.02599334716797,102.71877197444138,101.22086934416245,102.24131305578389,39074000,QQQ
2016-04-25,102.02599334716797,102.03535010488994,101.52980662794022,101.71704892082705,14351900,QQQ
2016-04-26,101.52986145019531,102.40988284553356,101.22092399960309,102.24136826222554,19118300,QQQ
2016-04-27,100.71536254882812,100.94941014325696,99.88215368406676,100.49067171552912,33059800,QQQ
2016-04-28,99.4983139038086,101.41750706800063,99.30171477823123,100.82770254870267,29818200,QQQ
2016-04-29,98.97403717041016,99.70426444324039,98.18763362404799,99.49830143960828,67502800,QQQ
2016-05-02,99.91024780273438,100.05067780132813,98.8149066703226,99.22682561894682,24813800,QQQ
2016-05-03,98.9833755493164,99.64806961709938,98.72123633974738,99.19869525754419,38569400,QQQ
2016-05-04,98.34681701660156,98.74937922604167,98.10340548139975,98.38425835195552,27474500,QQQ
2016-05-05,98.31871795654297,98.91788641594938,98.1221188190704,98.70255946963202,20788100,QQQ
2016-05-06,98.84297943115234,98.86170009553031,97.73827452614695,97.83189213316797,30758500,QQQ
2016-05-09,99.1238021850586,99.58254046267429,98.80550098922411,98.85230620725444,19289600,QQQ
2016-05-10,100.48130798339844,100.52811321349759,99.30170618939492,99.47958463444135,21178900,QQQ
2016-05-11,99.57321166992188,100.63110425223978,99.54512710068884,100.33152360947753,20966300,QQQ
2016-05-12,99.1331787109375,99.92893894443229,98.43103606798957,99.80723679097781,29196300,QQQ
2016-05-13,98.7680892944336,99.65746733626699,98.5714901633725,99.04894927741576,21059300,QQQ
2016-05-16,100.00383758544922,100.36895119462588,98.82423592518994,98.9178606599035,18311900,QQQ
2016-05-17,98.74934387207031,100.20979827527961,98.48720462047507,99.9195816035045,29932700,QQQ
2016-05-18,99.1051254272461,99.63875371860587,98.33744951436772,98.52468475455598,27524400,QQQ
2016-05-19,98.59021759033203,98.9646952124678,97.86935406033808,98.72128368669458,27334600,QQQ
2016-05-20,99.67617797851562,100.07874007542658,98.92722291459043,98.98339918705197,29549600,QQQ
2016-05-23,99.54510498046875,100.14426613285183,99.45148738963971,99.78850928811138,15729800,QQQ
2016-05-24,101.5392074584961,101.66090963621382,100.0693888519297,100.09747342043643,29931300,QQQ
2016-05-25,102.26943969726562,102.57838425073516,101.74517534657751,101.92305381237502,37951700,QQQ
2016-05-26,102.56901550292969,102.70008158441232,102.12900488256697,102.37241638070574,21885900,QQQ
2016-05-27,103.10261535644531,103.11197925756427,102.61579963671592,102.63452029639006,19870000,QQQ
2016-05-31,103.2992172241211,103.45837497720176,102.7749530282713,103.2430481010126,24366100,QQQ
2016-06-01,103.30860137939453,103.54264896165078,102.896682491568,102.98093619274886,19571500,QQQ
2016-06-02,103.52392578125,103.53328254166573,102.54092310264329,103.10263585789062,15696600,QQQ
2016-06-03,103.03710174560547,103.37413082374557,102.36304358932529,103.32732559446036,20269900,QQQ
2016-06-06,103.41157531738281,103.68307135003471,103.0464616871942,103.22434012230937,12502400,QQQ
2016-06-07,103.14942169189453,103.5707043643009,103.102609331599,103.4677228857014,12184300,QQQ
2016-06-08,103.32731628417969,103.54263603313362,102.94347486877518,103.32731628417969,14568700,QQQ
2016-06-09,103.15879821777344,103.2711364681301,102.70942378865409,102.90602286934248,17571600,QQQ
2016-06-10,101.98859405517578,102.41924082257664,101.63283709846932,102.22264167719146,32965000,QQQ
2016-06-13,101.1365966796875,101.97916904257234,101.00553066130122,101.4080926156483,25154700,QQQ
2016-06-14,101.1365966796875,101.50171017984387,100.39700578018649,100.8651007437267,24588500,QQQ
2016-06-15,100.84642791748047,101.52048612748149,100.67791336498021,101.38005614330366,24605700,QQQ
2016-06-16,101.14598846435547,101.23960605436098,99.70425472206485,100.35022823546217,32079900,QQQ
2016-06-17,99.96044921875,101.07748538177586,99.72577823738087,100.93668136063638,29208800,QQQ
2016-06-20,100.58936309814453,101.60313619614878,100.51426667263627,101.12441259710958,20562800,QQQ
2016-06-21,100.90852355957031,101.11503517224432,100.53304855121667,100.72078963618856,22804100,QQQ
2016-06-22,100.66445922851562,101.55621322867793,100.57998111524846,100.96483778944855,22724200,QQQ
2016-06-23,102.10061645507812,102.11939413838265,101.02113599746687,101.44354077117669,18714200,QQQ
2016-06-24,97.89533996582031,99.96983042319253,97.679439528361,98.4679376895282,68012700,QQQ
2016-06-27,95.95226287841797,97.24764399415051,95.51108032956715,97.24764399415051,48222600,QQQ
2016-06-28,98.05492401123047,98.101861073105,96.96605435932473,97.01298425960911,28260600,QQQ
2016-06-29,99.79147338867188,99.99798497239354,98.77770031831234,98.82463021178329,31356700,QQQ
2016-06-30,100.94603729248047,101.01174485937679,99.62248995152748,99.96041662744793,36300800,QQQ
2016-07-01,101.45292663574219,101.82840151334824,100.86155137599667,100.89909957991604,19902800,QQQ
2016-07-05,100.83342742919922,101.05871673184384,100.28898902352661,100.9179127080885,21167900,QQQ
2016-07-06,101.65945434570312,101.70638423687593,100.03552828544204,100.35468448872548,24579300,QQQ
2016-07-07,101.9598388671875,102.1851209782136,101.4811081148665,101.75332728141808,19161700,QQQ
2016-07-08,103.5368423461914,103.59316109137187,102.33532087681657,102.50428427394817,29457900,QQQ
2016-07-11,104.12818908691406,104.51304570191421,103.87474762450798,103.88412930570134,20218500,QQQ
2016-07-12,104.65385437011719,104.93546237344333,104.51305036845412,104.76649900376545,21906100,QQQ
2016-07-13,104.4004135131836,104.96362236157427,104.39102466992685,104.89791478195517,21107800,QQQ
2016-07-14,105.1137924194336,105.31091511555614,104.85095499634937,105.09501473699098,20871000,QQQ
2016-07-15,104.94486236572266,105.41420431340194,104.71019139188301,105.35787840979937,17999300,QQQ
2016-07-18,105.63947296142578,105.82720685190314,104.9917788645778,105.01055655057885,20713900,QQQ
2016-07-19,105.25460052490234,105.58314554861758,105.066866649855,105.27337820936003,18936700,QQQ
2016-07-20,106.48429870605469,106.68142145603466,105.69580054454535,105.82721571119866,24997900,QQQ
2016-07-21,106.24024200439453,106.76590268637412,105.94925229281148,106.5593910865708,18885400,QQQ
2016-07-22,106.68143463134766,106.80346096928488,105.98681049873741,106.31534845594561,20003400,QQQ
2016-07-25,106.6908187866211,106.71897815863112,106.33411431025395,106.59694466446761,12968100,QQQ
2016-07-26,106.81280517578125,107.19766171864853,106.27775582290612,106.65323068633842,21223800,QQQ
2016-07-27,107.55438995361328,107.83599079255143,107.10381858508772,107.71396447850378,27646100,QQQ
2016-07-28,107.92987060546875,108.05189692596652,107.38543226185226,107.72335901571151,16939700,QQQ
2016-07-29,108.16454315185547,108.45553285355338,107.82661639303686,108.17392483400806,22385300,QQQ
2016-08-01,108.73712921142578,109.00934837596328,108.10821277693695,108.23962793752898,13990100,QQQ
2016-08-02,107.91110229492188,108.67143397637761,107.21647820122664,108.57756701694689,21278400,QQQ
2016-08-03,108.26779174804688,108.27718059178555,107.76090877158917,107.82661635458105,15011300,QQQ
2016-08-04,108.57756805419922,108.68082385903641,107.9768109141956,108.2302595848287,12835300,QQQ
2016-08-05,109.6195068359375,109.86356665994674,109.00936085670938,109.13139434950898,23196600,QQQ
2016-08-08,109.49748992919922,109.70400155485922,109.15017427135369,109.67583501914966,12358200,QQQ
2016-08-09,109.75090026855469,110.09821582769914,109.5162293354651,109.58193691026665,13276500,QQQ
2016-08-10,109.46932220458984,109.84479004632252,109.17832531718,109.81663067435157,14688400,QQQ
2016-08-11,109.93866729736328,110.1733382859203,109.61951102889881,109.84479317266829,12969800,QQQ
2016-08-12,110.01372528076172,110.02311412287888,109.62886869301613,109.75089499418655,19379000,QQQ
2016-08-15,110.48307800292969,110.7365266339313,110.11699190178415,110.15454011236176,11777800,QQQ
2016-08-16,109.8729476928711,110.28596371768846,109.85417000534927,110.276582035517,14161400,QQQ
2016-08-17,110.07005310058594,110.10760130812436,109.29094390773743,109.9010897474572,15980300,QQQ
2016-08-18,110.09820556640625,110.25778006725336,109.77904940312413,109.96679042905122,10036300,QQQ
2016-08-19,110.07005310058594,110.3141057072032,109.60071124873815,109.9010897474572,18743000,QQQ
2016-08-22,110.154541015625,110.34228207005249,109.70397680817692,109.91048122566373,14500600,QQQ
2016-08-23,110.35166931152344,110.77408133407634,110.30473941674377,110.58634027018972,11997900,QQQ
2016-08-24,109.63829040527344,110.42678150139274,109.27220423041943,110.27659579043254,17728700,QQQ
2016-08-25,109.45992279052734,109.79784954472828,109.22525183130944,109.35666699554432,24266300,QQQ
2016-08-26,109.6195068359375,110.33290861910837,108.96243095774719,109.49748050472786,23896000,QQQ
2016-08-29,109.76966857910156,110.0606582195731,109.62886459895509,109.64763512090026,11184900,QQQ
2016-08-30,109.41299438476562,109.91049571178814,109.03752654960215,109.59134661958122,19843300,QQQ
2016-08-31,109.30033874511719,109.41297621232228,108.84037854873407,109.24401284992594,16169800,QQQ
2016-09-01,109.58192443847656,109.71333957312297,108.80282247209796,109.33787185218337,20944700,QQQ
2016-09-02,109.93866729736328,110.35168336734228,109.52564406579405,110.1264012235728,18088200,QQQ
2016-09-06,110.62388610839844,110.62388610839844,109.88232503554006,110.1263848325592,18525200,QQQ
2016-09-07,110.68958282470703,110.87732386613685,110.26717801426975,110.727131032993,17546900,QQQ
2016-09-08,110.04190826416016,110.38921669696612,109.75091140771417,110.3610573279915,20125300,QQQ
2016-09-09,107.27278137207031,109.36604935529205,107.25401084754502,109.12198956692971,50813300,QQQ
2016-09-12,109.19709014892578,109.3472758356174,106.66263954610629,106.67202838952115,39646000,QQQ
2016-09-13,108.22087097167969,108.97181381749462,107.69521026345025,108.65266471938104,45863900,QQQ
2016-09-14,108.73712921142578,109.32850459567901,108.30533551782499,108.33350204788539,28221800,QQQ
2016-09-15,110.42678833007812,110.59575174135084,108.75593190837613,108.76532075388872,38521400,QQQ
2016-09-16,110.37405395507812,110.48698079899162,109.82825164545943,110.30818175767801,27596500,QQQ
2016-09-19,109.8941650390625,110.99517525671521,109.67773081484039,110.65640177750919,16222900,QQQ
2016-09-20,110.1011734008789,110.55287368151778,109.91296913867326,110.28937766308454,18078600,QQQ
2016-09-21,111.1833724975586,111.34334684794071,109.92238089096737,110.57169783956084,31546800,QQQ
2016-09-22,112.06793212890625,112.19027135832499,111.71975353325537,111.83267321637145,22614400,QQQ
2016-09-23,111.35275268554688,111.98324486210286,111.19277834454593,111.98324486210286,22213400,QQQ
2016-09-26,110.4211196899414,110.85400240679303,110.26114535257967,110.72225799019722,16403900,QQQ
2016-09-27,111.51273345947266,111.56919330554594,110.24233666609409,110.34585117025031,20238400,QQQ
2016-09-28,111.70089721679688,111.76676940650027,111.12686505815432,111.65384975531171,14794300,QQQ
2016-09-29,110.89163208007812,111.71974800613181,110.4117090915136,111.51271902461839,27207500,QQQ
2016-09-30,111.7197494506836,112.04911048029004,111.07043257836517,111.1833594368868,25543200,QQQ
2016-10-03,111.55977630615234,111.70092590639132,111.12689360031263,111.57859385967352,19216400,QQQ
2016-10-04,111.39038848876953,112.13380748720844,110.96691815370505,111.88913621669553,21239700,QQQ
2016-10-05,111.78559875488281,112.14318963097637,111.67267191949671,111.71972656245687,14481300,QQQ
2016-10-06,111.72915649414062,111.96441538687023,111.18335413992033,111.64445955940151,11987100,QQQ
2016-10-07,111.4844970703125,111.9926571940971,110.93869465815138,111.83267567361374,19984200,QQQ
2016-10-10,112.19027709960938,112.43494839143554,112.01147801948264,112.0585326762105,19687300,QQQ
2016-10-11,110.59050750732422,112.11498785982035,110.10117212354712,112.09617030563105,27774400,QQQ
2016-10-12,110.49639892578125,110.87281460338025,110.15762553389534,110.69401554112605,14267800,QQQ
2016-10-13,110.1011734008789,110.40230452812736,109.1036778880307,109.74358243087524,22821000,QQQ
2016-10-14,110.23292541503906,111.08927137999883,110.16705320077546,110.64698343585766,21313300,QQQ
2016-10-17,109.93177795410156,110.38347819883272,109.79062117890233,110.13880693378951,14182700,QQQ
2016-10-18,110.91044616699219,111.42801857109676,110.85398633364667,111.23980716072637,19276700,QQQ
2016-10-19,110.90105438232422,111.06102872617828,110.70343774941051,110.82576980420494,13702900,QQQ
2016-10-20,110.769287109375,111.01395834802224,110.12938268643448,110.78811183978766,18132200,QQQ
2016-10-21,111.1833724975586,111.24924471121787,110.48700807037012,110.8540114292622,15707800,QQQ
2016-10-24,112.51961517333984,112.59489973691274,111.87971074203253,111.89853547269132,19143000,QQQ
2016-10-25,112.16203308105469,112.6043209523932,111.99264638946828,112.58549622025487,20341800,QQQ
2016-10-26,111.39978790283203,112.01146245765077,111.07042689009322,111.43743018707814,20463700,QQQ
2016-10-27,110.89163208007812,111.97382446010526,110.73165775055662,111.87972233565331,19099800,QQQ
2016-10-28,110.19528198242188,111.14573007512071,109.85650854699522,110.57169770839958,35369300,QQQ
2016-10-31,110.09176635742188,110.59992650538818,110.03530651193654,110.59992650538818,18749400,QQQ
2016-11-01,109.26362609863281,110.29876365227707,108.31317828886795,110.27994610236966,23498700,QQQ
2016-11-02,108.38847351074219,109.44243589751264,108.11557234328738,109.18835228181652,26960100,QQQ
2016-11-03,107.32510375976562,108.56727035703942,107.20276454745718,108.20967226509934,36205200,QQQ
2016-11-04,106.94869232177734,107.78621339183563,106.76048090295262,107.06161199354065,26997500,QQQ
2016-11-07,109.4894790649414,109.60240590965083,108.50139609697558,108.68018796001829,26591200,QQQ
2016-11-08,110.20466613769531,110.7034137956356,109.12247389487396,109.3765574961653,20777900,QQQ
2016-11-09,110.71282958984375,110.89162145531245,108.78370391551897,108.91544831303536,70234400,QQQ
2016-11-10,108.92486572265625,111.39978665293276,107.46625773749489,111.2492246971693,72825400,QQQ
2016-11-11,108.9719009399414,109.20715978723875,108.06850064833299,108.45432860407514,41115200,QQQ
2016-11-14,107.87088775634766,109.10364904030122,107.30626793948757,109.0001345695983,35906000,QQQ
2016-11-15,109.36714935302734,109.74356499717418,108.52962831405453,108.68960262946929,31796600,QQQ
2016-11-16,110.01646423339844,110.09174161728477,108.84957503902135,108.84957503902135,16538100,QQQ
2016-11-17,110.81636810302734,110.83518565838293,109.73417559199619,109.96002215392694,20598600,QQQ
2016-11-18,110.40231323242188,111.13631996423949,110.29879872618781,110.94811568719552,16428700,QQQ
2016-11-21,111.55033874511719,111.65385321493426,110.63753324556504,110.67517552363765,20268500,QQQ
2016-11-22,111.8891372680664,112.1620384609082,111.6162360752246,111.99265176119715,18850600,QQQ
2016-11-23,111.43742370605469,111.64445266760193,110.94808839837762,111.52212063556546,22926000,QQQ
2016-11-25,111.7950210571289,111.84206852474074,111.43742296971702,111.56916736627998,7162800,QQQ
2016-11-28,111.54093170166016,112.05850407543579,111.42801204158604,111.65385854126505,13479000,QQQ
2016-11-29,111.92676544189453,112.46315539342469,111.32450329208984,111.64445191812871,18553000,QQQ
2016-11-30,110.5716781616211,112.1055635378701,110.53403587772442,112.06792125397342,30405300,QQQ
2016-12-01,108.66139221191406,110.5434635908556,108.49200550062803,110.53405122369178,39796600,QQQ
2016-12-02,108.8778305053711,109.31071325683884,108.42613737793152,108.72726852273551,32876800,QQQ
2016-12-05,109.72476196289062,110.15763752641914,108.94370060325902,109.44245555860645,21419700,QQQ
2016-12-06,109.9882583618164,110.17646982379101,109.52715284416166,110.03531302219335,27293300,QQQ
2016-12-07,111.3809585571289,111.52211531322277,109.43301542572001,109.76237640358512,26622400,QQQ
2016-12-08,111.57858276367188,111.8608962951391,111.2115794804833,111.42802081187901,18578400,QQQ
2016-12-09,112.45376586914062,112.49140815859052,111.98324802031576,111.99266038756139,21863100,QQQ
2016-12-12,111.94560241699219,112.18086133444035,111.48449694906284,111.95501478395919,23259300,QQQ
2016-12-13,113.3571548461914,113.96882946165978,112.28437476716849,112.28437476716849,54477900,QQQ
2016-12-14,113.12188720703125,113.86530618332571,112.79252618703543,113.49830287825439,28746000,QQQ
2016-12-15,113.30066680908203,113.9688011004865,112.99953575972326,113.2724368950063,22762300,QQQ
2016-12-16,112.88067626953125,113.80562144585592,112.65416187562506,113.57909985118697,26283900,QQQ
2016-12-19,113.34315490722656,114.04158574910868,112.83349927773678,112.99394668704888,21138700,QQQ
2016-12-20,113.77730560302734,113.9849395925369,113.56966441275519,113.7017984064261,11461800,QQQ
2016-12-21,113.6923599243164,113.90000111772558,113.4375321328905,113.82449391998357,7079300,QQQ
2016-12-22,113.37146759033203,113.73011598622975,112.92787179494418,113.70180258665398,16645000,QQQ
2016-12-23,113.44697570800781,113.49416951118684,113.07888708565423,113.18270769203738,9007500,QQQ
2016-12-27,114.03215026855469,114.69282033469526,113.6451884300334,113.69237503432136,16110600,QQQ
2016-12-28,113.14495849609375,114.38136562005518,113.06945848913568,114.27754500962871,17975200,QQQ
2016-12-29,112.98451232910156,113.38091437287667,112.62586388960462,113.11664634369328,13267500,QQQ
2016-12-30,111.8236083984375,113.21101541266161,111.50270639460255,113.20158241310985,41749000,QQQ
2017-01-03,112.82405090332031,113.24876629738068,112.21056751130645,112.56921590627381,22307600,QQQ
2017-01-04,113.43754577636719,113.64518699475,112.9373231324978,112.94675613277806,19749100,QQQ
2017-01-05,114.07933044433594,114.15483044232926,113.35258625764314,113.35258625764314,20644300,QQQ
2017-01-06,115.07978820800781,115.38180983529254,113.90945530237488,114.20203672859222,24074300,QQQ
2017-01-09,115.45730590820312,115.66494710708072,115.0986503098644,115.17415750959496,18909200,QQQ
2017-01-10,115.7121353149414,116.06135071797779,115.24022611120937,115.50449411317723,16176600,QQQ
2017-01-11,116.02361297607422,116.02361297607422,115.16473465152139,115.75934493798535,20686000,QQQ
2017-01-12,115.84429168701172,115.91979890237342,114.76833907078284,115.6083370395797,19622500,QQQ
2017-01-13,116.24069213867188,116.43889316336946,115.90091689611491,115.90091689611491,16930800,QQQ
2017-01-17,115.89148712158203,116.11800157007845,115.55171184845518,115.93867373127135,14538500,QQQ
2017-01-18,116.12743377685547,116.24069459368782,115.76878532469902,116.0613667672276,12499700,QQQ
2017-01-19,116.0707778930664,116.70313442692259,115.82538311844975,116.29729226922521,12710700,QQQ
2017-01-20,116.32561492919922,116.87303131587262,116.01415313670267,116.58044272257462,22091000,QQQ
2017-01-23,116.4200210571289,116.58990869051425,115.68384371271387,116.25013342374356,17434200,QQQ
2017-01-24,117.20337677001953,117.38270458184618,116.44831912094632,116.64652013365627,17640900,QQQ
2017-01-25,118.3831558227539,118.41146922588995,117.83573935957786,117.93955997158587,15036200,QQQ
2017-01-26,118.50582122802734,118.75121599765255,118.2981800537877,118.54357482341291,16052200,QQQ
2017-01-27,118.73237609863281,118.84562971578927,118.3454070379774,118.76068950292193,15053000,QQQ
2017-01-30,117.80743408203125,118.3359701790624,117.15619696192911,118.3359701790624,25006700,QQQ
2017-01-31,117.57144927978516,117.59976267761127,116.89189892890883,117.39212149253656,19091100,QQQ
2017-02-01,118.3831558227539,118.61911044990595,117.8451795608778,118.40202902459001,22861900,QQQ
2017-02-02,118.27932739257812,118.6379758098679,117.84517177140735,118.17550678743258,15101400,QQQ
2017-02-03,118.61909484863281,118.74178864633971,118.28875985421972,118.40201345186831,16957200,QQQ
2017-02-06,118.76068878173828,118.7795619842284,118.30765271357133,118.42091353080407,11630100,QQQ
2017-02-07,119.1948471069336,119.4402419493661,118.89282545500288,119.00607907399929,17541100,QQQ
2017-02-08,119.39303588867188,119.56292350049657,118.80786584777272,119.03438746404792,12569100,QQQ
2017-02-09,119.82720184326172,120.09146988425587,119.44967298437118,119.51573999461972,17542700,QQQ
2017-02-10,120.22356414794922,120.39345171823153,119.88378900738459,120.0914301711476,13915700,QQQ
2017-02-13,120.90316772460938,121.05416775457812,120.54451205018478,120.59169865945447,19120200,QQQ
2017-02-14,121.3089828491211,121.3184158489644,120.56336541799472,120.95032723370448,16333500,QQQ
2017-02-15,122.02628326416016,122.08292446946386,121.1579720026863,121.22404620811051,17891400,QQQ
2017-02-16,121.98855590820312,122.34721159015564,121.67709403727528,122.10180953343901,15098300,QQQ
2017-02-17,122.51708221435547,122.52652961672115,121.7903379070696,121.80921831027297,15563700,QQQ
2017-02-21,123.1211166381836,123.19662384403244,122.68696820646143,122.75302801062482,18479600,QQQ
2017-02-22,123.16828155517578,123.25322174126197,122.80019301394539,123.00783418094957,12110900,QQQ
2017-02-23,122.70584869384766,123.35708581984515,122.215073400178,123.35708581984515,17489000,QQQ
2017-02-24,122.94178009033203,122.94178009033203,122.11122968805341,122.14897608753274,18624500,QQQ
2017-02-27,123.09278869628906,123.10222169533331,122.50762592198944,122.71526711316515,12008700,QQQ
2017-02-28,122.71530151367188,123.12113660922064,122.3755262330018,123.06450979603052,16598600,QQQ
2017-03-01,124.0555191040039,124.28202635105417,123.26271493627014,123.49866958630011,25813800,QQQ
2017-03-02,123.43257141113281,124.0460476215127,123.28155700806123,124.02718162227335,19951400,QQQ
2017-03-03,123.65912628173828,123.69687269189741,123.017322096793,123.34766439218792,13722700,QQQ
2017-03-06,123.38538360595703,123.59302481988937,122.89460837441412,123.25324959722981,12026200,QQQ
2017-03-07,123.17771911621094,123.71570245106675,122.96064494321915,123.13997272150442,15500900,QQQ
2017-03-08,123.39484405517578,123.78179872066863,123.13057600977797,123.253262629873,15776000,QQQ
2017-03-09,123.48921203613281,123.65910685898906,122.82854195064235,123.36652542123814,20855300,QQQ
2017-03-10,124.00833892822266,124.20654719271327,123.47036975580046,124.05553274372333,21922600,QQQ
2017-03-13,124.21597290039062,124.24428630772216,123.89507801628002,123.96113783287707,10731600,QQQ
2017-03-14,123.91392517089844,123.97999937897423,123.41370251542666,123.93280557342402,14019700,QQQ
2017-03-15,124.67843627929688,124.97101772570183,123.77236413416166,124.16876619718077,22709100,QQQ
2017-03-16,124.593505859375,124.91441517401762,124.31037176047117,124.91441517401762,18457300,QQQ
2017-03-17,124.54997253417969,124.88098741222484,124.4837608996821,124.74857857471059,21234500,QQQ
2017-03-20,124.6634521484375,124.94718947322252,124.33243729575483,124.51212365102151,10105200,QQQ
2017-03-21,122.77190399169922,125.24984710113401,122.69623973389062,125.1363579301619,35841900,QQQ
2017-03-22,123.60418701171875,123.72714322525772,122.64893845695691,122.80973401226808,29177900,QQQ
2017-03-23,123.29209899902344,123.78390950792182,123.08402587723886,123.44342752968186,20311700,QQQ
2017-03-24,123.54740905761719,124.17161371344221,123.07451843356627,123.68927047224184,22967600,QQQ
2017-03-27,123.74604797363281,123.96358810925861,122.38412030484702,122.66785764109079,18472400,QQQ
2017-03-28,124.50269317626953,124.87154743465196,123.4717946632882,123.7460649860926,23721900,QQQ
2017-03-29,125.07959747314453,125.12688943220915,124.4553782490429,124.587787075536,13710000,QQQ
2017-03-30,125.28767395019531,125.42008278028415,124.91881974984211,125.03230890949537,16092400,QQQ
2017-03-31,125.20256805419922,125.54304999448162,124.96612266321091,125.10798412521135,19841400,QQQ
2017-04-03,125.12691497802734,125.60925842341,124.42703136283053,125.30661580027264,23700300,QQQ
2017-04-04,125.32554626464844,125.34446594224049,124.72024646507299,124.76753844331033,13400000,QQQ
2017-04-05,124.8148193359375,126.24294459035646,124.57837389723663,125.50523597612846,32011200,QQQ
2017-04-06,124.88098907470703,125.21201838863995,124.55942681238889,124.9377480899524,18832200,QQQ
2017-04-07,124.8148193359375,125.19312626526519,124.37030075666111,124.84319163406286,16743100,QQQ
2017-04-10,124.86207580566406,125.38225850918981,124.52159389349086,124.93774005631145,15619300,QQQ
2017-04-11,124.32298278808594,124.93774945905798,123.42449319518353,124.74858160246272,33778400,QQQ
2017-04-12,123.82172393798828,124.40810390527352,123.68931509274704,124.30406735319242,15955200,QQQ
2017-04-13,123.32988739013672,124.37970530950192,123.3109821530157,123.65146403041736,23683000,QQQ
2017-04-17,124.35136413574219,124.37028380907573,123.63257529537319,123.67986726296589,13325500,QQQ
2017-04-18,124.1622085571289,124.5216101868609,123.85009889417461,123.93521577548522,12841100,QQQ
2017-04-19,124.36080169677734,125.117415272905,124.19055354011338,124.70128357862636,17764800,QQQ
2017-04-20,125.40119171142578,125.67547648512033,124.6729501955795,124.86210364863719,21977900,QQQ
2017-04-21,125.3728256225586,125.56197908498174,125.05126329329084,125.51470154298904,22454900,QQQ
2017-04-24,126.88601684570312,127.00895859565378,126.54553501607694,126.7630606642758,22469900,QQQ
2017-04-25,127.80347442626953,128.03045277802863,127.18870771679688,127.30221132415862,19384400,QQQ
2017-04-26,127.62376403808594,128.16285201456324,127.54809978268048,127.85074237282117,25398500,QQQ
2017-04-27,128.389892578125,128.389892578125,127.86025702459378,127.93592130816774,16136500,QQQ
2017-04-28,128.61685180664062,128.94786672532257,128.40877868907702,128.90057475651582,22771900,QQQ
2017-05-01,129.76126098632812,129.9315092158977,128.98572740924592,129.0424720086074,24815500,QQQ
2017-05-02,129.97877502441406,130.0355340501355,129.59101548662883,129.9220304301764,18345100,QQQ
2017-05-03,129.5626220703125,129.73285582527672,129.21267307708368,129.6855638606262,23827600,QQQ
2017-05-04,129.60989379882812,129.97874801621268,129.15592270777347,129.54369659646719,14630100,QQQ
2017-05-05,130.08279418945312,130.08279418945312,129.45858930485687,129.9409327228362,19330700,QQQ
2017-05-08,130.36654663085938,130.36654663085938,129.88420315709774,130.14902087972965,13279900,QQQ
2017-05-09,130.8204803466797,131.11367024961595,130.45161177417273,130.56511534705095,28426100,QQQ
2017-05-10,130.89614868164062,130.94344064107756,130.4327250010061,130.89614868164062,20499400,QQQ
2017-05-11,130.79209899902344,130.82993833536213,129.9314489222766,130.53674842039007,27232100,QQQ
2017-05-12,131.08534240722656,131.11371470219598,130.73539338346615,130.84889699482645,19738600,QQQ
2017-05-15,131.50146484375,131.5771291021064,131.01912143214486,131.1420776559092,20481300,QQQ
2017-05-16,132.05001831054688,132.06893798277963,131.45418573428927,131.84194521043105,21786000,QQQ
2017-05-17,128.6925048828125,131.24611223007537,128.673585210638,131.0001997862512,55642200,QQQ
2017-05-18,129.81793212890625,130.25299786363988,128.5032967387991,128.6451725884082,41319900,QQQ
2017-05-19,130.36654663085938,130.91510175102076,130.1963128512318,130.2814297410456,36730100,QQQ
2017-05-22,131.463623046875,131.52983467623915,130.61242550477493,130.65970303262952,19509700,QQQ
2017-05-23,131.59603881835938,131.86085648683053,131.25555689725638,131.85140386705677,19687500,QQQ
2017-05-24,132.2013702392578,132.26758188805826,131.62444280157348,131.99329710229074,15891900,QQQ
2017-05-25,133.32681274414062,133.66729464488895,132.4188561983185,132.7025935208554,23928600,QQQ
2017-05-26,133.56329345703125,133.62003805026092,133.17551949465044,133.35522032753343,13851600,QQQ
2017-05-30,133.67674255371094,133.8375236634711,133.41192491040252,133.4970417747204,20306400,QQQ
2017-05-31,133.62945556640625,134.1496382534945,132.94850619505772,134.1496382534945,33229400,QQQ
2017-06-01,134.1496124267578,134.20635699415564,133.3362399539427,133.9037144908749,20120700,QQQ
2017-06-02,135.68185424804688,135.71022654561895,134.40504313136736,134.62256888991462,37222900,QQQ
2017-06-05,135.65347290039062,135.88991834386044,135.4643194319117,135.6723925766839,15727500,QQQ
2017-06-06,135.11434936523438,135.93717467468073,134.9157288949469,135.4926562029962,22393000,QQQ
2017-06-07,135.64401245117188,135.75750163941385,134.868478945712,135.4926839125267,18842400,QQQ
2017-06-08,135.78590393066406,136.00342971022022,135.0481808280879,135.9466851095956,25417400,QQQ
2017-06-09,132.39048767089844,136.09794934467814,130.62188091948428,135.9466352756415,109783700,QQQ
2017-06-12,131.68116760253906,131.917613001597,130.01659718850456,131.27448844327068,104454000,QQQ
2017-06-13,132.7499237060547,132.93907716505402,131.72847770967775,132.418894329193,51193000,QQQ
2017-06-14,132.17298889160156,133.28900433938836,131.10425098231045,133.28900433938836,60093800,QQQ
2017-06-15,131.58656311035156,131.72842453946984,130.03548228225355,130.8393877663872,55145200,QQQ
2017-06-16,131.01565551757812,131.61312570467638,130.53199813375267,131.51828411374822,48087400,QQQ
2017-06-19,133.2064208984375,133.32969764443231,132.0873505148224,132.28651213650645,39626500,QQQ
2017-06-20,132.16319274902344,133.2443204643507,132.11577194722548,133.07362294283445,40935100,QQQ
2017-06-21,133.47193908691406,133.53831663650178,132.38131846782147,132.4666672333476,35743400,QQQ
2017-06-22,133.43397521972656,133.92712545931917,133.09256574166946,133.6805575749206,24099100,QQQ
2017-06-23,133.94613647460938,134.11683402896335,132.91241489142215,133.28227406332223,21654300,QQQ
2017-06-26,133.3201904296875,134.94187476212997,133.02620171858956,134.71427806749773,34411100,QQQ
2017-06-27,130.90187072753906,132.9787773348943,130.8923923557837,132.8175581902736,65957800,QQQ
2017-06-28,132.78912353515625,132.90292189220258,130.62686792648674,131.38554293452657,57427200,QQQ
2017-06-29,130.48463439941406,132.2391033032514,129.21383756170778,132.2391033032514,88769400,QQQ
2017-06-30,130.53204345703125,131.50885140541882,130.1052850912658,130.85448182487178,68898300,QQQ
2017-07-03,129.1569366455078,131.28125026325813,129.07158785996631,131.12952391256255,32797000,QQQ
2017-07-05,130.42771911621094,130.77860706536555,129.12847284324428,129.56470956855006,42116600,QQQ
2017-07-06,129.251708984375,129.98194871614973,128.78702281298703,129.43189932462545,48430500,QQQ
2017-07-07,130.64584350585938,130.99674594200152,129.6785283899223,129.68800676410982,36970400,QQQ
2017-07-10,131.4993438720703,131.81230379644776,130.39924495076713,130.73117608986965,24853500,QQQ
2017-07-11,131.86920166015625,132.03042080672586,130.81652355072202,131.30967383309758,31517700,QQQ
2017-07-12,133.43397521972656,133.58571598126207,132.73219952151703,132.99773861880638,36045800,QQQ
2017-07-13,133.72802734375,134.0504802326888,133.33921135519836,133.5952577321172,31073600,QQQ
2017-07-14,134.78062438964844,134.95133634187215,133.89865846067244,134.32541663504125,34544800,QQQ
2017-07-17,134.8470458984375,135.32122496722965,134.59098514946666,134.92291628593986,25343200,QQQ
2017-07-18,135.7479705810547,135.77642016486652,134.32543350728196,134.75219173525468,25748500,QQQ
2017-07-19,136.54461669921875,136.74377829874763,136.08940879132223,136.14630797095947,33752300,QQQ
2017-07-20,136.7247772216797,136.98083794492297,136.10835028250378,136.89548919410697,36139400,QQQ
2017-07-21,136.6678924560547,136.6678924560547,135.94714547744434,136.22216297154134,39697100,QQQ
2017-07-24,137.29385375976562,137.38868092014457,136.48774330713795,136.64896250350324,26712700,QQQ
2017-07-25,136.9429168701172,137.26536965257617,136.5730577547885,136.8385968903682,28120900,QQQ
2017-07-26,137.38864135742188,137.46451174635797,137.06620305754132,137.2843213814844,18610600,QQQ
2017-07-27,136.52565002441406,138.42236638530963,134.95137197187935,138.28959681887883,80665900,QQQ
2017-07-28,136.41180419921875,136.6394153169452,135.49189582908275,135.71002857678496,38013200,QQQ
2017-07-31,135.83335876464844,136.97138585987457,135.53936999938497,136.80068830745049,33848600,QQQ
2017-08-01,136.1462860107422,136.33595473587255,135.7290061329777,136.29802677916493,20149400,QQQ
2017-08-02,136.51612854003906,137.0566995354646,135.2453323178451,137.0282499536837,41769700,QQQ
2017-08-03,135.9850311279297,136.72474909106464,135.73846329714883,136.64887872679537,27112800,QQQ
2017-08-04,136.23167419433594,136.53515581901448,135.67214622848522,136.28858785206342,29472900,QQQ
2017-08-07,137.0946807861328,137.0946807861328,136.28858487096312,136.47825364683834,17933900,QQQ
2017-08-08,136.85755920410156,137.95765810611735,136.4687288984379,136.8291096179112,30810400,QQQ
2017-08-09,136.6774139404297,136.74380597731067,135.41609547690365,135.72905549905386,36169500,QQQ
2017-08-10,133.74693298339844,135.99453690350845,133.61416343686864,135.89970978215587,63331700,QQQ
2017-08-11,134.76173400878906,135.0557227965457,133.6236923556913,133.9271739887309,45862500,QQQ
2017-08-14,136.49716186523438,136.70580178575815,135.79538619692246,135.83331415029275,34161000,QQQ
2017-08-15,136.59202575683594,136.8480865139769,136.22216665020886,136.83859367098825,25509200,QQQ
2017-08-16,136.8290557861328,137.47394658459106,136.37384811537996,136.9333757180544,31913000,QQQ
2017-08-17,134.03146362304688,136.50667905735105,134.03146362304688,136.29803909960913,70191000,QQQ
2017-08-18,133.9366455078125,134.85655426352824,133.38659592918248,134.10735753535974,60751900,QQQ
2017-08-21,133.76593017578125,134.22113807075098,132.9408486820759,133.92714933710806,37111500,QQQ
2017-08-22,135.80487060546875,135.9471329962208,134.43923269070388,134.48665348762123,36294200,QQQ
2017-08-23,135.3212127685547,135.62467982041096,135.02722408773295,135.12205121046503,25702300,QQQ
2017-08-24,134.92294311523438,135.7764598204625,134.16425356014292,135.62471901528426,38160800,QQQ
2017-08-25,134.63839721679688,135.78590238519143,134.45820686701694,135.44450736977157,26380400,QQQ
2017-08-28,135.05567932128906,135.36863922806714,134.61942823192675,135.04618647906193,15362100,QQQ
2017-08-29,135.58676147460938,135.81437263272915,133.77539399374686,133.8986851799113,24498300,QQQ
2017-08-30,137.18002319335938,137.40763439631831,135.6152377765649,135.70058655112476,33642700,QQQ
2017-08-31,138.6499786376953,138.65947148187482,137.49298037012124,137.56885076956206,38480700,QQQ
2017-09-01,138.46026611328125,139.01979385266617,138.0904070771529,138.8301251494096,22293600,QQQ
2017-09-05,137.21795654296875,138.34650516786104,136.18424953072898,138.052516427756,44794300,QQQ
2017-09-06,137.6352081298828,137.9481680222023,136.63942928537446,137.5688161205444,30722700,QQQ
2017-09-07,137.95765686035156,138.3085447340618,137.45502821446524,137.89126484597583,22721100,QQQ
2017-09-08,136.7626953125,137.84382270952088,136.62043294899112,137.77743071239152,27890100,QQQ
2017-09-11,138.33697509765625,138.5740645946884,137.79641856923612,137.83434652161168,27126300,QQQ
2017-09-12,138.6688995361328,138.84908986056877,138.01453024035754,138.7257986973665,30256700,QQQ
2017-09-13,138.8585662841797,138.8775374945896,138.20419699757647,138.4318081101148,28450900,QQQ
2017-09-14,138.0430145263672,138.7353119467508,137.95766576305908,138.31804650253432,35296400,QQQ
2017-09-15,138.51718139648438,139.01981003046288,137.7869416096341,138.01455276250587,46422400,QQQ
2017-09-18,138.33566284179688,139.11501113116717,137.9174695878792,138.67781964023214,24858200,QQQ
2017-09-19,138.57325744628906,138.7728404322766,138.10753964153557,138.58275656384623,20871200,QQQ
2017-09-20,138.14561462402344,138.6778554473557,137.08111847488414,138.52578249712514,34236200,QQQ
2017-09-21,137.2996826171875,138.0600181077554,136.8149520641101,138.05051898998778,28841800,QQQ
2017-09-22,137.16661071777344,137.36619369110335,136.71990567893405,136.86246494559828,21702400,QQQ
2017-09-25,135.72195434570312,136.700900034165,135.05665356264205,136.6248635871767,54947700,QQQ
2017-09-26,136.07363891601562,136.67241699826434,135.59842189898583,136.41579574837598,29628800,QQQ
2017-09-27,137.2996826171875,137.81291052356784,136.4537970568313,136.79593932610493,33249400,QQQ
2017-09-28,137.252197265625,137.39475658524862,136.6534191182578,136.96706412390378,24149400,QQQ
2017-09-29,138.24061584472656,138.3451641598682,137.16663533733103,137.5277903785257,43102400,QQQ
2017-10-02,138.36419677734375,138.92494941072087,137.7464059164005,138.449732364983,27351300,QQQ
2017-10-03,138.65878295898438,138.82035496055974,138.24058977727475,138.54473554668849,19715200,QQQ
2017-10-04,138.79185485839844,139.0864870334204,138.2596142193304,138.3926743790974,26381100,QQQ
2017-10-05,140.15097045898438,140.226992398604,139.15301209747216,139.29557136234456,31562400,QQQ
2017-10-06,140.34107971191406,140.34107971191406,139.6757788513225,139.6757788513225,23561100,QQQ
2017-10-09,140.17947387695312,140.67368896708476,139.99888915066876,140.5216305945268,13704800,QQQ
2017-10-10,140.28404235839844,140.79727025739987,139.6662516531069,140.6547109805855,19223100,QQQ
2017-10-11,140.7022247314453,140.73075109001994,140.0369239182216,140.2175086751973,12439100,QQQ
2017-10-12,140.44561767578125,140.99687106321002,140.30304389314432,140.49314226999357,14513500,QQQ
2017-10-13,140.9873504638672,141.14892247421506,140.4551098409638,141.0158623184892,18409900,QQQ
2017-10-16,141.4721221923828,141.51013317545744,141.0349161234205,141.33906199791141,21809400,QQQ
2017-10-17,141.65267944335938,141.6716921843823,141.2059887978621,141.42458456097305,13138200,QQQ
2017-10-18,141.4816436767578,141.8143014667568,141.27254698061145,141.79528872097737,17218200,QQQ
2017-10-19,140.9588165283203,140.97782926257977,139.97037188383325,140.65468529250393,27680300,QQQ
2017-10-20,141.33905029296875,141.65268075916325,141.16796462711764,141.52913419754708,30173300,QQQ
2017-10-23,140.41709899902344,141.64315225631378,140.21750151401514,141.63365313892072,29297100,QQQ
2017-10-24,140.65472412109375,140.94935632234893,140.13198255315504,140.69273509763883,20289500,QQQ
2017-10-25,140.12245178222656,140.8352771505882,139.07698327677767,140.37907297552815,36179100,QQQ
2017-10-26,139.67579650878906,140.3886220572089,139.63777102482186,140.0369515916402,28230200,QQQ
2017-10-27,143.7435760498047,144.00969628495326,141.8046834766192,142.02327913353443,60165100,QQQ
2017-10-30,144.06675720214844,144.64652240048002,143.5060047405158,143.6390648924705,31733400,QQQ
2017-10-31,144.60850524902344,144.81760185733802,144.11429008616145,144.5324833027906,26319300,QQQ
2017-11-01,144.56101989746094,145.25483266971037,143.99075368583507,145.18829532728273,29481600,QQQ
2017-11-02,144.28536987304688,144.45645551850666,143.2969249855668,144.39941730170634,31017400,QQQ
2017-11-03,145.67300415039062,145.69200238612115,144.3138761672176,144.80810584314142,26199200,QQQ
2017-11-06,146.167236328125,146.22427454936212,145.51144905985106,145.55895915717443,28693900,QQQ
2017-11-07,146.2527313232422,146.4428151483565,145.7394890427207,146.05313388026912,21333100,QQQ
2017-11-08,146.84202575683594,146.8800367286962,146.0056393512172,146.1767249807616,17373500,QQQ
2017-11-09,146.07220458984375,146.14824105056172,144.57051712122563,145.63499856633337,40594500,QQQ
2017-11-10,146.06268310546875,146.17674504164162,145.47341869471524,145.7300399230152,20150800,QQQ
2017-11-13,146.24327087402344,146.43336927071672,145.51144715614603,145.51144715614603,12522400,QQQ
2017-11-14,145.71102905273438,145.8916138267264,145.00771719925564,145.73004179275233,25173800,QQQ
2017-11-15,145.02671813964844,145.41639955368615,144.256868932995,145.08374185829362,24808000,QQQ
2017-11-16,146.8800506591797,147.2127083300016,145.7300337448526,145.75854560206926,34790600,QQQ
2017-11-17,146.31927490234375,147.0226011077994,146.1767156388918,146.91805281377856,28725800,QQQ
2017-11-20,146.20523071289062,146.55688657213224,145.99613412024192,146.42382642248933,21143900,QQQ
2017-11-21,147.79249572753906,147.8590330726548,146.83256255174234,146.8990853943853,20147800,QQQ
2017-11-22,147.97305297851562,148.11561225941287,147.6403953197953,147.92552838405985,17299000,QQQ
2017-11-24,148.51480102539062,148.56232562249502,148.03958405928836,148.12513413506466,8280600,QQQ
2017-11-27,148.44830322265625,148.7999591960772,148.10614636926957,148.4673159651981,22653400,QQQ
2017-11-28,148.8284149169922,148.92346409137326,147.98252947388474,148.78089032980162,25227300,QQQ
2017-11-29,146.23379516601562,148.6954160710811,145.53046869207955,148.65740508714012,71986300,QQQ
2017-11-30,147.45977783203125,147.74491083300742,146.5093441637553,146.8515008644333,56595500,QQQ
2017-12-01,146.83250427246094,147.54532953162774,144.71302672676205,146.55687038420157,59015800,QQQ
2017-12-04,145.14077758789062,147.91604303326537,144.99820379125342,147.75447099905367,51319100,QQQ
2017-12-05,145.2357940673828,146.8895541846447,144.5609941563378,145.11223302628883,40604200,QQQ
2017-12-06,145.8915557861328,146.11966506818442,144.5229290987544,144.6940146859095,28647800,QQQ
2017-12-07,146.38584899902344,146.80404228015695,145.73004721747063,145.88212013833225,32666200,QQQ
2017-12-08,147.03211975097656,147.82098161926731,146.80402489916156,147.45981210059992,28081700,QQQ
2017-12-11,148.17263793945312,148.22016253454,147.08914388283543,147.09865750333498,20821500,QQQ
2017-12-12,147.97305297851562,148.41024444158055,147.65940805807162,148.10611314150975,20310300,QQQ
2017-12-13,148.2581787109375,148.73339562705408,148.03956848774595,148.57182361587078,24418500,QQQ
2017-12-14,148.1536407470703,148.8949780277432,147.99206872461292,148.5147957668402,24594700,QQQ
2017-12-15,149.83590698242188,149.99749351670678,148.48629250862112,148.733414618136,49816200,QQQ
2017-12-18,151.09217834472656,151.2159978165821,150.54930553120963,150.82550143057756,26844500,QQQ
2017-12-19,150.19688415527344,150.95882434559675,149.77781632395556,150.80643340097203,31415000,QQQ
2017-12-20,150.03497314453125,150.7492893429085,149.44447640436883,150.72071785759744,38972600,QQQ
2017-12-21,150.0540313720703,150.72072360943815,149.88258792086097,150.2445127923467,18638700,QQQ
2017-12-22,149.882568359375,149.93971132471998,149.48255306916113,149.82542539403,23330400,QQQ
2017-12-26,149.07298278808594,149.26346413749275,148.53009568284136,149.04441131231468,21918700,QQQ
2017-12-27,149.09207153320312,149.49210139584798,148.94921410568736,149.08255254896886,22388200,QQQ
2017-12-28,149.2730255126953,149.59685988473225,149.09206309288632,149.56827386804702,25393800,QQQ
2017-12-29,148.34915161132812,149.43491142293595,148.2920086527378,149.40633994364077,33186000,QQQ
2018-01-02,150.94927978515625,150.98737024845838,148.739655060888,149.11109884247472,32573300,QQQ
2018-01-03,152.41603088378906,152.5493693294501,151.06359392556988,151.0921654115829,29383600,QQQ
2018-01-04,152.68270874023438,153.13986705213327,152.46365583514958,152.9398666487778,24776100,QQQ
2018-01-05,154.2161102294922,154.32087719122094,153.12083115643762,153.40656055504346,26992300,QQQ
2018-01-08,154.81613159179688,154.8923270625543,154.15895837271427,154.2161013425823,23159100,QQQ
2018-01-09,154.82562255859375,155.28278076761077,154.35894536725462,155.12087087135052,24782400,QQQ
2018-01-10,154.46371459960938,154.4923006152849,153.45415011717517,154.13989477180954,34004000,QQQ
2018-01-11,155.52085876464844,155.53039227809103,154.49225660849106,154.73036191983758,20473500,QQQ
2018-01-12,156.663818359375,156.82572827105156,155.18756212223144,155.3875624996206,37762700,QQQ
2018-01-16,156.2161865234375,158.5019924277315,155.7494947326577,157.70196181450854,41231800,QQQ
2018-01-17,157.90191650390625,158.1400218222281,156.19708881915153,156.9590287443406,33849900,QQQ
2018-01-18,157.9305419921875,158.2924522842073,157.28288780739607,157.65433161552093,26432200,QQQ
2018-01-19,158.42578125,158.68293911189252,157.66384117985797,158.3972097689895,38937600,QQQ
2018-01-22,160.12110900878906,160.12110900878906,158.18769439263392,158.36865681540306,26081400,QQQ
2018-01-23,161.44497680664062,161.5878487633318,160.54017921212974,160.6163746824717,37989700,QQQ
2018-01-24,160.3972930908203,162.14022601445672,159.47344316081418,161.78782021057566,54287400,QQQ
2018-01-25,160.34019470214844,161.55929328278512,159.82587885959148,161.502150307568,28925000,QQQ
2018-01-26,162.79747009277344,162.81652260015792,160.9212123003437,161.2354987417603,32038200,QQQ
2018-01-29,162.0068817138672,162.77834070243276,161.66400943752726,162.45452092277753,37277800,QQQ
2018-01-30,160.67347717285156,161.35922170036665,159.83535627584138,160.53061978495106,44987700,QQQ
2018-01-31,161.34022521972656,161.90216505042525,160.330660573931,161.57833063742558,42449200,QQQ
2018-02-01,159.96871948242188,161.65449505218234,159.45440374065197,160.10205790939952,38037900,QQQ
2018-02-02,156.77809143066406,159.72107014754627,156.64475301240785,159.34010739047068,68478100,QQQ
2018-02-05,150.59686279296875,157.86384251678544,150.4825768787457,155.31136021382514,105372200,QQQ
2018-02-06,154.58758544921875,154.7780669093322,147.7206321689831,148.39684353230643,118537900,QQQ
2018-02-07,152.5874481201172,155.76853230070446,152.57791460455016,154.09226123429823,91028300,QQQ
2018-02-08,146.14907836914062,153.14938230788027,146.14907836914062,152.97793887836065,94184800,QQQ
2018-02-09,148.6730194091797,149.75877946527643,142.9870612243361,148.21584657191755,113836600,QQQ
2018-02-12,151.3112335205078,152.33985071874434,149.01590822760065,150.19690185561876,63050600,QQQ
2018-02-13,152.09222412109375,152.3969915090845,150.21595220301955,150.44453864361404,31785600,QQQ
2018-02-14,154.93991088867188,155.17801624560636,150.482585582601,151.1969016534045,52107400,QQQ
2018-02-15,157.8162384033203,157.8162384033203,154.71134956952608,156.33046320024332,51633900,QQQ
2018-02-16,157.11141967773438,158.82576634387172,156.84472835097122,157.30190102588347,62256300,QQQ
2018-02-20,157.42578125,158.74964687248584,156.49241202442062,156.55908852122027,36785600,QQQ
2018-02-21,156.97811889648438,159.74013543848042,156.88287093318846,158.1972172561184,41161800,QQQ
2018-02-22,156.9591064453125,158.50202502134954,156.55909105644372,157.66388923545165,37074400,QQQ
2018-02-23,160.16868591308594,160.16868591308594,157.57809885269754,158.2257528841924,50096900,QQQ
2018-02-26,162.2926025390625,162.2926025390625,160.78778949930657,160.9211279154671,39266700,QQQ
2018-02-27,160.28297424316406,162.60688454128993,160.20679332799548,162.34020773981277,42209900,QQQ
2018-02-28,159.25436401367188,161.7211315696013,159.14959709459248,161.19729697420442,42936300,QQQ
2018-03-01,156.65428161621094,160.07348578863397,155.24470188910087,159.34011717678408,76809900,QQQ
2018-03-02,158.0924835205078,158.3686794196091,154.25422522471,154.7685265492717,57445100,QQQ
2018-03-05,159.84495544433594,160.25448985029294,156.75910352248735,157.34961493190008,38540200,QQQ
2018-03-06,160.52113342285156,161.0640207219366,159.5115688310098,160.62590038235214,29480900,QQQ
2018-03-07,160.892578125,161.02593110397993,159.01632089404913,159.2925167708488,34609400,QQQ
2018-03-08,161.7783203125,161.89260624464728,160.91161323958534,161.55926743161797,25828400,QQQ
2018-03-09,164.9213409423828,164.9213409423828,162.6926777078969,162.93078312695226,38310500,QQQ
2018-03-12,165.7975311279297,166.17849390254932,165.03559104589212,165.40703483762567,37635000,QQQ
2018-03-13,163.5402374267578,166.87371135729856,163.1211698073858,166.1784334738891,55638900,QQQ
2018-03-14,163.51173400878906,164.52131311664195,162.7974178057462,164.3974936576184,40536400,QQQ
2018-03-15,163.36888122558594,164.32130285671875,162.76885094747604,163.626039135176,28810400,QQQ
2018-03-16,162.88308715820312,164.00693726376807,162.80689171384017,163.64502706903775,31176700,QQQ
2018-03-19,159.40782165527344,161.4302261508264,158.0150240409187,161.31575481904034,71395100,QQQ
2018-03-20,159.9324951171875,160.3045415099787,158.94037625520266,159.4745952236849,34075700,QQQ
2018-03-21,159.2361297607422,160.9914251048213,158.53973810204144,159.51278827258906,43863500,QQQ
2018-03-22,155.30575561523438,158.13903740339762,155.1054162370401,157.03243272352512,66607300,QQQ
2018-03-23,151.21324157714844,155.78274977449206,151.13692250185275,155.12451048689505,80110400,QQQ
2018-03-26,156.83212280273438,157.0229277916623,151.83334651056444,154.2754989825218,57481500,QQQ
2018-03-27,151.75706481933594,157.99600229493214,150.4215023496414,157.99600229493214,78889100,QQQ
2018-03-28,150.0112762451172,152.42481103545686,148.85697003581748,150.88892393647907,89369700,QQQ
2018-03-29,152.75868225097656,154.26595128430156,149.41979902125522,150.82213114224825,68692600,QQQ
2018-04-02,148.35137939453125,152.386669644948,146.79642332955615,151.6711945084544,85549400,QQQ
2018-04-03,150.02081298828125,150.65043456670873,147.33063419485725,149.64876652037012,64090000,QQQ
2018-04-04,152.3866729736328,152.8541074236033,146.9490501724006,147.12077177822715,65768700,QQQ
2018-04-05,153.25479125976562,154.1419881305874,152.13865162722036,153.90349638287137,43054900,QQQ
2018-04-06,149.41983032226562,153.0735250543722,148.70435519458786,151.56625570529891,59870900,QQQ
2018-04-09,150.46913146972656,153.4741346685755,150.21157099617054,150.7076230939349,41810400,QQQ
2018-04-10,153.78897094726562,154.28502312756495,151.74748288662715,152.83500429170792,48296800,QQQ
2018-04-11,152.90179443359375,154.54261846077392,152.73008740014316,152.82547534437865,41622100,QQQ
2018-04-12,154.7429656982422,155.27718479332816,153.74129761676667,153.82715113782436,30467900,QQQ
2018-04-13,153.94163513183594,155.7446320038961,153.27386120818028,155.51568926228833,44604900,QQQ
2018-04-16,155.11497497558594,155.67781177603064,154.04652248529882,155.01957249304016,28180800,QQQ
2018-04-17,158.4539031982422,158.7973318542797,156.36471342037885,156.6795242347782,35536100,QQQ
2018-04-18,158.77822875976562,159.31244781263192,157.70024167041782,158.45388355715073,29573900,QQQ
2018-04-19,157.31863403320312,158.3489196983651,156.7748660892114,157.97687331008788,34705700,QQQ
2018-04-20,154.828857421875,157.03251901102686,154.28508920824936,156.91804762137187,49197100,QQQ
2018-04-23,154.43763732910156,156.19293220951033,153.60769112555067,155.5823942269171,33040600,QQQ
2018-04-24,151.16555786132812,155.41070643296055,150.14480658511934,155.17221477661744,70256800,QQQ
2018-04-25,151.34677124023438,151.9763925898082,149.26713136944983,151.4326392834474,52089300,QQQ
2018-04-26,154.53306579589844,155.04820139183389,152.80637389939227,153.30244064255777,43005500,QQQ
2018-04-27,154.62841796875,156.84162711382294,153.75077058388848,156.80346030435737,51043400,QQQ
2018-04-30,153.53143310546875,155.95450259336823,153.14983761688413,154.99100127790362,35615300,QQQ
2018-05-01,155.2867431640625,155.30582657936608,152.76827093007844,153.13078303894264,36513500,QQQ
2018-05-02,154.37088012695312,156.04032165454436,154.1896241463661,155.55378937899496,38646800,QQQ
2018-05-03,154.351806640625,154.9241778959071,151.89057094069722,153.58863041053968,60337100,QQQ
2018-05-04,157.28045654296875,157.64296848102532,153.56952733768247,153.68401321918003,41543200,QQQ
2018-05-07,158.58743286132812,159.10256848560888,157.89102667474927,158.0150470064589,32500200,QQQ
2018-05-08,158.42523193359375,158.76864591744842,157.27092600337622,158.25351038529206,26040200,QQQ
2018-05-09,160.1519012451172,160.26637256748296,158.1485657654742,158.71140250893745,29122700,QQQ
2018-05-10,161.81182861328125,161.92631451676166,160.5430511428345,160.66707147311465,27067600,QQQ
2018-05-11,161.65921020507812,162.04079107862134,160.9532695770082,161.62104338389744,24688800,QQQ
2018-05-14,161.9358367919922,162.9565880816589,161.66872729787627,162.03123927833747,21821700,QQQ
2018-05-15,160.14236450195312,160.74336810304897,159.2933348313196,160.65751460471378,49361600,QQQ
2018-05-16,161.2012939453125,161.5733403877244,160.2759450527844,160.3522641379429,22941200,QQQ
2018-05-17,160.5812225341797,161.80229879263564,159.79896282303093,160.63845820936086,27480200,QQQ
2018-05-18,159.75125122070312,160.51441284595262,159.5127595737189,159.96111047818428,26217900,QQQ
2018-05-21,160.6479949951172,161.69736424343677,159.9611377701039,160.99142360762383,22954600,QQQ
2018-05-22,160.43807983398438,161.6496213711956,160.15190152756523,161.3825119142886,19477700,QQQ
2018-05-23,161.79273986816406,161.81180871941908,159.19794957273385,159.21701842398883,26557800,QQQ
2018-05-24,161.74505615234375,162.03124907230276,160.113766698041,161.74505615234375,27696500,QQQ
2018-05-25,161.9072265625,162.4891468212385,161.420708794588,161.72597056375542,27460500,QQQ
2018-05-29,161.1916961669922,162.0979612929574,160.22819538874705,161.1726127641084,41220500,QQQ
2018-05-30,162.3460693359375,162.63226229831736,161.4302693239764,161.7736979675565,22665800,QQQ
2018-05-31,162.24110412597656,163.31907646887745,161.8213564994842,162.34602647622475,35670900,QQQ
2018-06-01,164.7882080078125,164.88359594109775,163.00428043450123,163.051981679332,45543300,QQQ
2018-06-04,166.2764129638672,166.31456523032944,165.10303789814589,165.20796027001157,20459600,QQQ
2018-06-05,166.79153442382812,167.06819291854728,166.0569905450258,166.66752865109783,24779300,QQQ
2018-06-06,167.76455688476562,167.7931747165543,166.12373326580146,166.9632284819341,25036600,QQQ
2018-06-07,166.40037536621094,167.83132516572883,165.56089471549484,167.79317290921296,39600300,QQQ
2018-06-08,166.40994262695312,166.8296902766055,165.20793534724396,165.61814857081356,31780300,QQQ
2018-06-11,166.85830688476562,167.26850554894443,166.2573032493286,166.2859210837422,22319700,QQQ
2018-06-12,167.7359161376953,167.89808868113403,166.90597001645838,167.08721140756828,22511800,QQQ
2018-06-13,167.72640991210938,168.98563821960641,167.35434897438614,167.99351938813527,37858600,QQQ
2018-06-14,169.42446899414062,169.70111289519028,168.37509994248742,168.49912025487592,35916000,QQQ
2018-06-15,168.83302307128906,169.1669172399889,168.00307669747318,168.78532182484958,49615700,QQQ
2018-06-18,168.7355194091797,168.8789148654488,167.24414831384615,167.7699559660557,31633200,QQQ
2018-06-19,168.25755310058594,168.29578703504706,166.06829931114572,166.6036619188235,38236000,QQQ
2018-06-20,169.4525146484375,170.15039680197268,168.87890368626466,169.0318685545151,33038000,QQQ
2018-06-21,167.98023986816406,170.0547763146085,167.65518593050632,169.88268721966847,43469400,QQQ
2018-06-22,167.60743713378906,168.61123450801463,167.00514703922673,168.544321490582,30073200,QQQ
2018-06-25,163.83116149902344,166.33591352835163,162.3397906684105,166.0873419982287,77799700,QQQ
2018-06-26,164.50038146972656,165.44682050194638,163.83116388276423,164.4334538760178,39008100,QQQ
2018-06-27,162.26333618164062,165.94397513999513,162.14861981723556,165.19828959629496,52843500,QQQ
2018-06-28,163.6590576171875,164.2135441627388,161.7279168326852,162.06252556125997,46407700,QQQ
2018-06-29,164.098876953125,165.31301200845272,163.85987479351513,164.4430406464646,36408500,QQQ
2018-07-02,165.19830322265625,165.24610657427928,162.20599137897892,162.5597099234267,31770000,QQQ
2018-07-03,163.2862548828125,165.81967157536445,163.1237351881518,165.81967157536445,25512700,QQQ
2018-07-05,165.31297302246094,165.4468136167773,163.5061177054249,164.3474097768595,31626200,QQQ
2018-07-06,167.88462829589844,168.00891405042137,165.38944589855205,165.6953755750608,37005600,QQQ
2018-07-09,169.3951873779297,169.43342130820216,168.08546009994984,168.75466328623386,27362100,QQQ
2018-07-10,169.51943969726562,169.90183727460374,168.93627390992887,169.71063848593468,23902500,QQQ
2018-07-11,168.6589813232422,169.2803954662931,168.0662608495117,168.19053200809878,30280600,QQQ
2018-07-12,171.5653076171875,171.5653076171875,169.2900025097873,169.4047188723341,27930100,QQQ
2018-07-13,171.70872497558594,171.98596108295266,171.07775572601795,171.55576008098728,28049800,QQQ
2018-07-16,171.297607421875,172.03373810034782,171.01081652282468,171.7469326137645,21405300,QQQ
2018-07-17,172.33966064453125,172.70293396399967,169.48118990727895,169.48118990727895,31034100,QQQ
2018-07-18,172.01458740234375,172.5021610308451,171.48879444322148,172.358751015832,23220800,QQQ
2018-07-19,171.1541748046875,171.96678774228525,170.9534212189477,171.39317689368332,31094100,QQQ
2018-07-20,171.11595153808594,172.24403446633633,170.92473818496555,171.67043816956743,35897300,QQQ
2018-07-23,171.66087341308594,171.7373558389058,169.9209456351598,170.6092728800076,22184700,QQQ
2018-07-24,172.36831665039062,174.04133134275085,171.66086518611021,173.42948655304605,36900300,QQQ
2018-07-25,174.77745056152344,174.88259747419758,172.3587360568394,172.44478789339112,35026600,QQQ
2018-07-26,172.1293182373047,172.96104089130665,171.8998709659283,172.40655425946176,40873500,QQQ
2018-07-27,169.8062286376953,173.33390241015368,168.83111045041449,173.2191860557753,59456100,QQQ
2018-07-30,167.40664672851562,169.9113842962426,166.60360310050828,169.81579220006947,60193000,QQQ
2018-07-31,168.6876983642578,169.3377917353886,167.1294144153225,168.06629866890432,47285100,QQQ
2018-08-01,169.32821655273438,169.8348998778671,168.35309841051577,169.0796596005568,37101900,QQQ
2018-08-02,171.63218688964844,171.8329550721673,168.05671022204055,168.13319264454628,47178200,QQQ
2018-08-03,172.15805053710938,172.16760537271279,171.20204182550006,171.9572822891559,28934400,QQQ
2018-08-06,173.17138671875,173.21919006335776,171.8329805949293,172.0433036411772,24808800,QQQ
2018-08-07,173.80235290527344,174.12739230303265,173.2861001323312,173.65894287388616,29895700,QQQ
2018-08-08,174.0126495361328,174.3281340522613,173.0948750721654,173.56332443021014,22680700,QQQ
2018-08-09,173.90748596191406,174.5958131548186,173.64935961769234,173.90748596191406,18852900,QQQ
2018-08-10,172.5786895751953,173.24789272817077,171.92859609263726,172.7316398762078,33818500,QQQ
2018-08-13,172.38743591308594,174.00307780141804,172.31095349314532,172.8941191811039,26089200,QQQ
2018-08-14,173.46774291992188,173.66851112750118,172.11976740661996,173.04709683739938,20913000,QQQ
2018-08-15,171.3454132080078,172.63603062224834,170.28424310380854,172.09109873122534,58528000,QQQ
2018-08-16,171.90945434570312,173.02798253287094,171.5748455378826,172.66469463724084,27711800,QQQ
2018-08-17,171.9476776123047,172.37787849032256,170.42762770246037,171.4601185622219,36092600,QQQ
2018-08-20,171.7947235107422,172.3970135301703,171.1255204822287,172.33008593355297,24939000,QQQ
2018-08-21,172.42568969726562,173.45818060413927,172.20581183180684,172.31097334790132,26258700,QQQ
2018-08-22,173.09490966796875,173.29567788655189,171.8425407729749,172.0624186599693,18042400,QQQ
2018-08-23,172.84637451171875,174.04138537727607,172.559568986478,172.7890163241776,25776200,QQQ
2018-08-24,174.45240783691406,174.59581784868382,173.38168310251262,173.41991701979964,23136100,QQQ
2018-08-27,176.2305908203125,176.2305908203125,175.0547045336851,175.33194056039866,29343600,QQQ
2018-08-28,176.48873901367188,176.88070602021233,176.1158962626422,176.699062061692,20277000,QQQ
2018-08-29,178.52505493164062,178.62064704111032,176.72775405821778,176.79466707609316,29175600,QQQ
2018-08-30,178.20957946777344,179.27074967373665,177.6168441735415,178.18090037470967,29315500,QQQ
2018-08-31,178.43896484375,178.94564813675154,177.79844095613547,177.98963972164967,28653200,QQQ
2018-09-04,177.67417907714844,178.199972062938,176.71817061203066,177.8940569396167,29063500,QQQ
2018-09-05,175.3797607421875,177.38738447682084,174.77748529182344,177.35870538811457,42623300,QQQ
2018-09-06,173.8119354248047,175.66659459425435,172.63604883529575,175.4562715180775,46091400,QQQ
2018-09-07,173.1427001953125,174.63407112283033,172.50217625016225,172.5595344262157,46629500,QQQ
2018-09-10,173.7258758544922,174.23255922185214,172.77942213313327,174.13695253129887,26132000,QQQ
2018-09-11,175.06427001953125,175.35107548403556,172.57865669806827,173.02798185536759,30116500,QQQ
2018-09-12,174.5480499267578,174.93044752733707,173.0471094400407,174.80617633029217,36204000,QQQ
2018-09-13,176.41224670410156,176.74685551291205,175.56139972566018,175.6378821558892,31133200,QQQ
2018-09-14,175.89601135253906,176.81377135492698,175.19811463584256,176.53653530499562,31224100,QQQ
2018-09-17,173.36257934570312,175.7239215275473,173.20005964984136,175.5996357534927,33071200,QQQ
2018-09-18,174.79660034179688,175.64744737052536,173.41994569137486,173.5059975476759,31877300,QQQ
2018-09-19,174.66275024414062,175.2363611798485,173.52509779375694,174.8252699388337,31843400,QQQ
2018-09-20,176.5938720703125,176.83287416930463,175.44666491265633,175.86731094088736,33295800,QQQ
2018-09-21,175.62835693359375,177.32048175478477,175.40846443928666,177.0719247552824,38605400,QQQ
2018-09-24,176.1167755126953,176.18382355361433,173.63626104680282,174.3545577571891,34945600,QQQ
2018-09-25,176.35617065429688,176.49025209414793,175.4367446283318,176.04011841455204,25277500,QQQ
2018-09-26,176.48074340820312,178.12803861119167,176.13596035144306,176.50947411178427,36210600,QQQ
2018-09-27,177.97474670410156,178.60685122667743,177.10320997877255,177.19898870538657,33113300,QQQ
2018-09-28,177.93643188476562,178.40572426976112,177.15110184779388,177.47672614083626,28076800,QQQ
2018-10-01,178.30038452148438,179.60289638784366,177.85025077705106,178.9707918173054,27371300,QQQ
2018-10-02,177.8981475830078,179.2676929293268,177.48633116041967,178.14715184221572,25618600,QQQ
2018-10-03,178.08970642089844,179.06659410259704,177.8119714381665,178.64519100014724,29128700,QQQ
2018-10-04,174.6705780029297,177.48630292902791,173.40636901007687,177.37136553908957,80557300,QQQ
2018-10-05,172.53485107421875,175.23565351771958,170.88755623927133,174.65143831911868,83325600,QQQ
2018-10-08,171.48135375976562,173.0041391261291,169.45095865749846,171.93148748901004,66864500,QQQ
2018-10-09,172.036865234375,173.3681079620519,171.19405903655314,171.60587549262576,49097900,QQQ
2018-10-10,164.4707794189453,171.0695309358873,164.2505058644558,170.9641801726474,114471100,QQQ
2018-10-11,162.4308319091797,166.07019014174904,160.71648894566152,163.79080523223794,143084500,QQQ
2018-10-12,166.9512939453125,167.46846107503833,163.70457923517853,166.80762585487946,102078400,QQQ
2018-10-15,164.93051147460938,166.68314262023682,164.30797887915716,166.36710492195166,64885300,QQQ
2018-10-16,169.72874450683594,170.1405609863799,166.35753413719232,166.66401444978976,71979700,QQQ
2018-10-17,169.7957763671875,170.7247747121792,168.05271710025522,170.55239049828077,66987600,QQQ
2018-10-18,165.85946655273438,169.21151735239786,165.15075659362583,169.1540559626087,82486200,QQQ
2018-10-19,165.70626831054688,168.62734455353834,165.10289439093995,167.2003231459696,82923700,QQQ
2018-10-22,166.55865478515625,167.84200814468886,165.29444548380062,166.70230829040807,52909300,QQQ
2018-10-23,165.9456787109375,166.7693260905047,161.6837883339023,163.42684720790876,77567000,QQQ
2018-10-24,158.3509063720703,166.03189689935164,158.06358475472157,165.7541619246447,102997400,QQQ
2018-10-25,163.82904052734375,164.8059277229245,160.09390509391386,160.8122014937102,83481100,QQQ
2018-10-26,159.6151123046875,162.77562080185544,157.28782332799884,158.21682159018604,130970900,QQQ
2018-10-29,156.33009338378906,162.67984103798318,153.32282504673572,162.0573230621455,111871900,QQQ
2018-10-30,158.90640258789062,159.02132539774362,155.1616784864678,155.87040324606093,92584000,QQQ
2018-10-31,162.6415557861328,164.01110132565105,161.41564914614,161.49226922450117,73828600,QQQ
2018-11-01,164.78688049316406,164.9592793448597,161.6455299495686,162.8810087763936,52706800,QQQ
2018-11-02,162.22012329101562,165.2561221041836,161.10915427660566,164.2792345491829,75966800,QQQ
2018-11-05,161.81787109375,162.48827835840228,160.01733619972762,162.43081696625813,39573500,QQQ
2018-11-06,163.04376220703125,163.95360167794706,161.58801028529658,161.8274424941577,34410400,QQQ
2018-11-07,168.15805053710938,168.15805053710938,164.60486970798632,164.9975420841931,51169600,QQQ
2018-11-08,167.08541870117188,167.889907606495,166.29050182551245,167.3727257289403,40296500,QQQ
2018-11-09,164.26963806152344,165.92650469475527,162.96712638672764,165.5242603764217,50602700,QQQ
2018-11-12,159.299072265625,163.42688207138974,159.1554041419952,163.12041637912642,62578400,QQQ
2018-11-13,159.43312072753906,162.31587926708738,158.98298700486848,160.04606659891016,64128100,QQQ
2018-11-14,158.21678161621094,161.5688321361043,157.306942254996,161.0133477248683,75270700,QQQ
2018-11-15,160.98460388183594,161.4155788478606,156.5503302079754,157.92944717649837,73254300,QQQ
2018-11-16,160.4196014404297,161.19535956292123,158.7723064535506,159.41398310565822,65390700,QQQ
2018-11-19,155.2095489501953,159.84495349074516,154.71152581187178,159.65341062640036,67280500,QQQ
2018-11-20,152.43212890625,154.55828814512927,150.4879404890253,151.6755149229265,102652800,QQQ
2018-11-21,153.59095764160156,155.12332951385733,152.49914743209823,154.52954235490432,42965800,QQQ
2018-11-23,152.48001098632812,154.0410990165885,152.3650735912166,152.3650735912166,23503700,QQQ
2018-11-26,156.00445556640625,156.08107562991393,153.96448839013976,154.6157516230637,42012600,QQQ
2018-11-27,156.53115844726562,156.92383066483129,154.36668254521564,155.15202698034693,36608100,QQQ
2018-11-28,161.56887817382812,161.56887817382812,156.55995963299583,157.66134212927847,70141000,QQQ
2018-11-29,161.0421142578125,162.10519395812176,159.76834763689894,160.8888887349897,44885700,QQQ
2018-11-30,162.21054077148438,162.30631950797482,160.45789511294964,161.2623985036326,36722800,QQQ
2018-12-03,165.04539489746094,165.9839649672743,162.34459284619822,165.79242214275044,50771700,QQQ
2018-12-04,158.71482849121094,164.64317249683018,158.5232856411916,164.18345212024448,70594700,QQQ
2018-12-06,159.83538818359375,159.85454685496902,154.93182050400438,155.51603576378236,71715500,QQQ
2018-12-07,154.5582733154297,160.05562709303462,154.06025026402025,159.13621565912007,80432200,QQQ
2018-12-10,156.1768798828125,156.8568593101581,152.6715881269139,154.27099385280763,73960800,QQQ
2018-12-11,156.6940460205078,158.76274421727084,155.37237529250058,158.72442687263532,59058300,QQQ
2018-12-12,158.07313537597656,160.51534664623787,157.98694329454858,158.98297477876145,53780000,QQQ
2018-12-13,158.12103271484375,159.76832744067102,157.09625587133573,159.10749222215193,46378500,QQQ
2018-12-14,154.2709503173828,156.88554573867893,153.90700871240185,156.31091725130918,56547400,QQQ
2018-12-17,150.7752227783203,154.83599774214625,149.56848987286375,153.6101061707611,74834100,QQQ
2018-12-18,151.72341918945312,153.1887433204574,150.40174855608294,151.94369275708678,63642100,QQQ
2018-12-19,147.9978485107422,153.92619285061866,146.85814876026078,151.4935532154872,81856500,QQQ
2018-12-20,145.85252380371094,149.2811949265744,144.03284478847044,147.63390009405265,99002100,QQQ
2018-12-21,141.33204650878906,147.57642778399304,140.51797118052207,146.5803962586871,141129400,QQQ
2018-12-24,137.8273162841797,142.13021376216784,137.78890396852066,140.30532832865728,56163300,QQQ
2018-12-26,146.43312072753906,146.50994535614566,138.3939846531429,139.34485430759264,98982100,QQQ
2018-12-27,146.99977111816406,147.12462211194494,141.265770494056,144.42570679198778,85824300,QQQ
2018-12-28,146.92295837402344,149.43938270866994,145.72237200740273,148.05630486942763,77856600,QQQ
2018-12-31,148.16192626953125,148.85346504545842,146.67321120873606,148.36363118567346,53015300,QQQ
2019-01-02,148.75738525390625,149.5929882674418,144.915510755866,145.02116289078563,58576700,QQQ
2019-01-03,143.8974151611328,147.20141489125444,143.58045875901192,146.56751674260067,74820200,QQQ
2019-01-04,150.0540313720703,150.79359642626122,145.74153598761046,146.317808454484,74709300,QQQ
2019-01-07,151.84051513671875,152.58008024581048,149.93879094035998,150.42862477190334,52059300,QQQ
2019-01-08,153.21401977539062,153.78069297097673,150.98572464918954,153.23321860346226,49388700,QQQ
2019-01-09,154.4626007080078,155.13492594236237,153.16596195521686,153.80947429778413,46491700,QQQ
2019-01-10,154.9044189453125,154.99085762669685,152.4264074898172,153.29083827043664,38943400,QQQ
2019-01-11,154.3377685546875,154.5010465287666,153.47333764676998,153.99199912263933,30176600,QQQ
2019-01-14,152.973876953125,153.63660280066418,152.320750518017,153.03150273889509,30710200,QQQ
2019-01-15,155.96092224121094,156.17222654126815,153.58856322696045,153.67500189818654,40874200,QQQ
2019-01-16,155.93211364746094,157.305576980088,155.87447320946507,156.22024255948713,33812200,QQQ
2019-01-17,157.16152954101562,157.86266772884744,155.18296596771978,155.43268260371124,39329000,QQQ
2019-01-18,158.71749877929688,159.45706399669095,157.3440351740157,158.26607718672068,57183200,QQQ
2019-01-22,155.53831481933594,157.65134318032463,154.4049540508444,157.57450392012262,56711700,QQQ
2019-01-23,155.7400360107422,157.04627438264123,153.98239071076293,156.33553673177994,38106100,QQQ
2019-01-24,156.74851989746094,156.97903770704556,155.6535859492203,156.249071971157,32417800,QQQ
2019-01-25,158.62142944335938,159.10166388267393,157.46886972012285,158.00672994726042,36515900,QQQ
2019-01-28,156.66209411621094,156.6716935298871,155.35585573217725,156.57565542634535,33491200,QQQ
2019-01-29,155.1829833984375,156.7869648701151,154.62590961964509,156.7485379029742,30784200,QQQ
2019-01-30,159.1304931640625,159.70678041282363,156.4507911651884,156.94062506771988,41346500,QQQ
2019-01-31,161.512451171875,162.30964210486374,159.88925641180327,160.1101601517231,37258400,QQQ
2019-02-01,160.83050537109375,161.93505333762002,160.38869790895646,160.71525379933473,32143700,QQQ
2019-02-04,162.82827758789062,162.82827758789062,160.7152491188275,160.8593135793307,26718800,QQQ
2019-02-05,164.26901245117188,164.4611033207005,162.98198750417686,163.04921271349463,28156400,QQQ
2019-02-06,163.7791748046875,164.59556464548544,163.03960958547586,164.307435675553,27970000,QQQ
2019-02-07,161.57972717285156,162.7515007530579,160.35032778633945,162.3481054533208,42036200,QQQ
2019-02-08,161.8966522216797,161.9254651192191,159.9853282921266,160.167805091345,29020700,QQQ
2019-02-11,161.7429656982422,162.87632668281668,161.33957049696443,162.482530895048,21434100,QQQ
2019-02-12,164.13458251953125,164.37469982175162,162.63625289857168,162.92439659235555,29722100,QQQ
2019-02-13,164.2498016357422,165.3543498007642,164.06732483286177,164.86450122157575,26094100,QQQ
2019-02-14,164.4514617919922,165.0373483201497,163.11641080561233,163.6638703763486,30326800,QQQ
2019-02-15,165.14303588867188,165.73852195610627,164.37465778694124,165.70010964603674,32521700,QQQ
2019-02-19,165.46961975097656,165.9690677997499,164.60520340035742,164.63401630167166,19487700,QQQ
2019-02-20,165.44076538085938,166.23795631378943,164.54753635281963,165.58482985131994,32593000,QQQ
2019-02-21,164.83570861816406,165.45040827967995,163.96169284166209,164.9989866127984,25207400,QQQ
2019-02-22,166.05545043945312,166.1707020057985,165.1045810503314,165.19103438068126,27735400,QQQ
2019-02-25,166.66053771972656,167.75547148298674,166.54527150661147,167.3232634866769,32608800,QQQ
2019-02-26,166.8334503173828,167.36171116034177,165.9786335553557,166.25717775236717,21939700,QQQ
2019-02-27,166.72779846191406,166.92950338618368,164.97013855690938,166.06507255364755,25162000,QQQ
2019-02-28,166.3436279296875,166.9391140180173,165.87299284515967,166.2091628563358,25085500,QQQ
2019-03-01,167.4961700439453,167.7458866806785,166.3339962323188,167.5441964198227,31431200,QQQ
2019-03-04,167.52499389648438,168.8408316791608,165.65208235949413,168.60071443965967,38063500,QQQ
2019-03-05,167.6498260498047,168.16847273502637,166.82382232475513,167.6498260498047,22319900,QQQ
2019-03-06,166.698974609375,167.84193490872684,166.43004449842067,167.81312201509544,27194600,QQQ
2019-03-07,164.65316772460938,166.33398821010644,164.03846824756553,166.27636242406976,39407400,QQQ
2019-03-08,164.40347290039062,164.4899115909077,162.64581291524232,162.80909088252798,39303200,QQQ
2019-03-11,167.82272338867188,167.93798962013616,165.05658297859372,165.08539587256178,30518400,QQQ
2019-03-12,168.74478149414062,169.1769895631768,167.86115187471785,168.26454704952442,33953500,QQQ
2019-03-13,170.0126190185547,170.89624877421025,169.37872059218066,169.61883785150863,42426100,QQQ
2019-03-14,169.7244873046875,170.3295728226672,169.67646092247472,170.12788253520534,23751500,QQQ
2019-03-15,171.2996368408203,171.80868419328823,170.27192806715587,170.3871796471584,38192000,QQQ
2019-03-18,171.7075958251953,172.22720115194963,170.8800887378486,171.22648739493013,32935100,QQQ
2019-03-19,172.28500366210938,173.19910712436726,171.55370914648688,172.41008192219988,36893300,QQQ
2019-03-20,172.9680938720703,174.02653826897145,171.5055348465063,172.29454502052585,50105000,QQQ
2019-03-21,175.6719970703125,175.92216825074124,172.4293151995486,172.44856365412588,42428500,QQQ
2019-03-22,171.81346130371094,175.38329275355937,171.6306377286633,174.91180114855572,70794500,QQQ
2019-03-25,171.4862823486328,172.08285207701658,170.2450144322856,171.18799748444093,46336500,QQQ
2019-03-26,172.28500366210938,173.8630393841739,171.40938243012465,172.81422609255455,33248100,QQQ
2019-03-27,171.17840576171875,172.9296478242435,169.92753535393464,172.54476688065864,37096700,QQQ
2019-03-28,171.57289123535156,172.2175747895116,170.5433267982575,171.62100501628444,30368200,QQQ
2019-03-29,172.87191772460938,173.03549286028908,171.84233843958967,172.90078306136067,35205500,QQQ
2019-04-01,175.16197204589844,175.37366095543544,173.9399670562491,174.65199822263182,30969500,QQQ
2019-04-02,175.82591247558594,175.99911917447878,174.9118092403253,175.35443553103673,22645200,QQQ
2019-04-03,176.83624267578125,177.93316949076186,176.28778660942422,176.81699422435588,31633500,QQQ
2019-04-04,176.7688751220703,177.52902002131464,175.74891286364212,176.88433645302771,28530800,QQQ
2019-04-05,177.6829833984375,177.78882784896985,177.06716514504902,177.27885404611368,25674700,QQQ
2019-04-08,178.13523864746094,178.2795653251533,176.69191314147216,177.39432744335213,22697500,QQQ
2019-04-09,177.50978088378906,178.11598226764497,177.13451685622724,177.52902933404664,25631900,QQQ
2019-04-10,178.46238708496094,178.5201177554491,177.5482838769441,177.74072433932668,24563000,QQQ
2019-04-11,178.0389862060547,178.7606488582488,177.71183599413678,178.7606488582488,20654100,QQQ
2019-04-12,178.80877685546875,178.9242381906757,178.0678656959381,178.82802530542503,24989100,QQQ
2019-04-15,178.837646484375,179.03971850810572,177.64449215694083,178.8183980339564,21073000,QQQ
2019-04-16,179.45343017578125,179.84794258087592,178.90495956153796,179.49191238693692,27195700,QQQ
2019-04-17,180.0789031982422,180.8294312733296,179.5496956013399,180.65623926320143,29651600,QQQ
2019-04-18,180.3098602294922,180.6947411932718,179.2514155556968,180.37722247340082,28580900,QQQ
2019-04-22,180.81983947753906,180.88720172344597,179.38613068273395,179.5208551745478,17936000,QQQ
2019-04-23,183.11949157714844,183.34079734790228,181.02186583203715,181.28165381768824,33665600,QQQ
2019-04-24,182.54220581054688,183.5044228752791,182.48446045355846,183.27348549412716,24977100,QQQ
2019-04-25,183.28305053710938,183.9950962492236,182.29196841534653,183.9085002616357,29517500,QQQ
2019-04-26,183.4466552734375,183.48515217342828,181.46449070961037,182.99441213327125,26359500,QQQ
2019-04-29,183.80270385742188,184.09137190707762,183.1483886327177,183.44667356719745,21716200,QQQ
2019-04-30,182.3786163330078,182.67691595674168,181.09888055489628,182.3208856581778,31495300,QQQ
2019-05-01,181.79161071777344,184.09132293617245,181.6665325192665,183.5717176485611,34797100,QQQ
2019-05-02,181.0026092529297,182.67687182990718,179.8094550930104,181.73388876124324,44110100,QQQ
2019-05-03,183.88925170898438,184.02396147257573,182.17650699378143,182.5036571793229,30386200,QQQ
2019-05-06,182.7635040283203,183.0136751691368,179.70364625486778,179.98269741411173,38371800,QQQ
2019-05-07,179.2033233642578,181.54150393989568,177.53867716009918,180.77172730035508,58818100,QQQ
2019-05-08,178.75103759765625,180.0981353845516,177.97164425793363,178.6163278189667,37165300,QQQ
2019-05-09,177.7888641357422,178.40468251481943,175.21011457929674,176.75928475385692,55351700,QQQ
2019-05-10,178.0101318359375,178.8665043153171,174.19012945384995,177.1537593565579,58526400,QQQ
2019-05-13,171.83273315429688,174.41146795993686,171.33237614638617,173.47811618926036,67185800,QQQ
2019-05-14,173.71864318847656,174.76747083152847,172.1021257460462,172.73719246225767,43360600,QQQ
2019-05-15,176.17230224609375,176.61492851433115,172.53512325895136,172.57362015998027,40944500,QQQ
2019-05-16,177.94273376464844,179.03967493757307,176.03754874028994,176.24923759658114,39281200,QQQ
2019-05-17,176.12416076660156,178.56819971832422,175.97021723349005,176.18190610906487,44702300,QQQ
2019-05-20,173.1509246826172,174.33444733441425,172.5639717983128,173.67053002007452,38608300,QQQ
2019-05-21,174.9598846435547,175.44099304943293,174.08426382111307,174.64235133380345,31613800,QQQ
2019-05-22,174.1805419921875,175.19087287458737,173.92073926648064,173.9881015103655,24332600,QQQ
2019-05-23,171.5151824951172,172.2560937058502,170.4471210238457,172.1791145829706,45351300,QQQ
2019-05-24,171.4285430908203,173.0546917796117,171.21685422705679,172.43887363473488,25903300,QQQ
2019-05-28,170.78387451171875,172.87188332069977,170.76462606362628,171.90966646777227,24763800,QQQ
2019-05-29,169.37904357910156,170.31239516787963,168.47455732339787,169.72544225825905,42178800,QQQ
2019-05-30,170.091064453125,170.5721728435252,169.12884767232458,169.83126181127528,30354800,QQQ
2019-05-31,167.3776397705078,168.66700699253767,167.30066065067928,168.0896856172224,45446200,QQQ
2019-06-03,163.6923370361328,167.3776295859365,162.87446146696905,166.92538646087803,75842300,QQQ
2019-06-04,168.30133056640625,168.35906122063213,164.8950751444594,165.53014170546808,47797800,QQQ
2019-06-05,169.55221557617188,169.9370963932755,167.79135720751174,169.90823106610586,34412700,QQQ
2019-06-06,170.8993682861328,171.3131145639671,169.09039556081672,169.8409236740294,29913200,QQQ
2019-06-07,174.19973754882812,174.90216644267554,171.5921380252905,171.81344379672484,45888300,QQQ
2019-06-10,176.23001098632812,177.86579138439538,175.32553947641773,175.3640216903923,41385300,QQQ
2019-06-11,176.4705352783203,178.3949686605583,175.87396562815022,178.06781850932063,41260300,QQQ
2019-06-12,175.45062255859375,176.35510877590016,175.1234723427957,175.9894616627939,27758100,QQQ
2019-06-13,176.4898223876953,176.92281705710488,175.835521941879,176.1819206138596,23715800,QQQ
2019-06-14,175.73927307128906,176.19151613493892,175.06572425806465,175.5853148619055,22844100,QQQ
2019-06-17,176.79771423339844,177.28843949945127,175.93171033286305,176.12415075000555,20379500,QQQ
2019-06-18,179.3668975830078,180.62739966610516,178.42391423038922,178.8857890210764,48177300,QQQ
2019-06-19,180.04039001464844,180.44451931770914,178.55858257009245,179.60739538153078,31672900,QQQ
2019-06-20,181.71466064453125,182.5902668322757,180.08851179516222,182.5517846179108,40922000,QQQ
2019-06-21,181.44525146484375,182.59990883120045,181.0603558878815,181.50298213082183,39980400,QQQ
2019-06-24,181.4510498046875,181.99108032614396,181.35460947668682,181.8078525317795,19375200,QQQ
2019-06-25,178.336181640625,181.43173327131953,178.066166417884,181.32565481133372,33921100,QQQ
2019-06-26,179.16552734375,180.65062585839323,178.87623581532438,179.5223447533529,22595700,QQQ
2019-06-27,179.85023498535156,180.27454888605422,179.3584246266616,179.8116676828914,19709200,QQQ
2019-06-28,180.0816650390625,180.47703503019883,179.43555610531712,180.28416910761803,21179200,QQQ
2019-07-01,182.51177978515625,183.77508305991816,181.6631668868441,183.53399700755307,31025600,QQQ
2019-07-02,183.23509216308594,183.25438317310648,181.93323592391903,182.45397547663993,18035800,QQQ
2019-07-03,184.6140899658203,184.6140899658203,183.50508510296177,183.69796575022585,15792100,QQQ
2019-07-05,184.2379913330078,184.5755030272625,182.63717617767063,183.35079629522176,21415600,QQQ
2019-07-08,182.94578552246094,183.1000694457337,182.19358334088912,183.04221113516542,17598800,QQQ
2019-07-09,183.86190795898438,184.09334119897272,181.92356628571477,182.07786492219225,19193500,QQQ
2019-07-10,185.6941680908203,186.20526948082076,184.64303615400644,184.98056260312921,28374500,QQQ
2019-07-11,185.55914306640625,186.4463381265697,184.97089240845,185.97381879974952,23736100,QQQ
2019-07-12,186.62957763671875,186.63921578378248,185.5880838794306,185.76167352967613,20211900,QQQ
2019-07-15,187.22743225097656,187.26601426163484,186.5427560664113,187.06349549249296,15606100,QQQ
2019-07-16,186.26312255859375,187.1696086858616,185.69416287096084,186.99603374986307,20190900,QQQ
2019-07-17,185.3469696044922,186.59098197890216,185.3276785985679,186.2630937370936,16765100,QQQ
2019-07-18,185.55914306640625,185.9159457768178,183.89083141602967,184.46942921280024,28877000,QQQ
2019-07-19,184.1994171142578,186.9188753641791,184.0065511787032,186.83208790038867,29387900,QQQ
2019-07-22,185.6652374267578,186.0606221862967,184.61410549847713,184.61410549847713,18954900,QQQ
2019-07-23,186.88031005859375,186.89960106829247,185.43379334049885,186.6778059583087,23786700,QQQ
2019-07-24,188.1917724609375,188.20142532075712,186.14736738181833,186.16665838673228,20422900,QQQ
2019-07-25,186.4077606201172,187.58426187161578,186.0509432145141,187.55533271909752,23434700,QQQ
2019-07-26,188.32684326171875,188.5775822655633,187.49750634882653,187.59394669103295,20431200,QQQ
2019-07-29,187.6807098388672,188.22074036985978,186.49457030009933,188.15324391084988,20451700,QQQ
2019-07-30,186.87066650390625,187.60356298923182,186.1088408622342,186.2438484967607,18705000,QQQ
2019-07-31,184.28622436523438,187.4974783316908,182.56969247651398,187.37212356323013,41627500,QQQ
2019-08-01,183.37010192871094,188.0278876584255,182.48290674896472,184.60446171920384,63251600,QQQ
2019-08-02,180.669921875,182.25144603806365,179.57056989231828,181.99106894053378,55214000,QQQ
2019-08-05,174.2859649658203,176.96684130791903,172.81051916296485,176.88969198764005,75040000,QQQ
2019-08-06,176.72573852539062,177.2464927094566,174.61383678027337,175.8964018040529,41897200,QQQ
2019-08-07,177.6804656982422,177.93118995904865,173.47592328905964,174.80672334465785,49990600,QQQ
2019-08-08,181.5474853515625,181.6053583803664,177.98906660339176,178.4808769877579,38418100,QQQ
2019-08-09,179.84056091308594,181.29671540440538,178.4326118615301,180.6795356852347,33608900,QQQ
2019-08-12,177.77688598632812,179.27160795013472,176.9571874067277,178.7315774709882,24642900,QQQ
2019-08-13,181.67286682128906,182.91686480011617,177.45868590135373,177.62262270695234,40241900,QQQ
2019-08-14,176.24359130859375,179.31985254439496,175.91571771796848,178.7508928345342,51000500,QQQ
2019-08-15,176.04104614257812,177.043957690162,174.70060822090974,176.47499811302572,36685000,QQQ
2019-08-16,178.86660766601562,179.31985074280297,177.53582230722168,177.6419007872087,32781400,QQQ
2019-08-19,181.7113800048828,182.097126533804,180.8145469152514,181.4510176519272,22494100,QQQ
2019-08-20,180.30348205566406,181.91393551301837,180.25526189046923,181.25818835349955,19902900,QQQ
2019-08-21,181.90426635742188,182.48286409694353,181.2581574551901,181.8849753516867,20418500,QQQ
2019-08-22,181.31602478027344,182.70468296778904,179.88878457936758,182.24178709546604,24243700,QQQ
2019-08-23,175.57818603515625,181.7306930931386,175.086360990358,180.08167246513594,55372400,QQQ
2019-08-26,178.2301483154297,178.27835376614777,176.5521836750958,177.57438643775848,27598900,QQQ
2019-08-27,177.85400390625,179.77305427121343,177.15968958012076,179.47410990648646,28012800,QQQ
2019-08-28,178.49050903320312,178.78945345552316,176.38824521512777,177.27544033498117,21792400,QQQ
2019-08-29,181.21958923339844,181.74034342479263,180.02379693716648,180.70848790296935,25358900,QQQ
2019-08-30,180.78564453125,182.2321611207369,179.7634418290357,182.19357910476975,26319800,QQQ
2019-09-03,179.03050231933594,180.5059478297636,178.43261359908365,179.58018559935525,27964200,QQQ
2019-09-04,181.61502075195312,181.7693194198863,180.23600031873812,180.75675464432985,21592100,QQQ
2019-09-05,184.94198608398438,185.47237849920907,183.55332765675215,183.62083883447585,33932600,QQQ
2019-09-06,184.7587432861328,185.3180648136531,184.3537203968377,185.25056835613464,19487800,QQQ
2019-09-09,184.37303161621094,185.4145254663072,183.4376162521818,185.3373761387375,24407600,QQQ
2019-09-10,183.84263610839844,183.93907644492856,182.17432423247888,183.3797548654585,23744700,QQQ
2019-09-11,185.56878662109375,185.66522694739655,183.76546729410856,184.18978118627635,25063600,QQQ
2019-09-12,186.3402862548828,187.76752672970858,186.08956197863318,186.70674187878802,28689900,QQQ
2019-09-13,185.6748504638672,186.50418717464893,185.43376438183444,186.0702351699353,27669800,QQQ
2019-09-16,184.84555053710938,185.23129717396088,184.29588181234922,184.47910962551248,20319000,QQQ
2019-09-17,185.7327117919922,185.7327117919922,184.46940844129546,184.864793122474,20953400,QQQ
2019-09-18,185.6555938720703,185.73274319227443,183.33152026312962,185.3469965912539,29781300,QQQ
2019-09-19,185.96417236328125,187.1213827115293,185.60736964054283,185.98346337159163,26039400,QQQ
2019-09-20,183.99685668945312,186.41735507613464,183.37967705583154,186.22448919963847,29086100,QQQ
2019-09-23,184.0780792236328,184.628871104922,183.32437488195436,183.9427993352393,22485900,QQQ
2019-09-24,181.63333129882812,185.32454734326717,180.84096729914705,184.91870776211306,40820700,QQQ
2019-09-25,183.6722412109375,184.15538578017572,179.9327069632422,181.44977324356117,34704900,QQQ
2019-09-26,182.99588012695312,183.59497480019672,181.64306620283486,183.43070738154623,26826000,QQQ
2019-09-27,180.72500610351562,183.43061788730188,179.48815752996728,183.3339831025817,40773500,QQQ
2019-09-30,182.4450225830078,182.7349122300639,181.08255156292404,181.459403680777,26307700,QQQ
2019-10-01,180.9569549560547,184.16502694266256,180.65740770894018,183.11177541429197,32367600,QQQ
2019-10-02,177.84548950195312,179.75873755159827,176.8502130333135,179.72975006178547,48544300,QQQ
2019-10-03,179.79742431640625,179.93270420394234,175.69069554085863,177.82618624727832,39392500,QQQ
2019-10-04,182.4450225830078,182.7059247397983,180.5800919020534,180.7733467519575,31887600,QQQ
2019-10-07,181.89427185058594,183.34370555125477,181.57539466711054,181.92325934504714,21216000,QQQ
2019-10-08,179.16934204101562,181.52709005267778,179.02440455849668,180.75405574230285,32379300,QQQ
2019-10-09,180.91831970214844,181.73967140590216,180.1452854064513,180.68641973452128,20147400,QQQ
2019-10-10,182.31942749023438,183.04414434377296,180.81201879397847,180.9666285947232,25177700,QQQ
2019-10-11,184.66749572753906,186.13625917055126,184.29064359844256,184.39693598072108,40976700,QQQ
2019-10-14,184.64816284179688,185.23759972594766,184.22299331953727,184.40659059000393,14975000,QQQ
2019-10-15,186.99627685546875,187.43110401576138,185.1023436702004,185.21829364777125,23234200,QQQ
2019-10-16,186.5324249267578,187.00591185198707,185.94298803796232,186.35849998140844,20457100,QQQ
2019-10-17,187.0252685546875,187.9432403013664,186.31020927331954,187.6533506065198,19045200,QQQ
2019-10-18,185.22793579101562,187.14118383116417,184.2809767248976,186.68702683381787,27700800,QQQ
2019-10-21,186.87062072753906,186.99624301010516,185.6627595317862,186.2135513143612,15801200,QQQ
2019-10-22,185.38258361816406,187.8659391240819,185.32459388252326,187.60503691910756,22392300,QQQ
2019-10-23,185.7400665283203,185.77871159948782,184.70613025569492,185.0056922209412,14828400,QQQ
2019-10-24,187.54702758789062,187.66299229353638,186.24254629067548,187.0638830901665,18998500,QQQ
2019-10-25,189.04476928710938,189.14140407971516,186.54208444925152,186.58072951965428,21507100,QQQ
2019-10-28,190.90972900390625,191.1609588414448,189.9241100738083,189.9241100738083,18818700,QQQ
2019-10-29,189.43130493164062,190.8807385529871,189.40231743876578,190.5908636242388,18569700,QQQ
2019-10-30,190.3493194580078,190.66819667111258,188.70661598242498,189.79852752326224,21764300,QQQ
2019-10-31,190.43621826171875,190.98699526786405,189.3346495050297,190.90003280548297,26801800,QQQ
2019-11-01,192.16590881347656,192.17558114090434,190.96771976455494,191.25759469935755,22131900,QQQ
2019-11-04,193.35446166992188,193.76995892035515,192.16591541877116,193.4414241533518,19015900,QQQ
2019-11-05,193.4607696533203,193.78930444679662,192.82301523464045,193.59604955324605,15048900,QQQ
2019-11-06,193.02589416503906,193.25780884363567,192.0885926125954,193.23847893431912,19725500,QQQ
2019-11-07,193.67330932617188,194.91983047112947,193.1128746461331,193.99218648547728,17832400,QQQ
2019-11-08,194.4463348388672,194.46566474764685,192.81330404039159,193.32545078445105,15258800,QQQ
2019-11-11,194.1854705810547,194.26276073659136,193.19985153733853,193.46075373158146,10147600,QQQ
2019-11-12,194.74591064453125,195.39333735622586,194.0501960148043,194.34974329503177,14778300,QQQ
2019-11-13,194.7942352294922,194.97783253559777,193.9439107643128,194.0695183334353,15774600,QQQ
2019-11-14,194.63961791992188,194.76524022860696,193.47041629620017,194.05985327205735,16945400,QQQ
2019-11-15,196.06973266601562,196.06973266601562,195.19040601117018,195.81848805354429,18427900,QQQ
2019-11-18,196.22434997558594,196.533554844703,194.9681710983666,195.7605205553063,18365900,QQQ
2019-11-19,196.51419067382812,196.968347686759,195.7604864277727,196.968347686759,16923300,QQQ
2019-11-20,195.3353271484375,196.59150587253438,193.85690606946528,196.00206895746436,36629000,QQQ
2019-11-21,194.90052795410156,195.25806498294364,194.29177578659767,195.12277034082828,17883600,QQQ
2019-11-22,195.026123046875,195.4996099949822,193.9728715085232,195.38364528141253,17189600,QQQ
2019-11-25,197.33555603027344,197.37420110572796,195.83780501549066,195.86679250818185,17752800,QQQ
2019-11-26,197.71241760253906,197.96364746596984,197.17129805397929,197.46118773910828,14780600,QQQ
2019-11-27,199.0941925048828,199.1038648319514,197.98296597767097,198.22453824396928,16963100,QQQ
2019-11-29,198.18589782714844,198.89128473288696,198.08926302059734,198.5917374747405,9854600,QQQ
2019-12-02,196.15663146972656,198.2631340308592,194.97775792370646,198.19550148019763,28007000,QQQ
2019-12-03,194.62025451660156,194.69755939937082,192.5137370082356,193.46071076386008,31104100,QQQ
2019-12-04,195.6058807373047,196.06971008642034,195.3256634068977,195.61555306399487,15300100,QQQ
2019-12-05,195.99240112304688,196.30160593829964,195.03576969782088,196.30160593829964,14962300,QQQ
2019-12-06,198.08924865722656,198.23418611214245,197.26789709430233,197.42250687581281,16555300,QQQ
2019-12-09,197.1905975341797,198.65934615521124,197.1036203209821,197.73171699923338,13984100,QQQ
2019-12-10,197.02633666992188,197.9733105802327,196.5818519518913,197.28723884883618,21799800,QQQ
2019-12-11,198.06991577148438,198.272842949717,197.1616017492624,197.47082130763587,18780800,QQQ
2019-12-12,199.54833984375,200.33104633380103,197.59644664292242,197.8670063884708,32612000,QQQ
2019-12-13,200.20541381835938,200.90114305549454,199.01688251508662,199.44203727609184,32519400,QQQ
2019-12-16,202.21530151367188,202.46653134364445,201.45192495301694,201.51957225977873,21296600,QQQ
2019-12-17,202.33128356933594,202.64050317318285,201.9930764706787,202.47622104338777,15996100,QQQ
2019-12-18,202.48587036132812,203.04631977131103,202.2732855939415,202.50520027047253,15443300,QQQ
2019-12-19,203.751708984375,203.81934155055808,202.553505258439,202.57283516780592,17865900,QQQ
2019-12-20,204.57308959960938,205.35578147942033,204.1479199996126,204.71802707942518,27672600,QQQ
2019-12-23,205.11341857910156,205.44266560224943,204.93911654674127,205.29741390861585,23774700,QQQ
2019-12-24,205.2199249267578,205.38454842510663,204.75510476810436,205.2973974159278,7089000,QQQ
2019-12-26,207.0308380126953,207.0502098328061,205.520161124179,205.5492114661605,17067500,QQQ
2019-12-27,206.85653686523438,207.77649884353323,206.30455081243343,207.75712702333774,18134100,QQQ
2019-12-30,205.50079345703125,206.87589708642446,204.48398721113412,206.75000242676649,21815500,QQQ
2019-12-31,205.8881378173828,206.0333895174086,204.52271273166718,204.84228124809223,18170900,QQQ
2020-01-02,209.32589721679688,209.32589721679688,207.21481233008035,207.62153185290808,30969400,QQQ
2020-01-03,207.40846252441406,208.65768606580536,206.53692290010494,206.5562947160398,27518900,QQQ
2020-01-06,208.74485778808594,208.773908126688,205.52983051305864,205.7816050397326,21655300,QQQ
2020-01-07,208.7158203125,209.30653519442708,208.05732622844675,208.82234315272845,22139300,QQQ
2020-01-08,210.28465270996094,211.2433585223599,208.3575773376667,208.68682446566834,26397300,QQQ
2020-01-09,212.06642150878906,212.47314102335272,210.82689114734714,212.01799935259558,23547000,QQQ
2020-01-10,211.52406311035156,212.91853812526946,211.14639402517497,212.89918108854732,21898500,QQQ
2020-01-13,213.9644775390625,213.9935278817994,212.05675955870063,212.39569992579078,22756900,QQQ
2020-01-14,213.1219482421875,214.21622686879826,212.79270123508286,213.85791474801556,24418100,QQQ
2020-01-15,213.20912170410156,214.20655612712258,212.51188398248337,213.2381720444716,25742100,QQQ
2020-01-16,215.25238037109375,215.2911240033455,213.819176281471,214.2743179140482,18805000,QQQ
2020-01-17,216.317626953125,216.49192898393736,215.09745363196876,216.22078264065095,24325200,QQQ
2020-01-21,216.2208251953125,216.76311798861454,215.62043171363814,215.71726126880185,21146300,QQQ
2020-01-22,216.79214477539062,218.0316752472093,216.52099840820335,217.3150804666581,20736400,QQQ
2020-01-23,217.48936462402344,217.5862089370685,215.65911940786515,216.66624706861063,26496100,QQQ
2020-01-24,215.6591033935547,218.73857204802985,214.66166910400128,218.50615457980095,37436500,QQQ
2020-01-27,211.20455932617188,212.34724536983114,210.31363303024793,210.78814651651533,42264400,QQQ
2020-01-28,214.4486541748047,214.9425395185008,212.13421678644698,212.69588133285774,26731900,QQQ
2020-01-29,214.7972869873047,215.8818725121179,213.84827465309314,215.6397764734457,28924500,QQQ
2020-01-30,215.5623016357422,215.65913117770427,212.7443004229254,213.41248780084774,39568100,QQQ
2020-01-31,212.14390563964844,216.4919406638792,211.38855246960722,216.4628903238432,52015800,QQQ
2020-02-03,215.34925842285156,215.84312898870897,213.03482104138337,213.18007274417423,25408600,QQQ
2020-02-04,220.27833557128906,220.6560047846559,217.54748527742967,218.29314518251715,30691200,QQQ
2020-02-05,221.00457763671875,222.97039579648512,219.67789640536782,222.93166694159592,38534800,QQQ
2020-02-06,222.91232299804688,222.97042367582827,220.7721877827705,221.55657648555456,22467100,QQQ
2020-02-07,221.95362854003906,223.15443012067564,221.31449149987597,221.91489967837848,25884900,QQQ
2020-02-10,224.6360321044922,224.64571062476057,221.1595371768307,221.2176378511745,21478900,QQQ
2020-02-11,224.67477416992188,226.6212355330673,224.08405931875535,225.8755756902973,30198000,QQQ
2020-02-12,226.86331176757812,226.96983459297488,225.43978618107906,226.00145064441043,24471300,QQQ
2020-02-13,226.57284545898438,227.50248598750747,225.01374635407836,225.28489273959508,22773200,QQQ
2020-02-14,227.22164916992188,227.4346948582853,226.1661140261743,226.9311309788473,23438500,QQQ
2020-02-18,227.3087921142578,227.73488347583853,225.87558780596967,226.11768382719794,24394500,QQQ
2020-02-19,229.48765563964844,229.96216915937208,228.3933916748013,228.664538035681,22230500,QQQ
2020-02-20,227.3572235107422,229.4586152872137,224.5489154609471,228.9841165232044,42604000,QQQ
2020-02-21,222.9897918701172,226.6115386390657,222.06983000867075,226.22419094257273,66017200,QQQ
2020-02-24,214.39053344726562,217.16011228191576,213.29625479740753,214.67135830602862,84522600,QQQ
2020-02-25,208.56088256835938,216.90836370557102,207.95081062252615,216.1917541394346,97743000,QQQ
2020-02-26,209.63577270507812,213.31563500995142,208.105724149712,209.85851167311768,79537700,QQQ
2020-02-27,199.13848876953125,209.57766729617072,199.00291559813468,204.2321833821372,121822600,QQQ
2020-02-28,199.29342651367188,200.62010784099252,191.90465200024622,192.35979365403898,148173700,QQQ
2020-03-02,209.57763671875,209.72290316600245,199.42897783332822,202.27602879363863,112933900,QQQ
2020-03-03,202.8571014404297,212.666837310281,201.05590638510753,210.24587700884635,131953500,QQQ
2020-03-04,211.32077026367188,211.42729310107876,204.6873335575573,206.57569429125851,73086200,QQQ
2020-03-05,204.90040588378906,209.519602577445,203.45752290694557,205.96563439641244,78705500,QQQ
2020-03-06,201.4432830810547,202.53754716640998,196.49483928548995,198.19919013819583,89828400,QQQ
2020-03-09,187.45013427734375,194.80016671454425,186.03628686191314,187.36296847042271,116424000,QQQ
2020-03-10,197.65684509277344,197.84084040420345,187.5565929910878,194.7516932946981,100599200,QQQ
2020-03-11,189.04794311523438,194.40310594751983,186.63666141312987,193.047374132904,89168800,QQQ
2020-03-12,171.71383666992188,184.74827541811018,171.3458460671371,176.33301713788424,137820700,QQQ
2020-03-13,186.2589874267578,188.3313287338127,172.4982581444503,181.1556140456318,134882000,QQQ
2020-03-16,163.94741821289062,178.84115445357352,163.81184504058996,168.64407186331016,92054400,QQQ
2020-03-17,176.38145446777344,178.56031838499297,164.41222809145955,169.9223352063356,121257100,QQQ
2020-03-18,171.01658630371094,173.5537471507562,161.5264220355671,166.18434578511508,114156300,QQQ
2020-03-19,172.0431365966797,177.68881812715324,166.20378118589488,170.13541858405569,120896500,QQQ
2020-03-20,165.30316162109375,177.08839425270043,164.72214003146195,175.99413027619465,118983900,QQQ
2020-03-23,165.42251586914062,169.0616946212016,160.05592664620696,165.86891350366062,124639800,QQQ
2020-03-24,178.23243713378906,178.39741147417485,172.69117397158644,174.5932580750684,94881800,QQQ
2020-03-25,176.91261291503906,183.9095323119676,174.66116721652728,178.96995723358128,88754900,QQQ
2020-03-26,186.22889709472656,187.02467127115113,178.18389263562278,178.4362036924166,79887600,QQQ
2020-03-27,179.82398986816406,184.88001488274273,179.20290383543679,181.40580979697287,58845000,QQQ
2020-03-30,186.36476135253906,186.80147464404678,180.8332126746207,181.53193617160576,49356900,QQQ
2020-03-31,184.7732391357422,189.4799164797652,183.6087048385391,186.05423722816548,62659300,QQQ
2020-04-01,176.9223175048828,182.11421861384443,175.51517130394248,179.30962535811818,53715400,QQQ
2020-04-02,180.5129852294922,184.48212788173154,175.62193496077666,175.883960006129,56465300,QQQ
2020-04-03,177.9509735107422,181.54164151409825,175.9324407049592,180.06655700066926,47487600,QQQ
2020-04-06,190.67356872558594,191.80899080990113,183.5990111824351,184.8508822575957,64763500,QQQ
2020-04-07,190.595947265625,196.67096013858983,190.20777405803778,196.38952197640924,69904500,QQQ
2020-04-08,194.64266967773438,195.2249293154428,190.3726916286012,192.29417360639127,45940400,QQQ
2020-04-09,194.92416381835938,197.2144214315513,193.1482424023459,196.37013650559035,68252600,QQQ
2020-04-13,197.03001403808594,197.4084880846765,192.8764986726815,194.08955841276125,42853900,QQQ
2020-04-14,205.5990447998047,206.22013071883185,200.31980708414557,201.10586733080504,63959600,QQQ
2020-04-15,203.24085998535156,205.56994341059726,200.9991281093472,202.31893760796262,47036000,QQQ
2020-04-16,206.947998046875,208.03489486902848,203.49320616972264,205.43410181377305,64657400,QQQ
2020-04-17,208.92767333984375,210.11162068743135,205.81254459691647,209.78167203196762,62863200,QQQ
2020-04-20,206.45303344726562,209.50023840297064,206.2880591276595,207.0547062373416,38249100,QQQ
2020-04-21,198.83505249023438,204.91976444466152,197.61229357252026,204.37631603678858,72932800,QQQ
2020-04-22,204.7353515625,206.07457412118507,202.1733702379655,202.92061910991293,40089100,QQQ
2020-04-23,204.29864501953125,208.10279806029448,203.89105878029122,205.531102882999,43278500,QQQ
2020-04-24,207.52052307128906,207.96693550821777,203.3087838008514,204.73534303887965,34231900,QQQ
2020-04-27,209.189697265625,210.22808337974843,208.1610251052245,209.8010840359166,36451700,QQQ
2020-04-28,205.2497100830078,210.8977233973193,204.9682867359403,210.8977233973193,46862800,QQQ
2020-04-29,212.52804565429688,213.46938110506545,208.7821169513635,209.801089994839,48716400,QQQ
2020-04-30,212.44068908691406,213.53728481288707,210.92679319007286,213.44994808218976,43359500,QQQ
2020-05-01,206.45303344726562,210.26688551265275,205.4243465243037,208.16101593953118,48795000,QQQ
2020-05-04,208.85977172851562,209.08297057100182,204.88092992009257,205.21089341820976,32841000,QQQ
2020-05-05,211.22767639160156,213.63438284283538,210.44161602540663,211.01417668623273,37783100,QQQ
2020-05-06,212.52804565429688,214.50775244082516,211.66434779623523,212.91621880997485,36455200,QQQ
2020-05-07,215.2647247314453,216.14782092061475,213.9060890111293,215.2647247314453,38624800,QQQ
2020-05-08,218.2148895263672,218.3507516239522,215.90521905956368,216.94360529728056,31852300,QQQ
2020-05-11,220.16546630859375,221.1941385076354,216.65245035159717,216.88536313185176,35714100,QQQ
2020-05-12,215.55581665039062,221.3591039728858,215.52670440695465,220.7671303432619,41054100,QQQ
2020-05-13,212.8579864501953,217.97224977083428,210.3057191706238,216.0798797930969,65521200,QQQ
2020-05-14,215.2744140625,215.31322545486177,209.60700307485536,211.52848536568115,51549300,QQQ
2020-05-15,216.67189025878906,216.7301147590921,211.87787562905697,212.3145741891884,55747200,QQQ
2020-05-18,220.7089080810547,221.9219676773526,218.80683892645916,219.59289917560318,42398100,QQQ
2020-05-19,220.15577697753906,223.05742107849832,220.01021573830093,220.9709495329876,36237300,QQQ
2020-05-20,224.55186462402344,224.9109254895984,222.69830619497856,222.71771929275027,37417000,QQQ
2020-05-21,222.10638427734375,225.27975274425827,221.59204812558755,224.60044224268012,43642900,QQQ
2020-05-22,222.87306213378906,223.0768478947788,220.77689117359526,221.69881369164938,28762400,QQQ
2020-05-26,222.27134704589844,226.6674889944546,222.0287351074146,226.46368845067084,33055300,QQQ
2020-05-27,223.484375,223.6008387832757,217.32204152237384,221.93166769892696,55665600,QQQ
2020-05-28,223.1933135986328,226.57046808007664,222.28109022075867,222.33931472439158,42784300,QQQ
2020-05-29,226.46363830566406,226.69655104586425,221.99957370287967,223.57170878548607,50691800,QQQ
2020-06-01,227.1429901123047,227.5214641293547,225.14387018594522,225.5902826509089,25776000,QQQ
2020-06-02,228.6665802001953,228.7248046888415,225.15354970403476,227.5699696378403,33383400,QQQ
2020-06-03,229.69525146484375,230.45219943013527,228.3948551970717,229.2779512846747,37228700,QQQ
2020-06-04,228.08432006835938,230.76275036982577,226.77420975985513,229.34590503064928,38716100,QQQ
2020-06-05,232.6066131591797,233.19858685250716,228.66659783972602,229.23915843272198,47365600,QQQ
2020-06-08,234.41163635253906,234.5377844795985,230.87920744560628,232.4610270696082,32937300,QQQ
2020-06-09,236.1099395751953,236.963923522375,233.3635706769349,233.5479581179413,35046300,QQQ
2020-06-10,238.9436492919922,240.49637163529522,237.28417710248885,237.80822718669316,58084400,QQQ
2020-06-11,227.10418701171875,236.39136429592057,227.0459625158707,235.00363111868367,72919400,QQQ
2020-06-12,228.90919494628906,233.2956076343833,224.89154229347784,232.0243235903276,72034800,QQQ
2020-06-15,231.69439697265625,232.37370742629258,224.62953863912384,225.57087412768323,45307400,QQQ
2020-06-16,235.67320251464844,237.1676852837338,232.034024062031,236.57571166312715,48890100,QQQ
2020-06-17,236.42042541503906,238.2448715322926,235.55672769507729,237.1773733130795,34749300,QQQ
2020-06-18,237.06097412109375,237.30358605750453,235.32387917184968,236.1002255220783,30578600,QQQ
2020-06-19,237.0221405029297,239.70057069893986,235.28503090870396,239.43854568598422,49422100,QQQ
2020-06-22,239.86468505859375,239.9910525690627,236.59830964213947,236.88993838445896,24068700,QQQ
2020-06-23,241.90614318847656,244.1517733459993,240.9145758680168,241.4686852725552,32767400,QQQ
2020-06-24,236.9191436767578,242.38254031190246,235.41233072036584,241.14792410243948,46032400,QQQ
2020-06-25,239.1744384765625,239.47579803585867,234.42069761580242,237.0065809852582,36940800,QQQ
2020-06-26,233.52630615234375,239.1063672351061,233.0013448662498,238.93137519520639,52824600,QQQ
2020-06-29,236.07333374023438,236.08306458678638,230.73632041304379,233.28331016359948,34377800,QQQ
2020-06-30,240.7007598876953,241.24515340371332,235.82063544005837,236.00534356162393,38909200,QQQ
2020-07-01,243.51019287109375,244.5114911101583,240.19520771702918,240.73960114794485,34689200,QQQ
2020-07-02,245.16282653808594,247.18486993064369,244.69620570399076,245.9697006923476,31956500,QQQ
2020-07-06,251.19007873535156,251.71501048779712,248.31253660826306,248.3319834695566,34589000,QQQ
2020-07-07,249.45965576171875,253.6106929900717,249.1582961550463,250.93732058640288,36578200,QQQ
2020-07-08,252.74539184570312,252.77455471163287,249.3526498846391,250.79142049399312,30426300,QQQ
2020-07-09,254.87435913085938,255.5451346856883,250.45115654033896,254.67021907810494,40312900,QQQ
2020-07-10,256.6145324707031,256.8672971187128,252.0357839402012,254.72858779065876,32885300,QQQ
2020-07-13,251.33592224121094,262.2724466929858,250.50960112696592,259.472691686576,64108100,QQQ
2020-07-14,253.11489868164062,253.5232086182678,245.71694742159082,248.79861497315505,72230500,QQQ
2020-07-15,253.6300811767578,255.3702115837204,250.31509640915755,254.53415984049965,54523900,QQQ
2020-07-16,251.89967346191406,252.54128626718534,248.49720019188342,250.83031878646193,47594100,QQQ
2020-07-17,252.19137573242188,253.05656080189985,250.00407110661274,252.3566221349522,35137900,QQQ
2020-07-20,259.3462219238281,259.9781038568745,251.5788713354217,252.8329043562147,40610100,QQQ
2020-07-21,256.6437072753906,260.9308273092611,255.7979543504418,260.92109646320444,43243800,QQQ
2020-07-22,257.54779052734375,258.4810617489902,255.23410383290144,257.13951032668575,29865500,QQQ
2020-07-23,250.82064819335938,257.84916770407335,249.40130923867756,257.1395278939486,51363500,QQQ
2020-07-24,248.4389190673828,249.7707398112127,244.3170744878419,246.96126911419944,54054500,QQQ
2020-07-27,252.87181091308594,253.26065907107787,249.3040912378138,250.09151839959156,36445700,QQQ
2020-07-28,249.65403747558594,252.609336780189,249.36240878347883,252.08437546718443,31302400,QQQ
2020-07-29,252.53160095214844,253.3968156942138,250.72344335718893,251.19978020736727,27556900,QQQ
2020-07-30,253.85372924804688,254.41755474312737,249.40133237087304,250.5581759044257,41774500,QQQ
2020-07-31,258.3838806152344,258.53942584191464,253.58152928514835,258.50053211843993,53686300,QQQ
2020-08-03,261.87384033203125,262.6223739142155,260.4059063759267,260.53228872542155,32081600,QQQ
2020-08-04,262.84600830078125,262.94322778683824,260.6198096391299,261.3683433140473,24911300,QQQ
2020-08-05,263.4972839355469,263.9541887526622,262.4376599271767,263.332037533928,21612100,QQQ
2020-08-06,266.9872131347656,267.3177355273079,262.66119982934174,263.30281259152747,28048200,QQQ
2020-08-07,263.905517578125,267.2205018391692,261.74737646293994,266.44277595650266,44969400,QQQ
2020-08-10,262.7778625488281,264.4013413802863,259.23930586110686,264.1971716286627,35088400,QQQ
2020-08-11,257.800537109375,262.9042469301223,257.2561437685389,261.6112904952276,43104300,QQQ
2020-08-12,264.2846984863281,265.23740179682113,259.9198203165459,259.96844488372733,38773400,QQQ
2020-08-13,264.8874206542969,267.1719147326195,263.94444828559546,265.06239787721967,31895700,QQQ
2020-08-14,264.5762939453125,265.7817319829553,263.1764170196329,265.50953534002923,30799500,QQQ
2020-08-17,267.6483154296875,268.15381513856744,264.6152578419739,266.2970330340032,24803000,QQQ
2020-08-18,270.2245178222656,270.70085474438,267.249785436839,268.7177195989105,23529500,QQQ
2020-08-19,268.40655517578125,271.2451735631831,267.89132466707525,270.1855496742297,31999400,QQQ
2020-08-20,272.12982177734375,272.61588941728496,267.2010887882086,267.6093986593335,27723400,QQQ
2020-08-21,274.01580810546875,274.4727129429204,271.67295816595856,272.3243019557288,34748900,QQQ
2020-08-24,275.7267150878906,278.0306707949268,273.4324605592758,277.30156938549953,36418500,QQQ
2020-08-25,277.89453125,278.0889701409447,274.5017891736441,274.9489630221656,34866600,QQQ
2020-08-26,283.8246154785156,284.07738015144696,277.8654213092235,279.14864703257695,42216700,QQQ
2020-08-27,282.93994140625,285.6619377984508,280.66514857167834,284.80645406567953,49482700,QQQ
2020-08-28,284.3787841796875,285.0106662935828,282.8233615143316,284.1843452213106,28021000,QQQ
2020-08-31,286.6632995605469,288.4811880629162,284.4662640012502,284.9037368104404,36321000,QQQ
2020-09-01,291.5628356933594,291.67948718399083,287.54791210990743,289.32690667646744,36216200,QQQ
2020-09-02,294.3236999511719,295.04307059684464,288.6172703506332,294.8291996390479,50836800,QQQ
2020-09-03,279.40142822265625,290.2990573343931,276.4850221338362,289.7935576258624,110083300,QQQ
2020-09-04,275.67816162109375,280.8790922830429,264.2264070504385,277.6030005185715,123959000,QQQ
2020-09-08,262.4279479980469,270.4674966132915,262.1460204414466,264.6346845488834,99568600,QQQ
2020-09-09,270.1369934082031,272.24651064152835,265.39296784430456,267.959419575811,64837900,QQQ
2020-09-10,264.7513427734375,274.3366129365597,263.02094300369805,273.1117128783876,69667500,QQQ
2020-09-11,262.9140625,267.5511382369566,259.4629636135234,266.5109461133942,71809000,QQQ
2020-09-14,267.4927673339844,269.4953637881048,265.35405769015847,266.715041251131,38525200,QQQ
2020-09-15,271.28411865234375,272.63540117980824,267.4636334208995,271.25495577528005,41849900,QQQ
2020-09-16,266.95806884765625,272.5478469975981,266.608114368967,272.0812410260125,42321000,QQQ
2020-09-17,262.78765869140625,266.7539582244338,259.24907145721,260.094824541422,81570800,QQQ
2020-09-18,259.4337463378906,264.50829386048,255.3119021026219,264.2166651333489,86251100,QQQ
2020-09-21,260.055908203125,260.1919917101181,252.86208367517415,255.15633827432305,57168600,QQQ
2020-09-22,264.8874206542969,265.47067806403953,259.11293496013974,262.4667837350124,41128900,QQQ
2020-09-23,256.7992248535156,264.75128326253576,255.91457830671115,264.56657521060896,48837300,QQQ
2020-09-24,257.9949645996094,261.2127296089125,253.94114792495643,254.10642395588732,70631700,QQQ
2020-09-25,263.9930419921875,264.8096320293641,256.93533069394374,258.50048384894194,55242400,QQQ
2020-09-28,269.47589111328125,269.47589111328125,264.09998460793304,268.8731423647828,58438300,QQQ
2020-09-29,268.2607421875,269.97168010534807,267.69688711187064,268.9120562109856,27050000,QQQ
2020-09-30,270.0980224609375,273.2574616510047,268.18291505750074,268.4551117087258,49380800,QQQ
2020-10-01,274.3852233886719,274.997673452468,272.04237345706724,273.9380494005107,50020200,QQQ
2020-10-02,266.6664123535156,274.3754376010863,265.8206594508497,268.32875528865947,75497400,QQQ
2020-10-05,272.3534240722656,272.6742156616418,268.5329395354405,268.6398601761611,28184600,QQQ
2020-10-06,267.4927673339844,273.35474232681577,266.60812060254807,271.6632363058367,49704200,QQQ
2020-10-07,272.1201477050781,272.9172761669035,269.5536960702726,270.1467140770249,27539700,QQQ
2020-10-08,273.5685729980469,274.5990339472393,272.4992183336362,274.5309773624104,25443300,QQQ
2020-10-09,277.7488098144531,277.8265972637325,274.8324034780847,275.2212517228233,30201100,QQQ
2020-10-12,286.322998046875,289.1713472495438,281.4039959856552,282.45388901693576,79370700,QQQ
2020-10-13,286.3133239746094,288.7728254929208,284.94260942084725,288.13124219876977,64240000,QQQ
2020-10-14,283.9218444824219,288.0923133898429,282.1720127406648,287.12017805170757,36949100,QQQ
2020-10-15,282.0164794921875,282.60946783334623,278.5556799149647,279.19729282542295,42514200,QQQ
2020-10-16,280.47076416015625,285.0981080023014,280.1207800261233,283.6690679283646,40570700,QQQ
2020-10-19,275.8919982910156,283.35802026732017,274.91016176895283,282.3955861046902,36756800,QQQ
2020-10-20,276.4849853515625,279.60553114463636,275.0656762173091,276.63079970316164,32195400,QQQ
2020-10-21,276.2711486816406,279.3139370870211,275.7850810045439,276.7377843318515,29306100,QQQ
2020-10-22,276.2613525390625,278.01121356335386,272.99499276125397,277.107105350559,32196200,QQQ
2020-10-23,276.8057556152344,276.9710316457983,273.9282438520882,276.83491848330914,24658500,QQQ
2020-10-26,272.6547546386719,277.35015449618777,269.048141434075,274.51153638925064,38421100,QQQ
2020-10-27,274.7838134765625,275.6101345533909,272.3923685448835,273.6561327796422,30559100,QQQ
2020-10-28,264.0707702636719,270.87571538281446,263.81800566574054,270.2632655753386,53413500,QQQ
2020-10-29,268.6885070800781,271.7021029700371,264.9263183067628,265.39295396095815,43246300,QQQ
2020-10-30,261.87384033203125,267.5705395691209,259.6282099182605,266.6956236374418,65838300,QQQ
2020-11-02,262.45709228515625,265.8984297990548,259.5309556132236,264.2749805030707,39987400,QQQ
2020-11-03,266.9969177246094,269.1064640909001,263.2930851111405,264.381871751596,43604100,QQQ
2020-11-04,278.9153747558594,280.7235323828148,274.0158039701187,275.68787806628,75728200,QQQ
2020-11-05,286.18695068359375,287.1590860701331,283.86353286950015,285.3508988242167,52054200,QQQ
2020-11-06,286.4007873535156,287.12988888162175,281.75398146774154,285.5258714532318,40959800,QQQ
2020-11-09,280.5486145019531,290.80466307450564,280.0917095747009,289.35616082964555,86537100,QQQ
2020-11-10,275.5225830078125,278.67229169457295,272.8005865331784,277.2238196792539,69024900,QQQ
2020-11-11,281.68597412109375,282.16231099239417,275.48374527741714,278.059898255704,36102900,QQQ
2020-11-12,280.3638610839844,283.9316112802586,279.245911237019,282.6581161994308,34414600,QQQ
2020-11-13,282.8233642578125,283.44554519687813,279.8486321025526,282.08456147669716,24806900,QQQ
2020-11-16,285.030029296875,285.3313888109583,281.909454198591,282.5219040714731,30168400,QQQ
2020-11-17,284.1259460449219,285.5549859847698,283.484333248744,285.22446357471676,21843500,QQQ
2020-11-18,282.0261535644531,285.1953240901336,281.93866494878404,283.5718747762501,28069600,QQQ
2020-11-19,284.23291015625,284.5440005574916,280.80127389819023,281.47204959646143,22718400,QQQ
2020-11-20,282.2886047363281,284.9036506181144,282.2011161344019,284.15508757850705,25907300,QQQ
2020-11-23,282.2984313964844,284.59265684935104,280.04307000174697,283.2899988887407,26875600,QQQ
2020-11-24,286.26470947265625,286.76050801505323,281.5595777452429,283.3677353303321,24516800,QQQ
2020-11-25,288.024169921875,288.6657826115863,286.38125932258555,287.3339623468006,23326800,QQQ
2020-11-27,290.67822265625,291.8059033082823,289.5991369085356,289.9977159924864,17163100,QQQ
2020-11-30,291.2711486816406,291.6114019406954,286.5660177960969,290.99895200783936,27836200,QQQ
2020-12-01,295.0041809082031,296.6373908206114,292.4474602264472,293.5557087503237,27521300,QQQ
2020-12-02,295.38330078125,295.72355405119663,291.9808274162103,293.8278784523606,23620000,QQQ
2020-12-03,295.80133056640625,297.35675299388424,295.07222908482737,295.69440992270466,22828700,QQQ
2020-12-04,297.00677490234375,297.1526189354008,295.16945455831205,295.8499314879766,19332100,QQQ
2020-12-07,298.68853759765625,299.0579537171916,297.0067330361128,297.19144109588046,20851000,QQQ
2020-12-08,299.6995849609375,300.00094451549444,296.452656781327,298.21221921298394,18341500,QQQ
2020-12-09,292.9140930175781,299.76763520633625,291.844738224389,299.48573732188953,48839300,QQQ
2020-12-10,294.09039306640625,295.2180737002066,289.78384032736415,290.87262723800774,27519500,QQQ
2020-12-11,293.43902587890625,293.5654082058919,290.15320404613044,292.4279969302338,26760400,QQQ
2020-12-14,295.5679931640625,297.52196473342866,294.566695099327,294.63472201593504,28804800,QQQ
2020-12-15,298.7275085449219,298.7275085449219,295.6360952895233,297.83313088390923,25709000,QQQ
2020-12-16,300.3703918457031,301.1578191077199,298.076136987232,299.1260597813987,25461900,QQQ
2020-12-17,302.33404541015625,302.56734836326723,300.76892198768365,301.9743601350395,23730500,QQQ
2020-12-18,301.4201965332031,303.2867089156162,299.0384537519127,302.97561857401274,41173400,QQQ
2020-12-21,300.8564147949219,301.3920465066312,295.6752732026773,298.4606056571522,37095500,QQQ
2020-12-22,301.6744689941406,302.59965369418234,298.84042398554806,301.7621161938715,26176300,QQQ
2020-12-23,300.1551818847656,302.0834796595455,299.999354738755,301.7231423873286,21201300,QQQ
2020-12-24,301.4797058105469,301.927690335828,300.34026238652854,300.4181611087976,16785000,QQQ
2020-12-28,304.51824951171875,304.99547947559404,302.2588002799989,304.0994807385356,22497700,QQQ
2020-12-29,304.79083251953125,306.47568522654757,303.8851153364161,305.8523768074266,25871900,QQQ
2020-12-30,304.8006896972656,306.2810031391049,304.17738105586477,305.95963005406446,18138100,QQQ
2020-12-31,305.55059814453125,306.03754690410165,303.6223000780683,304.70331205823766,21611400,QQQ
2021-01-04,301.2362060546875,307.0601232765859,297.2140049887485,306.8847991545159,45305900,QQQ
2021-01-05,303.7197265625,303.99244645434663,300.2429343144498,300.2429343144498,29323400,QQQ
2021-01-06,299.512451171875,303.73916283579405,297.9931734206412,298.9865381899883,52809600,QQQ
2021-01-07,306.7582092285156,307.59574671409126,302.1516638948811,302.18087962761075,30394800,QQQ
2021-01-08,310.7024841308594,311.05310264728894,306.85557753973075,309.05659515884645,33955800,QQQ
2021-01-11,306.21282958984375,308.9105146530886,305.56030526312213,307.73210713634137,32746400,QQQ
2021-01-12,305.7258605957031,307.34250399679166,303.0768586893234,306.25174375080957,29266800,QQQ
2021-01-13,307.7904968261719,308.58906998741134,305.384969417216,305.98878096002517,22898400,QQQ
2021-01-14,306.14459228515625,309.24157826350626,305.66736244451624,308.238465331362,23500100,QQQ
2021-01-15,303.7197265625,306.8946426181476,302.47313867848493,305.9304933928311,35118700,QQQ
2021-01-19,308.1508483886719,308.65726428532884,304.9467179484526,306.04722665327176,24537000,QQQ
2021-01-20,315.3187255859375,316.26340717814026,308.24825123083036,311.7835032688777,30728100,QQQ
2021-01-21,317.84112548828125,318.59104547064925,315.2798004185091,316.6627180144025,25130600,QQQ
2021-01-22,316.9256286621094,317.938460315083,316.2341402755232,316.79901727524197,21609400,QQQ
2021-01-25,319.54547119140625,321.69780590880026,313.02037624912305,320.32460696726974,39080600,QQQ
2021-01-26,320.012939453125,321.152412475377,318.6787047856862,320.26616228495647,25498100,QQQ
2021-01-27,311.092041015625,317.75349570079464,309.0760662537869,317.7437769370158,55264000,QQQ
2021-01-28,312.9327087402344,317.899591250462,311.67637281636166,312.29968139660485,42836300,QQQ
2021-01-29,306.34918212890625,312.3483940390181,304.5961785922271,311.23813667039406,55259000,QQQ
2021-02-01,314.0040283203125,315.0947887069185,307.77106087514983,309.80650297533276,35646000,QQQ
2021-02-02,319.1266784667969,320.28561869806424,316.8185464885381,316.98412211628573,33930800,QQQ
2021-02-03,317.8606262207031,321.58092128191504,317.80219475657844,321.21083552846613,24824500,QQQ
2021-02-04,321.6198425292969,321.70748972187357,317.9385118361377,319.26302765071216,22350900,QQQ
2021-02-05,322.7105712890625,323.7234327283252,320.92835243858605,322.57424113201864,22732000,QQQ
2021-02-08,324.8727111816406,325.02853834634135,322.75937027505853,324.40525940853115,20462800,QQQ
2021-02-09,324.8045654296875,326.0706202939953,323.9280339010203,323.9377823867589,17597500,QQQ
2021-02-10,324.0643615722656,326.70361521841494,320.8991950054441,326.2458822491427,28068700,QQQ
2021-02-11,325.8465576171875,326.2556075755618,323.4507784923899,325.6030832831759,22046100,QQQ
2021-02-12,327.66778564453125,327.8333315555061,323.94749051699705,324.9992866109807,20346800,QQQ
2021-02-16,326.7815856933594,329.36240820488695,325.6128967684065,328.46640939962384,27080800,QQQ
2021-02-17,325.2135009765625,326.8983539155974,321.5516675333959,323.79161931598696,31360300,QQQ
2021-02-18,323.79168701171875,325.155137500137,319.7889530296216,321.61016623024955,32236200,QQQ
2021-02-19,322.3794860839844,325.2719623663141,321.3569057676104,325.1453509570322,39157700,QQQ
2021-02-22,314.02349853515625,319.24357464063485,313.8189883909842,317.97751983443806,47256900,QQQ
2021-02-23,313.08856201171875,314.76366680966913,302.88210606595226,308.7254907488967,97241900,QQQ
2021-02-24,315.66937255859375,315.98102686312757,307.71261763409785,310.42005124763074,58206300,QQQ
2021-02-25,304.6642150878906,315.5718744380013,303.1157222736822,313.0008015626491,110182600,QQQ
2021-02-26,305.940185546875,310.7804277579102,302.76527007583536,307.6055420078647,104739800,QQQ
2021-03-01,315.1434326171875,315.48430262598623,309.6409186613945,310.93618902964437,49164500,QQQ
2021-03-02,310.08892822265625,315.864132708995,309.8357351072908,315.78623399372646,48370000,QQQ
2021-03-03,301.0901184082031,309.93309356606443,301.03168694291907,308.98841191598655,86301100,QQQ
2021-03-04,296.1622314453125,303.8949798620542,292.2763602657858,300.7200645468853,139131600,QQQ
2021-03-05,300.62261962890625,301.5283370095682,289.6857716730913,298.79168789961903,121523700,QQQ
2021-03-08,292.11077880859375,301.96661541311033,291.6920100735732,300.07725214233267,88409800,QQQ
2021-03-09,303.6319580078125,305.54081816198806,298.90857976314214,299.44421140295395,80391100,QQQ
2021-03-10,302.7652282714844,308.20931116744356,302.0737694398089,307.90740535131806,76798100,QQQ
2021-03-11,309.73828125,311.5107516086282,306.6315467296954,307.5275155314662,53484800,QQQ
2021-03-12,307.22564697265625,309.92336162956025,303.26190738141264,305.6674052823379,69315600,QQQ
2021-03-15,310.5077209472656,310.6732965963562,305.90120488123756,307.5470940026406,42955700,QQQ
2021-03-16,312.2120666503906,315.7376007825807,310.7707172832913,312.70876391661807,54925900,QQQ
2021-03-17,313.49755859375,315.39667036052094,307.4399157415801,309.1637331141538,78258700,QQQ
2021-03-18,303.8949890136719,309.5825469368337,303.43725599261467,308.5989009356059,82718100,QQQ
2021-03-19,304.9662170410156,306.5147101929367,301.5770437124228,303.7293484394466,78446200,QQQ
2021-03-22,310.6853332519531,312.76235941958777,307.3699059729924,307.3699059729924,56194800,QQQ
2021-03-23,309.3299255371094,313.10366394207114,308.51082206427895,311.77750491706786,53455400,QQQ
2021-03-24,304.1129455566406,310.74382903577254,303.96668241369787,310.70481561147994,64803700,QQQ
2021-03-25,303.58642578125,305.10765203053546,299.7444508812324,302.26026669024355,78729000,QQQ
2021-03-26,308.1402587890625,308.4620377377171,301.96771543302066,303.3718715129491,63519600,QQQ
2021-03-29,308.0525207519531,309.10564531941867,304.69807989479847,307.6039704508594,54608000,QQQ
2021-03-30,306.5021057128906,307.0774274096092,303.79125225183543,306.082807998787,44635700,QQQ
2021-03-31,311.1924133300781,312.76235416708215,307.9549832053973,308.2962837486454,55032500,QQQ
2021-04-01,316.4971008300781,316.633603188828,314.780867118759,315.0344097602564,55685600,QQQ
2021-04-05,322.8159484863281,323.58630754733116,318.74968345702473,318.9934653331686,42172500,QQQ
2021-04-06,322.5916442871094,324.55163006866746,321.81152453453893,322.50388639466877,33537200,QQQ
2021-04-07,323.3716735839844,324.21029844077117,321.177637409215,322.11375117806426,32046400,QQQ
2021-04-08,326.74560546875,326.9308820153826,325.43893860622296,326.23855004342494,29940800,QQQ
2021-04-09,328.7251281738281,328.92992631948005,324.63937243369855,325.38044889710596,36664900,QQQ
2021-04-12,328.2962341308594,328.71553187206774,326.40448413734515,327.68189895914145,25833000,QQQ
2021-04-13,332.12841796875,332.59646010288134,329.6125724636806,329.8271016946669,30374000,QQQ
2021-04-14,328.14019775390625,332.4990193103388,327.3210941420405,332.3722479611454,42564300,QQQ
2021-04-15,333.11328125,333.50335604541715,327.8573596531292,331.02652393545645,36342800,QQQ
2021-04-16,333.50335693359375,333.717886168233,331.6213382921331,333.63985930553025,40860100,QQQ
2021-04-19,330.4512634277344,333.0840902326681,328.52049996395556,331.923715704792,34533100,QQQ
2021-04-20,328.0426025390625,331.0752343796115,326.0630951657309,329.7880888660182,38081800,QQQ
2021-04-21,330.8510437011719,331.03632032135476,325.6633578531148,326.75549597722534,36598100,QQQ
2021-04-22,326.8627624511719,331.44584402199155,325.7023583009434,330.4609854449845,45936100,QQQ
2021-04-23,330.97772216796875,332.2941202197622,327.4965105553705,327.4965105553705,36381900,QQQ
2021-04-26,333.1327819824219,333.4155772638306,330.4706734389114,331.22154059039036,30812000,QQQ
2021-04-27,331.6896057128906,333.63986066902527,330.7339998298432,333.42533143350926,33187200,QQQ
2021-04-28,330.5682678222656,332.3722598963063,329.9149192139358,331.3581188248751,33615700,QQQ
2021-04-29,331.75787353515625,334.2736893481391,328.52044314878265,333.85439167239684,37708900,QQQ
2021-04-30,329.5833435058594,331.7969020388034,328.66672124930227,329.3005779490187,38263400,QQQ
2021-05-03,327.82806396484375,331.5432967625896,327.37951371925783,330.79245942122566,29729700,QQQ
2021-05-04,321.92852783203125,325.58525505625363,318.09625508456924,325.26344639574955,65147000,QQQ
2021-05-05,320.8461608886719,324.8539498978735,320.06607088750457,323.98607224493827,46219300,QQQ
2021-05-06,323.2644958496094,323.4205198055751,318.3303535564837,320.5828954834095,46814300,QQQ
2021-05-07,325.8876037597656,328.27664814297344,323.4400243520593,326.0533587605064,53324500,QQQ
2021-05-10,317.6575622558594,324.67846280594233,317.4527640428984,324.5029469878598,60700500,QQQ
2021-05-11,317.21868896484375,318.01830056695377,311.0851293473334,311.7482385892321,71963600,QQQ
2021-05-12,309.00811767578125,314.5955782997197,308.1402400573506,312.26503942688345,91164900,QQQ
2021-05-13,311.39715576171875,314.38104298947354,309.0178427128716,311.9627462738431,69877800,QQQ
2021-05-14,318.2718811035156,319.18847358170007,314.0690541730112,314.5761395218071,44370000,QQQ
2021-05-17,316.34112548828125,318.2523671141487,313.4547563326914,316.5556547351614,39395000,QQQ
2021-05-18,314.2055969238281,318.525404781158,313.9325624031478,317.29676431736186,36528500,QQQ
2021-05-19,314.5663146972656,314.868601782045,308.43275559793784,308.7838169032285,66319100,QQQ
2021-05-20,320.651123046875,321.5092399020376,315.83402117089565,316.05828142268183,46466100,QQQ
2021-05-21,318.87652587890625,322.6307438016,318.5157333831491,322.2114460232085,50330400,QQQ
2021-05-24,324.2396240234375,325.3707753879732,318.7691437889994,321.17770967759543,32475800,QQQ
2021-05-25,324.68817138671875,326.4824022306919,323.5082755657662,325.76081747782405,31280300,QQQ
2021-05-26,325.8193054199219,326.287347501321,324.6686622917823,325.36099437620186,25444900,QQQ
2021-05-27,324.6003723144531,326.219087163228,324.3956039189311,325.3707311946854,27931700,QQQ
2021-05-28,325.624267578125,327.2234907100027,325.30248864762643,325.80954415458706,29927400,QQQ
2021-06-01,324.5419616699219,327.43809171354053,323.1865200773905,326.96025897332635,31145400,QQQ
2021-06-02,325.17578125,326.02413744659805,323.4498162210086,324.9612520013233,22047900,QQQ
2021-06-03,321.7920227050781,323.60574527623305,320.11480248730464,322.32833083951,37057800,QQQ
2021-06-04,327.2528381347656,327.70138851156634,323.52784345118215,323.5961095272374,38736500,QQQ
2021-06-07,328.2279052734375,328.2864105396932,326.02410771604684,326.71643987242436,32611900,QQQ
2021-06-08,328.3839416503906,330.851012999196,326.6969603868365,329.9831352527144,27282800,QQQ
2021-06-09,328.4619445800781,330.5389709230895,328.2766679738029,329.758880824005,21485300,QQQ
2021-06-10,331.8846435546875,331.99189329332404,328.3546868407391,328.8032371488604,33702100,QQQ
2021-06-11,332.7524719238281,332.7622327207758,331.2410363233058,331.8943550311985,21222800,QQQ
2021-06-14,335.941162109375,335.9508931479249,331.9918781430398,333.18153480392084,27827700,QQQ
2021-06-15,333.7471008300781,335.9021239702243,333.0254863455593,335.59007607197424,35963800,QQQ
2021-06-16,332.5281982421875,335.28779564102,329.0567471410325,334.21514956852246,55399500,QQQ
2021-06-17,336.75048828125,337.7646290961947,331.46531450808146,331.5140589740247,59722700,QQQ
2021-06-18,334.10797119140625,336.23374219726577,333.3571039010424,335.08309878218944,55414900,QQQ
2021-06-21,336.18438720703125,336.5065692195659,332.07434696519726,334.30021531534305,32992600,QQQ
2021-06-22,339.31817626953125,339.76724684048844,335.67672131462905,335.9793590682138,28941600,QQQ
2021-06-23,339.4841613769531,340.6361691858133,338.6445932683934,339.2596409629678,27188500,QQQ
2021-06-24,341.5830993652344,343.11580256078764,340.88019205660015,341.4268944307551,32581600,QQQ
2021-06-25,341.1632995605469,342.3933948493645,340.5580240352703,342.1493302154274,28682800,QQQ
2021-06-28,345.3124084472656,345.44909894693444,342.39340487369265,342.45197800410875,39130300,QQQ
2021-06-29,346.5619812011719,346.5912677632518,344.29708421655744,345.13665219154376,29426000,QQQ
2021-06-30,346.01531982421875,346.7963445605828,345.4295587202075,346.40581729587706,32724000,QQQ
2021-07-01,346.1520690917969,346.6597129118308,344.3069257698683,345.6639397210923,29290000,QQQ
2021-07-02,350.1253662109375,350.4475184101907,347.82138063571807,348.0556731442659,32727200,QQQ
2021-07-06,351.6385803222656,351.9217036525258,348.02641165895807,350.73066699317474,38842400,QQQ
2021-07-07,352.3805847167969,354.14761055545347,350.4182952236713,353.84497274616206,35265200,QQQ
2021-07-08,350.2522888183594,351.1114011572252,346.0055877231333,347.2942264383839,50890000,QQQ
2021-07-09,352.43914794921875,352.91750515825754,349.08081577948315,349.6665769333766,35184500,QQQ
2021-07-12,353.81561279296875,354.27445547205735,352.26333558591233,353.8448993557597,25717700,QQQ
2021-07-13,353.81561279296875,356.79318925121663,352.95650056037346,353.43485768364127,39723000,QQQ
2021-07-14,354.4501953125,356.81272429548983,353.6203695947869,356.16839008384363,35336400,QQQ
2021-07-15,351.9607238769531,354.56734733036427,349.949633635075,354.3623413756613,53391600,QQQ
2021-07-16,349.1100769042969,353.8058783274771,348.75860832035596,352.8198476201695,47262000,QQQ
2021-07-19,346.2496337890625,346.7475053913716,343.6820690301015,345.6443284605894,64404600,QQQ
2021-07-20,350.2718200683594,351.726435801376,345.40026955318757,347.1868394173133,42183700,QQQ
2021-07-21,352.9760437011719,352.9760437011719,349.6177118605673,349.84226205558366,30259900,QQQ
2021-07-22,355.3093566894531,355.31909901692904,353.181090135199,353.181090135199,30252200,QQQ
2021-07-23,359.45849609375,359.74158969003867,355.28010969102473,356.6370939080484,31960800,QQQ
2021-07-26,359.7415466308594,360.13207393205806,357.8964332428114,358.76528796396303,28438100,QQQ
2021-07-27,355.77789306640625,359.4779212800983,351.6092798204256,359.4779212800983,57933100,QQQ
2021-07-28,357.1446533203125,358.7262172022664,354.6161472433124,356.9201329206816,42066200,QQQ
2021-07-29,357.7792663574219,358.95075881437583,356.5784575408219,356.5784575408219,25672500,QQQ
2021-07-30,355.91455078125,356.50031181070534,353.805828951037,353.83511551285756,36484600,QQQ
2021-08-02,355.94390869140625,358.1697772150731,355.23122915352513,357.58401606820297,27334100,QQQ
2021-08-03,358.10137939453125,358.2185256480997,353.4055783747087,356.6077050754428,35558500,QQQ
2021-08-04,358.6188049316406,359.5755490167949,356.9494111869438,358.0623304190597,29602200,QQQ
2021-08-05,360.8935241699219,361.1278166965103,358.7262289198361,359.4388786192251,21443900,QQQ
2021-08-06,359.3119201660156,360.60058850463554,358.1990009957852,359.6243300286588,33332100,QQQ
2021-08-09,359.9759521484375,360.50311049937386,358.66776880768555,359.77091633001635,25960200,QQQ
2021-08-10,358.1307067871094,360.78613141189584,356.9396700849688,360.49326574458604,35130800,QQQ
2021-08-11,357.515625,359.89769817712653,356.1781555917457,359.399826590177,34249800,QQQ
2021-08-12,358.8042907714844,359.165501655092,355.6509650430191,357.0079786793239,25969200,QQQ
2021-08-13,360.063720703125,360.39564506735485,358.6579058704754,359.1558073133449,19336200,QQQ
2021-08-16,360.21990966796875,360.25893856105154,355.0652654414668,358.941013282876,34856900,QQQ
2021-08-17,357.047119140625,358.4333898651217,354.6064722944876,357.45713112666675,44793900,QQQ
2021-08-18,353.610595703125,357.915899418649,353.2786713763128,356.51008474447605,38541900,QQQ
2021-08-19,355.31903076171875,356.99819655190873,351.41399681179274,351.6678335523122,48499400,QQQ
2021-08-20,358.9996032714844,359.39987289223774,356.080569655366,356.3929795729856,39486000,QQQ
2021-08-23,364.3690185546875,365.06215383870546,360.0344278617251,360.0441701887345,34034700,QQQ
2021-08-24,365.4819641113281,366.08723973737875,364.49593329228054,364.96454819295735,21732900,QQQ
2021-08-25,365.9017028808594,366.4777216593891,364.98401743468827,365.73575560681314,20441900,QQQ
2021-08-26,363.5782775878906,365.72602884866296,363.13894925636504,365.04266563557445,29133300,QQQ
2021-08-27,367.11224365234375,367.61988733159563,363.7246255674013,364.2127548027357,27104700,QQQ
2021-08-30,371.2320861816406,371.7202154571993,367.8834967085929,367.90304094716504,27295700,QQQ
2021-08-31,370.9294128417969,371.5444306438609,369.377135676504,371.4761151945496,29628200,QQQ
2021-09-01,371.54449462890625,373.6239302683613,371.33948865958007,371.9935950476859,28138300,QQQ
2021-09-02,371.3687438964844,373.23340128927146,370.1484207174127,372.9014769597295,25453400,QQQ
2021-09-03,372.5109558105469,372.91122536299207,370.19722797706,370.21674242118735,24605400,QQQ
2021-09-07,373.0381774902344,373.69228389299184,371.4566432481949,372.6183934221473,23970200,QQQ
2021-09-08,371.73968505859375,372.86237629833556,369.46501601783143,372.86237629833556,32949200,QQQ
2021-09-09,370.4608459472656,373.07721180124247,370.21678130134137,371.9642925082125,29399000,QQQ
2021-09-10,367.64923095703125,372.90150711132503,367.317306600651,372.17908526467676,40249400,QQQ
2021-09-13,367.3953857421875,370.42179336008155,365.3354943973377,369.99223719273925,48741800,QQQ
2021-09-14,366.350830078125,369.6212727171266,365.3940858768145,368.8890787305353,41826600,QQQ
2021-09-15,369.0745544433594,369.42602303424945,364.5056713131262,366.8096571179329,34097900,QQQ
2021-09-16,369.3283386230469,369.90432754396636,365.8040598544436,367.7370325534172,35193100,QQQ
2021-09-17,364.9546813964844,368.8987738564562,363.91010750301564,368.8499728514221,60912300,QQQ
2021-09-20,357.41351318359375,360.88306080867153,352.75157886117086,359.1336125688203,76203200,QQQ
2021-09-21,357.85333251953125,360.4530626598221,356.71961359794074,359.250922723101,41927500,QQQ
2021-09-22,361.19586181640625,362.6618730781083,357.6676458703507,358.772045793005,46972900,QQQ
2021-09-23,364.5285949707031,365.5645738685662,361.7138485968582,362.3588971263706,44652000,QQQ
2021-09-24,364.8706359863281,365.2909152076425,361.87997545682737,362.25136974139247,36056800,QQQ
2021-09-27,361.958251953125,362.83785290403983,359.3976232583388,361.8116567656527,43338100,QQQ
2021-09-28,351.71563720703125,361.90929483284276,351.20743071644927,357.38423187617605,97701600,QQQ
2021-09-29,351.1390075683594,355.1363279310978,350.5135249549854,352.9861960291612,58076600,QQQ
2021-09-30,349.84893798828125,354.4619881999935,349.0084391361424,352.7907436229213,61384600,QQQ
2021-10-01,352.0187072753906,353.06446940184424,346.350140873559,350.4745214738709,56375500,QQQ
2021-10-04,344.6299743652344,350.72857258510356,342.3821020236,350.3962802283625,76766000,QQQ
2021-10-05,349.2821350097656,351.5397903573208,345.4705110350674,345.69528037872965,47232900,QQQ
2021-10-06,351.520263671875,351.79391796901314,345.1479810261012,346.0569010316585,56806500,QQQ
2021-10-07,354.74542236328125,357.40379076458686,354.04173573275693,354.579261289291,39411200,QQQ
2021-10-08,352.9765319824219,356.0649335839089,352.4389764562975,355.8303514270555,41822300,QQQ
2021-10-11,350.2692565917969,354.97026443296033,350.18126965452336,351.4322649460705,34847200,QQQ
2021-10-12,349.047607421875,352.16529802524025,348.40255873032544,351.72551243514926,43905100,QQQ
2021-10-13,351.8428039550781,352.5171717154121,349.33103011302757,351.3639163495973,40120800,QQQ
2021-10-14,358.322509765625,358.5375259631646,354.7845403729002,355.4491250467216,43433900,QQQ
2021-10-15,360.5801696777344,360.69744581865064,358.50821165200404,359.5441906648692,40419900,QQQ
2021-10-18,364.2061767578125,364.42119300573063,358.6744222214507,359.28036896756043,34513500,QQQ
2021-10-19,366.9621276855469,367.01098279196407,364.254904581656,365.2811004249963,29091000,QQQ
2021-10-20,366.48333740234375,368.03730600679,364.99775999979374,367.42157640716255,31390300,QQQ
2021-10-21,368.7214050292969,368.91688514737456,365.3789157231483,365.6818890279138,25469300,QQQ
2021-10-22,365.62322998046875,368.4281935400895,363.9519854232803,367.4606356110978,36275800,QQQ
2021-10-25,369.366455078125,370.28515794975675,365.0954799334532,367.0501618175925,32597800,QQQ
2021-10-26,370.52947998046875,374.03813025832926,369.34690583401067,371.6143438970649,47191300,QQQ
2021-10-27,371.38958740234375,374.4682056484891,370.7152197128162,370.97909105068663,45760500,QQQ
2021-10-28,375.5138854980469,375.76800365183135,372.523225019177,373.2953326068553,38007000,QQQ
2021-10-29,377.361083984375,377.52724506234694,372.07369591465743,372.4255243253121,37310100,QQQ
2021-11-01,378.6512145996094,378.778273701154,375.7094384858887,377.80093270598616,30765300,QQQ
2021-11-02,380.2344665527344,380.71338387715235,377.9865944052543,378.0354495199953,25135300,QQQ
2021-11-03,384.2709045410156,384.6911539879521,379.6774200077839,380.72315214824084,33748900,QQQ
2021-11-04,389.1966857910156,390.15449058923895,384.9941319443098,385.5414404501298,40265300,QQQ
2021-11-05,389.5680847167969,391.90391393432236,388.16071144911945,390.9754579844743,43383800,QQQ
2021-11-08,389.040283203125,390.56493249145785,388.39523468481883,389.5387365641058,29256300,QQQ
2021-11-09,386.3624267578125,390.51612574419846,384.99415540986575,390.11541238050006,50490700,QQQ
2021-11-10,380.6840515136719,386.4014717377395,378.7489058552316,383.5769721352575,54937400,QQQ
2021-11-11,381.7396240234375,383.8506841980293,381.39754870247515,383.6747699733335,32243000,QQQ
2021-11-12,385.75653076171875,386.2940564176988,381.2900749309002,382.89289876991427,34730600,QQQ
2021-11-15,385.6684875488281,387.26155802648327,383.2153821123026,386.9390486451666,33716900,QQQ
2021-11-16,388.4148254394531,388.9132490062469,384.74001418832967,384.9354644685762,27872900,QQQ
2021-11-17,388.62005615234375,390.6626949980431,387.6524982322958,388.7373322849464,28703300,QQQ
2021-11-18,392.646728515625,393.15493507463515,388.44417434122226,390.6725105246959,45721500,QQQ
2021-11-19,394.8359375,396.11625168271036,393.45788326285316,394.288628986448,45191700,QQQ
2021-11-22,390.2522277832031,399.4490096636231,390.14473459566756,396.38017460293406,61715400,QQQ
2021-11-23,388.4734802246094,391.1611677587994,384.01680800854774,389.0891799512638,70098700,QQQ
2021-11-24,389.7245178222656,390.0079252455727,383.6454554358011,385.981284982875,46954400,QQQ
2021-11-26,382.33575439453125,388.5320918359093,380.93813430410705,387.1344717454851,51533300,QQQ
2021-11-29,390.6334533691406,391.64989642989946,386.1865634457046,386.9195692457929,54447100,QQQ
2021-11-30,384.8964538574219,392.0994525187281,382.8733507551593,389.7440570434403,81332700,QQQ
2021-12-01,378.34820556640625,391.4054955389842,377.87910102169394,389.25533362212815,77766500,QQQ
2021-12-02,381.0749816894531,382.86350235567943,375.6311858926,377.05809520958377,84416600,QQQ
2021-12-03,374.4485778808594,383.4498781149763,370.31441564332994,382.4432183044383,105349100,QQQ
2021-12-06,377.4491271972656,378.8173987084179,370.7054500600118,374.937353528815,67588800,QQQ
2021-12-07,388.81549072265625,389.4312202200201,384.0851646669783,384.1242666516249,56005300,QQQ
2021-12-08,390.55523681640625,390.7604999086066,387.24206621615997,389.147893165509,39204000,QQQ
2021-12-09,384.8084411621094,391.1318379431136,384.61296105276165,389.323751322917,49973700,QQQ
2021-12-10,388.99151611328125,389.25538745617536,384.4468564253123,387.6329977538214,52545800,QQQ
2021-12-13,383.37176513671875,389.30420195099197,383.0003708088303,388.9816925655553,50166400,QQQ
2021-12-14,379.40374755859375,381.2509063415046,374.9372925079584,378.5241168917935,75199200,QQQ
2021-12-15,388.0531921386719,388.41483332531965,375.1816291974265,379.1496308625192,73858000,QQQ
2021-12-16,378.0745544433594,389.45081696425507,376.4814839862096,389.0207845773161,82591400,QQQ
2021-12-17,376.18829345703125,380.37131136112106,373.1194286814025,374.6440781157666,80492500,QQQ
2021-12-20,372.53912353515625,373.33177839503946,369.38806512844775,371.44310841354843,65336800,QQQ
2021-12-21,380.87664794921875,381.1898036226175,372.05958063484024,375.8271247062967,48899500,QQQ
2021-12-22,385.51519775390625,385.7206931081963,379.9176667641291,380.58310020175327,37042200,QQQ
2021-12-23,388.4216613769531,389.89931084870966,385.7011844346208,385.8675278845225,29595500,QQQ
2021-12-27,394.8411560058594,394.8411560058594,389.69376758534145,389.7231240649038,32820700,QQQ
2021-12-28,393.0111389160156,395.9175496251734,392.1304147329126,395.7414107613865,33113700,QQQ
2021-12-29,392.9524841308594,394.42036794138056,390.56472407661107,393.14821391793123,32248500,QQQ
2021-12-30,391.7781982421875,394.9292567094091,391.19103874028684,392.7371965599248,23850100,QQQ
2021-12-31,389.331787109375,392.47305062738087,388.8326969737766,391.1030314812239,34752900,QQQ
2022-01-03,393.0797119140625,393.33415466856934,388.38249558948917,390.50601747939106,40575900,QQQ
2022-01-04,387.9812316894531,393.6668321181249,384.86932543850264,393.6276801911465,58027200,QQQ
2022-01-05,376.06207275390625,387.41371407230423,375.8076299913493,386.288312538948,75739800,QQQ
2022-01-06,375.7978515625,379.0565706496076,371.9911547216824,374.2321325766418,70814300,QQQ
2022-01-07,371.7268981933594,377.50059866005824,369.94588845502057,375.80762850635017,72652300,QQQ
2022-01-10,371.9715270996094,372.4902080460827,361.40277566759386,366.79481172515136,91770500,QQQ
2022-01-11,377.55926513671875,377.7256085648097,369.1433926496135,371.2375578575171,68295700,QQQ
2022-01-12,379.0565490722656,381.84553438635083,376.76665382841344,380.14276879668614,54576400,QQQ
2022-01-13,369.57403564453125,381.1311727952966,368.6345982860682,380.4461483451448,77994000,QQQ
2022-01-14,371.8737487792969,372.2064655748902,366.83398973099304,367.0395149968824,80121200,QQQ
2022-01-18,362.6161804199219,368.1647937779756,361.8528821136246,366.0314766993717,75450900,QQQ
2022-01-19,358.6334228515625,366.6676327643825,358.36918462348467,364.18200754273425,81791500,QQQ
2022-01-20,353.975341796875,365.8651964574523,353.4371295986465,361.8725650393096,88610700,QQQ
2022-01-21,344.1601257324219,354.42551949662436,343.8763264302213,351.77355045161613,143388900,QQQ
2022-01-24,345.73553466796875,346.400997986582,326.9955584227131,338.5037763805395,198685800,QQQ
2022-01-25,337.7208557128906,343.51411608062404,334.3643024089526,339.24748211949606,124398400,QQQ
2022-01-26,337.1925048828125,349.2389361555665,333.4836432650717,345.35393564030943,146559500,QQQ
2022-01-27,333.79681396484375,343.74905035517924,332.7692772882278,341.91909315471656,95255700,QQQ
2022-01-28,344.2677001953125,344.4829910336288,330.7142624233422,335.6854828751352,108167900,QQQ
2022-01-31,355.27679443359375,355.86395392199785,343.9936622372974,345.63771477766323,94326400,QQQ
2022-02-01,357.6939697265625,358.3496377336204,351.45059473737956,356.62731091498944,74433000,QQQ
2022-02-02,360.600341796875,362.1758860127199,356.490284881098,361.8431692526932,78777100,QQQ
2022-02-03,345.9801940917969,354.1807762327966,344.91353546483185,350.8535789797014,95384800,QQQ
2022-02-04,350.34478759765625,353.6621900106862,344.4340994799022,346.49890870216745,86318300,QQQ
2022-02-07,347.5263977050781,353.3196292173552,346.26400923758325,350.94166455806754,58198100,QQQ
2022-02-08,351.4309387207031,352.5269538152327,345.2462479853762,346.38141500875935,64720900,QQQ
2022-02-09,358.8780212402344,358.9562952345095,354.36670958468255,355.97161017695555,55766400,QQQ
2022-02-10,350.7557373046875,358.6431642614371,348.90621915369564,351.82239600225375,112468500,QQQ
2022-02-11,339.62921142578125,352.36066820104656,338.39617931001357,350.7557673605758,101569100,QQQ
2022-02-14,340.0499267578125,343.4652231244343,336.52702978601116,339.0713376291632,80254400,QQQ
2022-02-15,348.50494384765625,348.73979567706715,344.2872271808578,345.35388572499176,55128800,QQQ
2022-02-16,348.4169006347656,349.44440732994184,343.20100357206405,346.244431456698,58947100,QQQ
2022-02-17,338.05364990234375,345.8921290592687,337.6328338510458,345.1875436431681,61801400,QQQ
2022-02-18,334.1979675292969,339.3844777272141,331.87871617920615,338.9930480665698,80001500,QQQ
2022-02-22,330.8414611816406,336.67387497844726,327.19134216403216,331.24268638292324,85967100,QQQ
2022-02-23,322.36688232421875,334.8536607865023,322.0537265983237,334.0120883703549,86215400,QQQ
2022-02-24,333.1998291015625,333.7380710832161,311.44581017131446,312.0133787704004,130614100,QQQ
2022-02-25,338.36676025390625,338.5722854779795,330.16620824803795,334.0022609990122,78842100,QQQ
2022-02-28,339.37469482421875,341.07746020042293,334.01204556041614,335.1765690021915,77515500,QQQ
2022-03-01,334.1783752441406,340.6272736951601,331.64383311161566,338.3471742798713,67407000,QQQ
2022-03-02,339.7856750488281,341.12633720558927,332.9551130521124,335.7343022388349,70609000,QQQ
2022-03-03,334.9319152832031,342.5453372948348,333.06280651649007,342.4376769643508,71089400,QQQ
2022-03-04,330.0780944824219,334.00224636559904,327.74907748916974,332.56371918096613,76936300,QQQ
2022-03-07,317.90447998046875,331.2328902556063,317.69898460603935,330.06836669355135,89933800,QQQ
2022-03-08,316.4268493652344,326.07572532221667,313.08985633985077,317.1118439420896,116153900,QQQ
2022-03-09,327.81756591796875,329.1778191551544,322.0438959742096,324.646946666069,64723400,QQQ
2022-03-10,324.17724609375,325.3907170564054,319.71488155798113,323.7368988551913,69362700,QQQ
2022-03-11,317.454345703125,327.4751198984384,316.96505107970336,327.1619641720468,66228400,QQQ
2022-03-14,311.3577880859375,319.597493727535,310.65320255607514,316.21158292266887,79802600,QQQ
2022-03-15,321.1240234375,321.90691267560715,312.39502494784375,314.0096910716942,76471000,QQQ
2022-03-16,333.03350830078125,333.1509342351838,321.36871103528034,325.05801170474854,105243000,QQQ
2022-03-17,337.0652770996094,337.1239900643329,329.82372276336986,331.125233300305,67810000,QQQ
2022-03-18,343.96429443359375,344.2578891002174,334.23711579005203,335.4016392800656,85446300,QQQ
2022-03-21,343.0080261230469,345.35956768066393,338.5989305541544,343.1256271218021,73799100,QQQ
2022-03-22,349.74908447265625,350.6211200394137,343.1256627737119,343.50776888081634,63345900,QQQ
2022-03-23,344.7226867675781,350.4349319763845,344.66390121663795,346.8586714224169,70615500,QQQ
2022-03-24,352.38470458984375,352.4337124805299,344.48752703699944,346.65287445604577,53555300,QQQ
2022-03-25,352.0908508300781,353.3841929589001,347.76993274135384,352.32599307128254,57584200,QQQ
2022-03-28,357.5384826660156,357.6364685533563,350.83666060702103,352.08099466307283,56833900,QQQ
2022-03-29,363.6916198730469,364.31867573046327,358.665245850268,361.4478716261979,68073000,QQQ
2022-03-30,359.67449951171875,363.4859329087818,358.18521543094926,361.8202622399332,68757700,QQQ
2022-03-31,355.2163391113281,360.17411967709216,354.37369641972595,359.82137648725393,67011400,QQQ
2022-04-01,354.5402526855469,356.2646784885006,351.3460985703984,355.480851296348,54527800,QQQ
2022-04-04,361.8397521972656,361.8495597554379,355.11834553131746,355.38288049214117,45950200,QQQ
2022-04-05,353.805419921875,361.0951267718021,352.65904195146004,360.37986274743275,62738700,QQQ
2022-04-06,346.1238098144531,349.5726915849243,343.47834051193223,348.4655139131366,90077100,QQQ
2022-04-07,346.9468688964844,349.1514168816908,341.6461521528121,345.1244270134773,63777400,QQQ
2022-04-08,342.0967712402344,345.95718119998173,341.4599079516757,345.2027468305924,61956100,QQQ
2022-04-11,334.0037841796875,338.76559423198194,333.66084845837935,337.8445805352574,66107400,QQQ
2022-04-12,332.5928039550781,340.66633866728716,331.2112836878705,338.7753336516227,72790200,QQQ
2022-04-13,339.3533630371094,340.41153271770617,332.2106205145378,332.935662149371,61367800,QQQ
2022-04-14,331.5933532714844,339.9608447221924,331.3777963052711,339.4415524719183,73519400,QQQ
2022-04-18,331.8481750488281,334.1507090214398,329.0067635065209,330.53524778172334,58560600,QQQ
2022-04-19,339.2652893066406,339.8433672614117,330.1727536922782,331.20153091836073,56515700,QQQ
2022-04-20,334.31719970703125,340.5389291751421,333.0924509889422,340.0784224610969,65500000,QQQ
2022-04-21,327.3998107910156,340.8426534836965,326.46901973591173,338.2167994929767,75801000,QQQ
2022-04-22,318.82659912109375,328.7813608771086,318.3954851548066,327.5566120867686,82562100,QQQ
2022-04-25,322.9221496582031,323.2356925226162,315.9165926063052,317.1903492800733,101755900,QQQ
2022-04-26,310.7335205078125,321.0409969249574,310.4591480374708,320.8548326921384,105819600,QQQ
2022-04-27,310.3611145019531,316.3574790895228,308.63665883976944,310.83139884539236,111204200,QQQ
2022-04-28,321.3839111328125,323.22593821795783,311.1057982802932,315.34834511171533,99450000,QQQ
2022-04-29,306.92205810546875,320.6196598429337,306.28519469137467,317.1609703283237,91977900,QQQ
2022-05-02,312.04638671875,312.28152890319217,303.3947450693504,306.51049861757616,115511800,QQQ
2022-05-03,312.3795471191406,314.68208091714314,309.59692134450376,312.0660042400308,78185500,QQQ
2022-05-04,322.9418029785156,323.6178667781544,307.5491668397692,312.85966144142554,116083400,QQQ
2022-05-05,306.67706298828125,318.6795997985255,303.3653378434027,318.60122904114235,154607400,QQQ
2022-05-06,303.00286865234375,308.7248917511313,298.946486066283,304.6685390661658,139572800,QQQ
2022-05-09,291.14727783203125,303.1008380425426,289.7461723855392,297.34942248016563,113387300,QQQ
2022-05-10,294.68438720703125,299.5833827123957,290.5790265814482,298.3586338360546,124124600,QQQ
2022-05-11,285.9445495605469,297.9470878557473,285.0725439595052,292.4112292345063,140326100,QQQ
2022-05-12,285.2684631347656,289.77554436117634,279.18391992471146,281.6432248991353,120910900,QQQ
2022-05-13,295.84063720703125,296.8792221929114,288.1393982708781,289.74628366102036,83684900,QQQ
2022-05-16,292.4112243652344,296.15406382918417,291.12769003039244,294.08667233113385,59190400,QQQ
2022-05-17,299.985107421875,300.367213527169,294.4786112928647,298.2998517523802,62715300,QQQ
2022-05-18,285.25872802734375,296.1442818170421,283.99477879963905,295.44863281932385,79477100,QQQ
2022-05-19,283.73016357421875,288.4430239793982,281.77056569639086,283.44604341071897,79920700,QQQ
2022-05-20,282.84832763671875,287.8648930141161,274.54943009916923,287.2084445227386,91764200,QQQ
2022-05-23,287.55145263671875,287.93355873981244,281.4864937733564,283.89679120385017,63648400,QQQ
2022-05-24,281.4374084472656,283.0246777794587,276.548221817668,282.30944376495233,73491100,QQQ
2022-05-25,285.3763122558594,287.46328924605154,279.7326595388436,279.93840898966477,67144500,QQQ
2022-05-26,293.2832336425781,294.8411404299685,284.2886856268606,284.5728357209179,59462200,QQQ
2022-05-27,302.8558654785156,303.0028293427643,296.3108155811812,296.4283866725802,66985600,QQQ
2022-05-31,302.05242919921875,305.04080413610114,298.18221125700796,302.82647876787934,60968300,QQQ
2022-06-01,299.8185119628906,306.3341697230418,297.59437886403043,304.19821495133345,65341700,QQQ
2022-06-02,308.02923583984375,308.20559249585415,297.27103130678995,298.6917519160945,59291300,QQQ
2022-06-03,300.0145263671875,304.19825817796124,298.7603845898786,302.7873449408514,60914700,QQQ
2022-06-06,301.01385498046875,306.0402287182082,299.44617057418714,304.4725443119266,51785000,QQQ
2022-06-07,303.6103210449219,304.3941782106184,296.5753711764465,297.6727413073281,44900300,QQQ
2022-06-08,301.4253845214844,305.4229513620433,300.57293425813856,302.80687482514656,38342100,QQQ
2022-06-09,293.351806640625,302.80686075322944,293.18525755976697,299.73030752547965,55900500,QQQ
2022-06-10,283.005126953125,288.9133134636448,282.55442780552687,287.71795754090004,85963500,QQQ
2022-06-13,269.846435546875,276.63643517310425,268.98420767666977,274.09875945121325,94442000,QQQ
2022-06-14,270.3363952636719,273.03084300789186,267.81830419553734,272.0510438281755,64697500,QQQ
2022-06-15,277.0871887207031,281.0357781142809,271.0222295668888,273.7754926979421,86051400,QQQ
2022-06-16,265.9076232910156,270.4832671593353,263.8402321764371,270.02276050545953,81910300,QQQ
2022-06-17,269.1409606933594,271.59045792934603,265.0454084910511,266.68165590008016,82703400,QQQ
2022-06-21,275.9312744140625,278.25788685548844,273.535996932066,273.6439676154064,51633700,QQQ
2022-06-22,275.5288391113281,279.95620679287947,272.81938583781556,273.41819777977673,67472900,QQQ
2022-06-23,279.6322326660156,280.4862915454782,275.1753862607607,278.02225917849216,57457800,QQQ
2022-06-24,289.2134704589844,289.6356167076287,282.2337221792914,282.4693163954109,58422300,QQQ
2022-06-27,287.0930480957031,291.14737149998075,285.9542928443564,290.5780088535931,54151500,QQQ
2022-06-28,278.3462829589844,290.2344444448832,278.1597608748878,287.6329916385024,61609800,QQQ
2022-06-29,278.6014709472656,280.11327032831275,275.6956992459022,278.2088039538767,57302700,QQQ
2022-06-30,275.14599609375,278.7389579808051,270.72842442322616,275.6073881110144,79313600,QQQ
2022-07-01,276.96209716796875,277.3547641885174,271.9555102698973,273.8403539105333,56675100,QQQ
2022-07-05,281.7035217285156,281.82131880165656,271.68055464125945,273.21197650921886,61829300,QQQ
2022-07-06,283.5099182128906,285.6205597348825,280.3587255073505,282.0864964415513,63194700,QQQ
2022-07-07,289.5767517089844,290.283564397819,284.32474366986645,284.32474366986645,56620100,QQQ
2022-07-08,289.9399108886719,291.3142602951489,285.78738343619494,286.7297901779835,59895500,QQQ
2022-07-11,283.7455139160156,287.74093886234107,282.86200567103316,287.5151710642268,55273900,QQQ
2022-07-12,280.99676513671875,286.9261353170751,279.39661800545196,285.0020461703363,55797100,QQQ
2022-07-13,280.4176025390625,282.77363456756103,274.8907252232744,275.4601178549599,73939400,QQQ
2022-07-14,281.4189147949219,282.29259657731825,274.67473134988074,277.8063006916459,63741800,QQQ
2022-07-15,286.523681640625,286.6316822997966,282.8030963803812,284.42289655793724,63818100,QQQ
2022-07-18,284.098876953125,290.7350594794217,282.9208760632567,289.32143444472456,59519600,QQQ
2022-07-19,292.83587646484375,293.1303991886779,286.1309982014204,287.74094191580616,55172600,QQQ
2022-07-20,297.4792175292969,298.6670448491126,292.47263127981654,293.2579951777451,67769400,QQQ
2022-07-21,301.7496032714844,301.8085018309721,295.27049210065695,297.9406699788766,55049400,QQQ
2022-07-22,296.458251953125,302.8980859606301,294.6225106983502,300.8169241111834,57127700,QQQ
2022-07-25,294.769775390625,296.9589380162933,292.7573383726205,296.4877196601407,40582400,QQQ
2022-07-26,288.9779052734375,293.3169555938299,288.16312188845654,293.0617085283434,50074100,QQQ
2022-07-27,301.18994140625,302.88826255533456,292.99288828193187,293.5622807877002,69304400,QQQ
2022-07-28,304.1350402832031,304.7142293390933,297.2043645180476,300.9740215662868,55139900,QQQ
2022-07-29,309.6815490722656,310.5945365540195,304.2528461155414,305.6861241172499,57501000,QQQ
2022-08-01,309.4949645996094,312.9701282925462,306.8051647133462,307.9046440841234,46358800,QQQ
2022-08-02,308.5722961425781,312.7149981500987,306.12791591537683,307.1881499608795,48676500,QQQ
2022-08-03,316.9754333496094,317.8000429415315,310.2018010613774,310.260699606617,53735700,QQQ
2022-08-04,318.4577941894531,318.7719397767298,314.894281952624,317.05399541693623,38973700,QQQ
2022-08-05,315.8563232421875,317.89820952380035,312.55788464298894,313.34321860701607,53894000,QQQ
2022-08-08,314.83538818359375,320.48988900620327,313.36286442425353,316.7791303310089,43878500,QQQ
2022-08-09,311.2718811035156,313.1861740061334,309.642314479443,312.9309269634982,39764200,QQQ
2022-08-10,319.9597473144531,320.25427001868235,316.160641102601,318.6442964528926,51459600,QQQ
2022-08-11,318.1436767578125,324.30864215049826,317.4368641031732,322.2962048486401,45897700,QQQ
2022-08-12,324.33807373046875,324.5343922421151,319.14496526651175,320.205169113399,40928400,QQQ
2022-08-15,326.9591064453125,327.4597740081224,323.36614561026255,323.3857984298654,38266600,QQQ
2022-08-16,326.1934509277344,328.2942658000535,323.130606405368,325.97747958533307,41186900,QQQ
2022-08-17,322.4728698730469,325.35901877529375,320.3818813868708,323.0422624910803,47842200,QQQ
2022-08-18,323.2484130859375,324.43624052505174,320.8040332425062,322.4238033792206,41937200,QQQ
2022-08-19,316.94598388671875,320.8530908531275,316.18027276811887,320.1953803833227,51770600,QQQ
2022-08-22,308.6016845703125,312.90145854997627,307.78690130810605,312.66586434568933,51098900,QQQ
2022-08-23,308.3465270996094,311.1934007997529,307.5906122837989,308.36614996756896,39497100,QQQ
2022-08-24,309.23980712890625,311.06572215874206,307.2567893489152,307.86542769219386,38057100,QQQ
2022-08-25,314.7077331542969,314.7273859759401,309.97604671655904,311.0264241245375,38098300,QQQ
2022-08-26,301.8084716796875,315.62075171261455,301.72012384928206,314.4132714465953,69047700,QQQ
2022-08-29,298.833984375,301.59250990443917,297.7246783159623,299.04012931915685,48321900,QQQ
2022-08-30,295.50604248046875,301.1114708812369,292.9733149226708,300.4930061398312,51184500,QQQ
2022-08-31,293.7880859375,299.32478914547926,293.6801152518218,298.4216281407233,50044000,QQQ
2022-09-01,293.91571044921875,294.28875456205407,287.58387681766726,291.2848087546339,57990700,QQQ
2022-09-02,289.76324462890625,298.1860675274146,288.14344449276297,296.8018915695425,64666800,QQQ
2022-09-06,287.6820373535156,291.1670281153713,285.5419767477887,290.24424419206304,57005400,QQQ
2022-09-07,293.49359130859375,294.4948965816833,287.89798958830795,288.1630630124858,49260400,QQQ
2022-09-08,295.0152587890625,296.3405363564637,290.0381505288942,291.41250024529745,55649800,QQQ
2022-09-09,301.46484375,301.9655113592957,295.0151832105773,297.2828671513401,56125200,QQQ
2022-09-12,305.0480041503906,305.38177259845475,302.5348993990843,302.8490449826405,45905700,QQQ
2022-09-13,288.320068359375,297.4693235119564,287.4267339802068,296.2716700535572,79562200,QQQ
2022-09-14,290.6074523925781,291.49096059953246,287.69185433862935,289.46869716371026,54907200,QQQ
2022-09-15,285.7677917480469,291.0983207196412,284.15781801155794,288.68339007348123,65299400,QQQ
2022-09-16,284.02032470703125,284.4129916276878,280.38808828418564,282.4496270658395,79920400,QQQ
2022-09-19,286.2321472167969,286.3895022887397,281.3050997066623,281.3641041070895,52613800,QQQ
2022-09-20,283.9505920410156,286.25185384351425,281.6394861670064,283.7145444116528,51271100,QQQ
2022-09-21,278.86614990234375,289.08417574303024,278.7284829678104,284.79633243153097,82931000,QQQ
2022-09-22,275.4338684082031,278.34486164420355,274.2045602834253,277.3319129498828,62757100,QQQ
2022-09-23,270.94940185546875,273.2506634634764,267.51715256619866,272.9556114548125,74815200,QQQ
2022-09-26,269.8282775878906,274.8635201009761,269.0316881284915,270.4773560385886,71176700,QQQ
2022-09-27,269.9364318847656,275.5715616595922,267.6056382469152,273.21129583683074,69780100,QQQ
2022-09-28,275.3060302734375,276.5943428560589,268.43174847629183,269.91673236194447,79652100,QQQ
2022-09-29,267.3695983886719,271.6770989127853,264.3897566581066,271.29354036718894,81216000,QQQ
2022-09-30,262.8359069824219,270.6346301027673,262.6785519494414,266.5434892824868,78482400,QQQ
2022-10-03,269.0021667480469,270.6051896239408,263.1014867213907,264.6160029983741,61267400,QQQ
2022-10-04,277.4598388671875,278.1679217340327,274.37180163854197,274.37180163854197,66696900,QQQ
2022-10-05,277.3123474121094,279.1120419021994,270.8609386203013,273.6735821429108,55766300,QQQ
2022-10-06,275.1289978027344,279.4758144524596,274.8044436562624,276.3091155753834,53489400,QQQ
2022-10-07,264.6455078125,270.5953482265271,263.3080047201243,270.46749535603414,71354700,QQQ
2022-10-10,262.0,265.23554756548407,259.2758638504337,264.84214493403744,60393000,QQQ
2022-10-11,258.4006042480469,263.1998286455813,256.7090748294472,260.31833719795344,66522500,QQQ
2022-10-12,258.31207275390625,260.96736041428954,257.61383411139593,259.0398135922295,50580200,QQQ
2022-10-13,264.3701171875,265.69777607473384,250.05112235859016,250.9362332854807,112894100,QQQ
2022-10-14,256.42388916015625,267.3106515956231,255.83384513580484,266.7107635000618,77244300,QQQ
2022-10-17,264.8913269042969,265.76657870309026,262.3245158734769,262.42286652823276,64576500,QQQ
2022-10-18,266.9861145019531,272.6212447495377,264.2914502002948,271.9525082125933,69781000,QQQ
2022-10-19,266.012451171875,269.1496481082476,263.6325272968107,265.46172349769114,53115400,QQQ
2022-10-20,264.6552734375,270.2904326918303,263.4849997129028,265.1174944933952,60605500,QQQ
2022-10-21,270.8608703613281,271.40175397554924,262.40322376796547,263.544025402643,77897700,QQQ
2022-10-24,273.84075927734375,274.7750156814914,267.46801353904493,271.1264366459995,63963600,QQQ
2022-10-25,279.50537109375,279.8889297029509,273.2998249755933,274.78483905879074,59014500,QQQ
2022-10-26,273.3293151855469,279.2791853156514,272.83759186962465,273.85054069992805,63492400,QQQ
2022-10-27,268.3530578613281,273.6735073491677,267.8318323853427,272.20818157963294,57760300,QQQ
2022-10-28,276.5648498535156,277.0369150188155,267.5564755327974,267.72367465771856,62651300,QQQ
2022-10-31,273.3489990234375,275.1290349980643,271.4214220464289,274.3029434418073,47742000,QQQ
2022-11-01,270.5559997558594,277.4008102076806,270.19212928889857,276.8402384011899,45895900,QQQ
2022-11-02,261.2820739746094,273.604658129259,261.2132255126644,270.5264656048791,79803100,QQQ
2022-11-03,256.17803955078125,260.1216707030302,255.79451091688026,258.6563446194883,70038900,QQQ
2022-11-04,260.2986145019531,262.1966590591787,254.79130805535982,261.13455003612984,78313200,QQQ
2022-11-07,263.16046142578125,263.7013750413014,259.20701705849393,261.3509233566166,47333800,QQQ
2022-11-08,265.0782470703125,268.3334534323499,261.1247719024338,264.6848743703141,63213800,QQQ
2022-11-09,258.9612121582031,264.11446365845893,258.6760041897986,263.32771824293155,64862100,QQQ
2022-11-10,278.069580078125,278.36460211037746,269.3169096431355,271.44115831259603,99256700,QQQ
2022-11-11,283.1933288574219,283.8620954831416,276.53540490270126,277.8827222011714,66961800,QQQ
2022-11-14,280.71502685546875,284.4226100889539,279.73158016105145,281.1280576601737,55290700,QQQ
2022-11-15,284.5996398925781,288.4055736186454,281.23623915069896,287.37293663072,73985400,QQQ
2022-11-16,280.71502685546875,284.6881599043898,279.88893523364754,282.632759914547,48859800,QQQ
2022-11-17,280.095458984375,281.5804731411783,276.0731654858113,276.23052056309746,55462100,QQQ
2022-11-18,280.105224609375,283.2227330435576,277.64660848861104,283.1244124086501,53588600,QQQ
2022-11-21,277.22381591796875,279.86926003689535,276.3878801865664,278.7088000867857,40083500,QQQ
2022-11-22,281.2165832519531,281.37390830597195,275.81744070276943,277.9613772220051,41873400,QQQ
2022-11-23,284.0390319824219,284.6684221507053,281.0591902181591,281.2362033893257,46390000,QQQ
2022-11-25,282.1705322265625,283.14413482749455,281.6788088907527,282.436052023432,15498800,QQQ
2022-11-28,278.03021240234375,282.20986094121656,277.0959560305135,280.18396310925,38714200,QQQ
2022-11-29,275.9256591796875,278.6596399177277,274.5488397454969,278.25642315264105,35618900,QQQ
2022-11-30,288.5038757324219,288.61207046321005,275.335541567423,276.19113529427733,74718100,QQQ
2022-12-01,288.8579406738281,290.8543360998157,286.0649558914677,288.8284384759035,51547300,QQQ
2022-12-02,287.707275390625,288.59240129306806,283.5866319566893,283.763675144622,53583200,QQQ
2022-12-05,282.8785705566406,286.8516728763997,281.41321483787044,285.57320440925844,41482100,QQQ
2022-12-06,277.0172119140625,282.8588867147824,275.62073464565435,282.721219806762,53937600,QQQ
2022-12-07,275.88629150390625,277.8925311023228,274.16525984157886,275.82728710504784,45614300,QQQ
2022-12-08,279.15130615234375,280.1249086221745,275.15851560421373,277.2434174653173,42594900,QQQ
2022-12-09,277.371337890625,280.91175229671626,276.9287748352084,278.1285811058167,47860500,QQQ
2022-12-12,280.8526306152344,280.9116650150395,276.5058140105714,277.54826487118675,35732500,QQQ
2022-12-13,283.871826171875,291.96560166989696,281.17719236632547,291.73939817047136,80667700,QQQ
2022-12-14,281.7673034667969,286.5861859496309,278.50225345335974,283.28178966753285,64984400,QQQ
2022-12-15,272.3065185546875,278.3252063937884,271.10671261201406,277.65643995757273,60554100,QQQ
2022-12-16,269.7102355957031,273.171956894415,268.0973687325838,271.62796851009836,68300400,QQQ
2022-12-19,265.91986083984375,270.0700752675409,264.67774176094906,269.9813567739433,44167900,QQQ
2022-12-20,265.7128601074219,267.46758501519327,263.1596386457034,264.7467641147724,51064200,QQQ
2022-12-21,269.5672912597656,270.8783933321476,265.9099479464072,266.75775243693744,46394700,QQQ
2022-12-22,262.9723205566406,266.6690748150987,258.7333576230507,266.5409158539901,60278400,QQQ
2022-12-23,263.5638122558594,264.2341799813383,259.7882066410262,261.7006635053934,39373600,QQQ
2022-12-27,259.83746337890625,263.061052511181,259.29528476029105,262.9525987368991,38009000,QQQ
2022-12-28,256.4068603515625,261.70060720196926,256.0421187747949,259.4332768097995,47139000,QQQ
2022-12-29,262.6568603515625,263.60322103030705,258.5263511335738,259.2262615252511,45893600,QQQ
2022-12-30,262.4991149902344,262.62727394636755,258.5657782389029,259.87688046125936,37858300,QQQ
2023-01-03,260.72467041015625,266.31414547093175,258.40803194467827,264.835443907979,42335300,QQQ
2023-01-04,261.96673583984375,263.6524771315329,258.8023232016896,262.8539807656834,47754900,QQQ
2023-01-05,257.8658447265625,260.4585064956389,257.5504112309862,260.29093715178004,45396700,QQQ
2023-01-06,264.98333740234375,266.1071651551307,256.6434680869905,259.6107391789939,54659700,QQQ
2023-01-09,266.6986389160156,271.38119415678966,266.08744704543864,266.9844995753099,45568700,QQQ
2023-01-10,268.9560852050781,269.06453896357533,265.1509076212343,265.66351333303277,35247800,QQQ
2023-01-11,273.60906982421875,273.71752358370486,269.2419783860713,270.03063727786827,44077000,QQQ
2023-01-12,275.0877990722656,276.1229083310706,269.85319736873004,274.1710112223274,60600000,QQQ
2023-01-13,276.9804992675781,277.226949509654,272.2387990167794,272.5739677358916,44802900,QQQ
2023-01-17,277.5424499511719,278.83384698465653,275.61025813566175,276.7833638506993,36269700,QQQ
2023-01-18,273.9343566894531,280.6476583574045,273.7273469257194,279.0900761008214,47754500,QQQ
2023-01-19,271.2431945800781,273.4415420897927,270.0011055234692,272.2980090859231,44150400,QQQ
2023-01-20,278.666259765625,279.0014285439922,271.79522459843895,272.85990667961795,60613600,QQQ
2023-01-23,284.8570556640625,286.0893069448957,278.71553453431596,279.5140309575551,52799900,QQQ
2023-01-24,284.2754821777344,285.43872035283505,282.7080619077059,283.2305353310487,44875100,QQQ
2023-01-25,283.64459228515625,284.265621775144,277.1875763249975,279.7407978424983,50872000,QQQ
2023-01-26,289.1748962402344,289.3523332211877,284.4233276329565,287.0850026843064,51596300,QQQ
2023-01-27,292.0534362792969,294.02503843046367,287.73562275475985,287.853914070348,56441900,QQQ
2023-01-30,286.14849853515625,290.2001570407652,285.7739193564299,288.77073329182883,49405800,QQQ
2023-01-31,290.43670654296875,290.53529266685933,286.079482659059,286.1879063363558,46705100,QQQ
2023-02-01,296.64727783203125,299.1216181155724,288.1496471484887,290.22970309635696,67562200,QQQ
2023-02-02,307.2939147949219,309.226076494001,302.3747770177349,303.2028463173403,83070600,QQQ
2023-02-03,301.8325500488281,307.9543960632766,300.21585201467195,300.61016640708124,76170800,QQQ
2023-02-06,299.27935791015625,301.5664237249543,297.928815191497,299.20050705776373,40802300,QQQ
2023-02-07,305.4800109863281,306.6136760908744,298.0273580210967,299.15115548892896,67584000,QQQ
2023-02-08,300.04827880859375,305.10544331252237,299.35823608267697,304.15908267123694,56720900,QQQ
2023-02-09,297.3964538574219,304.60265713378095,295.93748755581,304.4547929929771,49137800,QQQ
2023-02-10,295.4446105957031,297.2880538947033,293.02938579430725,295.22773314380527,50050100,QQQ
2023-02-13,300.1764221191406,300.76790877071033,295.67130406448626,296.8542773676256,39636700,QQQ
2023-02-14,302.39447021484375,303.3506984307925,296.6373957286072,298.5892926258534,64079100,QQQ
2023-02-15,304.7110900878906,304.87865940794,299.8806712844638,300.57071392251993,43100600,QQQ
2023-02-16,298.9934387207031,304.0506027902681,298.8455745838684,300.0581206744325,59498600,QQQ
2023-02-17,296.8839111328125,297.6429672728326,293.86736168333306,296.7951926295063,58230700,QQQ
2023-02-21,289.8550720214844,294.4883488382267,289.71707552282584,293.03922013888473,46526700,QQQ
2023-02-22,290.0719299316406,292.1519554985233,288.4059239171363,290.43667147015503,51389200,QQQ
2023-02-23,292.6054992675781,293.896896343965,288.396109179332,293.7391645527081,69294400,QQQ
2023-02-24,287.7060852050781,288.8101777316362,285.93162500088266,287.6173667075081,74332000,QQQ
2023-02-27,289.766357421875,292.28013801689997,289.1748707864985,290.88031740024434,48995000,QQQ
2023-02-28,289.39178466796875,291.91543321814027,288.80029795808963,289.13546674069295,48243100,QQQ
2023-03-01,287.0653381347656,289.7565563130322,286.0795368775504,289.0960863178875,58287000,QQQ
2023-03-02,289.4410705566406,290.24943474596466,284.27548199081644,284.56137275714116,53565900,QQQ
2023-03-03,295.42486572265625,295.66147844338974,290.68316484971473,291.1958006744189,60511500,QQQ
2023-03-06,295.760009765625,299.68350863666205,295.56286761313027,296.6669599367312,56736300,QQQ
2023-03-07,292.13226318359375,296.73596706629974,291.52107138031033,295.8093117244639,65955800,QQQ
2023-03-08,293.59124755859375,294.19257170053675,290.6929903449402,292.55613850557023,50876300,QQQ
2023-03-09,288.50457763671875,296.70645069409585,287.6863458081799,294.09405349345616,71456700,QQQ
2023-03-10,284.4529113769531,290.17057612923315,283.2995408722418,288.6721391189911,98593600,QQQ
2023-03-13,286.5625,290.28882664038935,281.14059440722787,282.65873639679677,97123600,QQQ
2023-03-14,293.1476745605469,293.69972078160777,289.2833510131206,290.13112553679883,73602500,QQQ
2023-03-15,294.6855163574219,295.02068512216874,289.07630567731655,290.525434501398,83631500,QQQ
2023-03-16,302.4535827636719,302.8183242965062,292.97018257295053,293.7686789243601,98198100,QQQ
2023-03-17,301.0242004394531,304.7603949201422,299.06246593617374,302.3649055391134,89923700,QQQ
2023-03-20,302.092529296875,302.4183340419546,298.1827217017322,300.40420808342384,56359500,QQQ
2023-03-21,306.4071044921875,306.86126654511276,302.517033105936,304.0375253554396,49757000,QQQ
2023-03-22,302.2406311035156,311.2549342584045,302.07280233420323,306.33803341096376,75791900,QQQ
2023-03-23,305.8246154785156,310.16884934937974,303.1193484572319,305.992474368469,74576000,QQQ
2023-03-24,306.9501953125,307.04890393672105,303.06012338372165,305.4000842375079,57195200,QQQ
2023-03-27,304.8471374511719,308.73720879404124,303.98816766012794,307.6511429136505,50287400,QQQ
2023-03-28,303.2279052734375,304.2942354538866,300.9076804770125,304.2646168450315,48585900,QQQ
2023-03-29,308.7569580078125,309.3789789543076,306.12078117048424,306.94027960599936,53274300,QQQ
2023-03-30,311.67950439453125,312.3114083892678,308.84587959570393,311.2450779308601,58354800,QQQ
2023-03-31,316.8628845214844,317.0998635186008,311.60044424387826,311.90651323977255,62138100,QQQ
2023-04-03,316.0928039550781,316.35940158863315,313.39741992396426,314.73028756839676,47126800,QQQ
2023-04-04,315.0265197753906,317.55407518017614,313.80221346965845,316.5371292956791,45875400,QQQ
2023-04-05,311.9163818359375,315.01657317390715,310.08982072661735,314.0687476214437,62795700,QQQ
2023-04-06,314.01934814453125,314.51301165686715,308.85564708922874,310.2576345909981,46916500,QQQ
2023-04-10,313.8417053222656,313.89108976282466,309.2802582891032,311.07720109939027,45134700,QQQ
2023-04-11,311.8275146484375,313.8614362594613,311.314115387216,313.8021689112118,40113600,QQQ
2023-04-12,309.0729064941406,314.38473150274785,308.60886151786514,313.792329173123,62813300,QQQ
2023-04-13,315.125244140625,315.59914192561166,309.6554428691627,310.8402174624652,54613800,QQQ
2023-04-14,314.5328674316406,316.30016161701906,311.61035690863116,313.5652758236504,56278300,QQQ
2023-04-17,314.7994079589844,315.1548614270656,312.0349037887333,314.1181497650947,43007000,QQQ
2023-04-18,314.81915283203125,317.3467383152898,313.61464251125756,316.9221646978688,46746900,QQQ
2023-04-19,314.6710510253906,315.73738130024304,312.27185310322614,312.40021046323943,38960100,QQQ
2023-04-20,312.2718505859375,315.22394931910367,310.9784543437977,311.6893311443569,62462100,QQQ
2023-04-21,312.59771728515625,313.3777143768593,310.1195459713194,311.90660617562673,59002300,QQQ
2023-04-24,311.9460754394531,313.71336962897465,309.76406039160014,312.3706189510697,44043100,QQQ
2023-04-25,306.0615539550781,310.97845433639867,305.9628453381758,310.30707906111854,57121600,QQQ
2023-04-26,307.917724609375,310.94882630113074,307.3944424061431,309.4678355224554,55400500,QQQ
2023-04-27,316.2902526855469,316.79376903377823,311.05740080871806,311.6991875490285,65430400,QQQ
2023-04-28,318.4722595214844,318.5611153538679,314.9178755719697,316.0532958268721,59652500,QQQ
2023-05-01,318.1069030761719,319.52865643160436,317.02083730037896,318.00816434549427,41013400,QQQ
2023-05-02,315.33251953125,318.3636208203883,313.58493136080904,318.03778601909266,56519400,QQQ
2023-05-03,313.26904296875,318.38339042510046,313.1604213131388,315.69785934521815,59882100,QQQ
2023-05-04,312.1632995605469,314.1971914783972,311.1265877710077,313.0420052285311,50224500,QQQ
2023-05-05,318.798095703125,319.65706555058955,312.2027270739205,314.4340961992129,51776000,QQQ
2023-05-08,319.5879211425781,319.93349166426896,317.24796066524726,318.33402653449,36465800,QQQ
2023-05-09,317.56396484375,318.78824104466383,317.24801287872776,317.91938820627166,31768800,QQQ
2023-05-10,321.01959228515625,321.8785621603701,317.52444542971443,320.0124992197308,60446600,QQQ
2023-05-11,322.06610107421875,322.6091189083427,320.01244390308244,321.5724375410767,44278500,QQQ
2023-05-12,320.9109802246094,323.02387503771683,318.847469853329,322.5993014136866,48396200,QQQ
2023-05-15,322.6487121582031,322.88566107961117,319.85455889296253,321.38493435929456,33375600,QQQ
2023-05-16,323.0140075683594,324.7319474523427,321.88843996792997,321.92794149711307,40019200,QQQ
2023-05-17,326.92376708984375,327.5062865033396,322.8954855014456,324.0802600246996,47486100,QQQ
2023-05-18,332.9958190917969,333.2130322713729,327.298952248182,327.318687944204,64213500,QQQ
2023-05-19,332.2455139160156,333.9239522199863,331.1791835762342,333.2130753704112,61462400,QQQ
2023-05-22,333.3612060546875,334.37815197461583,331.97892372164165,331.9888066365697,43015900,QQQ
2023-05-23,329.1353454589844,332.7884677576292,328.7799221680884,331.63331193138544,48216700,QQQ
2023-05-24,327.44708251953125,328.6911245195103,325.38357214439645,327.1706320896289,62891200,QQQ
2023-05-25,335.414794921875,336.6884554363801,332.40345903815637,334.84215840799624,66862800,QQQ
2023-05-26,343.9847717285156,344.82400582899766,336.34286925838103,336.441607999173,63007000,QQQ
2023-05-30,345.5447998046875,349.4447243411422,344.11316324812844,348.24018389787153,72652200,QQQ
2023-05-31,343.5799865722656,346.1569262614468,342.1187615834725,343.9551757334429,65105400,QQQ
2023-06-01,347.5490417480469,348.88190930368324,342.2668354384562,343.32328272654104,50488600,QQQ
2023-06-02,350.15557861328125,351.32061745512095,347.5490505242359,349.31634448350934,53293500,QQQ
2023-06-05,350.40240478515625,352.9694614399774,349.3657233143794,349.9383598124354,47266200,QQQ
2023-06-06,350.3431701660156,351.3107616418671,348.4573716514229,349.79026936005306,41390400,QQQ
2023-06-07,344.3995056152344,352.5943099053851,343.767601699518,350.62953827959683,69225900,QQQ
2023-06-08,348.67462158203125,349.13866660710295,344.46862787416944,344.6956938639714,47153900,QQQ
2023-06-09,350.00750732421875,353.12746502495304,348.55613507309926,350.13586468662544,53155900,QQQ
2023-06-12,355.92156982421875,356.0203085695918,350.6986306724168,351.6760749506901,44606500,QQQ
2023-06-13,358.6564636230469,359.495667580606,355.46738613949043,358.68608223177444,57097800,QQQ
2023-06-14,361.2630310058594,361.549364342027,355.8524970156522,358.6663555443292,69525600,QQQ
2023-06-15,365.56781005859375,367.05865376945474,359.36739591618766,359.9893867956174,71138800,QQQ
2023-06-16,363.26727294921875,368.12493580994004,362.8229938079182,367.996578458842,80875900,QQQ
2023-06-20,362.74725341796875,364.15119448991277,359.77134247973595,361.80802405198597,49204700,QQQ
2023-06-21,357.8039245605469,362.03548130598523,356.8745612880848,361.60045891580415,53378300,QQQ
2023-06-22,362.0255126953125,362.18367518143276,356.1428457897687,356.5482088193424,47603000,QQQ
2023-06-23,358.4366149902344,360.7501261798253,356.7360815296591,358.1103331846834,48873900,QQQ
2023-06-26,353.6316223144531,360.71058608837683,353.5426445924046,357.9027340057871,52685500,QQQ
2023-06-27,359.71197509765625,360.443619921125,354.45221247440605,355.18382712571,49428100,QQQ
2023-06-28,360.4139404296875,362.3715103698552,357.8038069465798,357.88291835815687,46498000,QQQ
2023-06-29,359.6922302246094,360.76002318888607,358.0411489420112,360.1173560473463,46151000,QQQ
2023-06-30,365.2387390136719,366.29660530522773,363.07352407928244,363.3898792336409,58668800,QQQ
2023-07-03,366.0989074707031,366.7316479867837,364.79384055531756,365.88139631813885,19432900,QQQ
2023-07-05,366.0890197753906,367.79944979665413,364.4873604191001,364.52691613110557,34460900,QQQ
2023-07-06,363.3009033203125,363.74582207370446,360.3941772343043,362.3616739785019,49374700,QQQ
2023-07-07,362.0946960449219,366.28672604257486,361.8673186144152,363.0735112284501,47083200,QQQ
2023-07-10,362.21331787109375,362.895510478458,359.2967257264292,361.8178513295315,48498800,QQQ
2023-07-11,364.0029296875,364.4577147899606,360.49309179100067,362.6385442079493,38214100,QQQ
2023-07-12,368.6002197265625,369.95470846455686,366.1087232009316,368.1256417759273,61975400,QQQ
2023-07-13,374.85858154296875,375.6890703753356,371.2103444248289,371.79366288427116,46960000,QQQ
2023-07-14,374.7795104980469,378.526591729592,373.89956946385104,375.2936140257407,55097800,QQQ
2023-07-17,378.2793884277344,379.1593293853477,375.01675176916365,375.50119601602415,40868900,QQQ
2023-07-18,381.3740234375,382.748305317866,375.69900081709324,377.6368082678377,55343400,QQQ
2023-07-19,381.2850341796875,383.5886790903595,379.95030805115573,382.44180487032605,54093000,QQQ
2023-07-20,372.4957275390625,379.75264760793465,371.4674901212205,378.2794913555172,71941700,QQQ
2023-07-21,371.3784484863281,375.61990070445756,370.9434261987166,374.8882558541113,60439400,QQQ
2023-07-24,371.9716491699219,373.3063450484454,370.10302666452543,372.35721926286993,40380100,QQQ
2023-07-25,374.4927978515625,376.163672091749,372.66373094206153,372.68352388332994,38894400,QQQ
2023-07-26,373.2470703125,374.94760388752644,370.93355896720266,373.444818703244,47075700,QQQ
2023-07-27,372.3572082519531,380.3556376773695,371.06203794751116,378.73421576546514,63940200,QQQ
2023-07-28,379.1395568847656,380.16776382426906,375.9164458422891,376.4305493120408,56902900,QQQ
2023-07-31,379.3373107910156,380.52374066023293,378.0124812012831,379.4460814455736,44019900,QQQ
2023-08-01,378.4573974609375,379.21867134918625,376.3811602895189,377.9828194819329,41060600,QQQ
2023-08-02,370.1524963378906,374.96737061137526,368.90674794207894,374.96737061137526,72687100,QQQ
2023-08-03,369.5592956542969,371.69485148439315,367.56213955565556,367.73022869974443,47666400,QQQ
2023-08-04,367.8290710449219,373.8204784777676,367.32483382848005,371.49707093515735,61646200,QQQ
2023-08-07,370.9434509277344,371.04232512190407,367.3051098907653,369.6482804489646,37230400,QQQ
2023-08-08,367.78955078125,368.44208425007037,364.6455505723434,368.4223214802883,44726500,QQQ
2023-08-09,363.7458190917969,368.23444160931075,362.9845451887176,368.0762489465608,51150900,QQQ
2023-08-10,364.41815185546875,370.1228338964352,362.88570742527753,366.7712189202798,72035300,QQQ
2023-08-11,362.0946960449219,363.83478510704816,360.5622518178204,361.8475256746046,48683800,QQQ
2023-08-14,366.158203125,366.27684007860887,360.57215863003734,361.29387682187973,42130800,QQQ
2023-08-15,362.272705078125,365.9802608727293,361.6003786965237,365.17940106270174,45539900,QQQ
2023-08-16,358.4366149902344,363.27125204520655,358.33774080151693,361.72891125214596,53190500,QQQ
2023-08-17,354.52142333984375,360.18657958585914,354.1061939777416,359.8405350026627,62604300,QQQ
2023-08-18,354.0765075683594,355.3420186712716,350.6952035898633,351.2389965137788,61119500,QQQ
2023-08-21,359.78118896484375,360.4633816082116,355.0849518770543,355.549633385259,50696500,QQQ
2023-08-22,359.26708984375,362.4110897859615,358.57500072190544,362.4011933158261,44613500,QQQ
2023-08-23,364.9322204589844,366.0296726329871,360.235983250638,360.4534943913849,51770600,QQQ
2023-08-24,357.131591796875,368.52119370161955,356.9239770956891,368.42234967297765,66842500,QQQ
2023-08-25,359.89984130859375,361.6003747547348,354.5214113474112,357.97193041971536,69960500,QQQ
2023-08-28,362.6088562011719,363.5480855736566,360.12725584690025,362.83623364828054,40910000,QQQ
2023-08-29,370.5281677246094,370.88410876646157,362.08484914617145,362.41110077671715,58492400,QQQ
2023-08-30,372.5945129394531,373.1778616030941,369.6284683014807,370.63694278857776,41731500,QQQ
2023-08-31,373.7117004394531,375.4221302502498,372.6043820168978,372.67359696134855,35730700,QQQ
2023-09-01,373.3163146972656,376.5196337091116,371.8233956943068,376.09450782488176,39772400,QQQ
2023-09-05,373.7908630371094,375.01681857678574,371.5761957165791,372.5055588425171,32344200,QQQ
2023-09-06,370.49847412109375,373.355777972663,368.48158570227645,373.00973343334255,42998700,QQQ
2023-09-07,367.8488464355469,368.62991328990006,364.971779571992,366.01977957659284,52060700,QQQ
2023-09-08,368.36297607421875,370.6073026092289,367.3940874195048,367.79945049486855,35800100,QQQ
2023-09-11,372.70330810546875,373.21741168120803,369.430774386833,371.40813760883253,39936600,QQQ
2023-09-12,368.5706481933594,372.6835675610619,368.2839220608627,371.0225594246764,41391000,QQQ
2023-09-13,369.9744567871094,371.5860122903015,367.67084240994296,368.8078199810279,46300700,QQQ
2023-09-14,372.9998474121094,373.9885288823405,369.65812938734604,371.73433633710016,48039400,QQQ
2023-09-15,366.61297607421875,372.0606206676054,365.6737166021989,371.6552576413739,69757700,QQQ
2023-09-18,366.99517822265625,368.11401041189424,365.3812896817796,365.6684308261657,36903500,QQQ
2023-09-19,366.2129821777344,367.01497105329946,363.1733289148266,365.66843227511083,37621700,QQQ
2023-09-20,360.93572998046875,367.63878278491364,360.85650403528666,367.28235667912867,45514200,QQQ
2023-09-21,354.32177734375,358.02482002630273,354.1534750766344,357.2327116003718,69584700,QQQ
2023-09-22,354.3712158203125,358.22273824737425,354.0543725262037,356.0742107563479,51589700,QQQ
2023-09-25,356.0544128417969,356.1435495745619,352.4108053647786,353.40091806282754,39168000,QQQ
2023-09-26,350.70782470703125,354.0049170477041,349.7177119683523,353.460336911925,53657700,QQQ
2023-09-27,351.52960205078125,353.450422999947,347.8859645520074,351.8662367242854,56066000,QQQ
2023-09-28,354.4703063964844,356.6089537500226,349.74744882647866,350.6088421600192,56453300,QQQ
2023-09-29,354.7276611328125,359.36141146729653,353.49002027532197,357.96534895414624,64754300,QQQ
2023-10-02,357.6881408691406,359.09408404986874,354.38116791803844,354.99503298701916,51625100,QQQ
2023-10-03,351.4108581542969,357.4406416499814,349.7870586130225,355.23267916617897,60478500,QQQ
2023-10-04,356.19305419921875,357.0445366424144,351.78704046955573,352.25239466074294,54786700,QQQ
2023-10-05,355.1435852050781,356.5891415244515,351.6286966281791,356.1831916247675,45897400,QQQ
2023-10-06,361.0941467285156,362.29217474440776,351.34152970035785,352.13360784630345,74959200,QQQ
2023-10-09,362.93572998046875,363.4802799107692,357.2128794506179,358.71783996434965,45304800,QQQ
2023-10-10,364.9456481933594,367.60905385920597,362.76741831287455,363.27235525932656,46968800,QQQ
2023-10-11,367.54962158203125,367.73774540404753,364.54958144124566,366.28227859025014,38215100,QQQ
2023-10-12,366.27239990234375,370.04472703730863,363.8664331877617,368.05462096991204,49587900,QQQ
2023-10-13,361.6684265136719,367.49029500076745,360.26245294886337,366.9061320356809,52469900,QQQ
2023-10-16,365.757568359375,366.816996293522,362.84663434762865,362.99514522254543,44201100,QQQ
2023-10-17,364.55950927734375,366.26250433488707,360.0643891459489,362.1931254139176,50999100,QQQ
2023-10-18,359.7772216796875,364.2723414822107,358.44056358545816,362.05449885914777,54280500,QQQ
2023-10-19,356.410888671875,362.401058737252,355.60889975973936,361.20303076734524,72274200,QQQ
2023-10-20,351.0939636230469,356.48017903871954,350.8662268281321,355.9058967614008,72369800,QQQ
2023-10-23,352.1534118652344,355.7079129793091,347.6483807644499,349.7672365336669,60665200,QQQ
2023-10-24,355.57916259765625,356.3514492598639,352.27218995610843,353.9751849312126,47082100,QQQ
2023-10-25,346.8761291503906,353.3514755920941,346.2919662000005,353.17326253248615,71190500,QQQ
2023-10-26,340.2621154785156,346.60874116393825,338.96507032979633,345.66812206410054,78621400,QQQ
2023-10-27,341.8958435058594,345.39094042965337,340.67799390212537,343.0047649909614,63476700,QQQ
2023-10-30,345.7474060058594,347.0741535479195,343.0245957731026,344.3909260722307,55298500,QQQ
2023-10-31,347.40081787109375,347.7770655095958,343.19283914250786,345.7770488504174,47671900,QQQ
2023-11-01,353.43060302734375,353.9949744895556,348.1434051030856,348.2424224112379,58992700,QQQ
2023-11-02,359.8465576171875,360.08417499315453,356.7375892743592,357.96534955381867,58162400,QQQ
2023-11-03,364.0743713378906,365.37141669614124,360.91590907031525,361.14364589333945,53239100,QQQ
2023-11-06,365.55950927734375,366.1238807801427,363.2822621052725,364.84662690955616,38848700,QQQ
2023-11-07,369.0150146484375,369.88628844141186,365.4010791278928,366.60901782814375,50777400,QQQ
2023-11-08,369.25262451171875,370.09422633109835,366.9555558471987,369.39122457438685,35663400,QQQ
2023-11-09,366.4110107421875,371.0942244316101,365.91595439677934,369.9457203002036,53859400,QQQ
2023-11-10,374.64874267578125,374.79725353111957,367.60902597434216,368.14369526940044,58309800,QQQ
2023-11-13,373.48040771484375,374.53983556871776,371.52988446314305,373.0645772965843,40733500,QQQ
2023-11-14,381.5201416015625,382.4409694446784,379.39140518235473,379.9161637435161,67792600,QQQ
2023-11-15,381.8072509765625,383.91619584241715,380.4408906287783,383.42113949703685,54141400,QQQ
2023-11-16,382.1340637207031,382.37168113387685,379.7676795230793,381.03502275308256,45343500,QQQ
2023-11-17,382.2231140136719,383.24292888295713,380.49041679390666,381.40130355428334,46571900,QQQ
2023-11-20,386.87664794921875,387.54003678957616,382.233016714247,382.233016714247,44429600,QQQ
2023-11-21,384.62908935546875,385.3815846913635,382.8766007196448,385.16375868443833,43337000,QQQ
2023-11-22,386.203369140625,389.1836181277207,385.1934650334823,386.7083363021177,44121000,QQQ
2023-11-24,385.6588134765625,386.3914872169499,384.65878996485594,385.7974135444921,15718800,QQQ
2023-11-27,385.3221740722656,387.282577886834,384.44095926264674,385.16375241382264,34139700,QQQ
2023-11-28,386.3321533203125,386.9163163030701,384.2132972191954,384.56975357400796,35491100,QQQ
2023-11-29,385.9558410644531,390.24304610845127,385.60929556560467,388.8073705628687,38811700,QQQ
2023-11-30,384.9855041503906,386.6884991866765,382.00528549877134,386.22314501350996,52834400,QQQ
2023-12-01,386.0845642089844,386.67863789608543,382.25283274015476,383.91621489136344,40440500,QQQ
2023-12-04,382.5003662109375,382.77759657330336,378.87654990697035,382.27262939991283,51186900,QQQ
2023-12-05,383.46075439453125,384.658782295944,380.4111903707732,380.5894336200464,42933000,QQQ
2023-12-06,381.2428894042969,386.5102963079109,380.8963741261935,386.41127899309186,41994100,QQQ
2023-12-07,386.5697021484375,387.4013932076175,383.1340098002427,384.23305063205214,49593500,QQQ
2023-12-08,388.29254150390625,388.73807412456944,384.63902293524785,384.8271467803648,46623600,QQQ
2023-12-11,391.6094055175781,391.87675531290614,387.6588650971026,387.8667803255895,41198000,QQQ
2023-12-12,394.7282409667969,394.8470496555286,390.51035122177007,391.64897477657155,39221200,QQQ
2023-12-13,399.7480773925781,400.36194240987453,394.8965313809534,395.66881805042965,55408100,QQQ
2023-12-14,399.4015808105469,402.28278220829327,396.38171891387793,400.97585639441314,55447800,QQQ
2023-12-15,401.332275390625,402.5204227086679,399.57978680156117,400.18374104074127,62598000,QQQ
2023-12-18,403.8601379394531,404.76294381698955,401.39977317765283,401.72714968101656,46610000,QQQ
2023-12-19,405.9237060546875,406.0427520568413,404.1280248777437,404.3165244732192,35711900,QQQ
2023-12-20,399.89178466796875,407.2233472484301,399.7132156624534,405.1201204469489,54042400,QQQ
2023-12-21,404.5447082519531,404.9118071471516,401.2708219069313,403.8403325161352,45568900,QQQ
2023-12-22,405.1498718261719,406.72729188787474,403.2649061705883,405.76496301393325,34292400,QQQ
2023-12-26,407.630126953125,408.304741189549,405.9137995835603,406.01301468331627,22722500,QQQ
2023-12-27,408.4599304199219,408.7477964468477,407.05040773246685,407.91400581324433,31980500,QQQ
2023-12-28,408.2613525390625,409.8694096176595,407.9040267163417,409.62125658784197,27029200,QQQ
2023-12-29,406.4945068359375,408.5988699879272,404.56883688859426,408.24151387075227,42633400,QQQ
2024-01-02,399.6157531738281,403.08989597129226,397.2831083799637,402.84174291433055,58026900,QQQ
2024-01-03,395.38720703125,398.0374949521076,394.9504855289812,396.9753926206551,47002800,QQQ
2024-01-04,393.3523864746094,396.6379306426437,393.13401056500635,393.5112080717863,39432800,QQQ
2024-01-05,393.8188781738281,396.60811594622027,392.4192913800464,393.5211066398828,44867900,QQQ
2024-01-08,401.95831298828125,402.24614870913854,394.9008246615034,395.04971042955367,42473800,QQQ
2024-01-09,402.75238037109375,403.6854382166415,398.7422187982365,398.9407533453347,39132900,QQQ
2024-01-10,405.4820861816406,406.49453972667374,402.1767008639439,403.0700457909873,33962800,QQQ
2024-01-11,406.3258361816406,408.16217492780896,401.2535717625094,406.76258800101436,54536200,QQQ
2024-01-12,406.53424072265625,408.21175772488306,405.1346539182594,407.3680313161463,39581400,QQQ
2024-01-16,406.4945068359375,408.0826922955766,403.82437779427454,405.2934546455613,43903000,QQQ
2024-01-17,404.20159912109375,404.5787965978987,399.943314660414,403.169304259661,54386000,QQQ
2024-01-18,409.9388732910156,410.5245108118268,406.1371821670655,407.4871201217249,59562500,QQQ
2024-01-19,418.0683898925781,418.22721147612486,411.56679224301826,412.1524297930296,70268500,QQQ
2024-01-22,418.6143798828125,421.5922166668519,418.0088706514876,420.28196121176524,44880600,QQQ
2024-01-23,420.3514099121094,420.5697857997683,417.4629048812153,419.3091489651431,33003800,QQQ
2024-01-24,422.6840515136719,426.674372055235,422.187745399915,424.28217295187216,46948000,QQQ
2024-01-25,423.2002258300781,425.870355123826,420.8477397166701,425.1953557925735,44367200,QQQ
2024-01-26,420.678955078125,423.0612181922162,420.02382742062906,421.3043055826492,37137000,QQQ
2024-01-29,424.9869384765625,425.18547304794146,420.4804702769383,421.1355980119419,38694700,QQQ
2024-01-30,422.157958984375,424.5203808807755,421.2447727186817,423.9446791299793,36739000,QQQ
2024-01-31,413.8894958496094,419.74590156748536,413.71083292993256,417.7408358983897,64010600,QQQ
2024-02-01,418.76324462890625,419.2595507346498,414.72330565804486,415.6960765304657,51008600,QQQ
2024-02-02,425.840576171875,427.0614698097153,419.6665269811323,420.6690447199256,59582300,QQQ
2024-02-05,425.2846984863281,426.4361019522378,421.86017436580494,425.9001131880756,39889200,QQQ
2024-02-06,424.4310607910156,427.04163580880805,422.07857464711026,426.4361265951778,35846100,QQQ
2024-02-07,428.79852294921875,429.63231353953967,425.9199537057518,427.23020904430734,37712700,QQQ
2024-02-08,429.5926513671875,430.3569518717648,428.2327774719203,428.9176520352745,29889900,QQQ
2024-02-09,433.8211669921875,434.61527495875947,429.9400797942806,430.734157468731,36943900,QQQ
2024-02-12,432.1238098144531,435.8957545094765,431.43890494407606,433.71199546014077,33203300,QQQ
2024-02-13,425.3839416503906,428.0838480172426,422.1877291888388,424.1233350750162,64491700,QQQ
2024-02-14,430.0194396972656,430.4462556544984,425.7115065726426,428.0739283521079,45092700,QQQ
2024-02-15,431.2998962402344,431.7664251421379,428.1433667184467,430.71425873224786,38796100,QQQ
2024-02-16,427.3890380859375,431.77636700387006,426.67435609717256,431.6771300185272,53661500,QQQ
2024-02-20,424.1630859375,426.902675226346,420.37129976514063,425.3839796525748,53999500,QQQ
2024-02-21,422.4656677246094,422.5550294804839,418.5150905198182,421.4135012064581,50179700,QQQ
2024-02-22,434.8336486816406,435.87587941064345,430.50584358886897,431.28007991981656,53887800,QQQ
2024-02-23,433.55316162109375,437.3350117330803,432.57048522270816,436.4019538285466,39853900,QQQ
2024-02-26,433.3248291015625,435.35970221784373,433.1362303665872,434.36709005149754,33043200,QQQ
2024-02-27,434.3670959472656,434.7541989454928,431.81607537502174,434.43658606996166,33713200,QQQ
2024-02-28,432.0542907714844,433.44397205103047,431.0914557494604,432.21311235463594,32938800,QQQ
2024-02-29,435.7567443847656,436.83868801936825,431.80613702709377,434.99244391595084,42495200,QQQ
2024-03-01,442.31793212890625,443.2807672273285,436.59057032636423,436.65012463825656,43809200,QQQ
2024-03-04,440.73968505859375,442.74478121201923,440.4915319934369,442.3179349179366,34325700,QQQ
2024-03-05,432.82855224609375,437.6923764233258,430.4462889444193,437.68244060751323,57917100,QQQ
2024-03-06,435.54833984375,438.7246808844075,433.6623826177155,437.067035382182,46234500,QQQ
2024-03-07,442.1591491699219,443.4197558515967,437.603032179318,439.15153519410916,44526700,QQQ
2024-03-08,435.776611328125,445.3255664484289,435.10164228025627,442.5164568673743,71954300,QQQ
2024-03-11,434.15869140625,435.41929807263506,432.2230853803296,434.2778000308379,45860000,QQQ
2024-03-12,440.38232421875,440.7396500639856,433.23550439283974,436.4813656143289,55300900,QQQ
2024-03-13,436.99749755859375,439.3996322819967,435.8758409861507,439.37976065210785,37928700,QQQ
2024-03-14,435.895751953125,438.76438556389274,433.16606830352464,438.2383022903819,52195200,QQQ
2024-03-15,430.71429443359375,435.62770659448984,429.5429890284152,432.8484045817882,73038800,QQQ
2024-03-18,434.8222351074219,438.3606049906874,434.5836725280685,436.0646411150903,47323800,QQQ
2024-03-19,435.9055480957031,436.3130608486692,430.69736221940724,432.80450799058684,43004100,QQQ
2024-03-20,441.0739440917969,441.41187484295807,435.3986426649936,437.1081943269805,43653500,QQQ
2024-03-21,443.1612548828125,446.6101752233874,442.96248811801075,446.15297829894706,39345700,QQQ
2024-03-22,443.6681213378906,444.77136321757473,441.7895890577687,442.64438008964424,28229300,QQQ
2024-03-25,442.0579833984375,443.54887052978523,439.8514692307558,440.85531260665005,27789200,QQQ
2024-03-26,440.626708984375,444.5129582338751,440.3980953818721,443.58858520265886,34142000,QQQ
2024-03-27,442.12750244140625,443.8271354848446,439.2451269333431,443.7277369503236,41359200,QQQ
2024-03-28,441.3125305175781,442.9326326859272,440.954701840876,442.077841642599,36839600,QQQ
2024-04-01,442.2467956542969,444.8111079660464,440.32849798178324,442.2666632281864,38729000,QQQ
2024-04-02,438.43011474609375,438.7481779333621,435.3688399821171,437.40637350696596,44259700,QQQ
2024-04-03,439.41412353515625,441.302574431378,436.28326674244977,436.2931853637425,39949800,QQQ
2024-04-04,432.6951599121094,444.2346410425793,432.4665463196345,443.61838227140885,57267700,QQQ
2024-04-05,437.7940368652344,440.4776458293539,433.31142652599976,434.1264521026199,54723000,QQQ
2024-04-08,437.9232482910156,439.8116992382588,436.53175971579304,438.72832490711494,28144900,QQQ
2024-04-09,439.5433044433594,440.5471477038284,434.7823969250047,440.2688500179301,39521600,QQQ
2024-04-10,435.706787109375,436.57149678734754,433.62948802504957,434.34511505719513,61502200,QQQ
2024-04-11,442.66424560546875,443.6184048391595,435.29925982514396,437.58530486966725,45474600,QQQ
2024-04-12,435.6073913574219,439.5532738471817,434.2258517210107,438.4202153994653,53602600,QQQ
2024-04-15,428.4411926269531,439.46381426696865,427.5963505381649,439.3743646809335,63453600,QQQ
2024-04-16,428.48095703125,431.1248004520584,427.08946847613385,428.28215995244386,47619000,QQQ
2024-04-17,423.2528991699219,430.4886699190039,422.3186075064486,430.4688023441849,56880500,QQQ
2024-04-18,420.8376770019531,425.63832014085494,420.2611836678323,423.89895184916685,46549400,QQQ
2024-04-19,412.130859375,420.18165528847595,410.5604717386472,419.6548764253516,75136600,QQQ
2024-04-22,416.27557373046875,418.62122159598886,411.4252160663763,414.77473764209736,47807700,QQQ
2024-04-23,422.4875793457031,423.6902197392302,416.32523407521103,418.21368493804744,44384700,QQQ
2024-04-24,423.9188537597656,427.11929265998185,421.62289001962966,425.5985890096038,48440300,QQQ
2024-04-25,421.8713684082031,422.7360780796387,415.59970571969336,416.69299866894346,57392200,QQQ
2024-04-26,428.3815612792969,429.9221324874542,424.32636170197503,425.02209081797236,41874900,QQQ
2024-04-29,430.1209411621094,431.1248148789749,427.36778048835026,430.4986374251747,30022200,QQQ
2024-04-30,422.010498046875,429.9320793690748,421.93099741452374,428.5306418580008,43665900,QQQ
2024-05-01,418.9591064453125,427.5267623847796,418.10434580800614,420.5792084736945,52251700,QQQ
2024-05-02,424.30645751953125,425.2109326559096,418.07456043563815,422.7161718987801,36559000,QQQ
2024-05-03,432.8343505859375,433.8282753119097,429.9917100969259,431.8006603779173,48515300,QQQ
2024-05-06,437.57537841796875,437.6648280070857,433.8680281196253,434.6432882241486,30227200,QQQ
2024-05-07,437.6449279785156,439.2848976550699,436.90940308002365,438.0226242148974,30996100,QQQ
2024-05-08,437.38653564453125,438.7979221763024,434.89177474394637,435.0110711964072,24896700,QQQ
2024-05-09,438.3406677246094,438.91716104642546,435.7962228759371,437.6548572433791,24580100,QQQ
2024-05-10,439.3743591308594,441.6106897500157,437.8238389948184,439.8514539158625,27116600,QQQ
2024-05-13,440.3881530761719,441.39202675305245,438.96684800150217,441.2926282142823,22994200,QQQ
2024-05-14,443.2208251953125,443.75755301542756,439.7719053430275,439.9607534587685,34478300,QQQ
2024-05-15,450.14849853515625,450.39697971455655,444.184950229549,445.7056538341918,41464700,QQQ
2024-05-16,449.234130859375,451.9276585074266,449.0651503014162,449.9596765327502,34780400,QQQ
2024-05-17,449.01544189453125,449.96960113416935,446.80892779949755,449.3632912813186,35803700,QQQ
2024-05-20,452.14630126953125,452.8122138507062,449.04526097395853,449.2341090986919,24474200,QQQ
2024-05-21,453.0308837890625,453.2197319159989,450.0888750553738,450.287672135994,23167700,QQQ
2024-05-22,452.94140625,454.04467841465674,450.32737949526097,453.28928595352863,25120000,QQQ
2024-05-23,450.9039001464844,457.78184234537497,449.1048987978149,457.7520258165309,40899200,QQQ
2024-05-24,455.1678161621094,456.44003853034314,450.81442124094525,452.5239728919007,29651000,QQQ
2024-05-28,456.8873291015625,456.9469621609414,453.91550375786767,456.3903667186208,26216800,QQQ
2024-05-29,453.6670227050781,455.45607515134446,452.5736993958368,452.71286342254785,29739200,QQQ
2024-05-30,448.80670166015625,452.8718805159378,447.4748461559964,452.73271649368525,30714100,QQQ
2024-05-31,447.9718322753906,449.7310985610512,440.3683137209429,449.0353390772498,55941300,QQQ
2024-06-03,450.3771057128906,452.81220303695954,445.1788685944322,451.80835971238633,32997500,QQQ
2024-06-04,451.6095886230469,452.8122290903697,448.38928210498244,450.11870148213904,23767400,QQQ
2024-06-05,460.71392822265625,460.79342885478496,451.64933955120875,455.19765811194037,33817400,QQQ
2024-06-06,460.5549011230469,461.7178064129903,459.3820772116002,461.3997432170189,21966800,QQQ
2024-06-07,460.14739990234375,462.9105095308985,459.03420902064926,460.1871653858833,25829700,QQQ
2024-06-10,462.00604248046875,462.36387117426364,458.7261028369313,459.0143495163526,20719800,QQQ
2024-06-11,465.1766357421875,465.2959321874115,459.22303638582815,460.72387241676694,22053300,QQQ
2024-06-12,471.2693786621094,473.60510771517727,468.42676865058667,469.1224977238964,34532600,QQQ
2024-06-13,473.8237609863281,475.4836285001739,471.5377464211818,474.8176856376392,25859000,QQQ
2024-06-14,476.2787780761719,476.34836008469756,473.157839967531,473.62498578850034,23372600,QQQ
2024-06-17,482.1131286621094,483.9021810490091,475.2351864943454,476.54714408972313,37054500,QQQ
2024-06-18,482.26220703125,482.9480175176574,480.4930222351118,482.063440285676,24438600,QQQ
2024-06-20,478.5449523925781,483.88232346697015,476.70618553173887,483.4648920564215,33918700,QQQ
2024-06-21,477.26275634765625,479.6084344181934,475.7619506728201,478.26663000343706,39432900,QQQ
2024-06-24,471.8293151855469,477.7724784027067,471.6899603501367,476.0303454875639,37751000,QQQ
2024-06-25,477.2249450683594,477.5235842618228,472.9840862388635,473.92982765214083,29250200,QQQ
2024-06-26,478.2104797363281,478.7580254257424,475.98055943432456,476.39865430075747,22737100,QQQ
2024-06-27,479.4449157714844,480.9282381602352,477.1453027680209,477.96162376312043,26222100,QQQ
2024-06-28,476.9561462402344,485.009804377067,476.3090743915452,480.24132931728025,34881600,QQQ
2024-07-01,479.7535400390625,480.3209545126409,474.11898094653327,477.8819867258792,24898300,QQQ
2024-07-02,484.790771484375,484.8504993213737,478.1208794692536,478.25029990954596,26723600,QQQ
2024-07-03,488.8325500488281,488.9619704978305,484.0342109510959,484.0342109510959,18064900,QQQ
2024-07-05,493.92950439453125,494.36752879434596,489.3800416485015,489.67871121949463,28495900,QQQ
2024-07-08,495.10418701171875,495.6616670817265,493.2724624416382,494.2978308254437,22109400,QQQ
2024-07-09,495.5322570800781,497.7522430208902,494.0091364316496,496.6273180908013,25614500,QQQ
2024-07-10,500.6989440917969,501.2564241916965,496.1495115315863,497.46355440684283,28046900,QQQ
2024-07-11,489.7185363769531,501.01751887372984,488.5239491686358,500.8084714288421,49966600,QQQ
2024-07-12,492.5955505371094,497.37396004854935,489.82804920549296,490.2959375419354,37109400,QQQ
2024-07-15,493.9195556640625,498.7577233716833,491.86881880761507,494.3774792313232,31151400,QQQ
2024-07-16,494.10870361328125,496.19926915513554,490.93304180388435,495.38294816768223,25950600,QQQ
2024-07-17,479.60418701171875,486.6025823583047,479.534524786541,486.0849309606581,56268800,QQQ
2024-07-18,477.33447265625,483.5265122463868,474.12894675176653,483.3473287165408,49347400,QQQ
2024-07-19,473.103515625,479.5245313511087,471.809372018062,476.9959415922219,42042900,QQQ
2024-07-22,480.1517333984375,481.17710180896916,475.56244189705,478.99694454321184,40300000,QQQ
2024-07-23,478.4593811035156,482.25225092252134,477.981558373806,479.2458381866789,23282500,QQQ
2024-07-24,461.296875,472.05827609627306,460.43079095538235,471.68994429618385,58818600,QQQ
2024-07-25,456.2098388671875,465.836380804191,453.5817227700731,461.63535057513343,59256800,QQQ
2024-07-26,460.88873291015625,463.8354178088728,457.7031062658662,460.5701641696498,39992100,QQQ
2024-07-29,461.8145446777344,465.8065275585934,459.54479556805506,463.6164054438207,28218500,QQQ
2024-07-30,455.4731750488281,464.46257951556646,452.1083649603911,463.75577982338285,41317200,QQQ
2024-07-31,468.9523010253906,470.66456994014675,464.31324651936075,465.76667454850946,44552100,QQQ
2024-08-01,457.5935974121094,473.4121479567119,453.93014818105814,469.63920781437156,56653900,QQQ
2024-08-02,446.7326354980469,451.53097438399254,442.4718775379271,448.8630296682996,66323200,QQQ
2024-08-05,433.4128112792969,440.3017161359523,421.546414050656,422.8007291255903,87483500,QQQ
2024-08-06,437.5541076660156,445.06022037693447,432.6064489049222,435.26445938446454,63164400,QQQ
2024-08-07,432.8154602050781,446.9814995118465,432.4172644998528,444.4827736124513,54929200,QQQ
2024-08-08,446.05572509765625,446.9715722585002,435.1848021883716,439.0772285729269,47890100,QQQ
2024-08-09,448.3851623535156,450.02773861767974,443.60672277185614,444.73164765967067,33574000,QQQ
2024-08-12,449.3507995605469,452.32734811821604,446.5335049787422,449.3607643266826,27795000,QQQ
2024-08-13,460.50042724609375,460.7692328864476,453.6314527345255,453.77083793772886,40084500,QQQ
2024-08-14,460.6498107910156,463.0190859947047,456.33925926895904,461.4263030901307,34733700,QQQ
2024-08-15,472.2872619628906,472.68545768993755,466.27440622920614,466.65270280303605,38280600,QQQ
2024-08-16,472.8945007324219,474.26830180128684,469.52969066645085,470.4953312452627,38383600,QQQ
2024-08-19,479.1064453125,479.1462739994683,471.2419657477301,473.0338920966615,23737700,QQQ
2024-08-20,478.1009826660156,480.76892733301804,476.3986481620322,478.19057442195395,29209300,QQQ
2024-08-21,480.3309020996094,482.1924905795276,477.1652052071158,478.8874084800057,25658800,QQQ
2024-08-22,472.7153015136719,483.3572466801833,471.67996836305514,482.6603814021867,37739600,QQQ
2024-08-23,477.8421630859375,480.56983571182934,473.143380600377,477.08556993932774,36061500,QQQ
2024-08-26,473.203125,478.220476394492,471.1125593872627,477.2946644624071,27452600,QQQ
2024-08-27,474.6167297363281,475.6918612167135,469.5894138403523,471.56052366484244,27510000,QQQ
2024-08-28,469.2310485839844,474.8755420430586,465.78661154667714,474.1488432070302,37372400,QQQ
2024-08-29,468.5441589355469,475.7814658266737,467.25994960397594,471.1523759054323,41081500,QQQ
2024-08-30,474.12890625,474.75607893127403,468.3948211220354,472.9044551869276,33466500,QQQ
2024-09-03,459.73394775390625,471.20214908201854,457.34474294143126,471.0727590117474,44985200,QQQ
2024-09-04,458.539306640625,462.36207060099395,455.6722792409272,456.60805588804857,32505100,QQQ
2024-09-05,458.9673767089844,463.26793281179454,455.88130686094047,456.9066752215722,34452400,QQQ
2024-09-06,446.67291259765625,459.14658265747556,446.1751603520443,458.260569077701,50624400,QQQ
2024-09-09,452.4169616699219,453.412466159154,447.7978366376856,451.0232614610741,32981200,QQQ
2024-09-10,456.5981140136719,457.1058310486294,450.1970271400793,454.1889796697815,29680300,QQQ
2024-09-11,466.5133056640625,467.2599340258347,449.2512615855353,457.8424701291892,57843000,QQQ
2024-09-12,471.0926513671875,471.90897236695554,464.75129241952897,466.5431884079294,40175500,QQQ
2024-09-13,473.203125,474.3877778345382,470.12701961313286,470.3559965945637,29111800,QQQ
2024-09-16,471.112548828125,471.72975676901467,467.77763299393825,471.0627857543321,22585600,QQQ
2024-09-17,471.3614501953125,475.4529897850827,468.8527896101697,474.1488812258597,30084400,QQQ
2024-09-18,469.3206481933594,476.67741071769484,468.7133746450166,472.56600261469947,39909200,QQQ
2024-09-19,481.1870422363281,484.04416568094024,478.3299491721025,480.440413858692,52782500,QQQ
2024-09-20,480.27117919921875,481.5155597873976,476.1497761085855,480.32094227059173,34577700,QQQ
2024-09-23,481.54425048828125,482.640850366717,480.1087070879797,481.4545328286473,24843000,QQQ
2024-09-24,483.86700439453125,484.8240231519451,478.6831249040518,482.9598186385049,25952600,QQQ
2024-09-25,484.3156433105469,486.2795443317962,483.05953522315605,483.23897054333213,26549900,QQQ
2024-09-26,487.954345703125,492.17125835967835,484.2956965593865,491.8422631756141,32020200,QQQ
2024-09-27,485.24273681640625,489.1207057003584,484.0564193197731,488.9811246193061,22851100,QQQ
2024-09-30,486.55865478515625,486.8975982939018,481.42460830653164,484.2757374570207,30281100,QQQ
2024-10-01,479.7796936035156,486.48886451106847,475.92168227108954,486.1898056570345,42735400,QQQ
2024-10-02,480.4576110839844,482.3816273656089,476.24069870329294,478.8725078882411,23744000,QQQ
2024-10-03,480.0987243652344,483.04955003130146,477.50676933474847,478.25444691528793,25337200,QQQ
2024-10-04,485.81097412109375,486.3692375934672,480.89624764109163,485.9405764313014,30686600,QQQ
2024-10-07,480.6071472167969,485.0633067429107,479.3809450518926,483.8869680030971,24975100,QQQ
2024-10-08,487.78485107421875,488.4727168958394,482.35174546810964,483.15923483730273,28272000,QQQ
2024-10-09,491.6228942871094,492.20111528269723,486.4390149805114,487.4857513571396,24995000,QQQ
2024-10-10,491.0646667480469,492.9388501015995,488.01414462512105,489.3300644805617,25750400,QQQ
2024-10-11,491.8322448730469,492.8590845771344,488.65215102887265,489.2203628430835,20644500,QQQ
2024-10-14,495.95947265625,497.2853408753872,493.726418635354,494.2348187135991,26060100,QQQ
2024-10-15,489.330078125,496.95638364496574,487.1667841921858,496.28844492873617,34784500,QQQ
2024-10-16,489.389892578125,490.1674760780814,486.06023859507707,489.65904556627453,22996800,QQQ
2024-10-17,489.72882080078125,494.95258515393766,489.66900902750683,494.90275215056863,27210700,QQQ
2024-10-18,492.9388427734375,494.035442636669,491.77245236820977,492.5301087142749,25335000,QQQ
2024-10-21,493.88592529296875,494.69341466131954,489.78863625441153,491.72263139969306,30336500,QQQ
2024-10-22,494.4242248535156,495.90963167663193,490.4465898369971,491.20424619179255,26685800,QQQ
2024-10-23,486.8477478027344,492.7195236486866,483.5479998607037,492.0615637296155,39346600,QQQ
2024-10-24,490.7955017089844,491.47338873673766,487.92441497605495,490.5861300850279,22024900,QQQ
2024-10-25,493.7862243652344,498.73085696087213,492.8989656912797,493.60678904569716,38762100,QQQ
2024-10-28,493.865966796875,496.976300716809,493.5669079288349,496.916488943201,20477800,QQQ
2024-10-29,498.6112365722656,499.7975541196288,492.3207781941025,494.1849827905077,28014100,QQQ
2024-10-30,494.8429260253906,498.8006338320153,494.35445308345726,497.84361506430247,29756000,QQQ
2024-10-31,482.35174560546875,490.9051639132044,482.25204917477026,490.85533090939475,41245200,QQQ
2024-11-01,485.9206237792969,489.2303504152802,483.69754863687035,483.9966074918361,33655800,QQQ
2024-11-04,484.5050354003906,487.864595020036,482.7504756656839,485.3125247275959,23291600,QQQ
2024-11-05,490.6858215332031,491.3537602076177,486.0103420815346,486.1000597381435,24353600,QQQ
2024-11-06,504.0144348144531,504.841881718078,498.05297163116376,499.00999042840357,43082200,QQQ
2024-11-07,511.9497375488281,512.73733015701,506.7658582500825,506.8256700187663,32853100,QQQ
2024-11-08,512.5479736328125,513.3255267130085,510.82328922416144,511.4513432889382,22924500,QQQ
2024-11-11,512.2488403320312,513.9834424127648,509.3378691854966,513.774070806205,24167500,QQQ
2024-11-12,511.32171630859375,513.0662973274696,508.25126710152693,512.1790995095207,25835300,QQQ
2024-11-13,510.6637878417969,513.3853147659668,508.3709220958773,510.8133476964653,24567400,QQQ
2024-11-14,507.11480712890625,511.202086844484,506.19764258916234,510.3248373833927,28679500,QQQ
2024-11-15,495.0323486328125,501.7713952012952,492.95877244014196,501.38261867959363,51461100,QQQ
2024-11-18,498.4716491699219,500.5851100268142,495.19185874342753,496.5875174805612,27192700,QQQ
2024-11-19,501.9010009765625,502.3895043533527,495.54075211614304,495.8797260604786,24523000,QQQ
2024-11-20,501.6119079589844,501.9209455857888,495.0223605231752,501.60192918938486,29565500,QQQ
2024-11-21,503.4162902832031,505.3901395459976,496.01925366318784,504.6723678805058,34526700,QQQ
2024-11-22,504.22381591796875,504.96151475229726,501.22312673009804,502.85806302821806,23826600,QQQ
2024-11-25,505.02130126953125,509.86626772399495,502.69852968072695,508.32104916491807,26375200,QQQ
2024-11-26,507.7328796386719,508.5603265162039,505.6593339061935,506.5066774767877,26557100,QQQ
2024-11-27,503.73529052734375,506.66618904258314,500.37573083915373,506.5964289240894,24957400,QQQ
2024-11-29,508.1615295410156,508.7596776658199,503.7452547791602,504.3633300196629,15334000,QQQ
2024-12-02,513.6943359375,514.6613638846421,509.0388140524132,509.42762098516585,25147200,QQQ
2024-12-03,515.2694702148438,515.5486323809755,511.78030821513613,512.3585292405829,18597900,QQQ
2024-12-04,521.6397094726562,521.8989141052851,517.9910087683786,518.7088108930553,26086200,QQQ
2024-12-05,520.1941528320312,522.4172279095515,519.80534590885,521.689507909356,18169600,QQQ
2024-12-06,524.8496704101562,525.0889174852325,520.7324545957838,520.8620569024756,23762600,QQQ
2024-12-09,520.7623901367188,524.7200673311128,519.6059481473477,523.9225567999812,20674400,QQQ
2024-12-10,518.9879150390625,523.7531427665872,517.5523716280675,521.99858294802,24350000,QQQ
2024-12-11,528.279052734375,528.9669185403193,522.9656012200102,523.3743048572086,32168600,QQQ
2024-12-12,524.8696899414062,527.3220944429013,524.3911957347382,526.0460287635723,23577500,QQQ
2024-12-13,528.88720703125,531.5189858488804,525.6671675702225,528.8174164894651,28780400,QQQ
2024-12-16,536.5035400390625,537.4805468453278,531.3495659763669,531.4293352933635,31979900,QQQ
2024-12-17,534.1408081054688,535.8155984486888,532.4759965312329,534.6990715532088,28579100,QQQ
2024-12-18,514.8706665039062,535.2174988418191,513.4152264907397,533.492875441602,54703200,QQQ
2024-12-19,512.5778198242188,520.1443436340368,512.2389067316958,519.576101377112,46441800,QQQ
2024-12-20,517.0538940429688,523.1948531008555,507.712944414834,508.85937724769343,60530000,QQQ
2024-12-23,522.0914306640625,522.470869711588,515.3614764173324,518.7763669007879,29672800,QQQ
2024-12-24,529.1708984375,529.2607302964886,523.4094706075514,524.0485322584022,17558200,QQQ
2024-12-26,528.8114013671875,530.4489740342622,525.5263221162263,527.5333389778602,19090500,QQQ
2024-12-27,521.7818603515625,525.6660824304424,517.0888468707806,525.2267351908741,33839600,QQQ
2024-12-30,514.8422241210938,518.5866402404552,511.0678538916629,514.7423974022865,34584000,QQQ
2024-12-31,510.4687805175781,516.8891683491522,509.5002236457357,516.1303511956955,29117000,QQQ
2025-01-02,509.4702453613281,515.870704111665,504.95695643272836,513.534161708165,36389800,QQQ
2025-01-03,517.8078002929688,518.876214270739,511.7668215285793,512.5855468367399,29059500,QQQ
2025-01-06,523.7589111328125,527.1338830152287,521.2526998445645,523.239726881552,36109700,QQQ
2025-01-07,514.412841796875,525.2067422646539,512.5157076399819,524.8073744683829,36690300,QQQ
2025-01-08,514.5027465820312,516.1502530505413,509.80973302054656,514.3130270674945,30777800,QQQ
2025-01-10,506.4347839355469,510.81823127104343,503.1696640167018,510.7184045512355,40532500,QQQ
2025-01-13,504.80718994140625,505.2664964430211,498.955930441633,500.4536968562401,31694200,QQQ
2025-01-14,504.3279113769531,509.4003642097552,500.8431178147032,507.98246521320874,33737200,QQQ
2025-01-15,515.9306030273438,517.0788540153866,510.69838510096264,512.2660850261747,34957600,QQQ
2025-01-16,512.3160400390625,518.2871163063428,512.1862287337499,518.207218362087,28229000,QQQ
2025-01-17,520.9630737304688,523.2896212209615,512.3459196801547,522.0714062167059,51837900,QQQ
2025-01-21,524.0185546875,525.1867954798969,519.2856223520863,523.699023857799,23628000,QQQ
2025-01-22,530.7185668945312,533.0251247604261,528.4719172481036,528.7814532060628,33593000,QQQ
2025-01-23,531.8468627929688,531.9666792259658,527.6630996653944,528.2521869702515,23096600,QQQ
2025-01-24,528.8413696289062,532.9951484463661,527.3635928962776,532.22633644199,19878300,QQQ
2025-01-27,513.4443359375,517.2186756257028,509.39035345878335,510.23909385806246,60771700,QQQ
2025-01-28,521.0330200195312,522.2212505417087,511.0179559555614,514.4528057450258,33194200,QQQ
2025-01-29,520.0545043945312,521.8118935164292,516.1303634536972,521.6820822100884,26649000,QQQ
2025-01-30,522.2711181640625,525.3165642441627,517.438359498841,522.9301694920367,27431300,QQQ
2025-01-31,521.5122680664062,530.7285656818225,520.4139303866243,526.1353786930239,38845500,QQQ
2025-02-03,517.3385009765625,520.0744112670776,510.2890160078782,512.7053954765727,40580800,QQQ
2025-02-04,523.6890258789062,524.3280875345033,517.4583270975198,517.8577558683364,26046800,QQQ
2025-02-05,526.0654907226562,526.2252866098556,519.8447867569009,521.0430121337988,21134100,QQQ
2025-02-06,528.8114013671875,529.0211106171839,524.9571635327574,526.5747464776587,19434500,QQQ
2025-02-07,522.141357421875,531.3076811301025,521.4124638907397,529.3506385655694,29605500,QQQ
2025-02-10,528.4619140625,529.5702465773193,525.9656367169049,526.4349076046266,20852800,QQQ
2025-02-11,527.2037963867188,529.1309152421704,525.0470395107318,525.176850812149,19325500,QQQ
2025-02-12,527.5133056640625,528.4019950074942,521.1727857139907,521.522240157499,25009400,QQQ
2025-02-13,535.10205078125,535.4215206592452,528.4020202629058,529.190821985701,28714800,QQQ
2025-02-14,537.3486938476562,538.037668843142,534.8723452415906,535.2118657811616,17862600,QQQ
2025-02-18,538.5668334960938,539.1959002552666,535.2417750467905,538.9262828029723,20565000,QQQ
2025-02-19,538.7166748046875,540.0047320561414,535.6612335791547,537.7680771648068,19666900,QQQ
2025-02-20,536.4299926757812,538.2972031880117,531.6671371127117,537.9277590296091,26550800,QQQ
2025-02-21,525.296630859375,537.5982924495162,524.927186702252,537.5783027293683,47093800,QQQ
2025-02-24,519.0958862304688,528.282199221784,518.7564266339529,527.0939687454339,39268400,QQQ
2025-02-25,512.5556640625,518.5467299482928,508.6814365808121,518.4668320054188,48940000,QQQ
2025-02-26,513.7938232421875,518.8862050191877,510.60857068019567,514.7624106136165,34457600,QQQ
2025-02-27,499.5250549316406,518.2970788098012,499.3053813068577,517.3584760922864,52448000,QQQ
2025-02-28,507.413330078125,508.02240713965296,496.1900461196219,499.38529339387156,47654000,QQQ
2025-03-03,496.3098449707031,512.2760249711163,492.84501082888505,510.75829932931043,44587200,QQQ
2025-03-04,494.8121032714844,502.98991062423903,487.0137349661512,493.44414810630246,67875400,QQQ
2025-03-05,501.2624816894531,502.8800645204116,490.52848919261544,495.4611356242819,46323700,QQQ
2025-03-06,487.4730529785156,497.83757093660563,485.4760310990004,492.95486828670147,57574300,QQQ
2025-03-07,491.0577087402344,492.5454803049767,479.81446568968875,486.4345981651802,54714700,QQQ
2025-03-10,472.0260925292969,483.2493458601562,467.96214564805655,482.73013113594277,76668000,QQQ
2025-03-11,470.89776611328125,478.0970214694122,466.31460454838,471.6466493194181,68760800,QQQ
2025-03-12,476.2098693847656,480.34368899120636,471.0875031883269,478.4465242260423,46971100,QQQ
2025-03-13,467.6426086425781,475.5707879212251,465.73544909598814,475.5408338119963,46563300,QQQ
2025-03-14,478.9457702636719,479.84442403236915,472.41550005943543,473.0246075899529,43563000,QQQ
2025-03-17,482.0511169433594,485.11655285143536,477.08851633816323,478.89581870707696,41744400,QQQ
2025-03-18,473.8334045410156,478.8958320033506,471.7065712980047,478.696148092504,39072300,QQQ
2025-03-19,480.1739501953125,484.6073108234791,474.1628947137665,476.100008413995,40430300,QQQ
2025-03-20,478.5463562011719,483.82845706038523,475.47092548434057,476.16989532147545,36780500,QQQ
2025-03-21,480.1239929199219,480.89283536764714,472.2058085419186,473.3740492680448,42234900,QQQ
2025-03-24,490.6600036621094,491.510009765625,484.3999938964844,487.739990234375,34567200,QQQ
2025-03-25,493.4599914550781,493.6199951171875,490.4200134277344,491.3900146484375,26035200,QQQ
2025-03-26,484.3800048828125,493.1600036621094,482.82000732421875,492.29998779296875,34627100,QQQ
2025-03-27,481.6199951171875,486.5799865722656,480.25,482.4100036621094,33469800,QQQ
2025-03-28,468.94000244140625,480.5199890136719,468.04998779296875,479.80999755859375,46363800,QQQ
2025-03-31,468.9200134277344,469.8599853515625,457.3299865722656,461.9200134277344,53000300,QQQ
2025-04-01,472.70001220703125,473.6300048828125,464.4200134277344,467.29998779296875,41156200,QQQ
2025-04-02,476.1499938964844,479.55999755859375,465.8599853515625,466.1199951171875,49894500,QQQ
2025-04-03,450.6600036621094,460.07000732421875,450.1400146484375,456.44000244140625,70456300,QQQ
2025-04-04,422.6700134277344,440.3699951171875,422.6700134277344,438.1400146484375,117088400,QQQ
2025-04-07,423.69000244140625,443.1400146484375,402.3900146484375,408.6600036621094,161557000,QQQ
2025-04-08,416.05999755859375,443.1400146484375,409.7900085449219,438.1600036621094,101248100,QQQ
2025-04-09,466.0,467.8299865722656,415.42999267578125,415.57000732421875,142876900,QQQ
2025-04-10,446.17999267578125,455.5899963378906,432.6300048828125,453.55999755859375,108384100,QQQ
2025-04-11,454.3999938964844,455.7900085449219,441.3299865722656,444.6499938964844,52483800,QQQ
2025-04-14,457.4800109863281,465.04998779296875,452.6300048828125,464.4599914550781,43941200,QQQ
2025-04-15,457.989990234375,462.3800048828125,456.1499938964844,458.5400085449219,35404200,QQQ
2025-04-16,444.17999267578125,452.6199951171875,437.760009765625,449.0299987792969,48980600,QQQ
2025-04-17,444.1000061035156,447.75,441.3599853515625,447.1700134277344,44763900,QQQ
2025-04-21,433.1099853515625,439.0799865722656,427.92999267578125,438.2300109863281,44149300,QQQ
2025-04-22,444.4800109863281,447.5799865722656,437.6199951171875,438.82000732421875,52304400,QQQ
2025-04-23,454.55999755859375,463.3800048828125,452.8800048828125,458.1700134277344,55801100,QQQ
