DATE,Adj CLOSE,CLOSE,HIGH,LOW,OPEN,VOLUME,SEC_ID
2005-01-03,14.579785346984863,17.633333206176758,18.133333206176758,17.586666107177734,18.126667022705078,674700,SOXX
2005-01-04,14.138814926147461,17.100000381469727,17.683332443237305,16.860000610351562,17.633333206176758,1019700,SOXX
2005-01-05,13.915560722351074,16.829999923706055,17.1299991607666,16.753332138061523,16.94333267211914,1136100,SOXX
2005-01-06,13.849416732788086,16.75,17.003332138061523,16.709999084472656,16.866666793823242,1602000,SOXX
2005-01-07,13.918323516845703,16.833332061767578,17.03333282470703,16.65999984741211,16.856666564941406,585300,SOXX
2005-01-10,13.918323516845703,16.833332061767578,17.02666664123535,16.793333053588867,16.856666564941406,247500,SOXX
2005-01-11,13.598616600036621,16.446666717529297,16.636667251586914,16.360000610351562,16.55666732788086,678900,SOXX
2005-01-12,13.786026000976562,16.67333221435547,16.77666664123535,16.416667938232422,16.65333366394043,341100,SOXX
2005-01-13,13.65373420715332,16.51333236694336,16.73666763305664,16.483333587646484,16.610000610351562,2932500,SOXX
2005-01-14,13.808073997497559,16.700000762939453,16.829999923706055,16.6200008392334,16.649999618530273,198300,SOXX
2005-01-18,13.921077728271484,16.836666107177734,16.85333251953125,16.600000381469727,16.666667938232422,106200,SOXX
2005-01-19,13.549007415771484,16.386667251586914,16.816667556762695,16.360000610351562,16.816667556762695,588900,SOXX
2005-01-20,13.422222137451172,16.233333587646484,16.483333587646484,16.219999313354492,16.266666412353516,741000,SOXX
2005-01-21,13.28442096710205,16.066667556762695,16.39666748046875,16.066667556762695,16.39666748046875,882600,SOXX
2005-01-24,12.98951530456543,15.710000038146973,16.1200008392334,15.710000038146973,16.1200008392334,3387300,SOXX
2005-01-25,13.207247734069824,15.973333358764648,16.066667556762695,15.933333396911621,15.933333396911621,463800,SOXX
2005-01-26,13.554520606994629,16.393333435058594,16.44333267211914,15.899999618530273,16.23666763305664,871500,SOXX
2005-01-27,13.703346252441406,16.573333740234375,16.586666107177734,16.329999923706055,16.406667709350586,296400,SOXX
2005-01-28,13.568292617797852,16.40999984741211,16.666667938232422,16.31333351135254,16.633333206176758,193800,SOXX
2005-01-31,13.736417770385742,16.613332748413086,16.709999084472656,16.553333282470703,16.666667938232422,404100,SOXX
2005-02-01,13.904544830322266,16.816667556762695,16.860000610351562,16.626667022705078,16.626667022705078,306000,SOXX
2005-02-02,13.904544830322266,16.816667556762695,16.916667938232422,16.753332138061523,16.883333206176758,80100,SOXX
2005-02-03,13.7088623046875,16.579999923706055,16.69333267211914,16.47333335876465,16.670000076293945,155400,SOXX
2005-02-04,14.287635803222656,17.280000686645508,17.296667098999023,16.770000457763672,16.80666732788086,223200,SOXX
2005-02-07,14.249053001403809,17.233333587646484,17.440000534057617,17.200000762939453,17.246667861938477,166800,SOXX
2005-02-08,14.535687446594238,17.579999923706055,17.68666648864746,17.206666946411133,17.206666946411133,735600,SOXX
2005-02-09,14.182909965515137,17.15333366394043,17.583332061767578,17.139999389648438,17.583332061767578,266400,SOXX
2005-02-10,14.271103858947754,17.260000228881836,17.46666717529297,17.1299991607666,17.46666717529297,163800,SOXX
2005-02-11,14.723104476928711,17.80666732788086,17.926666259765625,17.200000762939453,17.266666412353516,981900,SOXX
2005-02-14,14.767200469970703,17.860000610351562,17.913333892822266,17.75,17.843332290649414,195000,SOXX
2005-02-15,14.849884986877441,17.959999084472656,18.18666648864746,17.80666732788086,17.94333267211914,686400,SOXX
2005-02-16,14.739640235900879,17.82666778564453,17.953332901000977,17.700000762939453,17.823333740234375,499800,SOXX
2005-02-17,14.519144058227539,17.559999465942383,17.93666648864746,17.53333282470703,17.790000915527344,264300,SOXX
2005-02-18,14.508134841918945,17.546667098999023,17.663333892822266,17.5,17.50666618347168,325200,SOXX
2005-02-22,14.480567932128906,17.51333236694336,17.950000762939453,17.386667251586914,17.386667251586914,468900,SOXX
2005-02-23,14.422689437866211,17.44333267211914,17.666667938232422,17.25666618347168,17.666667938232422,381900,SOXX
2005-02-24,14.734129905700684,17.81999969482422,17.829999923706055,17.3799991607666,17.56999969482422,674700,SOXX
2005-02-25,14.995954513549805,18.136667251586914,18.15999984741211,17.793333053588867,17.883333206176758,622800,SOXX
2005-02-28,14.816807746887207,17.920000076293945,18.336666107177734,17.809999465942383,18.21666717529297,423300,SOXX
2005-03-01,15.144781112670898,18.316667556762695,18.32666778564453,18.079999923706055,18.149999618530273,420000,SOXX
2005-03-02,14.927058219909668,18.053333282470703,18.316667556762695,17.946666717529297,18.316667556762695,365700,SOXX
2005-03-03,14.725862503051758,17.809999465942383,18.049999237060547,17.64666748046875,18.049999237060547,614100,SOXX
2005-03-04,14.723104476928711,17.80666732788086,18.03333282470703,17.733333587646484,17.926666259765625,199500,SOXX
2005-03-07,14.96839714050293,18.10333251953125,18.266666412353516,17.913333892822266,17.916667938232422,371100,SOXX
2005-03-08,14.74239730834961,17.829999923706055,18.266666412353516,17.799999237060547,18.03333282470703,469500,SOXX
2005-03-09,14.651447296142578,17.719999313354492,18.03333282470703,17.719999313354492,17.90999984741211,357600,SOXX
2005-03-10,14.84437084197998,17.953332901000977,17.976667404174805,17.626667022705078,17.75,584700,SOXX
2005-03-11,14.51364517211914,17.553333282470703,18.079999923706055,17.469999313354492,18.023332595825195,385800,SOXX
2005-03-14,14.535687446594238,17.579999923706055,17.649999618530273,17.503332138061523,17.566667556762695,241800,SOXX
2005-03-15,14.282123565673828,17.273332595825195,17.67333221435547,17.270000457763672,17.666667938232422,320400,SOXX
2005-03-16,14.141570091247559,17.10333251953125,17.46666717529297,17.05666732788086,17.226667404174805,721200,SOXX
2005-03-17,14.171878814697266,17.139999389648438,17.24333381652832,17.083332061767578,17.136667251586914,519900,SOXX
2005-03-18,13.98997688293457,16.920000076293945,17.123332977294922,16.883333206176758,17.110000610351562,430800,SOXX
2005-03-21,14.034076690673828,16.97333335876465,17.093332290649414,16.809999465942383,17.02666664123535,1236900,SOXX
2005-03-22,13.901786804199219,16.81333351135254,17.183332443237305,16.81333351135254,17.176666259765625,431400,SOXX
2005-03-23,14.061637878417969,17.00666618347168,17.1200008392334,16.93666648864746,16.93666648864746,406500,SOXX
2005-03-24,14.080937385559082,17.030000686645508,17.176666259765625,17.020000457763672,17.126667022705078,153300,SOXX
2005-03-28,14.047860145568848,16.989999771118164,17.266666412353516,16.989999771118164,17.170000076293945,225900,SOXX
2005-03-29,13.816346168518066,16.709999084472656,17.05666732788086,16.709999084472656,16.946666717529297,168300,SOXX
2005-03-30,14.166370391845703,17.133333206176758,17.133333206176758,16.803333282470703,16.883333206176758,159000,SOXX
2005-03-31,14.047860145568848,16.989999771118164,17.133333206176758,16.96666717529297,17.133333206176758,209700,SOXX
2005-04-01,13.865951538085938,16.770000457763672,17.176666259765625,16.76333236694336,17.116666793823242,221700,SOXX
2005-04-04,13.813589096069336,16.706666946411133,16.770000457763672,16.59000015258789,16.713333129882812,302100,SOXX
2005-04-05,13.802568435668945,16.69333267211914,16.876667022705078,16.64666748046875,16.700000762939453,387300,SOXX
2005-04-06,13.813589096069336,16.706666946411133,16.92333221435547,16.700000762939453,16.833332061767578,135600,SOXX
2005-04-07,14.047860145568848,16.989999771118164,17.003332138061523,16.713333129882812,16.799999237060547,181800,SOXX
2005-04-08,14.006519317626953,16.940000534057617,17.093332290649414,16.926666259765625,17.049999237060547,305700,SOXX
2005-04-11,13.890762329101562,16.799999237060547,17.010000228881836,16.770000457763672,16.96666717529297,160200,SOXX
2005-04-12,13.857688903808594,16.760000228881836,16.793333053588867,16.386667251586914,16.766666412353516,304200,SOXX
2005-04-13,13.532466888427734,16.366666793823242,16.733333587646484,16.323333740234375,16.733333587646484,278700,SOXX
2005-04-14,13.331269264221191,16.123332977294922,16.389999389648438,16.1200008392334,16.32666778564453,371700,SOXX
2005-04-15,12.91234302520752,15.616666793823242,15.886667251586914,15.566666603088379,15.866666793823242,764100,SOXX
2005-04-18,12.975736618041992,15.69333267211914,15.84333324432373,15.563332557678223,15.623332977294922,603600,SOXX
2005-04-19,13.262371063232422,16.040000915527344,16.106666564941406,15.91333293914795,16.010000228881836,255900,SOXX
2005-04-20,13.074953079223633,15.813332557678223,16.316667556762695,15.789999961853027,16.28333282470703,423300,SOXX
2005-04-21,13.549007415771484,16.386667251586914,16.399999618530273,16.083332061767578,16.126667022705078,433500,SOXX
2005-04-22,13.339544296264648,16.133333206176758,16.329999923706055,16.0,16.316667556762695,254400,SOXX
2005-04-25,13.389152526855469,16.19333267211914,16.28333282470703,16.083332061767578,16.233333587646484,195600,SOXX
2005-04-26,13.345051765441895,16.139999389648438,16.44333267211914,16.073333740234375,16.133333206176758,147000,SOXX
2005-04-27,13.251346588134766,16.02666664123535,16.139999389648438,15.84333324432373,15.923333168029785,166200,SOXX
2005-04-28,13.091490745544434,15.833333015441895,16.126667022705078,15.833333015441895,16.126667022705078,742500,SOXX
2005-04-29,13.237566947937012,16.010000228881836,16.053333282470703,15.633333206176758,15.923333168029785,1150800,SOXX
2005-05-02,13.229297637939453,16.0,16.093332290649414,15.916666984558105,16.010000228881836,124800,SOXX
2005-05-03,13.196223258972168,15.960000038146973,16.143333435058594,15.930000305175781,16.049999237060547,367200,SOXX
2005-05-04,13.49388313293457,16.31999969482422,16.389999389648438,16.030000686645508,16.03333282470703,462000,SOXX
2005-05-05,13.526955604553223,16.360000610351562,16.530000686645508,16.296667098999023,16.366666793823242,183600,SOXX
2005-05-06,13.626174926757812,16.479999542236328,16.520000457763672,16.35333251953125,16.44333267211914,123600,SOXX
2005-05-09,13.678544044494629,16.543333053588867,16.549999237060547,16.34666633605957,16.49333381652832,118200,SOXX
2005-05-10,13.532466888427734,16.366666793823242,16.483333587646484,16.31999969482422,16.483333587646484,81900,SOXX
2005-05-11,13.554520606994629,16.393333435058594,16.47333335876465,16.15999984741211,16.47333335876465,257400,SOXX
2005-05-12,13.606884956359863,16.456666946411133,16.64666748046875,16.40333366394043,16.496667861938477,180300,SOXX
2005-05-13,14.03958797454834,16.979999542236328,17.066667556762695,16.540000915527344,16.540000915527344,830700,SOXX
2005-05-16,14.091957092285156,17.043333053588867,17.07666778564453,16.873332977294922,17.0,178200,SOXX
2005-05-17,14.202201843261719,17.176666259765625,17.176666259765625,16.963333129882812,17.02666664123535,333300,SOXX
2005-05-18,14.373078346252441,17.383333206176758,17.426666259765625,17.07666778564453,17.28333282470703,1954500,SOXX
2005-05-19,14.400643348693848,17.416667938232422,17.583332061767578,17.333332061767578,17.440000534057617,2020800,SOXX
2005-05-20,14.508134841918945,17.546667098999023,17.56333351135254,17.30666732788086,17.40999984741211,204900,SOXX
2005-05-23,14.541208267211914,17.586666107177734,17.68666648864746,17.463333129882812,17.566667556762695,168300,SOXX
2005-05-24,14.714838027954102,17.796667098999023,17.803333282470703,17.5,17.543333053588867,364500,SOXX
2005-05-25,14.590810775756836,17.64666748046875,17.766666412353516,17.516666412353516,17.766666412353516,292800,SOXX
2005-05-26,14.838863372802734,17.946666717529297,18.0,17.78333282470703,17.78333282470703,255600,SOXX
2005-05-27,14.775465965270996,17.8700008392334,17.946666717529297,17.719999313354492,17.946666717529297,873000,SOXX
2005-05-31,14.745159149169922,17.833332061767578,18.0,17.793333053588867,17.94333267211914,846900,SOXX
2005-06-01,14.855402946472168,17.96666717529297,18.083332061767578,17.76333236694336,17.829999923706055,683100,SOXX
2005-06-02,15.073128700256348,18.229999542236328,18.233333587646484,17.96666717529297,17.96666717529297,461400,SOXX
2005-06-03,14.94359302520752,18.073333740234375,18.266666412353516,18.046667098999023,18.266666412353516,948000,SOXX
2005-06-06,14.841617584228516,17.950000762939453,18.016666412353516,17.82666778564453,18.016666412353516,820800,SOXX
2005-06-07,14.723104476928711,17.80666732788086,18.21666717529297,17.773332595825195,18.020000457763672,1004700,SOXX
2005-06-08,14.836103439331055,17.94333267211914,18.09000015258789,17.889999389648438,18.03333282470703,520500,SOXX
2005-06-09,15.117226600646973,18.28333282470703,18.290000915527344,17.833332061767578,17.94333267211914,415500,SOXX
2005-06-10,14.888470649719238,18.00666618347168,18.219999313354492,17.93000030517578,18.206666946411133,468900,SOXX
2005-06-13,14.86367130279541,17.976667404174805,18.14666748046875,17.899999618530273,17.950000762939453,173400,SOXX
2005-06-14,14.764442443847656,17.856666564941406,18.049999237060547,17.81999969482422,17.969999313354492,139500,SOXX
2005-06-15,14.797515869140625,17.89666748046875,17.98666763305664,17.593332290649414,17.926666259765625,499800,SOXX
2005-06-16,14.910520553588867,18.03333282470703,18.110000610351562,17.89666748046875,17.89666748046875,334800,SOXX
2005-06-17,14.910520553588867,18.03333282470703,18.14666748046875,17.950000762939453,18.049999237060547,166200,SOXX
2005-06-20,14.841617584228516,17.950000762939453,18.010000228881836,17.81999969482422,17.8799991607666,213600,SOXX
2005-06-21,14.938088417053223,18.066667556762695,18.100000381469727,17.96666717529297,17.96666717529297,225000,SOXX
2005-06-22,15.05383586883545,18.206666946411133,18.21666717529297,18.05666732788086,18.149999618530273,356700,SOXX
2005-06-23,15.059347152709961,18.213333129882812,18.65333366394043,18.206666946411133,18.260000228881836,1476300,SOXX
2005-06-24,14.772711753845215,17.866666793823242,18.226667404174805,17.856666564941406,18.226667404174805,185100,SOXX
2005-06-27,14.541208267211914,17.586666107177734,17.81999969482422,17.520000457763672,17.799999237060547,1243200,SOXX
2005-06-28,14.712079048156738,17.793333053588867,17.80666732788086,17.649999618530273,17.75,398400,SOXX
2005-06-29,14.648690223693848,17.71666717529297,17.833332061767578,17.67333221435547,17.833332061767578,516000,SOXX
2005-06-30,14.530179977416992,17.573333740234375,17.833332061767578,17.56333351135254,17.770000457763672,843300,SOXX
2005-07-01,14.568765640258789,17.6200008392334,17.703332901000977,17.553333282470703,17.666667938232422,125700,SOXX
2005-07-05,14.775465965270996,17.8700008392334,17.90333366394043,17.543333053588867,17.56999969482422,154500,SOXX
2005-07-06,14.905004501342773,18.02666664123535,18.166667938232422,17.8700008392334,17.8700008392334,664800,SOXX
2005-07-07,14.965641021728516,18.100000381469727,18.100000381469727,17.739999771118164,17.739999771118164,778200,SOXX
2005-07-08,15.285350799560547,18.48666763305664,18.510000228881836,18.100000381469727,18.100000381469727,743700,SOXX
2005-07-11,15.632616996765137,18.906667709350586,18.913333892822266,18.666667938232422,18.666667938232422,432000,SOXX
2005-07-12,15.764909744262695,19.066667556762695,19.133333206176758,18.850000381469727,18.899999618530273,873300,SOXX
2005-07-13,15.809014320373535,19.1200008392334,19.163333892822266,18.94333267211914,19.066667556762695,1061100,SOXX
2005-07-14,15.971623420715332,19.316667556762695,19.5,19.163333892822266,19.5,5923800,SOXX
2005-07-15,15.924765586853027,19.260000228881836,19.31999969482422,19.05666732788086,19.316667556762695,751500,SOXX
2005-07-18,15.842081069946289,19.15999984741211,19.233333587646484,19.053333282470703,19.200000762939453,806400,SOXX
2005-07-19,16.164548873901367,19.549999237060547,19.553333282470703,19.22333335876465,19.22333335876465,773700,SOXX
2005-07-20,16.321643829345703,19.739999771118164,19.816667556762695,19.19333267211914,19.203332901000977,646800,SOXX
2005-07-21,16.05706214904785,19.420000076293945,19.93666648864746,19.34000015258789,19.719999313354492,349500,SOXX
2005-07-22,16.161787033081055,19.546667098999023,19.71666717529297,19.40999984741211,19.65999984741211,578100,SOXX
2005-07-25,16.12871742248535,19.50666618347168,19.74333381652832,19.456666946411133,19.626667022705078,262500,SOXX
2005-07-26,16.357463836669922,19.78333282470703,19.799999237060547,19.566667556762695,19.65999984741211,360600,SOXX
2005-07-27,16.233448028564453,19.633333206176758,19.700000762939453,19.386667251586914,19.616666793823242,539700,SOXX
2005-07-28,16.31613540649414,19.733333587646484,19.733333587646484,19.523332595825195,19.666667938232422,162300,SOXX
2005-07-29,16.216909408569336,19.613332748413086,19.700000762939453,19.5,19.643333435058594,796200,SOXX
2005-08-01,16.244468688964844,19.64666748046875,19.71666717529297,19.540000915527344,19.656667709350586,851100,SOXX
2005-08-02,16.59174346923828,20.066667556762695,20.083332061767578,19.700000762939453,19.700000762939453,365400,SOXX
2005-08-03,16.511812210083008,19.969999313354492,20.046667098999023,19.883333206176758,19.99333381652832,368100,SOXX
2005-08-04,16.15627098083496,19.540000915527344,19.809999465942383,19.540000915527344,19.809999465942383,491100,SOXX
2005-08-05,16.073596954345703,19.440000534057617,19.586666107177734,19.34666633605957,19.46666717529297,247800,SOXX
2005-08-08,15.96886920928955,19.31333351135254,19.549999237060547,19.31333351135254,19.463333129882812,239100,SOXX
2005-08-09,16.18383026123047,19.573333740234375,19.636667251586914,19.383333206176758,19.383333206176758,154800,SOXX
2005-08-10,15.957837104797363,19.299999237060547,19.739999771118164,19.25,19.583332061767578,1062000,SOXX
2005-08-11,16.134231567382812,19.51333236694336,19.52666664123535,19.23666763305664,19.266666412353516,211800,SOXX
2005-08-12,15.847599029541016,19.166667938232422,19.336666107177734,19.09666633605957,19.31999969482422,1021200,SOXX
2005-08-15,16.054306030273438,19.416667938232422,19.469999313354492,19.136667251586914,19.166667938232422,211800,SOXX
2005-08-16,15.731840133666992,19.02666664123535,19.360000610351562,19.00666618347168,19.360000610351562,213600,SOXX
2005-08-17,15.952325820922852,19.293333053588867,19.350000381469727,19.149999618530273,19.149999618530273,908100,SOXX
2005-08-18,15.80625057220459,19.116666793823242,19.52666664123535,19.09666633605957,19.149999618530273,304800,SOXX
2005-08-19,15.809014320373535,19.1200008392334,19.286666870117188,19.113332748413086,19.183332443237305,857400,SOXX
2005-08-22,16.040525436401367,19.399999618530273,19.40999984741211,19.209999084472656,19.299999237060547,1209000,SOXX
2005-08-23,15.990911483764648,19.34000015258789,19.46666717529297,19.260000228881836,19.366666793823242,209700,SOXX
2005-08-24,15.87515926361084,19.200000762939453,19.579999923706055,19.18666648864746,19.26333236694336,776100,SOXX
2005-08-25,15.974381446838379,19.31999969482422,19.383333206176758,19.200000762939453,19.266666412353516,7514700,SOXX
2005-08-26,15.831064224243164,19.14666748046875,19.31333351135254,19.083332061767578,19.31333351135254,745200,SOXX
2005-08-29,16.015716552734375,19.3700008392334,19.416667938232422,19.06999969482422,19.100000381469727,310800,SOXX
2005-08-30,16.07910919189453,19.446666717529297,19.446666717529297,19.149999618530273,19.270000457763672,175200,SOXX
2005-08-31,16.247222900390625,19.649999618530273,19.666667938232422,19.31999969482422,19.426666259765625,522600,SOXX
2005-09-01,16.090137481689453,19.459999084472656,19.626667022705078,19.413333892822266,19.52666664123535,1964100,SOXX
2005-09-02,16.032251358032227,19.389999389648438,19.523332595825195,19.34000015258789,19.489999771118164,218400,SOXX
2005-09-06,16.288576126098633,19.700000762939453,19.726667404174805,19.51333236694336,19.520000457763672,212100,SOXX
2005-09-07,16.299596786499023,19.713333129882812,19.823333740234375,19.536666870117188,19.670000076293945,282000,SOXX
2005-09-08,16.531116485595703,19.99333381652832,20.043333053588867,19.700000762939453,19.700000762939453,526500,SOXX
2005-09-09,16.594499588012695,20.06999969482422,20.139999389648438,19.899999618530273,20.03333282470703,2484000,SOXX
2005-09-12,16.56418228149414,20.03333282470703,20.1200008392334,19.98666763305664,20.093332290649414,123900,SOXX
2005-09-13,16.7130126953125,20.213333129882812,20.30666732788086,19.98666763305664,20.0,981000,SOXX
2005-09-14,16.619304656982422,20.100000381469727,20.399999618530273,20.00666618347168,20.399999618530273,288600,SOXX
2005-09-15,16.453941345214844,19.899999618530273,20.1200008392334,19.850000381469727,20.100000381469727,232500,SOXX
2005-09-16,16.509063720703125,19.96666717529297,19.98666763305664,19.773332595825195,19.983333587646484,196800,SOXX
2005-09-19,16.272029876708984,19.68000030517578,19.96666717529297,19.613332748413086,19.906667709350586,244500,SOXX
2005-09-20,16.164548873901367,19.549999237060547,19.920000076293945,19.549999237060547,19.72333335876465,346800,SOXX
2005-09-21,15.941307067871094,19.280000686645508,19.476667404174805,19.200000762939453,19.476667404174805,366300,SOXX
2005-09-22,15.866887092590332,19.190000534057617,19.31333351135254,18.969999313354492,19.15999984741211,575400,SOXX
2005-09-23,15.996418952941895,19.34666633605957,19.44333267211914,19.053333282470703,19.143333435058594,299400,SOXX
2005-09-26,16.040266036987305,19.389999389648438,19.666667938232422,19.290000915527344,19.626667022705078,345000,SOXX
2005-09-27,15.861034393310547,19.17333221435547,19.43000030517578,19.046667098999023,19.366666793823242,896100,SOXX
2005-09-28,15.850003242492676,19.15999984741211,19.376667022705078,19.046667098999023,19.176666259765625,292200,SOXX
2005-09-29,16.09817886352539,19.459999084472656,19.523332595825195,19.053333282470703,19.170000076293945,245100,SOXX
2005-09-30,16.34083366394043,19.753332138061523,19.856666564941406,19.5,19.510000228881836,522900,SOXX
2005-10-03,16.49524688720703,19.940000534057617,20.1299991607666,19.899999618530273,19.899999618530273,2934300,SOXX
2005-10-04,16.274654388427734,19.67333221435547,20.083332061767578,19.67333221435547,19.940000534057617,262200,SOXX
2005-10-05,16.004417419433594,19.34666633605957,19.68666648864746,19.34666633605957,19.676666259765625,225600,SOXX
2005-10-06,15.786578178405762,19.083332061767578,19.44333267211914,18.8700008392334,19.360000610351562,2484000,SOXX
2005-10-07,15.8748140335083,19.190000534057617,19.266666412353516,19.09666633605957,19.15999984741211,289500,SOXX
2005-10-10,15.39501953125,18.610000610351562,19.03333282470703,18.610000610351562,19.03333282470703,527700,SOXX
2005-10-11,15.122029304504395,18.280000686645508,18.700000762939453,18.206666946411133,18.649999618530273,1189200,SOXX
2005-10-12,15.08894157409668,18.239999771118164,18.32666778564453,18.036666870117188,18.200000762939453,989700,SOXX
2005-10-13,15.348139762878418,18.553333282470703,18.583332061767578,18.14666748046875,18.280000686645508,281700,SOXX
2005-10-14,15.326079368591309,18.52666664123535,18.703332901000977,18.35333251953125,18.600000381469727,220200,SOXX
2005-10-17,15.35366153717041,18.559999465942383,18.613332748413086,18.40333366394043,18.546667098999023,230700,SOXX
2005-10-18,15.24335765838623,18.426666259765625,18.549999237060547,18.34666633605957,18.549999237060547,202800,SOXX
2005-10-19,15.304018020629883,18.5,18.51333236694336,17.983333587646484,18.14666748046875,568200,SOXX
2005-10-20,15.331595420837402,18.53333282470703,18.78333282470703,18.453332901000977,18.549999237060547,473100,SOXX
2005-10-21,15.48049545288086,18.713333129882812,18.829999923706055,18.65999984741211,18.71666717529297,417600,SOXX
2005-10-24,15.656977653503418,18.926666259765625,18.926666259765625,18.606666564941406,18.773332595825195,302400,SOXX
2005-10-25,15.419832229614258,18.639999389648438,18.816667556762695,18.579999923706055,18.816667556762695,320400,SOXX
2005-10-26,15.408807754516602,18.626667022705078,18.866666793823242,18.583332061767578,18.69333267211914,407100,SOXX
2005-10-27,15.077902793884277,18.226667404174805,18.60333251953125,18.18666648864746,18.573333740234375,817200,SOXX
2005-10-28,15.064117431640625,18.209999084472656,18.209999084472656,17.75666618347168,17.983333587646484,1075800,SOXX
2005-10-31,15.386752128601074,18.600000381469727,18.69333267211914,18.43000030517578,18.440000534057617,866700,SOXX
2005-11-01,15.221298217773438,18.399999618530273,18.51333236694336,18.343332290649414,18.5,836100,SOXX
2005-11-02,15.756247520446777,19.046667098999023,19.073333740234375,18.479999542236328,18.479999542236328,261900,SOXX
2005-11-03,16.048545837402344,19.399999618530273,19.543333053588867,19.28333282470703,19.333332061767578,1457400,SOXX
2005-11-04,16.109203338623047,19.47333335876465,19.540000915527344,19.19333267211914,19.19333267211914,1249500,SOXX
2005-11-07,16.131269454956055,19.5,19.610000610351562,19.350000381469727,19.53333282470703,1322400,SOXX
2005-11-08,16.11195945739746,19.476667404174805,19.6200008392334,19.333332061767578,19.5,138600,SOXX
2005-11-09,16.35738182067871,19.773332595825195,19.809999465942383,19.406667709350586,19.793333053588867,303000,SOXX
2005-11-10,16.478708267211914,19.920000076293945,19.979999542236328,19.60333251953125,19.833332061767578,301500,SOXX
2005-11-11,16.434579849243164,19.866666793823242,20.110000610351562,19.84666633605957,20.09666633605957,911400,SOXX
2005-11-14,16.48973846435547,19.933332443237305,19.983333587646484,19.84666633605957,19.913333892822266,1260600,SOXX
2005-11-15,16.368408203125,19.786666870117188,20.040000915527344,19.75,19.916667938232422,211200,SOXX
2005-11-16,16.360132217407227,19.77666664123535,19.84666633605957,19.636667251586914,19.84000015258789,339600,SOXX
2005-11-17,16.544885635375977,20.0,20.02666664123535,19.67333221435547,19.733333587646484,580200,SOXX
2005-11-18,16.837182998657227,20.35333251953125,20.463333129882812,20.149999618530273,20.196666717529297,686400,SOXX
2005-11-21,16.75996208190918,20.260000228881836,20.393333435058594,20.190000534057617,20.30666732788086,203400,SOXX
2005-11-22,16.99160385131836,20.540000915527344,20.656667709350586,20.229999542236328,20.229999542236328,1948500,SOXX
2005-11-23,17.0329647064209,20.59000015258789,20.81333351135254,20.566667556762695,20.573333740234375,436200,SOXX
2005-11-25,17.14325714111328,20.72333335876465,20.78333282470703,20.633333206176758,20.656667709350586,338100,SOXX
2005-11-28,16.94748878479004,20.48666763305664,20.84000015258789,20.469999313354492,20.84000015258789,470100,SOXX
2005-11-29,16.86199951171875,20.383333206176758,20.690000534057617,20.383333206176758,20.56999969482422,348600,SOXX
2005-11-30,17.05502700805664,20.616666793823242,20.73666763305664,20.456666946411133,20.459999084472656,271500,SOXX
2005-12-01,17.634092330932617,21.316667556762695,21.360000610351562,20.866666793823242,20.866666793823242,1682700,SOXX
2005-12-02,17.620311737060547,21.299999237060547,21.546667098999023,21.286666870117188,21.329999923706055,386400,SOXX
2005-12-05,17.383159637451172,21.01333236694336,21.266666412353516,20.93666648864746,21.266666412353516,248100,SOXX
2005-12-06,17.551368713378906,21.21666717529297,21.463333129882812,21.136667251586914,21.246667861938477,1305300,SOXX
2005-12-07,17.32525062561035,20.94333267211914,21.206666946411133,20.883333206176758,21.206666946411133,391500,SOXX
2005-12-08,17.08536148071289,20.65333366394043,21.126667022705078,20.5,21.010000228881836,567600,SOXX
2005-12-09,17.319740295410156,20.93666648864746,20.98666763305664,20.559999465942383,20.676666259765625,255000,SOXX
2005-12-12,17.452102661132812,21.09666633605957,21.14666748046875,20.959999084472656,21.116666793823242,309600,SOXX
2005-12-13,17.46864891052246,21.116666793823242,21.30666732788086,20.96666717529297,21.093332290649414,343800,SOXX
2005-12-14,17.421770095825195,21.059999465942383,21.18666648864746,20.946666717529297,21.1200008392334,169200,SOXX
2005-12-15,17.35007667541504,20.97333335876465,21.149999618530273,20.93000030517578,21.1299991607666,154800,SOXX
2005-12-16,17.261838912963867,20.866666793823242,21.00666618347168,20.860000610351562,20.976667404174805,210600,SOXX
2005-12-19,16.914392471313477,20.446666717529297,20.866666793823242,20.42333221435547,20.866666793823242,243900,SOXX
2005-12-20,16.94472885131836,20.483333587646484,20.666667938232422,20.299999237060547,20.433332443237305,451200,SOXX
2005-12-21,16.98884391784668,20.536666870117188,20.703332901000977,20.450000762939453,20.5,372000,SOXX
2005-12-22,17.198410034179688,20.790000915527344,20.81333351135254,20.600000381469727,20.636667251586914,261000,SOXX
2005-12-23,17.250795364379883,20.85333251953125,20.979999542236328,20.81333351135254,20.873332977294922,144600,SOXX
2005-12-27,17.068801879882812,20.633333206176758,21.030000686645508,20.60333251953125,21.00666618347168,1374600,SOXX
2005-12-28,17.0798397064209,20.64666748046875,20.703332901000977,20.446666717529297,20.633333206176758,182100,SOXX
2005-12-29,16.92817497253418,20.463333129882812,20.73666763305664,20.446666717529297,20.700000762939453,180600,SOXX
2005-12-30,16.812360763549805,20.323333740234375,20.389999389648438,20.15999984741211,20.333332061767578,2471100,SOXX
2006-01-03,17.270109176635742,20.876667022705078,21.03333282470703,20.24333381652832,20.553333282470703,469500,SOXX
2006-01-04,17.521034240722656,21.18000030517578,21.209999084472656,21.03333282470703,21.083332061767578,299100,SOXX
2006-01-05,17.887788772583008,21.623332977294922,21.69333267211914,21.386667251586914,21.48666763305664,1715700,SOXX
2006-01-06,18.295888900756836,22.116666793823242,22.163333892822266,21.726667404174805,21.96666717529297,892200,SOXX
2006-01-09,18.494426727294922,22.356666564941406,22.42333221435547,22.116666793823242,22.21666717529297,2550000,SOXX
2006-01-10,18.516490936279297,22.383333206176758,22.389999389648438,22.06333351135254,22.06333351135254,1974900,SOXX
2006-01-11,18.737075805664062,22.649999618530273,22.709999084472656,22.350000381469727,22.433332443237305,544800,SOXX
2006-01-12,18.53854751586914,22.40999984741211,22.786666870117188,22.383333206176758,22.656667709350586,882600,SOXX
2006-01-13,18.39240264892578,22.233333587646484,22.376667022705078,22.066667556762695,22.316667556762695,501000,SOXX
2006-01-17,18.10562515258789,21.886667251586914,21.979999542236328,21.746667861938477,21.956666946411133,647100,SOXX
2006-01-18,17.93741798400879,21.683332443237305,21.73666763305664,21.31999969482422,21.343332290649414,3969000,SOXX
2006-01-19,18.439273834228516,22.290000915527344,22.469999313354492,22.190000534057617,22.200000762939453,768600,SOXX
2006-01-20,17.749906539916992,21.456666946411133,22.066667556762695,21.413333892822266,22.066667556762695,2289300,SOXX
2006-01-23,17.82436180114746,21.546667098999023,21.666667938232422,21.34666633605957,21.530000686645508,1102500,SOXX
2006-01-24,18.006357192993164,21.766666412353516,21.933332443237305,21.6299991607666,21.833332061767578,245700,SOXX
2006-01-25,18.022899627685547,21.786666870117188,21.850000381469727,21.55666732788086,21.850000381469727,239400,SOXX
2006-01-26,18.40618133544922,22.25,22.356666564941406,21.84666633605957,21.959999084472656,492900,SOXX
2006-01-27,18.574399948120117,22.453332901000977,22.85333251953125,22.299999237060547,22.299999237060547,541500,SOXX
2006-01-30,18.563364028930664,22.440000534057617,22.549999237060547,22.343332290649414,22.549999237060547,280200,SOXX
2006-01-31,18.31794548034668,22.143333435058594,22.366666793823242,22.086666107177734,22.333332061767578,212700,SOXX
2006-02-01,18.502700805664062,22.366666793823242,22.399999618530273,21.969999313354492,22.09000015258789,381900,SOXX
2006-02-02,18.226951599121094,22.03333282470703,22.510000228881836,21.983333587646484,22.383333206176758,295500,SOXX
2006-02-03,18.033937454223633,21.799999237060547,22.05666732788086,21.770000457763672,21.950000762939453,304200,SOXX
2006-02-06,18.254528045654297,22.066667556762695,22.110000610351562,21.766666412353516,21.883333206176758,121800,SOXX
2006-02-07,18.295888900756836,22.116666793823242,22.200000762939453,21.92333221435547,22.083332061767578,253800,SOXX
2006-02-08,18.61575698852539,22.503332138061523,22.51333236694336,22.200000762939453,22.336666107177734,333300,SOXX
2006-02-09,18.546823501586914,22.420000076293945,22.799999237060547,22.363332748413086,22.566667556762695,395700,SOXX
2006-02-10,18.419984817504883,22.266666412353516,22.34666633605957,21.893333435058594,22.336666107177734,201300,SOXX
2006-02-13,18.19110107421875,21.989999771118164,22.133333206176758,21.8700008392334,22.100000381469727,305700,SOXX
2006-02-14,18.37310028076172,22.209999084472656,22.226667404174805,21.833332061767578,22.023332595825195,312600,SOXX
2006-02-15,18.422739028930664,22.270000457763672,22.329999923706055,22.053333282470703,22.14666748046875,221100,SOXX
2006-02-16,18.61299705505371,22.5,22.53333282470703,22.30666732788086,22.496667861938477,254400,SOXX
2006-02-17,18.301393508911133,22.123332977294922,22.386667251586914,22.123332977294922,22.350000381469727,197700,SOXX
2006-02-21,17.951200485229492,21.700000762939453,22.116666793823242,21.639999389648438,22.040000915527344,663300,SOXX
2006-02-22,18.116653442382812,21.899999618530273,21.996667861938477,21.446666717529297,21.626667022705078,2075100,SOXX
2006-02-23,17.920867919921875,21.663333892822266,21.90999984741211,21.663333892822266,21.816667556762695,1335300,SOXX
2006-02-24,17.956722259521484,21.706666946411133,21.799999237060547,21.573333740234375,21.649999618530273,1876800,SOXX
2006-02-27,18.033937454223633,21.799999237060547,21.883333206176758,21.676666259765625,21.676666259765625,335700,SOXX
2006-02-28,17.9126033782959,21.65333366394043,21.93000030517578,21.57666778564453,21.766666412353516,2030400,SOXX
2006-03-01,18.6047306060791,22.489999771118164,22.56333351135254,21.889999389648438,21.889999389648438,735300,SOXX
2006-03-02,18.635061264038086,22.52666664123535,22.713333129882812,22.333332061767578,22.406667709350586,541500,SOXX
2006-03-03,18.411706924438477,22.25666618347168,22.606666564941406,22.253332138061523,22.456666946411133,387900,SOXX
2006-03-06,18.237974166870117,22.046667098999023,22.3799991607666,21.963333129882812,22.336666107177734,200100,SOXX
2006-03-07,17.749906539916992,21.456666946411133,21.78333282470703,21.386667251586914,21.726667404174805,546600,SOXX
2006-03-08,17.680971145629883,21.373332977294922,21.5,21.083332061767578,21.383333206176758,1535100,SOXX
2006-03-09,17.44106674194336,21.083332061767578,21.639999389648438,21.079999923706055,21.416667938232422,235200,SOXX
2006-03-10,17.383159637451172,21.01333236694336,21.303333282470703,20.89666748046875,21.02666664123535,2356500,SOXX
2006-03-13,17.311466217041016,20.926666259765625,21.21666717529297,20.926666259765625,21.093332290649414,230400,SOXX
2006-03-14,17.711299896240234,21.40999984741211,21.47333335876465,20.926666259765625,20.926666259765625,1035300,SOXX
2006-03-15,17.915359497070312,21.656667709350586,21.696666717529297,21.463333129882812,21.633333206176758,158700,SOXX
2006-03-16,17.443824768066406,21.086666107177734,21.676666259765625,21.086666107177734,21.666667938232422,690000,SOXX
2006-03-17,17.449338912963867,21.093332290649414,21.21666717529297,20.860000610351562,21.036666870117188,708600,SOXX
2006-03-20,17.479673385620117,21.1299991607666,21.26333236694336,21.043333053588867,21.1200008392334,479700,SOXX
2006-03-21,17.482431411743164,21.133333206176758,21.649999618530273,21.079999923706055,21.1299991607666,2416200,SOXX
2006-03-22,17.485187530517578,21.136667251586914,21.219999313354492,20.979999542236328,21.06999969482422,640800,SOXX
2006-03-23,17.639606475830078,21.323333740234375,21.416667938232422,21.190000534057617,21.190000534057617,402900,SOXX
2006-03-24,17.84365463256836,21.56999969482422,21.57666778564453,21.293333053588867,21.363332748413086,331800,SOXX
2006-03-27,17.81884765625,21.540000915527344,21.713333129882812,21.51333236694336,21.59000015258789,2412300,SOXX
2006-03-28,17.501733779907227,21.156667709350586,21.600000381469727,21.136667251586914,21.5,456300,SOXX
2006-03-29,17.98704719543457,21.74333381652832,21.81999969482422,21.049999237060547,21.049999237060547,1086900,SOXX
2006-03-30,18.078046798706055,21.85333251953125,22.066667556762695,21.75,22.03333282470703,413100,SOXX
2006-03-31,17.97602081298828,21.729999542236328,21.98666763305664,21.6299991607666,21.94333267211914,279900,SOXX
2006-04-03,18.102861404418945,21.883333206176758,22.166667938232422,21.706666946411133,21.706666946411133,858000,SOXX
2006-04-04,18.160770416259766,21.953332901000977,22.10333251953125,21.863332748413086,21.956666946411133,305700,SOXX
2006-04-05,18.530282974243164,22.399999618530273,22.456666946411133,22.0,22.030000686645508,267300,SOXX
2006-04-06,18.72881317138672,22.639999389648438,22.76333236694336,22.393333435058594,22.393333435058594,734700,SOXX
2006-04-07,18.411706924438477,22.25666618347168,22.78333282470703,22.190000534057617,22.72333335876465,426900,SOXX
2006-04-10,18.182828903198242,21.979999542236328,22.209999084472656,21.883333206176758,22.18666648864746,414900,SOXX
2006-04-11,18.00359344482422,21.76333236694336,22.1200008392334,21.610000610351562,22.06333351135254,802200,SOXX
2006-04-12,18.160770416259766,21.953332901000977,22.046667098999023,21.790000915527344,21.790000915527344,239700,SOXX
2006-04-13,18.240732192993164,22.049999237060547,22.25666618347168,21.96666717529297,21.96666717529297,219900,SOXX
2006-04-17,17.998079299926758,21.75666618347168,22.233333587646484,21.633333206176758,22.133333206176758,566400,SOXX
2006-04-18,18.566118240356445,22.44333267211914,22.503332138061523,21.84000015258789,21.84000015258789,478800,SOXX
2006-04-19,18.77568817138672,22.696666717529297,22.71666717529297,22.360000610351562,22.479999542236328,772500,SOXX
2006-04-20,18.86393165588379,22.803333282470703,23.133333206176758,22.626667022705078,22.643333435058594,502200,SOXX
2006-04-21,18.436521530151367,22.286666870117188,22.790000915527344,22.163333892822266,22.75666618347168,454200,SOXX
2006-04-24,18.38688087463379,22.226667404174805,22.280000686645508,21.983333587646484,22.07666778564453,445200,SOXX
2006-04-25,18.450294494628906,22.303333282470703,22.393333435058594,22.15999984741211,22.280000686645508,720600,SOXX
2006-04-26,18.35655975341797,22.190000534057617,22.43000030517578,22.083332061767578,22.366666793823242,383400,SOXX
2006-04-27,18.57990837097168,22.459999084472656,22.610000610351562,21.876667022705078,21.876667022705078,424800,SOXX
2006-04-28,18.397916793823242,22.239999771118164,22.566667556762695,22.219999313354492,22.39666748046875,333600,SOXX
2006-05-01,18.226951599121094,22.03333282470703,22.333332061767578,22.02666664123535,22.260000228881836,210600,SOXX
2006-05-02,18.384132385253906,22.22333335876465,22.31333351135254,22.116666793823242,22.15999984741211,320400,SOXX
2006-05-03,18.54958152770996,22.42333221435547,22.433332443237305,22.1299991607666,22.200000762939453,233700,SOXX
2006-05-04,18.75639533996582,22.67333221435547,22.773332595825195,22.510000228881836,22.510000228881836,322500,SOXX
2006-05-05,18.89426612854004,22.84000015258789,22.899999618530273,22.696666717529297,22.8700008392334,167100,SOXX
2006-05-08,18.852901458740234,22.790000915527344,22.983333587646484,22.790000915527344,22.889999389648438,302100,SOXX
2006-05-09,18.67365837097168,22.573333740234375,22.71666717529297,22.523332595825195,22.706666946411133,1642800,SOXX
2006-05-10,18.282100677490234,22.100000381469727,22.56333351135254,22.046667098999023,22.476667404174805,791700,SOXX
2006-05-11,17.805049896240234,21.523332595825195,22.03333282470703,21.47333335876465,22.003332138061523,1251000,SOXX
2006-05-12,17.64788055419922,21.333332061767578,21.649999618530273,21.270000457763672,21.333332061767578,2131200,SOXX
2006-05-15,17.485187530517578,21.136667251586914,21.46666717529297,20.85333251953125,21.316667556762695,2332800,SOXX
2006-05-16,17.39969825744629,21.03333282470703,21.316667556762695,20.873332977294922,21.139999389648438,1064400,SOXX
2006-05-17,17.110172271728516,20.683332443237305,21.040000915527344,20.566667556762695,20.913333892822266,1345200,SOXX
2006-05-18,16.837182998657227,20.35333251953125,20.913333892822266,20.35333251953125,20.836666107177734,412200,SOXX
2006-05-19,17.159801483154297,20.74333381652832,20.85333251953125,20.416667938232422,20.666667938232422,698400,SOXX
2006-05-22,16.735145568847656,20.229999542236328,20.566667556762695,19.963333129882812,20.459999084472656,791700,SOXX
2006-05-23,16.509044647216797,19.956666946411133,20.626667022705078,19.953332901000977,20.49333381652832,315600,SOXX
2006-05-24,16.61382293701172,20.083332061767578,20.323333740234375,19.690000534057617,19.953332901000977,897600,SOXX
2006-05-25,16.663461685180664,20.143333435058594,20.213333129882812,20.0,20.196666717529297,621600,SOXX
2006-05-26,16.776525497436523,20.280000686645508,20.356666564941406,20.126667022705078,20.166667938232422,514200,SOXX
2006-05-30,16.39322853088379,19.816667556762695,20.203332901000977,19.816667556762695,20.203332901000977,374400,SOXX
2006-05-31,16.655187606811523,20.133333206176758,20.226667404174805,19.889999389648438,19.93666648864746,323100,SOXX
2006-06-01,17.04123306274414,20.600000381469727,20.606666564941406,20.17333221435547,20.17333221435547,278700,SOXX
2006-06-02,17.008146286010742,20.559999465942383,20.816667556762695,20.386667251586914,20.816667556762695,154200,SOXX
2006-06-05,16.503524780273438,19.950000762939453,20.49333381652832,19.950000762939453,20.49333381652832,331800,SOXX
2006-06-06,16.423553466796875,19.85333251953125,19.976667404174805,19.726667404174805,19.976667404174805,194400,SOXX
2006-06-07,16.062332153320312,19.416667938232422,19.93666648864746,19.416667938232422,19.809999465942383,265200,SOXX
2006-06-08,15.968575477600098,19.303333282470703,19.453332901000977,18.82666778564453,19.25666618347168,553800,SOXX
2006-06-09,15.883091926574707,19.200000762939453,19.703332901000977,19.110000610351562,19.56333351135254,407400,SOXX
2006-06-12,15.428114891052246,18.649999618530273,19.27666664123535,18.649999618530273,19.24333381652832,333900,SOXX
2006-06-13,15.386752128601074,18.600000381469727,19.01333236694336,18.546667098999023,18.866666793823242,378300,SOXX
2006-06-14,15.634918212890625,18.899999618530273,19.003332138061523,18.656667709350586,18.856666564941406,733200,SOXX
2006-06-15,16.238805770874023,19.6299991607666,19.703332901000977,19.183332443237305,19.183332443237305,555000,SOXX
2006-06-16,16.054061889648438,19.406667709350586,19.55666732788086,19.266666412353516,19.530000686645508,177600,SOXX
2006-06-19,15.913424491882324,19.23666763305664,19.50666618347168,19.166667938232422,19.489999771118164,296400,SOXX
2006-06-20,15.81691837310791,19.1200008392334,19.386667251586914,19.030000686645508,19.226667404174805,325500,SOXX
2006-06-21,16.167116165161133,19.543333053588867,19.71666717529297,19.203332901000977,19.203332901000977,380100,SOXX
2006-06-22,15.907909393310547,19.229999542236328,19.479999542236328,19.143333435058594,19.479999542236328,290100,SOXX
2006-06-23,15.813267707824707,19.10333251953125,19.286666870117188,18.996667861938477,18.996667861938477,167400,SOXX
2006-06-26,15.893285751342773,19.200000762939453,19.273332595825195,19.1200008392334,19.166667938232422,371700,SOXX
2006-06-27,15.506997108459473,18.733333587646484,19.183332443237305,18.68666648864746,19.183332443237305,311700,SOXX
2006-06-28,15.47939682006836,18.700000762939453,18.706666946411133,18.406667709350586,18.463333129882812,486600,SOXX
2006-06-29,15.99537181854248,19.323333740234375,19.366666793823242,18.700000762939453,18.78333282470703,636300,SOXX
2006-06-30,15.989847183227539,19.316667556762695,19.416667938232422,19.149999618530273,19.406667709350586,153600,SOXX
2006-07-03,16.122310638427734,19.476667404174805,19.5,19.366666793823242,19.40999984741211,94200,SOXX
2006-07-05,15.686346054077148,18.950000762939453,19.270000457763672,18.93666648864746,19.26333236694336,231300,SOXX
2006-07-06,15.672545433044434,18.933332443237305,19.166667938232422,18.866666793823242,19.06999969482422,125400,SOXX
2006-07-07,15.4214448928833,18.6299991607666,18.816667556762695,18.5,18.75,372900,SOXX
2006-07-10,15.02963924407959,18.156667709350586,18.799999237060547,18.059999465942383,18.663333892822266,450300,SOXX
2006-07-11,15.39661979675293,18.600000381469727,18.636667251586914,18.03333282470703,18.03333282470703,376800,SOXX
2006-07-12,15.002046585083008,18.123332977294922,18.600000381469727,18.09666633605957,18.520000457763672,682200,SOXX
2006-07-13,14.784067153930664,17.860000610351562,18.32666778564453,17.816667556762695,17.850000381469727,719400,SOXX
2006-07-14,14.704052925109863,17.76333236694336,17.97333335876465,17.6299991607666,17.773332595825195,776400,SOXX
2006-07-17,14.706807136535645,17.766666412353516,17.969999313354492,17.666667938232422,17.856666564941406,333900,SOXX
2006-07-18,14.662660598754883,17.713333129882812,17.90333366394043,17.28333282470703,17.850000381469727,538500,SOXX
2006-07-19,15.01584529876709,18.139999389648438,18.280000686645508,17.753332138061523,17.796667098999023,405600,SOXX
2006-07-20,14.654378890991211,17.703332901000977,18.356666564941406,17.696666717529297,18.329999923706055,579900,SOXX
2006-07-21,14.050104141235352,16.97333335876465,17.303333282470703,16.93000030517578,17.23666763305664,703500,SOXX
2006-07-24,14.461230278015137,17.469999313354492,17.57666778564453,17.21666717529297,17.21666717529297,952500,SOXX
2006-07-25,14.706807136535645,17.766666412353516,17.906667709350586,17.540000915527344,17.639999389648438,542400,SOXX
2006-07-26,14.753719329833984,17.823333740234375,18.00666618347168,17.5,17.5,465300,SOXX
2006-07-27,14.817171096801758,17.899999618530273,18.19333267211914,17.866666793823242,18.053333282470703,1578900,SOXX
2006-07-28,15.258650779724121,18.433332443237305,18.476667404174805,18.049999237060547,18.049999237060547,1031400,SOXX
2006-07-31,15.302809715270996,18.48666763305664,18.583332061767578,18.333332061767578,18.360000610351562,551100,SOXX
2006-08-01,14.988249778747559,18.106666564941406,18.266666412353516,17.94333267211914,18.266666412353516,560400,SOXX
2006-08-02,15.153806686401367,18.30666732788086,18.453332901000977,18.149999618530273,18.149999618530273,241800,SOXX
2006-08-03,15.407659530639648,18.613332748413086,18.709999084472656,18.21666717529297,18.25666618347168,1366800,SOXX
2006-08-04,15.272461891174316,18.450000762939453,18.956666946411133,18.246667861938477,18.856666564941406,611400,SOXX
2006-08-07,15.189675331115723,18.350000381469727,18.469999313354492,18.266666412353516,18.363332748413086,228000,SOXX
2006-08-08,15.10413646697998,18.246667861938477,18.543333053588867,18.136667251586914,18.40333366394043,376200,SOXX
2006-08-09,15.17036247253418,18.32666778564453,18.796667098999023,18.299999237060547,18.626667022705078,457200,SOXX
2006-08-10,15.366266250610352,18.56333351135254,18.6299991607666,18.24333381652832,18.299999237060547,208800,SOXX
2006-08-11,14.966174125671387,18.079999923706055,18.383333206176758,18.030000686645508,18.383333206176758,379200,SOXX
2006-08-14,15.17036247253418,18.32666778564453,18.606666564941406,18.219999313354492,18.253332138061523,156900,SOXX
2006-08-15,15.73324966430664,19.00666618347168,19.023332595825195,18.636667251586914,18.67333221435547,263700,SOXX
2006-08-16,16.24922752380371,19.6299991607666,19.72333335876465,19.020000457763672,19.116666793823242,1693800,SOXX
2006-08-17,16.28510093688965,19.67333221435547,19.97333335876465,19.616666793823242,19.6200008392334,1537200,SOXX
2006-08-18,16.293378829956055,19.683332443237305,19.709999084472656,19.343332290649414,19.53333282470703,360900,SOXX
2006-08-21,16.022968292236328,19.356666564941406,19.440000534057617,19.219999313354492,19.440000534057617,330600,SOXX
2006-08-22,15.99537181854248,19.323333740234375,19.559999465942383,19.246667861938477,19.333332061767578,550500,SOXX
2006-08-23,15.8877592086792,19.19333267211914,19.57666778564453,19.066667556762695,19.573333740234375,968100,SOXX
2006-08-24,15.99537181854248,19.323333740234375,19.323333740234375,19.06333351135254,19.21666717529297,485700,SOXX
2006-08-25,16.00365447998047,19.333332061767578,19.52666664123535,19.219999313354492,19.26333236694336,467700,SOXX
2006-08-28,16.232667922973633,19.610000610351562,19.613332748413086,19.35333251953125,19.35333251953125,471600,SOXX
2006-08-29,16.52791404724121,19.96666717529297,19.96666717529297,19.523332595825195,19.67333221435547,822900,SOXX
2006-08-30,16.850740432739258,20.356666564941406,20.356666564941406,19.916667938232422,20.066667556762695,702000,SOXX
2006-08-31,16.679676055908203,20.149999618530273,20.28333282470703,20.053333282470703,20.28333282470703,395700,SOXX
2006-09-01,16.52791404724121,19.96666717529297,20.316667556762695,19.8799991607666,20.316667556762695,329400,SOXX
2006-09-05,16.72657585144043,20.206666946411133,20.219999313354492,19.80666732788086,19.876667022705078,806700,SOXX
2006-09-06,16.191287994384766,19.559999465942383,19.96666717529297,19.55666732788086,19.96666717529297,226200,SOXX
2006-09-07,16.1361026763916,19.49333381652832,19.75666618347168,19.293333053588867,19.399999618530273,655800,SOXX
2006-09-08,16.293378829956055,19.683332443237305,19.729999542236328,19.496667861938477,19.549999237060547,158100,SOXX
2006-09-11,16.583101272583008,20.03333282470703,20.18000030517578,19.65999984741211,19.65999984741211,451800,SOXX
2006-09-12,17.143224716186523,20.709999084472656,20.75666618347168,20.166667938232422,20.183332443237305,1234500,SOXX
2006-09-13,17.060447692871094,20.610000610351562,20.799999237060547,20.479999542236328,20.676666259765625,211500,SOXX
2006-09-14,17.11563491821289,20.676666259765625,20.69333267211914,20.476667404174805,20.52666664123535,414300,SOXX
2006-09-15,17.09632110595703,20.65333366394043,21.030000686645508,20.566667556762695,20.796667098999023,1365900,SOXX
2006-09-18,17.30877685546875,20.90999984741211,21.09000015258789,20.68000030517578,20.68000030517578,377100,SOXX
2006-09-19,17.024574279785156,20.566667556762695,20.82666778564453,20.350000381469727,20.82666778564453,1032000,SOXX
2006-09-20,17.16254425048828,20.733333587646484,20.816667556762695,20.64666748046875,20.75,497100,SOXX
2006-09-21,16.83142852783203,20.333332061767578,20.78333282470703,20.323333740234375,20.766666412353516,279600,SOXX
2006-09-22,16.632768630981445,20.093332290649414,20.299999237060547,20.06333351135254,20.246667861938477,252600,SOXX
2006-09-25,17.038372039794922,20.583332061767578,20.6200008392334,19.98666763305664,20.149999618530273,773400,SOXX
2006-09-26,17.027339935302734,20.56999969482422,20.610000610351562,20.323333740234375,20.483333587646484,241800,SOXX
2006-09-27,16.97211265563965,20.48666763305664,20.809999465942383,20.413333892822266,20.623332977294922,597600,SOXX
2006-09-28,17.15436363220215,20.706666946411133,20.706666946411133,20.450000762939453,20.523332595825195,348000,SOXX
2006-09-29,16.977624893188477,20.49333381652832,20.690000534057617,20.49333381652832,20.690000534057617,120000,SOXX
2006-10-02,16.81746482849121,20.299999237060547,20.639999389648438,20.299999237060547,20.416667938232422,286800,SOXX
2006-10-03,16.71529197692871,20.176666259765625,20.293333053588867,19.989999771118164,20.106666564941406,349800,SOXX
2006-10-04,17.079805374145508,20.616666793823242,20.616666793823242,20.143333435058594,20.170000076293945,304200,SOXX
2006-10-05,17.041147232055664,20.56999969482422,20.600000381469727,20.43666648864746,20.553333282470703,1017900,SOXX
2006-10-06,16.908594131469727,20.40999984741211,20.51333236694336,20.329999923706055,20.376667022705078,254700,SOXX
2006-10-09,17.074281692504883,20.610000610351562,20.773332595825195,20.383333206176758,20.386667251586914,491100,SOXX
2006-10-10,17.02457046508789,20.549999237060547,20.633333206176758,20.463333129882812,20.600000381469727,917100,SOXX
2006-10-11,17.19579315185547,20.75666618347168,20.98666763305664,20.46666717529297,20.503332138061523,441000,SOXX
2006-10-12,17.40842628479004,21.01333236694336,21.066667556762695,20.739999771118164,20.889999389648438,941400,SOXX
2006-10-13,17.64315414428711,21.296667098999023,21.386667251586914,21.0,21.066667556762695,957300,SOXX
2006-10-16,17.76189613342285,21.440000534057617,21.55666732788086,21.389999389648438,21.456666946411133,243600,SOXX
2006-10-17,17.311767578125,20.89666748046875,21.19333267211914,20.786666870117188,21.19333267211914,522600,SOXX
2006-10-18,16.878217697143555,20.373332977294922,20.85333251953125,20.303333282470703,20.85333251953125,2041500,SOXX
2006-10-19,16.78985023498535,20.266666412353516,20.416667938232422,20.100000381469727,20.40333366394043,681000,SOXX
2006-10-20,16.596540451049805,20.03333282470703,20.25,19.956666946411133,20.25,2808600,SOXX
2006-10-23,16.613109588623047,20.053333282470703,20.280000686645508,19.90333366394043,19.96666717529297,293100,SOXX
2006-10-24,16.464000701904297,19.873332977294922,20.176666259765625,19.866666793823242,19.983333587646484,367800,SOXX
2006-10-25,16.781570434570312,20.25666618347168,20.293333053588867,19.873332977294922,19.873332977294922,448800,SOXX
2006-10-26,16.958297729492188,20.469999313354492,20.520000457763672,20.213333129882812,20.46666717529297,956100,SOXX
2006-10-27,16.57997703552246,20.01333236694336,20.433332443237305,19.950000762939453,20.433332443237305,2468700,SOXX
2006-10-30,16.72081756591797,20.183332443237305,20.293333053588867,19.996667861938477,19.996667861938477,420000,SOXX
2006-10-31,16.81194496154785,20.293333053588867,20.3700008392334,20.18000030517578,20.266666412353516,1251900,SOXX
2006-11-01,16.51646614074707,19.93666648864746,20.5,19.876667022705078,20.5,343500,SOXX
2006-11-02,16.430858612060547,19.833332061767578,19.94333267211914,19.726667404174805,19.866666793823242,705900,SOXX
2006-11-03,16.502656936645508,19.920000076293945,19.969999313354492,19.760000228881836,19.916667938232422,2835300,SOXX
2006-11-06,16.77052116394043,20.24333381652832,20.28333282470703,19.916667938232422,19.983333587646484,204300,SOXX
2006-11-07,16.880979537963867,20.376667022705078,20.65999984741211,20.03333282470703,20.03333282470703,802200,SOXX
2006-11-08,16.86992835998535,20.363332748413086,20.40999984741211,20.1200008392334,20.229999542236328,915300,SOXX
2006-11-09,16.56892967224121,20.0,20.476667404174805,19.983333587646484,20.446666717529297,336300,SOXX
2006-11-10,16.70701026916504,20.166667938232422,20.21666717529297,19.933332443237305,19.933332443237305,222900,SOXX
2006-11-13,16.994199752807617,20.51333236694336,20.53333282470703,20.190000534057617,20.190000534057617,1661700,SOXX
2006-11-14,17.444320678710938,21.05666732788086,21.10333251953125,20.406667709350586,20.566667556762695,570000,SOXX
2006-11-15,17.590681076049805,21.233333587646484,21.39666748046875,21.06333351135254,21.113332748413086,2043000,SOXX
2006-11-16,17.637622833251953,21.290000915527344,21.3700008392334,21.049999237060547,21.233333587646484,1357500,SOXX
2006-11-17,17.538209915161133,21.170000076293945,21.203332901000977,21.049999237060547,21.183332443237305,192900,SOXX
2006-11-20,17.770172119140625,21.450000762939453,21.463333129882812,21.03333282470703,21.086666107177734,1461900,SOXX
2006-11-21,17.45261001586914,21.066667556762695,21.48666763305664,21.066667556762695,21.48666763305664,3295500,SOXX
2006-11-22,17.70389747619629,21.3700008392334,21.393333435058594,21.15999984741211,21.246667861938477,578400,SOXX
2006-11-24,17.64867401123047,21.303333282470703,21.39666748046875,21.170000076293945,21.203332901000977,173700,SOXX
2006-11-27,17.19302749633789,20.753332138061523,21.3700008392334,20.753332138061523,21.219999313354492,373200,SOXX
2006-11-28,17.215118408203125,20.780000686645508,20.790000915527344,20.566667556762695,20.709999084472656,759900,SOXX
2006-11-29,17.20131492614746,20.76333236694336,21.03333282470703,20.633333206176758,21.030000686645508,473700,SOXX
2006-11-30,17.364233016967773,20.959999084472656,21.046667098999023,20.65333366394043,20.829999923706055,2117400,SOXX
2006-12-01,17.11846160888672,20.663333892822266,20.959999084472656,20.406667709350586,20.959999084472656,723900,SOXX
2006-12-04,17.43603515625,21.046667098999023,21.17333221435547,20.696666717529297,20.706666946411133,917100,SOXX
2006-12-05,17.494029998779297,21.116666793823242,21.266666412353516,21.03333282470703,21.03333282470703,138000,SOXX
2006-12-06,17.571348190307617,21.209999084472656,21.296667098999023,20.983333587646484,21.083332061767578,816000,SOXX
2006-12-07,17.320056915283203,20.906667709350586,21.360000610351562,20.899999618530273,21.34000015258789,265500,SOXX
2006-12-08,17.237205505371094,20.80666732788086,20.97333335876465,20.6299991607666,20.873332977294922,791100,SOXX
2006-12-11,17.20131492614746,20.76333236694336,20.94333267211914,20.733333587646484,20.809999465942383,292800,SOXX
2006-12-12,17.096370697021484,20.636667251586914,20.836666107177734,20.479999542236328,20.75,403200,SOXX
2006-12-13,16.96658706665039,20.479999542236328,20.906667709350586,20.46666717529297,20.906667709350586,381300,SOXX
2006-12-14,17.223403930664062,20.790000915527344,20.856666564941406,20.50666618347168,20.50666618347168,4226400,SOXX
2006-12-15,17.22064208984375,20.786666870117188,20.93666648864746,20.753332138061523,20.93000030517578,408000,SOXX
2006-12-18,17.17645835876465,20.733333587646484,21.03333282470703,20.666667938232422,20.8700008392334,2740800,SOXX
2006-12-19,16.980390548706055,20.496667861938477,20.59666633605957,20.35333251953125,20.360000610351562,331800,SOXX
2006-12-20,17.057714462280273,20.59000015258789,20.78333282470703,20.540000915527344,20.733333587646484,449100,SOXX
2006-12-21,16.8201847076416,20.299999237060547,20.623332977294922,20.219999313354492,20.593332290649414,351600,SOXX
2006-12-22,16.718000411987305,20.176666259765625,20.366666793823242,20.176666259765625,20.333332061767578,555900,SOXX
2006-12-26,16.847806930541992,20.333332061767578,20.360000610351562,20.133333206176758,20.133333206176758,414300,SOXX
2006-12-27,16.941713333129883,20.446666717529297,20.559999465942383,20.366666793823242,20.366666793823242,565500,SOXX
2006-12-28,16.947237014770508,20.453332901000977,20.50666618347168,20.416667938232422,20.459999084472656,123900,SOXX
2006-12-29,16.85056495666504,20.336666107177734,20.59666633605957,20.336666107177734,20.416667938232422,77700,SOXX
2007-01-03,16.80084991455078,20.27666664123535,20.739999771118164,20.083332061767578,20.56333351135254,509400,SOXX
2007-01-04,17.1295166015625,20.67333221435547,20.73666763305664,20.24333381652832,20.27666664123535,462300,SOXX
2007-01-05,16.803613662719727,20.280000686645508,20.483333587646484,20.1200008392334,20.31999969482422,241500,SOXX
2007-01-08,16.869901657104492,20.360000610351562,20.520000457763672,20.209999084472656,20.290000915527344,269100,SOXX
2007-01-09,16.930665969848633,20.433332443237305,20.536666870117188,20.25666618347168,20.44333267211914,429000,SOXX
2007-01-10,17.22066879272461,20.78333282470703,20.860000610351562,20.333332061767578,20.333332061767578,473100,SOXX
2007-01-11,17.273151397705078,20.84666633605957,21.03333282470703,20.803333282470703,20.860000610351562,708000,SOXX
2007-01-12,17.317333221435547,20.899999618530273,20.899999618530273,20.666667938232422,20.766666412353516,179700,SOXX
2007-01-16,17.176475524902344,20.729999542236328,20.816667556762695,20.649999618530273,20.816667556762695,184200,SOXX
2007-01-17,17.05494499206543,20.583332061767578,20.760000228881836,20.53333282470703,20.606666564941406,554400,SOXX
2007-01-18,16.433517456054688,19.833332061767578,20.406667709350586,19.809999465942383,20.406667709350586,803400,SOXX
2007-01-19,16.588193893432617,20.020000457763672,20.18000030517578,19.803333282470703,19.82666778564453,542700,SOXX
2007-01-22,16.408660888671875,19.803333282470703,19.94333267211914,19.700000762939453,19.94333267211914,564300,SOXX
2007-01-23,16.392087936401367,19.78333282470703,20.003332138061523,19.78333282470703,19.863332748413086,466500,SOXX
2007-01-24,16.643428802490234,20.086666107177734,20.126667022705078,19.860000610351562,19.92333221435547,195600,SOXX
2007-01-25,16.574365615844727,20.003332138061523,20.43666648864746,19.959999084472656,20.30666732788086,382800,SOXX
2007-01-26,16.798097610473633,20.273332595825195,20.350000381469727,19.976667404174805,20.086666107177734,225900,SOXX
2007-01-29,16.704185485839844,20.15999984741211,20.34000015258789,20.100000381469727,20.233333587646484,143700,SOXX
2007-01-30,16.778757095336914,20.25,20.323333740234375,20.196666717529297,20.273332595825195,130200,SOXX
2007-01-31,16.795331954956055,20.270000457763672,20.31333351135254,19.98666763305664,20.036666870117188,320100,SOXX
2007-02-01,16.936189651489258,20.440000534057617,20.510000228881836,20.27666664123535,20.333332061767578,635700,SOXX
2007-02-02,17.04390525817871,20.56999969482422,20.636667251586914,20.433332443237305,20.520000457763672,743400,SOXX
2007-02-05,17.10743522644043,20.64666748046875,20.75666618347168,20.553333282470703,20.639999389648438,318600,SOXX
2007-02-06,17.04390525817871,20.56999969482422,20.68000030517578,20.356666564941406,20.623332977294922,531600,SOXX
2007-02-07,17.273151397705078,20.84666633605957,20.96666717529297,20.666667938232422,20.796667098999023,997500,SOXX
2007-02-08,17.206859588623047,20.766666412353516,20.809999465942383,20.639999389648438,20.76333236694336,246900,SOXX
2007-02-09,16.94999885559082,20.456666946411133,21.00666618347168,20.40999984741211,20.98666763305664,588300,SOXX
2007-02-12,16.756662368774414,20.22333335876465,20.399999618530273,20.19333267211914,20.399999618530273,71400,SOXX
2007-02-13,16.84504508972168,20.329999923706055,20.363332748413086,20.209999084472656,20.32666778564453,226200,SOXX
2007-02-14,17.176475524902344,20.729999542236328,20.803333282470703,20.47333335876465,20.48666763305664,475500,SOXX
2007-02-15,17.267616271972656,20.84000015258789,20.866666793823242,20.700000762939453,20.700000762939453,1452600,SOXX
2007-02-16,17.256576538085938,20.82666778564453,20.860000610351562,20.72333335876465,20.766666412353516,703200,SOXX
2007-02-20,17.256576538085938,20.82666778564453,20.850000381469727,20.579999923706055,20.656667709350586,128700,SOXX
2007-02-21,17.24275779724121,20.809999465942383,20.809999465942383,20.639999389648438,20.670000076293945,163200,SOXX
2007-02-22,17.607337951660156,21.25,21.27666664123535,21.049999237060547,21.049999237060547,529200,SOXX
2007-02-23,17.70400619506836,21.366666793823242,21.433332443237305,21.273332595825195,21.316667556762695,1146000,SOXX
2007-02-26,17.679147720336914,21.336666107177734,21.44333267211914,21.233333587646484,21.43666648864746,231600,SOXX
2007-02-27,17.05494499206543,20.583332061767578,21.133333206176758,20.523332595825195,20.833332061767578,459900,SOXX
2007-02-28,17.090858459472656,20.626667022705078,20.80666732788086,20.469999313354492,20.6299991607666,717300,SOXX
2007-03-01,16.969329833984375,20.479999542236328,20.639999389648438,20.133333206176758,20.133333206176758,1791300,SOXX
2007-03-02,16.62961769104004,20.06999969482422,20.453332901000977,20.06999969482422,20.383333206176758,390900,SOXX
2007-03-05,16.450082778930664,19.85333251953125,20.233333587646484,19.85333251953125,19.893333435058594,306600,SOXX
2007-03-06,16.84228515625,20.32666778564453,20.3700008392334,20.15333366394043,20.19333267211914,206400,SOXX
2007-03-07,16.773235321044922,20.24333381652832,20.350000381469727,20.136667251586914,20.200000762939453,147300,SOXX
2007-03-08,16.941713333129883,20.446666717529297,20.573333740234375,20.42333221435547,20.483333587646484,351600,SOXX
2007-03-09,17.046669006347656,20.573333740234375,20.773332595825195,20.42333221435547,20.773332595825195,339600,SOXX
2007-03-12,17.1820068359375,20.73666763305664,20.823333740234375,20.559999465942383,20.559999465942383,108900,SOXX
2007-03-13,16.831235885620117,20.31333351135254,20.676666259765625,20.31333351135254,20.56333351135254,99900,SOXX
2007-03-14,16.933433532714844,20.43666648864746,20.43666648864746,20.06999969482422,20.383333206176758,356700,SOXX
2007-03-15,16.925140380859375,20.426666259765625,20.456666946411133,20.336666107177734,20.366666793823242,465900,SOXX
2007-03-16,16.814664840698242,20.293333053588867,20.450000762939453,20.209999084472656,20.399999618530273,154500,SOXX
2007-03-19,16.726289749145508,20.18666648864746,20.433332443237305,20.18000030517578,20.416667938232422,156900,SOXX
2007-03-20,16.894756317138672,20.389999389648438,20.463333129882812,20.213333129882812,20.213333129882812,278700,SOXX
2007-03-21,17.201339721679688,20.760000228881836,20.84000015258789,20.383333206176758,20.440000534057617,207600,SOXX
2007-03-22,16.963808059692383,20.47333335876465,20.636667251586914,20.446666717529297,20.636667251586914,196800,SOXX
2007-03-23,17.065996170043945,20.59666633605957,20.706666946411133,20.52666664123535,20.600000381469727,291900,SOXX
2007-03-26,17.053560256958008,20.559999465942383,20.6200008392334,20.333332061767578,20.583332061767578,222300,SOXX
2007-03-27,16.98720359802246,20.479999542236328,20.59666633605957,20.479999542236328,20.51333236694336,104700,SOXX
2007-03-28,16.777082443237305,20.226667404174805,20.366666793823242,20.21666717529297,20.35333251953125,285600,SOXX
2007-03-29,16.619476318359375,20.036666870117188,20.34666633605957,19.873332977294922,20.34666633605957,843900,SOXX
2007-03-30,16.672006607055664,20.100000381469727,20.196666717529297,19.996667861938477,20.15333366394043,188400,SOXX
2007-04-02,16.64988136291504,20.073333740234375,20.229999542236328,19.940000534057617,20.229999542236328,274500,SOXX
2007-04-03,16.763256072998047,20.209999084472656,20.286666870117188,20.066667556762695,20.209999084472656,60900,SOXX
2007-04-04,16.904258728027344,20.3799991607666,20.433332443237305,20.209999084472656,20.209999084472656,349200,SOXX
2007-04-05,17.03973388671875,20.543333053588867,20.56333351135254,20.420000076293945,20.420000076293945,493500,SOXX
2007-04-09,17.001026153564453,20.496667861938477,20.593332290649414,20.413333892822266,20.56999969482422,193200,SOXX
2007-04-10,17.147558212280273,20.67333221435547,20.67333221435547,20.5,20.50666618347168,55200,SOXX
2007-04-11,16.973373413085938,20.463333129882812,20.64666748046875,20.450000762939453,20.64666748046875,231300,SOXX
2007-04-12,17.147558212280273,20.67333221435547,20.700000762939453,20.446666717529297,20.446666717529297,64800,SOXX
2007-04-13,17.1143856048584,20.633333206176758,20.636667251586914,20.43000030517578,20.583332061767578,29100,SOXX
2007-04-16,17.236038208007812,20.780000686645508,20.803333282470703,20.623332977294922,20.65999984741211,265200,SOXX
2007-04-17,17.219453811645508,20.760000228881836,20.816667556762695,20.700000762939453,20.799999237060547,127500,SOXX
2007-04-18,17.578886032104492,21.19333267211914,21.34000015258789,20.956666946411133,21.0,644100,SOXX
2007-04-19,17.68393898010254,21.31999969482422,21.476667404174805,21.03333282470703,21.036666870117188,802200,SOXX
2007-04-20,17.75029754638672,21.399999618530273,21.536666870117188,21.260000228881836,21.5,316800,SOXX
2007-04-23,17.61482048034668,21.23666763305664,21.360000610351562,21.21666717529297,21.34666633605957,509700,SOXX
2007-04-24,18.05166244506836,21.76333236694336,21.889999389648438,21.516666412353516,21.566667556762695,701700,SOXX
2007-04-25,18.220321655273438,21.96666717529297,21.983333587646484,21.700000762939453,21.906667709350586,218400,SOXX
2007-04-26,18.214792251586914,21.959999084472656,21.96666717529297,21.733333587646484,21.956666946411133,485100,SOXX
2007-04-27,17.94383430480957,21.633333206176758,21.836666107177734,21.623332977294922,21.81333351135254,487500,SOXX
2007-04-30,17.68670654296875,21.323333740234375,21.59666633605957,21.31999969482422,21.583332061767578,191400,SOXX
2007-05-01,17.7309513092041,21.376667022705078,21.43666648864746,21.176666259765625,21.366666793823242,139500,SOXX
2007-05-02,17.87748146057129,21.553333282470703,21.670000076293945,21.416667938232422,21.426666259765625,336300,SOXX
2007-05-03,17.98255157470703,21.68000030517578,21.790000915527344,21.600000381469727,21.600000381469727,185400,SOXX
2007-05-04,18.151199340820312,21.883333206176758,21.940000534057617,21.746667861938477,21.766666412353516,381600,SOXX
2007-05-07,18.076549530029297,21.793333053588867,21.93000030517578,21.793333053588867,21.93000030517578,217800,SOXX
2007-05-08,18.035085678100586,21.74333381652832,21.766666412353516,21.559999465942383,21.6299991607666,266700,SOXX
2007-05-09,18.3613338470459,22.136667251586914,22.136667251586914,21.666667938232422,21.666667938232422,332400,SOXX
2007-05-10,18.024017333984375,21.729999542236328,22.163333892822266,21.67333221435547,21.96666717529297,373800,SOXX
2007-05-11,18.275623321533203,22.03333282470703,22.06333351135254,21.843332290649414,21.889999389648438,194700,SOXX
2007-05-14,18.250743865966797,22.003332138061523,22.200000762939453,21.913333892822266,22.196666717529297,265500,SOXX
2007-05-15,18.007427215576172,21.709999084472656,22.01333236694336,21.709999084472656,21.969999313354492,196200,SOXX
2007-05-16,18.01019287109375,21.713333129882812,21.73666763305664,21.5,21.666667938232422,123900,SOXX
2007-05-17,17.927249908447266,21.613332748413086,21.760000228881836,21.5,21.666667938232422,462300,SOXX
2007-05-18,17.954896926879883,21.64666748046875,21.746667861938477,21.47333335876465,21.746667861938477,544200,SOXX
2007-05-21,17.971492767333984,21.666667938232422,21.933332443237305,21.59000015258789,21.666667938232422,362400,SOXX
2007-05-22,18.05443572998047,21.766666412353516,21.89666748046875,21.60333251953125,21.75,587400,SOXX
2007-05-23,17.794530868530273,21.453332901000977,21.709999084472656,21.426666259765625,21.616666793823242,571800,SOXX
2007-05-24,17.482105255126953,21.07666778564453,21.46666717529297,20.963333129882812,21.450000762939453,952200,SOXX
2007-05-25,17.573345184326172,21.18666648864746,21.26333236694336,21.09666633605957,21.15999984741211,761400,SOXX
2007-05-29,17.68393898010254,21.31999969482422,21.35333251953125,21.219999313354492,21.219999313354492,350100,SOXX
2007-05-30,17.565048217773438,21.176666259765625,21.183332443237305,21.023332595825195,21.036666870117188,255600,SOXX
2007-05-31,17.836009979248047,21.503332138061523,21.516666412353516,21.329999923706055,21.383333206176758,419700,SOXX
2007-06-01,17.996370315551758,21.696666717529297,21.799999237060547,21.643333435058594,21.64666748046875,792000,SOXX
2007-06-04,17.952131271362305,21.643333435058594,21.816667556762695,21.610000610351562,21.613332748413086,315600,SOXX
2007-06-05,17.86642837524414,21.540000915527344,21.643333435058594,21.3700008392334,21.639999389648438,186300,SOXX
2007-06-06,17.636938095092773,21.26333236694336,21.536666870117188,21.26333236694336,21.456666946411133,64200,SOXX
2007-06-07,17.310693740844727,20.8700008392334,21.32666778564453,20.8700008392334,21.290000915527344,295200,SOXX
2007-06-08,17.794530868530273,21.453332901000977,21.46666717529297,21.0,21.06999969482422,479700,SOXX
2007-06-11,17.725421905517578,21.3700008392334,21.540000915527344,21.350000381469727,21.39666748046875,210900,SOXX
2007-06-12,17.584407806396484,21.200000762939453,21.40999984741211,21.139999389648438,21.209999084472656,134700,SOXX
2007-06-13,17.869186401367188,21.543333053588867,21.543333053588867,21.280000686645508,21.280000686645508,307200,SOXX
2007-06-14,18.101430892944336,21.823333740234375,21.90333366394043,21.600000381469727,21.616666793823242,194700,SOXX
2007-06-15,18.405567169189453,22.190000534057617,22.219999313354492,22.049999237060547,22.1299991607666,279300,SOXX
2007-06-18,18.40003776550293,22.183332443237305,22.233333587646484,22.083332061767578,22.18000030517578,98700,SOXX
2007-06-19,18.247974395751953,22.0,22.016666412353516,21.833332061767578,21.983333587646484,124500,SOXX
2007-06-20,18.126319885253906,21.85333251953125,22.1299991607666,21.85333251953125,21.979999542236328,321900,SOXX
2007-06-21,18.66269302368164,22.5,22.53333282470703,21.899999618530273,21.90999984741211,1065900,SOXX
2007-06-22,18.441509246826172,22.233333587646484,22.516666412353516,22.176666259765625,22.456666946411133,354300,SOXX
2007-06-25,18.20926284790039,21.953332901000977,22.273332595825195,21.90333366394043,22.253332138061523,257100,SOXX
2007-06-26,18.11250114440918,21.836666107177734,22.03333282470703,21.733333587646484,22.03333282470703,264600,SOXX
2007-06-27,18.518932342529297,22.32666778564453,22.336666107177734,21.8799991607666,21.899999618530273,134100,SOXX
2007-06-28,18.344743728637695,22.116666793823242,22.303333282470703,22.116666793823242,22.293333053588867,377100,SOXX
2007-06-29,18.226242065429688,21.94333267211914,22.209999084472656,21.85333251953125,22.17333221435547,135300,SOXX
2007-07-02,18.467117309570312,22.233333587646484,22.25,22.06999969482422,22.143333435058594,333000,SOXX
2007-07-03,18.51695442199707,22.293333053588867,22.329999923706055,22.226667404174805,22.30666732788086,336600,SOXX
2007-07-05,18.633241653442383,22.433332443237305,22.433332443237305,22.22333335876465,22.28333282470703,79200,SOXX
2007-07-06,18.788286209106445,22.6200008392334,22.639999389648438,22.43000030517578,22.469999313354492,184200,SOXX
2007-07-09,18.923948287963867,22.78333282470703,22.816667556762695,22.666667938232422,22.666667938232422,354000,SOXX
2007-07-10,18.774433135986328,22.60333251953125,22.793333053588867,22.600000381469727,22.600000381469727,270900,SOXX
2007-07-11,18.757827758789062,22.583332061767578,22.64666748046875,22.42333221435547,22.579999923706055,143700,SOXX
2007-07-12,19.25619125366211,23.183332443237305,23.183332443237305,22.643333435058594,22.68666648864746,258600,SOXX
2007-07-13,19.220203399658203,23.139999389648438,23.286666870117188,23.086666107177734,23.239999771118164,326700,SOXX
2007-07-16,19.32539939880371,23.266666412353516,23.290000915527344,23.116666793823242,23.166667938232422,264000,SOXX
2007-07-17,19.624422073364258,23.626667022705078,23.75,23.376667022705078,23.399999618530273,496200,SOXX
2007-07-18,19.281105041503906,23.213333129882812,23.286666870117188,22.99333381652832,23.203332901000977,413100,SOXX
2007-07-19,19.414003372192383,23.373332977294922,23.453332901000977,23.219999313354492,23.383333206176758,184800,SOXX
2007-07-20,19.17867088317871,23.09000015258789,23.463333129882812,23.040000915527344,23.433332443237305,544800,SOXX
2007-07-23,19.1759033203125,23.086666107177734,23.323333740234375,23.06333351135254,23.15999984741211,431700,SOXX
2007-07-24,18.785518646240234,22.616666793823242,22.96666717529297,22.549999237060547,22.793333053588867,562800,SOXX
2007-07-25,18.829814910888672,22.670000076293945,22.863332748413086,22.520000457763672,22.863332748413086,666300,SOXX
2007-07-26,18.50311279296875,22.27666664123535,22.573333740234375,21.8799991607666,22.43666648864746,575400,SOXX
2007-07-27,18.204092025756836,21.916667938232422,22.413333892822266,21.913333892822266,22.200000762939453,605400,SOXX
2007-07-30,18.530790328979492,22.309999465942383,22.42333221435547,22.016666412353516,22.15333366394043,478800,SOXX
2007-07-31,18.23454475402832,21.953332901000977,22.549999237060547,21.953332901000977,22.549999237060547,1174500,SOXX
2007-08-01,18.334217071533203,22.073333740234375,22.139999389648438,21.583332061767578,22.10333251953125,1347000,SOXX
2007-08-02,18.34252166748047,22.083332061767578,22.19333267211914,21.833332061767578,22.19333267211914,553200,SOXX
2007-08-03,17.797096252441406,21.426666259765625,22.03333282470703,21.426666259765625,22.0,1453500,SOXX
2007-08-06,18.032434463500977,21.709999084472656,21.719999313354492,21.28333282470703,21.450000762939453,2033400,SOXX
2007-08-07,18.018598556518555,21.69333267211914,21.78333282470703,21.343332290649414,21.573333740234375,1598400,SOXX
2007-08-08,18.422819137573242,22.18000030517578,22.479999542236328,21.913333892822266,21.913333892822266,915600,SOXX
2007-08-09,18.289920806884766,22.020000457763672,22.416667938232422,21.833332061767578,21.866666793823242,2946300,SOXX
2007-08-10,18.184715270996094,21.893333435058594,22.1200008392334,21.53333282470703,21.6299991607666,961500,SOXX
2007-08-13,18.121036529541016,21.816667556762695,22.116666793823242,21.816667556762695,22.116666793823242,336000,SOXX
2007-08-14,17.891231536865234,21.540000915527344,21.98666763305664,21.52666664123535,21.899999618530273,1852500,SOXX
2007-08-15,17.39841079711914,20.946666717529297,21.523332595825195,20.933332443237305,21.309999465942383,1248600,SOXX
2007-08-16,17.384563446044922,20.93000030517578,21.083332061767578,20.30666732788086,20.816667556762695,1069200,SOXX
2007-08-17,17.686349868774414,21.293333053588867,21.996667861938477,21.086666107177734,21.566667556762695,3301200,SOXX
2007-08-20,17.89400291442871,21.543333053588867,21.643333435058594,21.329999923706055,21.43666648864746,368400,SOXX
2007-08-21,18.032434463500977,21.709999084472656,21.75666618347168,21.546667098999023,21.546667098999023,165900,SOXX
2007-08-22,18.157020568847656,21.860000610351562,21.93666648864746,21.74333381652832,21.916667938232422,251100,SOXX
2007-08-23,17.990901947021484,21.65999984741211,21.926666259765625,21.60333251953125,21.926666259765625,338700,SOXX
2007-08-24,18.248388290405273,21.969999313354492,21.983333587646484,21.676666259765625,21.766666412353516,142800,SOXX
2007-08-27,18.087804794311523,21.77666664123535,21.916667938232422,21.753332138061523,21.893333435058594,64200,SOXX
2007-08-28,17.619903564453125,21.213333129882812,21.683332443237305,21.163333892822266,21.65333366394043,462300,SOXX
2007-08-29,18.12656593322754,21.823333740234375,21.84000015258789,21.413333892822266,21.413333892822266,112200,SOXX
2007-08-30,18.14594841003418,21.84666633605957,22.083332061767578,21.666667938232422,21.666667938232422,287700,SOXX
2007-08-31,18.483715057373047,22.253332138061523,22.299999237060547,22.040000915527344,22.083332061767578,678300,SOXX
2007-09-04,18.8021297454834,22.636667251586914,22.836666107177734,22.299999237060547,22.299999237060547,144300,SOXX
2007-09-05,18.613861083984375,22.40999984741211,22.583332061767578,22.290000915527344,22.566667556762695,390600,SOXX
2007-09-06,18.774433135986328,22.60333251953125,22.639999389648438,22.34000015258789,22.586666107177734,615300,SOXX
2007-09-07,18.292688369750977,22.023332595825195,22.239999771118164,21.84666633605957,22.239999771118164,1014900,SOXX
2007-09-10,18.32868003845215,22.066667556762695,22.35333251953125,21.843332290649414,22.293333053588867,530100,SOXX
2007-09-11,18.558481216430664,22.343332290649414,22.476667404174805,22.093332290649414,22.25,700500,SOXX
2007-09-12,18.270538330078125,21.996667861938477,22.413333892822266,21.959999084472656,22.25,270000,SOXX
2007-09-13,18.204092025756836,21.916667938232422,22.106666564941406,21.89666748046875,22.0,566100,SOXX
2007-09-14,18.090574264526367,21.780000686645508,21.889999389648438,21.706666946411133,21.719999313354492,442800,SOXX
2007-09-17,18.03519630432129,21.713333129882812,21.809999465942383,21.593332290649414,21.68000030517578,167700,SOXX
2007-09-18,18.56955909729004,22.356666564941406,22.479999542236328,21.793333053588867,21.92333221435547,567000,SOXX
2007-09-19,18.652618408203125,22.456666946411133,22.72333335876465,22.34666633605957,22.5,405900,SOXX
2007-09-20,18.666465759277344,22.47333335876465,22.546667098999023,22.350000381469727,22.350000381469727,214200,SOXX
2007-09-21,18.74952507019043,22.573333740234375,22.713333129882812,22.55666732788086,22.593332290649414,200400,SOXX
2007-09-24,18.694143295288086,22.50666618347168,22.726667404174805,22.39666748046875,22.616666793823242,378900,SOXX
2007-09-25,18.8021297454834,22.636667251586914,22.663333892822266,22.34000015258789,22.34000015258789,455100,SOXX
2007-09-26,18.73310661315918,22.52666664123535,22.8700008392334,22.5,22.863332748413086,780600,SOXX
2007-09-27,18.802404403686523,22.610000610351562,22.786666870117188,22.60333251953125,22.713333129882812,149700,SOXX
2007-09-28,18.705385208129883,22.49333381652832,22.729999542236328,22.49333381652832,22.643333435058594,324600,SOXX
2007-10-01,19.096240997314453,22.963333129882812,23.079999923706055,22.626667022705078,22.626667022705078,241800,SOXX
2007-10-02,19.132272720336914,23.00666618347168,23.053333282470703,22.84666633605957,22.996667861938477,796200,SOXX
2007-10-03,18.71925163269043,22.510000228881836,23.059999465942383,22.350000381469727,22.726667404174805,377100,SOXX
2007-10-04,18.68598747253418,22.469999313354492,22.50666618347168,22.303333282470703,22.50666618347168,192600,SOXX
2007-10-05,18.999217987060547,22.84666633605957,22.97333335876465,22.583332061767578,22.636667251586914,613500,SOXX
2007-10-08,19.026945114135742,22.8799991607666,22.956666946411133,22.773332595825195,22.913333892822266,783600,SOXX
2007-10-09,18.888334274291992,22.713333129882812,23.166667938232422,22.433332443237305,23.166667938232422,894600,SOXX
2007-10-10,18.8439884185791,22.65999984741211,22.706666946411133,22.463333129882812,22.690000534057617,633300,SOXX
2007-10-11,18.439268112182617,22.17333221435547,22.80666732788086,21.99333381652832,22.80666732788086,503400,SOXX
2007-10-12,18.663806915283203,22.44333267211914,22.49333381652832,22.24333381652832,22.28333282470703,582900,SOXX
2007-10-15,18.663806915283203,22.44333267211914,22.600000381469727,22.350000381469727,22.53333282470703,445200,SOXX
2007-10-16,18.633312225341797,22.406667709350586,22.633333206176758,22.39666748046875,22.416667938232422,736500,SOXX
2007-10-17,18.979812622070312,22.823333740234375,23.0,22.59666633605957,23.0,732300,SOXX
2007-10-18,18.98811912536621,22.833332061767578,22.876667022705078,22.559999465942383,22.71666717529297,442800,SOXX
2007-10-19,18.430965423583984,22.163333892822266,22.753332138061523,22.143333435058594,22.753332138061523,850800,SOXX
2007-10-22,18.591732025146484,22.356666564941406,22.433332443237305,21.899999618530273,21.940000534057617,538800,SOXX
2007-10-23,18.633312225341797,22.406667709350586,22.406667709350586,22.10333251953125,22.406667709350586,289500,SOXX
2007-10-24,18.062280654907227,21.719999313354492,21.92333221435547,21.209999084472656,21.92333221435547,585300,SOXX
2007-10-25,17.46630859375,21.003332138061523,21.579999923706055,20.803333282470703,21.57666778564453,488100,SOXX
2007-10-26,17.524518966674805,21.073333740234375,21.316667556762695,20.90333366394043,21.296667098999023,367800,SOXX
2007-10-29,17.68806266784668,21.270000457763672,21.393333435058594,21.126667022705078,21.126667022705078,215100,SOXX
2007-10-30,17.754592895507812,21.350000381469727,21.489999771118164,21.166667938232422,21.196666717529297,645300,SOXX
2007-10-31,17.920913696289062,21.549999237060547,21.623332977294922,21.25666618347168,21.393333435058594,271200,SOXX
2007-11-01,17.624309539794922,21.19333267211914,21.469999313354492,21.15999984741211,21.469999313354492,426600,SOXX
2007-11-02,17.74627113342285,21.34000015258789,21.356666564941406,21.036666870117188,21.266666412353516,1254300,SOXX
2007-11-05,17.660341262817383,21.23666763305664,21.476667404174805,21.09000015258789,21.09000015258789,1152000,SOXX
2007-11-06,17.915369033813477,21.543333053588867,21.56333351135254,21.23666763305664,21.350000381469727,1840800,SOXX
2007-11-07,17.43581771850586,20.96666717529297,21.469999313354492,20.959999084472656,21.34666633605957,384300,SOXX
2007-11-08,17.18910789489746,20.670000076293945,21.083332061767578,20.32666778564453,21.06999969482422,1187400,SOXX
2007-11-09,17.039419174194336,20.489999771118164,20.790000915527344,20.413333892822266,20.520000457763672,994200,SOXX
2007-11-12,16.598676681518555,19.959999084472656,20.549999237060547,19.953332901000977,20.366666793823242,693300,SOXX
2007-11-13,16.975664138793945,20.413333892822266,20.469999313354492,20.18000030517578,20.253332138061523,115200,SOXX
2007-11-14,16.845375061035156,20.25666618347168,20.666667938232422,20.253332138061523,20.633333206176758,114000,SOXX
2007-11-15,16.745588302612305,20.136667251586914,20.393333435058594,19.98666763305664,20.15999984741211,652500,SOXX
2007-11-16,16.63193130493164,20.0,20.24333381652832,19.89666748046875,20.17333221435547,1236000,SOXX
2007-11-19,16.329788208007812,19.636667251586914,20.066667556762695,19.613332748413086,19.926666259765625,1242900,SOXX
2007-11-20,16.130210876464844,19.39666748046875,19.796667098999023,19.053333282470703,19.690000534057617,1628400,SOXX
2007-11-21,15.811429023742676,19.01333236694336,19.43000030517578,18.80666732788086,19.1299991607666,1572900,SOXX
2007-11-23,16.04150390625,19.290000915527344,19.386667251586914,19.06999969482422,19.170000076293945,92700,SOXX
2007-11-26,15.631246566772461,18.796667098999023,19.446666717529297,18.796667098999023,19.399999618530273,222600,SOXX
2007-11-27,15.963886260986328,19.196666717529297,19.196666717529297,18.793333053588867,18.81333351135254,1816800,SOXX
2007-11-28,16.64303207397461,20.01333236694336,20.09000015258789,19.46666717529297,19.56999969482422,443700,SOXX
2007-11-29,16.629161834716797,19.996667861938477,20.06999969482422,19.843332290649414,19.889999389648438,720300,SOXX
2007-11-30,16.393545150756836,19.713333129882812,20.27666664123535,19.666667938232422,20.27666664123535,90000,SOXX
2007-12-03,16.37691879272461,19.69333267211914,19.893333435058594,19.670000076293945,19.75666618347168,72300,SOXX
2007-12-04,16.249406814575195,19.540000915527344,19.69333267211914,19.503332138061523,19.566667556762695,2136600,SOXX
2007-12-05,16.712322235107422,20.09666633605957,20.253332138061523,19.866666793823242,19.866666793823242,549300,SOXX
2007-12-06,16.99506378173828,20.43666648864746,20.483333587646484,20.053333282470703,20.053333282470703,541500,SOXX
2007-12-07,16.97011947631836,20.406667709350586,20.479999542236328,20.30666732788086,20.43666648864746,277200,SOXX
2007-12-10,17.117034912109375,20.583332061767578,20.643333435058594,20.35333251953125,20.440000534057617,181200,SOXX
2007-12-11,16.778854370117188,20.176666259765625,20.81333351135254,20.176666259765625,20.713333129882812,1647000,SOXX
2007-12-12,16.98674774169922,20.426666259765625,20.786666870117188,20.15999984741211,20.786666870117188,911400,SOXX
2007-12-13,16.828754425048828,20.23666763305664,20.49333381652832,20.00666618347168,20.316667556762695,1119300,SOXX
2007-12-14,16.651344299316406,20.023332595825195,20.23666763305664,19.983333587646484,20.10333251953125,944100,SOXX
2007-12-17,16.282663345336914,19.579999923706055,19.963333129882812,19.579999923706055,19.90999984741211,1101300,SOXX
2007-12-18,16.357501983642578,19.670000076293945,19.760000228881836,19.459999084472656,19.670000076293945,791400,SOXX
2007-12-19,16.396320343017578,19.71666717529297,19.84666633605957,19.573333740234375,19.573333740234375,252900,SOXX
2007-12-20,16.61807632446289,19.983333587646484,20.110000610351562,19.796667098999023,19.920000076293945,304500,SOXX
2007-12-21,16.831512451171875,20.239999771118164,20.373332977294922,20.156667709350586,20.333332061767578,360300,SOXX
2007-12-24,17.006155014038086,20.450000762939453,20.476667404174805,20.329999923706055,20.329999923706055,121800,SOXX
2007-12-26,17.03665542602539,20.48666763305664,20.520000457763672,20.383333206176758,20.46666717529297,548400,SOXX
2007-12-27,16.685558319091797,20.040000915527344,20.503332138061523,20.03333282470703,20.350000381469727,163500,SOXX
2007-12-28,16.630050659179688,19.97333335876465,20.136667251586914,19.8799991607666,20.133333206176758,191700,SOXX
2007-12-31,16.48851203918457,19.803333282470703,20.00666618347168,19.77666664123535,19.933332443237305,270000,SOXX
2008-01-02,16.04722785949707,19.273332595825195,19.889999389648438,19.1299991607666,19.780000686645508,536700,SOXX
2008-01-03,15.85572338104248,19.043333053588867,19.343332290649414,18.976667404174805,19.343332290649414,600600,SOXX
2008-01-04,15.092498779296875,18.126667022705078,18.753332138061523,17.959999084472656,18.753332138061523,649800,SOXX
2008-01-07,14.731695175170898,17.69333267211914,18.213333129882812,17.530000686645508,18.213333129882812,346500,SOXX
2008-01-08,14.38477611541748,17.27666664123535,18.00666618347168,17.22333335876465,17.766666412353516,415200,SOXX
2008-01-09,14.476365089416504,17.386667251586914,17.53333282470703,16.913333892822266,17.209999084472656,599100,SOXX
2008-01-10,14.534646987915039,17.456666946411133,17.543333053588867,17.10333251953125,17.156667709350586,1900800,SOXX
2008-01-11,14.082259178161621,16.913333892822266,17.34666633605957,16.81333351135254,17.34666633605957,231300,SOXX
2008-01-14,14.509665489196777,17.426666259765625,17.456666946411133,17.143333435058594,17.166667938232422,115500,SOXX
2008-01-15,13.965692520141602,16.773332595825195,17.239999771118164,16.703332901000977,17.239999771118164,356700,SOXX
2008-01-16,13.788071632385254,16.559999465942383,16.93666648864746,16.10333251953125,16.3799991607666,388200,SOXX
2008-01-17,13.532732009887695,16.253332138061523,16.913333892822266,16.253332138061523,16.74333381652832,486300,SOXX
2008-01-18,13.887986183166504,16.68000030517578,16.803333282470703,16.389999389648438,16.479999542236328,392100,SOXX
2008-01-22,13.627098083496094,16.366666793823242,16.60333251953125,15.793333053588867,16.03333282470703,458100,SOXX
2008-01-23,13.9490385055542,16.753332138061523,16.790000915527344,15.5,15.626667022705078,443400,SOXX
2008-01-24,14.345916748046875,17.229999542236328,17.229999542236328,16.77666664123535,16.799999237060547,664800,SOXX
2008-01-25,14.057279586791992,16.883333206176758,17.766666412353516,16.866666793823242,17.600000381469727,1206000,SOXX
2008-01-28,14.240452766418457,17.10333251953125,17.10333251953125,16.600000381469727,16.80666732788086,386100,SOXX
2008-01-29,14.265436172485352,17.133333206176758,17.27666664123535,16.886667251586914,17.05666732788086,224400,SOXX
2008-01-30,14.254329681396484,17.1200008392334,17.356666564941406,17.00666618347168,17.15333366394043,269100,SOXX
2008-01-31,14.2127046585083,17.06999969482422,17.25,16.80666732788086,16.899999618530273,318300,SOXX
2008-02-01,14.970376968383789,17.979999542236328,18.0,17.200000762939453,17.200000762939453,604800,SOXX
2008-02-04,14.703943252563477,17.65999984741211,18.0,17.6299991607666,17.996667861938477,373800,SOXX
2008-02-05,14.06283187866211,16.889999389648438,17.360000610351562,16.8700008392334,17.299999237060547,361500,SOXX
2008-02-06,13.70758056640625,16.463333129882812,17.066667556762695,16.446666717529297,16.94333267211914,379500,SOXX
2008-02-07,13.835250854492188,16.616666793823242,16.899999618530273,16.100000381469727,16.31999969482422,473700,SOXX
2008-02-08,13.996224403381348,16.809999465942383,16.983333587646484,16.616666793823242,16.639999389648438,233100,SOXX
2008-02-11,14.320940017700195,17.200000762939453,17.336666107177734,16.883333206176758,16.883333206176758,164700,SOXX
2008-02-12,14.25155258178711,17.116666793823242,17.459999084472656,17.079999923706055,17.329999923706055,197400,SOXX
2008-02-13,14.778878211975098,17.75,17.753332138061523,17.323333740234375,17.323333740234375,74700,SOXX
2008-02-14,14.279306411743164,17.149999618530273,17.766666412353516,17.149999618530273,17.766666412353516,992400,SOXX
2008-02-15,14.018426895141602,16.836666107177734,17.170000076293945,16.75666618347168,17.066667556762695,103800,SOXX
2008-02-19,13.915736198425293,16.713333129882812,17.07666778564453,16.64666748046875,17.066667556762695,166500,SOXX
2008-02-20,14.187723159790039,17.040000915527344,17.15999984741211,16.523332595825195,16.523332595825195,165000,SOXX
2008-02-21,14.1488676071167,16.99333381652832,17.446666717529297,16.940000534057617,17.299999237060547,825900,SOXX
2008-02-22,14.19604778289795,17.049999237060547,17.06333351135254,16.709999084472656,17.036666870117188,728100,SOXX
2008-02-25,14.33204460144043,17.213333129882812,17.303333282470703,16.873332977294922,16.98666763305664,1883700,SOXX
2008-02-26,14.562398910522461,17.489999771118164,17.656667709350586,17.06999969482422,17.06999969482422,4507200,SOXX
2008-02-27,14.6900634765625,17.643333435058594,17.766666412353516,17.350000381469727,17.350000381469727,1743300,SOXX
2008-02-28,14.343143463134766,17.226667404174805,17.520000457763672,17.17333221435547,17.453332901000977,293700,SOXX
2008-02-29,13.929610252380371,16.729999542236328,17.09666633605957,16.683332443237305,17.066667556762695,209400,SOXX
2008-03-03,13.846352577209473,16.6299991607666,16.766666412353516,16.469999313354492,16.726667404174805,908700,SOXX
2008-03-04,13.921289443969727,16.719999313354492,16.73666763305664,16.206666946411133,16.5,808200,SOXX
2008-03-05,14.060066223144531,16.886667251586914,17.030000686645508,16.593332290649414,16.593332290649414,235500,SOXX
2008-03-06,13.654850006103516,16.399999618530273,16.803333282470703,16.3799991607666,16.726667404174805,158400,SOXX
2008-03-07,13.671500205993652,16.420000076293945,16.793333053588867,16.06999969482422,16.25,339900,SOXX
2008-03-10,13.457795143127441,16.163333892822266,16.540000915527344,16.163333892822266,16.3799991607666,211800,SOXX
2008-03-11,13.929610252380371,16.729999542236328,16.729999542236328,16.21666717529297,16.35333251953125,212700,SOXX
2008-03-12,13.826922416687012,16.606666564941406,16.899999618530273,16.606666564941406,16.68000030517578,1378500,SOXX
2008-03-13,14.071150779724121,16.899999618530273,16.98666763305664,16.303333282470703,16.303333282470703,387300,SOXX
2008-03-14,13.66872787475586,16.416667938232422,16.959999084472656,16.280000686645508,16.933332443237305,956100,SOXX
2008-03-17,13.615995407104492,16.35333251953125,16.586666107177734,15.686667442321777,15.686667442321777,1865100,SOXX
2008-03-18,14.159967422485352,17.00666618347168,17.00666618347168,16.459999084472656,16.510000228881836,982500,SOXX
2008-03-19,13.579915046691895,16.309999465942383,16.976667404174805,16.293333053588867,16.963333129882812,511800,SOXX
2008-03-20,13.846352577209473,16.6299991607666,16.6299991607666,16.183332443237305,16.270000457763672,4154700,SOXX
2008-03-24,14.284862518310547,17.156667709350586,17.360000610351562,16.633333206176758,16.633333206176758,727200,SOXX
2008-03-25,14.326494216918945,17.206666946411133,17.316667556762695,17.049999237060547,17.166667938232422,162900,SOXX
2008-03-26,14.173844337463379,17.023332595825195,17.206666946411133,16.81999969482422,17.133333206176758,2055000,SOXX
2008-03-27,13.80749225616455,16.583332061767578,16.953332901000977,16.583332061767578,16.953332901000977,262500,SOXX
2008-03-28,13.607671737670898,16.343332290649414,16.78333282470703,16.343332290649414,16.75,229500,SOXX
2008-03-31,13.75476360321045,16.520000457763672,16.67333221435547,16.366666793823242,16.366666793823242,479700,SOXX
2008-04-01,14.329265594482422,17.209999084472656,17.246667861938477,16.696666717529297,16.696666717529297,866400,SOXX
2008-04-02,14.431955337524414,17.333332061767578,17.579999923706055,17.206666946411133,17.206666946411133,2016900,SOXX
2008-04-03,14.637330055236816,17.579999923706055,17.68000030517578,17.083332061767578,17.196666717529297,922800,SOXX
2008-04-04,14.656758308410645,17.60333251953125,17.729999542236328,17.356666564941406,17.503332138061523,297900,SOXX
2008-04-07,14.545747756958008,17.469999313354492,17.766666412353516,17.386667251586914,17.68666648864746,3148800,SOXX
2008-04-08,14.237679481506348,17.100000381469727,17.296667098999023,17.043333053588867,17.296667098999023,337500,SOXX
2008-04-09,14.381994247436523,17.273332595825195,17.450000762939453,17.02666664123535,17.166667938232422,2472300,SOXX
2008-04-10,14.717819213867188,17.676666259765625,17.843332290649414,17.309999465942383,17.316667556762695,1656900,SOXX
2008-04-11,14.179394721984863,17.030000686645508,17.496667861938477,16.979999542236328,17.496667861938477,588900,SOXX
2008-04-14,13.924063682556152,16.72333335876465,16.976667404174805,16.683332443237305,16.899999618530273,450600,SOXX
2008-04-15,13.960142135620117,16.766666412353516,16.809999465942383,16.406667709350586,16.809999465942383,748800,SOXX
2008-04-16,14.52631950378418,17.446666717529297,17.483333587646484,17.093332290649414,17.110000610351562,555600,SOXX
2008-04-17,14.426406860351562,17.32666778564453,17.35333251953125,17.079999923706055,17.333332061767578,360900,SOXX
2008-04-18,14.737250328063965,17.700000762939453,17.850000381469727,17.5,17.636667251586914,957600,SOXX
2008-04-21,14.898216247558594,17.893333435058594,17.90999984741211,17.583332061767578,17.583332061767578,1871700,SOXX
2008-04-22,14.506891250610352,17.42333221435547,17.733333587646484,17.239999771118164,17.733333587646484,1019400,SOXX
2008-04-23,14.928750038146973,17.93000030517578,18.110000610351562,17.503332138061523,17.503332138061523,1615200,SOXX
2008-04-24,15.195189476013184,18.25,18.399999618530273,17.71666717529297,17.920000076293945,1280400,SOXX
2008-04-25,15.13967227935791,18.183332443237305,18.350000381469727,17.823333740234375,18.350000381469727,360300,SOXX
2008-04-28,15.031435012817383,18.053333282470703,18.15999984741211,17.963333129882812,18.07666778564453,617100,SOXX
2008-04-29,15.103591918945312,18.139999389648438,18.229999542236328,18.0,18.00666618347168,669900,SOXX
2008-04-30,14.817732810974121,17.796667098999023,18.163333892822266,17.69333267211914,18.163333892822266,2556300,SOXX
2008-05-01,15.37279987335205,18.463333129882812,18.53333282470703,17.78333282470703,17.78333282470703,2147100,SOXX
2008-05-02,15.381131172180176,18.47333335876465,18.69333267211914,18.233333587646484,18.633333206176758,2086800,SOXX
2008-05-05,15.270119667053223,18.34000015258789,18.47333335876465,18.219999313354492,18.39666748046875,1626600,SOXX
2008-05-06,15.528236389160156,18.649999618530273,18.67333221435547,18.176666259765625,18.176666259765625,936600,SOXX
2008-05-07,15.339497566223145,18.42333221435547,18.886667251586914,18.42333221435547,18.700000762939453,3071100,SOXX
2008-05-08,15.403336524963379,18.5,18.643333435058594,18.28333282470703,18.48666763305664,3518700,SOXX
2008-05-09,15.400562286376953,18.496667861938477,18.623332977294922,18.303333282470703,18.303333282470703,228600,SOXX
2008-05-12,15.5892915725708,18.72333335876465,18.746667861938477,18.40333366394043,18.40333366394043,172800,SOXX
2008-05-13,15.655895233154297,18.803333282470703,18.84000015258789,18.666667938232422,18.78333282470703,249600,SOXX
2008-05-14,15.85572338104248,19.043333053588867,19.366666793823242,18.793333053588867,18.793333053588867,446400,SOXX
2008-05-15,16.22484588623047,19.48666763305664,19.49333381652832,19.016666412353516,19.073333740234375,402000,SOXX
2008-05-16,16.31365966796875,19.593332290649414,19.59666633605957,19.190000534057617,19.5,307200,SOXX
2008-05-19,16.23594856262207,19.5,19.979999542236328,19.43000030517578,19.633333206176758,354300,SOXX
2008-05-20,15.836297035217285,19.020000457763672,19.42333221435547,18.889999389648438,19.42333221435547,338400,SOXX
2008-05-21,15.583745002746582,18.71666717529297,19.09666633605957,18.68000030517578,18.93666648864746,271200,SOXX
2008-05-22,15.672553062438965,18.823333740234375,19.003332138061523,18.726667404174805,18.73666763305664,376500,SOXX
2008-05-23,15.55320930480957,18.68000030517578,18.796667098999023,18.420000076293945,18.796667098999023,267000,SOXX
2008-05-27,15.836297035217285,19.020000457763672,19.040000915527344,18.649999618530273,18.649999618530273,371700,SOXX
2008-05-28,15.897360801696777,19.093332290649414,19.163333892822266,18.90333366394043,19.113332748413086,586500,SOXX
2008-05-29,15.841841697692871,19.02666664123535,19.156667709350586,19.01333236694336,19.03333282470703,132600,SOXX
2008-05-30,16.074979782104492,19.30666732788086,19.40333366394043,19.113332748413086,19.113332748413086,237600,SOXX
2008-06-02,15.914010047912598,19.113332748413086,19.299999237060547,18.8799991607666,19.26333236694336,230100,SOXX
2008-06-03,15.689201354980469,18.843332290649414,19.166667938232422,18.700000762939453,19.166667938232422,556800,SOXX
2008-06-04,15.936209678649902,19.139999389648438,19.260000228881836,18.916667938232422,18.98666763305664,582900,SOXX
2008-06-05,16.141586303710938,19.386667251586914,19.47333335876465,19.166667938232422,19.329999923706055,404100,SOXX
2008-06-06,15.919561386108398,19.1200008392334,19.399999618530273,18.876667022705078,19.350000381469727,354900,SOXX
2008-06-09,15.5892915725708,18.72333335876465,19.01333236694336,18.3799991607666,19.01333236694336,331800,SOXX
2008-06-10,15.275677680969238,18.34666633605957,18.579999923706055,18.233333587646484,18.579999923706055,816300,SOXX
2008-06-11,14.78720760345459,17.760000228881836,18.40333366394043,17.760000228881836,18.40333366394043,459000,SOXX
2008-06-12,14.848257064819336,17.833332061767578,18.190000534057617,17.683332443237305,17.683332443237305,552600,SOXX
2008-06-13,15.231271743774414,18.293333053588867,18.386667251586914,17.96666717529297,18.0,3403200,SOXX
2008-06-16,15.536558151245117,18.65999984741211,18.76333236694336,18.209999084472656,18.209999084472656,1749600,SOXX
2008-06-17,15.325636863708496,18.406667709350586,18.82666778564453,18.399999618530273,18.683332443237305,1440300,SOXX
2008-06-18,14.987027168273926,18.0,18.366666793823242,17.92333221435547,18.233333587646484,187800,SOXX
2008-06-19,15.378358840942383,18.469999313354492,18.600000381469727,17.893333435058594,18.079999923706055,430500,SOXX
2008-06-20,15.031435012817383,18.053333282470703,18.239999771118164,17.979999542236328,18.239999771118164,324300,SOXX
2008-06-23,14.831087112426758,17.766666412353516,18.233333587646484,17.746667861938477,18.233333587646484,496800,SOXX
2008-06-24,14.90622615814209,17.856666564941406,18.190000534057617,17.6200008392334,17.6200008392334,2746500,SOXX
2008-06-25,15.1677885055542,18.170000076293945,18.40333366394043,18.059999465942383,18.059999465942383,781800,SOXX
2008-06-26,14.486050605773926,17.35333251953125,18.030000686645508,17.26333236694336,18.0,2019000,SOXX
2008-06-27,14.391443252563477,17.239999771118164,17.376667022705078,16.989999771118164,17.28333282470703,715500,SOXX
2008-06-30,14.246755599975586,17.066667556762695,17.413333892822266,17.066667556762695,17.123332977294922,238500,SOXX
2008-07-01,14.196663856506348,17.00666618347168,17.03333282470703,16.553333282470703,16.899999618530273,341700,SOXX
2008-07-02,13.857197761535645,16.600000381469727,17.14666748046875,16.553333282470703,17.046667098999023,697200,SOXX
2008-07-03,13.459285736083984,16.123332977294922,16.733333587646484,15.896666526794434,16.733333587646484,1032900,SOXX
2008-07-07,13.53997802734375,16.219999313354492,16.566667556762695,15.983332633972168,16.206666946411133,3449100,SOXX
2008-07-08,13.617891311645508,16.31333351135254,16.373332977294922,15.986666679382324,16.133333206176758,901500,SOXX
2008-07-09,13.06694507598877,15.653332710266113,16.333332061767578,15.653332710266113,16.333332061767578,4893900,SOXX
2008-07-10,13.258941650390625,15.883333206176758,15.94333267211914,15.516667366027832,15.583333015441895,750900,SOXX
2008-07-11,13.211639404296875,15.826666831970215,16.06333351135254,15.433333396911621,15.6899995803833,2791800,SOXX
2008-07-14,13.050250053405762,15.633333206176758,16.00666618347168,15.470000267028809,15.923333168029785,1956900,SOXX
2008-07-15,13.178250312805176,15.786666870117188,16.086666107177734,15.386667251586914,15.50333309173584,1030500,SOXX
2008-07-16,13.603976249694824,16.296667098999023,16.343332290649414,15.723333358764648,15.979999542236328,3625800,SOXX
2008-07-17,13.896150588989258,16.64666748046875,16.739999771118164,16.176666259765625,16.43000030517578,976500,SOXX
2008-07-18,13.829370498657227,16.566667556762695,16.6299991607666,16.083332061767578,16.573333740234375,4616400,SOXX
2008-07-21,13.712503433227539,16.426666259765625,16.68666648864746,16.343332290649414,16.666667938232422,501300,SOXX
2008-07-22,13.28955078125,15.920000076293945,16.113332748413086,15.686667442321777,16.110000610351562,735000,SOXX
2008-07-23,13.41476821899414,16.06999969482422,16.25666618347168,15.823332786560059,15.970000267028809,692100,SOXX
2008-07-24,12.774774551391602,15.303333282470703,16.0,15.270000457763672,16.0,863700,SOXX
2008-07-25,12.89999008178711,15.453332901000977,15.493332862854004,15.183333396911621,15.34000015258789,4945500,SOXX
2008-07-28,12.691298484802246,15.203332901000977,15.479999542236328,15.153332710266113,15.30666732788086,2046000,SOXX
2008-07-29,13.016858100891113,15.59333324432373,15.623332977294922,15.226667404174805,15.333333015441895,1445400,SOXX
2008-07-30,13.122596740722656,15.720000267028809,15.883333206176758,15.529999732971191,15.739999771118164,3765600,SOXX
2008-07-31,13.075292587280273,15.66333293914795,16.0,15.583333015441895,15.583333015441895,911100,SOXX
2008-08-01,12.95842170715332,15.523332595825195,15.699999809265137,15.3100004196167,15.643333435058594,1091400,SOXX
2008-08-04,12.983467102050781,15.553333282470703,15.716667175292969,15.489999771118164,15.596667289733887,604200,SOXX
2008-08-05,13.303466796875,15.936667442321777,15.946666717529297,15.569999694824219,15.710000038146973,738600,SOXX
2008-08-06,13.470417022705078,16.136667251586914,16.213333129882812,15.696666717529297,16.010000228881836,538200,SOXX
2008-08-07,13.601195335388184,16.293333053588867,16.616666793823242,15.936667442321777,16.133333206176758,702000,SOXX
2008-08-08,13.885021209716797,16.633333206176758,16.683332443237305,16.206666946411133,16.280000686645508,497700,SOXX
2008-08-11,14.177190780639648,16.983333587646484,17.196666717529297,16.626667022705078,16.713333129882812,676800,SOXX
2008-08-12,14.149364471435547,16.950000762939453,17.086666107177734,16.8799991607666,17.0,825000,SOXX
2008-08-13,14.218926429748535,17.03333282470703,17.213333129882812,16.843332290649414,17.020000457763672,947100,SOXX
2008-08-14,14.363615989685059,17.206666946411133,17.286666870117188,16.899999618530273,16.93000030517578,695100,SOXX
2008-08-15,14.430405616760254,17.286666870117188,17.433332443237305,17.163333892822266,17.299999237060547,1181700,SOXX
2008-08-18,14.246755599975586,17.066667556762695,17.40999984741211,16.873332977294922,17.40999984741211,1061100,SOXX
2008-08-19,13.979626655578613,16.746667861938477,17.016666412353516,16.68666648864746,16.979999542236328,828300,SOXX
2008-08-20,13.940669059753418,16.700000762939453,16.956666946411133,16.613332748413086,16.89666748046875,941400,SOXX
2008-08-21,13.86275863647461,16.606666564941406,16.683332443237305,16.476667404174805,16.656667709350586,684600,SOXX
2008-08-22,14.035282135009766,16.81333351135254,16.876667022705078,16.649999618530273,16.799999237060547,416700,SOXX
2008-08-25,13.81545352935791,16.549999237060547,16.823333740234375,16.540000915527344,16.713333129882812,838200,SOXX
2008-08-26,13.69580364227295,16.406667709350586,16.5,16.280000686645508,16.479999542236328,576900,SOXX
2008-08-27,13.832151412963867,16.56999969482422,16.68666648864746,16.35333251953125,16.366666793823242,291300,SOXX
2008-08-28,13.962937355041504,16.726667404174805,16.753332138061523,16.59666633605957,16.643333435058594,610500,SOXX
2008-08-29,13.651281356811523,16.35333251953125,16.559999465942383,16.233333587646484,16.53333282470703,491400,SOXX
2008-09-02,13.437024116516113,16.09666633605957,16.69333267211914,16.016666412353516,16.606666564941406,1169700,SOXX
2008-09-03,12.827645301818848,15.366666793823242,16.0,15.323332786560059,16.0,1014900,SOXX
2008-09-04,12.432518005371094,14.893333435058594,15.279999732971191,14.846667289733887,15.25,1060800,SOXX
2008-09-05,12.596691131591797,15.09000015258789,15.173333168029785,14.6899995803833,14.6899995803833,939000,SOXX
2008-09-08,12.521563529968262,15.0,15.486666679382324,14.733332633972168,15.486666679382324,993900,SOXX
2008-09-09,12.034611701965332,14.416666984558105,14.993332862854004,14.34000015258789,14.833333015441895,2081400,SOXX
2008-09-10,12.10973834991455,14.506667137145996,14.680000305175781,14.40666675567627,14.616666793823242,1312800,SOXX
2008-09-11,12.112527847290039,14.510000228881836,14.606666564941406,14.126667022705078,14.34333324432373,1560000,SOXX
2008-09-12,12.129218101501465,14.529999732971191,14.563332557678223,14.15999984741211,14.319999694824219,1162500,SOXX
2008-09-15,11.656182289123535,13.963333129882812,14.456666946411133,13.949999809265137,13.986666679382324,1541100,SOXX
2008-09-16,11.778614044189453,14.109999656677246,14.270000457763672,13.333333015441895,13.386667251586914,1938600,SOXX
2008-09-17,11.383487701416016,13.636667251586914,14.220000267028809,13.636667251586914,13.696666717529297,961500,SOXX
2008-09-18,11.956694602966309,14.323332786560059,14.449999809265137,13.386667251586914,13.886667251586914,2410200,SOXX
2008-09-19,12.246085166931152,14.670000076293945,15.616666793823242,13.329999923706055,15.41333293914795,477300,SOXX
2008-09-22,11.689569473266602,14.00333309173584,14.579999923706055,13.99666690826416,14.399999618530273,203100,SOXX
2008-09-23,11.511487007141113,13.789999961853027,14.210000038146973,13.706666946411133,14.0600004196167,169800,SOXX
2008-09-24,11.628355026245117,13.930000305175781,14.123332977294922,13.866666793823242,13.953332901000977,395700,SOXX
2008-09-25,11.795309066772461,14.130000114440918,14.300000190734863,13.579999923706055,13.579999923706055,498000,SOXX
2008-09-26,11.859308242797852,14.206666946411133,14.206666946411133,13.446666717529297,14.076666831970215,467100,SOXX
2008-09-29,10.852020263671875,13.0,14.15999984741211,12.903332710266113,14.15999984741211,1169700,SOXX
2008-09-30,11.280534744262695,13.513333320617676,13.536666870117188,12.800000190734863,12.800000190734863,1665900,SOXX
2008-10-01,11.219321250915527,13.4399995803833,13.640000343322754,13.239999771118164,13.640000343322754,1028100,SOXX
2008-10-02,10.54037094116211,12.626667022705078,13.24666690826416,12.600000381469727,13.206666946411133,941700,SOXX
2008-10-03,10.4207181930542,12.483332633972168,13.130000114440918,12.470000267028809,12.903332710266113,824400,SOXX
2008-10-06,10.067331314086914,12.0600004196167,12.19333267211914,11.40999984741211,12.146666526794434,857700,SOXX
2008-10-07,9.410648345947266,11.273332595825195,12.206666946411133,11.243332862854004,12.09333324432373,628500,SOXX
2008-10-08,9.388384819030762,11.24666690826416,11.766667366027832,10.8100004196167,10.8100004196167,2062500,SOXX
2008-10-09,9.226994514465332,11.053333282470703,11.733332633972168,10.90666675567627,11.489999771118164,967800,SOXX
2008-10-10,9.110130310058594,10.91333293914795,11.363332748413086,10.229999542236328,10.376667022705078,2379000,SOXX
2008-10-13,9.944902420043945,11.91333293914795,11.91333293914795,11.133333206176758,11.133333206176758,617700,SOXX
2008-10-14,9.53307819366455,11.420000076293945,12.383333206176758,11.273332595825195,12.303333282470703,1168800,SOXX
2008-10-15,8.651008605957031,10.363332748413086,11.373332977294922,10.350000381469727,11.363332748413086,849000,SOXX
2008-10-16,9.071173667907715,10.866666793823242,10.896666526794434,9.899999618530273,10.33666706085205,1512300,SOXX
2008-10-17,8.9292631149292,10.696666717529297,11.15666675567627,10.609999656677246,10.643333435058594,928500,SOXX
2008-10-20,9.196395874023438,11.016667366027832,11.046667098999023,10.796667098999023,10.9399995803833,562800,SOXX
2008-10-21,8.759528160095215,10.493332862854004,10.83666706085205,10.493332862854004,10.546667098999023,618300,SOXX
2008-10-22,8.40335750579834,10.066666603088379,10.600000381469727,9.883333206176758,10.479999542236328,415200,SOXX
2008-10-23,8.228056907653809,9.856666564941406,10.173333168029785,9.479999542236328,10.100000381469727,543000,SOXX
2008-10-24,8.219710350036621,9.846667289733887,10.149999618530273,9.026666641235352,9.026666641235352,669600,SOXX
2008-10-27,8.203015327453613,9.826666831970215,10.25333309173584,9.583333015441895,9.583333015441895,532500,SOXX
2008-10-28,8.940391540527344,10.710000038146973,10.729999542236328,9.800000190734863,10.130000114440918,981600,SOXX
2008-10-29,8.792919158935547,10.533332824707031,10.850000381469727,10.393333435058594,10.58666706085205,593400,SOXX
2008-10-30,9.1741304397583,10.989999771118164,11.0,10.523332595825195,10.833333015441895,429900,SOXX
2008-10-31,9.290998458862305,11.130000114440918,11.333333015441895,10.74666690826416,10.74666690826416,541500,SOXX
2008-11-03,9.268738746643066,11.103333473205566,11.33666706085205,11.053333282470703,11.25333309173584,217800,SOXX
2008-11-04,9.613776206970215,11.516667366027832,11.550000190734863,11.220000267028809,11.319999694824219,261900,SOXX
2008-11-05,9.11569595336914,10.920000076293945,11.40666675567627,10.916666984558105,11.346667289733887,231300,SOXX
2008-11-06,8.422834396362305,10.09000015258789,10.813332557678223,10.073332786560059,10.726667404174805,225300,SOXX
2008-11-07,8.609270095825195,10.313332557678223,10.383333206176758,10.126667022705078,10.1899995803833,139500,SOXX
2008-11-10,8.358835220336914,10.013333320617676,10.433333396911621,9.90666675567627,10.396666526794434,163500,SOXX
2008-11-11,8.180749893188477,9.800000190734863,10.010000228881836,9.653332710266113,9.796667098999023,403200,SOXX
2008-11-12,7.768931865692139,9.30666732788086,9.743332862854004,9.293333053588867,9.606666564941406,185100,SOXX
2008-11-13,8.280923843383789,9.920000076293945,9.920000076293945,8.84000015258789,9.380000114440918,571800,SOXX
2008-11-14,7.704934120178223,9.229999542236328,9.680000305175781,9.180000305175781,9.649999618530273,335700,SOXX
2008-11-17,7.504587650299072,8.989999771118164,9.25333309173584,8.979999542236328,9.09000015258789,337500,SOXX
2008-11-18,7.3348541259765625,8.786666870117188,9.05666732788086,8.533332824707031,8.930000305175781,359400,SOXX
2008-11-19,6.786683559417725,8.130000114440918,8.826666831970215,8.130000114440918,8.673333168029785,254100,SOXX
2008-11-20,6.505645751953125,7.793333053588867,8.430000305175781,7.793333053588867,8.026666641235352,422700,SOXX
2008-11-21,6.8033833503723145,8.149999618530273,8.15999984741211,7.633333206176758,8.096667289733887,336600,SOXX
2008-11-24,7.223548889160156,8.653332710266113,8.716667175292969,8.136667251586914,8.136667251586914,196500,SOXX
2008-11-25,7.142857074737549,8.55666732788086,8.733332633972168,8.353333473205566,8.706666946411133,523800,SOXX
2008-11-26,7.624237537384033,9.133333206176758,9.149999618530273,8.333333015441895,8.333333015441895,348900,SOXX
2008-11-28,7.53241491317749,9.023332595825195,9.173333168029785,8.920000076293945,9.173333168029785,183600,SOXX
2008-12-01,6.961988925933838,8.34000015258789,8.766667366027832,8.34000015258789,8.696666717529297,478200,SOXX
2008-12-02,7.078857421875,8.479999542236328,8.55666732788086,8.180000305175781,8.526666641235352,414900,SOXX
2008-12-03,7.421113014221191,8.890000343322754,8.90666675567627,8.220000267028809,8.220000267028809,553200,SOXX
2008-12-04,7.003726959228516,8.390000343322754,8.893333435058594,8.30666732788086,8.729999542236328,436500,SOXX
2008-12-05,7.25693941116333,8.69333267211914,8.69333267211914,8.043333053588867,8.220000267028809,710400,SOXX
2008-12-08,7.368244171142578,8.826666831970215,8.963333129882812,8.673333168029785,8.91333293914795,250200,SOXX
2008-12-09,7.702148914337158,9.226667404174805,9.536666870117188,8.623332977294922,8.786666870117188,854400,SOXX
2008-12-10,7.8468451499938965,9.399999618530273,9.710000038146973,9.180000305175781,9.226667404174805,874800,SOXX
2008-12-11,7.665978908538818,9.183333396911621,9.573332786560059,9.146666526794434,9.333333015441895,374100,SOXX
2008-12-12,8.049966812133789,9.643333435058594,9.666666984558105,8.956666946411133,8.956666946411133,683100,SOXX
2008-12-15,7.927539348602295,9.49666690826416,9.69333267211914,9.293333053588867,9.69333267211914,297000,SOXX
2008-12-16,8.347705841064453,10.0,10.043333053588867,9.58666706085205,9.636667251586914,363300,SOXX
2008-12-17,8.431184768676758,10.100000381469727,10.206666946411133,9.756667137145996,9.859999656677246,362400,SOXX
2008-12-18,7.910844326019287,9.476667404174805,10.076666831970215,9.350000381469727,10.076666831970215,343200,SOXX
2008-12-19,8.09170913696289,9.69333267211914,9.819999694824219,9.569999694824219,9.59000015258789,234900,SOXX
2008-12-22,7.782708644866943,9.243332862854004,9.546667098999023,9.05666732788086,9.546667098999023,233400,SOXX
2008-12-23,7.552563667297363,8.970000267028809,9.300000190734863,8.926667213439941,9.300000190734863,260700,SOXX
2008-12-24,7.639564037322998,9.073332786560059,9.083333015441895,8.986666679382324,8.99666690826416,142500,SOXX
2008-12-26,7.58905029296875,9.013333320617676,9.083333015441895,8.946666717529297,9.083333015441895,134100,SOXX
2008-12-29,7.552563667297363,8.970000267028809,9.013333320617676,8.829999923706055,9.006667137145996,379500,SOXX
2008-12-30,7.889355659484863,9.369999885559082,9.399999618530273,9.029999732971191,9.029999732971191,342900,SOXX
2008-12-31,7.962329387664795,9.456666946411133,9.550000190734863,9.353333473205566,9.359999656677246,192600,SOXX
2009-01-02,8.332796096801758,9.896666526794434,9.930000305175781,9.393333435058594,9.473333358764648,169200,SOXX
2009-01-05,8.329989433288574,9.893333435058594,10.043333053588867,9.743332862854004,9.8100004196167,367800,SOXX
2009-01-06,8.779048919677734,10.426667213439941,10.516667366027832,9.953332901000977,9.953332901000977,424200,SOXX
2009-01-07,8.366477012634277,9.936667442321777,10.166666984558105,9.823332786560059,10.166666984558105,351600,SOXX
2009-01-08,8.358061790466309,9.926667213439941,9.956666946411133,9.65666675567627,9.829999923706055,242100,SOXX
2009-01-09,8.063360214233398,9.576666831970215,9.916666984558105,9.55666732788086,9.899999618530273,256200,SOXX
2009-01-12,7.816382884979248,9.283332824707031,9.55666732788086,9.196666717529297,9.55666732788086,199200,SOXX
2009-01-13,7.827609539031982,9.296667098999023,9.553333282470703,9.130000114440918,9.390000343322754,449100,SOXX
2009-01-14,7.513270854949951,8.923333168029785,9.173333168029785,8.869999885559082,9.146666526794434,220500,SOXX
2009-01-15,7.647984027862549,9.083333015441895,9.1899995803833,8.713333129882812,8.936667442321777,440400,SOXX
2009-01-16,7.962329387664795,9.456666946411133,9.49666690826416,9.05666732788086,9.286666870117188,653400,SOXX
2009-01-20,7.426265239715576,8.819999694824219,9.4399995803833,8.803333282470703,9.4399995803833,366900,SOXX
2009-01-21,7.6086955070495605,9.036666870117188,9.0600004196167,8.626667022705078,8.953332901000977,277500,SOXX
2009-01-22,7.420653820037842,8.813332557678223,8.989999771118164,8.59000015258789,8.813332557678223,456000,SOXX
2009-01-23,7.737797737121582,9.1899995803833,9.33666706085205,8.706666946411133,8.829999923706055,543600,SOXX
2009-01-26,7.8023481369018555,9.266667366027832,9.476667404174805,9.143333435058594,9.206666946411133,519300,SOXX
2009-01-27,8.052143096923828,9.563332557678223,9.649999618530273,9.289999961853027,9.289999961853027,635700,SOXX
2009-01-28,8.332796096801758,9.896666526794434,9.979999542236328,9.710000038146973,9.789999961853027,635700,SOXX
2009-01-29,7.914614200592041,9.399999618530273,9.733332633972168,9.33666706085205,9.733332633972168,367800,SOXX
2009-01-30,7.754634857177734,9.210000038146973,9.539999961853027,9.130000114440918,9.453332901000977,788700,SOXX
2009-02-02,7.844450950622559,9.316666603088379,9.396666526794434,9.006667137145996,9.036666870117188,566400,SOXX
2009-02-03,7.970748424530029,9.466667175292969,9.49666690826416,9.16333293914795,9.350000381469727,1230600,SOXX
2009-02-04,8.071783065795898,9.58666706085205,9.920000076293945,9.390000343322754,9.453332901000977,1090500,SOXX
2009-02-05,8.402962684631348,9.979999542236328,10.116666793823242,9.420000076293945,9.420000076293945,950700,SOXX
2009-02-06,8.714495658874512,10.350000381469727,10.40999984741211,10.036666870117188,10.036666870117188,552300,SOXX
2009-02-09,8.669588088989258,10.296667098999023,10.366666793823242,10.166666984558105,10.316666603088379,1004700,SOXX
2009-02-10,8.271051406860352,9.823332786560059,10.41333293914795,9.729999542236328,10.229999542236328,567900,SOXX
2009-02-11,8.119491577148438,9.643333435058594,9.80666732788086,9.453332901000977,9.80666732788086,654900,SOXX
2009-02-12,8.223339080810547,9.766667366027832,9.813332557678223,9.420000076293945,9.473333358764648,924900,SOXX
2009-02-13,8.358061790466309,9.926667213439941,10.043333053588867,9.733332633972168,9.733332633972168,728400,SOXX
2009-02-17,7.788315773010254,9.25,9.55666732788086,9.236666679382324,9.553333282470703,441300,SOXX
2009-02-18,7.799542427062988,9.263333320617676,9.49666690826416,9.170000076293945,9.303333282470703,662100,SOXX
2009-02-19,7.431879997253418,8.826666831970215,9.369999885559082,8.793333053588867,9.356666564941406,493200,SOXX
2009-02-20,7.4767842292785645,8.880000114440918,8.989999771118164,8.666666984558105,8.666666984558105,818100,SOXX
2009-02-23,7.162445545196533,8.506667137145996,8.916666984558105,8.470000267028809,8.916666984558105,1062300,SOXX
2009-02-24,7.527304649353027,8.9399995803833,8.993332862854004,8.579999923706055,8.579999923706055,215100,SOXX
2009-02-25,7.74060583114624,9.19333267211914,9.433333396911621,8.823332786560059,8.90666675567627,990600,SOXX
2009-02-26,7.670439720153809,9.109999656677246,9.619999885559082,9.073332786560059,9.276666641235352,578400,SOXX
2009-02-27,7.628340244293213,9.0600004196167,9.256667137145996,8.976667404174805,8.993332862854004,756900,SOXX
2009-03-02,7.226995468139648,8.583333015441895,9.039999961853027,8.543333053588867,8.880000114440918,394200,SOXX
2009-03-03,7.330842018127441,8.706666946411133,8.866666793823242,8.55666732788086,8.733332633972168,818400,SOXX
2009-03-04,7.656405448913574,9.09333324432373,9.273332595825195,8.829999923706055,8.876667022705078,669600,SOXX
2009-03-05,7.552563667297363,8.970000267028809,9.273332595825195,8.956666946411133,9.0,1372200,SOXX
2009-03-06,7.457139492034912,8.856666564941406,9.199999809265137,8.643333435058594,9.08666706085205,1364400,SOXX
2009-03-09,7.314001083374023,8.686667442321777,9.130000114440918,8.653332710266113,8.773332595825195,439800,SOXX
2009-03-10,7.880935192108154,9.359999656677246,9.376667022705078,8.873332977294922,8.926667213439941,787800,SOXX
2009-03-11,8.080204963684082,9.596667289733887,9.683333396911621,9.403332710266113,9.403332710266113,838800,SOXX
2009-03-12,8.431029319763184,10.013333320617676,10.033332824707031,9.513333320617676,9.66333293914795,840300,SOXX
2009-03-13,8.515228271484375,10.113332748413086,10.149999618530273,9.896666526794434,10.043333053588867,783900,SOXX
2009-03-16,8.257019996643066,9.80666732788086,10.460000038146973,9.763333320617676,10.426667213439941,915300,SOXX
2009-03-17,8.579777717590332,10.1899995803833,10.206666946411133,9.743332862854004,9.846667289733887,537000,SOXX
2009-03-18,8.857633590698242,10.520000457763672,10.603333473205566,10.126667022705078,10.176667213439941,1107300,SOXX
2009-03-19,8.83798599243164,10.49666690826416,10.670000076293945,10.366666793823242,10.670000076293945,1969800,SOXX
2009-03-20,8.487163543701172,10.079999923706055,10.576666831970215,9.923333168029785,10.44333267211914,492000,SOXX
2009-03-23,9.03164005279541,10.726667404174805,10.726667404174805,10.273332595825195,10.40999984741211,545100,SOXX
2009-03-24,8.765013694763184,10.40999984741211,10.729999542236328,10.380000114440918,10.729999542236328,663300,SOXX
2009-03-25,8.829564094543457,10.486666679382324,10.866666793823242,10.170000076293945,10.539999961853027,1688400,SOXX
2009-03-26,9.2589750289917,10.99666690826416,11.0,10.523332595825195,10.523332595825195,1132500,SOXX
2009-03-27,9.101808547973633,10.8100004196167,11.016667366027832,10.743332862854004,10.979999542236328,337800,SOXX
2009-03-30,8.717301368713379,10.353333473205566,10.793333053588867,10.213333129882812,10.793333053588867,423600,SOXX
2009-03-31,8.739754676818848,10.380000114440918,10.58666706085205,10.333333015441895,10.579999923706055,856200,SOXX
2009-04-01,8.891311645507812,10.5600004196167,10.596667289733887,10.140000343322754,10.166666984558105,429600,SOXX
2009-04-02,9.253360748291016,10.989999771118164,11.183333396911621,10.756667137145996,10.789999961853027,715200,SOXX
2009-04-03,9.531211853027344,11.319999694824219,11.319999694824219,10.869999885559082,11.119999885559082,663300,SOXX
2009-04-06,9.360011100769043,11.116666793823242,11.229999542236328,10.880000114440918,11.180000305175781,416100,SOXX
2009-04-07,9.020414352416992,10.713333129882812,10.966667175292969,10.636667251586914,10.966667175292969,593100,SOXX
2009-04-08,9.225297927856445,10.956666946411133,10.993332862854004,10.666666984558105,10.75,1474800,SOXX
2009-04-09,9.615409851074219,11.420000076293945,11.523332595825195,11.166666984558105,11.263333320617676,1699200,SOXX
2009-04-13,9.511566162109375,11.296667098999023,11.4399995803833,11.026666641235352,11.423333168029785,1583700,SOXX
2009-04-14,9.542440414428711,11.333333015441895,11.546667098999023,11.133333206176758,11.216667175292969,1028400,SOXX
2009-04-15,9.365628242492676,11.123332977294922,11.143333435058594,10.916666984558105,11.130000114440918,1226400,SOXX
2009-04-16,9.750127792358398,11.579999923706055,11.596667289733887,11.186667442321777,11.333333015441895,954600,SOXX
2009-04-17,9.76135540008545,11.59333324432373,11.666666984558105,11.350000381469727,11.623332977294922,1158000,SOXX
2009-04-20,9.306686401367188,11.053333282470703,11.420000076293945,10.973333358764648,11.346667289733887,880200,SOXX
2009-04-21,9.287038803100586,11.029999732971191,11.176667213439941,10.743332862854004,10.90999984741211,1080000,SOXX
2009-04-22,9.567700386047363,11.363332748413086,11.676667213439941,10.80666732788086,10.90666675567627,1218300,SOXX
2009-04-23,9.500340461730957,11.283332824707031,11.506667137145996,10.90666675567627,11.506667137145996,1635300,SOXX
2009-04-24,9.63506031036377,11.44333267211914,11.539999961853027,11.069999694824219,11.4399995803833,1604400,SOXX
2009-04-27,9.576123237609863,11.373332977294922,11.579999923706055,11.226667404174805,11.226667404174805,1219200,SOXX
2009-04-28,9.418954849243164,11.186667442321777,11.353333473205566,11.09000015258789,11.236666679382324,909300,SOXX
2009-04-29,9.584541320800781,11.383333206176758,11.59000015258789,11.180000305175781,11.266667366027832,471300,SOXX
2009-04-30,9.825904846191406,11.670000076293945,11.966667175292969,11.453332901000977,11.596667289733887,1069500,SOXX
2009-05-01,9.85397720336914,11.703332901000977,11.8100004196167,11.463333129882812,11.713333129882812,2363400,SOXX
2009-05-04,10.317061424255371,12.25333309173584,12.270000457763672,11.833333015441895,11.923333168029785,1411200,SOXX
2009-05-05,10.218830108642578,12.136667251586914,12.233332633972168,11.90999984741211,12.233332633972168,653100,SOXX
2009-05-06,10.288999557495117,12.220000267028809,12.300000190734863,11.920000076293945,12.300000190734863,1029000,SOXX
2009-05-07,9.736096382141113,11.563332557678223,12.363332748413086,11.383333206176758,12.363332748413086,1157700,SOXX
2009-05-08,9.435791015625,11.206666946411133,11.66333293914795,11.036666870117188,11.66333293914795,2005200,SOXX
2009-05-11,9.475083351135254,11.25333309173584,11.433333396911621,10.883333206176758,11.016667366027832,1275900,SOXX
2009-05-12,9.23933219909668,10.973333358764648,11.33666706085205,10.766667366027832,11.1899995803833,3557400,SOXX
2009-05-13,8.98673152923584,10.673333168029785,10.970000267028809,10.633333206176758,10.883333206176758,1503300,SOXX
2009-05-14,9.211261749267578,10.9399995803833,11.039999961853027,10.6899995803833,10.6899995803833,1688400,SOXX
2009-05-15,9.101808547973633,10.8100004196167,11.046667098999023,10.763333320617676,10.896666526794434,1228500,SOXX
2009-05-18,9.416144371032715,11.183333396911621,11.210000038146973,10.90666675567627,10.90666675567627,783900,SOXX
2009-05-19,9.626640319824219,11.433333396911621,11.59333324432373,11.083333015441895,11.149999618530273,1370700,SOXX
2009-05-20,9.72767448425293,11.553333282470703,11.973333358764648,11.526666641235352,11.609999656677246,1757400,SOXX
2009-05-21,9.534022331237793,11.323332786560059,11.536666870117188,11.149999618530273,11.426667213439941,1216500,SOXX
2009-05-22,9.536829948425293,11.326666831970215,11.446666717529297,11.15999984741211,11.373332977294922,586200,SOXX
2009-05-26,9.859590530395508,11.710000038146973,11.75333309173584,11.196666717529297,11.196666717529297,1453500,SOXX
2009-05-27,9.997109413146973,11.873332977294922,12.146666526794434,11.696666717529297,11.696666717529297,1137900,SOXX
2009-05-28,10.179542541503906,12.09000015258789,12.103333473205566,11.666666984558105,11.983332633972168,672600,SOXX
2009-05-29,10.221640586853027,12.140000343322754,12.223333358764648,11.899999618530273,12.100000381469727,758400,SOXX
2009-06-01,10.763311386108398,12.783332824707031,12.863332748413086,12.359999656677246,12.359999656677246,1056900,SOXX
2009-06-02,10.477041244506836,12.44333267211914,12.763333320617676,12.363332748413086,12.763333320617676,944700,SOXX
2009-06-03,10.294614791870117,12.226667404174805,12.289999961853027,12.08666706085205,12.289999961853027,652800,SOXX
2009-06-04,10.513526916503906,12.486666679382324,12.523332595825195,12.283332824707031,12.300000190734863,779700,SOXX
2009-06-05,10.345132827758789,12.286666870117188,12.59333324432373,12.183333396911621,12.59333324432373,941700,SOXX
2009-06-08,10.350743293762207,12.293333053588867,12.383333206176758,12.050000190734863,12.233332633972168,689100,SOXX
2009-06-09,10.81944465637207,12.850000381469727,12.953332901000977,12.489999771118164,12.489999771118164,1330500,SOXX
2009-06-10,10.858738899230957,12.896666526794434,12.99666690826416,12.630000114440918,12.983332633972168,851700,SOXX
2009-06-11,10.794181823730469,12.819999694824219,13.046667098999023,12.733332633972168,12.9399995803833,787500,SOXX
2009-06-12,10.645434379577637,12.643333435058594,12.779999732971191,12.463333129882812,12.75,309900,SOXX
2009-06-15,10.530365943908691,12.506667137145996,12.566666603088379,12.233332633972168,12.449999809265137,1163400,SOXX
2009-06-16,10.314258575439453,12.25,12.59000015258789,12.19333267211914,12.58666706085205,942900,SOXX
2009-06-17,10.451780319213867,12.41333293914795,12.513333320617676,12.039999961853027,12.303333282470703,1106100,SOXX
2009-06-18,10.255321502685547,12.180000305175781,12.456666946411133,12.136667251586914,12.373332977294922,672600,SOXX
2009-06-19,10.37038803100586,12.316666603088379,12.436667442321777,12.233332633972168,12.329999923706055,486000,SOXX
2009-06-22,9.997796058654785,11.833333015441895,12.30666732788086,11.833333015441895,12.1899995803833,459300,SOXX
2009-06-23,9.913305282592773,11.733332633972168,11.876667022705078,11.55666732788086,11.859999656677246,542700,SOXX
2009-06-24,10.132975578308105,11.993332862854004,12.126667022705078,11.80666732788086,11.80666732788086,309300,SOXX
2009-06-25,10.338562965393066,12.236666679382324,12.24666690826416,11.863332748413086,11.926667213439941,535200,SOXX
2009-06-26,10.321666717529297,12.216667175292969,12.386667251586914,12.123332977294922,12.210000038146973,439500,SOXX
2009-06-29,10.318852424621582,12.213333129882812,12.34000015258789,12.133333206176758,12.263333320617676,291900,SOXX
2009-06-30,10.324483871459961,12.220000267028809,12.416666984558105,12.076666831970215,12.210000038146973,639900,SOXX
2009-07-01,10.490643501281738,12.416666984558105,12.600000381469727,12.286666870117188,12.296667098999023,729600,SOXX
2009-07-02,10.392070770263672,12.300000190734863,12.366666793823242,12.153332710266113,12.276666641235352,1057800,SOXX
2009-07-06,10.234362602233887,12.113332748413086,12.323332786560059,11.946666717529297,12.220000267028809,465900,SOXX
2009-07-07,9.961182594299316,11.789999961853027,12.289999961853027,11.776666641235352,12.16333293914795,564300,SOXX
2009-07-08,9.871064186096191,11.683333396911621,11.850000381469727,11.506667137145996,11.833333015441895,580800,SOXX
2009-07-09,10.076651573181152,11.926667213439941,12.069999694824219,11.743332862854004,11.75333309173584,627300,SOXX
2009-07-10,10.132975578308105,11.993332862854004,12.103333473205566,11.803333282470703,11.866666793823242,700200,SOXX
2009-07-13,10.383623123168945,12.289999961853027,12.296667098999023,11.800000190734863,12.00333309173584,571200,SOXX
2009-07-14,10.549787521362305,12.486666679382324,12.510000228881836,12.296667098999023,12.300000190734863,1497300,SOXX
2009-07-15,11.025738716125488,13.050000190734863,13.069999694824219,12.866666793823242,12.90666675567627,688800,SOXX
2009-07-16,11.245408058166504,13.3100004196167,13.356666564941406,12.936667442321777,12.979999542236328,631500,SOXX
2009-07-17,11.380587577819824,13.470000267028809,13.486666679382324,13.133333206176758,13.316666603088379,773400,SOXX
2009-07-20,11.501687049865723,13.613332748413086,13.640000343322754,13.423333168029785,13.566666603088379,1261800,SOXX
2009-07-21,11.462262153625488,13.566666603088379,13.640000343322754,13.293333053588867,13.640000343322754,1107600,SOXX
2009-07-22,11.73825454711914,13.893333435058594,13.933333396911621,13.50333309173584,13.520000457763672,945300,SOXX
2009-07-23,11.974822044372559,14.173333168029785,14.19333267211914,13.733332633972168,13.846667289733887,1533300,SOXX
2009-07-24,11.836830139160156,14.010000228881836,14.029999732971191,13.646666526794434,13.883333206176758,893400,SOXX
2009-07-27,11.876254081726074,14.05666732788086,14.079999923706055,13.796667098999023,14.029999732971191,650400,SOXX
2009-07-28,11.898785591125488,14.083333015441895,14.170000076293945,13.863332748413086,14.0,432000,SOXX
2009-07-29,11.876254081726074,14.05666732788086,14.069999694824219,13.890000343322754,14.046667098999023,393000,SOXX
2009-07-30,11.84245777130127,14.016667366027832,14.453332901000977,14.010000228881836,14.236666679382324,526200,SOXX
2009-07-31,11.921314239501953,14.109999656677246,14.229999542236328,13.983332633972168,14.033332824707031,480900,SOXX
2009-08-03,12.087475776672363,14.30666732788086,14.373332977294922,14.100000381469727,14.266667366027832,1240200,SOXX
2009-08-04,12.070576667785645,14.286666870117188,14.373332977294922,14.15999984741211,14.196666717529297,531000,SOXX
2009-08-05,11.96074104309082,14.15666675567627,14.380000114440918,14.043333053588867,14.346667289733887,346500,SOXX
2009-08-06,11.766416549682617,13.926667213439941,14.3100004196167,13.886667251586914,14.173333168029785,440700,SOXX
2009-08-07,11.788948059082031,13.953332901000977,14.176667213439941,13.833333015441895,14.15999984741211,772800,SOXX
2009-08-10,11.693194389343262,13.84000015258789,13.989999771118164,13.729999542236328,13.866666793823242,609000,SOXX
2009-08-11,11.56364631652832,13.686667442321777,13.923333168029785,13.626667022705078,13.816666603088379,346200,SOXX
2009-08-12,11.791765213012695,13.956666946411133,14.05666732788086,13.696666717529297,13.696666717529297,391800,SOXX
2009-08-13,12.042411804199219,14.25333309173584,14.279999732971191,13.886667251586914,14.09000015258789,628200,SOXX
2009-08-14,11.800216674804688,13.966667175292969,14.176667213439941,13.846667289733887,14.176667213439941,771000,SOXX
2009-08-17,11.462262153625488,13.566666603088379,13.726667404174805,13.523332595825195,13.726667404174805,524400,SOXX
2009-08-18,11.707273483276367,13.856666564941406,13.886667251586914,13.600000381469727,13.600000381469727,227400,SOXX
2009-08-19,11.76360034942627,13.923333168029785,13.956666946411133,13.619999885559082,13.619999885559082,469200,SOXX
2009-08-20,11.856537818908691,14.033332824707031,14.066666603088379,13.883333206176758,13.883333206176758,380400,SOXX
2009-08-21,12.07903003692627,14.296667098999023,14.3100004196167,13.960000038146973,14.119999885559082,438600,SOXX
2009-08-24,11.963561058044434,14.15999984741211,14.470000267028809,14.119999885559082,14.350000381469727,337500,SOXX
2009-08-25,12.01988697052002,14.226667404174805,14.319999694824219,14.09333324432373,14.206666946411133,272400,SOXX
2009-08-26,12.132534980773926,14.359999656677246,14.390000343322754,14.186667442321777,14.186667442321777,602100,SOXX
2009-08-27,12.157880783081055,14.390000343322754,14.390000343322754,14.116666793823242,14.3100004196167,269400,SOXX
2009-08-28,12.414161682128906,14.69333267211914,14.90999984741211,14.543333053588867,14.65999984741211,674100,SOXX
2009-08-31,12.23392105102539,14.479999542236328,14.58666706085205,14.363332748413086,14.579999923706055,358200,SOXX
2009-09-01,11.921314239501953,14.109999656677246,14.786666870117188,14.079999923706055,14.383333206176758,984000,SOXX
2009-09-02,11.893152236938477,14.076666831970215,14.25,14.00333309173584,14.043333053588867,345900,SOXX
2009-09-03,12.076211929321289,14.293333053588867,14.3100004196167,14.0600004196167,14.133333206176758,243300,SOXX
2009-09-04,12.388815879821777,14.66333293914795,14.66333293914795,14.319999694824219,14.369999885559082,313500,SOXX
2009-09-08,12.639464378356934,14.960000038146973,14.973333358764648,14.680000305175781,14.823332786560059,563700,SOXX
2009-09-09,12.780282020568848,15.126667022705078,15.153332710266113,14.8100004196167,14.986666679382324,1254900,SOXX
2009-09-10,12.977421760559082,15.359999656677246,15.376667022705078,15.09333324432373,15.153332710266113,1001400,SOXX
2009-09-11,12.738037109375,15.076666831970215,15.346667289733887,15.0,15.333333015441895,837300,SOXX
2009-09-14,12.740854263305664,15.079999923706055,15.109999656677246,14.956666946411133,14.960000038146973,345600,SOXX
2009-09-15,12.845056533813477,15.203332901000977,15.276666641235352,15.08666706085205,15.130000114440918,397200,SOXX
2009-09-16,12.797175407409668,15.146666526794434,15.283332824707031,15.046667098999023,15.283332824707031,429600,SOXX
2009-09-17,12.546529769897461,14.850000381469727,15.186667442321777,14.803333282470703,15.133333206176758,584100,SOXX
2009-09-18,12.642281532287598,14.963333129882812,15.053333282470703,14.84333324432373,14.893333435058594,320400,SOXX
2009-09-21,12.628202438354492,14.946666717529297,15.023332595825195,14.813332557678223,14.869999885559082,466800,SOXX
2009-09-22,12.738037109375,15.076666831970215,15.1899995803833,14.953332901000977,15.069999694824219,1304700,SOXX
2009-09-23,12.785914421081543,15.133333206176758,15.416666984558105,15.119999885559082,15.223333358764648,737700,SOXX
2009-09-24,12.478938102722168,14.770000457763672,15.233332633972168,14.65666675567627,15.220000267028809,707700,SOXX
2009-09-25,12.445137977600098,14.729999542236328,14.84333324432373,14.59000015258789,14.720000267028809,406500,SOXX
2009-09-28,12.687345504760742,15.016667366027832,15.146666526794434,14.819999694824219,14.84333324432373,349200,SOXX
2009-09-29,12.509916305541992,14.80666732788086,15.16333293914795,14.789999961853027,15.079999923706055,573900,SOXX
2009-09-30,12.614118576049805,14.930000305175781,15.109999656677246,14.640000343322754,14.880000114440918,765600,SOXX
2009-10-01,12.011433601379395,14.216667175292969,14.9399995803833,14.213333129882812,14.90666675567627,2277600,SOXX
2009-10-02,11.867807388305664,14.046667098999023,14.316666603088379,14.016667366027832,14.079999923706055,718200,SOXX
2009-10-05,12.09874153137207,14.319999694824219,14.363332748413086,14.026666641235352,14.113332748413086,764700,SOXX
2009-10-06,12.335307121276855,14.600000381469727,14.699999809265137,14.44333267211914,14.44333267211914,1648500,SOXX
2009-10-07,12.309962272644043,14.569999694824219,14.636667251586914,14.473333358764648,14.596667289733887,800400,SOXX
2009-10-08,12.222655296325684,14.466667175292969,14.640000343322754,14.300000190734863,14.640000343322754,1052700,SOXX
2009-10-09,12.642281532287598,14.963333129882812,14.979999542236328,14.479999542236328,14.486666679382324,784800,SOXX
2009-10-12,12.830975532531738,15.186667442321777,15.353333473205566,15.013333320617676,15.033332824707031,341700,SOXX
2009-10-13,12.783093452453613,15.130000114440918,15.279999732971191,15.066666603088379,15.216667175292969,512400,SOXX
2009-10-14,12.983054161071777,15.366666793823242,15.50333309173584,15.1899995803833,15.489999771118164,1026300,SOXX
2009-10-15,12.754934310913086,15.096667289733887,15.286666870117188,15.026666641235352,15.233332633972168,1094400,SOXX
2009-10-16,12.481754302978516,14.773332595825195,14.946666717529297,14.603333473205566,14.936667442321777,1300800,SOXX
2009-10-19,12.67044734954834,14.99666690826416,15.036666870117188,14.716667175292969,14.8100004196167,564000,SOXX
2009-10-20,12.622570991516113,14.9399995803833,15.19333267211914,14.899999618530273,15.073332786560059,880200,SOXX
2009-10-21,12.405713081359863,14.683333396911621,15.126667022705078,14.649999618530273,14.956666946411133,825000,SOXX
2009-10-22,12.538084030151367,14.84000015258789,14.890000343322754,14.449999809265137,14.673333168029785,1264200,SOXX
2009-10-23,12.208577156066895,14.449999809265137,14.850000381469727,14.393333435058594,14.823332786560059,1089000,SOXX
2009-10-26,12.16351318359375,14.396666526794434,14.729999542236328,14.273332595825195,14.433333396911621,1235100,SOXX
2009-10-27,11.881890296936035,14.063332557678223,14.539999961853027,14.016667366027832,14.41333293914795,1217100,SOXX
2009-10-28,11.541112899780273,13.65999984741211,14.143333435058594,13.633333206176758,14.033332824707031,1805700,SOXX
2009-10-29,11.825562477111816,13.99666690826416,14.023332595825195,13.773332595825195,13.773332595825195,798900,SOXX
2009-10-30,11.434099197387695,13.533332824707031,13.946666717529297,13.479999542236328,13.930000305175781,1259100,SOXX
2009-11-02,11.43691635131836,13.536666870117188,13.680000305175781,13.33666706085205,13.543333053588867,1293900,SOXX
2009-11-03,11.324260711669922,13.403332710266113,13.423333168029785,13.146666526794434,13.33666706085205,1286100,SOXX
2009-11-04,11.414384841918945,13.510000228881836,13.75333309173584,13.5,13.536666870117188,884700,SOXX
2009-11-05,11.757972717285156,13.916666984558105,13.973333358764648,13.673333168029785,13.720000267028809,458700,SOXX
2009-11-06,11.783316612243652,13.946666717529297,14.130000114440918,13.833333015441895,13.84333324432373,339900,SOXX
2009-11-09,12.143799781799316,14.373332977294922,14.416666984558105,14.103333473205566,14.126667022705078,468000,SOXX
2009-11-10,12.16633129119873,14.399999618530273,14.543333053588867,14.260000228881836,14.380000114440918,862500,SOXX
2009-11-11,12.340938568115234,14.606666564941406,14.773332595825195,14.529999732971191,14.566666603088379,1288200,SOXX
2009-11-12,12.281797409057617,14.536666870117188,14.84333324432373,14.516667366027832,14.673333168029785,477000,SOXX
2009-11-13,12.377551078796387,14.649999618530273,14.713333129882812,14.486666679382324,14.59333324432373,299100,SOXX
2009-11-16,12.67044734954834,14.99666690826416,15.039999961853027,14.863332748413086,14.863332748413086,137700,SOXX
2009-11-17,12.698609352111816,15.029999732971191,15.039999961853027,14.850000381469727,14.923333168029785,90900,SOXX
2009-11-18,12.597222328186035,14.90999984741211,15.046667098999023,14.813332557678223,15.016667366027832,93300,SOXX
2009-11-19,12.183229446411133,14.420000076293945,14.653332710266113,14.223333358764648,14.653332710266113,480600,SOXX
2009-11-20,12.087475776672363,14.30666732788086,14.333333015441895,14.203332901000977,14.30666732788086,306900,SOXX
2009-11-23,12.214210510253906,14.456666946411133,14.619999885559082,14.40999984741211,14.470000267028809,177300,SOXX
2009-11-24,12.31277847290039,14.573332786560059,14.59333324432373,14.436667442321777,14.486666679382324,223200,SOXX
2009-11-25,12.360655784606934,14.630000114440918,14.666666984558105,14.579999923706055,14.579999923706055,110700,SOXX
2009-11-27,12.188862800598145,14.426667213439941,14.520000457763672,14.140000343322754,14.16333293914795,215700,SOXX
2009-11-30,12.211390495300293,14.453332901000977,14.460000038146973,14.24666690826416,14.449999809265137,163800,SOXX
2009-12-01,12.605669021606445,14.920000076293945,14.960000038146973,14.576666831970215,14.576666831970215,189000,SOXX
2009-12-02,12.794360160827637,15.143333435058594,15.24666690826416,14.903332710266113,14.989999771118164,222900,SOXX
2009-12-03,12.95207405090332,15.329999923706055,15.50333309173584,15.146666526794434,15.146666526794434,260700,SOXX
2009-12-04,13.157658576965332,15.573332786560059,15.706666946411133,15.276666641235352,15.479999542236328,310800,SOXX
2009-12-07,13.264681816101074,15.699999809265137,15.846667289733887,15.576666831970215,15.576666831970215,378900,SOXX
2009-12-08,13.191455841064453,15.613332748413086,15.726667404174805,15.466667175292969,15.65666675567627,453000,SOXX
2009-12-09,13.253417015075684,15.686667442321777,15.706666946411133,15.5,15.633333206176758,188700,SOXX
2009-12-10,13.213985443115234,15.640000343322754,15.859999656677246,15.636667251586914,15.729999542236328,436800,SOXX
2009-12-11,13.1154146194458,15.523332595825195,15.706666946411133,15.460000038146973,15.676667213439941,233700,SOXX
2009-12-14,13.312557220458984,15.756667137145996,15.770000457763672,15.573332786560059,15.66333293914795,221100,SOXX
2009-12-15,13.247782707214355,15.680000305175781,15.863332748413086,15.623332977294922,15.703332901000977,462600,SOXX
2009-12-16,13.442105293273926,15.90999984741211,16.07666778564453,15.710000038146973,15.710000038146973,228000,SOXX
2009-12-17,13.242148399353027,15.673333168029785,15.903332710266113,15.653332710266113,15.80666732788086,125400,SOXX
2009-12-18,13.399862289428711,15.859999656677246,15.886667251586914,15.65666675567627,15.726667404174805,188700,SOXX
2009-12-21,13.717329978942871,16.15999984741211,16.15999984741211,15.936667442321777,15.936667442321777,317700,SOXX
2009-12-22,13.793722152709961,16.25,16.316667556762695,16.200000762939453,16.219999313354492,999600,SOXX
2009-12-23,13.813533782958984,16.273332595825195,16.356666564941406,16.203332901000977,16.336666107177734,417900,SOXX
2009-12-24,13.977645874023438,16.46666717529297,16.469999313354492,16.323333740234375,16.323333740234375,60600,SOXX
2009-12-28,13.841828346252441,16.30666732788086,16.540000915527344,16.229999542236328,16.520000457763672,395100,SOXX
2009-12-29,13.82202434539795,16.28333282470703,16.31999969482422,16.170000076293945,16.316667556762695,588300,SOXX
2009-12-30,14.017252922058105,16.51333236694336,16.516666412353516,16.229999542236328,16.229999542236328,169800,SOXX
2009-12-31,13.929540634155273,16.40999984741211,16.60333251953125,16.40999984741211,16.566667556762695,138000,SOXX
2010-01-04,14.099308013916016,16.610000610351562,16.75666618347168,16.553333282470703,16.59666633605957,380400,SOXX
2010-01-05,14.076678276062012,16.583332061767578,16.729999542236328,16.479999542236328,16.636667251586914,616800,SOXX
2010-01-06,14.034233093261719,16.53333282470703,16.670000076293945,16.516666412353516,16.586666107177734,219300,SOXX
2010-01-07,13.923880577087402,16.40333366394043,16.520000457763672,16.290000915527344,16.520000457763672,300600,SOXX
2010-01-08,14.133267402648926,16.649999618530273,16.656667709350586,16.3700008392334,16.3700008392334,232800,SOXX
2010-01-11,14.090825080871582,16.600000381469727,16.766666412353516,16.463333129882812,16.71666717529297,269100,SOXX
2010-01-12,13.598493576049805,16.020000457763672,16.440000534057617,15.916666984558105,16.440000534057617,316800,SOXX
2010-01-13,13.756941795349121,16.206666946411133,16.25666618347168,15.776666641235352,16.113332748413086,342600,SOXX
2010-01-14,13.731475830078125,16.176666259765625,16.196666717529297,16.010000228881836,16.176666259765625,424200,SOXX
2010-01-15,13.284420013427734,15.649999618530273,16.166667938232422,15.609999656677246,16.166667938232422,491400,SOXX
2010-01-19,13.437212944030762,15.829999923706055,15.866666793823242,15.666666984558105,15.666666984558105,397800,SOXX
2010-01-20,13.437212944030762,15.829999923706055,15.84000015258789,15.623332977294922,15.760000228881836,916200,SOXX
2010-01-21,13.352326393127441,15.729999542236328,16.083332061767578,15.643333435058594,15.829999923706055,762900,SOXX
2010-01-22,12.724181175231934,14.989999771118164,15.643333435058594,14.946666717529297,15.643333435058594,733200,SOXX
2010-01-25,12.89961051940918,15.196666717529297,15.303333282470703,15.066666603088379,15.083333015441895,536400,SOXX
2010-01-26,12.783598899841309,15.0600004196167,15.279999732971191,15.043333053588867,15.119999885559082,616200,SOXX
2010-01-27,12.961854934692383,15.270000457763672,15.30666732788086,14.949999809265137,15.066666603088379,782700,SOXX
2010-01-28,12.579876899719238,14.819999694824219,15.273332595825195,14.583333015441895,15.273332595825195,1183800,SOXX
2010-01-29,12.161113739013672,14.326666831970215,15.063332557678223,14.229999542236328,14.899999618530273,899100,SOXX
2010-02-01,12.57421875,14.813332557678223,14.829999923706055,14.393333435058594,14.393333435058594,1690500,SOXX
2010-02-02,12.704373359680176,14.966667175292969,15.039999961853027,14.756667137145996,14.826666831970215,703200,SOXX
2010-02-03,12.701542854309082,14.963333129882812,15.050000190734863,14.83666706085205,14.930000305175781,481200,SOXX
2010-02-04,12.152624130249023,14.316666603088379,14.80666732788086,14.293333053588867,14.80666732788086,614700,SOXX
2010-02-05,12.429915428161621,14.643333435058594,14.65999984741211,14.220000267028809,14.333333015441895,776100,SOXX
2010-02-08,12.378983497619629,14.583333015441895,14.83666706085205,14.456666946411133,14.65666675567627,297600,SOXX
2010-02-09,12.526115417480469,14.756667137145996,14.933333396911621,14.633333206176758,14.779999732971191,272700,SOXX
2010-02-10,12.602514266967773,14.846667289733887,14.886667251586914,14.616666793823242,14.743332862854004,453600,SOXX
2010-02-11,12.862828254699707,15.153332710266113,15.186667442321777,14.726667404174805,14.819999694824219,451500,SOXX
2010-02-12,12.978832244873047,15.289999961853027,15.430000305175781,14.863332748413086,14.983332633972168,514500,SOXX
2010-02-16,13.261784553527832,15.623332977294922,15.646666526794434,15.346667289733887,15.430000305175781,432000,SOXX
2010-02-17,13.250466346740723,15.609999656677246,15.733332633972168,15.423333168029785,15.706666946411133,336300,SOXX
2010-02-18,13.295737266540527,15.66333293914795,15.670000076293945,15.416666984558105,15.539999961853027,1072200,SOXX
2010-02-19,13.332518577575684,15.706666946411133,15.789999961853027,15.513333320617676,15.58666706085205,1324200,SOXX
2010-02-22,13.30705451965332,15.676667213439941,15.813332557678223,15.623332977294922,15.789999961853027,839700,SOXX
2010-02-23,12.964686393737793,15.273332595825195,15.636667251586914,15.170000076293945,15.636667251586914,375000,SOXX
2010-02-24,13.208024978637695,15.5600004196167,15.643333435058594,15.34333324432373,15.34333324432373,469500,SOXX
2010-02-25,13.15426254272461,15.49666690826416,15.529999732971191,15.133333206176758,15.273332595825195,376200,SOXX
2010-02-26,13.131624221801758,15.470000267028809,15.506667137145996,15.300000190734863,15.506667137145996,239700,SOXX
2010-03-01,13.442867279052734,15.83666706085205,15.869999885559082,15.546667098999023,15.546667098999023,219900,SOXX
2010-03-02,13.442867279052734,15.83666706085205,16.03333282470703,15.783332824707031,15.886667251586914,403800,SOXX
2010-03-03,13.377795219421387,15.760000228881836,16.01333236694336,15.6899995803833,15.90999984741211,236700,SOXX
2010-03-04,13.366476058959961,15.74666690826416,15.80666732788086,15.546667098999023,15.766667366027832,492600,SOXX
2010-03-05,13.516433715820312,15.923333168029785,16.00666618347168,15.75,15.850000381469727,344700,SOXX
2010-03-08,13.510778427124023,15.916666984558105,16.003332138061523,15.890000343322754,15.983332633972168,354300,SOXX
2010-03-09,13.473993301391602,15.873332977294922,16.003332138061523,15.793333053588867,15.84000015258789,714300,SOXX
2010-03-10,13.737133979797363,16.183332443237305,16.23666763305664,15.91333293914795,15.936667442321777,315300,SOXX
2010-03-11,13.649420738220215,16.079999923706055,16.139999389648438,15.933333396911621,16.139999389648438,664200,SOXX
2010-03-12,13.62396240234375,16.049999237060547,16.166667938232422,16.00666618347168,16.166667938232422,219000,SOXX
2010-03-15,13.476820945739746,15.876667022705078,15.989999771118164,15.773332595825195,15.989999771118164,180900,SOXX
2010-03-16,13.85031795501709,16.316667556762695,16.34666633605957,15.90666675567627,15.920000076293945,229500,SOXX
2010-03-17,14.073845863342285,16.579999923706055,16.656667709350586,16.3700008392334,16.3700008392334,358500,SOXX
2010-03-18,13.943683624267578,16.426666259765625,16.593332290649414,16.31333351135254,16.59000015258789,264000,SOXX
2010-03-19,13.751286506652832,16.200000762939453,16.476667404174805,16.09666633605957,16.476667404174805,284100,SOXX
2010-03-22,14.022912979125977,16.520000457763672,16.559999465942383,16.030000686645508,16.093332290649414,526500,SOXX
2010-03-23,14.305863380432129,16.85333251953125,16.873332977294922,16.573333740234375,16.586666107177734,423900,SOXX
2010-03-24,13.969159126281738,16.456666946411133,16.75,16.426666259765625,16.739999771118164,530100,SOXX
2010-03-25,13.960661888122559,16.446666717529297,16.73666763305664,16.440000534057617,16.633333206176758,498000,SOXX
2010-03-26,13.906907081604004,16.383333206176758,16.623332977294922,16.24333381652832,16.546667098999023,417900,SOXX
2010-03-29,13.997446060180664,16.489999771118164,16.573333740234375,16.440000534057617,16.463333129882812,459300,SOXX
2010-03-30,14.082334518432617,16.59000015258789,16.643333435058594,16.389999389648438,16.50666618347168,283500,SOXX
2010-03-31,13.98330020904541,16.47333335876465,16.666667938232422,16.44333267211914,16.50666618347168,250200,SOXX
2010-04-01,13.977645874023438,16.46666717529297,16.823333740234375,16.34000015258789,16.623332977294922,301800,SOXX
2010-04-05,14.379425048828125,16.940000534057617,16.959999084472656,16.56999969482422,16.59000015258789,331800,SOXX
2010-04-06,14.28887939453125,16.833332061767578,16.89666748046875,16.729999542236328,16.84666633605957,288300,SOXX
2010-04-07,14.342649459838867,16.89666748046875,17.020000457763672,16.683332443237305,16.793333053588867,157200,SOXX
2010-04-08,14.147408485412598,16.666667938232422,16.816667556762695,16.56333351135254,16.816667556762695,188100,SOXX
2010-04-09,14.303037643432617,16.850000381469727,16.850000381469727,16.65999984741211,16.683332443237305,81600,SOXX
2010-04-12,14.424705505371094,16.99333381652832,17.113332748413086,16.850000381469727,16.916667938232422,178200,SOXX
2010-04-13,14.56052017211914,17.15333366394043,17.170000076293945,16.96666717529297,17.003332138061523,165600,SOXX
2010-04-14,15.151872634887695,17.850000381469727,17.876667022705078,17.463333129882812,17.5,477600,SOXX
2010-04-15,15.216958999633789,17.926666259765625,18.0,17.793333053588867,17.850000381469727,255900,SOXX
2010-04-16,14.996257781982422,17.666667938232422,17.823333740234375,17.43000030517578,17.823333740234375,600000,SOXX
2010-04-19,14.863269805908203,17.510000228881836,17.67333221435547,17.156667709350586,17.600000381469727,642000,SOXX
2010-04-20,15.05850601196289,17.739999771118164,17.790000915527344,17.53333282470703,17.670000076293945,198300,SOXX
2010-04-21,14.863269805908203,17.510000228881836,17.889999389648438,17.28333282470703,17.850000381469727,195900,SOXX
2010-04-22,15.069825172424316,17.753332138061523,17.766666412353516,17.023332595825195,17.303333282470703,452700,SOXX
2010-04-23,15.078309059143066,17.76333236694336,17.77666664123535,17.476667404174805,17.77666664123535,266700,SOXX
2010-04-26,15.146218299865723,17.843332290649414,17.956666946411133,17.739999771118164,17.739999771118164,190800,SOXX
2010-04-27,14.656718254089355,17.266666412353516,17.809999465942383,17.219999313354492,17.709999084472656,402900,SOXX
2010-04-28,14.727455139160156,17.350000381469727,17.530000686645508,17.086666107177734,17.3700008392334,459300,SOXX
2010-04-29,14.914196968078613,17.56999969482422,17.56999969482422,17.280000686645508,17.43000030517578,384600,SOXX
2010-04-30,14.26624870300293,16.80666732788086,17.583332061767578,16.80666732788086,17.583332061767578,364200,SOXX
2010-05-03,14.563347816467285,17.156667709350586,17.24333381652832,16.883333206176758,16.913333892822266,1291800,SOXX
2010-05-04,14.005939483642578,16.5,16.90333366394043,16.299999237060547,16.893333435058594,671700,SOXX
2010-05-05,13.864466667175293,16.333332061767578,16.583332061767578,16.053333282470703,16.32666778564453,1179600,SOXX
2010-05-06,13.360812187194824,15.739999771118164,16.453332901000977,7.75333309173584,16.206666946411133,1384500,SOXX
2010-05-07,13.191047668457031,15.539999961853027,15.893333435058594,15.0,15.600000381469727,3522600,SOXX
2010-05-10,13.878609657287598,16.350000381469727,16.373332977294922,16.07666778564453,16.366666793823242,517800,SOXX
2010-05-11,13.799384117126465,16.25666618347168,16.52666664123535,16.010000228881836,16.229999542236328,851400,SOXX
2010-05-12,14.178531646728516,16.703332901000977,16.739999771118164,16.31999969482422,16.3799991607666,667800,SOXX
2010-05-13,13.841828346252441,16.30666732788086,16.780000686645508,16.233333587646484,16.6299991607666,664800,SOXX
2010-05-14,13.423062324523926,15.813332557678223,16.149999618530273,15.516667366027832,16.149999618530273,697800,SOXX
2010-05-17,13.595658302307129,16.016666412353516,16.040000915527344,15.520000457763672,15.813332557678223,853200,SOXX
2010-05-18,13.22217082977295,15.576666831970215,16.206666946411133,15.493332862854004,16.14666748046875,1389000,SOXX
2010-05-19,13.301396369934082,15.670000076293945,15.823332786560059,15.313332557678223,15.526666641235352,1431900,SOXX
2010-05-20,12.905266761779785,15.203332901000977,15.543333053588867,14.956666946411133,15.279999732971191,1052400,SOXX
2010-05-21,13.100504875183105,15.433333396911621,15.69333267211914,14.853333473205566,14.896666526794434,910200,SOXX
2010-05-24,12.905266761779785,15.203332901000977,15.5600004196167,15.199999809265137,15.416666984558105,765600,SOXX
2010-05-25,12.944883346557617,15.25,15.270000457763672,14.600000381469727,14.800000190734863,1066200,SOXX
2010-05-26,12.96751880645752,15.276666641235352,15.699999809265137,15.210000038146973,15.41333293914795,954300,SOXX
2010-05-27,13.550389289855957,15.963333129882812,15.963333129882812,15.533332824707031,15.533332824707031,1031100,SOXX
2010-05-28,13.332518577575684,15.706666946411133,15.936667442321777,15.516667366027832,15.899999618530273,560100,SOXX
2010-06-01,13.049570083618164,15.373332977294922,15.853333473205566,15.373332977294922,15.619999885559082,988200,SOXX
2010-06-02,13.47116470336914,15.869999885559082,15.869999885559082,15.380000114440918,15.446666717529297,120600,SOXX
2010-06-03,13.632445335388184,16.059999465942383,16.079999923706055,15.783332824707031,15.916666984558105,465000,SOXX
2010-06-04,13.0241060256958,15.34333324432373,15.923333168029785,15.283332824707031,15.726667404174805,268500,SOXX
2010-06-07,12.545927047729492,14.779999732971191,15.516667366027832,14.766667366027832,15.390000343322754,518100,SOXX
2010-06-08,12.54309368133545,14.776666641235352,14.83666706085205,14.393333435058594,14.803333282470703,300900,SOXX
2010-06-09,12.398789405822754,14.606666564941406,15.1899995803833,14.569999694824219,14.933333396911621,321300,SOXX
2010-06-10,12.837364196777344,15.123332977294922,15.133333206176758,14.83666706085205,14.83666706085205,252300,SOXX
2010-06-11,13.021278381347656,15.34000015258789,15.363332748413086,14.893333435058594,14.893333435058594,471000,SOXX
2010-06-14,13.052404403686523,15.376667022705078,15.69333267211914,15.366666793823242,15.579999923706055,485100,SOXX
2010-06-15,13.7031831741333,16.143333435058594,16.19333267211914,15.470000267028809,15.470000267028809,401400,SOXX
2010-06-16,13.754111289978027,16.203332901000977,16.31333351135254,15.899999618530273,15.99666690826416,348900,SOXX
2010-06-17,13.77109432220459,16.22333335876465,16.343332290649414,15.963333129882812,16.266666412353516,140100,SOXX
2010-06-18,13.73996353149414,16.18666648864746,16.35333251953125,16.126667022705078,16.266666412353516,159000,SOXX
2010-06-21,13.63623046875,15.993332862854004,16.399999618530273,15.890000343322754,16.32666778564453,422400,SOXX
2010-06-22,13.3690767288208,15.680000305175781,16.239999771118164,15.670000076293945,16.016666412353516,324600,SOXX
2010-06-23,13.423079490661621,15.743332862854004,15.9399995803833,15.479999542236328,15.736666679382324,353700,SOXX
2010-06-24,13.067815780639648,15.326666831970215,15.673333168029785,15.279999732971191,15.673333168029785,404100,SOXX
2010-06-25,13.104763984680176,15.369999885559082,15.433333396911621,15.100000381469727,15.40666675567627,241200,SOXX
2010-06-28,13.195708274841309,15.476667404174805,15.626667022705078,15.270000457763672,15.353333473205566,887400,SOXX
2010-06-29,12.635821342468262,14.819999694824219,15.15999984741211,14.733332633972168,15.15666675567627,576000,SOXX
2010-06-30,12.422666549682617,14.569999694824219,14.993332862854004,14.526666641235352,14.853333473205566,321300,SOXX
2010-07-01,12.399935722351074,14.543333053588867,14.699999809265137,14.166666984558105,14.539999961853027,753600,SOXX
2010-07-02,12.334566116333008,14.466667175292969,14.603333473205566,14.286666870117188,14.550000190734863,434700,SOXX
2010-07-06,12.300458908081055,14.426667213439941,14.796667098999023,14.3100004196167,14.66333293914795,223500,SOXX
2010-07-07,12.956977844238281,15.196666717529297,15.210000038146973,14.453332901000977,14.453332901000977,165300,SOXX
2010-07-08,12.939926147460938,15.176667213439941,15.369999885559082,14.933333396911621,15.369999885559082,405000,SOXX
2010-07-09,13.124659538269043,15.393333435058594,15.393333435058594,15.119999885559082,15.123332977294922,293700,SOXX
2010-07-12,13.204235076904297,15.486666679382324,15.583333015441895,15.3100004196167,15.3100004196167,762600,SOXX
2010-07-13,13.499814987182617,15.833333015441895,15.90666675567627,15.59333324432373,15.666666984558105,301800,SOXX
2010-07-14,13.477076530456543,15.80666732788086,16.14666748046875,15.733332633972168,16.040000915527344,656700,SOXX
2010-07-15,13.457180976867676,15.783332824707031,15.833333015441895,15.49666690826416,15.826666831970215,255300,SOXX
2010-07-16,13.059290885925293,15.316666603088379,15.696666717529297,15.316666603088379,15.636667251586914,166200,SOXX
2010-07-19,13.411706924438477,15.729999542236328,15.736666679382324,15.369999885559082,15.369999885559082,237300,SOXX
2010-07-20,13.394655227661133,15.710000038146973,15.729999542236328,15.146666526794434,15.266667366027832,501000,SOXX
2010-07-21,13.124659538269043,15.393333435058594,15.733332633972168,15.353333473205566,15.733332633972168,417000,SOXX
2010-07-22,13.565176010131836,15.90999984741211,15.963333129882812,15.510000228881836,15.510000228881836,169800,SOXX
2010-07-23,13.670333862304688,16.03333282470703,16.05666732788086,15.696666717529297,15.84000015258789,292800,SOXX
2010-07-26,13.889178276062012,16.290000915527344,16.290000915527344,15.866666793823242,16.00666618347168,221400,SOXX
2010-07-27,13.76981258392334,16.149999618530273,16.360000610351562,16.1200008392334,16.343332290649414,316500,SOXX
2010-07-28,13.54244327545166,15.883333206176758,16.213333129882812,15.800000190734863,16.110000610351562,336000,SOXX
2010-07-29,13.209921836853027,15.493332862854004,15.966667175292969,15.333333015441895,15.966667175292969,351300,SOXX
2010-07-30,13.067815780639648,15.326666831970215,15.433333396911621,15.08666706085205,15.239999771118164,263400,SOXX
2010-08-02,13.269603729248047,15.563332557678223,15.649999618530273,15.373332977294922,15.513333320617676,1021800,SOXX
2010-08-03,13.150238990783691,15.423333168029785,15.486666679382324,15.333333015441895,15.476667404174805,170400,SOXX
2010-08-04,13.272446632385254,15.566666603088379,15.579999923706055,15.300000190734863,15.470000267028809,766800,SOXX
2010-08-05,13.238343238830566,15.526666641235352,15.640000343322754,15.433333396911621,15.493332862854004,164100,SOXX
2010-08-06,13.241180419921875,15.529999732971191,15.623332977294922,15.333333015441895,15.350000381469727,662400,SOXX
2010-08-09,13.326447486877441,15.630000114440918,15.69333267211914,15.453332901000977,15.680000305175781,136200,SOXX
2010-08-10,13.005292892456055,15.25333309173584,15.473333358764648,15.106666564941406,15.473333358764648,798300,SOXX
2010-08-11,12.493719100952148,14.653332710266113,14.930000305175781,14.55666732788086,14.930000305175781,641700,SOXX
2010-08-12,12.300458908081055,14.426667213439941,14.516667366027832,14.1899995803833,14.346667289733887,688500,SOXX
2010-08-13,12.218039512634277,14.329999923706055,14.583333015441895,14.316666603088379,14.376667022705078,187800,SOXX
2010-08-16,12.252143859863281,14.369999885559082,14.489999771118164,14.176667213439941,14.266667366027832,225300,SOXX
2010-08-17,12.422666549682617,14.569999694824219,14.710000038146973,14.436667442321777,14.486666679382324,173700,SOXX
2010-08-18,12.570456504821777,14.743332862854004,14.819999694824219,14.516667366027832,14.58666706085205,988800,SOXX
2010-08-19,12.388566017150879,14.529999732971191,14.773332595825195,14.446666717529297,14.65666675567627,316800,SOXX
2010-08-20,12.391404151916504,14.533332824707031,14.649999618530273,14.40999984741211,14.483332633972168,357300,SOXX
2010-08-23,12.257826805114746,14.376667022705078,14.676667213439941,14.356666564941406,14.59000015258789,438000,SOXX
2010-08-24,12.070257186889648,14.15666675567627,14.296667098999023,14.0,14.186667442321777,458700,SOXX
2010-08-25,12.169724464416504,14.273332595825195,14.303333282470703,13.90999984741211,14.033332824707031,161700,SOXX
2010-08-26,11.984992027282715,14.05666732788086,14.353333473205566,14.0,14.34000015258789,212100,SOXX
2010-08-27,12.249302864074707,14.366666793823242,14.403332710266113,13.770000457763672,14.15666675567627,551100,SOXX
2010-08-30,11.922466278076172,13.983332633972168,14.303333282470703,13.979999542236328,14.296667098999023,510300,SOXX
2010-08-31,11.700784683227539,13.723333358764648,14.05666732788086,13.649999618530273,13.903332710266113,563700,SOXX
2010-09-01,12.036149024963379,14.116666793823242,14.256667137145996,13.936667442321777,13.9399995803833,245100,SOXX
2010-09-02,12.280566215515137,14.403332710266113,14.416666984558105,14.126667022705078,14.126667022705078,200700,SOXX
2010-09-03,12.516457557678223,14.680000305175781,14.736666679382324,14.40666675567627,14.606666564941406,133500,SOXX
2010-09-07,12.223726272583008,14.33666706085205,14.630000114440918,14.3100004196167,14.576666831970215,73200,SOXX
2010-09-08,12.169724464416504,14.273332595825195,14.363332748413086,14.140000343322754,14.363332748413086,98700,SOXX
2010-09-09,12.192461967468262,14.300000190734863,14.466667175292969,14.266667366027832,14.433333396911621,1473600,SOXX
2010-09-10,12.041830062866211,14.123332977294922,14.319999694824219,13.920000076293945,14.286666870117188,294000,SOXX
2010-09-13,12.42551040649414,14.573332786560059,14.600000381469727,14.243332862854004,14.256667137145996,401700,SOXX
2010-09-14,12.655718803405762,14.84333324432373,14.923333168029785,14.416666984558105,14.55666732788086,945000,SOXX
2010-09-15,12.635821342468262,14.819999694824219,14.850000381469727,14.609999656677246,14.760000228881836,255600,SOXX
2010-09-16,12.738137245178223,14.9399995803833,14.970000267028809,14.713333129882812,14.793333053588867,1183800,SOXX
2010-09-17,12.746665954589844,14.949999809265137,15.043333053588867,14.883333206176758,15.036666870117188,668700,SOXX
2010-09-20,12.854662895202637,15.076666831970215,15.106666564941406,14.84333324432373,15.013333320617676,1079400,SOXX
2010-09-21,12.883084297180176,15.109999656677246,15.229999542236328,15.013333320617676,15.076666831970215,801900,SOXX
2010-09-22,12.681297302246094,14.873332977294922,15.079999923706055,14.776666641235352,15.0,261900,SOXX
2010-09-23,12.75802993774414,14.963333129882812,15.226667404174805,14.666666984558105,14.743332862854004,550200,SOXX
2010-09-24,13.326447486877441,15.630000114440918,15.630000114440918,15.173333168029785,15.173333168029785,770400,SOXX
2010-09-27,13.258235931396484,15.550000190734863,15.666666984558105,15.466667175292969,15.59333324432373,1869900,SOXX
2010-09-28,13.49128532409668,15.823332786560059,15.863332748413086,15.386667251586914,15.623332977294922,688200,SOXX
2010-09-29,13.525392532348633,15.863332748413086,15.99666690826416,15.726667404174805,15.726667404174805,835500,SOXX
2010-09-30,13.445810317993164,15.770000457763672,16.053333282470703,15.613332748413086,15.94333267211914,3003300,SOXX
2010-10-01,13.43160343170166,15.75333309173584,15.920000076293945,15.600000381469727,15.873332977294922,338700,SOXX
2010-10-04,13.246868133544922,15.536666870117188,15.733332633972168,15.359999656677246,15.66333293914795,577500,SOXX
2010-10-05,13.58507251739502,15.933333396911621,15.973333358764648,15.66333293914795,15.69333267211914,2149800,SOXX
2010-10-06,13.377601623535156,15.6899995803833,15.903332710266113,15.563332557678223,15.893333435058594,664500,SOXX
2010-10-07,13.428760528564453,15.75,15.796667098999023,15.573332786560059,15.760000228881836,1087800,SOXX
2010-10-08,13.556655883789062,15.899999618530273,15.930000305175781,15.529999732971191,15.75,1113600,SOXX
2010-10-11,13.661808013916016,16.023332595825195,16.143333435058594,15.890000343322754,15.890000343322754,1359900,SOXX
2010-10-12,13.758442878723145,16.136667251586914,16.190000534057617,15.856666564941406,15.966667175292969,937200,SOXX
2010-10-13,13.73286247253418,16.106666564941406,16.18666648864746,15.963333129882812,16.18666648864746,944100,SOXX
2010-10-14,13.698759078979492,16.066667556762695,16.239999771118164,15.993332862854004,16.066667556762695,708300,SOXX
2010-10-15,13.755597114562988,16.133333206176758,16.299999237060547,15.020000457763672,15.033332824707031,822300,SOXX
2010-10-18,13.661808013916016,16.023332595825195,16.100000381469727,15.899999618530273,16.049999237060547,1510800,SOXX
2010-10-19,13.471391677856445,15.800000190734863,16.083332061767578,15.643333435058594,15.786666870117188,771000,SOXX
2010-10-20,13.562336921691895,15.90666675567627,15.966667175292969,15.703332901000977,15.84333324432373,1115700,SOXX
2010-10-21,13.482758522033691,15.813332557678223,15.930000305175781,15.680000305175781,15.90666675567627,1240500,SOXX
2010-10-22,13.744232177734375,16.1200008392334,16.163333892822266,15.816666603088379,15.816666603088379,936000,SOXX
2010-10-25,13.903382301330566,16.30666732788086,16.406667709350586,16.21666717529297,16.21666717529297,969000,SOXX
2010-10-26,13.843703269958496,16.23666763305664,16.309999465942383,16.083332061767578,16.22333335876465,749400,SOXX
2010-10-27,14.281379699707031,16.75,16.75666618347168,16.25666618347168,16.25666618347168,2363100,SOXX
2010-10-28,14.287063598632812,16.75666618347168,16.793333053588867,16.549999237060547,16.773332595825195,3502500,SOXX
2010-10-29,14.375170707702637,16.860000610351562,16.90333366394043,16.706666946411133,16.706666946411133,561600,SOXX
2010-11-01,14.329697608947754,16.80666732788086,16.969999313354492,16.67333221435547,16.969999313354492,750600,SOXX
2010-11-02,14.426326751708984,16.920000076293945,16.996667861938477,16.81999969482422,16.90999984741211,1857300,SOXX
2010-11-03,14.574117660522461,17.093332290649414,17.100000381469727,16.843332290649414,16.953332901000977,413100,SOXX
2010-11-04,15.02884292602539,17.626667022705078,17.643333435058594,17.30666732788086,17.30666732788086,447900,SOXX
2010-11-05,15.12547779083252,17.739999771118164,17.81999969482422,17.60333251953125,17.613332748413086,446400,SOXX
2010-11-08,15.12263298034668,17.73666763305664,17.866666793823242,17.663333892822266,17.703332901000977,847200,SOXX
2010-11-09,14.960634231567383,17.546667098999023,17.760000228881836,17.469999313354492,17.760000228881836,225600,SOXX
2010-11-10,14.946426391601562,17.530000686645508,17.546667098999023,17.30666732788086,17.52666664123535,1402800,SOXX
2010-11-11,14.781580924987793,17.336666107177734,17.373332977294922,16.886667251586914,17.043333053588867,483600,SOXX
2010-11-12,14.775895118713379,17.329999923706055,17.59000015258789,17.139999389648438,17.266666412353516,1605000,SOXX
2010-11-15,14.665060043334961,17.200000762939453,17.483333587646484,17.190000534057617,17.43000030517578,172500,SOXX
2010-11-16,14.454748153686523,16.953332901000977,17.209999084472656,16.863332748413086,17.079999923706055,916200,SOXX
2010-11-17,14.443375587463379,16.940000534057617,17.123332977294922,16.876667022705078,16.876667022705078,175200,SOXX
2010-11-18,14.704848289489746,17.246667861938477,17.31333351135254,17.110000610351562,17.110000610351562,305100,SOXX
2010-11-19,14.932215690612793,17.51333236694336,17.573333740234375,17.213333129882812,17.213333129882812,194700,SOXX
2010-11-22,15.12263298034668,17.73666763305664,17.74333381652832,17.483333587646484,17.51333236694336,343500,SOXX
2010-11-23,15.011786460876465,17.606666564941406,17.69333267211914,17.520000457763672,17.549999237060547,689400,SOXX
2010-11-24,15.38978385925293,18.049999237060547,18.083332061767578,17.72333335876465,17.72333335876465,524400,SOXX
2010-11-26,15.293148040771484,17.93666648864746,18.049999237060547,17.89666748046875,17.956666946411133,165900,SOXX
2010-11-29,15.27042293548584,17.90999984741211,17.94333267211914,17.69333267211914,17.843332290649414,420900,SOXX
2010-11-30,15.077157974243164,17.683332443237305,17.78333282470703,17.636667251586914,17.729999542236328,1418400,SOXX
2010-12-01,15.531888008117676,18.21666717529297,18.27666664123535,17.96666717529297,17.96666717529297,473700,SOXX
2010-12-02,15.838835716247559,18.57666778564453,18.600000381469727,18.30666732788086,18.30666732788086,695100,SOXX
2010-12-03,15.918403625488281,18.670000076293945,18.719999313354492,18.450000762939453,18.450000762939453,656400,SOXX
2010-12-06,15.909880638122559,18.65999984741211,18.706666946411133,18.516666412353516,18.706666946411133,702900,SOXX
2010-12-07,15.892827987670898,18.639999389648438,18.926666259765625,18.639999389648438,18.84000015258789,292200,SOXX
2010-12-08,16.02924919128418,18.799999237060547,18.82666778564453,18.600000381469727,18.623332977294922,218700,SOXX
2010-12-09,16.07756996154785,18.856666564941406,18.916667938232422,18.793333053588867,18.913333892822266,99900,SOXX
2010-12-10,16.080411911010742,18.860000610351562,18.926666259765625,18.799999237060547,18.893333435058594,57300,SOXX
2010-12-13,15.972410202026367,18.733333587646484,18.983333587646484,18.72333335876465,18.969999313354492,682200,SOXX
2010-12-14,15.86724853515625,18.610000610351562,18.78333282470703,18.546667098999023,18.770000457763672,365100,SOXX
2010-12-15,15.69672966003418,18.40999984741211,18.65333366394043,18.383333206176758,18.553333282470703,203400,SOXX
2010-12-16,15.781994819641113,18.510000228881836,18.57666778564453,18.40999984741211,18.416667938232422,1235700,SOXX
2010-12-17,15.884305000305176,18.6299991607666,18.683332443237305,18.536666870117188,18.536666870117188,485400,SOXX
2010-12-20,15.750727653503418,18.47333335876465,18.59666633605957,18.40333366394043,18.59666633605957,177300,SOXX
2010-12-21,15.850198745727539,18.59000015258789,18.64666748046875,18.546667098999023,18.549999237060547,117300,SOXX
2010-12-22,15.86724853515625,18.610000610351562,18.613332748413086,18.413333892822266,18.510000228881836,1719000,SOXX
2010-12-23,15.821791648864746,18.55666732788086,18.600000381469727,18.50666618347168,18.586666107177734,251700,SOXX
2010-12-27,15.841670036315918,18.579999923706055,18.600000381469727,18.32666778564453,18.516666412353516,149700,SOXX
2010-12-28,15.776305198669434,18.503332138061523,18.6200008392334,18.433332443237305,18.6200008392334,120900,SOXX
2010-12-29,15.779146194458008,18.50666618347168,18.573333740234375,18.483333587646484,18.573333740234375,53100,SOXX
2010-12-30,15.82746410369873,18.56333351135254,18.60333251953125,18.48666763305664,18.48666763305664,125400,SOXX
2010-12-31,15.830305099487305,18.566667556762695,18.566667556762695,18.453332901000977,18.483333587646484,53700,SOXX
2011-01-03,15.915563583374023,18.666667938232422,18.889999389648438,18.6200008392334,18.656667709350586,343500,SOXX
2011-01-04,15.955355644226074,18.713333129882812,18.843332290649414,18.53333282470703,18.75666618347168,273900,SOXX
2011-01-05,16.006511688232422,18.773332595825195,18.793333053588867,18.56333351135254,18.60333251953125,137700,SOXX
2011-01-06,16.293560028076172,19.110000610351562,19.143333435058594,18.843332290649414,18.876667022705078,978300,SOXX
2011-01-07,16.339031219482422,19.163333892822266,19.246667861938477,18.863332748413086,19.163333892822266,4041300,SOXX
2011-01-10,16.515243530273438,19.3700008392334,19.40333366394043,19.07666778564453,19.106666564941406,768600,SOXX
2011-01-11,16.55787467956543,19.420000076293945,19.479999542236328,19.31999969482422,19.479999542236328,132300,SOXX
2011-01-12,16.881868362426758,19.799999237060547,19.809999465942383,19.43666648864746,19.549999237060547,459000,SOXX
2011-01-13,16.893239974975586,19.81333351135254,19.8799991607666,19.700000762939453,19.816667556762695,687900,SOXX
2011-01-14,17.342283248901367,20.34000015258789,20.343332290649414,19.866666793823242,19.866666793823242,1652100,SOXX
2011-01-18,17.293968200683594,20.28333282470703,20.34000015258789,20.15999984741211,20.26333236694336,741600,SOXX
2011-01-19,16.876192092895508,19.793333053588867,20.123332977294922,19.74333381652832,20.10333251953125,2770800,SOXX
2011-01-20,16.70281982421875,19.59000015258789,19.633333206176758,19.30666732788086,19.633333206176758,1370700,SOXX
2011-01-21,16.58345603942871,19.450000762939453,19.770000457763672,19.413333892822266,19.74333381652832,276000,SOXX
2011-01-24,16.967132568359375,19.899999618530273,19.90999984741211,19.5,19.520000457763672,1881300,SOXX
2011-01-25,16.847763061523438,19.760000228881836,19.8799991607666,19.633333206176758,19.850000381469727,381900,SOXX
2011-01-26,16.984188079833984,19.920000076293945,19.983333587646484,19.719999313354492,19.84000015258789,422100,SOXX
2011-01-27,17.316701889038086,20.309999465942383,20.356666564941406,20.06333351135254,20.06333351135254,294000,SOXX
2011-01-28,16.842077255249023,19.753332138061523,20.39666748046875,19.649999618530273,20.363332748413086,464100,SOXX
2011-01-31,16.907447814941406,19.829999923706055,19.92333221435547,19.393333435058594,19.760000228881836,179100,SOXX
2011-02-01,17.328079223632812,20.323333740234375,20.426666259765625,20.010000228881836,20.010000228881836,1026000,SOXX
2011-02-02,17.41901969909668,20.43000030517578,20.520000457763672,20.209999084472656,20.253332138061523,446100,SOXX
2011-02-03,17.433237075805664,20.446666717529297,20.49333381652832,20.26333236694336,20.46666717529297,414300,SOXX
2011-02-04,17.799856185913086,20.876667022705078,20.876667022705078,20.489999771118164,20.50666618347168,1151700,SOXX
2011-02-07,17.728809356689453,20.793333053588867,21.0,20.72333335876465,20.93666648864746,508800,SOXX
2011-02-08,17.728809356689453,20.793333053588867,20.796667098999023,20.616666793823242,20.790000915527344,297000,SOXX
2011-02-09,17.603763580322266,20.64666748046875,20.78333282470703,20.573333740234375,20.709999084472656,135300,SOXX
2011-02-10,17.62648582458496,20.67333221435547,20.706666946411133,20.343332290649414,20.406667709350586,1100700,SOXX
2011-02-11,17.768592834472656,20.84000015258789,20.913333892822266,20.530000686645508,20.559999465942383,267000,SOXX
2011-02-14,17.913545608520508,21.010000228881836,21.17333221435547,20.873332977294922,20.873332977294922,210300,SOXX
2011-02-15,17.731645584106445,20.796667098999023,20.979999542236328,20.72333335876465,20.979999542236328,219600,SOXX
2011-02-16,17.916385650634766,21.01333236694336,21.07666778564453,20.886667251586914,20.956666946411133,264600,SOXX
2011-02-17,18.186376571655273,21.329999923706055,21.376667022705078,20.926666259765625,20.926666259765625,621600,SOXX
2011-02-18,18.14374542236328,21.280000686645508,21.39666748046875,21.183332443237305,21.356666564941406,243000,SOXX
2011-02-22,17.433237075805664,20.446666717529297,20.92333221435547,20.376667022705078,20.8700008392334,488400,SOXX
2011-02-23,17.09786605834961,20.053333282470703,20.48666763305664,19.78333282470703,20.48666763305664,405300,SOXX
2011-02-24,17.365022659301758,20.366666793823242,20.416667938232422,20.02666664123535,20.053333282470703,459600,SOXX
2011-02-25,17.814067840576172,20.893333435058594,20.916667938232422,20.59666633605957,20.633333206176758,1692000,SOXX
2011-02-28,17.643539428710938,20.69333267211914,21.02666664123535,20.479999542236328,20.97333335876465,253500,SOXX
2011-03-01,17.299650192260742,20.290000915527344,20.770000457763672,20.266666412353516,20.726667404174805,844500,SOXX
2011-03-02,17.51849365234375,20.546667098999023,20.81333351135254,20.273332595825195,20.273332595825195,3923100,SOXX
2011-03-03,17.856698989868164,20.94333267211914,21.03333282470703,20.75666618347168,20.75666618347168,591900,SOXX
2011-03-04,17.70891571044922,20.770000457763672,20.92333221435547,20.613332748413086,20.916667938232422,4838100,SOXX
2011-03-07,17.222919464111328,20.200000762939453,20.843332290649414,19.969999313354492,20.843332290649414,867000,SOXX
2011-03-08,17.23996925354004,20.219999313354492,20.393333435058594,19.99333381652832,20.176666259765625,1839300,SOXX
2011-03-09,16.705657958984375,19.593332290649414,20.116666793823242,19.56999969482422,20.116666793823242,1835100,SOXX
2011-03-10,16.282196044921875,19.09666633605957,19.386667251586914,19.079999923706055,19.30666732788086,1764900,SOXX
2011-03-11,16.466928482055664,19.31333351135254,19.336666107177734,18.969999313354492,18.969999313354492,626400,SOXX
2011-03-14,16.429975509643555,19.270000457763672,19.510000228881836,19.139999389648438,19.22333335876465,4028700,SOXX
2011-03-15,16.213985443115234,19.016666412353516,19.14666748046875,18.440000534057617,18.65999984741211,1566900,SOXX
2011-03-16,15.872936248779297,18.616666793823242,19.233333587646484,18.479999542236328,18.913333892822266,6734100,SOXX
2011-03-17,16.063358306884766,18.84000015258789,19.066667556762695,18.773332595825195,18.96666717529297,4530600,SOXX
2011-03-18,16.13156509399414,18.920000076293945,19.14666748046875,18.84000015258789,19.133333206176758,1270200,SOXX
2011-03-21,16.42145347595215,19.260000228881836,19.366666793823242,19.139999389648438,19.190000534057617,754200,SOXX
2011-03-22,16.26513671875,19.07666778564453,19.25,19.046667098999023,19.25,689400,SOXX
2011-03-23,16.42145347595215,19.260000228881836,19.293333053588867,18.886667251586914,19.00666618347168,1657800,SOXX
2011-03-24,16.822187423706055,19.729999542236328,19.773332595825195,19.39666748046875,19.440000534057617,904800,SOXX
2011-03-25,16.78774642944336,19.65999984741211,19.860000610351562,19.636667251586914,19.766666412353516,1090200,SOXX
2011-03-28,16.79059600830078,19.663333892822266,19.836666107177734,19.65333366394043,19.78333282470703,1275600,SOXX
2011-03-29,16.958526611328125,19.860000610351562,19.860000610351562,19.479999542236328,19.656667709350586,633600,SOXX
2011-03-30,16.978445053100586,19.883333206176758,20.05666732788086,19.72333335876465,20.05666732788086,238200,SOXX
2011-03-31,16.81905746459961,19.696666717529297,19.906667709350586,19.639999389648438,19.850000381469727,183300,SOXX
2011-04-01,16.634037017822266,19.479999542236328,19.809999465942383,19.416667938232422,19.809999465942383,555000,SOXX
2011-04-04,16.48603630065918,19.30666732788086,19.553333282470703,19.196666717529297,19.553333282470703,677400,SOXX
2011-04-05,16.856060028076172,19.739999771118164,19.899999618530273,19.613332748413086,19.636667251586914,814200,SOXX
2011-04-06,17.11507225036621,20.043333053588867,20.073333740234375,19.863332748413086,19.940000534057617,268800,SOXX
2011-04-07,17.05815315246582,19.976667404174805,20.05666732788086,19.766666412353516,20.05666732788086,2364900,SOXX
2011-04-08,16.915830612182617,19.809999465942383,20.1200008392334,19.706666946411133,20.073333740234375,289200,SOXX
2011-04-11,16.773513793945312,19.643333435058594,19.836666107177734,19.573333740234375,19.809999465942383,371100,SOXX
2011-04-12,16.417724609375,19.226667404174805,19.50666618347168,19.123332977294922,19.50666618347168,692400,SOXX
2011-04-13,16.457571029663086,19.273332595825195,19.40333366394043,19.15999984741211,19.343332290649414,1275000,SOXX
2011-04-14,16.483192443847656,19.303333282470703,19.30666732788086,19.01333236694336,19.116666793823242,337200,SOXX
2011-04-15,16.568580627441406,19.40333366394043,19.46666717529297,19.149999618530273,19.25,558300,SOXX
2011-04-18,16.27256202697754,19.05666732788086,19.170000076293945,18.916667938232422,19.166667938232422,352500,SOXX
2011-04-19,16.34086799621582,19.136667251586914,19.156667709350586,18.989999771118164,19.03333282470703,242100,SOXX
2011-04-20,17.032533645629883,19.946666717529297,19.96666717529297,19.670000076293945,19.683332443237305,838500,SOXX
2011-04-21,17.049606323242188,19.96666717529297,20.106666564941406,19.8700008392334,20.106666564941406,204600,SOXX
2011-04-25,17.06100082397461,19.979999542236328,20.05666732788086,19.906667709350586,19.983333587646484,527100,SOXX
2011-04-26,17.33993911743164,20.30666732788086,20.34000015258789,20.0,20.0,282300,SOXX
2011-04-27,17.328554153442383,20.293333053588867,20.32666778564453,20.06999969482422,20.166667938232422,230700,SOXX
2011-04-28,17.240318298339844,20.190000534057617,20.303333282470703,20.05666732788086,20.239999771118164,136200,SOXX
2011-04-29,17.300085067749023,20.260000228881836,20.286666870117188,20.156667709350586,20.156667709350586,127800,SOXX
2011-05-02,17.143539428710938,20.07666778564453,20.32666778564453,20.03333282470703,20.32666778564453,228600,SOXX
2011-05-03,16.932907104492188,19.829999923706055,20.030000686645508,19.69333267211914,19.983333587646484,346800,SOXX
2011-05-04,16.927217483520508,19.823333740234375,19.989999771118164,19.586666107177734,19.906667709350586,794400,SOXX
2011-05-05,16.97275733947754,19.876667022705078,20.06999969482422,19.69333267211914,19.72333335876465,258000,SOXX
2011-05-06,17.106536865234375,20.03333282470703,20.24333381652832,19.950000762939453,20.1200008392334,282600,SOXX
2011-05-09,17.035390853881836,19.950000762939453,20.053333282470703,19.829999923706055,20.053333282470703,516900,SOXX
2011-05-10,17.117921829223633,20.046667098999023,20.110000610351562,19.959999084472656,19.99333381652832,146700,SOXX
2011-05-11,16.992685317993164,19.899999618530273,20.143333435058594,19.78333282470703,20.100000381469727,200100,SOXX
2011-05-12,17.214696884155273,20.15999984741211,20.239999771118164,19.793333053588867,19.81333351135254,341400,SOXX
2011-05-13,17.004066467285156,19.913333892822266,20.19333267211914,19.899999618530273,20.133333206176758,130500,SOXX
2011-05-16,16.764972686767578,19.633333206176758,20.040000915527344,19.59666633605957,19.836666107177734,735900,SOXX
2011-05-17,16.557188034057617,19.389999389648438,19.543333053588867,19.200000762939453,19.52666664123535,1129200,SOXX
2011-05-18,16.858905792236328,19.74333381652832,19.786666870117188,19.399999618530273,19.399999618530273,150900,SOXX
2011-05-19,16.716588973999023,19.57666778564453,19.700000762939453,19.406667709350586,19.700000762939453,602700,SOXX
2011-05-20,16.682432174682617,19.536666870117188,19.636667251586914,19.426666259765625,19.579999923706055,322500,SOXX
2011-05-23,16.34086799621582,19.136667251586914,19.299999237060547,19.123332977294922,19.299999237060547,274200,SOXX
2011-05-24,16.198549270629883,18.969999313354492,19.23666763305664,18.96666717529297,19.233333587646484,1470900,SOXX
2011-05-25,16.343713760375977,19.139999389648438,19.213333129882812,18.889999389648438,18.899999618530273,872100,SOXX
2011-05-26,16.497421264648438,19.31999969482422,19.350000381469727,19.059999465942383,19.116666793823242,372600,SOXX
2011-05-27,16.69381332397461,19.549999237060547,19.633333206176758,19.463333129882812,19.463333129882812,1218000,SOXX
2011-05-31,16.947141647338867,19.84666633605957,19.866666793823242,19.670000076293945,19.760000228881836,696300,SOXX
2011-06-01,16.454723358154297,19.270000457763672,19.82666778564453,19.246667861938477,19.82666778564453,756600,SOXX
2011-06-02,16.434799194335938,19.246667861938477,19.450000762939453,19.170000076293945,19.316667556762695,489600,SOXX
2011-06-03,16.147315979003906,18.90999984741211,19.18666648864746,18.886667251586914,19.023332595825195,531600,SOXX
2011-06-06,16.030620574951172,18.773332595825195,18.956666946411133,18.753332138061523,18.8700008392334,1011600,SOXX
2011-06-07,16.096086502075195,18.850000381469727,19.053333282470703,18.850000381469727,18.883333206176758,891600,SOXX
2011-06-08,15.782984733581543,18.483333587646484,18.760000228881836,18.420000076293945,18.760000228881836,778500,SOXX
2011-06-09,15.794373512268066,18.496667861938477,18.606666564941406,18.39666748046875,18.489999771118164,1505700,SOXX
2011-06-10,15.541054725646973,18.200000762939453,18.433332443237305,18.07666778564453,18.42333221435547,408000,SOXX
2011-06-13,15.404426574707031,18.040000915527344,18.299999237060547,17.96666717529297,18.229999542236328,450000,SOXX
2011-06-14,15.674818992614746,18.356666564941406,18.46666717529297,18.299999237060547,18.323333740234375,871500,SOXX
2011-06-15,15.387341499328613,18.020000457763672,18.299999237060547,17.98666763305664,18.190000534057617,468300,SOXX
2011-06-16,15.210877418518066,17.81333351135254,18.040000915527344,17.656667709350586,18.0,580200,SOXX
2011-06-17,14.986014366149902,17.549999237060547,17.98666763305664,17.489999771118164,17.98666763305664,938700,SOXX
2011-06-20,15.005940437316895,17.573333740234375,17.636667251586914,17.483333587646484,17.49333381652832,1503300,SOXX
2011-06-21,15.358887672424316,17.98666763305664,18.040000915527344,17.573333740234375,17.690000534057617,1037100,SOXX
2011-06-22,15.29910945892334,17.916667938232422,18.100000381469727,17.8700008392334,17.950000762939453,590100,SOXX
2011-06-23,15.520709991455078,18.139999389648438,18.15999984741211,17.579999923706055,17.713333129882812,533100,SOXX
2011-06-24,15.164206504821777,17.72333335876465,18.10333251953125,17.67333221435547,18.10333251953125,346800,SOXX
2011-06-27,15.241218566894531,17.81333351135254,17.886667251586914,17.55666732788086,17.76333236694336,253500,SOXX
2011-06-28,15.446556091308594,18.053333282470703,18.059999465942383,17.850000381469727,17.860000610351562,272400,SOXX
2011-06-29,15.46652603149414,18.07666778564453,18.170000076293945,17.940000534057617,18.106666564941406,470400,SOXX
2011-06-30,15.82873249053955,18.5,18.56333351135254,18.110000610351562,18.110000610351562,378600,SOXX
2011-07-01,16.168121337890625,18.89666748046875,18.94333267211914,18.476667404174805,18.51333236694336,305400,SOXX
2011-07-05,16.039779663085938,18.746667861938477,18.94333267211914,18.65999984741211,18.899999618530273,503100,SOXX
2011-07-06,15.911437034606934,18.59666633605957,18.649999618530273,18.43666648864746,18.636667251586914,870600,SOXX
2011-07-07,16.213754653930664,18.950000762939453,19.059999465942383,18.72333335876465,18.75666618347168,512700,SOXX
2011-07-08,15.991291046142578,18.690000534057617,18.75,18.496667861938477,18.75,508200,SOXX
2011-07-11,15.714652061462402,18.366666793823242,18.703332901000977,18.299999237060547,18.476667404174805,352800,SOXX
2011-07-12,15.264030456542969,17.84000015258789,18.196666717529297,17.739999771118164,18.196666717529297,861600,SOXX
2011-07-13,15.215546607971191,17.78333282470703,18.049999237060547,17.703332901000977,17.933332443237305,1169100,SOXX
2011-07-14,14.990236282348633,17.520000457763672,18.003332138061523,17.476667404174805,17.799999237060547,502800,SOXX
2011-07-15,15.050127983093262,17.59000015258789,17.626667022705078,17.3799991607666,17.626667022705078,603000,SOXX
2011-07-18,14.867599487304688,17.376667022705078,17.583332061767578,17.213333129882812,17.5,967200,SOXX
2011-07-19,15.332476615905762,17.920000076293945,17.963333129882812,17.536666870117188,17.536666870117188,1461600,SOXX
2011-07-20,15.272576332092285,17.850000381469727,18.02666664123535,17.746667861938477,17.983333587646484,1185000,SOXX
2011-07-21,15.386667251586914,17.983333587646484,18.046667098999023,17.573333740234375,17.816667556762695,890100,SOXX
2011-07-22,15.760276794433594,18.420000076293945,18.479999542236328,18.059999465942383,18.059999465942383,541800,SOXX
2011-07-25,15.57490062713623,18.203332901000977,18.299999237060547,18.1200008392334,18.229999542236328,522900,SOXX
2011-07-26,15.680421829223633,18.32666778564453,18.549999237060547,18.286666870117188,18.286666870117188,767400,SOXX
2011-07-27,15.121431350708008,17.67333221435547,18.15999984741211,17.626667022705078,18.15999984741211,1825200,SOXX
2011-07-28,15.090059280395508,17.636667251586914,17.90999984741211,17.453332901000977,17.663333892822266,579300,SOXX
2011-07-29,14.964568138122559,17.489999771118164,17.639999389648438,17.239999771118164,17.366666793823242,453600,SOXX
2011-08-01,14.947454452514648,17.469999313354492,17.796667098999023,17.229999542236328,17.733333587646484,960300,SOXX
2011-08-02,14.513943672180176,16.963333129882812,17.43000030517578,16.933332443237305,17.343332290649414,1719300,SOXX
2011-08-03,14.685066223144531,17.163333892822266,17.17333221435547,16.60333251953125,16.946666717529297,977700,SOXX
2011-08-04,13.838014602661133,16.17333221435547,16.93000030517578,16.15333366394043,16.89666748046875,2032200,SOXX
2011-08-05,13.558518409729004,15.846667289733887,16.530000686645508,15.366666793823242,16.299999237060547,4278000,SOXX
2011-08-08,12.83410358428955,15.0,15.603333473205566,14.91333293914795,15.390000343322754,3100500,SOXX
2011-08-09,13.40735912322998,15.670000076293945,15.699999809265137,14.779999732971191,15.216667175292969,1929000,SOXX
2011-08-10,13.150679588317871,15.369999885559082,15.853333473205566,15.146666526794434,15.313332557678223,2515800,SOXX
2011-08-11,13.800938606262207,16.1299991607666,16.333332061767578,15.539999961853027,15.59333324432373,1651500,SOXX
2011-08-12,13.743903160095215,16.06333351135254,16.40999984741211,15.966667175292969,16.376667022705078,1017600,SOXX
2011-08-15,14.009133338928223,16.373332977294922,16.383333206176758,16.106666564941406,16.139999389648438,726600,SOXX
2011-08-16,13.758160591125488,16.079999923706055,16.35333251953125,15.873332977294922,16.253332138061523,840900,SOXX
2011-08-17,13.666894912719727,15.973333358764648,16.323333740234375,15.819999694824219,16.016666412353516,627300,SOXX
2011-08-18,12.876885414123535,15.050000190734863,15.529999732971191,14.930000305175781,15.529999732971191,2017200,SOXX
2011-08-19,12.640168190002441,14.773332595825195,15.356666564941406,14.723333358764648,14.886667251586914,1557600,SOXX
2011-08-22,12.717171669006348,14.863332748413086,15.183333396911621,14.783332824707031,15.05666732788086,982500,SOXX
2011-08-23,13.370285034179688,15.626667022705078,15.649999618530273,14.923333168029785,14.9399995803833,1768200,SOXX
2011-08-24,13.38169002532959,15.640000343322754,15.776666641235352,15.329999923706055,15.636667251586914,1244400,SOXX
2011-08-25,13.030892372131348,15.229999542236328,15.729999542236328,15.186667442321777,15.529999732971191,768000,SOXX
2011-08-26,13.393098831176758,15.653332710266113,15.710000038146973,15.006667137145996,15.233332633972168,600000,SOXX
2011-08-29,13.860832214355469,16.200000762939453,16.219999313354492,15.856666564941406,15.876667022705078,412200,SOXX
2011-08-30,13.857979774475098,16.196666717529297,16.30666732788086,16.01333236694336,16.09666633605957,287700,SOXX
2011-08-31,13.78668212890625,16.113332748413086,16.456666946411133,15.986666679382324,16.299999237060547,510000,SOXX
2011-09-01,13.561369895935059,15.850000381469727,16.323333740234375,15.819999694824219,16.106666564941406,735000,SOXX
2011-09-02,13.239095687866211,15.473333358764648,15.616666793823242,15.383333206176758,15.583333015441895,600000,SOXX
2011-09-06,13.150679588317871,15.369999885559082,15.383333206176758,14.946666717529297,14.953332901000977,948000,SOXX
2011-09-07,13.70967960357666,16.023332595825195,16.043333053588867,15.633333206176758,15.633333206176758,2767500,SOXX
2011-09-08,13.649785995483398,15.953332901000977,16.32666778564453,15.866666793823242,15.923333168029785,474300,SOXX
2011-09-09,13.504326820373535,15.783332824707031,16.19333267211914,15.676667213439941,15.866666793823242,1072200,SOXX
2011-09-12,13.895054817199707,16.239999771118164,16.260000228881836,15.596667289733887,15.596667289733887,4078500,SOXX
2011-09-13,14.168854713439941,16.559999465942383,16.623332977294922,16.226667404174805,16.363332748413086,1588200,SOXX
2011-09-14,14.533909797668457,16.98666763305664,17.183332443237305,16.600000381469727,16.713333129882812,2478000,SOXX
2011-09-15,14.767783164978027,17.260000228881836,17.290000915527344,17.03333282470703,17.23666763305664,1665000,SOXX
2011-09-16,14.787736892700195,17.28333282470703,17.463333129882812,16.946666717529297,16.946666717529297,2793000,SOXX
2011-09-19,14.630882263183594,17.100000381469727,17.190000534057617,16.809999465942383,16.96666717529297,1192200,SOXX
2011-09-20,14.442643165588379,16.8799991607666,17.22333335876465,16.856666564941406,17.166667938232422,1483500,SOXX
2011-09-21,14.151739120483398,16.540000915527344,17.06999969482422,16.536666870117188,16.94333267211914,1728600,SOXX
2011-09-22,13.675451278686523,15.983332633972168,16.1200008392334,15.703332901000977,16.06999969482422,3060300,SOXX
2011-09-23,13.923576354980469,16.273332595825195,16.360000610351562,15.776666641235352,15.866666793823242,2553000,SOXX
2011-09-26,13.91385269165039,16.219999313354492,16.373332977294922,15.853333473205566,16.373332977294922,1644900,SOXX
2011-09-27,14.168342590332031,16.516666412353516,16.850000381469727,16.433332443237305,16.530000686645508,1397700,SOXX
2011-09-28,13.773749351501465,16.05666732788086,16.59666633605957,16.036666870117188,16.536666870117188,1131900,SOXX
2011-09-29,13.596458435058594,15.850000381469727,16.309999465942383,15.533332824707031,16.286666870117188,1040400,SOXX
2011-09-30,13.130375862121582,15.30666732788086,15.733332633972168,15.296667098999023,15.596667289733887,1597200,SOXX
2011-10-03,12.644281387329102,14.739999771118164,15.359999656677246,14.729999542236328,15.19333267211914,1117200,SOXX
2011-10-04,13.147536277770996,15.326666831970215,15.359999656677246,14.513333320617676,14.520000457763672,3465000,SOXX
2011-10-05,13.565003395080566,15.813332557678223,15.873332977294922,15.143333435058594,15.326666831970215,1379100,SOXX
2011-10-06,13.730852127075195,16.00666618347168,16.03333282470703,15.630000114440918,15.813332557678223,575400,SOXX
2011-10-07,13.793758392333984,16.079999923706055,16.293333053588867,15.936667442321777,16.059999465942383,871200,SOXX
2011-10-10,14.182640075683594,16.53333282470703,16.6299991607666,16.329999923706055,16.329999923706055,897000,SOXX
2011-10-11,14.168342590332031,16.516666412353516,16.57666778564453,16.40333366394043,16.503332138061523,543600,SOXX
2011-10-12,14.274139404296875,16.639999389648438,16.823333740234375,16.633333206176758,16.69333267211914,562800,SOXX
2011-10-13,14.562936782836914,16.976667404174805,17.040000915527344,16.559999465942383,16.559999465942383,729300,SOXX
2011-10-14,14.728781700134277,17.170000076293945,17.196666717529297,16.889999389648438,17.166667938232422,1625700,SOXX
2011-10-17,14.345624923706055,16.72333335876465,17.10333251953125,16.656667709350586,17.10333251953125,1389900,SOXX
2011-10-18,14.634425163269043,17.059999465942383,17.116666793823242,16.53333282470703,16.74333381652832,507000,SOXX
2011-10-19,14.339903831481934,16.71666717529297,17.030000686645508,16.68000030517578,16.969999313354492,1254900,SOXX
2011-10-20,14.091142654418945,16.426666259765625,16.626667022705078,16.113332748413086,16.626667022705078,598500,SOXX
2011-10-21,14.391378402709961,16.77666664123535,17.00666618347168,16.65999984741211,16.65999984741211,1670700,SOXX
2011-10-24,14.871753692626953,17.336666107177734,17.366666793823242,16.816667556762695,16.816667556762695,631200,SOXX
2011-10-25,14.625847816467285,17.049999237060547,17.350000381469727,17.010000228881836,17.176666259765625,618000,SOXX
2011-10-26,14.674457550048828,17.106666564941406,17.299999237060547,16.770000457763672,17.163333892822266,610200,SOXX
2011-10-27,15.294947624206543,17.829999923706055,17.963333129882812,17.496667861938477,17.636667251586914,916800,SOXX
2011-10-28,15.35499382019043,17.899999618530273,17.90333366394043,17.72333335876465,17.843332290649414,359400,SOXX
2011-10-31,14.98327350616455,17.46666717529297,17.71666717529297,17.440000534057617,17.663333892822266,457800,SOXX
2011-11-01,14.505755424499512,16.90999984741211,17.07666778564453,16.78333282470703,16.946666717529297,987900,SOXX
2011-11-02,14.560075759887695,16.97333335876465,17.126667022705078,16.84000015258789,17.043333053588867,591000,SOXX
2011-11-03,14.994712829589844,17.479999542236328,17.50666618347168,16.80666732788086,17.136667251586914,573900,SOXX
2011-11-04,15.166275024414062,17.68000030517578,17.746667861938477,17.34666633605957,17.3799991607666,432000,SOXX
2011-11-07,15.157697677612305,17.670000076293945,17.703332901000977,17.376667022705078,17.636667251586914,435000,SOXX
2011-11-08,15.226320266723633,17.75,17.836666107177734,17.479999542236328,17.803333282470703,302400,SOXX
2011-11-09,14.554359436035156,16.96666717529297,17.373332977294922,16.92333221435547,17.373332977294922,586500,SOXX
2011-11-10,14.651576042175293,17.079999923706055,17.213333129882812,16.84000015258789,17.15999984741211,482400,SOXX
2011-11-11,15.166275024414062,17.68000030517578,17.76333236694336,17.309999465942383,17.31999969482422,389100,SOXX
2011-11-14,15.000432968139648,17.48666763305664,17.770000457763672,17.376667022705078,17.65999984741211,661800,SOXX
2011-11-15,15.189143180847168,17.706666946411133,17.81333351135254,17.389999389648438,17.389999389648438,674100,SOXX
2011-11-16,15.137678146362305,17.64666748046875,17.906667709350586,17.56999969482422,17.56999969482422,912600,SOXX
2011-11-17,14.55150318145752,16.963333129882812,17.583332061767578,16.746667861938477,17.583332061767578,721200,SOXX
2011-11-18,14.414246559143066,16.803333282470703,17.030000686645508,16.709999084472656,17.00666618347168,333000,SOXX
2011-11-21,14.145465850830078,16.489999771118164,16.573333740234375,16.239999771118164,16.53333282470703,538500,SOXX
2011-11-22,13.965325355529785,16.280000686645508,16.543333053588867,16.176666259765625,16.420000076293945,1081500,SOXX
2011-11-23,13.524974822998047,15.766667366027832,16.106666564941406,15.75333309173584,16.093332290649414,580500,SOXX
2011-11-25,13.359129905700684,15.573332786560059,15.893333435058594,15.573332786560059,15.683333396911621,117900,SOXX
2011-11-28,13.765167236328125,16.046667098999023,16.18000030517578,15.916666984558105,16.086666107177734,726900,SOXX
2011-11-29,13.67938232421875,15.946666717529297,16.196666717529297,15.90999984741211,16.1200008392334,495300,SOXX
2011-11-30,14.448564529418945,16.843332290649414,16.893333435058594,16.413333892822266,16.413333892822266,696300,SOXX
2011-12-01,14.545778274536133,16.956666946411133,17.020000457763672,16.75666618347168,16.836666107177734,436500,SOXX
2011-12-02,14.548644065856934,16.959999084472656,17.24333381652832,16.93666648864746,17.200000762939453,601800,SOXX
2011-12-05,14.668737411499023,17.100000381469727,17.293333053588867,17.02666664123535,17.139999389648438,240600,SOXX
2011-12-06,14.631567001342773,17.05666732788086,17.15333366394043,16.959999084472656,17.126667022705078,277500,SOXX
2011-12-07,14.82599925994873,17.28333282470703,17.323333740234375,16.8799991607666,16.983333587646484,396000,SOXX
2011-12-08,14.388511657714844,16.773332595825195,17.299999237060547,16.75666618347168,17.15333366394043,162600,SOXX
2011-12-09,14.580096244812012,16.996667861938477,17.06999969482422,16.510000228881836,16.60333251953125,426600,SOXX
2011-12-12,14.191221237182617,16.543333053588867,16.733333587646484,16.333332061767578,16.733333587646484,653400,SOXX
2011-12-13,13.85380744934082,16.149999618530273,16.713333129882812,16.07666778564453,16.676666259765625,1083900,SOXX
2011-12-14,13.636489868164062,15.896666526794434,16.18666648864746,15.846667289733887,16.15333366394043,1385400,SOXX
2011-12-15,13.602180480957031,15.856666564941406,16.209999084472656,15.796667098999023,16.136667251586914,438300,SOXX
2011-12-16,13.733711242675781,16.010000228881836,16.209999084472656,15.930000305175781,15.989999771118164,907500,SOXX
2011-12-19,13.336255073547363,15.546667098999023,16.053333282470703,15.536666870117188,16.016666412353516,1338300,SOXX
2011-12-20,13.928159713745117,16.23666763305664,16.293333053588867,15.973333358764648,15.973333358764648,1983600,SOXX
2011-12-21,13.78803825378418,16.073333740234375,16.273332595825195,15.850000381469727,16.273332595825195,295800,SOXX
2011-12-22,14.247589111328125,16.57666778564453,16.6299991607666,16.09000015258789,16.09000015258789,1195500,SOXX
2011-12-23,14.310614585876465,16.649999618530273,16.666667938232422,16.50666618347168,16.606666564941406,133800,SOXX
2011-12-27,14.293424606323242,16.6299991607666,16.766666412353516,16.573333740234375,16.606666564941406,983400,SOXX
2011-12-28,14.08141803741455,16.383333206176758,16.649999618530273,16.366666793823242,16.649999618530273,214800,SOXX
2011-12-29,14.20461368560791,16.52666664123535,16.553333282470703,16.3700008392334,16.459999084472656,275400,SOXX
2011-12-30,14.153043746948242,16.46666717529297,16.59666633605957,16.46666717529297,16.49333381652832,440100,SOXX
2012-01-03,14.330667495727539,16.67333221435547,16.93666648864746,16.64666748046875,16.836666107177734,371100,SOXX
2012-01-04,14.330667495727539,16.67333221435547,16.709999084472656,16.46666717529297,16.600000381469727,1187100,SOXX
2012-01-05,14.52548599243164,16.899999618530273,16.926666259765625,16.606666564941406,16.623332977294922,1147800,SOXX
2012-01-06,14.562732696533203,16.94333267211914,16.983333587646484,16.786666870117188,16.893333435058594,304800,SOXX
2012-01-09,14.857828140258789,17.286666870117188,17.316667556762695,17.023332595825195,17.043333053588867,1069800,SOXX
2012-01-10,15.006802558898926,17.459999084472656,17.549999237060547,17.389999389648438,17.51333236694336,700200,SOXX
2012-01-11,15.058378219604492,17.520000457763672,17.56999969482422,17.343332290649414,17.393333435058594,1195800,SOXX
2012-01-12,15.2188138961792,17.706666946411133,17.739999771118164,17.469999313354492,17.57666778564453,361200,SOXX
2012-01-13,14.909400939941406,17.34666633605957,17.553333282470703,17.299999237060547,17.536666870117188,1169100,SOXX
2012-01-17,14.952373504638672,17.39666748046875,17.593332290649414,17.386667251586914,17.510000228881836,202800,SOXX
2012-01-18,15.711592674255371,18.280000686645508,18.316667556762695,17.593332290649414,17.593332290649414,1420200,SOXX
2012-01-19,16.02387809753418,18.643333435058594,18.65999984741211,18.406667709350586,18.450000762939453,1746000,SOXX
2012-01-20,16.101232528686523,18.733333587646484,18.753332138061523,18.540000915527344,18.559999465942383,4804200,SOXX
2012-01-23,16.049665451049805,18.67333221435547,18.799999237060547,18.536666870117188,18.71666717529297,4483200,SOXX
2012-01-24,16.106964111328125,18.739999771118164,18.799999237060547,18.543333053588867,18.606666564941406,1460400,SOXX
2012-01-25,16.17572593688965,18.81999969482422,18.860000610351562,18.53333282470703,18.790000915527344,1189800,SOXX
2012-01-26,16.00668716430664,18.623332977294922,18.979999542236328,18.523332595825195,18.889999389648438,777300,SOXX
2012-01-27,16.05825424194336,18.683332443237305,18.746667861938477,18.51333236694336,18.566667556762695,414000,SOXX
2012-01-30,15.892087936401367,18.489999771118164,18.559999465942383,18.28333282470703,18.559999465942383,944400,SOXX
2012-01-31,15.903546333312988,18.503332138061523,18.666667938232422,18.373332977294922,18.616666793823242,326100,SOXX
2012-02-01,16.258804321289062,18.916667938232422,19.053333282470703,18.676666259765625,18.75,1958700,SOXX
2012-02-02,16.347627639770508,19.020000457763672,19.14666748046875,18.916667938232422,18.976667404174805,1212300,SOXX
2012-02-03,16.60260581970215,19.316667556762695,19.39666748046875,19.176666259765625,19.25666618347168,831900,SOXX
2012-02-06,16.413516998291016,19.09666633605957,19.25666618347168,18.99333381652832,19.25666618347168,448200,SOXX
2012-02-07,16.4221134185791,19.106666564941406,19.15999984741211,18.893333435058594,19.030000686645508,1608900,SOXX
2012-02-08,16.61979103088379,19.336666107177734,19.476667404174805,19.136667251586914,19.136667251586914,696900,SOXX
2012-02-09,16.674226760864258,19.399999618530273,19.446666717529297,19.253332138061523,19.420000076293945,411900,SOXX
2012-02-10,16.350486755371094,19.023332595825195,19.253332138061523,18.93666648864746,19.176666259765625,460500,SOXX
2012-02-13,16.39918327331543,19.079999923706055,19.22333335876465,18.833332061767578,19.14666748046875,157800,SOXX
2012-02-14,16.459354400634766,19.149999618530273,19.15333366394043,18.976667404174805,19.02666664123535,1032600,SOXX
2012-02-15,16.545307159423828,19.25,19.47333335876465,19.229999542236328,19.299999237060547,786600,SOXX
2012-02-16,16.960725784301758,19.733333587646484,19.760000228881836,19.22333335876465,19.296667098999023,773700,SOXX
2012-02-17,16.80315399169922,19.549999237060547,19.8799991607666,19.536666870117188,19.84000015258789,474900,SOXX
2012-02-21,16.573957443237305,19.28333282470703,19.6200008392334,19.22333335876465,19.6200008392334,462000,SOXX
2012-02-22,16.5137939453125,19.213333129882812,19.386667251586914,19.14666748046875,19.266666412353516,358200,SOXX
2012-02-23,16.54244041442871,19.246667861938477,19.27666664123535,18.96666717529297,19.200000762939453,352800,SOXX
2012-02-24,16.490869522094727,19.18666648864746,19.373332977294922,19.166667938232422,19.27666664123535,834900,SOXX
2012-02-27,16.508058547973633,19.206666946411133,19.350000381469727,18.956666946411133,19.083332061767578,619500,SOXX
2012-02-28,16.77450180053711,19.516666412353516,19.6200008392334,19.23666763305664,19.23666763305664,797100,SOXX
2012-02-29,16.525251388549805,19.226667404174805,19.55666732788086,19.190000534057617,19.55666732788086,626700,SOXX
2012-03-01,16.536706924438477,19.239999771118164,19.42333221435547,19.15999984741211,19.286666870117188,486000,SOXX
2012-03-02,16.350486755371094,19.023332595825195,19.329999923706055,19.020000457763672,19.213333129882812,474600,SOXX
2012-03-05,15.960844039916992,18.56999969482422,18.983333587646484,18.5,18.96666717529297,1145100,SOXX
2012-03-06,15.811867713928223,18.39666748046875,18.43000030517578,18.176666259765625,18.290000915527344,771000,SOXX
2012-03-07,16.043935775756836,18.666667938232422,18.74333381652832,18.43000030517578,18.43000030517578,1201500,SOXX
2012-03-08,16.281728744506836,18.94333267211914,18.989999771118164,18.75,18.84000015258789,1534200,SOXX
2012-03-09,16.459354400634766,19.149999618530273,19.163333892822266,18.93000030517578,18.93000030517578,701700,SOXX
2012-03-12,16.301786422729492,18.96666717529297,19.139999389648438,18.90333366394043,19.139999389648438,518700,SOXX
2012-03-13,16.657041549682617,19.3799991607666,19.3799991607666,19.10333251953125,19.1200008392334,1193700,SOXX
2012-03-14,16.60260581970215,19.316667556762695,19.639999389648438,19.293333053588867,19.426666259765625,670800,SOXX
2012-03-15,16.932079315185547,19.700000762939453,19.71666717529297,19.406667709350586,19.413333892822266,2073300,SOXX
2012-03-16,16.960725784301758,19.733333587646484,19.766666412353516,19.623332977294922,19.766666412353516,733200,SOXX
2012-03-19,17.0810604095459,19.873332977294922,19.946666717529297,19.65333366394043,19.74333381652832,535200,SOXX
2012-03-20,16.94639778137207,19.71666717529297,19.790000915527344,19.56333351135254,19.74333381652832,716400,SOXX
2012-03-21,17.01516342163086,19.796667098999023,19.889999389648438,19.676666259765625,19.770000457763672,365700,SOXX
2012-03-22,16.923486709594727,19.690000534057617,19.73666763305664,19.53333282470703,19.633333206176758,619200,SOXX
2012-03-23,16.957868576049805,19.729999542236328,19.73666763305664,19.5,19.670000076293945,806700,SOXX
2012-03-26,17.1917667388916,19.96666717529297,19.97333335876465,19.74333381652832,19.850000381469727,799800,SOXX
2012-03-27,17.18603515625,19.959999084472656,20.110000610351562,19.959999084472656,19.976667404174805,635100,SOXX
2012-03-28,16.98798942565918,19.729999542236328,20.00666618347168,19.593332290649414,19.98666763305664,1057800,SOXX
2012-03-29,16.990875244140625,19.733333587646484,19.773332595825195,19.483333587646484,19.553333282470703,1300800,SOXX
2012-03-30,17.062623977661133,19.816667556762695,19.933332443237305,19.666667938232422,19.873332977294922,585600,SOXX
2012-04-02,17.076974868774414,19.833332061767578,19.8799991607666,19.53333282470703,19.726667404174805,378900,SOXX
2012-04-03,16.804311752319336,19.516666412353516,19.760000228881836,19.43666648864746,19.729999542236328,1296600,SOXX
2012-04-04,16.434072494506836,19.086666107177734,19.273332595825195,18.899999618530273,19.246667861938477,1061700,SOXX
2012-04-05,16.459909439086914,19.116666793823242,19.183332443237305,18.989999771118164,18.989999771118164,1389300,SOXX
2012-04-09,16.241777420043945,18.863332748413086,18.90999984741211,18.73666763305664,18.829999923706055,745200,SOXX
2012-04-10,15.934684753417969,18.50666618347168,18.969999313354492,18.47333335876465,18.816667556762695,849000,SOXX
2012-04-11,16.201595306396484,18.816667556762695,18.953332901000977,18.719999313354492,18.75,650400,SOXX
2012-04-12,16.50868797302246,19.17333221435547,19.239999771118164,18.863332748413086,18.886667251586914,436200,SOXX
2012-04-13,16.215944290161133,18.833332061767578,19.15999984741211,18.823333740234375,19.113332748413086,665400,SOXX
2012-04-16,16.21021270751953,18.82666778564453,19.020000457763672,18.663333892822266,18.996667861938477,726000,SOXX
2012-04-17,16.462770462036133,19.1200008392334,19.213333129882812,18.96666717529297,18.96666717529297,1012500,SOXX
2012-04-18,16.34223175048828,18.979999542236328,19.046667098999023,18.780000686645508,18.92333221435547,517800,SOXX
2012-04-19,16.14133071899414,18.746667861938477,19.196666717529297,18.64666748046875,18.89666748046875,767100,SOXX
2012-04-20,15.768218040466309,18.31333351135254,18.766666412353516,18.303333282470703,18.766666412353516,1368000,SOXX
2012-04-23,15.575919151306152,18.09000015258789,18.110000610351562,17.916667938232422,18.086666107177734,960300,SOXX
2012-04-24,15.461112976074219,17.956666946411133,18.176666259765625,17.89666748046875,18.1299991607666,527700,SOXX
2012-04-25,15.805530548095703,18.356666564941406,18.399999618530273,18.15333366394043,18.260000228881836,660300,SOXX
2012-04-26,16.170026779174805,18.780000686645508,18.81333351135254,18.42333221435547,18.42333221435547,1090800,SOXX
2012-04-27,16.17289161682129,18.78333282470703,18.84000015258789,18.59666633605957,18.823333740234375,682200,SOXX
2012-04-30,16.104007720947266,18.703332901000977,18.803333282470703,18.683332443237305,18.796667098999023,1093500,SOXX
2012-05-01,16.152807235717773,18.760000228881836,18.899999618530273,18.633333206176758,18.65333366394043,456900,SOXX
2012-05-02,16.230300903320312,18.850000381469727,18.876667022705078,18.593332290649414,18.610000610351562,405600,SOXX
2012-05-03,15.825614929199219,18.3799991607666,18.94333267211914,18.363332748413086,18.829999923706055,618000,SOXX
2012-05-04,15.507037162780762,18.010000228881836,18.386667251586914,17.969999313354492,18.303333282470703,1106100,SOXX
2012-05-07,15.461112976074219,17.956666946411133,18.083332061767578,17.933332443237305,17.940000534057617,504300,SOXX
2012-05-08,15.372142791748047,17.85333251953125,17.883333206176758,17.476667404174805,17.816667556762695,887100,SOXX
2012-05-09,15.317608833312988,17.790000915527344,17.873332977294922,17.416667938232422,17.59666633605957,711000,SOXX
2012-05-10,15.26020622253418,17.72333335876465,17.926666259765625,17.586666107177734,17.920000076293945,567900,SOXX
2012-05-11,15.366408348083496,17.84666633605957,18.05666732788086,17.670000076293945,17.676666259765625,452400,SOXX
2012-05-14,15.217154502868652,17.67333221435547,17.793333053588867,17.593332290649414,17.666667938232422,447600,SOXX
2012-05-15,15.05643367767334,17.48666763305664,17.80666732788086,17.450000762939453,17.6299991607666,515400,SOXX
2012-05-16,14.823959350585938,17.21666717529297,17.593332290649414,17.19333267211914,17.53333282470703,473700,SOXX
2012-05-17,14.496769905090332,16.836666107177734,17.28333282470703,16.833332061767578,17.226667404174805,578100,SOXX
2012-05-18,14.21837329864502,16.51333236694336,16.93666648864746,16.47333335876465,16.93666648864746,879600,SOXX
2012-05-21,14.574261665344238,16.926666259765625,16.94333267211914,16.51333236694336,16.553333282470703,739500,SOXX
2012-05-22,14.468071937561035,16.803333282470703,16.926666259765625,16.69333267211914,16.92333221435547,569100,SOXX
2012-05-23,14.525471687316895,16.8700008392334,16.889999389648438,16.47333335876465,16.573333740234375,1327800,SOXX
2012-05-24,14.31882095336914,16.6299991607666,16.92333221435547,16.536666870117188,16.920000076293945,593700,SOXX
2012-05-25,14.462327003479004,16.796667098999023,16.92333221435547,16.65999984741211,16.65999984741211,606300,SOXX
2012-05-29,14.772296905517578,17.156667709350586,17.260000228881836,17.010000228881836,17.023332595825195,394800,SOXX
2012-05-30,14.565651893615723,16.916667938232422,17.023332595825195,16.816667556762695,16.976667404174805,477600,SOXX
2012-05-31,14.41353988647461,16.739999771118164,16.876667022705078,16.51333236694336,16.876667022705078,1117200,SOXX
2012-06-01,13.796466827392578,16.023332595825195,16.420000076293945,16.0,16.420000076293945,1232100,SOXX
2012-06-04,13.773512840270996,15.99666690826416,16.219999313354492,15.816666603088379,16.049999237060547,1013100,SOXX
2012-06-05,14.037557601928711,16.303333282470703,16.373332977294922,15.99666690826416,16.003332138061523,713100,SOXX
2012-06-06,14.479552268981934,16.816667556762695,16.899999618530273,16.456666946411133,16.456666946411133,821700,SOXX
2012-06-07,14.35040283203125,16.666667938232422,17.133333206176758,16.6299991607666,17.079999923706055,850800,SOXX
2012-06-08,14.499640464782715,16.84000015258789,16.920000076293945,16.540000915527344,16.606666564941406,565500,SOXX
2012-06-11,14.295865058898926,16.60333251953125,17.14666748046875,16.553333282470703,17.113332748413086,1065300,SOXX
2012-06-12,14.551302909851074,16.899999618530273,16.946666717529297,16.606666564941406,16.649999618530273,573300,SOXX
2012-06-13,14.436497688293457,16.766666412353516,17.00666618347168,16.703332901000977,16.913333892822266,805800,SOXX
2012-06-14,14.404930114746094,16.729999542236328,16.799999237060547,16.543333053588867,16.770000457763672,386400,SOXX
2012-06-15,14.631667137145996,16.99333381652832,17.010000228881836,16.729999542236328,16.729999542236328,427200,SOXX
2012-06-18,14.835443496704102,17.229999542236328,17.329999923706055,16.886667251586914,16.886667251586914,635400,SOXX
2012-06-19,15.030475616455078,17.416667938232422,17.479999542236328,17.253332138061523,17.356666564941406,478800,SOXX
2012-06-20,15.16280460357666,17.56999969482422,17.643333435058594,17.386667251586914,17.43000030517578,628500,SOXX
2012-06-21,14.544319152832031,16.85333251953125,17.516666412353516,16.84000015258789,17.516666412353516,855600,SOXX
2012-06-22,14.754318237304688,17.09666633605957,17.149999618530273,16.933332443237305,16.979999542236328,617700,SOXX
2012-06-25,14.276796340942383,16.543333053588867,16.953332901000977,16.50666618347168,16.953332901000977,649800,SOXX
2012-06-26,14.331451416015625,16.606666564941406,16.683332443237305,16.420000076293945,16.56999969482422,316500,SOXX
2012-06-27,14.51555347442627,16.81999969482422,16.863332748413086,16.616666793823242,16.6299991607666,492900,SOXX
2012-06-28,14.423504829406738,16.713333129882812,16.773332595825195,16.48666763305664,16.72333335876465,584700,SOXX
2012-06-29,15.050610542297363,17.440000534057617,17.440000534057617,17.09000015258789,17.113332748413086,1009800,SOXX
2012-07-02,15.027602195739746,17.413333892822266,17.543333053588867,17.28333282470703,17.52666664123535,484800,SOXX
2012-07-03,15.211699485778809,17.626667022705078,17.643333435058594,17.389999389648438,17.44333267211914,586800,SOXX
2012-07-05,15.096636772155762,17.49333381652832,17.56999969482422,17.329999923706055,17.496667861938477,228900,SOXX
2012-07-06,14.716917991638184,17.053333282470703,17.323333740234375,16.90333366394043,17.316667556762695,707100,SOXX
2012-07-09,14.52131462097168,16.82666778564453,17.06999969482422,16.773332595825195,17.020000457763672,2310000,SOXX
2012-07-10,14.222135543823242,16.479999542236328,16.92333221435547,16.363332748413086,16.713333129882812,1207500,SOXX
2012-07-11,14.063922882080078,16.296667098999023,16.553333282470703,16.21666717529297,16.496667861938477,594900,SOXX
2012-07-12,13.842422485351562,16.040000915527344,16.163333892822266,15.893333435058594,16.163333892822266,803400,SOXX
2012-07-13,13.940225601196289,16.15333366394043,16.22333335876465,16.053333282470703,16.09000015258789,632700,SOXX
2012-07-16,13.810774803161621,16.003332138061523,16.113332748413086,15.890000343322754,16.113332748413086,567900,SOXX
2012-07-17,13.753246307373047,15.936667442321777,16.083332061767578,15.673333168029785,16.083332061767578,979500,SOXX
2012-07-18,14.222135543823242,16.479999542236328,16.579999923706055,15.850000381469727,15.893333435058594,1985400,SOXX
2012-07-19,14.506922721862793,16.809999465942383,16.953332901000977,16.706666946411133,16.709999084472656,1440900,SOXX
2012-07-20,14.265286445617676,16.530000686645508,16.850000381469727,16.530000686645508,16.793333053588867,1425300,SOXX
2012-07-23,14.147345542907715,16.393333435058594,16.463333129882812,16.0,16.21666717529297,1775100,SOXX
2012-07-24,14.081185340881348,16.316667556762695,16.476667404174805,16.156667709350586,16.476667404174805,712200,SOXX
2012-07-25,14.363092422485352,16.643333435058594,16.843332290649414,16.446666717529297,16.446666717529297,1102500,SOXX
2012-07-26,14.679522514343262,17.010000228881836,17.136667251586914,16.843332290649414,16.96666717529297,1387800,SOXX
2012-07-27,15.039107322692871,17.426666259765625,17.46666717529297,17.020000457763672,17.05666732788086,1870200,SOXX
2012-07-30,14.903899192810059,17.270000457763672,17.53333282470703,17.163333892822266,17.389999389648438,679800,SOXX
2012-07-31,15.013219833374023,17.39666748046875,17.593332290649414,17.329999923706055,17.333332061767578,1239000,SOXX
2012-08-01,15.010339736938477,17.393333435058594,17.553333282470703,17.27666664123535,17.48666763305664,1046700,SOXX
2012-08-02,14.921161651611328,17.290000915527344,17.56999969482422,17.14666748046875,17.206666946411133,656700,SOXX
2012-08-03,15.254857063293457,17.676666259765625,17.780000686645508,17.46666717529297,17.553333282470703,811800,SOXX
2012-08-06,15.306631088256836,17.73666763305664,17.876667022705078,17.71666717529297,17.71666717529297,288300,SOXX
2012-08-07,15.660459518432617,18.14666748046875,18.28333282470703,17.876667022705078,17.8799991607666,1024500,SOXX
2012-08-08,15.697856903076172,18.190000534057617,18.23666763305664,18.043333053588867,18.07666778564453,1240800,SOXX
2012-08-09,15.821550369262695,18.333332061767578,18.360000610351562,18.170000076293945,18.203332901000977,899400,SOXX
2012-08-10,15.902100563049316,18.426666259765625,18.426666259765625,18.26333236694336,18.26333236694336,636900,SOXX
2012-08-13,15.764019966125488,18.266666412353516,18.383333206176758,18.079999923706055,18.383333206176758,383400,SOXX
2012-08-14,15.64320182800293,18.126667022705078,18.40999984741211,18.049999237060547,18.406667709350586,1321500,SOXX
2012-08-15,15.732376098632812,18.229999542236328,18.31333351135254,18.01333236694336,18.06333351135254,418800,SOXX
2012-08-16,15.979766845703125,18.516666412353516,18.553333282470703,18.21666717529297,18.21666717529297,758700,SOXX
2012-08-17,15.864706993103027,18.383333206176758,18.503332138061523,18.32666778564453,18.503332138061523,238200,SOXX
2012-08-20,15.758269309997559,18.260000228881836,18.333332061767578,18.136667251586914,18.333332061767578,1309200,SOXX
2012-08-21,15.766892433166504,18.270000457763672,18.510000228881836,18.206666946411133,18.316667556762695,556200,SOXX
2012-08-22,15.65183162689209,18.136667251586914,18.25,18.02666664123535,18.25,1071600,SOXX
2012-08-23,15.562654495239258,18.03333282470703,18.10333251953125,17.92333221435547,18.066667556762695,320100,SOXX
2012-08-24,15.640327453613281,18.123332977294922,18.176666259765625,17.913333892822266,18.049999237060547,307500,SOXX
2012-08-27,15.57991886138916,18.053333282470703,18.206666946411133,17.98666763305664,18.176666259765625,390300,SOXX
2012-08-28,15.556902885437012,18.02666664123535,18.126667022705078,17.969999313354492,18.030000686645508,381000,SOXX
2012-08-29,15.574169158935547,18.046667098999023,18.123332977294922,17.916667938232422,18.03333282470703,483300,SOXX
2012-08-30,15.335402488708496,17.770000457763672,17.959999084472656,17.739999771118164,17.93000030517578,670200,SOXX
2012-08-31,15.519503593444824,17.983333587646484,18.073333740234375,17.753332138061523,17.916667938232422,691500,SOXX
2012-09-04,15.398683547973633,17.843332290649414,18.01333236694336,17.656667709350586,18.01333236694336,320400,SOXX
2012-09-05,15.315266609191895,17.746667861938477,17.94333267211914,17.68666648864746,17.836666107177734,226500,SOXX
2012-09-06,15.781279563903809,18.286666870117188,18.376667022705078,17.873332977294922,17.883333206176758,1041300,SOXX
2012-09-07,15.738128662109375,18.23666763305664,18.266666412353516,18.126667022705078,18.253332138061523,1990500,SOXX
2012-09-10,15.464849472045898,17.920000076293945,18.176666259765625,17.899999618530273,18.1200008392334,711000,SOXX
2012-09-11,15.565530776977539,18.036666870117188,18.106666564941406,17.906667709350586,17.956666946411133,377700,SOXX
2012-09-12,15.600055694580078,18.07666778564453,18.196666717529297,17.989999771118164,18.106666564941406,381300,SOXX
2012-09-13,15.738128662109375,18.23666763305664,18.30666732788086,17.90999984741211,18.046667098999023,1678500,SOXX
2012-09-14,15.945252418518066,18.476667404174805,18.666667938232422,18.333332061767578,18.360000610351562,512100,SOXX
2012-09-17,15.781279563903809,18.286666870117188,18.440000534057617,18.21666717529297,18.406667709350586,323700,SOXX
2012-09-18,15.715115547180176,18.209999084472656,18.270000457763672,18.166667938232422,18.22333335876465,513000,SOXX
2012-09-19,15.620186805725098,18.100000381469727,18.21666717529297,18.083332061767578,18.1299991607666,589500,SOXX
2012-09-20,15.467724800109863,17.92333221435547,18.036666870117188,17.833332061767578,18.003332138061523,1042800,SOXX
2012-09-21,15.4849853515625,17.94333267211914,18.133333206176758,17.94333267211914,18.059999465942383,210300,SOXX
2012-09-24,15.263484001159668,17.68666648864746,17.816667556762695,17.610000610351562,17.799999237060547,675600,SOXX
2012-09-25,14.883526802062988,17.170000076293945,17.713333129882812,17.15333366394043,17.709999084472656,732300,SOXX
2012-09-26,14.776611328125,17.046667098999023,17.079999923706055,16.81999969482422,17.023332595825195,1372800,SOXX
2012-09-27,15.111785888671875,17.433332443237305,17.469999313354492,17.066667556762695,17.18666648864746,854100,SOXX
2012-09-28,14.990432739257812,17.293333053588867,17.40999984741211,17.260000228881836,17.336666107177734,350700,SOXX
2012-10-01,14.932641983032227,17.226667404174805,17.46666717529297,17.183332443237305,17.389999389648438,254400,SOXX
2012-10-02,15.004880905151367,17.309999465942383,17.336666107177734,17.203332901000977,17.316667556762695,429000,SOXX
2012-10-03,14.958650588989258,17.25666618347168,17.356666564941406,17.190000534057617,17.34666633605957,568500,SOXX
2012-10-04,15.036659240722656,17.34666633605957,17.366666793823242,17.166667938232422,17.299999237060547,440100,SOXX
2012-10-05,15.019322395324707,17.32666778564453,17.616666793823242,17.296667098999023,17.40999984741211,750900,SOXX
2012-10-08,14.854626655578613,17.136667251586914,17.253332138061523,17.09666633605957,17.206666946411133,803400,SOXX
2012-10-09,14.626363754272461,16.873332977294922,17.133333206176758,16.823333740234375,17.1299991607666,819300,SOXX
2012-10-10,14.424098014831543,16.639999389648438,16.8700008392334,16.623332977294922,16.8700008392334,781800,SOXX
2012-10-11,14.467442512512207,16.690000534057617,16.836666107177734,16.67333221435547,16.836666107177734,514500,SOXX
2012-10-12,14.383647918701172,16.593332290649414,16.733333587646484,16.573333740234375,16.676666259765625,758100,SOXX
2012-10-15,14.57724380493164,16.816667556762695,16.856666564941406,16.656667709350586,16.656667709350586,577500,SOXX
2012-10-16,14.909527778625488,17.200000762939453,17.213333129882812,16.863332748413086,16.863332748413086,622500,SOXX
2012-10-17,14.880638122558594,17.166667938232422,17.260000228881836,17.01333236694336,17.043333053588867,432300,SOXX
2012-10-18,14.736157417297363,17.0,17.14666748046875,16.92333221435547,17.066667556762695,648600,SOXX
2012-10-19,14.294074058532715,16.489999771118164,16.996667861938477,16.489999771118164,16.996667861938477,918000,SOXX
2012-10-22,14.331635475158691,16.53333282470703,16.656667709350586,16.426666259765625,16.593332290649414,455400,SOXX
2012-10-23,14.366311073303223,16.573333740234375,16.600000381469727,16.28333282470703,16.350000381469727,508800,SOXX
2012-10-24,14.13515853881836,16.30666732788086,16.753332138061523,16.293333053588867,16.753332138061523,663300,SOXX
2012-10-25,14.343194961547852,16.546667098999023,16.55666732788086,16.356666564941406,16.49333381652832,387300,SOXX
2012-10-26,14.389427185058594,16.600000381469727,16.700000762939453,16.496667861938477,16.543333053588867,399300,SOXX
2012-10-31,14.415431022644043,16.6299991607666,16.746667861938477,16.543333053588867,16.600000381469727,785400,SOXX
2012-11-01,14.869073867797852,17.15333366394043,17.18666648864746,16.6299991607666,16.643333435058594,949200,SOXX
2012-11-02,14.591684341430664,16.833332061767578,17.206666946411133,16.833332061767578,17.15333366394043,707700,SOXX
2012-11-05,14.845954895019531,17.126667022705078,17.183332443237305,16.796667098999023,16.836666107177734,278700,SOXX
2012-11-06,15.068445205688477,17.383333206176758,17.416667938232422,17.136667251586914,17.166667938232422,663300,SOXX
2012-11-07,14.66103458404541,16.913333892822266,17.196666717529297,16.833332061767578,17.149999618530273,1223100,SOXX
2012-11-08,14.49344253540039,16.719999313354492,17.010000228881836,16.719999313354492,17.003332138061523,653100,SOXX
2012-11-09,14.510787010192871,16.739999771118164,16.953332901000977,16.676666259765625,16.68666648864746,426900,SOXX
2012-11-12,14.519453048706055,16.75,16.860000610351562,16.649999618530273,16.823333740234375,517800,SOXX
2012-11-13,14.409652709960938,16.623332977294922,16.770000457763672,16.60333251953125,16.64666748046875,417000,SOXX
2012-11-14,14.175609588623047,16.35333251953125,16.786666870117188,16.323333740234375,16.733333587646484,809400,SOXX
2012-11-15,13.999356269836426,16.149999618530273,16.43000030517578,16.10333251953125,16.40333366394043,899100,SOXX
2012-11-16,14.002240180969238,16.15333366394043,16.24333381652832,15.859999656677246,16.200000762939453,760500,SOXX
2012-11-19,14.285408020019531,16.479999542236328,16.479999542236328,16.286666870117188,16.383333206176758,401700,SOXX
2012-11-20,14.221842765808105,16.406667709350586,16.44333267211914,16.253332138061523,16.40333366394043,966900,SOXX
2012-11-21,14.27385139465332,16.46666717529297,16.479999542236328,16.3799991607666,16.43000030517578,398400,SOXX
2012-11-23,14.510787010192871,16.739999771118164,16.833332061767578,16.523332595825195,16.583332061767578,301800,SOXX
2012-11-26,14.57145881652832,16.809999465942383,16.85333251953125,16.68666648864746,16.72333335876465,231900,SOXX
2012-11-27,14.53967571258545,16.773332595825195,16.933332443237305,16.753332138061523,16.833332061767578,381000,SOXX
2012-11-28,14.692813873291016,16.950000762939453,16.976667404174805,16.530000686645508,16.690000534057617,463800,SOXX
2012-11-29,14.736157417297363,17.0,17.083332061767578,16.899999618530273,17.020000457763672,584400,SOXX
2012-11-30,14.715930938720703,16.976667404174805,17.073333740234375,16.933332443237305,17.023332595825195,308400,SOXX
2012-12-03,14.646589279174805,16.89666748046875,17.126667022705078,16.886667251586914,17.09666633605957,425400,SOXX
2012-12-04,14.736157417297363,17.0,17.059999465942383,16.836666107177734,16.889999389648438,679800,SOXX
2012-12-05,14.739048957824707,17.003332138061523,17.06333351135254,16.8700008392334,17.059999465942383,235500,SOXX
2012-12-06,14.883526802062988,17.170000076293945,17.190000534057617,16.97333335876465,16.97333335876465,677400,SOXX
2012-12-07,14.915304183959961,17.206666946411133,17.253332138061523,17.09666633605957,17.239999771118164,321300,SOXX
2012-12-10,15.013547897338867,17.31999969482422,17.363332748413086,17.203332901000977,17.203332901000977,436200,SOXX
2012-12-11,15.299596786499023,17.649999618530273,17.700000762939453,17.386667251586914,17.416667938232422,791400,SOXX
2012-12-12,15.24181079864502,17.583332061767578,17.73666763305664,17.55666732788086,17.69333267211914,1001100,SOXX
2012-12-13,15.097334861755371,17.416667938232422,17.72333335876465,17.363332748413086,17.546667098999023,304200,SOXX
2012-12-14,14.98176383972168,17.28333282470703,17.43666648864746,17.22333335876465,17.39666748046875,441600,SOXX
2012-12-17,15.045328140258789,17.356666564941406,17.446666717529297,17.226667404174805,17.316667556762695,705000,SOXX
2012-12-18,15.32849407196045,17.683332443237305,17.69333267211914,17.3700008392334,17.43000030517578,992400,SOXX
2012-12-19,15.348210334777832,17.643333435058594,17.78333282470703,17.60333251953125,17.60333251953125,1379400,SOXX
2012-12-20,15.319215774536133,17.610000610351562,17.65333366394043,17.476667404174805,17.649999618530273,543600,SOXX
2012-12-21,15.177129745483398,17.446666717529297,17.456666946411133,17.093332290649414,17.25,459000,SOXX
2012-12-24,15.107537269592285,17.366666793823242,17.446666717529297,17.309999465942383,17.420000076293945,238500,SOXX
2012-12-26,15.00894832611084,17.253332138061523,17.530000686645508,17.229999542236328,17.426666259765625,250200,SOXX
2012-12-27,14.930657386779785,17.163333892822266,17.24333381652832,16.969999313354492,17.23666763305664,485700,SOXX
2012-12-28,14.834965705871582,17.053333282470703,17.226667404174805,17.040000915527344,17.05666732788086,395700,SOXX
2012-12-31,15.090139389038086,17.34666633605957,17.389999389648438,17.016666412353516,17.053333282470703,470100,SOXX
2013-01-02,15.748373985290527,18.10333251953125,18.10333251953125,17.773332595825195,17.780000686645508,2020500,SOXX
2013-01-03,15.641085624694824,17.979999542236328,18.123332977294922,17.920000076293945,18.086666107177734,502800,SOXX
2013-01-04,15.632389068603516,17.969999313354492,18.023332595825195,17.8700008392334,18.020000457763672,403800,SOXX
2013-01-07,15.577296257019043,17.906667709350586,17.979999542236328,17.793333053588867,17.920000076293945,642300,SOXX
2013-01-08,15.397509574890137,17.700000762939453,17.92333221435547,17.683332443237305,17.883333206176758,913800,SOXX
2013-01-09,15.545402526855469,17.8700008392334,17.883333206176758,17.760000228881836,17.793333053588867,256500,SOXX
2013-01-10,15.771576881408691,18.1299991607666,18.15333366394043,17.98666763305664,18.073333740234375,572100,SOXX
2013-01-11,15.846970558166504,18.21666717529297,18.239999771118164,18.100000381469727,18.100000381469727,577800,SOXX
2013-01-14,15.820870399475098,18.18666648864746,18.229999542236328,18.040000915527344,18.133333206176758,838800,SOXX
2013-01-15,15.733880996704102,18.086666107177734,18.1299991607666,18.003332138061523,18.1299991607666,436800,SOXX
2013-01-16,15.922351837158203,18.303333282470703,18.336666107177734,18.059999465942383,18.059999465942383,797400,SOXX
2013-01-17,16.22393035888672,18.649999618530273,18.68666648864746,18.3700008392334,18.42333221435547,1734900,SOXX
2013-01-18,16.154329299926758,18.56999969482422,18.633333206176758,18.48666763305664,18.549999237060547,974100,SOXX
2013-01-22,16.099245071411133,18.50666618347168,18.579999923706055,18.413333892822266,18.579999923706055,456000,SOXX
2013-01-23,16.279022216796875,18.713333129882812,18.733333587646484,18.543333053588867,18.600000381469727,853500,SOXX
2013-01-24,16.125341415405273,18.536666870117188,18.709999084472656,18.413333892822266,18.463333129882812,597300,SOXX
2013-01-25,16.33122444152832,18.773332595825195,18.866666793823242,18.649999618530273,18.666667938232422,835500,SOXX
2013-01-28,16.37181854248047,18.81999969482422,18.886667251586914,18.76333236694336,18.786666870117188,534000,SOXX
2013-01-29,16.26742935180664,18.700000762939453,18.790000915527344,18.639999389648438,18.790000915527344,616800,SOXX
2013-01-30,16.28482437133789,18.719999313354492,18.833332061767578,18.663333892822266,18.676666259765625,469800,SOXX
2013-01-31,16.244226455688477,18.67333221435547,18.833332061767578,18.639999389648438,18.75666618347168,565800,SOXX
2013-02-01,16.5602970123291,19.036666870117188,19.046667098999023,18.760000228881836,18.766666412353516,762000,SOXX
2013-02-04,16.305126190185547,18.74333381652832,19.073333740234375,18.739999771118164,18.893333435058594,1051800,SOXX
2013-02-05,16.5602970123291,19.036666870117188,19.083332061767578,18.833332061767578,18.84666633605957,485400,SOXX
2013-02-06,16.600893020629883,19.083332061767578,19.10333251953125,18.920000076293945,18.920000076293945,402600,SOXX
2013-02-07,16.510997772216797,18.979999542236328,19.09666633605957,18.81999969482422,19.06333351135254,558300,SOXX
2013-02-08,16.713985443115234,19.213333129882812,19.25,19.023332595825195,19.023332595825195,744900,SOXX
2013-02-11,16.754581451416016,19.260000228881836,19.30666732788086,19.156667709350586,19.246667861938477,437700,SOXX
2013-02-12,16.783580780029297,19.293333053588867,19.32666778564453,19.206666946411133,19.233333587646484,989400,SOXX
2013-02-13,16.8183650970459,19.333332061767578,19.43000030517578,19.246667861938477,19.333332061767578,368700,SOXX
2013-02-14,16.99236488342285,19.53333282470703,19.543333053588867,19.25,19.270000457763672,556200,SOXX
2013-02-15,16.89955711364746,19.426666259765625,19.586666107177734,19.343332290649414,19.540000915527344,232500,SOXX
2013-02-19,17.093843460083008,19.649999618530273,19.663333892822266,19.440000534057617,19.446666717529297,530400,SOXX
2013-02-20,16.72848129272461,19.229999542236328,19.67333221435547,19.21666717529297,19.666667938232422,914700,SOXX
2013-02-21,16.415306091308594,18.8700008392334,19.17333221435547,18.73666763305664,19.17333221435547,527700,SOXX
2013-02-22,16.760377883911133,19.266666412353516,19.27666664123535,18.99333381652832,19.046667098999023,624000,SOXX
2013-02-25,16.4414119720459,18.899999618530273,19.43666648864746,18.89666748046875,19.3700008392334,836100,SOXX
2013-02-26,16.551605224609375,19.02666664123535,19.073333740234375,18.873332977294922,19.016666412353516,403500,SOXX
2013-02-27,16.824172973632812,19.34000015258789,19.433332443237305,19.036666870117188,19.139999389648438,688500,SOXX
2013-02-28,16.83577537536621,19.35333251953125,19.49333381652832,19.309999465942383,19.35333251953125,536100,SOXX
2013-03-01,16.76618003845215,19.273332595825195,19.34000015258789,19.020000457763672,19.219999313354492,521400,SOXX
2013-03-04,16.719785690307617,19.219999313354492,19.25666618347168,19.083332061767578,19.21666717529297,468000,SOXX
2013-03-05,17.047452926635742,19.59666633605957,19.643333435058594,19.376667022705078,19.376667022705078,457800,SOXX
2013-03-06,17.067750930786133,19.6200008392334,19.733333587646484,19.573333740234375,19.65999984741211,528000,SOXX
2013-03-07,17.146038055419922,19.709999084472656,19.803333282470703,19.649999618530273,19.666667938232422,411300,SOXX
2013-03-08,17.16923713684082,19.73666763305664,19.82666778564453,19.566667556762695,19.78333282470703,555000,SOXX
2013-03-11,17.18663787841797,19.75666618347168,19.78333282470703,19.56999969482422,19.719999313354492,528900,SOXX
2013-03-12,17.25912857055664,19.84000015258789,19.860000610351562,19.683332443237305,19.733333587646484,1022700,SOXX
2013-03-13,17.311321258544922,19.899999618530273,19.959999084472656,19.733333587646484,19.843332290649414,722400,SOXX
2013-03-14,17.401222229003906,20.003332138061523,20.100000381469727,19.976667404174805,20.023332595825195,601200,SOXX
2013-03-15,17.117046356201172,19.676666259765625,20.020000457763672,19.626667022705078,20.020000457763672,742800,SOXX
2013-03-18,16.89955711364746,19.426666259765625,19.59666633605957,19.329999923706055,19.47333335876465,379200,SOXX
2013-03-19,16.82996940612793,19.34666633605957,19.543333053588867,19.176666259765625,19.50666618347168,1109400,SOXX
2013-03-20,17.053253173828125,19.60333251953125,19.613332748413086,19.433332443237305,19.456666946411133,973500,SOXX
2013-03-21,16.77777671813965,19.286666870117188,19.489999771118164,19.26333236694336,19.48666763305664,1679100,SOXX
2013-03-22,16.963361740112305,19.5,19.583332061767578,19.3799991607666,19.44333267211914,282300,SOXX
2013-03-25,16.94561195373535,19.413333892822266,19.56999969482422,19.286666870117188,19.5,426900,SOXX
2013-03-26,17.076539993286133,19.56333351135254,19.579999923706055,19.426666259765625,19.51333236694336,154800,SOXX
2013-03-27,17.11145782470703,19.60333251953125,19.6299991607666,19.343332290649414,19.463333129882812,264300,SOXX
2013-03-28,17.22784423828125,19.73666763305664,19.753332138061523,19.523332595825195,19.57666778564453,405000,SOXX
2013-04-01,16.875774383544922,19.333332061767578,19.78333282470703,19.28333282470703,19.78333282470703,281700,SOXX
2013-04-02,16.727394104003906,19.163333892822266,19.44333267211914,19.09000015258789,19.44333267211914,392100,SOXX
2013-04-03,16.389873504638672,18.77666664123535,19.21666717529297,18.713333129882812,19.166667938232422,1171200,SOXX
2013-04-04,16.605182647705078,19.023332595825195,19.030000686645508,18.690000534057617,18.790000915527344,350400,SOXX
2013-04-05,16.517894744873047,18.92333221435547,18.950000762939453,18.579999923706055,18.683332443237305,570600,SOXX
2013-04-08,16.718660354614258,19.15333366394043,19.156667709350586,18.773332595825195,18.953332901000977,303000,SOXX
2013-04-09,16.878692626953125,19.336666107177734,19.47333335876465,19.059999465942383,19.093332290649414,197700,SOXX
2013-04-10,17.256938934326172,19.770000457763672,19.77666664123535,19.386667251586914,19.386667251586914,531300,SOXX
2013-04-11,17.17547035217285,19.676666259765625,19.803333282470703,19.56333351135254,19.639999389648438,382200,SOXX
2013-04-12,17.105640411376953,19.59666633605957,19.626667022705078,19.373332977294922,19.543333053588867,226500,SOXX
2013-04-15,16.68956184387207,19.1200008392334,19.516666412353516,19.093332290649414,19.416667938232422,498600,SOXX
2013-04-16,17.03289031982422,19.51333236694336,19.52666664123535,19.209999084472656,19.273332595825195,211500,SOXX
2013-04-17,16.462608337402344,18.860000610351562,19.27666664123535,18.786666870117188,19.27666664123535,599400,SOXX
2013-04-18,16.322954177856445,18.700000762939453,19.18000030517578,18.643333435058594,19.06999969482422,1368300,SOXX
2013-04-19,16.445154190063477,18.84000015258789,18.893333435058594,18.549999237060547,18.706666946411133,564900,SOXX
2013-04-22,16.622644424438477,19.043333053588867,19.106666564941406,18.656667709350586,18.963333129882812,298500,SOXX
2013-04-23,16.965972900390625,19.43666648864746,19.476667404174805,19.17333221435547,19.206666946411133,365100,SOXX
2013-04-24,17.184202194213867,19.68666648864746,19.74333381652832,19.383333206176758,19.42333221435547,685800,SOXX
2013-04-25,17.352949142456055,19.8799991607666,19.996667861938477,19.746667861938477,19.799999237060547,503100,SOXX
2013-04-26,17.184202194213867,19.68666648864746,19.770000457763672,19.6200008392334,19.770000457763672,1923300,SOXX
2013-04-29,17.396610260009766,19.93000030517578,19.976667404174805,19.696666717529297,19.726667404174805,397500,SOXX
2013-04-30,17.530441284179688,20.083332061767578,20.093332290649414,19.823333740234375,19.959999084472656,1945800,SOXX
2013-05-01,17.393695831298828,19.926666259765625,20.110000610351562,19.90333366394043,20.079999923706055,608700,SOXX
2013-05-02,17.623552322387695,20.190000534057617,20.229999542236328,19.94333267211914,20.086666107177734,827700,SOXX
2013-05-03,17.760299682617188,20.34666633605957,20.523332595825195,20.34666633605957,20.393333435058594,1022400,SOXX
2013-05-06,17.899965286254883,20.50666618347168,20.613332748413086,20.42333221435547,20.489999771118164,738000,SOXX
2013-05-07,17.914514541625977,20.523332595825195,20.613332748413086,20.416667938232422,20.613332748413086,638700,SOXX
2013-05-08,18.10654640197754,20.74333381652832,20.803333282470703,20.543333053588867,20.543333053588867,747300,SOXX
2013-05-09,18.24038314819336,20.89666748046875,20.989999771118164,20.709999084472656,20.770000457763672,957000,SOXX
2013-05-10,18.400421142578125,21.079999923706055,21.093332290649414,20.916667938232422,20.920000076293945,349200,SOXX
2013-05-13,18.222930908203125,20.876667022705078,21.053333282470703,20.850000381469727,20.983333587646484,507000,SOXX
2013-05-14,18.30730628967285,20.97333335876465,21.010000228881836,20.84666633605957,20.940000534057617,153600,SOXX
2013-05-15,18.484792709350586,21.176666259765625,21.25,20.963333129882812,20.963333129882812,151800,SOXX
2013-05-16,18.353866577148438,21.02666664123535,21.28333282470703,21.010000228881836,21.209999084472656,318000,SOXX
2013-05-17,18.589548110961914,21.296667098999023,21.31333351135254,21.093332290649414,21.133333206176758,195000,SOXX
2013-05-20,18.55463409423828,21.25666618347168,21.373332977294922,21.21666717529297,21.303333282470703,962400,SOXX
2013-05-21,18.551719665527344,21.253332138061523,21.31999969482422,21.21666717529297,21.273332595825195,886200,SOXX
2013-05-22,18.257844924926758,20.916667938232422,21.46666717529297,20.81999969482422,21.329999923706055,1495500,SOXX
2013-05-23,18.260753631591797,20.920000076293945,20.946666717529297,20.55666732788086,20.616666793823242,1573500,SOXX
2013-05-24,18.254940032958984,20.913333892822266,20.913333892822266,20.706666946411133,20.863332748413086,746700,SOXX
2013-05-28,18.4207820892334,21.10333251953125,21.266666412353516,21.053333282470703,21.139999389648438,457200,SOXX
2013-05-29,18.490619659423828,21.183332443237305,21.25,20.969999313354492,20.99333381652832,215400,SOXX
2013-05-30,18.775766372680664,21.510000228881836,21.59000015258789,21.253332138061523,21.28333282470703,1004700,SOXX
2013-05-31,18.5284366607666,21.226667404174805,21.553333282470703,21.226667404174805,21.40999984741211,1761300,SOXX
2013-06-03,18.59536361694336,21.303333282470703,21.489999771118164,21.066667556762695,21.32666778564453,531300,SOXX
2013-06-04,18.679744720458984,21.399999618530273,21.623332977294922,21.329999923706055,21.393333435058594,562500,SOXX
2013-06-05,18.394596099853516,21.073333740234375,21.366666793823242,21.059999465942383,21.34000015258789,349800,SOXX
2013-06-06,18.368408203125,21.043333053588867,21.22333335876465,20.860000610351562,21.093332290649414,230400,SOXX
2013-06-07,18.64191436767578,21.356666564941406,21.383333206176758,21.03333282470703,21.163333892822266,298800,SOXX
2013-06-10,18.755395889282227,21.48666763305664,21.516666412353516,21.31333351135254,21.399999618530273,129300,SOXX
2013-06-11,18.333499908447266,21.003332138061523,21.31999969482422,20.989999771118164,21.30666732788086,1291500,SOXX
2013-06-12,18.121095657348633,20.760000228881836,21.239999771118164,20.739999771118164,21.196666717529297,351300,SOXX
2013-06-13,18.490619659423828,21.183332443237305,21.213333129882812,20.706666946411133,20.753332138061523,386400,SOXX
2013-06-14,18.41496467590332,21.09666633605957,21.290000915527344,21.06333351135254,21.233333587646484,168000,SOXX
2013-06-17,18.682649612426758,21.40333366394043,21.540000915527344,21.303333282470703,21.35333251953125,243900,SOXX
2013-06-18,18.991073608398438,21.75666618347168,21.773332595825195,21.5,21.5,670500,SOXX
2013-06-19,18.767024993896484,21.5,21.850000381469727,21.49333381652832,21.77666664123535,2561700,SOXX
2013-06-20,18.173471450805664,20.81999969482422,21.239999771118164,20.78333282470703,21.229999542236328,386400,SOXX
2013-06-21,18.252023696899414,20.90999984741211,21.040000915527344,20.64666748046875,21.040000915527344,307500,SOXX
2013-06-24,17.862138748168945,20.463333129882812,20.760000228881836,20.309999465942383,20.760000228881836,693300,SOXX
2013-06-25,18.298582077026367,20.963333129882812,21.010000228881836,20.643333435058594,20.719999313354492,312900,SOXX
2013-06-26,18.39217758178711,21.02666664123535,21.226667404174805,20.90333366394043,21.196666717529297,250500,SOXX
2013-06-27,18.45632553100586,21.100000381469727,21.27666664123535,21.100000381469727,21.183332443237305,1718700,SOXX
2013-06-28,18.520462036132812,21.17333221435547,21.309999465942383,20.940000534057617,21.126667022705078,600600,SOXX
2013-07-01,18.497146606445312,21.14666748046875,21.383333206176758,21.136667251586914,21.273332595825195,331800,SOXX
2013-07-02,18.52337646484375,21.176666259765625,21.386667251586914,21.040000915527344,21.126667022705078,1409100,SOXX
2013-07-03,18.607934951782227,21.273332595825195,21.366666793823242,21.106666564941406,21.106666564941406,212700,SOXX
2013-07-05,18.849933624267578,21.549999237060547,21.573333740234375,21.31999969482422,21.459999084472656,358800,SOXX
2013-07-08,18.473812103271484,21.1200008392334,21.643333435058594,21.059999465942383,21.633333206176758,1793100,SOXX
2013-07-09,18.672080993652344,21.34666633605957,21.39666748046875,21.26333236694336,21.32666778564453,232500,SOXX
2013-07-10,18.864521026611328,21.566667556762695,21.610000610351562,21.329999923706055,21.333332061767578,324900,SOXX
2013-07-11,19.2756290435791,22.036666870117188,22.053333282470703,21.809999465942383,21.916667938232422,431400,SOXX
2013-07-12,19.380596160888672,22.156667709350586,22.200000762939453,22.059999465942383,22.106666564941406,310500,SOXX
2013-07-15,19.380596160888672,22.156667709350586,22.209999084472656,22.1200008392334,22.209999084472656,977400,SOXX
2013-07-16,19.45640754699707,22.24333381652832,22.323333740234375,22.143333435058594,22.190000534057617,156900,SOXX
2013-07-17,19.462236404418945,22.25,22.336666107177734,22.190000534057617,22.24333381652832,314700,SOXX
2013-07-18,19.298961639404297,22.06333351135254,22.253332138061523,21.99333381652832,22.166667938232422,385500,SOXX
2013-07-19,19.24938201904297,22.00666618347168,22.016666412353516,21.836666107177734,21.96666717529297,226500,SOXX
2013-07-22,19.211484909057617,21.963333129882812,22.043333053588867,21.886667251586914,22.043333053588867,273600,SOXX
2013-07-23,19.156085968017578,21.899999618530273,22.190000534057617,21.856666564941406,22.049999237060547,1033500,SOXX
2013-07-24,18.797456741333008,21.489999771118164,21.989999771118164,21.46666717529297,21.963333129882812,880500,SOXX
2013-07-25,18.893674850463867,21.600000381469727,21.6200008392334,21.356666564941406,21.483333587646484,1026000,SOXX
2013-07-26,18.744977951049805,21.43000030517578,21.440000534057617,21.316667556762695,21.440000534057617,281100,SOXX
2013-07-29,18.625431060791016,21.293333053588867,21.463333129882812,21.25,21.356666564941406,198600,SOXX
2013-07-30,18.849933624267578,21.549999237060547,21.59666633605957,21.360000610351562,21.360000610351562,138600,SOXX
2013-07-31,18.943241119384766,21.656667709350586,21.773332595825195,21.559999465942383,21.559999465942383,538800,SOXX
2013-08-01,19.272708892822266,22.03333282470703,22.046667098999023,21.823333740234375,21.863332748413086,181500,SOXX
2013-08-02,19.16775131225586,21.913333892822266,21.979999542236328,21.770000457763672,21.979999542236328,89700,SOXX
2013-08-05,19.12692642211914,21.866666793823242,21.89666748046875,21.80666732788086,21.836666107177734,94200,SOXX
2013-08-06,19.010303497314453,21.733333587646484,21.803333282470703,21.633333206176758,21.803333282470703,783600,SOXX
2013-08-07,18.803287506103516,21.496667861938477,21.666667938232422,21.40999984741211,21.666667938232422,372000,SOXX
2013-08-08,18.81203269958496,21.50666618347168,21.6200008392334,21.389999389648438,21.593332290649414,171900,SOXX
2013-08-09,18.715818405151367,21.39666748046875,21.50666618347168,21.366666793823242,21.46666717529297,103200,SOXX
2013-08-12,18.78579330444336,21.476667404174805,21.543333053588867,21.273332595825195,21.323333740234375,137400,SOXX
2013-08-13,19.00738525390625,21.729999542236328,21.760000228881836,21.40999984741211,21.616666793823242,231600,SOXX
2013-08-14,18.71873664855957,21.399999618530273,21.59000015258789,21.373332977294922,21.546667098999023,245700,SOXX
2013-08-15,18.295957565307617,20.916667938232422,21.176666259765625,20.90333366394043,21.123332977294922,300000,SOXX
2013-08-16,18.3601016998291,20.989999771118164,21.170000076293945,20.866666793823242,20.953332901000977,135000,SOXX
2013-08-19,18.228885650634766,20.84000015258789,21.046667098999023,20.829999923706055,20.94333267211914,607800,SOXX
2013-08-20,18.357192993164062,20.98666763305664,21.043333053588867,20.850000381469727,20.850000381469727,125100,SOXX
2013-08-21,18.217233657836914,20.82666778564453,20.996667861938477,20.816667556762695,20.89666748046875,218100,SOXX
2013-08-22,18.41842269897461,21.05666732788086,21.100000381469727,20.893333435058594,20.893333435058594,276300,SOXX
2013-08-23,18.41842269897461,21.05666732788086,21.15999984741211,20.959999084472656,21.09000015258789,170700,SOXX
2013-08-26,18.38343048095703,21.016666412353516,21.149999618530273,21.010000228881836,21.049999237060547,111900,SOXX
2013-08-27,17.93149757385254,20.5,20.816667556762695,20.456666946411133,20.816667556762695,624000,SOXX
2013-08-28,18.16475486755371,20.766666412353516,20.833332061767578,20.55666732788086,20.55666732788086,132900,SOXX
2013-08-29,18.354267120361328,20.983333587646484,21.023332595825195,20.75666618347168,20.786666870117188,319500,SOXX
2013-08-30,18.196819305419922,20.803333282470703,20.99333381652832,20.733333587646484,20.99333381652832,256800,SOXX
2013-09-03,18.34844398498535,20.976667404174805,21.24333381652832,20.883333206176758,21.053333282470703,878100,SOXX
2013-09-04,18.81203269958496,21.50666618347168,21.553333282470703,21.06999969482422,21.106666564941406,1049700,SOXX
2013-09-05,18.954904556274414,21.670000076293945,21.713333129882812,21.573333740234375,21.573333740234375,165300,SOXX
2013-09-06,18.8674259185791,21.56999969482422,21.746667861938477,21.416667938232422,21.733333587646484,282000,SOXX
2013-09-09,19.118173599243164,21.856666564941406,21.920000076293945,21.626667022705078,21.626667022705078,277500,SOXX
2013-09-10,19.49138641357422,22.28333282470703,22.290000915527344,21.976667404174805,21.976667404174805,156900,SOXX
2013-09-11,19.438915252685547,22.22333335876465,22.27666664123535,22.02666664123535,22.176666259765625,844200,SOXX
2013-09-12,19.31061363220215,22.07666778564453,22.253332138061523,22.06333351135254,22.21666717529297,121200,SOXX
2013-09-13,19.401002883911133,22.18000030517578,22.183332443237305,21.979999542236328,22.066667556762695,102300,SOXX
2013-09-16,19.46514320373535,22.253332138061523,22.459999084472656,22.24333381652832,22.350000381469727,238500,SOXX
2013-09-17,19.599271774291992,22.406667709350586,22.456666946411133,22.329999923706055,22.389999389648438,231300,SOXX
2013-09-18,19.77420997619629,22.606666564941406,22.639999389648438,22.323333740234375,22.43666648864746,323700,SOXX
2013-09-19,19.715904235839844,22.540000915527344,22.676666259765625,22.46666717529297,22.65999984741211,108900,SOXX
2013-09-20,19.60801887512207,22.416667938232422,22.663333892822266,22.393333435058594,22.593332290649414,93000,SOXX
2013-09-23,19.526378631591797,22.323333740234375,22.573333740234375,22.233333587646484,22.573333740234375,673500,SOXX
2013-09-24,19.649675369262695,22.363332748413086,22.459999084472656,22.209999084472656,22.299999237060547,173100,SOXX
2013-09-25,19.670185089111328,22.386667251586914,22.50666618347168,22.246667861938477,22.3799991607666,100500,SOXX
2013-09-26,19.658462524414062,22.373332977294922,22.51333236694336,22.296667098999023,22.43666648864746,91200,SOXX
2013-09-27,19.50031089782715,22.19333267211914,22.28333282470703,22.14666748046875,22.26333236694336,170100,SOXX
2013-09-30,19.52082061767578,22.21666717529297,22.28333282470703,21.920000076293945,22.00666618347168,408600,SOXX
2013-10-01,19.70825958251953,22.43000030517578,22.469999313354492,22.213333129882812,22.253332138061523,156000,SOXX
2013-10-02,19.673112869262695,22.389999389648438,22.393333435058594,22.24333381652832,22.273332595825195,97500,SOXX
2013-10-03,19.623323440551758,22.333332061767578,22.510000228881836,22.116666793823242,22.406667709350586,164400,SOXX
2013-10-04,19.77269172668457,22.503332138061523,22.559999465942383,22.356666564941406,22.386667251586914,180000,SOXX
2013-10-07,19.673112869262695,22.389999389648438,22.53333282470703,22.253332138061523,22.303333282470703,273300,SOXX
2013-10-08,19.359724044799805,22.03333282470703,22.459999084472656,21.950000762939453,22.420000076293945,934800,SOXX
2013-10-09,19.289426803588867,21.953332901000977,22.066667556762695,21.726667404174805,22.066667556762695,974100,SOXX
2013-10-10,19.719970703125,22.44333267211914,22.479999542236328,22.166667938232422,22.166667938232422,1054500,SOXX
2013-10-11,19.758052825927734,22.48666763305664,22.55666732788086,22.28333282470703,22.34666633605957,198600,SOXX
2013-10-14,19.91328239440918,22.663333892822266,22.69333267211914,22.333332061767578,22.35333251953125,279000,SOXX
2013-10-15,19.734617233276367,22.459999084472656,22.706666946411133,22.440000534057617,22.633333206176758,278400,SOXX
2013-10-16,19.922067642211914,22.67333221435547,22.696666717529297,22.48666763305664,22.49333381652832,349500,SOXX
2013-10-17,20.06850814819336,22.84000015258789,22.84000015258789,22.453332901000977,22.530000686645508,116100,SOXX
2013-10-18,20.124155044555664,22.90333366394043,22.916667938232422,22.713333129882812,22.863332748413086,198900,SOXX
2013-10-21,20.17394256591797,22.959999084472656,22.98666763305664,22.883333206176758,22.93000030517578,189300,SOXX
2013-10-22,20.127084732055664,22.906667709350586,23.003332138061523,22.799999237060547,23.0,215700,SOXX
2013-10-23,19.462230682373047,22.149999618530273,22.559999465942383,22.049999237060547,22.553333282470703,336900,SOXX
2013-10-24,19.635028839111328,22.34666633605957,22.440000534057617,22.293333053588867,22.34666633605957,252600,SOXX
2013-10-25,19.696542739868164,22.416667938232422,22.459999084472656,22.35333251953125,22.426666259765625,1077000,SOXX
2013-10-28,19.83127212524414,22.56999969482422,22.600000381469727,22.413333892822266,22.469999313354492,116100,SOXX
2013-10-29,20.150524139404297,22.933332443237305,22.933332443237305,22.639999389648438,22.639999389648438,831000,SOXX
2013-10-30,20.03921890258789,22.80666732788086,22.97333335876465,22.73666763305664,22.94333267211914,108300,SOXX
2013-10-31,20.171018600463867,22.956666946411133,23.073333740234375,22.843332290649414,22.84666633605957,416700,SOXX
2013-11-01,20.083152770996094,22.856666564941406,23.043333053588867,22.77666664123535,23.020000457763672,209700,SOXX
2013-11-04,20.06850814819336,22.84000015258789,22.916667938232422,22.803333282470703,22.916667938232422,232500,SOXX
2013-11-05,20.021638870239258,22.786666870117188,22.860000610351562,22.59000015258789,22.69333267211914,441600,SOXX
2013-11-06,20.062646865844727,22.833332061767578,22.933332443237305,22.73666763305664,22.883333206176758,156300,SOXX
2013-11-07,19.70825958251953,22.43000030517578,22.850000381469727,22.39666748046875,22.850000381469727,244800,SOXX
2013-11-08,19.922067642211914,22.67333221435547,22.68000030517578,22.42333221435547,22.456666946411133,181500,SOXX
2013-11-11,19.922067642211914,22.67333221435547,22.739999771118164,22.56999969482422,22.739999771118164,42000,SOXX
2013-11-12,20.045074462890625,22.81333351135254,22.81333351135254,22.57666778564453,22.57666778564453,362100,SOXX
2013-11-13,20.206165313720703,22.996667861938477,23.016666412353516,22.68000030517578,22.683332443237305,174900,SOXX
2013-11-14,20.12122917175293,22.899999618530273,22.976667404174805,22.856666564941406,22.946666717529297,110400,SOXX
2013-11-15,20.25009536743164,23.046667098999023,23.083332061767578,22.82666778564453,22.950000762939453,105900,SOXX
2013-11-18,20.06850814819336,22.84000015258789,23.083332061767578,22.799999237060547,23.083332061767578,201000,SOXX
2013-11-19,19.837133407592773,22.57666778564453,22.889999389648438,22.559999465942383,22.873332977294922,162300,SOXX
2013-11-20,19.73169708251953,22.456666946411133,22.636667251586914,22.43000030517578,22.586666107177734,178500,SOXX
2013-11-21,20.08901596069336,22.863332748413086,22.8799991607666,22.53333282470703,22.53333282470703,124500,SOXX
2013-11-22,20.115371704101562,22.893333435058594,22.90999984741211,22.766666412353516,22.829999923706055,81900,SOXX
2013-11-25,20.08901596069336,22.863332748413086,22.906667709350586,22.700000762939453,22.899999618530273,74700,SOXX
2013-11-26,20.258882522583008,23.05666732788086,23.09666633605957,22.8799991607666,22.8799991607666,166200,SOXX
2013-11-27,20.314537048339844,23.1200008392334,23.14666748046875,22.916667938232422,22.983333587646484,1223400,SOXX
2013-11-29,20.346752166748047,23.156667709350586,23.233333587646484,23.123332977294922,23.126667022705078,117600,SOXX
2013-12-02,20.296955108642578,23.100000381469727,23.219999313354492,23.073333740234375,23.15333366394043,175200,SOXX
2013-12-03,20.367250442504883,23.18000030517578,23.25666618347168,23.043333053588867,23.043333053588867,682500,SOXX
2013-12-04,20.273529052734375,23.073333740234375,23.233333587646484,22.92333221435547,23.133333206176758,844500,SOXX
2013-12-05,20.314537048339844,23.1200008392334,23.226667404174805,23.083332061767578,23.09666633605957,149700,SOXX
2013-12-06,20.551769256591797,23.389999389648438,23.44333267211914,23.350000381469727,23.363332748413086,279000,SOXX
2013-12-09,20.598630905151367,23.44333267211914,23.540000915527344,23.416667938232422,23.49333381652832,190800,SOXX
2013-12-10,20.542987823486328,23.3799991607666,23.48666763305664,23.343332290649414,23.426666259765625,130800,SOXX
2013-12-11,20.364322662353516,23.176666259765625,23.43666648864746,23.133333206176758,23.399999618530273,322800,SOXX
2013-12-12,20.197378158569336,22.98666763305664,23.190000534057617,22.940000534057617,23.166667938232422,168600,SOXX
2013-12-13,20.156375885009766,22.940000534057617,23.06333351135254,22.893333435058594,23.059999465942383,137700,SOXX
2013-12-16,20.40533447265625,23.22333335876465,23.366666793823242,23.093332290649414,23.21666717529297,281700,SOXX
2013-12-17,20.619136810302734,23.46666717529297,23.523332595825195,23.24333381652832,23.24333381652832,166500,SOXX
2013-12-18,20.727497100830078,23.59000015258789,23.65333366394043,23.126667022705078,23.479999542236328,381000,SOXX
2013-12-19,20.642562866210938,23.49333381652832,23.600000381469727,23.399999618530273,23.600000381469727,192000,SOXX
2013-12-20,20.827077865600586,23.703332901000977,23.753332138061523,23.510000228881836,23.510000228881836,908400,SOXX
2013-12-23,20.982524871826172,23.803333282470703,23.829999923706055,23.696666717529297,23.719999313354492,435300,SOXX
2013-12-24,21.029529571533203,23.856666564941406,23.940000534057617,23.833332061767578,23.836666107177734,77100,SOXX
2013-12-26,21.111814498901367,23.950000762939453,24.0,23.906667709350586,23.956666946411133,252600,SOXX
2013-12-27,21.12943458557129,23.969999313354492,24.03333282470703,23.959999084472656,23.969999313354492,1479600,SOXX
2013-12-30,21.164697647094727,24.010000228881836,24.07666778564453,23.959999084472656,23.979999542236328,270900,SOXX
2013-12-31,21.3644962310791,24.23666763305664,24.24333381652832,24.10333251953125,24.10333251953125,887100,SOXX
2014-01-02,21.07067108154297,23.90333366394043,24.09000015258789,23.803333282470703,24.09000015258789,865800,SOXX
2014-01-03,21.00895881652832,23.833332061767578,23.899999618530273,23.739999771118164,23.899999618530273,427800,SOXX
2014-01-06,20.9061222076416,23.71666717529297,23.84000015258789,23.67333221435547,23.84000015258789,737400,SOXX
2014-01-07,21.05009651184082,23.8799991607666,23.916667938232422,23.733333587646484,23.76333236694336,394800,SOXX
2014-01-08,21.3644962310791,24.23666763305664,24.260000228881836,24.0,24.066667556762695,342600,SOXX
2014-01-09,21.205833435058594,24.05666732788086,24.290000915527344,23.96666717529297,24.290000915527344,213300,SOXX
2014-01-10,21.30279541015625,24.166667938232422,24.203332901000977,24.049999237060547,24.073333740234375,156000,SOXX
2014-01-13,21.061845779418945,23.893333435058594,24.203332901000977,23.816667556762695,24.126667022705078,543000,SOXX
2014-01-14,21.51435089111328,24.406667709350586,24.453332901000977,23.953332901000977,23.953332901000977,383100,SOXX
2014-01-15,21.705339431762695,24.623332977294922,24.706666946411133,24.503332138061523,24.540000915527344,759000,SOXX
2014-01-16,21.593692779541016,24.496667861938477,24.626667022705078,24.450000762939453,24.549999237060547,601800,SOXX
2014-01-17,21.47615623474121,24.363332748413086,24.520000457763672,24.30666732788086,24.373332977294922,545400,SOXX
2014-01-21,21.593692779541016,24.496667861938477,24.510000228881836,24.309999465942383,24.456666946411133,510900,SOXX
2014-01-22,21.825820922851562,24.760000228881836,24.796667098999023,24.446666717529297,24.49333381652832,448200,SOXX
2014-01-23,21.608375549316406,24.51333236694336,24.639999389648438,24.383333206176758,24.626667022705078,285600,SOXX
2014-01-24,21.105934143066406,23.94333267211914,24.406667709350586,23.926666259765625,24.366666793823242,1125900,SOXX
2014-01-27,20.959009170532227,23.77666664123535,24.040000915527344,23.633333206176758,23.99333381652832,824700,SOXX
2014-01-28,21.044219970703125,23.873332977294922,23.92333221435547,23.65333366394043,23.77666664123535,497400,SOXX
2014-01-29,20.96488380432129,23.78333282470703,23.99333381652832,23.719999313354492,23.719999313354492,921600,SOXX
2014-01-30,21.229339599609375,24.083332061767578,24.15333366394043,23.916667938232422,23.99333381652832,1313700,SOXX
2014-01-31,21.132369995117188,23.97333335876465,24.06333351135254,23.76333236694336,23.780000686645508,524700,SOXX
2014-02-03,20.659297943115234,23.43666648864746,23.953332901000977,23.386667251586914,23.953332901000977,1737900,SOXX
2014-02-04,20.694568634033203,23.476667404174805,23.516666412353516,23.34000015258789,23.50666618347168,949500,SOXX
2014-02-05,20.721010208129883,23.50666618347168,23.60333251953125,23.23666763305664,23.376667022705078,606300,SOXX
2014-02-06,21.05009651184082,23.8799991607666,23.916667938232422,23.546667098999023,23.546667098999023,455700,SOXX
2014-02-07,21.38212776184082,24.25666618347168,24.280000686645508,23.893333435058594,23.97333335876465,399300,SOXX
2014-02-10,21.4908447265625,24.3799991607666,24.40999984741211,24.273332595825195,24.290000915527344,346800,SOXX
2014-02-11,21.772924423217773,24.700000762939453,24.760000228881836,24.420000076293945,24.420000076293945,823800,SOXX
2014-02-12,21.963916778564453,24.916667938232422,24.94333267211914,24.766666412353516,24.766666412353516,408000,SOXX
2014-02-13,22.213674545288086,25.200000762939453,25.209999084472656,24.75666618347168,24.803333282470703,347400,SOXX
2014-02-14,22.35764503479004,25.363332748413086,25.393333435058594,25.110000610351562,25.170000076293945,1166700,SOXX
2014-02-18,22.416418075561523,25.43000030517578,25.450000762939453,25.239999771118164,25.39666748046875,169500,SOXX
2014-02-19,22.395843505859375,25.406667709350586,25.520000457763672,25.336666107177734,25.363332748413086,139800,SOXX
2014-02-20,22.548641204833984,25.579999923706055,25.606666564941406,25.3700008392334,25.416667938232422,285000,SOXX
2014-02-21,22.451675415039062,25.469999313354492,25.676666259765625,25.40333366394043,25.6299991607666,390300,SOXX
2014-02-24,22.53982162475586,25.56999969482422,25.726667404174805,25.566667556762695,25.59666633605957,167100,SOXX
2014-02-25,22.419363021850586,25.433332443237305,25.59000015258789,25.31333351135254,25.510000228881836,243300,SOXX
2014-02-26,22.5721435546875,25.606666564941406,25.786666870117188,25.496667861938477,25.520000457763672,164400,SOXX
2014-02-27,22.569210052490234,25.60333251953125,25.64666748046875,25.43000030517578,25.600000381469727,196800,SOXX
2014-02-28,22.55158233642578,25.583332061767578,25.68000030517578,25.406667709350586,25.606666564941406,163800,SOXX
2014-03-03,22.410541534423828,25.42333221435547,25.47333335876465,25.203332901000977,25.3799991607666,269400,SOXX
2014-03-04,22.807212829589844,25.873332977294922,25.916667938232422,25.753332138061523,25.753332138061523,889800,SOXX
2014-03-05,22.851289749145508,25.92333221435547,25.99333381652832,25.829999923706055,25.913333892822266,289200,SOXX
2014-03-06,23.00995635986328,26.10333251953125,26.126667022705078,25.906667709350586,26.0,427800,SOXX
2014-03-07,22.983510971069336,26.073333740234375,26.273332595825195,25.99333381652832,26.273332595825195,672000,SOXX
2014-03-10,22.9453125,26.030000686645508,26.133333206176758,25.90999984741211,26.083332061767578,150300,SOXX
2014-03-11,22.8189640045166,25.886667251586914,26.15333366394043,25.81333351135254,26.083332061767578,178500,SOXX
2014-03-12,23.001136779785156,26.093332290649414,26.10333251953125,25.719999313354492,25.770000457763672,145800,SOXX
2014-03-13,22.627979278564453,25.670000076293945,26.209999084472656,25.536666870117188,26.170000076293945,778200,SOXX
2014-03-14,22.49869155883789,25.523332595825195,25.74333381652832,25.520000457763672,25.639999389648438,178500,SOXX
2014-03-17,22.777828216552734,25.84000015258789,25.93000030517578,25.690000534057617,25.690000534057617,150300,SOXX
2014-03-18,23.106924057006836,26.213333129882812,26.22333335876465,25.843332290649414,25.940000534057617,538200,SOXX
2014-03-19,23.086349487304688,26.190000534057617,26.366666793823242,26.036666870117188,26.219999313354492,785100,SOXX
2014-03-20,23.512407302856445,26.67333221435547,26.68666648864746,26.079999923706055,26.126667022705078,533700,SOXX
2014-03-21,23.306726455688477,26.440000534057617,26.786666870117188,26.3799991607666,26.75666618347168,396000,SOXX
2014-03-24,23.212697982788086,26.333332061767578,26.59000015258789,26.1200008392334,26.56999969482422,727800,SOXX
2014-03-25,23.38622283935547,26.459999084472656,26.606666564941406,26.323333740234375,26.386667251586914,309300,SOXX
2014-03-26,23.121078491210938,26.15999984741211,26.766666412353516,26.15999984741211,26.74333381652832,384300,SOXX
2014-03-27,22.950199127197266,25.96666717529297,26.25,25.89666748046875,26.166667938232422,543600,SOXX
2014-03-28,23.10045623779297,26.136667251586914,26.343332290649414,26.030000686645508,26.046667098999023,214200,SOXX
2014-03-31,23.477561950683594,26.56333351135254,26.64666748046875,26.309999465942383,26.356666564941406,696300,SOXX
2014-04-01,23.851715087890625,26.98666763305664,26.98666763305664,26.68000030517578,26.68666648864746,621000,SOXX
2014-04-02,23.81635856628418,26.946666717529297,27.040000915527344,26.80666732788086,27.036666870117188,542700,SOXX
2014-04-03,23.851715087890625,26.98666763305664,27.233333587646484,26.876667022705078,26.989999771118164,354600,SOXX
2014-04-04,23.177059173583984,26.22333335876465,27.200000762939453,26.18666648864746,27.200000762939453,977700,SOXX
2014-04-07,22.967878341674805,25.98666763305664,26.373332977294922,25.84000015258789,26.156667709350586,797100,SOXX
2014-04-08,23.268386840820312,26.32666778564453,26.343332290649414,26.023332595825195,26.02666664123535,181200,SOXX
2014-04-09,23.512910842895508,26.60333251953125,26.616666793823242,26.316667556762695,26.446666717529297,174000,SOXX
2014-04-10,22.78521728515625,25.780000686645508,26.643333435058594,25.753332138061523,26.643333435058594,1304400,SOXX
2014-04-11,22.428739547729492,25.376667022705078,25.84666633605957,25.309999465942383,25.489999771118164,1170000,SOXX
2014-04-14,22.60845375061035,25.579999923706055,25.71666717529297,25.34000015258789,25.583332061767578,1281000,SOXX
2014-04-15,22.75576400756836,25.746667861938477,25.823333740234375,25.299999237060547,25.626667022705078,477900,SOXX
2014-04-16,22.71746253967285,25.703332901000977,25.833332061767578,25.333332061767578,25.816667556762695,590700,SOXX
2014-04-17,23.144643783569336,26.18666648864746,26.293333053588867,25.833332061767578,25.863332748413086,354600,SOXX
2014-04-21,23.35382080078125,26.42333221435547,26.43000030517578,26.093332290649414,26.366666793823242,447300,SOXX
2014-04-22,23.56298828125,26.65999984741211,26.729999542236328,26.426666259765625,26.483333587646484,621000,SOXX
2014-04-23,23.542375564575195,26.636667251586914,26.753332138061523,26.56999969482422,26.690000534057617,602100,SOXX
2014-04-24,23.67494010925293,26.786666870117188,26.860000610351562,26.446666717529297,26.843332290649414,247800,SOXX
2014-04-25,22.90012550354004,25.90999984741211,26.516666412353516,25.860000610351562,26.516666412353516,261900,SOXX
2014-04-28,22.770490646362305,25.76333236694336,26.113332748413086,25.393333435058594,26.05666732788086,882900,SOXX
2014-04-29,22.9266357421875,25.940000534057617,26.0,25.766666412353516,25.886667251586914,215100,SOXX
2014-04-30,23.041534423828125,26.06999969482422,26.07666778564453,25.833332061767578,25.866666793823242,155700,SOXX
2014-05-01,22.967878341674805,25.98666763305664,26.316667556762695,25.933332443237305,26.040000915527344,85500,SOXX
2014-05-02,23.047428131103516,26.07666778564453,26.18666648864746,25.946666717529297,25.989999771118164,66300,SOXX
2014-05-05,23.068050384521484,26.100000381469727,26.170000076293945,25.84666633605957,25.920000076293945,258900,SOXX
2014-05-06,22.97966766357422,26.0,26.233333587646484,25.97333335876465,26.10333251953125,222600,SOXX
2014-05-07,22.98850440979004,26.010000228881836,26.116666793823242,25.799999237060547,26.116666793823242,105600,SOXX
2014-05-08,23.147592544555664,26.190000534057617,26.549999237060547,25.916667938232422,26.010000228881836,139200,SOXX
2014-05-09,23.073936462402344,26.106666564941406,26.206666946411133,25.93000030517578,26.206666946411133,199800,SOXX
2014-05-12,23.4952335357666,26.583332061767578,26.613332748413086,26.246667861938477,26.253332138061523,169500,SOXX
2014-05-13,23.309621810913086,26.373332977294922,26.68666648864746,26.3700008392334,26.68666648864746,322200,SOXX
2014-05-14,23.115190505981445,26.15333366394043,26.3799991607666,26.143333435058594,26.376667022705078,103200,SOXX
2014-05-15,22.844141006469727,25.84666633605957,26.163333892822266,25.65999984741211,26.123332977294922,708900,SOXX
2014-05-16,23.09750747680664,26.133333206176758,26.149999618530273,25.889999389648438,25.953332901000977,204300,SOXX
2014-05-19,23.33025550842285,26.39666748046875,26.459999084472656,26.113332748413086,26.113332748413086,384600,SOXX
2014-05-20,23.218299865722656,26.270000457763672,26.483333587646484,26.1299991607666,26.386667251586914,238200,SOXX
2014-05-21,23.33025550842285,26.39666748046875,26.46666717529297,26.273332595825195,26.3700008392334,137100,SOXX
2014-05-22,23.43631362915039,26.516666412353516,26.623332977294922,26.44333267211914,26.456666946411133,264300,SOXX
2014-05-23,23.660213470458984,26.770000457763672,26.78333282470703,26.483333587646484,26.543333053588867,233700,SOXX
2014-05-27,23.951881408691406,27.100000381469727,27.100000381469727,26.883333206176758,26.950000762939453,579900,SOXX
2014-05-28,23.98723793029785,27.139999389648438,27.203332901000977,27.0,27.143333435058594,255000,SOXX
2014-05-29,24.03142738342285,27.190000534057617,27.280000686645508,27.139999389648438,27.22333335876465,150900,SOXX
2014-05-30,24.060888290405273,27.22333335876465,27.26333236694336,27.1200008392334,27.23666763305664,219600,SOXX
2014-06-02,24.19346046447754,27.373332977294922,27.450000762939453,27.166667938232422,27.399999618530273,379500,SOXX
2014-06-03,24.420310974121094,27.6299991607666,27.649999618530273,27.31333351135254,27.386667251586914,336900,SOXX
2014-06-04,24.52931785583496,27.753332138061523,27.793333053588867,27.543333053588867,27.59000015258789,636600,SOXX
2014-06-05,24.650110244750977,27.889999389648438,27.953332901000977,27.663333892822266,27.796667098999023,260700,SOXX
2014-06-06,24.794469833374023,28.053333282470703,28.079999923706055,27.959999084472656,27.99333381652832,332700,SOXX
2014-06-09,24.81803321838379,28.079999923706055,28.24333381652832,28.046667098999023,28.143333435058594,235200,SOXX
2014-06-10,24.891693115234375,28.163333892822266,28.18000030517578,27.983333587646484,28.10333251953125,199200,SOXX
2014-06-11,25.021316528320312,28.309999465942383,28.416667938232422,28.14666748046875,28.15333366394043,344100,SOXX
2014-06-12,24.93587875366211,28.213333129882812,28.406667709350586,28.113332748413086,28.290000915527344,867300,SOXX
2014-06-13,25.180408477783203,28.489999771118164,28.56999969482422,28.34000015258789,28.469999313354492,391500,SOXX
2014-06-16,25.33066177368164,28.65999984741211,28.713333129882812,28.453332901000977,28.459999084472656,761100,SOXX
2014-06-17,25.516267776489258,28.8700008392334,28.90999984741211,28.610000610351562,28.610000610351562,330600,SOXX
2014-06-18,25.41021156311035,28.75,28.90999984741211,28.540000915527344,28.90999984741211,698100,SOXX
2014-06-19,25.445560455322266,28.790000915527344,28.823333740234375,28.606666564941406,28.823333740234375,905100,SOXX
2014-06-20,25.52216148376465,28.876667022705078,28.876667022705078,28.74333381652832,28.85333251953125,685800,SOXX
2014-06-23,25.42788314819336,28.770000457763672,28.913333892822266,28.73666763305664,28.913333892822266,1428600,SOXX
2014-06-24,25.22166633605957,28.456666946411133,28.883333206176758,28.399999618530273,28.76333236694336,1128000,SOXX
2014-06-25,25.328022003173828,28.57666778564453,28.606666564941406,28.28333282470703,28.40333366394043,435300,SOXX
2014-06-26,25.215761184692383,28.450000762939453,28.59666633605957,28.239999771118164,28.59666633605957,247800,SOXX
2014-06-27,25.24825668334961,28.48666763305664,28.503332138061523,28.34666633605957,28.383333206176758,476700,SOXX
2014-06-30,25.525964736938477,28.799999237060547,28.823333740234375,28.51333236694336,28.55666732788086,297000,SOXX
2014-07-01,25.874589920043945,29.19333267211914,29.30666732788086,28.889999389648438,28.90999984741211,306900,SOXX
2014-07-02,25.94253158569336,29.270000457763672,29.31333351135254,29.18000030517578,29.286666870117188,445800,SOXX
2014-07-03,26.105031967163086,29.453332901000977,29.503332138061523,29.366666793823242,29.366666793823242,316800,SOXX
2014-07-07,25.93072509765625,29.25666618347168,29.47333335876465,29.213333129882812,29.47333335876465,468000,SOXX
2014-07-08,25.7918643951416,29.100000381469727,29.253332138061523,28.823333740234375,29.219999313354492,525900,SOXX
2014-07-09,25.948448181152344,29.27666664123535,29.293333053588867,28.963333129882812,29.079999923706055,382800,SOXX
2014-07-10,25.830272674560547,29.143333435058594,29.25,28.75666618347168,28.85333251953125,471000,SOXX
2014-07-11,25.827314376831055,29.139999389648438,29.203332901000977,29.023332595825195,29.14666748046875,347700,SOXX
2014-07-14,25.95435333251953,29.28333282470703,29.386667251586914,29.196666717529297,29.303333282470703,937500,SOXX
2014-07-15,25.877540588378906,29.196666717529297,29.383333206176758,28.926666259765625,29.296667098999023,434700,SOXX
2014-07-16,26.178892135620117,29.536666870117188,29.553333282470703,29.366666793823242,29.42333221435547,308100,SOXX
2014-07-17,25.50233268737793,28.773332595825195,29.239999771118164,28.729999542236328,29.229999542236328,1110900,SOXX
2014-07-18,25.836179733276367,29.149999618530273,29.176666259765625,28.850000381469727,28.886667251586914,605400,SOXX
2014-07-21,25.912992477416992,29.23666763305664,29.296667098999023,29.043333053588867,29.086666107177734,355500,SOXX
2014-07-22,26.081396102905273,29.426666259765625,29.476667404174805,29.293333053588867,29.35333251953125,342300,SOXX
2014-07-23,25.484607696533203,28.753332138061523,29.28333282470703,28.73666763305664,29.28333282470703,797400,SOXX
2014-07-24,25.24825668334961,28.48666763305664,28.74333381652832,28.47333335876465,28.739999771118164,921600,SOXX
2014-07-25,24.748960494995117,27.92333221435547,28.31333351135254,27.860000610351562,28.27666664123535,2210100,SOXX
2014-07-28,24.725324630737305,27.89666748046875,27.946666717529297,27.559999465942383,27.933332443237305,1801800,SOXX
2014-07-29,24.681011199951172,27.84666633605957,28.116666793823242,27.843332290649414,27.98666763305664,577800,SOXX
2014-07-30,24.920316696166992,28.116666793823242,28.203332901000977,27.950000762939453,28.086666107177734,1718400,SOXX
2014-07-31,24.415115356445312,27.546667098999023,27.886667251586914,27.426666259765625,27.799999237060547,2455800,SOXX
2014-08-01,24.494890213012695,27.636667251586914,27.786666870117188,27.399999618530273,27.503332138061523,587400,SOXX
2014-08-04,24.601247787475586,27.75666618347168,27.836666107177734,27.489999771118164,27.709999084472656,720600,SOXX
2014-08-05,24.341259002685547,27.463333129882812,27.770000457763672,27.366666793823242,27.666667938232422,1244100,SOXX
2014-08-06,24.4210205078125,27.553333282470703,27.75,27.316667556762695,27.360000610351562,859800,SOXX
2014-08-07,24.093090057373047,27.183332443237305,27.739999771118164,27.1200008392334,27.72333335876465,879000,SOXX
2014-08-08,24.39148712158203,27.520000457763672,27.53333282470703,27.246667861938477,27.286666870117188,652500,SOXX
2014-08-11,24.613059997558594,27.770000457763672,27.92333221435547,27.636667251586914,27.64666748046875,1435200,SOXX
2014-08-12,24.595335006713867,27.75,27.80666732788086,27.51333236694336,27.75,196800,SOXX
2014-08-13,24.8287296295166,28.01333236694336,28.01333236694336,27.793333053588867,27.793333053588867,407400,SOXX
2014-08-14,24.875999450683594,28.066667556762695,28.110000610351562,27.963333129882812,28.01333236694336,469200,SOXX
2014-08-15,25.138940811157227,28.363332748413086,28.459999084472656,28.036666870117188,28.286666870117188,622500,SOXX
2014-08-18,25.23643684387207,28.47333335876465,28.479999542236328,28.266666412353516,28.463333129882812,488400,SOXX
2014-08-19,25.416658401489258,28.676666259765625,28.719999313354492,28.516666412353516,28.546667098999023,712200,SOXX
2014-08-20,25.629375457763672,28.916667938232422,28.950000762939453,28.636667251586914,28.636667251586914,262800,SOXX
2014-08-21,25.72686767578125,29.02666664123535,29.043333053588867,28.850000381469727,28.90333366394043,409500,SOXX
2014-08-22,25.744596481323242,29.046667098999023,29.166667938232422,28.926666259765625,29.010000228881836,467400,SOXX
2014-08-25,25.653005599975586,28.94333267211914,29.226667404174805,28.889999389648438,29.226667404174805,247800,SOXX
2014-08-26,25.655960083007812,28.946666717529297,29.053333282470703,28.916667938232422,28.97333335876465,153000,SOXX
2014-08-27,25.703231811523438,29.0,29.023332595825195,28.82666778564453,28.959999084472656,356700,SOXX
2014-08-28,25.785947799682617,29.093332290649414,29.110000610351562,28.809999465942383,28.850000381469727,207600,SOXX
2014-08-29,25.980953216552734,29.31333351135254,29.399999618530273,29.196666717529297,29.25666618347168,240900,SOXX
2014-09-02,25.862770080566406,29.18000030517578,29.416667938232422,29.049999237060547,29.356666564941406,214200,SOXX
2014-09-03,25.93368148803711,29.260000228881836,29.3799991607666,29.196666717529297,29.293333053588867,238200,SOXX
2014-09-04,26.007530212402344,29.343332290649414,29.553333282470703,29.266666412353516,29.336666107177734,270600,SOXX
2014-09-05,26.22319793701172,29.586666107177734,29.59000015258789,29.31333351135254,29.363332748413086,445200,SOXX
2014-09-08,26.288206100463867,29.65999984741211,29.823333740234375,29.546667098999023,29.553333282470703,474300,SOXX
2014-09-09,26.045942306518555,29.386667251586914,29.690000534057617,29.34666633605957,29.666667938232422,190500,SOXX
2014-09-10,26.037078857421875,29.376667022705078,29.426666259765625,29.196666717529297,29.356666564941406,162300,SOXX
2014-09-11,26.105031967163086,29.453332901000977,29.453332901000977,29.163333892822266,29.28333282470703,250800,SOXX
2014-09-12,25.780040740966797,29.086666107177734,29.416667938232422,29.02666664123535,29.416667938232422,624600,SOXX
2014-09-15,25.463926315307617,28.729999542236328,29.156667709350586,28.71666717529297,29.14666748046875,652500,SOXX
2014-09-16,25.907085418701172,29.229999542236328,29.270000457763672,28.670000076293945,28.683332443237305,1664400,SOXX
2014-09-17,26.093212127685547,29.440000534057617,29.60333251953125,29.25666618347168,29.28333282470703,444000,SOXX
2014-09-18,26.492061614990234,29.889999389648438,29.889999389648438,29.536666870117188,29.56333351135254,355500,SOXX
2014-09-19,26.161170959472656,29.516666412353516,30.036666870117188,29.463333129882812,30.030000686645508,339000,SOXX
2014-09-22,25.845050811767578,29.15999984741211,29.479999542236328,29.10333251953125,29.40999984741211,315600,SOXX
2014-09-23,25.76232147216797,29.066667556762695,29.290000915527344,28.953332901000977,29.023332595825195,632700,SOXX
2014-09-24,26.085237503051758,29.350000381469727,29.360000610351562,29.040000915527344,29.040000915527344,329100,SOXX
2014-09-25,25.608274459838867,28.81333351135254,29.309999465942383,28.72333335876465,29.290000915527344,507900,SOXX
2014-09-26,25.910444259643555,29.15333366394043,29.22333335876465,28.940000534057617,29.036666870117188,828300,SOXX
2014-09-29,25.943035125732422,29.190000534057617,29.28333282470703,28.803333282470703,28.860000610351562,325800,SOXX
2014-09-30,25.729732513427734,28.950000762939453,29.233333587646484,28.843332290649414,29.233333587646484,370800,SOXX
2014-10-01,25.101669311523438,28.24333381652832,28.893333435058594,28.170000076293945,28.893333435058594,1676700,SOXX
2014-10-02,24.947622299194336,28.06999969482422,28.23666763305664,27.566667556762695,28.23666763305664,584400,SOXX
2014-10-03,25.10463523864746,28.246667861938477,28.43666648864746,28.09666633605957,28.30666732788086,489600,SOXX
2014-10-06,24.88540267944336,28.0,28.34666633605957,27.816667556762695,28.296667098999023,429900,SOXX
2014-10-07,24.411396026611328,27.46666717529297,27.96666717529297,27.46666717529297,27.906667709350586,1260600,SOXX
2014-10-08,24.962430953979492,28.086666107177734,28.14666748046875,27.239999771118164,27.52666664123535,439200,SOXX
2014-10-09,24.286968231201172,27.32666778564453,28.03333282470703,27.309999465942383,28.030000686645508,1307100,SOXX
2014-10-10,22.61313247680664,25.44333267211914,26.573333740234375,25.213333129882812,26.566667556762695,3951300,SOXX
2014-10-13,22.13319969177246,24.90333366394043,25.773332595825195,24.886667251586914,25.456666946411133,4425000,SOXX
2014-10-14,22.53314781188965,25.35333251953125,25.833332061767578,25.143333435058594,25.350000381469727,3031200,SOXX
2014-10-15,22.639789581298828,25.47333335876465,25.666667938232422,24.719999313354492,24.866666793823242,1984800,SOXX
2014-10-16,22.989377975463867,25.866666793823242,26.043333053588867,25.116666793823242,25.123332977294922,990300,SOXX
2014-10-17,23.158245086669922,26.05666732788086,26.5,26.016666412353516,26.329999923706055,1563000,SOXX
2014-10-20,23.52559471130371,26.469999313354492,26.496667861938477,25.883333206176758,26.066667556762695,591900,SOXX
2014-10-21,24.39362907409668,27.446666717529297,27.459999084472656,26.76333236694336,26.78333282470703,1086600,SOXX
2014-10-22,24.044044494628906,27.053333282470703,27.69333267211914,27.040000915527344,27.656667709350586,2008500,SOXX
2014-10-23,24.390657424926758,27.44333267211914,27.59000015258789,27.32666778564453,27.40999984741211,709500,SOXX
2014-10-24,24.633588790893555,27.71666717529297,27.786666870117188,27.43000030517578,27.450000762939453,624900,SOXX
2014-10-27,24.749130249023438,27.84666633605957,27.889999389648438,27.48666763305664,27.696666717529297,1352400,SOXX
2014-10-28,25.101669311523438,28.24333381652832,28.253332138061523,27.899999618530273,27.99333381652832,1290900,SOXX
2014-10-29,25.152036666870117,28.299999237060547,28.373332977294922,27.976667404174805,28.196666717529297,1864200,SOXX
2014-10-30,24.846895217895508,27.956666946411133,28.196666717529297,27.606666564941406,28.166667938232422,1145100,SOXX
2014-10-31,25.818605422973633,29.049999237060547,29.190000534057617,28.733333587646484,28.733333587646484,2241300,SOXX
2014-11-03,25.996360778808594,29.25,29.406667709350586,29.049999237060547,29.093332290649414,1669500,SOXX
2014-11-04,25.901554107666016,29.143333435058594,29.316667556762695,28.926666259765625,29.139999389648438,539700,SOXX
2014-11-05,26.162263870239258,29.43666648864746,29.47333335876465,29.110000610351562,29.363332748413086,762900,SOXX
2014-11-06,25.937114715576172,29.183332443237305,29.366666793823242,29.0,29.26333236694336,978000,SOXX
2014-11-07,25.703067779541016,28.920000076293945,29.24333381652832,28.68666648864746,29.149999618530273,445200,SOXX
2014-11-10,25.892671585083008,29.133333206176758,29.18000030517578,28.876667022705078,29.0,326100,SOXX
2014-11-11,25.842309951782227,29.07666778564453,29.18000030517578,28.953332901000977,29.18000030517578,533700,SOXX
2014-11-12,25.803796768188477,29.03333282470703,29.05666732788086,28.876667022705078,28.963333129882812,254700,SOXX
2014-11-13,25.8067569732666,29.036666870117188,29.32666778564453,28.933332443237305,29.126667022705078,186600,SOXX
2014-11-14,26.031919479370117,29.290000915527344,29.309999465942383,28.829999923706055,28.98666763305664,277500,SOXX
2014-11-17,25.913414001464844,29.156667709350586,29.239999771118164,28.920000076293945,29.15333366394043,864900,SOXX
2014-11-18,26.420000076293945,29.726667404174805,29.80666732788086,29.206666946411133,29.206666946411133,456900,SOXX
2014-11-19,26.239290237426758,29.523332595825195,29.77666664123535,29.386667251586914,29.77666664123535,725700,SOXX
2014-11-20,26.479263305664062,29.793333053588867,29.82666778564453,29.26333236694336,29.389999389648438,651300,SOXX
2014-11-21,26.76958656311035,30.1200008392334,30.209999084472656,29.883333206176758,30.110000610351562,1091700,SOXX
2014-11-24,27.027328491210938,30.40999984741211,30.426666259765625,30.133333206176758,30.18000030517578,533100,SOXX
2014-11-25,27.033254623413086,30.416667938232422,30.510000228881836,30.350000381469727,30.5,610500,SOXX
2014-11-26,27.60502815246582,31.059999465942383,31.066667556762695,30.43000030517578,30.43000030517578,552300,SOXX
2014-11-28,27.682056427001953,31.14666748046875,31.233333587646484,30.956666946411133,31.123332977294922,333900,SOXX
2014-12-01,27.332473754882812,30.753332138061523,31.17333221435547,30.639999389648438,31.010000228881836,930300,SOXX
2014-12-02,27.50429916381836,30.946666717529297,30.956666946411133,30.55666732788086,30.683332443237305,538800,SOXX
2014-12-03,28.08199119567871,31.59666633605957,31.626667022705078,31.083332061767578,31.09666633605957,1059600,SOXX
2014-12-04,28.10569953918457,31.623332977294922,31.82666778564453,31.446666717529297,31.690000534057617,741000,SOXX
2014-12-05,28.387144088745117,31.940000534057617,31.946666717529297,31.663333892822266,31.72333335876465,362100,SOXX
2014-12-08,27.987192153930664,31.489999771118164,32.0099983215332,31.296667098999023,31.883333206176758,1208400,SOXX
2014-12-09,27.984233856201172,31.48666763305664,31.553333282470703,30.956666946411133,31.043333053588867,645900,SOXX
2014-12-10,27.45097541809082,30.886667251586914,31.489999771118164,30.829999923706055,31.323333740234375,667500,SOXX
2014-12-11,27.581327438354492,31.03333282470703,31.406667709350586,30.963333129882812,31.023332595825195,1842900,SOXX
2014-12-12,27.125091552734375,30.520000457763672,30.963333129882812,30.489999771118164,30.760000228881836,1188600,SOXX
2014-12-15,26.873271942138672,30.23666763305664,30.969999313354492,30.136667251586914,30.666667938232422,1096800,SOXX
2014-12-16,26.689598083496094,30.030000686645508,30.670000076293945,29.98666763305664,30.106666564941406,855900,SOXX
2014-12-17,27.264331817626953,30.676666259765625,30.753332138061523,29.876667022705078,30.083332061767578,812100,SOXX
2014-12-18,27.78278160095215,31.260000228881836,31.260000228881836,30.969999313354492,31.183332443237305,627600,SOXX
2014-12-19,27.78574562072754,31.26333236694336,31.433332443237305,31.036666870117188,31.433332443237305,577500,SOXX
2014-12-22,28.12643814086914,31.64666748046875,31.683332443237305,31.296667098999023,31.336666107177734,377700,SOXX
2014-12-23,28.064220428466797,31.57666778564453,31.906667709350586,31.566667556762695,31.78333282470703,982500,SOXX
2014-12-24,28.106327056884766,31.3700008392334,31.503332138061523,31.360000610351562,31.433332443237305,203400,SOXX
2014-12-26,28.14217185974121,31.40999984741211,31.543333053588867,31.373332977294922,31.450000762939453,201000,SOXX
2014-12-29,28.061534881591797,31.31999969482422,31.399999618530273,31.213333129882812,31.393333435058594,204600,SOXX
2014-12-30,27.885332107543945,31.123332977294922,31.270000457763672,31.106666564941406,31.106666564941406,362700,SOXX
2014-12-31,27.741975784301758,30.963333129882812,31.393333435058594,30.94333267211914,31.170000076293945,290100,SOXX
2015-01-02,27.71808433532715,30.93666648864746,31.27666664123535,30.64666748046875,31.100000381469727,663000,SOXX
2015-01-05,27.1954345703125,30.35333251953125,30.863332748413086,30.343332290649414,30.80666732788086,619500,SOXX
2015-01-06,26.58916664123535,29.676666259765625,30.40333366394043,29.59000015258789,30.373332977294922,1123800,SOXX
2015-01-07,26.85198211669922,29.969999313354492,30.10333251953125,29.670000076293945,29.84666633605957,721200,SOXX
2015-01-08,27.64938735961914,30.860000610351562,30.90999984741211,30.273332595825195,30.273332595825195,633000,SOXX
2015-01-09,27.664331436157227,30.876667022705078,31.0,30.50666618347168,30.983333587646484,420900,SOXX
2015-01-12,27.132719039916992,30.28333282470703,30.74333381652832,30.136667251586914,30.74333381652832,572400,SOXX
2015-01-13,26.866920471191406,29.98666763305664,30.876667022705078,29.833332061767578,30.503332138061523,520800,SOXX
2015-01-14,26.714609146118164,29.816667556762695,30.113332748413086,29.510000228881836,29.696666717529297,1241700,SOXX
2015-01-15,26.502565383911133,29.579999923706055,30.213333129882812,29.55666732788086,30.049999237060547,663000,SOXX
2015-01-16,26.792259216308594,29.90333366394043,29.94333267211914,29.350000381469727,29.476667404174805,876900,SOXX
2015-01-20,27.070005416870117,30.213333129882812,30.323333740234375,29.82666778564453,30.05666732788086,395400,SOXX
2015-01-21,27.37761878967285,30.55666732788086,30.690000534057617,30.02666664123535,30.156667709350586,433500,SOXX
2015-01-22,27.541873931884766,30.739999771118164,30.766666412353516,29.963333129882812,30.530000686645508,1371300,SOXX
2015-01-23,27.47020149230957,30.65999984741211,30.799999237060547,30.510000228881836,30.60333251953125,564600,SOXX
2015-01-26,27.520965576171875,30.71666717529297,30.786666870117188,30.366666793823242,30.593332290649414,353700,SOXX
2015-01-27,27.031179428100586,30.170000076293945,30.453332901000977,29.983333587646484,30.323333740234375,1060800,SOXX
2015-01-28,26.90275764465332,30.02666664123535,30.829999923706055,30.00666618347168,30.586666107177734,945900,SOXX
2015-01-29,26.920671463012695,30.046667098999023,30.139999389648438,29.48666763305664,29.926666259765625,658200,SOXX
2015-01-30,26.392059326171875,29.456666946411133,30.10333251953125,29.413333892822266,29.706666946411133,1456200,SOXX
2015-02-02,26.460744857788086,29.53333282470703,29.626667022705078,28.916667938232422,29.510000228881836,927300,SOXX
2015-02-03,26.92963409423828,30.05666732788086,30.06999969482422,29.616666793823242,29.65999984741211,631200,SOXX
2015-02-04,27.031179428100586,30.170000076293945,30.383333206176758,29.96666717529297,29.976667404174805,1008000,SOXX
2015-02-05,27.293987274169922,30.463333129882812,30.476667404174805,30.1299991607666,30.293333053588867,699000,SOXX
2015-02-06,27.14466667175293,30.296667098999023,30.760000228881836,30.219999313354492,30.50666618347168,1006200,SOXX
2015-02-09,26.85795783996582,29.976667404174805,30.253332138061523,29.899999618530273,30.253332138061523,1523400,SOXX
2015-02-10,27.765867233276367,30.989999771118164,31.0,30.26333236694336,30.34666633605957,1259100,SOXX
2015-02-11,27.85546875,31.09000015258789,31.200000762939453,30.889999389648438,30.99333381652832,965700,SOXX
2015-02-12,28.300458908081055,31.586666107177734,31.59666633605957,31.183332443237305,31.183332443237305,935400,SOXX
2015-02-13,28.50055503845215,31.809999465942383,31.90333366394043,31.536666870117188,31.729999542236328,737100,SOXX
2015-02-17,28.59015464782715,31.90999984741211,31.946666717529297,31.700000762939453,31.796667098999023,2393400,SOXX
2015-02-18,28.515485763549805,31.82666778564453,31.920000076293945,31.700000762939453,31.873332977294922,458700,SOXX
2015-02-19,28.593141555786133,31.913333892822266,32.00666809082031,31.733333587646484,31.780000686645508,651600,SOXX
2015-02-20,28.763376235961914,32.10333251953125,32.12666702270508,31.75,31.82666778564453,1902900,SOXX
2015-02-23,28.584178924560547,31.90333366394043,32.06666564941406,31.790000915527344,32.06666564941406,673200,SOXX
2015-02-24,28.966453552246094,32.33000183105469,32.34333419799805,31.68666648864746,31.90333366394043,842400,SOXX
2015-02-25,28.81713104248047,32.163333892822266,32.336666107177734,32.06666564941406,32.2599983215332,387900,SOXX
2015-02-26,29.014238357543945,32.383331298828125,32.45333480834961,32.21333312988281,32.31666564941406,295500,SOXX
2015-02-27,28.927629470825195,32.28666687011719,32.4466667175293,32.186668395996094,32.37666702270508,350100,SOXX
2015-03-02,29.722042083740234,33.17333221435547,33.189998626708984,32.55666732788086,32.560001373291016,865800,SOXX
2015-03-03,29.172529220581055,32.560001373291016,33.05666732788086,32.516666412353516,33.05666732788086,1192200,SOXX
2015-03-04,29.13370704650879,32.516666412353516,32.526668548583984,32.150001525878906,32.470001220703125,569700,SOXX
2015-03-05,29.151626586914062,32.53666687011719,32.723331451416016,32.400001525878906,32.630001068115234,733500,SOXX
2015-03-06,28.84998321533203,32.20000076293945,32.483333587646484,32.11000061035156,32.43000030517578,642600,SOXX
2015-03-09,28.939579010009766,32.29999923706055,32.37666702270508,32.13999938964844,32.17333221435547,519900,SOXX
2015-03-10,28.404987335205078,31.703332901000977,32.16666793823242,31.696666717529297,32.09000015258789,1150500,SOXX
2015-03-11,28.46769905090332,31.773332595825195,32.099998474121094,31.76333236694336,31.863332748413086,356100,SOXX
2015-03-12,28.458744049072266,31.76333236694336,31.773332595825195,31.416667938232422,31.440000534057617,1173300,SOXX
2015-03-13,28.64988136291504,31.976667404174805,32.03333282470703,31.633333206176758,31.84000015258789,539100,SOXX
2015-03-16,29.085912704467773,32.46333312988281,32.470001220703125,32.106666564941406,32.150001525878906,657600,SOXX
2015-03-17,28.873878479003906,32.22666549682617,32.28333282470703,32.04666519165039,32.22666549682617,439800,SOXX
2015-03-18,29.08890724182129,32.46666717529297,32.62333297729492,31.80666732788086,32.21666717529297,466500,SOXX
2015-03-19,29.154611587524414,32.540000915527344,32.619998931884766,32.38666534423828,32.43333435058594,283200,SOXX
2015-03-20,29.566747665405273,33.0,33.10333251953125,32.733333587646484,32.776668548583984,462300,SOXX
2015-03-23,29.32185173034668,32.72666549682617,33.04666519165039,32.71333312988281,33.0099983215332,401100,SOXX
2015-03-24,29.07098388671875,32.4466667175293,32.75,32.426666259765625,32.75,580200,SOXX
2015-03-25,27.72015953063965,30.856666564941406,32.37333297729492,30.81999969482422,32.336666107177734,1159200,SOXX
2015-03-26,27.33985137939453,30.433332443237305,30.6299991607666,29.760000228881836,30.139999389648438,1420500,SOXX
2015-03-27,28.115436553955078,31.296667098999023,31.413333892822266,30.376667022705078,30.446666717529297,1165500,SOXX
2015-03-30,28.474775314331055,31.696666717529297,31.780000686645508,31.316667556762695,31.5,1275300,SOXX
2015-03-31,28.154367446899414,31.34000015258789,31.623332977294922,31.290000915527344,31.559999465942383,408900,SOXX
2015-04-01,27.971694946289062,31.136667251586914,31.273332595825195,30.893333435058594,31.253332138061523,625500,SOXX
2015-04-02,27.9088191986084,31.066667556762695,31.350000381469727,31.040000915527344,31.26333236694336,643800,SOXX
2015-04-06,28.031587600708008,31.203332901000977,31.273332595825195,30.606666564941406,30.773332595825195,1060800,SOXX
2015-04-07,28.043563842773438,31.21666717529297,31.483333587646484,31.156667709350586,31.209999084472656,1043700,SOXX
2015-04-08,28.208269119262695,31.399999618530273,31.503332138061523,31.136667251586914,31.15333366394043,876300,SOXX
2015-04-09,28.57658576965332,31.809999465942383,31.850000381469727,31.246667861938477,31.246667861938477,597600,SOXX
2015-04-10,28.693378448486328,31.940000534057617,31.940000534057617,31.786666870117188,31.833332061767578,264900,SOXX
2015-04-13,28.522687911987305,31.75,32.099998474121094,31.706666946411133,31.983333587646484,436500,SOXX
2015-04-14,28.232219696044922,31.426666259765625,31.753332138061523,31.329999923706055,31.753332138061523,664200,SOXX
2015-04-15,28.70235824584961,31.950000762939453,32.043331146240234,31.626667022705078,31.666667938232422,444300,SOXX
2015-04-16,28.579580307006836,31.81333351135254,31.860000610351562,31.643333435058594,31.643333435058594,523200,SOXX
2015-04-17,28.172338485717773,31.360000610351562,31.55666732788086,31.209999084472656,31.55666732788086,497700,SOXX
2015-04-20,28.411890029907227,31.626667022705078,31.753332138061523,31.51333236694336,31.520000457763672,398100,SOXX
2015-04-21,28.60653305053711,31.843332290649414,32.06666564941406,31.733333587646484,31.979999542236328,454500,SOXX
2015-04-22,29.010793685913086,32.293331146240234,32.29999923706055,31.790000915527344,32.040000915527344,450900,SOXX
2015-04-23,28.561620712280273,31.793333053588867,31.90333366394043,31.546667098999023,31.719999313354492,588900,SOXX
2015-04-24,28.091474533081055,31.270000457763672,31.753332138061523,31.073333740234375,31.733333587646484,630600,SOXX
2015-04-27,28.163345336914062,31.350000381469727,31.676666259765625,31.273332595825195,31.31333351135254,595200,SOXX
2015-04-28,28.19029998779297,31.3799991607666,31.446666717529297,30.94333267211914,31.366666793823242,1202700,SOXX
2015-04-29,28.034582138061523,31.206666946411133,31.299999237060547,30.883333206176758,31.143333435058594,784500,SOXX
2015-04-30,27.792028427124023,30.93666648864746,31.266666412353516,30.74333381652832,31.149999618530273,2324100,SOXX
2015-05-01,28.56461524963379,31.796667098999023,31.8700008392334,31.213333129882812,31.22333335876465,1523700,SOXX
2015-05-04,28.50771713256836,31.733333587646484,31.93666648864746,31.649999618530273,31.8700008392334,662400,SOXX
2015-05-05,27.887847900390625,31.043333053588867,31.586666107177734,31.01333236694336,31.50666618347168,748200,SOXX
2015-05-06,27.85491371154785,31.00666618347168,31.303333282470703,30.780000686645508,31.15999984741211,1397400,SOXX
2015-05-07,28.160354614257812,31.34666633605957,31.393333435058594,31.126667022705078,31.126667022705078,928500,SOXX
2015-05-08,28.441835403442383,31.65999984741211,31.793333053588867,31.573333740234375,31.60333251953125,657000,SOXX
2015-05-11,28.459808349609375,31.68000030517578,31.796667098999023,31.549999237060547,31.65999984741211,495000,SOXX
2015-05-12,28.2022762298584,31.393333435058594,31.583332061767578,31.25,31.543333053588867,996000,SOXX
2015-05-13,28.37595558166504,31.586666107177734,31.81333351135254,31.5,31.559999465942383,393900,SOXX
2015-05-14,28.71434211730957,31.963333129882812,32.08000183105469,31.690000534057617,31.80666732788086,876300,SOXX
2015-05-15,28.762248992919922,32.016666412353516,32.13666534423828,31.8799991607666,32.02333450317383,379200,SOXX
2015-05-18,29.043733596801758,32.33000183105469,32.3466682434082,31.969999313354492,32.060001373291016,625500,SOXX
2015-05-19,28.938926696777344,32.21333312988281,32.56666564941406,32.099998474121094,32.40999984741211,457200,SOXX
2015-05-20,29.001813888549805,32.28333282470703,32.51333236694336,32.13999938964844,32.253334045410156,858600,SOXX
2015-05-21,29.148542404174805,32.4466667175293,32.496665954589844,32.116668701171875,32.25666809082031,460200,SOXX
2015-05-22,29.20843505859375,32.51333236694336,32.62666702270508,32.40666580200195,32.40666580200195,411000,SOXX
2015-05-26,28.983840942382812,32.26333236694336,32.49333190917969,32.116668701171875,32.46333312988281,785400,SOXX
2015-05-27,30.121755599975586,33.529998779296875,33.63999938964844,32.3466682434082,32.36333465576172,1316100,SOXX
2015-05-28,30.151695251464844,33.563331604003906,33.723331451416016,33.34000015258789,33.563331604003906,1225800,SOXX
2015-05-29,30.26548957824707,33.689998626708984,33.82666778564453,33.53333282470703,33.66999816894531,1813800,SOXX
2015-06-01,30.28346824645996,33.709999084472656,33.93333435058594,33.529998779296875,33.8033332824707,1315800,SOXX
2015-06-02,29.945085525512695,33.33333206176758,33.606666564941406,33.28333282470703,33.606666564941406,938700,SOXX
2015-06-03,29.741455078125,33.106666564941406,33.529998779296875,33.08333206176758,33.5,3604800,SOXX
2015-06-04,29.47195053100586,32.80666732788086,33.08000183105469,32.706668853759766,32.96666717529297,1787400,SOXX
2015-06-05,29.47494125366211,32.810001373291016,32.90666580200195,32.51333236694336,32.766666412353516,1308000,SOXX
2015-06-08,28.920963287353516,32.19333267211914,32.84000015258789,32.106666564941406,32.84000015258789,1367700,SOXX
2015-06-09,28.90298843383789,32.17333221435547,32.25666809082031,31.84666633605957,32.21333312988281,1645500,SOXX
2015-06-10,29.2623348236084,32.573333740234375,32.686668395996094,32.30666732788086,32.323333740234375,1308900,SOXX
2015-06-11,29.25334358215332,32.563331604003906,32.72666549682617,32.53333282470703,32.709999084472656,1614300,SOXX
2015-06-12,28.989837646484375,32.27000045776367,32.426666259765625,32.22666549682617,32.426666259765625,657000,SOXX
2015-06-15,28.929948806762695,32.20333480834961,32.22999954223633,31.78333282470703,31.93666648864746,828300,SOXX
2015-06-16,29.010793685913086,32.293331146240234,32.37333297729492,32.06666564941406,32.143333435058594,679200,SOXX
2015-06-17,29.034748077392578,32.31999969482422,32.4466667175293,32.20000076293945,32.33000183105469,727200,SOXX
2015-06-18,29.44499969482422,32.776668548583984,32.93000030517578,32.40666580200195,32.40666580200195,796800,SOXX
2015-06-19,29.29827308654785,32.61333465576172,32.95000076293945,32.50666809082031,32.856666564941406,1072500,SOXX
2015-06-22,29.54681396484375,32.88999938964844,32.973331451416016,32.72666549682617,32.883331298828125,899700,SOXX
2015-06-23,29.40007209777832,32.72666549682617,33.0,32.616668701171875,32.95333480834961,976500,SOXX
2015-06-24,29.089340209960938,32.29666519165039,32.67333221435547,32.290000915527344,32.59333419799805,742200,SOXX
2015-06-25,29.068323135375977,32.27333450317383,32.4900016784668,32.19333267211914,32.383331298828125,973200,SOXX
2015-06-26,28.344770431518555,31.469999313354492,31.983333587646484,31.343332290649414,31.983333587646484,1826700,SOXX
2015-06-29,27.54916000366211,30.586666107177734,31.27666664123535,30.56333351135254,31.05666732788086,1572300,SOXX
2015-06-30,27.648235321044922,30.696666717529297,30.933332443237305,30.559999465942383,30.866666793823242,4370400,SOXX
2015-07-01,27.71428108215332,30.770000457763672,31.18000030517578,30.706666946411133,31.133333206176758,1442400,SOXX
2015-07-02,27.843381881713867,30.913333892822266,31.010000228881836,30.78333282470703,30.829999923706055,1002300,SOXX
2015-07-06,27.438068389892578,30.463333129882812,30.913333892822266,30.329999923706055,30.633333206176758,3059400,SOXX
2015-07-07,27.35100746154785,30.366666793823242,30.479999542236328,29.446666717529297,30.476667404174805,2893200,SOXX
2015-07-08,26.61243438720703,29.546667098999023,30.043333053588867,29.47333335876465,29.959999084472656,1993500,SOXX
2015-07-09,26.273176193237305,29.170000076293945,30.15333366394043,29.15999984741211,30.083332061767578,3779700,SOXX
2015-07-10,26.759544372558594,29.709999084472656,29.81333351135254,29.48666763305664,29.516666412353516,1492200,SOXX
2015-07-13,26.98472023010254,29.959999084472656,30.020000457763672,29.746667861938477,29.969999313354492,1103700,SOXX
2015-07-14,27.266939163208008,30.273332595825195,30.34666633605957,30.06999969482422,30.106666564941406,1011300,SOXX
2015-07-15,27.10481834411621,30.093332290649414,30.34000015258789,29.956666946411133,30.34000015258789,1074900,SOXX
2015-07-16,27.155853271484375,30.149999618530273,30.316667556762695,29.873332977294922,30.316667556762695,1657500,SOXX
2015-07-17,27.098814010620117,30.086666107177734,30.133333206176758,29.850000381469727,30.133333206176758,1542000,SOXX
2015-07-20,26.912673950195312,29.8799991607666,30.246667861938477,29.863332748413086,30.196666717529297,1096800,SOXX
2015-07-21,26.918672561645508,29.886667251586914,30.149999618530273,29.843332290649414,29.893333435058594,678600,SOXX
2015-07-22,26.249156951904297,29.143333435058594,29.22333335876465,28.81999969482422,29.10333251953125,3495300,SOXX
2015-07-23,26.63945960998535,29.57666778564453,29.926666259765625,29.30666732788086,29.30666732788086,1139700,SOXX
2015-07-24,26.105051040649414,28.983333587646484,29.72333335876465,28.953332901000977,29.663333892822266,2122800,SOXX
2015-07-27,25.91290855407715,28.770000457763672,28.969999313354492,28.46666717529297,28.80666732788086,1569000,SOXX
2015-07-28,26.453319549560547,29.3700008392334,29.546667098999023,28.690000534057617,28.916667938232422,2151900,SOXX
2015-07-29,26.48634147644043,29.406667709350586,29.463333129882812,29.086666107177734,29.34666633605957,1403400,SOXX
2015-07-30,26.5914249420166,29.523332595825195,29.6200008392334,29.17333221435547,29.253332138061523,3404700,SOXX
2015-07-31,26.282182693481445,29.18000030517578,29.566667556762695,29.126667022705078,29.566667556762695,1690800,SOXX
2015-08-03,26.198116302490234,29.086666107177734,29.206666946411133,28.926666259765625,29.149999618530273,1101900,SOXX
2015-08-04,25.906898498535156,28.76333236694336,29.049999237060547,28.579999923706055,28.99333381652832,2780100,SOXX
2015-08-05,26.234148025512695,29.126667022705078,29.329999923706055,28.916667938232422,28.93000030517578,1431300,SOXX
2015-08-06,25.76578712463379,28.606666564941406,29.18000030517578,28.386667251586914,29.18000030517578,2950500,SOXX
2015-08-07,25.91290855407715,28.770000457763672,28.799999237060547,28.463333129882812,28.489999771118164,946800,SOXX
2015-08-10,26.555397033691406,29.483333587646484,29.53333282470703,28.98666763305664,29.023332595825195,1439100,SOXX
2015-08-11,25.957931518554688,28.81999969482422,29.19333267211914,28.703332901000977,29.190000534057617,2166000,SOXX
2015-08-12,26.108055114746094,28.98666763305664,29.126667022705078,28.24333381652832,28.469999313354492,2565600,SOXX
2015-08-13,25.897884368896484,28.753332138061523,29.100000381469727,28.690000534057617,28.983333587646484,903300,SOXX
2015-08-14,25.684724807739258,28.516666412353516,28.64666748046875,28.343332290649414,28.64666748046875,1231500,SOXX
2015-08-17,25.903894424438477,28.760000228881836,28.81333351135254,28.253332138061523,28.39666748046875,794400,SOXX
2015-08-18,25.414520263671875,28.21666717529297,28.719999313354492,28.17333221435547,28.71666717529297,1221600,SOXX
2015-08-19,25.18634796142578,27.963333129882812,28.28333282470703,27.780000686645508,28.27666664123535,1461000,SOXX
2015-08-20,24.240619659423828,26.913333892822266,27.67333221435547,26.90333366394043,27.65999984741211,2677500,SOXX
2015-08-21,23.57710838317871,26.176666259765625,26.976667404174805,26.176666259765625,26.566667556762695,4139700,SOXX
2015-08-24,23.0487060546875,25.59000015258789,26.726667404174805,24.286666870117188,24.65999984741211,5372700,SOXX
2015-08-25,22.820531845092773,25.336666107177734,26.65333366394043,25.336666107177734,26.59666633605957,2749500,SOXX
2015-08-26,23.95839500427246,26.600000381469727,26.633333206176758,25.626667022705078,26.126667022705078,3394800,SOXX
2015-08-27,24.850082397460938,27.59000015258789,27.626667022705078,27.03333282470703,27.06333351135254,3912300,SOXX
2015-08-28,24.994197845458984,27.75,27.80666732788086,27.489999771118164,27.489999771118164,2056200,SOXX
2015-08-31,24.925142288208008,27.67333221435547,27.953332901000977,27.399999618530273,27.536666870117188,1644000,SOXX
2015-09-01,24.045469284057617,26.696666717529297,27.386667251586914,26.566667556762695,26.843332290649414,2040000,SOXX
2015-09-02,24.61890983581543,27.333332061767578,27.333332061767578,26.850000381469727,27.14666748046875,1447200,SOXX
2015-09-03,24.81104850769043,27.546667098999023,27.90999984741211,27.456666946411133,27.540000915527344,952500,SOXX
2015-09-04,24.38172149658203,27.06999969482422,27.399999618530273,26.963333129882812,27.166667938232422,998100,SOXX
2015-09-08,25.462556838989258,28.270000457763672,28.280000686645508,27.663333892822266,27.666667938232422,2252400,SOXX
2015-09-09,24.994197845458984,27.75,28.71666717529297,27.69333267211914,28.520000457763672,2599800,SOXX
2015-09-10,25.105283737182617,27.873332977294922,28.126667022705078,27.476667404174805,27.73666763305664,1707600,SOXX
2015-09-11,25.120298385620117,27.889999389648438,27.906667709350586,27.50666618347168,27.6299991607666,1901100,SOXX
2015-09-14,25.17733383178711,27.953332901000977,28.100000381469727,27.873332977294922,28.02666664123535,1593000,SOXX
2015-09-15,25.49858283996582,28.309999465942383,28.386667251586914,28.06999969482422,28.083332061767578,1239600,SOXX
2015-09-16,25.552623748779297,28.3700008392334,28.40333366394043,28.07666778564453,28.24333381652832,1427100,SOXX
2015-09-17,25.348468780517578,28.143333435058594,28.600000381469727,28.083332061767578,28.31999969482422,1956300,SOXX
2015-09-18,24.90713119506836,27.65333366394043,28.010000228881836,27.546667098999023,27.72333335876465,1840500,SOXX
2015-09-21,24.83207130432129,27.56999969482422,27.920000076293945,27.43666648864746,27.829999923706055,2055600,SOXX
2015-09-22,24.285648345947266,26.963333129882812,27.176666259765625,26.85333251953125,27.100000381469727,2840700,SOXX
2015-09-23,24.105510711669922,26.76333236694336,27.116666793823242,26.729999542236328,26.983333587646484,1437900,SOXX
2015-09-24,24.057476043701172,26.709999084472656,26.876667022705078,26.003332138061523,26.510000228881836,4153500,SOXX
2015-09-25,24.189720153808594,26.706666946411133,27.100000381469727,26.450000762939453,26.92333221435547,1764900,SOXX
2015-09-28,23.519458770751953,25.96666717529297,26.683332443237305,25.963333129882812,26.536666870117188,5704500,SOXX
2015-09-29,23.676454544067383,26.139999389648438,26.386667251586914,25.860000610351562,26.036666870117188,1279800,SOXX
2015-09-30,24.594289779663086,27.15333366394043,27.18000030517578,26.559999465942383,26.600000381469727,1386600,SOXX
2015-10-01,24.301427841186523,26.829999923706055,27.139999389648438,26.363332748413086,27.139999389648438,2105100,SOXX
2015-10-02,24.808650970458984,27.389999389648438,27.406667709350586,26.459999084472656,26.47333335876465,2045700,SOXX
2015-10-05,25.29172134399414,27.92333221435547,28.05666732788086,27.56999969482422,27.656667709350586,2508300,SOXX
2015-10-06,25.373233795166016,28.01333236694336,28.086666107177734,27.51333236694336,27.863332748413086,3105900,SOXX
2015-10-07,25.7083683013916,28.383333206176758,28.559999465942383,27.90999984741211,28.25,1994100,SOXX
2015-10-08,25.877443313598633,28.56999969482422,28.6200008392334,28.1200008392334,28.366666793823242,1840500,SOXX
2015-10-09,25.717430114746094,28.393333435058594,28.65999984741211,28.22333335876465,28.623332977294922,1390800,SOXX
2015-10-12,25.717430114746094,28.393333435058594,28.453332901000977,28.24333381652832,28.366666793823242,1982400,SOXX
2015-10-13,25.400415420532227,28.043333053588867,28.350000381469727,28.016666412353516,28.19333267211914,1438200,SOXX
2015-10-14,26.324275970458984,29.06333351135254,29.316667556762695,28.106666564941406,28.183332443237305,3415800,SOXX
2015-10-15,26.571847915649414,29.336666107177734,29.559999465942383,29.086666107177734,29.27666664123535,2243400,SOXX
2015-10-16,26.63224220275879,29.40333366394043,29.440000534057617,29.163333892822266,29.35333251953125,1426500,SOXX
2015-10-19,26.623180389404297,29.393333435058594,29.593332290649414,29.17333221435547,29.309999465942383,1389000,SOXX
2015-10-20,26.59903335571289,29.366666793823242,29.463333129882812,29.200000762939453,29.383333206176758,996900,SOXX
2015-10-21,26.638273239135742,29.40999984741211,29.96666717529297,29.399999618530273,29.656667709350586,1579800,SOXX
2015-10-22,27.562143325805664,30.43000030517578,30.479999542236328,29.833332061767578,29.889999389648438,2399100,SOXX
2015-10-23,27.89727783203125,30.799999237060547,30.883333206176758,30.389999389648438,30.700000762939453,3199500,SOXX
2015-10-26,27.39609718322754,30.246667861938477,30.65999984741211,30.09666633605957,30.65999984741211,3103200,SOXX
2015-10-27,27.15757942199707,29.983333587646484,30.19333267211914,29.899999618530273,29.976667404174805,3168900,SOXX
2015-10-28,27.559131622314453,30.426666259765625,30.50666618347168,30.06999969482422,30.196666717529297,3307800,SOXX
2015-10-29,26.819429397583008,29.610000610351562,29.92333221435547,29.523332595825195,29.843332290649414,1950600,SOXX
2015-10-30,27.033796310424805,29.84666633605957,29.953332901000977,29.670000076293945,29.72333335876465,1505400,SOXX
2015-11-02,27.272306442260742,30.110000610351562,30.149999618530273,29.89666748046875,29.926666259765625,1122300,SOXX
2015-11-03,27.414213180541992,30.266666412353516,30.389999389648438,30.01333236694336,30.01333236694336,1026300,SOXX
2015-11-04,27.49270248413086,30.35333251953125,30.42333221435547,30.139999389648438,30.293333053588867,1472100,SOXX
2015-11-05,26.916048049926758,29.71666717529297,30.260000228881836,29.67333221435547,30.21666717529297,2101800,SOXX
2015-11-06,27.628570556640625,30.503332138061523,30.516666412353516,29.916667938232422,29.963333129882812,1913700,SOXX
2015-11-09,27.359859466552734,30.206666946411133,30.426666259765625,30.049999237060547,30.426666259765625,1821900,SOXX
2015-11-10,26.861698150634766,29.656667709350586,29.883333206176758,29.566667556762695,29.883333206176758,2517900,SOXX
2015-11-11,26.882837295532227,29.68000030517578,29.99333381652832,29.65333366394043,29.726667404174805,1607400,SOXX
2015-11-12,26.535621643066406,29.296667098999023,29.703332901000977,29.296667098999023,29.523332595825195,2419200,SOXX
2015-11-13,26.297109603881836,29.03333282470703,29.39666748046875,28.920000076293945,29.286666870117188,1488300,SOXX
2015-11-16,26.620166778564453,29.389999389648438,29.40999984741211,29.010000228881836,29.016666412353516,1824000,SOXX
2015-11-17,26.798294067382812,29.586666107177734,29.816667556762695,29.389999389648438,29.43000030517578,2051700,SOXX
2015-11-18,27.063983917236328,29.8799991607666,29.90999984741211,29.426666259765625,29.6299991607666,2264700,SOXX
2015-11-19,27.12738609313965,29.950000762939453,30.22333335876465,29.790000915527344,29.950000762939453,1168200,SOXX
2015-11-20,27.214941024780273,30.046667098999023,30.209999084472656,29.969999313354492,30.07666778564453,598200,SOXX
2015-11-23,26.888870239257812,29.68666648864746,30.0,29.64666748046875,29.99333381652832,1169400,SOXX
2015-11-24,27.205883026123047,30.036666870117188,30.09666633605957,29.496667861938477,29.623332977294922,1676700,SOXX
2015-11-25,27.245132446289062,30.079999923706055,30.206666946411133,29.946666717529297,30.059999465942383,462300,SOXX
2015-11-27,27.362882614135742,30.209999084472656,30.323333740234375,30.09666633605957,30.09666633605957,588600,SOXX
2015-11-30,27.65875816345215,30.536666870117188,30.623332977294922,30.24333381652832,30.253332138061523,1134900,SOXX
2015-12-01,28.08748435974121,31.010000228881836,31.01333236694336,30.663333892822266,30.733333587646484,1731600,SOXX
2015-12-02,27.95464324951172,30.863332748413086,31.203332901000977,30.803333282470703,31.123332977294922,996900,SOXX
2015-12-03,27.785564422607422,30.676666259765625,31.30666732788086,30.520000457763672,31.273332595825195,1847700,SOXX
2015-12-04,28.2656192779541,31.206666946411133,31.290000915527344,30.593332290649414,30.643333435058594,1254900,SOXX
2015-12-07,28.036165237426758,30.953332901000977,31.18000030517578,30.886667251586914,31.18000030517578,1502100,SOXX
2015-12-08,27.79764747619629,30.690000534057617,30.78333282470703,30.399999618530273,30.540000915527344,1609200,SOXX
2015-12-09,27.435340881347656,30.290000915527344,30.72333335876465,30.143333435058594,30.690000534057617,1364700,SOXX
2015-12-10,27.568187713623047,30.43666648864746,30.68666648864746,30.24333381652832,30.26333236694336,1127400,SOXX
2015-12-11,27.051904678344727,29.866666793823242,30.233333587646484,29.81999969482422,30.126667022705078,2222100,SOXX
2015-12-14,26.876789093017578,29.67333221435547,29.96666717529297,29.373332977294922,29.85333251953125,2588100,SOXX
2015-12-15,27.281368255615234,30.1200008392334,30.23666763305664,29.803333282470703,29.90333366394043,1524000,SOXX
2015-12-16,27.48666763305664,30.34666633605957,30.406667709350586,29.8700008392334,30.303333282470703,1255200,SOXX
2015-12-17,27.109268188476562,29.93000030517578,30.600000381469727,29.90333366394043,30.523332595825195,1064700,SOXX
2015-12-18,26.79527473449707,29.583332061767578,29.84000015258789,29.516666412353516,29.746667861938477,1937700,SOXX
2015-12-21,27.254194259643555,30.09000015258789,30.116666793823242,29.74333381652832,29.76333236694336,953100,SOXX
2015-12-22,27.296463012695312,30.136667251586914,30.23666763305664,29.899999618530273,30.18666648864746,796500,SOXX
2015-12-23,27.48666763305664,30.34666633605957,30.373332977294922,30.126667022705078,30.17333221435547,1291200,SOXX
2015-12-24,27.596506118774414,30.40333366394043,30.516666412353516,30.233333587646484,30.253332138061523,506700,SOXX
2015-12-28,27.487579345703125,30.28333282470703,30.28333282470703,29.983333587646484,30.260000228881836,342900,SOXX
2015-12-29,27.808286666870117,30.636667251586914,30.77666664123535,30.3799991607666,30.469999313354492,596400,SOXX
2015-12-30,27.557165145874023,30.360000610351562,30.690000534057617,30.336666107177734,30.626667022705078,1165800,SOXX
2015-12-31,27.181991577148438,29.946666717529297,30.253332138061523,29.93000030517578,30.239999771118164,776700,SOXX
2016-01-04,26.86733055114746,29.600000381469727,29.600000381469727,29.166667938232422,29.343332290649414,1023000,SOXX
2016-01-05,26.613174438476562,29.31999969482422,29.71666717529297,29.25666618347168,29.656667709350586,1329000,SOXX
2016-01-06,25.693397521972656,28.30666732788086,28.816667556762695,28.239999771118164,28.690000534057617,1541100,SOXX
2016-01-07,24.973299026489258,27.51333236694336,28.15999984741211,27.453332901000977,27.760000228881836,2026800,SOXX
2016-01-08,24.61325454711914,27.116666793823242,27.80666732788086,27.046667098999023,27.703332901000977,1465200,SOXX
2016-01-11,24.697973251342773,27.209999084472656,27.456666946411133,26.843332290649414,27.290000915527344,1000800,SOXX
2016-01-12,24.903715133666992,27.43666648864746,27.696666717529297,27.05666732788086,27.510000228881836,1073700,SOXX
2016-01-13,24.11100196838379,26.56333351135254,27.65333366394043,26.55666732788086,27.44333267211914,1756200,SOXX
2016-01-14,24.607206344604492,27.110000610351562,27.253332138061523,26.333332061767578,26.696666717529297,1294200,SOXX
2016-01-15,23.496810913085938,25.886667251586914,26.229999542236328,25.540000915527344,26.040000915527344,1663800,SOXX
2016-01-19,23.536136627197266,25.93000030517578,26.49333381652832,25.703332901000977,26.273332595825195,986100,SOXX
2016-01-20,23.69044303894043,26.100000381469727,26.360000610351562,25.3799991607666,25.60333251953125,1718700,SOXX
2016-01-21,24.04141616821289,26.48666763305664,26.809999465942383,26.123332977294922,26.360000610351562,1162200,SOXX
2016-01-22,24.480127334594727,26.969999313354492,27.15999984741211,26.80666732788086,26.989999771118164,1642800,SOXX
2016-01-25,24.141265869140625,26.59666633605957,26.96666717529297,26.546667098999023,26.90999984741211,1261500,SOXX
2016-01-26,24.365154266357422,26.843332290649414,27.053333282470703,26.586666107177734,26.670000076293945,1683300,SOXX
2016-01-27,24.08680534362793,26.536666870117188,27.043333053588867,26.43000030517578,26.75666618347168,1650000,SOXX
2016-01-28,24.032344818115234,26.476667404174805,26.793333053588867,26.260000228881836,26.64666748046875,525000,SOXX
2016-01-29,25.121559143066406,27.676666259765625,27.68000030517578,26.696666717529297,26.696666717529297,1774500,SOXX
2016-02-01,25.233503341674805,27.799999237060547,27.94333267211914,27.389999389648438,27.459999084472656,1923600,SOXX
2016-02-02,24.401460647583008,26.883333206176758,27.5,26.80666732788086,27.5,1210200,SOXX
2016-02-03,24.458955764770508,26.946666717529297,27.23666763305664,26.40333366394043,27.23666763305664,1507800,SOXX
2016-02-04,24.882539749145508,27.413333892822266,27.583332061767578,26.92333221435547,26.946666717529297,1115400,SOXX
2016-02-05,24.029314041137695,26.47333335876465,27.293333053588867,26.363332748413086,27.293333053588867,2381400,SOXX
2016-02-08,23.4242000579834,25.80666732788086,26.036666870117188,25.39666748046875,26.02666664123535,3249300,SOXX
2016-02-09,23.29107093811035,25.65999984741211,26.113332748413086,25.43666648864746,25.49333381652832,859200,SOXX
2016-02-10,23.10953140258789,25.459999084472656,26.093332290649414,25.433332443237305,25.866666793823242,2616000,SOXX
2016-02-11,22.93101692199707,25.26333236694336,25.406667709350586,24.933332443237305,25.05666732788086,1256100,SOXX
2016-02-12,23.433273315429688,25.816667556762695,25.84666633605957,25.190000534057617,25.543333053588867,1213500,SOXX
2016-02-16,24.256240844726562,26.72333335876465,26.860000610351562,26.07666778564453,26.15999984741211,1281300,SOXX
2016-02-17,24.83412742614746,27.360000610351562,27.413333892822266,26.860000610351562,26.899999618530273,1126200,SOXX
2016-02-18,24.716127395629883,27.229999542236328,27.59000015258789,27.203332901000977,27.566667556762695,1015200,SOXX
2016-02-19,24.825050354003906,27.350000381469727,27.510000228881836,27.15999984741211,27.27666664123535,545400,SOXX
2016-02-22,25.21534538269043,27.780000686645508,27.92333221435547,27.623332977294922,27.623332977294922,1787400,SOXX
2016-02-23,24.818994522094727,27.343332290649414,27.69333267211914,27.290000915527344,27.643333435058594,764100,SOXX
2016-02-24,25.14879035949707,27.706666946411133,27.766666412353516,26.850000381469727,27.016666412353516,1031700,SOXX
2016-02-25,25.45437240600586,28.043333053588867,28.06999969482422,27.489999771118164,27.796667098999023,1239000,SOXX
2016-02-26,25.617761611938477,28.22333335876465,28.32666778564453,28.10333251953125,28.290000915527344,921300,SOXX
2016-02-29,25.5572452545166,28.156667709350586,28.649999618530273,28.156667709350586,28.27666664123535,1171200,SOXX
2016-03-01,26.247081756591797,28.916667938232422,28.953332901000977,28.350000381469727,28.363332748413086,1164900,SOXX
2016-03-02,26.410463333129883,29.09666633605957,29.113332748413086,28.866666793823242,28.873332977294922,1033200,SOXX
2016-03-03,26.44072151184082,29.1299991607666,29.203332901000977,28.916667938232422,29.106666564941406,869400,SOXX
2016-03-04,26.713024139404297,29.43000030517578,29.67333221435547,29.113332748413086,29.329999923706055,1378500,SOXX
2016-03-07,26.83405303955078,29.56333351135254,29.670000076293945,29.14666748046875,29.25,1113600,SOXX
2016-03-08,26.225900650024414,28.893333435058594,29.350000381469727,28.85333251953125,29.329999923706055,1032900,SOXX
2016-03-09,26.410463333129883,29.09666633605957,29.170000076293945,28.8799991607666,28.97333335876465,578700,SOXX
2016-03-10,26.543590545654297,29.24333381652832,29.52666664123535,28.850000381469727,29.280000686645508,2480700,SOXX
2016-03-11,27.048864364624023,29.799999237060547,29.829999923706055,29.5,29.559999465942383,656100,SOXX
2016-03-14,26.985321044921875,29.729999542236328,29.82666778564453,29.59666633605957,29.68666648864746,752400,SOXX
2016-03-15,26.915740966796875,29.65333366394043,29.656667709350586,29.413333892822266,29.6299991607666,2064300,SOXX
2016-03-16,27.15778350830078,29.920000076293945,29.956666946411133,29.46666717529297,29.46666717529297,1463400,SOXX
2016-03-17,27.345375061035156,30.126667022705078,30.203332901000977,29.78333282470703,29.829999923706055,940200,SOXX
2016-03-18,27.705419540405273,30.523332595825195,30.559999465942383,30.093332290649414,30.166667938232422,1722300,SOXX
2016-03-21,27.74172592163086,30.56333351135254,30.600000381469727,30.303333282470703,30.42333221435547,672000,SOXX
2016-03-22,27.73567771911621,30.55666732788086,30.67333221435547,30.34000015258789,30.413333892822266,653100,SOXX
2016-03-23,27.373336791992188,30.066667556762695,30.446666717529297,30.059999465942383,30.420000076293945,735600,SOXX
2016-03-24,27.355117797851562,30.046667098999023,30.06333351135254,29.719999313354492,29.8799991607666,602400,SOXX
2016-03-28,27.339941024780273,30.030000686645508,30.14666748046875,29.90333366394043,30.110000610351562,476100,SOXX
2016-03-29,27.71625328063965,30.44333267211914,30.46666717529297,29.760000228881836,29.899999618530273,1197600,SOXX
2016-03-30,27.95903205871582,30.709999084472656,30.899999618530273,30.586666107177734,30.60333251953125,688800,SOXX
2016-03-31,27.804264068603516,30.540000915527344,30.69333267211914,30.530000686645508,30.666667938232422,536700,SOXX
2016-04-01,27.995450973510742,30.75,30.76333236694336,30.24333381652832,30.27666664123535,453000,SOXX
2016-04-04,27.746599197387695,30.476667404174805,30.753332138061523,30.416667938232422,30.729999542236328,653700,SOXX
2016-04-05,27.591829299926758,30.30666732788086,30.51333236694336,30.17333221435547,30.293333053588867,541500,SOXX
2016-04-06,27.855846405029297,30.59666633605957,30.623332977294922,30.023332595825195,30.273332595825195,5235600,SOXX
2016-04-07,27.430984497070312,30.1299991607666,30.479999542236328,30.016666412353516,30.479999542236328,1107300,SOXX
2016-04-08,27.558448791503906,30.270000457763672,30.549999237060547,30.163333892822266,30.469999313354492,1175400,SOXX
2016-04-11,27.552377700805664,30.26333236694336,30.709999084472656,30.253332138061523,30.413333892822266,789300,SOXX
2016-04-12,27.512922286987305,30.219999313354492,30.336666107177734,29.833332061767578,30.303333282470703,1233000,SOXX
2016-04-13,28.12897300720215,30.89666748046875,30.92333221435547,30.40999984741211,30.426666259765625,1008600,SOXX
2016-04-14,27.91351318359375,30.65999984741211,30.706666946411133,30.35333251953125,30.626667022705078,725700,SOXX
2016-04-15,27.67376136779785,30.39666748046875,30.636667251586914,30.363332748413086,30.593332290649414,1100100,SOXX
2016-04-18,27.676795959472656,30.399999618530273,30.47333335876465,30.229999542236328,30.286666870117188,980100,SOXX
2016-04-19,27.339941024780273,30.030000686645508,30.496667861938477,29.90333366394043,30.46666717529297,1293000,SOXX
2016-04-20,27.600934982299805,30.316667556762695,30.453332901000977,29.950000762939453,29.953332901000977,1105500,SOXX
2016-04-21,27.437057495117188,30.136667251586914,30.30666732788086,29.99333381652832,30.30666732788086,825300,SOXX
2016-04-22,27.485612869262695,30.190000534057617,30.456666946411133,29.946666717529297,30.15999984741211,731400,SOXX
2016-04-25,27.321739196777344,30.010000228881836,30.270000457763672,29.920000076293945,30.09666633605957,1796100,SOXX
2016-04-26,27.685911178588867,30.40999984741211,30.68666648864746,30.233333587646484,30.23666763305664,1356300,SOXX
2016-04-27,27.968135833740234,30.719999313354492,30.770000457763672,30.079999923706055,30.110000610351562,1516800,SOXX
2016-04-28,27.236766815185547,29.916667938232422,30.72333335876465,29.836666107177734,30.55666732788086,1489500,SOXX
2016-04-29,26.517534255981445,29.126667022705078,29.799999237060547,28.90333366394043,29.799999237060547,2604000,SOXX
2016-05-02,26.71782684326172,29.34666633605957,29.386667251586914,28.976667404174805,29.203332901000977,1144200,SOXX
2016-05-03,26.414348602294922,29.01333236694336,29.190000534057617,28.8799991607666,29.053333282470703,3286800,SOXX
2016-05-04,26.113916397094727,28.683332443237305,29.00666618347168,28.583332061767578,28.803333282470703,2537100,SOXX
2016-05-05,26.177644729614258,28.753332138061523,29.030000686645508,28.649999618530273,28.850000381469727,1178100,SOXX
2016-05-06,26.214061737060547,28.793333053588867,28.81333351135254,28.39666748046875,28.6299991607666,1242000,SOXX
2016-05-09,26.18067741394043,28.75666618347168,29.0,28.67333221435547,28.84666633605957,975000,SOXX
2016-05-10,26.490222930908203,29.09666633605957,29.110000610351562,28.663333892822266,28.836666107177734,830100,SOXX
2016-05-11,26.426496505737305,29.02666664123535,29.286666870117188,28.98666763305664,28.98666763305664,2676300,SOXX
2016-05-12,25.95306968688965,28.50666618347168,29.14666748046875,28.27666664123535,29.093332290649414,1212000,SOXX
2016-05-13,26.047151565551758,28.610000610351562,28.84666633605957,28.52666664123535,28.586666107177734,1603500,SOXX
2016-05-16,26.4659423828125,29.06999969482422,29.266666412353516,28.52666664123535,28.626667022705078,712800,SOXX
2016-05-17,26.292957305908203,28.8799991607666,29.18666648864746,28.793333053588867,29.02666664123535,624000,SOXX
2016-05-18,26.702651977539062,29.329999923706055,29.583332061767578,28.760000228881836,28.760000228881836,2003400,SOXX
2016-05-19,26.553953170776367,29.166667938232422,29.386667251586914,28.913333892822266,29.139999389648438,1394700,SOXX
2016-05-20,27.358152389526367,30.049999237060547,30.079999923706055,29.516666412353516,29.520000457763672,1679400,SOXX
2016-05-23,27.549341201782227,30.260000228881836,30.530000686645508,30.25,30.25,735900,SOXX
2016-05-24,28.213953018188477,30.989999771118164,31.02666664123535,30.47333335876465,30.510000228881836,1587600,SOXX
2016-05-25,28.380859375,31.17333221435547,31.25666618347168,30.933332443237305,31.18000030517578,1248600,SOXX
2016-05-26,28.474937438964844,31.27666664123535,31.350000381469727,31.143333435058594,31.219999313354492,912300,SOXX
2016-05-27,28.653982162475586,31.47333335876465,31.52666664123535,31.25,31.25,861600,SOXX
2016-05-31,28.820898056030273,31.656667709350586,31.68666648864746,31.446666717529297,31.53333282470703,2144400,SOXX
2016-06-01,28.97263526916504,31.823333740234375,31.863332748413086,31.50666618347168,31.6299991607666,1314300,SOXX
2016-06-02,28.97870635986328,31.829999923706055,31.829999923706055,31.626667022705078,31.766666412353516,740700,SOXX
2016-06-03,29.063674926757812,31.92333221435547,32.12333297729492,31.73666763305664,32.106666564941406,1316100,SOXX
2016-06-06,28.996910095214844,31.850000381469727,32.11333465576172,31.796667098999023,31.94333267211914,1886100,SOXX
2016-06-07,29.2730712890625,32.1533317565918,32.21666717529297,31.983333587646484,31.98666763305664,1399200,SOXX
2016-06-08,29.260936737060547,32.13999938964844,32.223331451416016,32.040000915527344,32.1533317565918,418800,SOXX
2016-06-09,29.2943172454834,32.176666259765625,32.19333267211914,31.823333740234375,31.933332443237305,1087200,SOXX
2016-06-10,28.814830780029297,31.649999618530273,31.850000381469727,31.536666870117188,31.850000381469727,1038900,SOXX
2016-06-13,28.66612434387207,31.48666763305664,31.836666107177734,31.420000076293945,31.446666717529297,1664400,SOXX
2016-06-14,28.65702247619629,31.476667404174805,31.559999465942383,31.176666259765625,31.383333206176758,1265700,SOXX
2016-06-15,28.653982162475586,31.47333335876465,31.690000534057617,31.420000076293945,31.636667251586914,706500,SOXX
2016-06-16,28.65095329284668,31.469999313354492,31.489999771118164,30.93000030517578,31.163333892822266,4066500,SOXX
2016-06-17,28.408170700073242,31.203332901000977,31.420000076293945,30.976667404174805,31.420000076293945,1817700,SOXX
2016-06-20,28.723787307739258,31.549999237060547,31.926666259765625,31.53333282470703,31.656667709350586,1106100,SOXX
2016-06-21,28.8148136138916,31.549999237060547,31.643333435058594,31.43666648864746,31.583332061767578,966600,SOXX
2016-06-22,28.787418365478516,31.520000457763672,31.85333251953125,31.483333587646484,31.59666633605957,918900,SOXX
2016-06-23,29.50588035583496,32.30666732788086,32.34333419799805,31.836666107177734,31.933332443237305,1099200,SOXX
2016-06-24,27.90454864501953,30.553333282470703,31.43666648864746,30.43666648864746,30.940000534057617,2657100,SOXX
2016-06-27,26.77205467224121,29.31333351135254,30.139999389648438,29.113332748413086,30.136667251586914,5307000,SOXX
2016-06-28,27.472251892089844,30.079999923706055,30.139999389648438,29.690000534057617,29.770000457763672,2741700,SOXX
2016-06-29,28.026325225830078,30.68666648864746,30.77666664123535,30.323333740234375,30.433332443237305,2353800,SOXX
2016-06-30,28.50733184814453,31.213333129882812,31.246667861938477,30.666667938232422,30.726667404174805,1577400,SOXX
2016-07-01,28.272916793823242,30.956666946411133,31.06333351135254,30.893333435058594,30.976667404174805,1338000,SOXX
2016-07-05,27.75537872314453,30.389999389648438,30.713333129882812,30.206666946411133,30.713333129882812,2583300,SOXX
2016-07-06,27.791906356811523,30.43000030517578,30.479999542236328,29.876667022705078,30.170000076293945,1725300,SOXX
2016-07-07,28.12983512878418,30.799999237060547,31.02666664123535,30.476667404174805,30.476667404174805,1184100,SOXX
2016-07-08,28.912233352661133,31.656667709350586,31.683332443237305,31.100000381469727,31.116666793823242,1075200,SOXX
2016-07-11,29.237977981567383,32.01333236694336,32.150001525878906,31.873332977294922,31.89666748046875,960900,SOXX
2016-07-12,29.6185245513916,32.43000030517578,32.540000915527344,32.246665954589844,32.30666732788086,3075300,SOXX
2016-07-13,29.655057907104492,32.470001220703125,32.66666793823242,32.41999816894531,32.54666519165039,1431000,SOXX
2016-07-14,29.871198654174805,32.706668853759766,32.79666519165039,32.5,32.76333236694336,1401300,SOXX
2016-07-15,29.862070083618164,32.6966667175293,32.753334045410156,32.56666564941406,32.71333312988281,1151100,SOXX
2016-07-18,30.300460815429688,33.176666259765625,33.23666763305664,33.016666412353516,33.11000061035156,1426200,SOXX
2016-07-19,30.196941375732422,33.063331604003906,33.1533317565918,32.959999084472656,33.12333297729492,845400,SOXX
2016-07-20,30.674915313720703,33.586666107177734,33.66999816894531,33.143333435058594,33.25,1967100,SOXX
2016-07-21,30.45876693725586,33.349998474121094,33.63999938964844,33.21333312988281,33.619998931884766,1458000,SOXX
2016-07-22,30.610986709594727,33.516666412353516,33.53666687011719,33.03333282470703,33.23666763305664,1398900,SOXX
2016-07-25,30.787559509277344,33.709999084472656,33.77333450317383,33.5099983215332,33.5099983215332,710100,SOXX
2016-07-26,31.980941772460938,35.016666412353516,35.17333221435547,34.03333282470703,34.03333282470703,4409700,SOXX
2016-07-27,31.977903366088867,35.01333236694336,35.34333419799805,34.810001373291016,35.33000183105469,3430500,SOXX
2016-07-28,31.801319122314453,34.81999969482422,35.0533332824707,34.66666793823242,34.856666564941406,2495700,SOXX
2016-07-29,31.661293029785156,34.66666793823242,34.926666259765625,34.5099983215332,34.813331604003906,1017000,SOXX
2016-08-01,31.685638427734375,34.69333267211914,34.81999969482422,34.573333740234375,34.74333190917969,1479300,SOXX
2016-08-02,31.19854164123535,34.15999984741211,34.630001068115234,33.95333480834961,34.630001068115234,4523400,SOXX
2016-08-03,31.23812484741211,34.20333480834961,34.209999084472656,33.970001220703125,33.97666549682617,1248900,SOXX
2016-08-04,31.530378341674805,34.52333450317383,34.53666687011719,34.22666549682617,34.290000915527344,1218600,SOXX
2016-08-05,31.932231903076172,34.96333312988281,35.0,34.676666259765625,34.72666549682617,1239000,SOXX
2016-08-08,31.89568519592285,34.92333221435547,35.16666793823242,34.86000061035156,35.08333206176758,695700,SOXX
2016-08-09,32.154476165771484,35.206668853759766,35.31999969482422,35.05666732788086,35.116668701171875,1128000,SOXX
2016-08-10,31.93526840209961,34.96666717529297,35.276668548583984,34.81999969482422,35.23666763305664,2446800,SOXX
2016-08-11,32.05704116821289,35.099998474121094,35.14666748046875,34.91666793823242,35.116668701171875,1129500,SOXX
2016-08-12,32.20621871948242,35.26333236694336,35.34000015258789,35.130001068115234,35.16666793823242,575100,SOXX
2016-08-15,32.64461135864258,35.74333190917969,35.83000183105469,35.336666107177734,35.336666107177734,683100,SOXX
2016-08-16,32.41627883911133,35.49333190917969,35.686668395996094,35.45333480834961,35.686668395996094,1883100,SOXX
2016-08-17,32.41020202636719,35.48666763305664,35.51333236694336,35.29666519165039,35.50666809082031,1782300,SOXX
2016-08-18,32.64461135864258,35.74333190917969,35.746665954589844,35.46666717529297,35.496665954589844,693000,SOXX
2016-08-19,32.9246940612793,36.04999923706055,36.13666534423828,35.776668548583984,35.776668548583984,1472400,SOXX
2016-08-22,32.93991470336914,36.06666564941406,36.1533317565918,35.913333892822266,35.99333190917969,770700,SOXX
2016-08-23,33.10126876831055,36.24333190917969,36.4033317565918,36.22666549682617,36.22666549682617,825600,SOXX
2016-08-24,32.827274322509766,35.94333267211914,36.323333740234375,35.849998474121094,36.293331146240234,917700,SOXX
2016-08-25,32.96123123168945,36.09000015258789,36.25666809082031,35.83333206176758,35.83333206176758,940200,SOXX
2016-08-26,33.10734558105469,36.25,36.52333450317383,36.00666809082031,36.150001525878906,932100,SOXX
2016-08-29,33.23826217651367,36.393333435058594,36.53333282470703,36.349998474121094,36.4033317565918,810900,SOXX
2016-08-30,33.17433547973633,36.323333740234375,36.599998474121094,36.19333267211914,36.400001525878906,3181200,SOXX
2016-08-31,33.15301513671875,36.29999923706055,36.35333251953125,36.0966682434082,36.313331604003906,1447200,SOXX
2016-09-01,33.414833068847656,36.586666107177734,36.61333465576172,36.116668701171875,36.4033317565918,1393800,SOXX
2016-09-02,33.38133239746094,36.54999923706055,36.776668548583984,36.383331298828125,36.75,1664400,SOXX
2016-09-06,33.305240631103516,36.46666717529297,36.663333892822266,36.279998779296875,36.61333465576172,1085400,SOXX
2016-09-07,33.05255126953125,36.189998626708984,36.526668548583984,36.12333297729492,36.52000045776367,3814200,SOXX
2016-09-08,32.994712829589844,36.12666702270508,36.223331451416016,35.913333892822266,36.073333740234375,1353300,SOXX
2016-09-09,31.82263946533203,34.84333419799805,35.84333419799805,34.73666763305664,35.84333419799805,2546400,SOXX
2016-09-12,32.41627883911133,35.49333190917969,35.53333282470703,34.44333267211914,34.560001373291016,2162700,SOXX
2016-09-13,32.1301155090332,35.18000030517578,35.616668701171875,35.003334045410156,35.31666564941406,1202100,SOXX
2016-09-14,32.41324234008789,35.4900016784668,35.57666778564453,35.043331146240234,35.09000015258789,1094100,SOXX
2016-09-15,33.16215515136719,36.310001373291016,36.37666702270508,35.426666259765625,35.473331451416016,1795500,SOXX
2016-09-16,33.17128372192383,36.31999969482422,36.689998626708984,36.043331146240234,36.57666778564453,1916100,SOXX
2016-09-19,33.210853576660156,36.36333465576172,36.89666748046875,36.24333190917969,36.54666519165039,1180500,SOXX
2016-09-20,33.061683654785156,36.20000076293945,36.5966682434082,36.11000061035156,36.573333740234375,1076100,SOXX
2016-09-21,33.51834487915039,36.70000076293945,36.75666809082031,36.223331451416016,36.380001068115234,1295700,SOXX
2016-09-22,33.62793731689453,36.81999969482422,37.04999923706055,36.71333312988281,36.939998626708984,1056600,SOXX
2016-09-23,33.283935546875,36.44333267211914,36.78333282470703,36.39666748046875,36.766666412353516,818100,SOXX
2016-09-26,32.95589828491211,35.93333435058594,36.1533317565918,35.78333282470703,36.03333282470703,1149300,SOXX
2016-09-27,33.52452850341797,36.5533332824707,36.560001373291016,35.83000183105469,35.849998474121094,1034700,SOXX
2016-09-28,33.59178161621094,36.62666702270508,36.813331604003906,36.4033317565918,36.686668395996094,840600,SOXX
2016-09-29,34.00450134277344,37.07666778564453,37.30666732788086,36.24333190917969,36.643333435058594,2580900,SOXX
2016-09-30,34.54255294799805,37.663333892822266,37.90666580200195,37.29666519165039,37.29666519165039,1372500,SOXX
2016-10-03,34.310211181640625,37.40999984741211,37.91666793823242,37.336666107177734,37.753334045410156,3632100,SOXX
2016-10-04,34.221553802490234,37.313331604003906,37.68333435058594,37.16999816894531,37.56666564941406,1019400,SOXX
2016-10-05,34.47222900390625,37.586666107177734,37.849998474121094,37.34333419799805,37.43333435058594,3852600,SOXX
2016-10-06,34.674015045166016,37.80666732788086,37.836666107177734,37.32666778564453,37.560001373291016,2603700,SOXX
2016-10-07,34.622039794921875,37.75,37.866668701171875,37.40999984741211,37.866668701171875,1383900,SOXX
2016-10-10,34.44776153564453,37.560001373291016,38.06999969482422,37.54666519165039,37.926666259765625,1210500,SOXX
2016-10-11,33.72629165649414,36.77333450317383,37.51333236694336,36.45000076293945,37.51333236694336,1871400,SOXX
2016-10-12,33.613182067871094,36.650001525878906,36.7599983215332,36.323333740234375,36.75,1567500,SOXX
2016-10-13,33.21575164794922,36.21666717529297,36.323333740234375,35.633331298828125,36.323333740234375,2082000,SOXX
2016-10-14,33.46644592285156,36.4900016784668,36.91666793823242,36.456668853759766,36.54666519165039,1365000,SOXX
2016-10-17,33.29216766357422,36.29999923706055,36.650001525878906,36.279998779296875,36.45333480834961,701100,SOXX
2016-10-18,33.67738723754883,36.720001220703125,36.869998931884766,36.650001525878906,36.746665954589844,891600,SOXX
2016-10-19,33.53675842285156,36.56666564941406,36.61333465576172,36.220001220703125,36.400001525878906,1192200,SOXX
2016-10-20,33.77214050292969,36.823333740234375,36.956668853759766,36.276668548583984,36.5,2059800,SOXX
2016-10-21,33.68655014038086,36.72999954223633,36.766666412353516,36.383331298828125,36.529998779296875,1095900,SOXX
2016-10-24,34.30409240722656,37.4033317565918,37.426666259765625,36.92333221435547,36.92333221435547,711000,SOXX
2016-10-25,34.27351379394531,37.369998931884766,37.53666687011719,37.29999923706055,37.42333221435547,823500,SOXX
2016-10-26,34.224605560302734,37.31666564941406,37.53666687011719,37.0533332824707,37.08333206176758,1119900,SOXX
2016-10-27,34.06563949584961,37.143333435058594,37.766666412353516,37.09333419799805,37.68000030517578,1385700,SOXX
2016-10-28,33.860809326171875,36.91999816894531,37.516666412353516,36.880001068115234,37.293331146240234,1798500,SOXX
2016-10-31,34.04423141479492,37.119998931884766,37.29666519165039,37.04999923706055,37.04999923706055,913200,SOXX
2016-11-01,33.7415771484375,36.790000915527344,37.41999816894531,36.38666534423828,37.12666702270508,1674000,SOXX
2016-11-02,33.518409729003906,36.54666519165039,37.016666412353516,36.426666259765625,36.813331604003906,2461200,SOXX
2016-11-03,33.4603157043457,36.483333587646484,36.8033332824707,36.349998474121094,36.563331604003906,1512600,SOXX
2016-11-04,33.24938201904297,36.253334045410156,36.573333740234375,36.0,36.27000045776367,1259100,SOXX
2016-11-07,34.18486022949219,37.27333450317383,37.29666519165039,36.779998779296875,36.926666259765625,4797900,SOXX
2016-11-08,34.25518035888672,37.349998474121094,37.59000015258789,37.0533332824707,37.26333236694336,1226100,SOXX
2016-11-09,34.09315490722656,37.17333221435547,37.293331146240234,36.33333206176758,36.51333236694336,3111000,SOXX
2016-11-10,33.35638427734375,36.369998931884766,37.633331298828125,36.03333282470703,37.38999938964844,6669000,SOXX
2016-11-11,34.634254455566406,37.76333236694336,37.823333740234375,36.78333282470703,36.78333282470703,2595300,SOXX
2016-11-14,34.45389175415039,37.56666564941406,37.95333480834961,37.46666717529297,37.95000076293945,1340100,SOXX
2016-11-15,35.098934173583984,38.27000045776367,38.369998931884766,37.630001068115234,37.720001220703125,1415100,SOXX
2016-11-16,35.50248718261719,38.709999084472656,38.74333190917969,38.19333267211914,38.20333480834961,1212300,SOXX
2016-11-17,35.8846321105957,39.12666702270508,39.31999969482422,38.62333297729492,38.856666564941406,1084500,SOXX
2016-11-18,36.14448928833008,39.40999984741211,39.459999084472656,39.0099983215332,39.0099983215332,1064400,SOXX
2016-11-21,36.385986328125,39.67333221435547,39.733333587646484,39.393333435058594,39.529998779296875,1140300,SOXX
2016-11-22,36.77425765991211,40.0966682434082,40.133331298828125,39.8466682434082,39.883331298828125,1418700,SOXX
2016-11-23,36.82011032104492,40.14666748046875,40.22999954223633,39.900001525878906,40.11333465576172,1044000,SOXX
2016-11-25,36.88430404663086,40.21666717529297,40.23666763305664,40.043331146240234,40.220001220703125,411900,SOXX
2016-11-28,36.77425765991211,40.0966682434082,40.279998779296875,40.029998779296875,40.119998931884766,661500,SOXX
2016-11-29,36.707000732421875,40.02333450317383,40.2599983215332,39.83333206176758,40.06666564941406,1172700,SOXX
2016-11-30,36.49604797363281,39.793331146240234,40.106666564941406,39.776668548583984,40.003334045410156,591900,SOXX
2016-12-01,34.713741302490234,37.849998474121094,39.76333236694336,37.62333297729492,39.76333236694336,3488400,SOXX
2016-12-02,35.141754150390625,38.31666564941406,38.383331298828125,37.66666793823242,37.79666519165039,2997000,SOXX
2016-12-05,35.569740295410156,38.78333282470703,38.90666580200195,38.39666748046875,38.650001525878906,1120500,SOXX
2016-12-06,36.06195068359375,39.31999969482422,39.36333465576172,38.893333435058594,38.893333435058594,1454700,SOXX
2016-12-07,36.80482864379883,40.130001068115234,40.22666549682617,39.16666793823242,39.29666519165039,1300500,SOXX
2016-12-08,37.12583541870117,40.47999954223633,40.71666717529297,40.186668395996094,40.23666763305664,1262700,SOXX
2016-12-09,37.000492095947266,40.34333419799805,40.88999938964844,40.060001373291016,40.80666732788086,1004400,SOXX
2016-12-12,36.71006393432617,40.026668548583984,40.253334045410156,39.706668853759766,40.18333435058594,2093700,SOXX
2016-12-13,37.1380500793457,40.49333190917969,40.75666809082031,40.11333465576172,40.16666793823242,1004100,SOXX
2016-12-14,37.10442352294922,40.456668853759766,40.71666717529297,40.31666564941406,40.5099983215332,1989300,SOXX
2016-12-15,37.73725128173828,41.14666748046875,41.323333740234375,40.5533332824707,40.62333297729492,2221200,SOXX
2016-12-16,37.35511779785156,40.72999954223633,41.473331451416016,40.54666519165039,41.38999938964844,1474200,SOXX
2016-12-19,37.725032806396484,41.133331298828125,41.290000915527344,40.78666687011719,40.836666107177734,1245600,SOXX
2016-12-20,38.08576965332031,41.526668548583984,41.606666564941406,41.3466682434082,41.54666519165039,2156700,SOXX
2016-12-21,38.08576965332031,41.43000030517578,41.616668701171875,41.36333465576172,41.516666412353516,787200,SOXX
2016-12-22,38.26961898803711,41.630001068115234,41.89666748046875,41.473331451416016,41.88666534423828,869400,SOXX
2016-12-23,38.46573257446289,41.84333419799805,41.866668701171875,41.52000045776367,41.59000015258789,480000,SOXX
2016-12-27,38.940696716308594,42.36000061035156,42.42333221435547,41.90666580200195,41.926666259765625,1408500,SOXX
2016-12-28,38.20221710205078,41.55666732788086,42.63666534423828,41.53333282470703,42.60333251953125,1738500,SOXX
2016-12-29,38.19607162475586,41.54999923706055,41.54999923706055,41.11333465576172,41.366668701171875,1046700,SOXX
2016-12-30,37.60466384887695,40.90666580200195,41.88666534423828,40.77333450317383,41.70000076293945,3403800,SOXX
2017-01-03,37.60466384887695,40.90666580200195,41.49333190917969,40.55666732788086,41.04666519165039,2654100,SOXX
2017-01-04,37.70885467529297,41.02000045776367,41.220001220703125,40.83000183105469,41.11000061035156,1354200,SOXX
2017-01-05,37.38710403442383,40.66999816894531,41.2599983215332,40.59333419799805,41.043331146240234,942000,SOXX
2017-01-06,37.68434524536133,40.99333190917969,41.11000061035156,40.51333236694336,40.77000045776367,875100,SOXX
2017-01-09,38.08269500732422,41.426666259765625,41.59333419799805,41.11000061035156,41.13666534423828,883800,SOXX
2017-01-10,38.266563415527344,41.62666702270508,41.723331451416016,41.400001525878906,41.456668853759766,690900,SOXX
2017-01-11,38.3983154296875,41.77000045776367,41.776668548583984,41.46666717529297,41.66999816894531,1630200,SOXX
2017-01-12,38.07657241821289,41.41999816894531,41.650001525878906,40.793331146240234,41.543331146240234,1354500,SOXX
2017-01-13,38.324771881103516,41.689998626708984,41.790000915527344,41.43000030517578,41.47999954223633,849600,SOXX
2017-01-17,37.70885467529297,41.02000045776367,41.563331604003906,40.883331298828125,41.53666687011719,1092600,SOXX
2017-01-18,38.223655700683594,41.58000183105469,41.61000061035156,41.029998779296875,41.06999969482422,1156500,SOXX
2017-01-19,38.052059173583984,41.393333435058594,41.86000061035156,41.366668701171875,41.516666412353516,2727600,SOXX
2017-01-20,38.542327880859375,41.926666259765625,42.18333435058594,41.76333236694336,41.813331604003906,1929900,SOXX
2017-01-23,38.306396484375,41.66999816894531,41.86000061035156,41.3466682434082,41.77000045776367,1053900,SOXX
2017-01-24,39.04793930053711,42.47666549682617,42.55666732788086,41.790000915527344,41.8466682434082,3734100,SOXX
2017-01-25,39.62709426879883,43.106666564941406,43.206668853759766,42.709999084472656,43.04999923706055,2025600,SOXX
2017-01-26,39.40340805053711,42.86333465576172,43.189998626708984,42.676666259765625,43.189998626708984,1262400,SOXX
2017-01-27,39.8936767578125,43.39666748046875,43.40999984741211,43.08333206176758,43.08333206176758,977400,SOXX
2017-01-30,39.69450759887695,43.18000030517578,43.20000076293945,42.63999938964844,43.20000076293945,1517400,SOXX
2017-01-31,39.17971420288086,42.619998931884766,42.959999084472656,42.356666564941406,42.93333435058594,1455000,SOXX
2017-02-01,39.8017463684082,43.29666519165039,43.31666564941406,42.86333465576172,43.08000183105469,1792200,SOXX
2017-02-02,39.78336715698242,43.276668548583984,43.40999984741211,42.793331146240234,43.0,1416000,SOXX
2017-02-03,39.988670349121094,43.5,43.58000183105469,43.35333251953125,43.52000045776367,869400,SOXX
2017-02-06,40.12963104248047,43.6533317565918,43.686668395996094,43.313331604003906,43.586666107177734,923100,SOXX
2017-02-07,40.276710510253906,43.813331604003906,43.97666549682617,43.586666107177734,43.90666580200195,594900,SOXX
2017-02-08,40.35331344604492,43.89666748046875,44.06666564941406,43.66666793823242,43.94333267211914,771600,SOXX
2017-02-09,40.00093460083008,43.51333236694336,44.016666412353516,43.459999084472656,43.87333297729492,1358100,SOXX
2017-02-10,39.97642517089844,43.48666763305664,43.810001373291016,43.063331604003906,43.80666732788086,1551600,SOXX
2017-02-13,40.05916213989258,43.57666778564453,43.866668701171875,43.5099983215332,43.606666564941406,929400,SOXX
2017-02-14,39.94883346557617,43.456668853759766,43.59333419799805,43.186668395996094,43.59333419799805,608400,SOXX
2017-02-15,40.25831604003906,43.793331146240234,43.836666107177734,43.356666564941406,43.58000183105469,703800,SOXX
2017-02-16,40.32267761230469,43.86333465576172,43.936668395996094,43.58333206176758,43.84000015258789,930600,SOXX
2017-02-17,40.53104782104492,44.09000015258789,44.0966682434082,43.49333190917969,43.63999938964844,996300,SOXX
2017-02-21,41.104068756103516,44.71333312988281,44.72999954223633,44.2400016784668,44.2400016784668,2010900,SOXX
2017-02-22,41.11326599121094,44.723331451416016,44.779998779296875,44.543331146240234,44.62666702270508,674700,SOXX
2017-02-23,40.44525909423828,43.996665954589844,44.67333221435547,43.706668853759766,44.66999816894531,1778100,SOXX
2017-02-24,40.417659759521484,43.96666717529297,43.973331451416016,43.133331298828125,43.293331146240234,1569600,SOXX
2017-02-27,40.80376052856445,44.38666534423828,44.4033317565918,43.893333435058594,43.9900016784668,3659400,SOXX
2017-02-28,40.282840728759766,43.81999969482422,44.46666717529297,43.72999954223633,44.46666717529297,1295400,SOXX
2017-03-01,40.9110221862793,44.503334045410156,44.563331604003906,43.91999816894531,44.3466682434082,1316700,SOXX
2017-03-02,40.49123001098633,44.04666519165039,44.71666717529297,44.0,44.606666564941406,1290300,SOXX
2017-03-03,40.46977233886719,44.02333450317383,44.130001068115234,43.766666412353516,44.0966682434082,1290000,SOXX
2017-03-06,40.49123001098633,44.04666519165039,44.12333297729492,43.53666687011719,43.900001525878906,1598400,SOXX
2017-03-07,40.5800895690918,44.143333435058594,44.43333435058594,43.836666107177734,43.970001220703125,1624500,SOXX
2017-03-08,40.67506790161133,44.246665954589844,44.61333465576172,44.15666580200195,44.323333740234375,1757100,SOXX
2017-03-09,40.754737854003906,44.33333206176758,44.40666580200195,43.97999954223633,44.220001220703125,1020600,SOXX
2017-03-10,41.22050476074219,44.84000015258789,44.93333435058594,44.5966682434082,44.5966682434082,2136300,SOXX
2017-03-13,41.52999496459961,45.176666259765625,45.19333267211914,44.88999938964844,44.97666549682617,1147500,SOXX
2017-03-14,41.40742492675781,45.043331146240234,45.09000015258789,44.67333221435547,45.05666732788086,1066800,SOXX
2017-03-15,41.73530197143555,45.400001525878906,45.483333587646484,44.883331298828125,45.099998474121094,1108200,SOXX
2017-03-16,41.69240951538086,45.35333251953125,45.55666732788086,45.266666412353516,45.54666519165039,932700,SOXX
2017-03-17,41.77819061279297,45.4466667175293,45.5099983215332,45.3033332824707,45.5099983215332,1832100,SOXX
2017-03-20,42.087684631347656,45.78333282470703,45.939998626708984,45.40666580200195,45.563331604003906,1138200,SOXX
2017-03-21,41.10099792480469,44.709999084472656,45.98666763305664,44.62333297729492,45.900001525878906,1962600,SOXX
2017-03-22,41.536128997802734,45.18333435058594,45.233333587646484,44.5966682434082,44.753334045410156,1676400,SOXX
2017-03-23,41.44419479370117,45.08333206176758,45.279998779296875,44.95333480834961,45.176666259765625,1530900,SOXX
2017-03-24,41.74620819091797,45.293331146240234,45.856666564941406,45.119998931884766,45.53666687011719,1596000,SOXX
2017-03-27,41.807647705078125,45.36000061035156,45.46666717529297,44.67333221435547,44.86000061035156,1449900,SOXX
2017-03-28,41.939762115478516,45.503334045410156,45.68000030517578,45.22999954223633,45.45000076293945,851400,SOXX
2017-03-29,41.83837127685547,45.393333435058594,45.52333450317383,45.25666809082031,45.52333450317383,1064400,SOXX
2017-03-30,42.05343246459961,45.62666702270508,45.72666549682617,45.3466682434082,45.41666793823242,831000,SOXX
2017-03-31,42.056495666503906,45.630001068115234,45.856666564941406,45.483333587646484,45.67333221435547,616500,SOXX
2017-04-03,41.789207458496094,45.34000015258789,45.7599983215332,45.04666519165039,45.650001525878906,2164800,SOXX
2017-04-04,41.58030700683594,45.11333465576172,45.40666580200195,44.983333587646484,45.05666732788086,1366800,SOXX
2017-04-05,41.291507720947266,44.79999923706055,45.54999923706055,44.77000045776367,45.24333190917969,1259400,SOXX
2017-04-06,41.35602569580078,44.869998931884766,44.970001220703125,44.413333892822266,44.77000045776367,1165500,SOXX
2017-04-07,41.534202575683594,45.063331604003906,45.20000076293945,44.7599983215332,44.88666534423828,757200,SOXX
2017-04-10,41.21470642089844,44.71666717529297,45.11000061035156,44.61000061035156,45.06666564941406,810300,SOXX
2017-04-11,40.88288497924805,44.356666564941406,44.5099983215332,43.6966667175293,44.496665954589844,1602000,SOXX
2017-04-12,40.1793327331543,43.59333419799805,44.293331146240234,43.4900016784668,44.233333587646484,1704600,SOXX
2017-04-13,39.912052154541016,43.3033332824707,43.959999084472656,43.28666687011719,43.33333206176758,1309200,SOXX
2017-04-17,40.40976333618164,43.84333419799805,43.866668701171875,43.473331451416016,43.473331451416016,1329900,SOXX
2017-04-18,40.597164154052734,44.04666519165039,44.073333740234375,43.56999969482422,43.599998474121094,1325700,SOXX
2017-04-19,40.809146881103516,44.276668548583984,44.68000030517578,44.209999084472656,44.40666580200195,1701600,SOXX
2017-04-20,41.4543342590332,44.97666549682617,45.05666732788086,44.383331298828125,44.60333251953125,1669800,SOXX
2017-04-21,41.27922058105469,44.78666687011719,44.87666702270508,44.40999984741211,44.83000183105469,1922400,SOXX
2017-04-24,41.872169494628906,45.43000030517578,45.57666778564453,45.266666412353516,45.44333267211914,1482300,SOXX
2017-04-25,42.29920959472656,45.893333435058594,45.96333312988281,45.540000915527344,45.650001525878906,1269900,SOXX
2017-04-26,41.952049255371094,45.516666412353516,45.91666793823242,45.3466682434082,45.83000183105469,3504000,SOXX
2017-04-27,42.54193115234375,46.15666580200195,46.220001220703125,45.753334045410156,45.84333419799805,1099200,SOXX
2017-04-28,41.81686782836914,45.369998931884766,46.04666519165039,45.25,46.04666519165039,3133800,SOXX
2017-05-01,42.231632232666016,45.81999969482422,45.83333206176758,45.253334045410156,45.47999954223633,2065500,SOXX
2017-05-02,41.78614044189453,45.336666107177734,45.70000076293945,45.10333251953125,45.70000076293945,3398700,SOXX
2017-05-03,41.93053436279297,45.49333190917969,45.560001373291016,45.08333206176758,45.0966682434082,1144800,SOXX
2017-05-04,41.899818420410156,45.459999084472656,45.650001525878906,45.266666412353516,45.650001525878906,1219500,SOXX
2017-05-05,42.06571578979492,45.63999938964844,45.63999938964844,45.21333312988281,45.58000183105469,902100,SOXX
2017-05-08,41.899818420410156,45.459999084472656,45.70000076293945,45.37333297729492,45.616668701171875,801900,SOXX
2017-05-09,42.314579010009766,45.90999984741211,46.043331146240234,45.459999084472656,45.52333450317383,1281000,SOXX
2017-05-10,43.21168518066406,46.883331298828125,46.970001220703125,46.46333312988281,46.47666549682617,2503500,SOXX
2017-05-11,43.36836624145508,47.0533332824707,47.27000045776367,46.46666717529297,46.8466682434082,2091000,SOXX
2017-05-12,43.49126434326172,47.186668395996094,47.24333190917969,46.91666793823242,47.116668701171875,573300,SOXX
2017-05-15,44.16408920288086,47.91666793823242,47.9466667175293,47.25,47.38666534423828,1123200,SOXX
2017-05-16,44.7969970703125,48.60333251953125,48.62333297729492,47.91666793823242,48.13999938964844,1067400,SOXX
2017-05-17,42.8645133972168,46.50666809082031,48.130001068115234,46.46666717529297,48.03333282470703,3091200,SOXX
2017-05-18,43.663299560546875,47.37333297729492,47.50666809082031,46.38666534423828,46.526668548583984,2103600,SOXX
2017-05-19,44.14566421508789,47.89666748046875,48.063331604003906,47.77333450317383,47.81666564941406,2681100,SOXX
2017-05-22,44.62800598144531,48.41999816894531,48.439998626708984,48.0966682434082,48.206668853759766,2000100,SOXX
2017-05-23,44.449798583984375,48.22666549682617,48.46666717529297,47.856666564941406,48.46333312988281,760200,SOXX
2017-05-24,44.73861312866211,48.540000915527344,48.630001068115234,48.31666564941406,48.54999923706055,1018800,SOXX
2017-05-25,44.9659538269043,48.78666687011719,48.959999084472656,48.473331451416016,48.686668395996094,1013400,SOXX
2017-05-26,45.17179870605469,49.0099983215332,49.03333282470703,48.46666717529297,48.746665954589844,789600,SOXX
2017-05-30,45.472904205322266,49.336666107177734,49.456668853759766,48.95000076293945,49.00666809082031,1176900,SOXX
2017-05-31,45.46675491333008,49.33000183105469,49.790000915527344,49.09333419799805,49.689998626708984,1605300,SOXX
2017-06-01,45.512821197509766,49.380001068115234,49.52000045776367,49.099998474121094,49.52000045776367,1063200,SOXX
2017-06-02,45.976741790771484,49.883331298828125,49.94333267211914,49.31999969482422,49.69333267211914,1297500,SOXX
2017-06-05,46.08735275268555,50.003334045410156,50.27000045776367,49.8466682434082,49.866668701171875,986700,SOXX
2017-06-06,46.237884521484375,50.16666793823242,50.5099983215332,49.74333190917969,49.81666564941406,1240800,SOXX
2017-06-07,46.58197784423828,50.540000915527344,50.7400016784668,50.28333282470703,50.41666793823242,1262700,SOXX
2017-06-08,47.433006286621094,51.46333312988281,51.483333587646484,50.5099983215332,50.95000076293945,1617600,SOXX
2017-06-09,45.439090728759766,49.29999923706055,51.983333587646484,48.3033332824707,51.84000015258789,5103600,SOXX
2017-06-12,45.177955627441406,49.016666412353516,49.1966667175293,47.60333251953125,48.68333435058594,5277300,SOXX
2017-06-13,45.48517608642578,49.349998474121094,49.83333206176758,48.746665954589844,49.76333236694336,3216600,SOXX
2017-06-14,45.00896453857422,48.83333206176758,49.5533332824707,48.290000915527344,49.5533332824707,2112300,SOXX
2017-06-15,44.652591705322266,48.4466667175293,48.5966682434082,47.95333480834961,48.016666412353516,3531900,SOXX
2017-06-16,44.474395751953125,48.253334045410156,48.810001373291016,48.10333251953125,48.573333740234375,1588800,SOXX
2017-06-19,45.31925964355469,49.16999816894531,49.25,48.746665954589844,48.78666687011719,1455600,SOXX
2017-06-20,44.80926513671875,48.616668701171875,49.4900016784668,48.606666564941406,49.43000030517578,1193100,SOXX
2017-06-21,45.3284912109375,49.18000030517578,49.19333267211914,48.64666748046875,48.84333419799805,1386900,SOXX
2017-06-22,45.224021911621094,49.06666564941406,49.28666687011719,48.83333206176758,49.16666793823242,1299900,SOXX
2017-06-23,45.359214782714844,49.21333312988281,49.4900016784668,48.91999816894531,49.150001525878906,973200,SOXX
2017-06-26,44.969032287597656,48.790000915527344,49.7599983215332,48.529998779296875,49.49333190917969,1882800,SOXX
2017-06-27,43.76789474487305,47.369998931884766,48.496665954589844,47.349998474121094,48.496665954589844,1921500,SOXX
2017-06-28,44.52552795410156,48.189998626708984,48.24333190917969,47.186668395996094,47.643333435058594,2285400,SOXX
2017-06-29,43.41679000854492,46.9900016784668,47.996665954589844,46.3466682434082,47.996665954589844,2949300,SOXX
2017-06-30,43.179630279541016,46.733333587646484,47.383331298828125,46.529998779296875,47.13666534423828,1492800,SOXX
2017-07-03,42.58830642700195,46.09333419799805,47.17333221435547,46.07666778564453,47.11000061035156,1771800,SOXX
2017-07-05,43.459896087646484,47.03666687011719,47.11000061035156,46.24333190917969,46.24333190917969,1918200,SOXX
2017-07-06,43.268959045410156,46.83000183105469,47.233333587646484,46.380001068115234,46.599998474121094,2063100,SOXX
2017-07-07,43.99887466430664,47.619998931884766,47.810001373291016,47.05666732788086,47.05666732788086,3374400,SOXX
2017-07-10,44.50705337524414,48.16999816894531,48.293331146240234,47.503334045410156,47.8033332824707,978300,SOXX
2017-07-11,44.87663269042969,48.56999969482422,48.59000015258789,48.01333236694336,48.043331146240234,965400,SOXX
2017-07-12,45.5942497253418,49.3466682434082,49.45333480834961,48.883331298828125,49.05666732788086,1678200,SOXX
2017-07-13,45.452579498291016,49.19333267211914,49.720001220703125,49.04666519165039,49.400001525878906,1532700,SOXX
2017-07-14,46.062381744384766,49.85333251953125,49.880001068115234,49.3466682434082,49.46333312988281,1234500,SOXX
2017-07-17,45.87451171875,49.650001525878906,50.040000915527344,49.483333587646484,50.02333450317383,693300,SOXX
2017-07-18,46.01618576049805,49.8033332824707,49.813331604003906,49.16999816894531,49.35333251953125,1017000,SOXX
2017-07-19,46.441200256347656,50.26333236694336,50.276668548583984,49.91999816894531,50.09000015258789,1410600,SOXX
2017-07-20,46.57671356201172,50.40999984741211,50.47666549682617,49.866668701171875,50.28333282470703,1527000,SOXX
2017-07-21,46.179420471191406,49.97999954223633,50.08000183105469,49.733333587646484,50.08000183105469,984000,SOXX
2017-07-24,46.04082107543945,49.83000183105469,50.0533332824707,49.72999954223633,50.0533332824707,1212600,SOXX
2017-07-25,46.000789642333984,49.78666687011719,49.90666580200195,49.27333450317383,49.72666549682617,1203600,SOXX
2017-07-26,46.50588607788086,50.33333206176758,50.54999923706055,50.04999923706055,50.22999954223633,2004600,SOXX
2017-07-27,45.79751205444336,49.56666564941406,50.54999923706055,48.97666549682617,50.483333587646484,2827800,SOXX
2017-07-28,45.62195587158203,49.37666702270508,49.58000183105469,49.133331298828125,49.34000015258789,1205700,SOXX
2017-07-31,45.267784118652344,48.99333190917969,49.63999938964844,48.856666564941406,49.383331298828125,1517400,SOXX
2017-08-01,45.54803466796875,49.29666519165039,49.29999923706055,48.900001525878906,49.13999938964844,1002000,SOXX
2017-08-02,45.218505859375,48.939998626708984,49.686668395996094,48.599998474121094,49.58000183105469,1741200,SOXX
2017-08-03,45.049095153808594,48.75666809082031,49.06666564941406,48.516666412353516,48.90999984741211,1347300,SOXX
2017-08-04,45.06759262084961,48.776668548583984,49.16999816894531,48.633331298828125,48.790000915527344,1283700,SOXX
2017-08-07,45.843711853027344,49.616668701171875,49.63999938964844,48.9033317565918,48.9033317565918,949200,SOXX
2017-08-08,45.711280822753906,49.473331451416016,50.0533332824707,49.313331604003906,49.65999984741211,818700,SOXX
2017-08-09,45.55727767944336,49.30666732788086,49.35333251953125,48.86333465576172,49.08333206176758,706500,SOXX
2017-08-10,44.28532028198242,47.93000030517578,49.0099983215332,47.88999938964844,48.99333190917969,1627500,SOXX
2017-08-11,44.53477478027344,48.20000076293945,48.28333282470703,47.59333419799805,47.706668853759766,1044300,SOXX
2017-08-14,45.66817855834961,49.426666259765625,49.483333587646484,48.776668548583984,48.78333282470703,1610100,SOXX
2017-08-15,45.782108306884766,49.54999923706055,49.650001525878906,49.20000076293945,49.643333435058594,531300,SOXX
2017-08-16,45.856040954589844,49.630001068115234,49.84000015258789,49.393333435058594,49.6533317565918,777900,SOXX
2017-08-17,44.6980094909668,48.37666702270508,49.52333450317383,48.349998474121094,49.393333435058594,1209000,SOXX
2017-08-18,44.7657585144043,48.45000076293945,48.810001373291016,48.209999084472656,48.663333892822266,1026900,SOXX
2017-08-21,44.43313980102539,48.09000015258789,48.599998474121094,47.790000915527344,48.52000045776367,945900,SOXX
2017-08-22,45.16614532470703,48.883331298828125,48.97999954223633,48.45000076293945,48.51333236694336,1046700,SOXX
2017-08-23,45.35708999633789,49.09000015258789,49.22999954223633,48.37333297729492,48.42333221435547,1983900,SOXX
2017-08-24,45.363250732421875,49.0966682434082,49.36333465576172,48.823333740234375,49.293331146240234,1294200,SOXX
2017-08-25,45.14458465576172,48.86000061035156,49.366668701171875,48.78333282470703,49.279998779296875,684900,SOXX
2017-08-28,45.280094146728516,49.00666809082031,49.02000045776367,48.7400016784668,48.93000030517578,552600,SOXX
2017-08-29,45.35093307495117,49.08333206176758,49.209999084472656,48.37333297729492,48.38999938964844,1068900,SOXX
2017-08-30,46.12706756591797,49.92333221435547,50.0,49.17333221435547,49.3466682434082,1998900,SOXX
2017-08-31,46.5828742980957,50.41666793823242,50.483333587646484,50.016666412353516,50.09333419799805,1072200,SOXX
2017-09-01,46.78614807128906,50.63666534423828,50.900001525878906,50.50666809082031,50.50666809082031,1591200,SOXX
2017-09-05,46.145545959472656,49.94333267211914,50.52000045776367,49.516666412353516,50.456668853759766,2806500,SOXX
2017-09-06,46.21946334838867,50.02333450317383,50.253334045410156,49.78666687011719,50.223331451416016,1044000,SOXX
2017-09-07,46.29953384399414,50.11000061035156,50.30666732788086,49.893333435058594,50.119998931884766,873300,SOXX
2017-09-08,45.75440216064453,49.52000045776367,50.11333465576172,49.336666107177734,50.07666778564453,1454100,SOXX
2017-09-11,46.625999450683594,50.46333312988281,50.58000183105469,49.9033317565918,49.9033317565918,1305300,SOXX
2017-09-12,46.8354377746582,50.689998626708984,50.836666107177734,50.40999984741211,50.526668548583984,742200,SOXX
2017-09-13,46.92780685424805,50.790000915527344,50.90666580200195,50.413333892822266,50.66666793823242,772800,SOXX
2017-09-14,47.112613677978516,50.9900016784668,51.290000915527344,50.56999969482422,50.57666778564453,1656900,SOXX
2017-09-15,47.9349365234375,51.880001068115234,51.936668395996094,51.12666702270508,51.22999954223633,1424100,SOXX
2017-09-18,48.563228607177734,52.560001373291016,52.880001068115234,52.18333435058594,52.18333435058594,1476900,SOXX
2017-09-19,48.71722412109375,52.72666549682617,52.93000030517578,52.400001525878906,52.68333435058594,1382700,SOXX
2017-09-20,48.04581069946289,52.0,52.78666687011719,51.29666519165039,52.78666687011719,2274900,SOXX
2017-09-21,47.83946990966797,51.776668548583984,51.96333312988281,51.32666778564453,51.9033317565918,864300,SOXX
2017-09-22,48.0827751159668,52.040000915527344,52.106666564941406,51.630001068115234,51.63999938964844,742200,SOXX
2017-09-25,47.15573501586914,51.03666687011719,51.85333251953125,50.79666519165039,51.85333251953125,1795500,SOXX
2017-09-26,47.08126449584961,50.790000915527344,51.39666748046875,50.643333435058594,51.39666748046875,1474200,SOXX
2017-09-27,48.22145080566406,52.02000045776367,52.22999954223633,51.336666107177734,51.4033317565918,1166400,SOXX
2017-09-28,48.57678985595703,52.4033317565918,52.43333435058594,51.83333206176758,51.96666717529297,819900,SOXX
2017-09-29,48.99702453613281,52.856666564941406,52.926666259765625,52.3466682434082,52.61333465576172,918600,SOXX
2017-10-02,49.324554443359375,53.209999084472656,53.41999816894531,52.810001373291016,53.09333419799805,1240500,SOXX
2017-10-03,49.460514068603516,53.356666564941406,53.483333587646484,53.0966682434082,53.27333450317383,536100,SOXX
2017-10-04,49.5748291015625,53.47999954223633,53.47999954223633,52.97999954223633,53.290000915527344,873900,SOXX
2017-10-05,49.618099212646484,53.526668548583984,53.71333312988281,53.21666717529297,53.706668853759766,538200,SOXX
2017-10-06,49.812767028808594,53.73666763305664,53.753334045410156,53.33000183105469,53.33333206176758,742800,SOXX
2017-10-09,50.19281005859375,54.14666748046875,54.19333267211914,53.88666534423828,53.9466667175293,835200,SOXX
2017-10-10,50.47400665283203,54.45000076293945,54.633331298828125,53.90666580200195,54.633331298828125,756300,SOXX
2017-10-11,50.820068359375,54.823333740234375,54.836666107177734,54.34333419799805,54.41666793823242,859200,SOXX
2017-10-12,50.65940856933594,54.650001525878906,55.0099983215332,54.606666564941406,54.8033332824707,584400,SOXX
2017-10-13,50.98384094238281,55.0,55.19333267211914,54.76333236694336,54.90666580200195,531900,SOXX
2017-10-16,51.22486114501953,55.2599983215332,55.27000045776367,54.88999938964844,55.16666793823242,543300,SOXX
2017-10-17,51.181602478027344,55.21333312988281,55.28666687011719,54.9466667175293,55.28666687011719,558900,SOXX
2017-10-18,51.354637145996094,55.400001525878906,55.5,54.67333221435547,55.41666793823242,712200,SOXX
2017-10-19,51.22486114501953,55.2599983215332,55.266666412353516,54.40999984741211,54.973331451416016,1063800,SOXX
2017-10-20,51.48751449584961,55.543331146240234,55.81666564941406,55.459999084472656,55.69333267211914,1083600,SOXX
2017-10-23,51.740867614746094,55.81666564941406,56.11333465576172,55.54999923706055,55.813331604003906,898500,SOXX
2017-10-24,52.10239791870117,56.206668853759766,56.2599983215332,55.76333236694336,55.973331451416016,643500,SOXX
2017-10-25,51.419525146484375,55.470001220703125,56.04666519165039,54.9033317565918,55.89666748046875,1568100,SOXX
2017-10-26,51.72233963012695,55.79666519165039,55.913333892822266,55.49333190917969,55.56666564941406,1145100,SOXX
2017-10-27,52.80381774902344,56.96333312988281,57.040000915527344,55.926666259765625,56.16999816894531,1058400,SOXX
2017-10-30,52.945953369140625,57.116668701171875,57.356666564941406,56.78333282470703,56.78333282470703,1579200,SOXX
2017-10-31,53.36925506591797,57.573333740234375,57.7400016784668,57.10333251953125,57.2599983215332,1031400,SOXX
2017-11-01,53.17461395263672,57.36333465576172,58.08000183105469,56.86000061035156,58.040000915527344,1516500,SOXX
2017-11-02,53.43724822998047,57.64666748046875,57.79666519165039,57.029998779296875,57.473331451416016,4100100,SOXX
2017-11-03,54.38276672363281,58.66666793823242,58.66999816894531,57.45000076293945,57.926666259765625,2683800,SOXX
2017-11-06,55.15214920043945,59.496665954589844,59.52333450317383,58.813331604003906,59.23666763305664,3057600,SOXX
2017-11-07,55.102718353271484,59.44333267211914,59.58333206176758,59.03666687011719,59.43000030517578,1299300,SOXX
2017-11-08,55.278846740722656,59.633331298828125,59.68333435058594,59.1533317565918,59.38666534423828,1204500,SOXX
2017-11-09,54.17264938354492,58.439998626708984,59.116668701171875,57.723331451416016,59.116668701171875,3302400,SOXX
2017-11-10,54.53108215332031,58.82666778564453,58.86333465576172,58.47666549682617,58.643333435058594,1166400,SOXX
2017-11-13,54.68867874145508,58.996665954589844,59.063331604003906,58.516666412353516,58.599998474121094,1308900,SOXX
2017-11-14,54.63923645019531,58.94333267211914,59.11000061035156,58.5099983215332,58.88666534423828,801900,SOXX
2017-11-15,54.14793014526367,58.413333892822266,58.65999984741211,57.939998626708984,58.526668548583984,1175700,SOXX
2017-11-16,54.954402923583984,59.28333282470703,59.526668548583984,58.65666580200195,58.65666580200195,1093500,SOXX
2017-11-17,54.71339416503906,59.02333450317383,59.63999938964844,58.92333221435547,59.633331298828125,1887300,SOXX
2017-11-20,55.365360260009766,59.72666549682617,59.823333740234375,59.20333480834961,59.356666564941406,1792800,SOXX
2017-11-21,55.998802185058594,60.40999984741211,60.48666763305664,60.003334045410156,60.119998931884766,3603000,SOXX
2017-11-22,55.6589241027832,60.043331146240234,60.62666702270508,59.95333480834961,60.62333297729492,1203900,SOXX
2017-11-24,56.15947341918945,60.58333206176758,60.62333297729492,60.21666717529297,60.29999923706055,556800,SOXX
2017-11-27,55.45497512817383,59.823333740234375,60.21666717529297,59.723331451416016,60.21666717529297,1692900,SOXX
2017-11-28,55.47969055175781,59.849998474121094,60.060001373291016,59.483333587646484,60.060001373291016,1971300,SOXX
2017-11-29,53.03555679321289,57.21333312988281,59.79999923706055,56.633331298828125,59.78333282470703,5576700,SOXX
2017-11-30,53.31983184814453,57.52000045776367,58.116668701171875,57.163333892822266,57.84333419799805,4293300,SOXX
2017-12-01,52.74201583862305,56.89666748046875,57.23666763305664,55.503334045410156,56.97666549682617,4877700,SOXX
2017-12-04,51.47514343261719,55.529998779296875,57.643333435058594,55.18333435058594,57.573333740234375,4886400,SOXX
2017-12-05,51.51531219482422,55.573333740234375,56.586666107177734,54.8466682434082,55.25,5340300,SOXX
2017-12-06,51.68217468261719,55.753334045410156,55.85333251953125,54.793331146240234,55.026668548583984,2170500,SOXX
2017-12-07,52.18583297729492,56.29666519165039,56.470001220703125,55.93333435058594,56.163333892822266,2917500,SOXX
2017-12-08,51.9170036315918,56.00666809082031,56.96666717529297,55.956668853759766,56.939998626708984,1965900,SOXX
2017-12-11,52.229087829589844,56.34333419799805,56.4900016784668,55.939998626708984,56.0966682434082,5248200,SOXX
2017-12-12,51.71924591064453,55.793331146240234,56.223331451416016,55.71666717529297,56.223331451416016,1307700,SOXX
2017-12-13,51.70997619628906,55.78333282470703,56.276668548583984,55.75,55.98666763305664,980100,SOXX
2017-12-14,51.657440185546875,55.72666549682617,56.0966682434082,55.59000015258789,55.81999969482422,889200,SOXX
2017-12-15,52.467010498046875,56.599998474121094,56.746665954589844,55.709999084472656,56.016666412353516,3382500,SOXX
2017-12-18,53.591739654541016,57.813331604003906,57.84333419799805,57.0,57.293331146240234,3488700,SOXX
2017-12-19,53.53509521484375,57.64666748046875,57.86000061035156,57.349998474121094,57.70000076293945,2278500,SOXX
2017-12-20,53.925140380859375,58.06666564941406,58.323333740234375,57.56999969482422,58.253334045410156,1342200,SOXX
2017-12-21,53.35554885864258,57.45333480834961,58.25666809082031,57.369998931884766,58.25666809082031,1750500,SOXX
2017-12-22,53.3245964050293,57.41999816894531,57.45000076293945,57.03333282470703,57.253334045410156,877800,SOXX
2017-12-26,52.79216003417969,56.8466682434082,56.900001525878906,56.369998931884766,56.6966667175293,680100,SOXX
2017-12-27,52.9624137878418,57.029998779296875,57.31999969482422,56.776668548583984,56.849998474121094,794100,SOXX
2017-12-28,53.111000061035156,57.189998626708984,57.33333206176758,57.09000015258789,57.209999084472656,789000,SOXX
2017-12-29,52.566184997558594,56.60333251953125,57.28333282470703,56.599998474121094,57.28333282470703,760200,SOXX
2018-01-02,53.99324417114258,58.13999938964844,58.163333892822266,56.84000015258789,56.90999984741211,2860200,SOXX
2018-01-03,54.93739318847656,59.15666580200195,59.17333221435547,58.323333740234375,58.456668853759766,1326900,SOXX
2018-01-04,55.2469482421875,59.4900016784668,59.689998626708984,59.01333236694336,59.59333419799805,1335000,SOXX
2018-01-05,55.562713623046875,59.83000183105469,60.07666778564453,59.40999984741211,59.75666809082031,1170600,SOXX
2018-01-08,55.999183654785156,60.29999923706055,60.48666763305664,59.68333435058594,59.869998931884766,1622700,SOXX
2018-01-09,55.44816970825195,59.706668853759766,60.459999084472656,59.63999938964844,60.459999084472656,1464600,SOXX
2018-01-10,54.78261947631836,58.9900016784668,59.27333450317383,58.516666412353516,59.029998779296875,2030400,SOXX
2018-01-11,55.11075210571289,59.34333419799805,59.37333297729492,58.936668395996094,59.18000030517578,1047300,SOXX
2018-01-12,55.40793228149414,59.663333892822266,59.790000915527344,59.186668395996094,59.40666580200195,1101900,SOXX
2018-01-16,55.59055709838867,59.86000061035156,60.563331604003906,59.5099983215332,60.16999816894531,1462500,SOXX
2018-01-17,57.203369140625,61.5966682434082,61.68000030517578,60.356666564941406,60.41999816894531,1136700,SOXX
2018-01-18,57.46030044555664,61.87333297729492,62.176666259765625,61.503334045410156,61.57666778564453,3163800,SOXX
2018-01-19,57.51912307739258,61.936668395996094,62.25,61.56999969482422,62.1533317565918,1188600,SOXX
2018-01-22,57.94631576538086,62.39666748046875,62.413333892822266,61.75666809082031,62.0533332824707,1247700,SOXX
2018-01-23,58.41065216064453,62.89666748046875,62.9033317565918,62.46333312988281,62.69333267211914,1467000,SOXX
2018-01-24,57.07335662841797,61.456668853759766,62.459999084472656,61.02000045776367,62.246665954589844,3006000,SOXX
2018-01-25,56.082763671875,60.38999938964844,62.28333282470703,60.38999938964844,62.12666702270508,2254800,SOXX
2018-01-26,57.875118255615234,62.31999969482422,62.33000183105469,61.176666259765625,61.206668853759766,1667700,SOXX
2018-01-29,57.791526794433594,62.22999954223633,62.66666793823242,61.49333190917969,62.09333419799805,1626000,SOXX
2018-01-30,56.643070220947266,60.99333190917969,61.689998626708984,60.913333892822266,61.33333206176758,1948500,SOXX
2018-01-31,57.10431671142578,61.4900016784668,61.93000030517578,61.150001525878906,61.709999084472656,1163700,SOXX
2018-02-01,56.82261657714844,61.186668395996094,62.09000015258789,60.90666580200195,61.0,1255500,SOXX
2018-02-02,55.29338836669922,59.540000915527344,60.72999954223633,59.5099983215332,60.68333435058594,3241800,SOXX
2018-02-05,52.69000244140625,56.73666763305664,59.973331451416016,56.56999969482422,58.65666580200195,3915600,SOXX
2018-02-06,54.59688949584961,58.790000915527344,58.86000061035156,55.73666763305664,55.866668701171875,4045500,SOXX
2018-02-07,53.42675018310547,57.529998779296875,58.93000030517578,57.52000045776367,58.40666580200195,3262200,SOXX
2018-02-08,51.18244552612305,55.11333465576172,57.959999084472656,55.06666564941406,57.79999923706055,4162200,SOXX
2018-02-09,52.65595245361328,56.70000076293945,57.099998474121094,54.393333435058594,56.366668701171875,5947800,SOXX
2018-02-12,53.668209075927734,57.790000915527344,58.16666793823242,56.91999816894531,57.45333480834961,2956200,SOXX
2018-02-13,53.606292724609375,57.723331451416016,57.84333419799805,57.23666763305664,57.426666259765625,1481700,SOXX
2018-02-14,54.86311340332031,59.07666778564453,59.16666793823242,57.15999984741211,57.27333450317383,1199100,SOXX
2018-02-15,55.516265869140625,59.779998779296875,59.790000915527344,58.393333435058594,59.633331298828125,1732500,SOXX
2018-02-16,55.31814956665039,59.56666564941406,60.313331604003906,59.483333587646484,59.483333587646484,929700,SOXX
2018-02-20,56.29636764526367,60.619998931884766,61.16666793823242,59.31999969482422,59.380001068115234,2507400,SOXX
2018-02-21,55.64937973022461,59.92333221435547,61.0,59.883331298828125,60.95333480834961,1435500,SOXX
2018-02-22,55.52554702758789,59.790000915527344,60.413333892822266,59.59333419799805,60.27000045776367,1460700,SOXX
2018-02-23,56.714271545410156,61.06999969482422,61.06999969482422,60.233333587646484,60.426666259765625,1424700,SOXX
2018-02-26,57.93701934814453,62.38666534423828,62.400001525878906,61.426666259765625,61.43333435058594,1090500,SOXX
2018-02-27,57.745113372802734,62.18000030517578,63.2400016784668,62.18000030517578,62.413333892822266,1369200,SOXX
2018-02-28,57.231224060058594,61.62666702270508,62.7400016784668,61.56666564941406,62.616668701171875,1266600,SOXX
2018-03-01,56.32731246948242,60.6533317565918,61.883331298828125,59.9466667175293,61.84333419799805,2850300,SOXX
2018-03-02,57.28384780883789,61.68333435058594,61.79666519165039,59.82666778564453,59.96666717529297,1392600,SOXX
2018-03-05,57.797725677490234,62.23666763305664,62.53666687011719,61.07666778564453,61.35333251953125,1251000,SOXX
2018-03-06,58.667579650878906,63.17333221435547,63.3466682434082,62.5,62.83000183105469,1779000,SOXX
2018-03-07,58.85642623901367,63.37666702270508,63.456668853759766,62.516666412353516,62.516666412353516,1167300,SOXX
2018-03-08,58.90903854370117,63.43333435058594,63.78666687011719,63.08333206176758,63.75,1147200,SOXX
2018-03-09,60.13178634643555,64.75,64.77666473388672,63.793331146240234,63.94333267211914,1586400,SOXX
2018-03-12,60.769493103027344,65.4366683959961,65.7699966430664,65.0199966430664,65.22666931152344,1860300,SOXX
2018-03-13,59.83152770996094,64.42666625976562,65.7699966430664,64.14666748046875,65.22666931152344,4230000,SOXX
2018-03-14,59.8253288269043,64.41999816894531,64.78333282470703,63.83000183105469,64.78333282470703,1641000,SOXX
2018-03-15,59.778907775878906,64.37000274658203,64.79000091552734,64.03666687011719,64.58999633789062,1073100,SOXX
2018-03-16,59.754127502441406,64.34333038330078,64.72666931152344,64.27333068847656,64.45999908447266,1035000,SOXX
2018-03-19,58.614952087402344,63.116668701171875,64.0633316040039,62.223331451416016,63.76333236694336,2781600,SOXX
2018-03-20,59.04524612426758,63.58000183105469,63.78666687011719,63.16666793823242,63.25,760800,SOXX
2018-03-21,59.156681060791016,63.70000076293945,64.5199966430664,63.426666259765625,63.50666809082031,1380300,SOXX
2018-03-22,57.59809112548828,61.900001525878906,63.24333190917969,61.8466682434082,62.59333419799805,1752000,SOXX
2018-03-23,55.68124771118164,59.84000015258789,61.900001525878906,59.81666564941406,61.790000915527344,3847500,SOXX
2018-03-26,58.004417419433594,62.336666107177734,62.35333251953125,60.46333312988281,61.24333190917969,2399700,SOXX
2018-03-27,55.870460510253906,60.043331146240234,62.99333190917969,59.53333282470703,62.81666564941406,3221700,SOXX
2018-03-28,54.66080856323242,58.74333190917969,60.176666259765625,58.483333587646484,59.630001068115234,2980200,SOXX
2018-03-29,55.845638275146484,60.016666412353516,60.586666107177734,58.709999084472656,59.13999938964844,2504100,SOXX
2018-04-02,53.711692810058594,57.723331451416016,59.93333435058594,57.1533317565918,59.49333190917969,2379600,SOXX
2018-04-03,54.729042053222656,58.81666564941406,58.97666549682617,57.810001373291016,58.44333267211914,1673400,SOXX
2018-04-04,55.43312454223633,59.573333740234375,59.72999954223633,57.106666564941406,57.12333297729492,2024700,SOXX
2018-04-05,54.86551284790039,58.96333312988281,60.02333450317383,58.58000183105469,59.9466667175293,1725000,SOXX
2018-04-06,53.20612716674805,57.18000030517578,58.793331146240234,56.92333221435547,58.15666580200195,1179900,SOXX
2018-04-09,53.541114807128906,57.540000915527344,59.20333480834961,57.50666809082031,57.85333251953125,1113000,SOXX
2018-04-10,55.25322341918945,59.380001068115234,59.72666549682617,58.48666763305664,58.86000061035156,1904100,SOXX
2018-04-11,55.274940490722656,59.4033317565918,59.926666259765625,58.94333267211914,59.04999923706055,1226400,SOXX
2018-04-12,56.31709671020508,60.52333450317383,60.686668395996094,59.823333740234375,59.87666702270508,1911300,SOXX
2018-04-13,55.90146255493164,60.07666778564453,61.336666107177734,59.86000061035156,61.22999954223633,1289400,SOXX
2018-04-16,56.000728607177734,60.18333435058594,60.50666809082031,59.68333435058594,60.43333435058594,849300,SOXX
2018-04-17,57.061500549316406,61.323333740234375,61.46666717529297,60.53666687011719,60.65999984741211,1097700,SOXX
2018-04-18,56.500099182128906,60.720001220703125,61.06666564941406,60.18000030517578,60.93000030517578,1453500,SOXX
2018-04-19,54.05598831176758,58.09333419799805,59.619998931884766,57.88999938964844,59.5533332824707,5532900,SOXX
2018-04-20,53.41703414916992,57.40666580200195,58.37666702270508,57.1533317565918,58.08000183105469,3552000,SOXX
2018-04-23,52.70674133300781,56.643333435058594,57.753334045410156,56.5,57.62333297729492,2047200,SOXX
2018-04-24,52.281822204589844,56.186668395996094,57.65999984741211,55.689998626708984,57.13666534423828,3480900,SOXX
2018-04-25,52.21668243408203,56.116668701171875,56.52000045776367,55.22999954223633,56.436668395996094,4432800,SOXX
2018-04-26,53.283660888671875,57.26333236694336,57.31999969482422,56.643333435058594,57.003334045410156,4609200,SOXX
2018-04-27,52.911468505859375,56.86333465576172,58.04999923706055,56.58000183105469,57.9900016784668,3309000,SOXX
2018-04-30,52.331451416015625,56.2400016784668,57.1966667175293,55.996665954589844,56.766666412353516,1802100,SOXX
2018-05-01,53.19060516357422,57.163333892822266,57.22666549682617,56.03333282470703,56.099998474121094,3127800,SOXX
2018-05-02,52.95487594604492,56.90999984741211,57.400001525878906,56.66999816894531,57.220001220703125,1543200,SOXX
2018-05-03,53.27125930786133,57.25,57.5,56.03333282470703,56.46333312988281,2396700,SOXX
2018-05-04,54.52122497558594,58.59333419799805,58.6966667175293,56.68000030517578,56.939998626708984,1977900,SOXX
2018-05-07,55.04852294921875,59.15999984741211,59.436668395996094,58.86000061035156,59.073333740234375,1185000,SOXX
2018-05-08,55.37418746948242,59.5099983215332,59.59333419799805,58.893333435058594,59.12333297729492,1206300,SOXX
2018-05-09,56.21784973144531,60.41666793823242,60.459999084472656,59.5966682434082,59.72999954223633,1043700,SOXX
2018-05-10,57.24139404296875,61.516666412353516,61.543331146240234,60.720001220703125,60.75666809082031,1242900,SOXX
2018-05-11,56.82268524169922,61.06666564941406,61.63666534423828,60.956668853759766,61.16666793823242,1857900,SOXX
2018-05-14,57.5174446105957,61.813331604003906,62.55666732788086,61.70333480834961,61.83000183105469,1653900,SOXX
2018-05-15,56.894020080566406,61.143333435058594,61.58000183105469,60.70333480834961,61.40666580200195,1263900,SOXX
2018-05-16,57.626007080078125,61.93000030517578,62.063331604003906,61.106666564941406,61.62666702270508,1221300,SOXX
2018-05-17,57.45851516723633,61.75,62.253334045410156,61.28666687011719,61.78666687011719,1301400,SOXX
2018-05-18,56.636573791503906,60.866668701171875,61.28666687011719,60.650001525878906,61.20000076293945,2072700,SOXX
2018-05-21,57.20417404174805,61.47666549682617,62.08333206176758,60.936668395996094,61.76333236694336,1473300,SOXX
2018-05-22,57.52364730834961,61.81999969482422,62.290000915527344,61.61000061035156,62.0,1496400,SOXX
2018-05-23,57.83381652832031,62.1533317565918,62.17333221435547,61.08333206176758,61.34000015258789,1039200,SOXX
2018-05-24,58.06644058227539,62.4033317565918,62.53666687011719,61.630001068115234,62.1966667175293,1136100,SOXX
2018-05-25,58.53480911254883,62.90666580200195,62.996665954589844,62.29999923706055,62.400001525878906,1400700,SOXX
2018-05-29,58.181209564208984,62.526668548583984,63.0533332824707,62.09333419799805,62.63999938964844,1538400,SOXX
2018-05-30,58.55960464477539,62.93333435058594,63.4033317565918,62.62333297729492,62.866668701171875,2143500,SOXX
2018-05-31,58.134674072265625,62.47666549682617,63.116668701171875,62.37666702270508,62.83000183105469,1606500,SOXX
2018-06-01,59.4591064453125,63.900001525878906,63.900001525878906,62.813331604003906,63.03666687011719,1060500,SOXX
2018-06-04,59.93056106567383,64.40666961669922,64.4800033569336,63.82666778564453,64.06999969482422,1170900,SOXX
2018-06-05,60.215904235839844,64.71333312988281,64.88666534423828,64.33333587646484,64.57666778564453,641400,SOXX
2018-06-06,60.5974235534668,65.12333679199219,65.12333679199219,64.4433364868164,64.79000091552734,1268100,SOXX
2018-06-07,60.05772018432617,64.5433349609375,65.26000213623047,64.08000183105469,65.1866683959961,2082900,SOXX
2018-06-08,59.52113723754883,63.96666717529297,64.08999633789062,63.45333480834961,63.80666732788086,2429700,SOXX
2018-06-11,59.40635681152344,63.84333419799805,64.16666412353516,63.633331298828125,63.869998931884766,1277700,SOXX
2018-06-12,59.71342849731445,64.17333221435547,64.21666717529297,63.599998474121094,64.00666809082031,932400,SOXX
2018-06-13,59.62348556518555,64.07666778564453,64.75666809082031,64.00666809082031,64.21333312988281,9156900,SOXX
2018-06-14,59.98017883300781,64.45999908447266,64.7699966430664,64.07333374023438,64.44667053222656,1635600,SOXX
2018-06-15,59.927467346191406,64.40333557128906,64.4800033569336,63.81666564941406,64.0433349609375,1122600,SOXX
2018-06-18,59.35054016113281,63.78333282470703,63.99333190917969,63.19333267211914,63.99333190917969,1675800,SOXX
2018-06-19,58.699188232421875,63.08333206176758,63.130001068115234,62.12333297729492,62.83000183105469,2631000,SOXX
2018-06-20,58.981441497802734,63.38666534423828,63.709999084472656,63.0966682434082,63.44333267211914,2007300,SOXX
2018-06-21,58.24943542480469,62.599998474121094,63.84000015258789,62.50666809082031,63.813331604003906,1245900,SOXX
2018-06-22,57.78729248046875,62.10333251953125,62.94333267211914,61.983333587646484,62.9033317565918,1116300,SOXX
2018-06-25,56.08757400512695,60.276668548583984,61.436668395996094,59.503334045410156,61.436668395996094,5441100,SOXX
2018-06-26,56.286766052246094,60.28333282470703,60.58333206176758,59.983333587646484,60.266666412353516,11004000,SOXX
2018-06-27,54.942237854003906,58.84333419799805,60.74333190917969,58.813331604003906,60.60333251953125,2364000,SOXX
2018-06-28,55.359291076660156,59.290000915527344,59.42333221435547,58.59000015258789,58.66666793823242,4067700,SOXX
2018-06-29,55.47443389892578,59.413333892822266,60.13666534423828,59.413333892822266,59.83333206176758,1278000,SOXX
2018-07-02,55.82303237915039,59.78666687011719,59.79999923706055,58.4466667175293,58.900001525878906,2097300,SOXX
2018-07-03,54.805294036865234,58.6966667175293,60.12666702270508,58.63999938964844,60.040000915527344,1141500,SOXX
2018-07-05,56.271209716796875,60.266666412353516,60.276668548583984,59.220001220703125,59.220001220703125,1341000,SOXX
2018-07-06,56.96215057373047,61.00666809082031,61.106666564941406,59.939998626708984,60.26333236694336,2263200,SOXX
2018-07-09,57.32628631591797,61.39666748046875,61.63666534423828,60.68000030517578,61.619998931884766,1360200,SOXX
2018-07-10,57.933197021484375,62.04666519165039,62.176666259765625,61.41666793823242,61.5099983215332,1403400,SOXX
2018-07-11,56.445491790771484,60.45333480834961,61.40999984741211,60.4033317565918,61.04666519165039,1998600,SOXX
2018-07-12,56.82520294189453,60.86000061035156,60.94333267211914,59.91999816894531,60.29666519165039,2267400,SOXX
2018-07-13,56.619781494140625,60.63999938964844,61.03333282470703,60.54999923706055,61.03333282470703,802200,SOXX
2018-07-16,56.54198455810547,60.55666732788086,60.96333312988281,60.50666809082031,60.72666549682617,612600,SOXX
2018-07-17,57.35430908203125,61.426666259765625,61.4466667175293,60.0533332824707,60.150001525878906,4140600,SOXX
2018-07-18,57.79624938964844,61.900001525878906,62.00666809082031,61.5,61.70333480834961,923400,SOXX
2018-07-19,57.66864776611328,61.76333236694336,62.01333236694336,61.36000061035156,61.779998779296875,871500,SOXX
2018-07-20,57.39787292480469,61.473331451416016,61.81666564941406,61.15999984741211,61.70000076293945,871800,SOXX
2018-07-23,57.475685119628906,61.55666732788086,61.65999984741211,60.36333465576172,61.15666580200195,1001100,SOXX
2018-07-24,56.85010528564453,60.88666534423828,62.2400016784668,60.79999923706055,61.939998626708984,1884000,SOXX
2018-07-25,57.064857482910156,61.116668701171875,61.16999816894531,60.08000183105469,60.86000061035156,10230000,SOXX
2018-07-26,58.179073333740234,62.310001373291016,62.349998474121094,61.52333450317383,61.52333450317383,7296300,SOXX
2018-07-27,57.920745849609375,62.03333282470703,62.913333892822266,61.57666778564453,62.35333251953125,5193300,SOXX
2018-07-30,57.35430908203125,61.426666259765625,62.176666259765625,61.12333297729492,62.00666809082031,2500200,SOXX
2018-07-31,57.73401641845703,61.83333206176758,62.6966667175293,61.723331451416016,61.836666107177734,2271000,SOXX
2018-08-01,57.64997482299805,61.74333190917969,62.38999938964844,61.47666549682617,61.893333435058594,3727800,SOXX
2018-08-02,58.21641540527344,62.349998474121094,62.43000030517578,60.96666717529297,61.186668395996094,2253300,SOXX
2018-08-03,58.337799072265625,62.47999954223633,62.53666687011719,62.0966682434082,62.38999938964844,1344300,SOXX
2018-08-06,58.689491271972656,62.856666564941406,62.866668701171875,62.02333450317383,62.36000061035156,777900,SOXX
2018-08-07,59.156349182128906,63.356666564941406,63.39666748046875,62.91666793823242,63.15999984741211,9879900,SOXX
2018-08-08,59.293296813964844,63.503334045410156,63.633331298828125,63.116668701171875,63.366668701171875,1116600,SOXX
2018-08-09,58.70817184448242,62.87666702270508,63.310001373291016,62.86333465576172,63.220001220703125,2218800,SOXX
2018-08-10,57.2515869140625,61.31666564941406,61.84333419799805,61.026668548583984,61.573333740234375,3248100,SOXX
2018-08-13,57.335628509521484,61.40666580200195,61.939998626708984,61.33333206176758,61.426666259765625,1687500,SOXX
2018-08-14,57.22047424316406,61.28333282470703,61.86333465576172,61.233333587646484,61.766666412353516,1609500,SOXX
2018-08-15,56.42683029174805,60.43333435058594,61.0099983215332,59.810001373291016,60.75666809082031,3067800,SOXX
2018-08-16,56.355228424072266,60.356666564941406,60.91666793823242,60.19333267211914,60.83333206176758,1419900,SOXX
2018-08-17,55.93506622314453,59.90666580200195,60.06666564941406,59.01333236694336,59.81999969482422,2195400,SOXX
2018-08-20,55.885284423828125,59.85333251953125,60.206668853759766,59.18000030517578,59.9900016784668,957300,SOXX
2018-08-21,56.9745979309082,61.02000045776367,61.18000030517578,60.029998779296875,60.043331146240234,2549100,SOXX
2018-08-22,57.24224853515625,61.30666732788086,61.38666534423828,60.52000045776367,60.893333435058594,1440300,SOXX
2018-08-23,57.30760955810547,61.37666702270508,61.83000183105469,61.276668548583984,61.276668548583984,1847700,SOXX
2018-08-24,58.138614654541016,62.266666412353516,62.29999923706055,61.63999938964844,61.650001525878906,1685100,SOXX
2018-08-27,59.06298065185547,63.25666809082031,63.72666549682617,62.63666534423828,62.77333450317383,17873700,SOXX
2018-08-28,59.29017639160156,63.5,63.77333450317383,62.88666534423828,63.59333419799805,1616100,SOXX
2018-08-29,59.44579315185547,63.66666793823242,63.86333465576172,63.276668548583984,63.5,4280400,SOXX
2018-08-30,58.91358184814453,63.0966682434082,63.7599983215332,63.0099983215332,63.52000045776367,1811400,SOXX
2018-08-31,59.234153747558594,63.439998626708984,63.53666687011719,63.00666809082031,63.00666809082031,1099800,SOXX
2018-09-04,59.71034240722656,63.95000076293945,63.97666549682617,63.073333740234375,63.209999084472656,1289700,SOXX
2018-09-05,59.4208984375,63.63999938964844,64.0633316040039,63.10333251953125,63.88999938964844,1579500,SOXX
2018-09-06,57.8460578918457,61.95333480834961,63.45333480834961,61.88666534423828,63.400001525878906,1494000,SOXX
2018-09-07,57.60639953613281,61.6966667175293,62.59333419799805,61.54999923706055,61.836666107177734,8400900,SOXX
2018-09-10,58.21641540527344,62.349998474121094,62.366668701171875,61.77333450317383,62.13666534423828,951000,SOXX
2018-09-11,57.6530876159668,61.746665954589844,62.18333435058594,61.41666793823242,62.099998474121094,1734900,SOXX
2018-09-12,56.987037658691406,61.03333282470703,61.060001373291016,59.70000076293945,60.95000076293945,2111400,SOXX
2018-09-13,57.63751983642578,61.72999954223633,62.503334045410156,61.50666809082031,61.706668853759766,2159700,SOXX
2018-09-14,58.28489685058594,62.42333221435547,62.66999816894531,61.90666580200195,62.086666107177734,1979100,SOXX
2018-09-17,57.47257995605469,61.5533332824707,62.356666564941406,61.47666549682617,62.19333267211914,1527600,SOXX
2018-09-18,57.96742630004883,62.08333206176758,62.459999084472656,61.8033332824707,61.8033332824707,1312800,SOXX
2018-09-19,58.05768585205078,62.18000030517578,62.47666549682617,61.91999816894531,62.106666564941406,1104900,SOXX
2018-09-20,58.76108169555664,62.93333435058594,63.17333221435547,62.58000183105469,62.66999816894531,1450200,SOXX
2018-09-21,58.60236358642578,62.76333236694336,63.22666549682617,62.599998474121094,62.99333190917969,1707600,SOXX
2018-09-24,58.804649353027344,62.97999954223633,63.0099983215332,62.12666702270508,62.25666809082031,833400,SOXX
2018-09-25,57.867828369140625,61.97666549682617,62.82666778564453,61.810001373291016,62.82666778564453,1470300,SOXX
2018-09-26,57.26982879638672,61.06666564941406,61.78666687011719,61.0,61.41666793823242,1049700,SOXX
2018-09-27,57.485530853271484,61.29666519165039,61.540000915527344,61.08333206176758,61.26333236694336,1055700,SOXX
2018-09-28,57.84814453125,61.68333435058594,61.900001525878906,61.043331146240234,61.22666549682617,2376600,SOXX
2018-10-01,58.0482063293457,61.89666748046875,62.4033317565918,61.75,62.0,1025100,SOXX
2018-10-02,58.0482063293457,61.89666748046875,62.75,61.733333587646484,61.733333587646484,2016900,SOXX
2018-10-03,58.101356506347656,61.95333480834961,62.38666534423828,61.400001525878906,62.16666793823242,1986300,SOXX
2018-10-04,57.072872161865234,60.856666564941406,61.630001068115234,60.33000183105469,61.526668548583984,1919100,SOXX
2018-10-05,55.72240447998047,59.41666793823242,60.93333435058594,58.86333465576172,60.87333297729492,2436900,SOXX
2018-10-08,55.10031509399414,58.753334045410156,59.46666717529297,58.246665954589844,58.93333435058594,2152200,SOXX
2018-10-09,55.03779602050781,58.686668395996094,58.983333587646484,58.323333740234375,58.43000030517578,1609800,SOXX
2018-10-10,52.608821868896484,56.0966682434082,57.959999084472656,56.04999923706055,57.92333221435547,6056400,SOXX
2018-10-11,52.08364486694336,55.53666687011719,57.21333312988281,55.10333251953125,55.99333190917969,4370400,SOXX
2018-10-12,53.030845642089844,56.54666519165039,57.356666564941406,55.723331451416016,57.03666687011719,4856100,SOXX
2018-10-15,52.596317291259766,56.08333206176758,56.709999084472656,55.880001068115234,56.3033332824707,3884100,SOXX
2018-10-16,54.30940628051758,57.90999984741211,57.9900016784668,56.643333435058594,56.706668853759766,1955100,SOXX
2018-10-17,54.093727111816406,57.68000030517578,58.4466667175293,57.279998779296875,58.33333206176758,2425500,SOXX
2018-10-18,52.74013137817383,56.23666763305664,57.4466667175293,56.026668548583984,57.44333267211914,4058700,SOXX
2018-10-19,51.94923400878906,55.393333435058594,56.90666580200195,55.15666580200195,56.58333206176758,3382800,SOXX
2018-10-22,52.268089294433594,55.733333587646484,56.060001373291016,55.21666717529297,55.68333435058594,3923700,SOXX
2018-10-23,51.99611282348633,55.44333267211914,55.75,53.67333221435547,54.276668548583984,4304700,SOXX
2018-10-24,48.58556365966797,51.80666732788086,54.516666412353516,51.71333312988281,54.516666412353516,9218700,SOXX
2018-10-25,49.67030715942383,52.96333312988281,53.366668701171875,52.02333450317383,52.10333251953125,9226500,SOXX
2018-10-26,48.8075065612793,52.043331146240234,52.959999084472656,51.1966667175293,51.810001373291016,3910200,SOXX
2018-10-29,48.29796600341797,51.5,53.34000015258789,50.526668548583984,53.0966682434082,4422600,SOXX
2018-10-30,50.30491638183594,53.63999938964844,53.69333267211914,51.349998474121094,51.349998474121094,2495700,SOXX
2018-10-31,50.94263458251953,54.31999969482422,54.7400016784668,53.84000015258789,54.473331451416016,3495900,SOXX
2018-11-01,53.33407974243164,56.869998931884766,57.0,54.66999816894531,54.709999084472656,3511500,SOXX
2018-11-02,52.53068161010742,56.01333236694336,56.92333221435547,55.31999969482422,56.619998931884766,3240000,SOXX
2018-11-05,52.05239486694336,55.503334045410156,55.93333435058594,54.56999969482422,55.926666259765625,2405100,SOXX
2018-11-06,52.65884780883789,56.150001525878906,56.366668701171875,55.383331298828125,55.383331298828125,1184400,SOXX
2018-11-07,53.25593566894531,56.78666687011719,56.973331451416016,56.16666793823242,56.88999938964844,1827900,SOXX
2018-11-08,53.11212921142578,56.633331298828125,57.003334045410156,56.08333206176758,56.34000015258789,1706100,SOXX
2018-11-09,52.099281311035156,55.5533332824707,56.043331146240234,55.06999969482422,55.9900016784668,1690200,SOXX
2018-11-12,49.77348327636719,53.073333740234375,54.71666717529297,52.9033317565918,54.606666564941406,2249100,SOXX
2018-11-13,50.45808410644531,53.8033332824707,54.87333297729492,53.51333236694336,53.51333236694336,2411100,SOXX
2018-11-14,50.68003845214844,54.040000915527344,54.81999969482422,53.52333450317383,54.30666732788086,3722100,SOXX
2018-11-15,52.39314270019531,55.866668701171875,56.063331604003906,53.74333190917969,53.75666809082031,4985100,SOXX
2018-11-16,51.76166534423828,55.19333267211914,55.44333267211914,53.83333206176758,53.84000015258789,4494300,SOXX
2018-11-19,49.78285598754883,53.08333206176758,55.08000183105469,53.029998779296875,54.91999816894531,2579100,SOXX
2018-11-20,49.84537887573242,53.150001525878906,53.836666107177734,51.50666809082031,51.56666564941406,3124200,SOXX
2018-11-21,50.05168533325195,53.369998931884766,54.15666580200195,53.349998474121094,53.74333190917969,2259900,SOXX
2018-11-23,50.079833984375,53.400001525878906,53.81666564941406,52.93000030517578,52.96333312988281,1488000,SOXX
2018-11-26,50.98638916015625,54.366668701171875,54.369998931884766,53.586666107177734,54.11333465576172,1907400,SOXX
2018-11-27,51.06141662597656,54.4466667175293,54.90666580200195,53.8033332824707,54.073333740234375,2013000,SOXX
2018-11-28,52.25557327270508,55.720001220703125,55.74333190917969,53.97999954223633,55.06666564941406,1681200,SOXX
2018-11-29,51.87419891357422,55.313331604003906,55.8466682434082,55.17333221435547,55.58333206176758,2874300,SOXX
2018-11-30,52.596317291259766,56.08333206176758,56.09000015258789,54.75666809082031,55.276668548583984,1842600,SOXX
2018-12-03,53.97805404663086,57.55666732788086,57.983333587646484,56.99333190917969,57.77333450317383,2338500,SOXX
2018-12-04,51.395912170410156,54.8033332824707,57.233333587646484,54.72999954223633,57.099998474121094,2076900,SOXX
2018-12-06,51.13331604003906,54.52333450317383,54.52333450317383,52.996665954589844,53.27000045776367,5354400,SOXX
2018-12-07,49.226409912109375,52.4900016784668,54.52333450317383,52.19333267211914,54.439998626708984,1956000,SOXX
2018-12-10,49.857872009277344,53.163333892822266,53.40666580200195,52.17333221435547,52.30666732788086,1613100,SOXX
2018-12-11,50.17674255371094,53.503334045410156,54.75666809082031,53.20000076293945,54.11333465576172,2491500,SOXX
2018-12-12,50.889488220214844,54.26333236694336,55.0966682434082,53.936668395996094,54.37666702270508,1403700,SOXX
2018-12-13,50.783206939697266,54.150001525878906,54.936668395996094,53.91666793823242,54.67333221435547,1341000,SOXX
2018-12-14,50.06420135498047,53.383331298828125,54.436668395996094,53.336666107177734,53.52333450317383,1363500,SOXX
2018-12-17,49.41541290283203,52.58000183105469,53.973331451416016,52.246665954589844,53.19333267211914,1176300,SOXX
2018-12-18,50.06700897216797,53.27333450317383,54.099998474121094,53.01333236694336,53.02333450317383,2520300,SOXX
2018-12-19,47.9367790222168,51.00666809082031,53.58000183105469,50.78666687011719,52.97666549682617,3022800,SOXX
2018-12-20,47.60470962524414,50.6533317565918,51.810001373291016,49.97666549682617,50.983333587646484,3256500,SOXX
2018-12-21,46.79645919799805,49.793331146240234,51.55666732788086,49.65666580200195,50.97666549682617,2780100,SOXX
2018-12-24,45.42433547973633,48.33333206176758,49.913333892822266,48.33333206176758,49.36000061035156,2641800,SOXX
2018-12-26,48.1497917175293,51.233333587646484,51.233333587646484,48.26333236694336,49.133331298828125,4233900,SOXX
2018-12-27,48.46620178222656,51.56999969482422,51.57666778564453,49.84000015258789,50.4466667175293,2700600,SOXX
2018-12-28,48.813934326171875,51.939998626708984,52.880001068115234,51.526668548583984,51.82666778564453,1011000,SOXX
2018-12-31,49.155399322509766,52.3033332824707,52.709999084472656,51.7599983215332,52.47999954223633,2207700,SOXX
2019-01-02,49.471805572509766,52.63999938964844,53.11000061035156,51.18000030517578,51.233333587646484,2292000,SOXX
2019-01-03,46.586578369140625,49.56999969482422,51.76333236694336,49.54666519165039,51.439998626708984,3070200,SOXX
2019-01-04,48.688629150390625,51.80666732788086,51.98666763305664,50.31666564941406,50.496665954589844,2537400,SOXX
2019-01-07,49.58770751953125,52.76333236694336,53.27000045776367,51.74333190917969,51.959999084472656,1679700,SOXX
2019-01-08,49.371559143066406,52.53333282470703,53.33333206176758,51.86000061035156,53.33333206176758,1529700,SOXX
2019-01-09,50.64030456542969,53.883331298828125,54.11000061035156,53.0099983215332,53.0099983215332,2304600,SOXX
2019-01-10,51.08827209472656,54.36000061035156,54.45000076293945,53.313331604003906,53.349998474121094,1256700,SOXX
2019-01-11,51.636505126953125,54.94333267211914,55.393333435058594,53.9466667175293,54.12333297729492,1290300,SOXX
2019-01-14,50.796939849853516,54.04999923706055,54.41666793823242,53.77333450317383,54.323333740234375,853500,SOXX
2019-01-15,50.94417953491211,54.206668853759766,54.790000915527344,53.983333587646484,54.19333267211914,882000,SOXX
2019-01-16,50.47740173339844,53.709999084472656,54.62666702270508,53.709999084472656,54.3033332824707,856800,SOXX
2019-01-17,50.94417953491211,54.206668853759766,54.62666702270508,53.040000915527344,53.336666107177734,3133500,SOXX
2019-01-18,52.269309997558594,55.616668701171875,55.95000076293945,54.606666564941406,54.776668548583984,1574400,SOXX
2019-01-22,50.7656135559082,54.016666412353516,55.08000183105469,53.616668701171875,55.08000183105469,2130600,SOXX
2019-01-23,50.40848159790039,53.63666534423828,54.53666687011719,53.163333892822266,54.31666564941406,2110500,SOXX
2019-01-24,53.33757019042969,56.753334045410156,56.95000076293945,54.836666107177734,54.856666564941406,5947200,SOXX
2019-01-25,54.44342041015625,57.93000030517578,58.16999816894531,56.58000183105469,56.97999954223633,3126600,SOXX
2019-01-28,53.368900299072266,56.78666687011719,57.24333190917969,55.643333435058594,55.823333740234375,2450400,SOXX
2019-01-29,52.59824752807617,55.96666717529297,56.973331451416016,55.869998931884766,56.790000915527344,4396500,SOXX
2019-01-30,54.12388229370117,57.59000015258789,57.793331146240234,56.31999969482422,56.96666717529297,3142800,SOXX
2019-01-31,54.09881591796875,57.563331604003906,58.08000183105469,57.03333282470703,57.473331451416016,1481700,SOXX
2019-02-01,54.74728775024414,58.253334045410156,58.53333282470703,57.60333251953125,57.630001068115234,1515000,SOXX
2019-02-04,55.02296829223633,58.54666519165039,58.5533332824707,57.79999923706055,58.220001220703125,627600,SOXX
2019-02-05,55.27357482910156,58.813331604003906,59.0966682434082,58.393333435058594,58.496665954589844,1295400,SOXX
2019-02-06,56.761634826660156,60.39666748046875,60.87666702270508,59.540000915527344,59.540000915527344,2575800,SOXX
2019-02-07,55.53046798706055,59.086666107177734,59.93000030517578,58.56666564941406,59.65666580200195,3459900,SOXX
2019-02-08,55.43335723876953,58.983333587646484,59.106666564941406,57.95333480834961,58.27333450317383,1882800,SOXX
2019-02-11,55.70590591430664,59.27333450317383,59.426666259765625,58.8033332824707,59.119998931884766,741600,SOXX
2019-02-12,56.88380813598633,60.526668548583984,60.676666259765625,59.91666793823242,60.003334045410156,2019900,SOXX
2019-02-13,57.06550216674805,60.720001220703125,61.189998626708984,60.540000915527344,60.82666778564453,906600,SOXX
2019-02-14,57.218997955322266,60.883331298828125,61.33333206176758,60.4466667175293,60.51333236694336,1004700,SOXX
2019-02-15,57.51347351074219,61.1966667175293,61.53333282470703,60.866668701171875,61.366668701171875,742500,SOXX
2019-02-19,57.435157775878906,61.11333465576172,61.50666809082031,60.84333419799805,60.91666793823242,1182900,SOXX
2019-02-20,57.92384719848633,61.633331298828125,62.02000045776367,61.2599983215332,61.2599983215332,1036800,SOXX
2019-02-21,57.494693756103516,61.176666259765625,61.776668548583984,61.0,61.63999938964844,1152900,SOXX
2019-02-22,58.11181640625,61.83333206176758,61.92333221435547,61.41666793823242,61.65666580200195,880800,SOXX
2019-02-25,58.591129302978516,62.34333419799805,63.07666778564453,62.29999923706055,62.76333236694336,2355600,SOXX
2019-02-26,58.224605560302734,61.95333480834961,62.41999816894531,61.7599983215332,62.17333221435547,865200,SOXX
2019-02-27,57.52601623535156,61.209999084472656,61.70333480834961,60.543331146240234,61.70333480834961,2977800,SOXX
2019-02-28,57.56047439575195,61.246665954589844,61.42333221435547,60.75,60.95000076293945,1236000,SOXX
2019-03-01,58.071102142333984,61.790000915527344,62.09000015258789,61.150001525878906,61.83000183105469,1433400,SOXX
2019-03-04,58.077362060546875,61.79666519165039,62.43333435058594,61.029998779296875,62.21666717529297,1755600,SOXX
2019-03-05,57.85494613647461,61.560001373291016,61.90999984741211,61.276668548583984,61.630001068115234,1330500,SOXX
2019-03-06,56.89945983886719,60.543331146240234,61.53666687011719,60.5,61.38999938964844,1412400,SOXX
2019-03-07,56.28545379638672,59.88999938964844,60.3033332824707,59.483333587646484,60.3033332824707,2994000,SOXX
2019-03-08,56.23533248901367,59.836666107177734,59.88666534423828,58.63666534423828,58.85333251953125,1491000,SOXX
2019-03-11,57.544803619384766,61.22999954223633,61.52333450317383,60.06666564941406,60.13666534423828,1993800,SOXX
2019-03-12,57.76096725463867,61.459999084472656,61.81999969482422,60.926666259765625,61.45333480834961,1968300,SOXX
2019-03-13,57.99277877807617,61.706668853759766,62.22999954223633,61.65666580200195,61.883331298828125,1230000,SOXX
2019-03-14,57.67637634277344,61.369998931884766,62.029998779296875,61.366668701171875,61.7400016784668,1775700,SOXX
2019-03-15,59.34925079345703,63.150001525878906,63.643333435058594,62.09333419799805,62.11000061035156,3952800,SOXX
2019-03-18,59.258392333984375,63.0533332824707,63.61333465576172,62.64666748046875,63.293331146240234,2697000,SOXX
2019-03-19,60.025909423828125,63.869998931884766,64.0633316040039,63.47666549682617,63.483333587646484,1991400,SOXX
2019-03-20,59.4636344909668,63.099998474121094,64.0633316040039,62.71333312988281,63.733333587646484,2508600,SOXX
2019-03-21,61.51801300048828,65.27999877929688,65.71333312988281,63.15999984741211,63.15999984741211,2802300,SOXX
2019-03-22,59.78403854370117,63.439998626708984,65.0999984741211,63.38666534423828,65.00666809082031,4417200,SOXX
2019-03-25,59.03642272949219,62.64666748046875,63.57666778564453,62.12333297729492,62.9900016784668,2944800,SOXX
2019-03-26,59.601844787597656,63.246665954589844,63.813331604003906,62.77333450317383,63.526668548583984,3840900,SOXX
2019-03-27,58.76626968383789,62.36000061035156,63.529998779296875,61.880001068115234,63.31999969482422,3970800,SOXX
2019-03-28,58.66891098022461,62.25666809082031,63.02333450317383,61.81666564941406,62.46333312988281,1386600,SOXX
2019-03-29,59.53901672363281,63.18000030517578,63.33000183105469,62.81999969482422,62.996665954589844,1725900,SOXX
2019-04-01,61.024845123291016,64.75666809082031,64.83333587646484,63.883331298828125,64.11000061035156,1964400,SOXX
2019-04-02,61.11592483520508,64.85333251953125,65.00666809082031,64.46666717529297,64.79000091552734,1459500,SOXX
2019-04-03,62.46664810180664,66.28666687011719,66.88333129882812,65.62000274658203,65.63666534423828,3218100,SOXX
2019-04-04,62.601722717285156,66.43000030517578,66.84333038330078,66.06999969482422,66.20333099365234,1617300,SOXX
2019-04-05,63.05405044555664,66.91000366210938,66.94000244140625,66.43000030517578,66.82666778564453,1223700,SOXX
2019-04-08,63.201725006103516,67.06666564941406,67.13999938964844,66.47666931152344,66.62000274658203,1380300,SOXX
2019-04-09,62.545188903808594,66.37000274658203,66.68333435058594,66.02333068847656,66.68333435058594,1483500,SOXX
2019-04-10,63.02892303466797,66.88333129882812,67.09666442871094,66.23666381835938,66.2933349609375,1267500,SOXX
2019-04-11,62.97553253173828,66.82666778564453,67.3133316040039,66.65666961669922,67.0566635131836,935400,SOXX
2019-04-12,63.84880447387695,67.75333404541016,67.80000305175781,67.23999786376953,67.44667053222656,1030500,SOXX
2019-04-15,63.37448501586914,67.25,67.86333465576172,66.8933334350586,67.86333465576172,1770000,SOXX
2019-04-16,65.40371704101562,69.40333557128906,69.46333312988281,67.67666625976562,67.67666625976562,3216900,SOXX
2019-04-17,66.4874496459961,70.55332946777344,71.40666961669922,70.0,70.82666778564453,3275700,SOXX
2019-04-18,66.49685668945312,70.5633316040039,70.76333618164062,70.22666931152344,70.66666412353516,1083900,SOXX
2019-04-22,66.44658660888672,70.51000213623047,70.71333312988281,69.91666412353516,70.34333038330078,912300,SOXX
2019-04-23,67.13139343261719,71.23666381835938,71.5,70.73666381835938,70.90333557128906,2014800,SOXX
2019-04-24,67.75336456298828,71.89666748046875,72.66666412353516,71.25333404541016,71.28333282470703,2025900,SOXX
2019-04-25,66.56282806396484,70.63333129882812,71.76000213623047,70.0433349609375,71.65666961669922,2073300,SOXX
2019-04-26,66.01312255859375,70.05000305175781,70.08333587646484,68.6066665649414,69.29000091552734,3381000,SOXX
2019-04-29,65.93457794189453,69.96666717529297,70.22666931152344,69.63333129882812,70.08333587646484,2680200,SOXX
2019-04-30,66.4560317993164,70.5199966430664,70.63999938964844,69.8066635131836,69.8066635131836,3088800,SOXX
2019-05-01,65.92516326904297,69.9566650390625,71.52666473388672,69.87999725341797,71.10333251953125,4019100,SOXX
2019-05-02,66.55968475341797,70.62999725341797,71.40666961669922,69.75333404541016,69.91666412353516,3420000,SOXX
2019-05-03,67.08113098144531,71.18333435058594,71.19999694824219,70.33000183105469,71.0566635131836,2269800,SOXX
2019-05-06,65.98797607421875,70.02333068847656,70.04666900634766,68.55332946777344,68.70333099365234,2262900,SOXX
2019-05-07,64.36396026611328,68.30000305175781,69.25666809082031,67.52333068847656,69.09666442871094,3237000,SOXX
2019-05-08,63.81424331665039,67.71666717529297,68.77999877929688,67.586669921875,67.73666381835938,3103200,SOXX
2019-05-09,63.11061477661133,66.97000122070312,67.2699966430664,65.44999694824219,66.66666412353516,2978700,SOXX
2019-05-10,63.201725006103516,67.06666564941406,67.43333435058594,65.44999694824219,66.3566665649414,3901200,SOXX
2019-05-13,60.24579620361328,63.93000030517578,65.2300033569336,63.630001068115234,64.83333587646484,4856400,SOXX
2019-05-14,61.634220123291016,65.40333557128906,65.74666595458984,64.41999816894531,64.7300033569336,2954100,SOXX
2019-05-15,62.108551025390625,65.90666961669922,66.3566665649414,64.663330078125,64.72666931152344,5173800,SOXX
2019-05-16,61.128482818603516,64.86666870117188,65.5633316040039,64.4566650390625,64.98666381835938,6997800,SOXX
2019-05-17,59.93795394897461,63.60333251953125,65.11333465576172,63.32666778564453,63.82666778564453,5014200,SOXX
2019-05-20,57.54747009277344,61.06666564941406,62.03666687011719,60.633331298828125,61.53333282470703,4640700,SOXX
2019-05-21,58.725433349609375,62.31666564941406,62.64666748046875,61.79999923706055,62.293331146240234,5167500,SOXX
2019-05-22,57.484642028808594,61.0,61.630001068115234,60.813331604003906,61.12333297729492,3254100,SOXX
2019-05-23,56.58939743041992,60.04999923706055,60.08333206176758,59.06666564941406,59.93000030517578,3725400,SOXX
2019-05-24,56.09623336791992,59.526668548583984,60.793331146240234,59.473331451416016,60.34333419799805,2273100,SOXX
2019-05-28,55.61561965942383,59.016666412353516,60.073333740234375,58.883331298828125,59.866668701171875,2389200,SOXX
2019-05-29,55.816654205322266,59.22999954223633,59.51333236694336,58.356666564941406,58.526668548583984,4244400,SOXX
2019-05-30,56.287841796875,59.72999954223633,60.209999084472656,59.246665954589844,59.380001068115234,2000100,SOXX
2019-05-31,55.449134826660156,58.84000015258789,59.80666732788086,58.79999923706055,58.983333587646484,3330600,SOXX
2019-06-03,55.58106231689453,58.97999954223633,60.13999938964844,58.676666259765625,59.50666809082031,2988000,SOXX
2019-06-04,58.01237869262695,61.560001373291016,61.560001373291016,59.586666107177734,60.099998474121094,3156600,SOXX
2019-06-05,57.59458923339844,61.116668701171875,62.23666763305664,60.31999969482422,62.08000183105469,3273600,SOXX
2019-06-06,58.3924674987793,61.96333312988281,62.176666259765625,60.98666763305664,61.206668853759766,957000,SOXX
2019-06-07,59.0521240234375,62.663333892822266,62.793331146240234,62.02000045776367,62.22999954223633,1468500,SOXX
2019-06-10,60.490821838378906,64.19000244140625,64.97333526611328,63.436668395996094,63.436668395996094,3907800,SOXX
2019-06-11,60.73270034790039,64.44667053222656,65.51000213623047,63.956668853759766,65.37999725341797,3400500,SOXX
2019-06-12,59.32228088378906,62.95000076293945,63.84333419799805,62.86333465576172,63.7599983215332,1450500,SOXX
2019-06-13,59.60812759399414,63.253334045410156,63.53333282470703,62.823333740234375,63.4033317565918,1143000,SOXX
2019-06-14,58.10661315917969,61.65999984741211,61.93000030517578,61.2400016784668,61.4033317565918,2081700,SOXX
2019-06-17,57.67669677734375,60.95333480834961,61.619998931884766,60.93333435058594,61.39666748046875,1074600,SOXX
2019-06-18,60.17163848876953,63.59000015258789,64.03333282470703,61.60333251953125,61.60333251953125,2850000,SOXX
2019-06-19,60.291500091552734,63.71666717529297,64.12666320800781,63.3466682434082,64.02666473388672,1431300,SOXX
2019-06-20,60.7993049621582,64.25333404541016,65.23332977294922,63.956668853759766,64.9366683959961,3371400,SOXX
2019-06-21,60.45235061645508,63.88666534423828,64.51667022705078,63.766666412353516,64.02999877929688,1333200,SOXX
2019-06-24,60.51542663574219,63.95333480834961,64.25666809082031,63.79666519165039,63.96666717529297,2115900,SOXX
2019-06-25,59.67959213256836,63.06999969482422,64.33999633789062,63.00666809082031,64.1066665649414,1416600,SOXX
2019-06-26,61.606781005859375,65.1066665649414,65.45333099365234,64.36666870117188,64.4800033569336,1755300,SOXX
2019-06-27,62.50254440307617,66.05332946777344,66.38333129882812,65.43333435058594,65.43333435058594,1559700,SOXX
2019-06-28,62.58139419555664,66.13666534423828,66.71666717529297,65.98999786376953,66.586669921875,2529900,SOXX
2019-07-01,64.1584701538086,67.80332946777344,69.58999633789062,67.34666442871094,69.01667022705078,4752000,SOXX
2019-07-02,63.357337951660156,66.9566650390625,67.66999816894531,66.6500015258789,67.60333251953125,1378800,SOXX
2019-07-03,63.06715393066406,66.6500015258789,66.99666595458984,66.14666748046875,66.95333099365234,738000,SOXX
2019-07-05,62.707557678222656,66.2699966430664,66.31999969482422,65.51667022705078,65.77999877929688,934200,SOXX
2019-07-08,62.22182846069336,65.75666809082031,65.94667053222656,65.34333038330078,65.66666412353516,581400,SOXX
2019-07-09,62.609798431396484,66.16666412353516,66.27333068847656,65.21333312988281,65.37999725341797,1347300,SOXX
2019-07-10,63.11445617675781,66.69999694824219,67.63333129882812,66.59333038330078,66.8933334350586,1424100,SOXX
2019-07-11,63.291099548339844,66.88666534423828,67.13666534423828,66.48666381835938,67.0,2578800,SOXX
2019-07-12,64.44235229492188,68.10333251953125,68.17333221435547,67.0566635131836,67.0566635131836,1315500,SOXX
2019-07-15,65.00694274902344,68.69999694824219,68.9566650390625,68.3066635131836,68.41666412353516,684300,SOXX
2019-07-16,64.3161849975586,67.97000122070312,68.5199966430664,67.6066665649414,68.38333129882812,1124400,SOXX
2019-07-17,64.50859069824219,68.17333221435547,68.4800033569336,67.93000030517578,68.36333465576172,786900,SOXX
2019-07-18,65.44222259521484,69.16000366210938,69.31999969482422,68.1500015258789,68.1500015258789,1041600,SOXX
2019-07-19,65.36652374267578,69.08000183105469,69.71666717529297,69.01000213623047,69.41999816894531,1311900,SOXX
2019-07-22,66.61557006835938,70.4000015258789,70.5,69.38333129882812,69.38333129882812,2729700,SOXX
2019-07-23,67.4703369140625,71.30332946777344,71.30332946777344,70.5,70.8066635131836,1297500,SOXX
2019-07-24,69.52681732177734,73.47666931152344,73.6066665649414,71.79666900634766,71.79666900634766,2436300,SOXX
2019-07-25,68.35980224609375,72.24333190917969,72.98666381835938,72.02999877929688,72.95333099365234,1846500,SOXX
2019-07-26,68.34088897705078,72.22333526611328,72.76333618164062,72.16666412353516,72.76333618164062,626400,SOXX
2019-07-29,68.52696228027344,72.41999816894531,72.48999786376953,71.48999786376953,72.0999984741211,2041800,SOXX
2019-07-30,68.37239837646484,72.25666809082031,72.40666961669922,71.43333435058594,71.7066650390625,789600,SOXX
2019-07-31,66.10457611083984,69.86000061035156,71.81999969482422,69.163330078125,71.70999908447266,1374600,SOXX
2019-08-01,64.79879760742188,68.4800033569336,71.55999755859375,67.88999938964844,69.5633316040039,2578800,SOXX
2019-08-02,63.843055725097656,67.47000122070312,68.37666320800781,66.87000274658203,67.78666687011719,2328900,SOXX
2019-08-05,61.08633041381836,64.5566635131836,65.55000305175781,63.970001220703125,65.49333190917969,2511300,SOXX
2019-08-06,61.86540985107422,65.37999725341797,66.21333312988281,64.65333557128906,65.62999725341797,1479000,SOXX
2019-08-07,62.256526947021484,65.7933349609375,66.0,64.33999633789062,64.33999633789062,2180400,SOXX
2019-08-08,63.98183822631836,67.61666870117188,67.63999938964844,65.97000122070312,66.40666961669922,2165400,SOXX
2019-08-09,62.865264892578125,66.4366683959961,67.17666625976562,65.9800033569336,66.9000015258789,1893600,SOXX
2019-08-12,62.04203796386719,65.56666564941406,66.33000183105469,65.27666473388672,65.74666595458984,1178100,SOXX
2019-08-13,63.874603271484375,67.50333404541016,68.08000183105469,65.12999725341797,65.56666564941406,2205000,SOXX
2019-08-14,61.909568786621094,65.42666625976562,66.4566650390625,65.08999633789062,65.9433364868164,2766300,SOXX
2019-08-15,61.7960205078125,65.3066635131836,65.96666717529297,64.73999786376953,65.78666687011719,965700,SOXX
2019-08-16,63.442481994628906,67.04666900634766,67.23332977294922,65.99333190917969,65.99333190917969,1509900,SOXX
2019-08-19,64.60950469970703,68.27999877929688,68.9000015258789,67.97666931152344,68.65333557128906,4550400,SOXX
2019-08-20,64.36980438232422,68.02666473388672,68.4433364868164,67.663330078125,68.25666809082031,732600,SOXX
2019-08-21,64.89655303955078,68.58333587646484,68.93000030517578,68.2933349609375,68.586669921875,700200,SOXX
2019-08-22,64.89655303955078,68.58333587646484,68.97000122070312,67.87000274658203,68.7300033569336,5985600,SOXX
2019-08-23,62.07673263549805,65.60333251953125,68.21666717529297,65.41666412353516,67.74333190917969,1682700,SOXX
2019-08-26,62.60348129272461,66.16000366210938,66.70333099365234,65.90333557128906,66.59666442871094,997800,SOXX
2019-08-27,62.37007141113281,65.913330078125,66.97000122070312,65.59666442871094,66.63999938964844,1290600,SOXX
2019-08-28,62.764347076416016,66.33000183105469,66.4800033569336,65.20333099365234,65.66999816894531,726000,SOXX
2019-08-29,64.27201843261719,67.92333221435547,68.32666778564453,67.35333251953125,67.50333404541016,3748500,SOXX
2019-08-30,64.57482147216797,68.24333190917969,68.86333465576172,67.9433364868164,68.58333587646484,1014600,SOXX
2019-09-03,63.51188278198242,67.12000274658203,67.76667022705078,66.73332977294922,67.48999786376953,2833500,SOXX
2019-09-04,65.21826171875,68.92333221435547,68.97333526611328,68.14666748046875,68.14666748046875,1387800,SOXX
2019-09-05,67.22431182861328,71.0433349609375,71.87666320800781,70.21333312988281,70.40666961669922,2037600,SOXX
2019-09-06,67.40408325195312,71.23332977294922,71.43333435058594,70.76000213623047,71.23332977294922,1273500,SOXX
2019-09-09,67.65009307861328,71.49333190917969,72.08999633789062,71.22333526611328,71.52333068847656,962400,SOXX
2019-09-10,67.95291137695312,71.8133316040039,71.8133316040039,70.70999908447266,71.27333068847656,1291800,SOXX
2019-09-11,68.97169494628906,72.88999938964844,72.93000030517578,71.7699966430664,72.22666931152344,1415400,SOXX
2019-09-12,69.12623596191406,73.05332946777344,73.7699966430664,72.63333129882812,73.62000274658203,1719900,SOXX
2019-09-13,68.98747253417969,72.90666961669922,73.26333618164062,72.56999969482422,73.14666748046875,1309500,SOXX
2019-09-16,68.54273223876953,72.4366683959961,72.73666381835938,71.75333404541016,72.3566665649414,840900,SOXX
2019-09-17,68.69414520263672,72.59666442871094,72.69000244140625,71.8566665649414,72.3066635131836,667800,SOXX
2019-09-18,68.82034301757812,72.7300033569336,72.7300033569336,71.66000366210938,72.68000030517578,654900,SOXX
2019-09-19,68.36927795410156,72.25333404541016,73.05000305175781,72.23666381835938,72.82333374023438,1057500,SOXX
2019-09-20,67.11074829101562,70.92333221435547,72.45333099365234,70.66666412353516,72.45333099365234,1944900,SOXX
2019-09-23,67.9024429321289,71.76000213623047,72.10333251953125,70.86000061035156,70.913330078125,2110800,SOXX
2019-09-24,66.78087615966797,70.26000213623047,71.97000122070312,69.88333129882812,71.72666931152344,1169400,SOXX
2019-09-25,67.89928436279297,71.4366683959961,71.66666412353516,69.29000091552734,69.89666748046875,1033500,SOXX
2019-09-26,67.98480987548828,71.52666473388672,71.73666381835938,70.81666564941406,71.43333435058594,1050600,SOXX
2019-09-27,66.39434814453125,69.85333251953125,71.2933349609375,69.2933349609375,71.14666748046875,2070000,SOXX
2019-09-30,66.9804916381836,70.47000122070312,70.59666442871094,69.85333251953125,70.163330078125,1079700,SOXX
2019-10-01,66.3531494140625,69.80999755859375,71.86333465576172,69.62333679199219,70.9566650390625,1820400,SOXX
2019-10-02,65.3836898803711,68.79000091552734,69.45333099365234,68.336669921875,69.42666625976562,1328700,SOXX
2019-10-03,66.53373718261719,70.0,70.01667022705078,67.97666931152344,68.86000061035156,1603500,SOXX
2019-10-04,67.63948059082031,71.163330078125,71.2699966430664,70.2066650390625,70.3566665649414,1213200,SOXX
2019-10-07,67.24345397949219,70.74666595458984,71.4433364868164,70.70999908447266,71.11666870117188,1224600,SOXX
2019-10-08,65.1618881225586,68.5566635131836,70.02666473388672,68.47666931152344,69.836669921875,2052000,SOXX
2019-10-09,66.22642517089844,69.67666625976562,70.1500015258789,69.30000305175781,69.4366683959961,1358400,SOXX
2019-10-10,66.87275695800781,70.3566665649414,71.12000274658203,69.75,69.75,1116300,SOXX
2019-10-11,68.45057678222656,72.01667022705078,72.84666442871094,71.6433334350586,71.66666412353516,1947300,SOXX
2019-10-14,68.4410400390625,72.00666809082031,72.12333679199219,71.6066665649414,71.96666717529297,1111200,SOXX
2019-10-15,69.94596099853516,73.58999633789062,73.73666381835938,72.33000183105469,72.45333099365234,1204800,SOXX
2019-10-16,68.9543228149414,72.54666900634766,73.51333618164062,72.336669921875,73.17333221435547,1761600,SOXX
2019-10-17,69.071533203125,72.66999816894531,73.56666564941406,72.26667022705078,73.37666320800781,1289700,SOXX
2019-10-18,68.33968353271484,71.9000015258789,72.7699966430664,71.26000213623047,72.54000091552734,807600,SOXX
2019-10-21,69.68618774414062,73.31666564941406,73.32333374023438,72.41999816894531,72.5999984741211,1299900,SOXX
2019-10-22,69.077880859375,72.67666625976562,73.57333374023438,72.67666625976562,73.53333282470703,1130400,SOXX
2019-10-23,67.74720001220703,71.27666473388672,71.96333312988281,70.83999633789062,71.33999633789062,1599300,SOXX
2019-10-24,69.42322540283203,73.04000091552734,73.11000061035156,72.1500015258789,72.23666381835938,1912200,SOXX
2019-10-25,70.87429809570312,74.56666564941406,74.63999938964844,73.24333190917969,73.28333282470703,1859700,SOXX
2019-10-28,72.16378021240234,75.92333221435547,75.98332977294922,75.01333618164062,75.12333679199219,1158600,SOXX
2019-10-29,71.41606903076172,75.13666534423828,76.50333404541016,75.13666534423828,75.98999786376953,1158300,SOXX
2019-10-30,71.44139862060547,75.163330078125,75.72666931152344,74.66666412353516,75.70999908447266,1061400,SOXX
2019-10-31,71.0802230834961,74.78333282470703,75.03666687011719,73.80999755859375,75.03666687011719,862800,SOXX
2019-11-01,72.71190643310547,76.5,76.5,75.13999938964844,75.48999786376953,1989600,SOXX
2019-11-04,74.33087158203125,78.20333099365234,78.28333282470703,77.44999694824219,77.47000122070312,1991100,SOXX
2019-11-05,74.37205505371094,78.24666595458984,78.87999725341797,78.02333068847656,78.44000244140625,1091700,SOXX
2019-11-06,73.8746566772461,77.72333526611328,78.12000274658203,76.93333435058594,78.09666442871094,1633800,SOXX
2019-11-07,74.32138061523438,78.1933364868164,79.05000305175781,77.87000274658203,78.88333129882812,1491600,SOXX
2019-11-08,74.69523620605469,78.586669921875,78.63666534423828,77.43333435058594,77.8933334350586,1048500,SOXX
2019-11-11,74.38790893554688,78.26333618164062,78.38333129882812,77.62666320800781,77.92333221435547,836400,SOXX
2019-11-12,74.53997039794922,78.42333221435547,79.02999877929688,78.11666870117188,78.45999908447266,1444200,SOXX
2019-11-13,74.61920166015625,78.50666809082031,78.69667053222656,77.61333465576172,77.99333190917969,929700,SOXX
2019-11-14,74.37205505371094,78.24666595458984,78.31666564941406,77.6500015258789,78.08999633789062,973800,SOXX
2019-11-15,75.05325317382812,78.96333312988281,79.62999725341797,78.59666442871094,79.28333282470703,977400,SOXX
2019-11-18,74.88217163085938,78.78333282470703,79.26667022705078,78.39666748046875,78.9566650390625,777000,SOXX
2019-11-19,74.50830078125,78.38999938964844,79.26667022705078,77.9566650390625,79.1500015258789,731700,SOXX
2019-11-20,73.63067626953125,77.46666717529297,78.413330078125,76.87333679199219,78.02333068847656,1412700,SOXX
2019-11-21,72.84495544433594,76.63999938964844,77.31999969482422,76.30332946777344,76.92666625976562,2084400,SOXX
2019-11-22,72.76892852783203,76.55999755859375,77.28333282470703,76.37999725341797,76.86000061035156,1028400,SOXX
2019-11-25,74.51461791992188,78.39666748046875,78.47333526611328,77.29000091552734,77.29000091552734,1229100,SOXX
2019-11-26,74.23583221435547,78.10333251953125,78.38666534423828,77.74666595458984,78.26667022705078,2139600,SOXX
2019-11-27,74.77128601074219,78.66666412353516,78.67666625976562,78.31666564941406,78.41999816894531,775200,SOXX
2019-11-29,73.96969604492188,77.82333374023438,78.40333557128906,77.72333526611328,78.40333557128906,615000,SOXX
2019-12-02,72.832275390625,76.62666320800781,77.98332977294922,76.46333312988281,77.90333557128906,1428900,SOXX
2019-12-03,71.70437622070312,75.44000244140625,75.51667022705078,74.61666870117188,74.9800033569336,1932300,SOXX
2019-12-04,72.8386001586914,76.63333129882812,76.96666717529297,76.41000366210938,76.4800033569336,1081500,SOXX
2019-12-05,73.20296478271484,77.01667022705078,77.33333587646484,76.68000030517578,77.163330078125,1404600,SOXX
2019-12-06,74.26117706298828,78.12999725341797,78.3566665649414,77.83000183105469,77.97000122070312,1002300,SOXX
2019-12-09,73.92218017578125,77.77333068847656,78.38333129882812,77.76333618164062,78.3133316040039,492900,SOXX
2019-12-10,74.23583221435547,78.10333251953125,78.61333465576172,77.80999755859375,78.18333435058594,522600,SOXX
2019-12-11,75.75658416748047,79.70333099365234,79.82333374023438,78.25333404541016,78.3066635131836,1458900,SOXX
2019-12-12,77.80962371826172,81.86333465576172,82.00333404541016,79.58333587646484,79.58333587646484,2190300,SOXX
2019-12-13,77.46746063232422,81.50333404541016,82.75,81.13333129882812,81.90666961669922,1735800,SOXX
2019-12-16,78.20892333984375,81.99333190917969,82.70333099365234,81.93000030517578,82.11000061035156,2099100,SOXX
2019-12-17,78.56185913085938,82.36333465576172,82.52333068847656,81.93333435058594,82.4433364868164,974100,SOXX
2019-12-18,78.5205307006836,82.31999969482422,82.52666473388672,82.0199966430664,82.52666473388672,963900,SOXX
2019-12-19,79.15323638916016,82.98332977294922,82.98332977294922,82.25333404541016,82.6500015258789,1063500,SOXX
2019-12-20,79.9067611694336,83.77333068847656,83.97000122070312,83.16999816894531,83.55999755859375,1035600,SOXX
2019-12-23,80.1611328125,84.04000091552734,84.47333526611328,83.93333435058594,84.43000030517578,1356300,SOXX
2019-12-24,80.29148864746094,84.17666625976562,84.24666595458984,83.75,84.22666931152344,504300,SOXX
2019-12-26,80.38369750976562,84.27333068847656,84.53333282470703,83.95999908447266,84.53333282470703,654000,SOXX
2019-12-27,80.22472381591797,84.1066665649414,84.62000274658203,83.82333374023438,84.62000274658203,1104000,SOXX
2019-12-30,79.62062072753906,83.47333526611328,84.086669921875,82.9000015258789,84.086669921875,1118700,SOXX
2019-12-31,79.83680725097656,83.69999694824219,83.74333190917969,83.0,83.04000091552734,604500,SOXX
2020-01-02,81.4869613647461,85.43000030517578,85.43000030517578,84.33333587646484,84.75333404541016,1275300,SOXX
2020-01-03,79.9671859741211,83.836669921875,84.56999969482422,83.65333557128906,84.11333465576172,1235100,SOXX
2020-01-06,79.13416290283203,82.96333312988281,83.2300033569336,82.41999816894531,82.78333282470703,1615200,SOXX
2020-01-07,80.5903549194336,84.48999786376953,84.82333374023438,83.5,83.99666595458984,1146600,SOXX
2020-01-08,80.51721954345703,84.413330078125,84.98332977294922,84.05332946777344,84.65666961669922,1297800,SOXX
2020-01-09,81.02593994140625,84.94667053222656,85.586669921875,84.14666748046875,85.586669921875,639600,SOXX
2020-01-10,80.55537414550781,84.45333099365234,85.48666381835938,84.2066650390625,85.48666381835938,1952100,SOXX
2020-01-13,81.49652099609375,85.44000244140625,85.55999755859375,84.78333282470703,85.0433349609375,950100,SOXX
2020-01-14,81.67454528808594,85.62666320800781,86.34666442871094,85.18000030517578,85.66666412353516,896400,SOXX
2020-01-15,80.80973052978516,84.72000122070312,85.78666687011719,84.37000274658203,85.74666595458984,1516500,SOXX
2020-01-16,82.08788299560547,86.05999755859375,86.09333038330078,85.3133316040039,85.37333679199219,1708500,SOXX
2020-01-17,82.70472717285156,86.7066650390625,86.7066650390625,86.02666473388672,86.58333587646484,1016700,SOXX
2020-01-21,82.65702056884766,86.65666961669922,86.9566650390625,86.2933349609375,86.36666870117188,1653300,SOXX
2020-01-22,83.21343994140625,87.23999786376953,88.20999908447266,87.04000091552734,87.2933349609375,1251300,SOXX
2020-01-23,83.84297180175781,87.9000015258789,87.9800033569336,86.77666473388672,87.57333374023438,1077300,SOXX
2020-01-24,82.95271301269531,86.96666717529297,89.30999755859375,86.36000061035156,89.18333435058594,1626300,SOXX
2020-01-27,79.78594207763672,83.64666748046875,84.66999816894531,83.47666931152344,84.5,3212100,SOXX
2020-01-28,81.63642883300781,85.586669921875,85.88666534423828,84.12333679199219,84.59333038330078,2410500,SOXX
2020-01-29,80.13568878173828,84.01333618164062,85.49666595458984,83.96333312988281,85.28333282470703,1242300,SOXX
2020-01-30,80.13886260986328,84.01667022705078,84.26333618164062,82.36666870117188,83.55000305175781,1741800,SOXX
2020-01-31,77.2804946899414,81.0199966430664,83.3133316040039,80.63333129882812,83.24666595458984,2155500,SOXX
2020-02-03,78.14533233642578,81.92666625976562,82.12666320800781,81.21333312988281,81.26667022705078,1719300,SOXX
2020-02-04,80.58716583251953,84.48666381835938,84.61333465576172,83.69000244140625,84.11000061035156,2465100,SOXX
2020-02-05,82.4439926147461,86.43333435058594,86.58000183105469,85.15666961669922,86.09666442871094,2009100,SOXX
2020-02-06,82.4916763305664,86.48332977294922,86.52666473388672,85.44000244140625,86.40333557128906,1068600,SOXX
2020-02-07,80.54586029052734,84.4433364868164,85.61666870117188,84.33999633789062,85.46666717529297,1550700,SOXX
2020-02-10,81.67454528808594,85.62666320800781,85.67333221435547,83.65666961669922,83.65666961669922,1212900,SOXX
2020-02-11,83.32472229003906,87.3566665649414,87.86333465576172,86.4566650390625,86.4566650390625,1132500,SOXX
2020-02-12,84.60922241210938,88.70333099365234,88.83333587646484,88.25333404541016,88.33333587646484,1554900,SOXX
2020-02-13,84.69824981689453,88.79666900634766,89.37333679199219,87.86333465576172,87.97000122070312,1681800,SOXX
2020-02-14,84.415283203125,88.5,89.78666687011719,88.0566635131836,89.49333190917969,1366800,SOXX
2020-02-18,83.33106231689453,87.36333465576172,87.50333404541016,86.69667053222656,87.15666961669922,2409900,SOXX
2020-02-19,85.4327163696289,89.56666564941406,89.73332977294922,88.47333526611328,88.47333526611328,1575300,SOXX
2020-02-20,84.19271087646484,88.26667022705078,89.52333068847656,86.96666717529297,89.28666687011719,2301300,SOXX
2020-02-21,81.69046020507812,85.6433334350586,87.7300033569336,85.30332946777344,87.65333557128906,2479200,SOXX
2020-02-24,77.7765121459961,81.54000091552734,82.78666687011719,81.0,81.62333679199219,3786600,SOXX
2020-02-25,75.45865631103516,79.11000061035156,82.75666809082031,78.63666534423828,82.63333129882812,5127600,SOXX
2020-02-26,75.56041717529297,79.21666717529297,80.9566650390625,78.73332977294922,79.76000213623047,4525200,SOXX
2020-02-27,72.07251739501953,75.55999755859375,78.4366683959961,75.42333221435547,76.86000061035156,4172100,SOXX
2020-02-28,73.69725036621094,77.26333618164062,77.7699966430664,72.7066650390625,72.92666625976562,4788900,SOXX
2020-03-02,76.3075942993164,80.0,80.0,76.10333251953125,78.63333129882812,4137600,SOXX
2020-03-03,73.62092590332031,77.18333435058594,81.40333557128906,76.66666412353516,80.3566665649414,2729700,SOXX
2020-03-04,77.38227844238281,81.12666320800781,81.12666320800781,77.7300033569336,78.88666534423828,3355800,SOXX
2020-03-05,75.05169677734375,78.68333435058594,80.72000122070312,78.02666473388672,79.11666870117188,3548700,SOXX
2020-03-06,73.41110229492188,76.96333312988281,77.69000244140625,75.11000061035156,76.2933349609375,4851600,SOXX
2020-03-09,67.14112854003906,70.38999938964844,74.26000213623047,70.0,70.82333374023438,6082500,SOXX
2020-03-10,71.54790496826172,75.01000213623047,75.07666778564453,70.69999694824219,73.33333587646484,3859500,SOXX
2020-03-11,67.53858184814453,70.8066635131836,73.6933364868164,70.02999877929688,72.63666534423828,2262900,SOXX
2020-03-12,60.13356018066406,63.043331146240234,68.55999755859375,62.936668395996094,65.86333465576172,5859900,SOXX
2020-03-13,66.5847396850586,69.8066635131836,70.05999755859375,63.0533332824707,66.80332946777344,4420200,SOXX
2020-03-16,56.44536590576172,59.176666259765625,65.62333679199219,58.54999923706055,62.66666793823242,4817100,SOXX
2020-03-17,61.411712646484375,64.38333129882812,65.0,58.106666564941406,60.753334045410156,4079100,SOXX
2020-03-18,56.365875244140625,59.09333419799805,62.26333236694336,55.93000030517578,60.10333251953125,4131600,SOXX
2020-03-19,57.81572341918945,60.61333465576172,62.496665954589844,56.793331146240234,58.0099983215332,2945100,SOXX
2020-03-20,56.16874313354492,58.88666534423828,63.92333221435547,58.586666107177734,62.81666564941406,2942700,SOXX
2020-03-23,58.17499923706055,60.9900016784668,61.970001220703125,58.10333251953125,59.53666687011719,2787600,SOXX
2020-03-24,64.46720123291016,67.586669921875,67.78333282470703,64.62000274658203,64.81666564941406,5754600,SOXX
2020-03-25,63.626834869384766,66.47666931152344,70.16999816894531,65.51667022705078,67.95333099365234,2496000,SOXX
2020-03-26,67.90522003173828,70.94667053222656,71.23666381835938,67.60333251953125,68.22000122070312,3301800,SOXX
2020-03-27,64.5361099243164,67.42666625976562,69.71333312988281,67.19667053222656,68.7066650390625,2500800,SOXX
2020-03-30,66.78215026855469,69.77333068847656,69.9800033569336,67.63333129882812,68.13333129882812,3341400,SOXX
2020-03-31,65.47091674804688,68.40333557128906,70.95999908447266,67.8066635131836,69.78333282470703,4342200,SOXX
2020-04-01,61.8880500793457,64.66000366210938,67.73666381835938,63.973331451416016,66.15333557128906,2938800,SOXX
2020-04-02,63.73214340209961,66.586669921875,66.74333190917969,63.96666717529297,64.10333251953125,3537900,SOXX
2020-04-03,62.52613830566406,65.32666778564453,67.32666778564453,64.46666717529297,66.48332977294922,3110400,SOXX
2020-04-06,68.90381622314453,71.98999786376953,72.31666564941406,68.163330078125,68.163330078125,5011800,SOXX
2020-04-07,68.65815734863281,71.73332977294922,74.7933349609375,71.6500015258789,74.50666809082031,6696300,SOXX
2020-04-08,70.95524597167969,74.13333129882812,74.40666961669922,71.91999816894531,72.94000244140625,3915900,SOXX
2020-04-09,69.4206771850586,72.52999877929688,75.7699966430664,71.81999969482422,75.19000244140625,6792300,SOXX
2020-04-13,70.20551300048828,73.3499984741211,73.56999969482422,71.66999816894531,72.25333404541016,3968100,SOXX
2020-04-14,73.44379425048828,76.73332977294922,76.73332977294922,74.94667053222656,75.12666320800781,5871300,SOXX
2020-04-15,71.25835418701172,74.44999694824219,75.12333679199219,73.75,75.12333679199219,3620400,SOXX
2020-04-16,73.2587661743164,76.54000091552734,76.70333099365234,74.7933349609375,75.80000305175781,3338100,SOXX
2020-04-17,73.82664489746094,77.13333129882812,78.0433349609375,76.18333435058594,77.88666534423828,2772600,SOXX
2020-04-20,72.22186279296875,75.4566650390625,77.10333251953125,75.3566665649414,75.97333526611328,2713200,SOXX
2020-04-21,68.68367767333984,71.76000213623047,74.663330078125,71.52666473388672,74.27999877929688,3653100,SOXX
2020-04-22,72.8408203125,76.10333251953125,76.46333312988281,73.72333526611328,74.0999984741211,3341100,SOXX
2020-04-23,72.11338806152344,75.34333038330078,76.88999938964844,75.07666778564453,76.1066665649414,2933100,SOXX
2020-04-24,73.61289978027344,76.91000366210938,77.08000183105469,74.663330078125,75.2933349609375,2887200,SOXX
2020-04-27,74.5955581665039,77.9366683959961,78.71333312988281,77.57666778564453,77.90333557128906,3212400,SOXX
2020-04-28,74.20951080322266,77.53333282470703,79.78666687011719,77.44667053222656,79.38999938964844,4094100,SOXX
2020-04-29,77.73175048828125,81.21333312988281,81.5433349609375,78.76333618164062,78.91000366210938,3975900,SOXX
2020-04-30,74.98796844482422,78.34666442871094,80.97000122070312,78.21333312988281,80.87000274658203,5172300,SOXX
2020-05-01,71.33171844482422,74.52666473388672,76.70333099365234,74.16666412353516,76.28666687011719,6033600,SOXX
2020-05-04,71.92516326904297,75.14666748046875,75.23999786376953,73.52333068847656,73.81666564941406,3381300,SOXX
2020-05-05,73.13433837890625,76.41000366210938,77.83333587646484,75.95333099365234,76.54666900634766,4506300,SOXX
2020-05-06,74.03083801269531,77.34666442871094,78.53666687011719,77.12333679199219,77.24333190917969,4407900,SOXX
2020-05-07,74.6976318359375,78.0433349609375,79.01000213623047,77.65333557128906,78.71333312988281,2825700,SOXX
2020-05-08,76.90222930908203,80.34666442871094,80.43000030517578,78.63666534423828,78.86000061035156,3885600,SOXX
2020-05-11,76.82884979248047,80.2699966430664,80.98999786376953,79.44667053222656,79.59333038330078,3498300,SOXX
2020-05-12,74.79017639160156,78.13999938964844,81.08333587646484,78.07333374023438,80.8133316040039,3764100,SOXX
2020-05-13,73.34807586669922,76.63333129882812,78.87999725341797,75.47333526611328,78.5199966430664,6889500,SOXX
2020-05-14,75.31021118164062,78.68333435058594,78.76000213623047,74.70333099365234,75.9800033569336,6521700,SOXX
2020-05-15,73.7532730102539,77.0566635131836,77.31999969482422,75.58000183105469,76.04666900634766,5657100,SOXX
2020-05-18,77.1415023803711,80.59666442871094,81.02666473388672,78.88666534423828,78.88666534423828,4940700,SOXX
2020-05-19,76.88945770263672,80.33333587646484,82.1933364868164,80.30332946777344,80.61333465576172,4308000,SOXX
2020-05-20,79.72257995605469,83.2933349609375,83.836669921875,81.98666381835938,81.98666381835938,3791100,SOXX
2020-05-21,77.7157974243164,81.19667053222656,83.38333129882812,81.0633316040039,83.31999969482422,3809700,SOXX
2020-05-22,78.06034851074219,81.5566635131836,81.6933364868164,80.2699966430664,81.27666473388672,2462400,SOXX
2020-05-26,78.88030242919922,82.413330078125,84.1433334350586,82.30332946777344,83.73999786376953,4310400,SOXX
2020-05-27,80.09585571289062,83.68333435058594,83.68333435058594,80.32666778564453,82.66666412353516,5297400,SOXX
2020-05-28,78.34751892089844,81.8566665649414,84.1866683959961,81.40666961669922,83.06999969482422,4460100,SOXX
2020-05-29,80.35427856445312,83.95333099365234,84.17666625976562,81.87333679199219,82.12666320800781,6282000,SOXX
2020-06-01,79.9203872680664,83.5,83.8933334350586,82.75666809082031,83.5199966430664,2780100,SOXX
2020-06-02,81.64640808105469,85.30332946777344,85.36666870117188,83.3499984741211,83.73999786376953,3159900,SOXX
2020-06-03,84.00415802001953,87.76667022705078,88.16666412353516,86.54666900634766,86.56999969482422,1781700,SOXX
2020-06-04,84.76985931396484,88.56666564941406,89.22333526611328,87.15666961669922,87.43333435058594,1948500,SOXX
2020-06-05,86.8468246459961,90.73666381835938,92.05332946777344,90.25666809082031,90.68333435058594,2878200,SOXX
2020-06-08,86.66817474365234,90.55000305175781,91.41999816894531,89.65666961669922,91.27666473388672,2531400,SOXX
2020-06-09,86.73516082763672,90.62000274658203,90.9433364868164,89.23999786376953,89.63666534423828,1958400,SOXX
2020-06-10,87.04144287109375,90.94000244140625,91.80332946777344,90.56666564941406,91.22333526611328,2579400,SOXX
2020-06-11,81.5124282836914,85.163330078125,88.92333221435547,85.06999969482422,88.63333129882812,3992100,SOXX
2020-06-12,82.62267303466797,86.32333374023438,88.0566635131836,84.39666748046875,87.34333038330078,4613400,SOXX
2020-06-15,83.73633575439453,87.29666900634766,87.43333435058594,83.94667053222656,84.23999786376953,2132400,SOXX
2020-06-16,85.37019348144531,89.0,90.43333435058594,87.413330078125,89.86333465576172,3384300,SOXX
2020-06-17,86.0352554321289,89.6933364868164,90.5,89.15666961669922,89.84666442871094,1371300,SOXX
2020-06-18,85.87537384033203,89.52666473388672,90.00666809082031,89.12999725341797,89.57333374023438,1340400,SOXX
2020-06-19,85.45973205566406,89.09333038330078,90.93333435058594,88.8499984741211,90.6500015258789,2271300,SOXX
2020-06-22,86.0896224975586,89.75,89.95999908447266,88.13999938964844,89.0,1286100,SOXX
2020-06-23,86.39657592773438,90.06999969482422,91.00666809082031,89.91000366210938,90.62333679199219,1177800,SOXX
2020-06-24,84.5005111694336,88.09333038330078,90.05332946777344,87.413330078125,89.58000183105469,1974000,SOXX
2020-06-25,85.10481262207031,88.72333526611328,88.89666748046875,86.6433334350586,87.98666381835938,1376400,SOXX
2020-06-26,83.50932312011719,87.05999755859375,88.91999816894531,86.84333038330078,88.83333587646484,1637700,SOXX
2020-06-29,84.42056274414062,88.01000213623047,88.0433349609375,85.98666381835938,87.08333587646484,2664900,SOXX
2020-06-30,86.60758972167969,90.29000091552734,90.62666320800781,88.336669921875,88.41000366210938,4086000,SOXX
2020-07-01,85.49810028076172,89.13333129882812,90.40666961669922,89.05000305175781,90.37333679199219,1909200,SOXX
2020-07-02,86.54361724853516,90.22333526611328,91.0633316040039,89.94999694824219,90.51000213623047,1787400,SOXX
2020-07-06,88.82977294921875,92.6066665649414,92.95999908447266,91.70999908447266,91.99666595458984,2312700,SOXX
2020-07-07,87.78103637695312,91.51333618164062,92.9800033569336,91.36666870117188,92.413330078125,1893000,SOXX
2020-07-08,88.970458984375,92.75333404541016,92.83333587646484,91.48666381835938,92.20999908447266,1610700,SOXX
2020-07-09,90.15027618408203,93.98332977294922,94.55332946777344,91.77666473388672,93.19999694824219,2007900,SOXX
2020-07-10,89.84651947021484,93.66666412353516,94.34666442871094,92.76000213623047,94.23332977294922,966000,SOXX
2020-07-13,88.36933898925781,92.12666320800781,96.01667022705078,91.94999694824219,94.99333190917969,2951700,SOXX
2020-07-14,89.83055877685547,93.6500015258789,93.88333129882812,90.28333282470703,91.47666931152344,3124200,SOXX
2020-07-15,89.67388916015625,93.48666381835938,94.40333557128906,92.05332946777344,94.4000015258789,2247000,SOXX
2020-07-16,89.3381576538086,93.13666534423828,93.4366683959961,91.99333190917969,92.4000015258789,1344600,SOXX
2020-07-17,89.78898620605469,93.6066665649414,93.98666381835938,93.1500015258789,93.4433364868164,1340400,SOXX
2020-07-20,91.56352996826172,95.4566650390625,95.72333526611328,93.14666748046875,93.76333618164062,1783200,SOXX
2020-07-21,91.09674072265625,94.97000122070312,96.29000091552734,94.58000183105469,96.163330078125,1593900,SOXX
2020-07-22,91.39727783203125,95.28333282470703,96.00666809082031,94.51000213623047,95.2300033569336,1240500,SOXX
2020-07-23,90.0000228881836,93.82666778564453,96.07666778564453,93.0,95.33333587646484,2006100,SOXX
2020-07-24,88.58675384521484,92.35333251953125,93.66999816894531,90.92333221435547,92.16666412353516,2717400,SOXX
2020-07-27,91.34610748291016,95.2300033569336,95.2699966430664,93.45333099365234,93.5199966430664,2324400,SOXX
2020-07-28,89.58114624023438,93.38999938964844,94.65666961669922,93.20333099365234,94.53333282470703,1822500,SOXX
2020-07-29,91.42605590820312,95.3133316040039,95.70333099365234,94.12000274658203,94.22000122070312,1452000,SOXX
2020-07-30,93.22618103027344,97.19000244140625,97.27999877929688,95.01333618164062,95.03666687011719,2717400,SOXX
2020-07-31,92.84890747070312,96.79666900634766,97.4800033569336,95.31999969482422,97.43333435058594,1928400,SOXX
2020-08-03,94.53392028808594,98.55332946777344,98.79000091552734,97.37333679199219,97.38666534423828,1654200,SOXX
2020-08-04,95.92156982421875,100.0,100.086669921875,98.50333404541016,98.55332946777344,1452900,SOXX
2020-08-05,95.82245635986328,99.89666748046875,100.33999633789062,99.19999694824219,99.84333038330078,1741500,SOXX
2020-08-06,95.77128601074219,99.84333038330078,100.00666809082031,98.83000183105469,99.81999969482422,1096200,SOXX
2020-08-07,94.7065658569336,98.73332977294922,100.0999984741211,97.53333282470703,99.7300033569336,1364700,SOXX
2020-08-10,94.70340728759766,98.7300033569336,99.1500015258789,97.30000305175781,99.02999877929688,1326900,SOXX
2020-08-11,93.71537017822266,97.69999694824219,99.63666534423828,97.4000015258789,98.61666870117188,2116500,SOXX
2020-08-12,96.74331665039062,100.8566665649414,101.12333679199219,98.21333312988281,98.52999877929688,1945800,SOXX
2020-08-13,95.78089141845703,99.85333251953125,100.95999908447266,99.3566665649414,100.8566665649414,1522200,SOXX
2020-08-14,95.72332000732422,99.7933349609375,100.95999908447266,99.44000244140625,100.17333221435547,1088700,SOXX
2020-08-17,96.80085754394531,100.91666412353516,101.3933334350586,100.38666534423828,100.61666870117188,928500,SOXX
2020-08-18,96.28926849365234,100.38333129882812,101.5633316040039,100.09666442871094,101.48999786376953,1020300,SOXX
2020-08-19,95.74250793457031,99.8133316040039,100.69000244140625,99.51000213623047,100.50666809082031,1197600,SOXX
2020-08-20,94.89202880859375,98.92666625976562,99.38333129882812,98.19000244140625,98.66666412353516,1899300,SOXX
2020-08-21,95.5346908569336,99.59666442871094,99.67333221435547,98.3566665649414,98.73332977294922,1239300,SOXX
2020-08-24,96.52906799316406,100.63333129882812,100.99333190917969,99.84666442871094,100.75,1043700,SOXX
2020-08-25,97.46591186523438,101.61000061035156,101.69000244140625,100.62999725341797,100.83333587646484,1089900,SOXX
2020-08-26,97.77925109863281,101.9366683959961,102.30000305175781,101.41666412353516,101.83999633789062,1019700,SOXX
2020-08-27,96.66658020019531,100.77666473388672,102.38333129882812,100.13666534423828,102.38333129882812,1660200,SOXX
2020-08-28,98.45069885253906,102.63666534423828,102.67666625976562,100.72333526611328,100.9000015258789,1711200,SOXX
2020-08-31,98.23008728027344,102.40666961669922,103.26667022705078,101.75,102.56666564941406,1013400,SOXX
2020-09-01,100.18050384521484,104.44000244140625,104.51000213623047,102.69000244140625,103.22666931152344,1414200,SOXX
2020-09-02,103.08370971679688,107.46666717529297,108.086669921875,105.07333374023438,106.086669921875,2971800,SOXX
2020-09-03,97.33482360839844,101.47333526611328,105.97666931152344,100.76667022705078,105.73999786376953,3921000,SOXX
2020-09-04,96.3244400024414,100.41999816894531,102.1500015258789,96.83999633789062,100.79666900634766,3466800,SOXX
2020-09-08,91.8225326538086,95.72666931152344,98.58999633789062,95.586669921875,96.8133316040039,3036000,SOXX
2020-09-09,94.32289123535156,98.33333587646484,99.15333557128906,96.86333465576172,98.15333557128906,1914600,SOXX
2020-09-10,93.0439224243164,97.0,99.9566650390625,96.43000030517578,99.663330078125,1914000,SOXX
2020-09-11,93.01835632324219,96.97333526611328,98.6866683959961,95.91666412353516,97.67666625976562,1524300,SOXX
2020-09-14,94.87921142578125,98.913330078125,99.53333282470703,98.15333557128906,98.91666412353516,1155600,SOXX
2020-09-15,96.51628112792969,100.62000274658203,101.3133316040039,100.09333038330078,100.26667022705078,1259700,SOXX
2020-09-16,95.61141967773438,99.67666625976562,101.46333312988281,99.52333068847656,101.34333038330078,1217400,SOXX
2020-09-17,95.56346893310547,99.62666320800781,99.78666687011719,96.79666900634766,97.13666534423828,1714800,SOXX
2020-09-18,94.06708526611328,98.06666564941406,100.336669921875,96.79000091552734,100.08333587646484,1210800,SOXX
2020-09-21,93.89763641357422,97.88999938964844,97.88999938964844,95.3933334350586,96.22000122070312,2331600,SOXX
2020-09-22,94.86643981933594,98.9000015258789,99.03666687011719,96.80000305175781,98.51667022705078,1096200,SOXX
2020-09-23,92.67759704589844,96.2699966430664,99.0999984741211,95.913330078125,98.56999969482422,1896000,SOXX
2020-09-24,93.4605941772461,97.08333587646484,98.43333435058594,95.40333557128906,95.47333526611328,2350500,SOXX
2020-09-25,94.74417877197266,98.41666412353516,98.72666931152344,95.79666900634766,97.25333404541016,1614300,SOXX
2020-09-28,97.3530502319336,101.12666320800781,101.22666931152344,99.16666412353516,99.8133316040039,1836000,SOXX
2020-09-29,97.58088684082031,101.36333465576172,102.3133316040039,101.05999755859375,101.21333312988281,1915500,SOXX
2020-09-30,97.74775695800781,101.53666687011719,102.53666687011719,100.9433364868164,101.29666900634766,1947600,SOXX
2020-10-01,99.83997344970703,103.70999908447266,103.90666961669922,102.4433364868164,102.91666412353516,2045400,SOXX
2020-10-02,96.84603881835938,100.5999984741211,102.69667053222656,100.45999908447266,101.02999877929688,2008500,SOXX
2020-10-05,99.87206268310547,103.74333190917969,103.836669921875,101.37999725341797,101.51667022705078,1540200,SOXX
2020-10-06,99.39716339111328,103.25,105.73666381835938,102.82666778564453,103.82666778564453,1888800,SOXX
2020-10-07,101.30006408691406,105.22666931152344,105.55000305175781,104.70333099365234,104.72000122070312,1249200,SOXX
2020-10-08,102.55477142333984,106.52999877929688,106.74666595458984,105.8566665649414,106.19000244140625,979800,SOXX
2020-10-09,104.35820007324219,108.40333557128906,108.7066650390625,107.66000366210938,108.06999969482422,1967400,SOXX
2020-10-12,105.90809631347656,110.01333618164062,110.57666778564453,109.29000091552734,109.836669921875,1591500,SOXX
2020-10-13,105.71878814697266,109.81666564941406,110.75333404541016,109.31999969482422,110.19999694824219,2298900,SOXX
2020-10-14,105.2919921875,109.37333679199219,110.61000061035156,108.75,110.27333068847656,1562400,SOXX
2020-10-15,105.00960540771484,109.08000183105469,109.2933349609375,107.11000061035156,107.33333587646484,1207200,SOXX
2020-10-16,104.50898742675781,108.55999755859375,110.03333282470703,108.47333526611328,109.83333587646484,865800,SOXX
2020-10-19,103.98274230957031,108.01333618164062,110.09666442871094,107.5999984741211,109.44999694824219,1208700,SOXX
2020-10-20,103.81265258789062,107.836669921875,108.7933349609375,107.58333587646484,108.5,1048800,SOXX
2020-10-21,103.11631774902344,107.11333465576172,108.30999755859375,107.02666473388672,108.09333038330078,1074300,SOXX
2020-10-22,103.15803527832031,107.15666961669922,107.71333312988281,105.8566665649414,107.24666595458984,905100,SOXX
2020-10-23,102.79542541503906,106.77999877929688,106.77999877929688,105.7699966430664,106.74666595458984,786000,SOXX
2020-10-26,100.56842803955078,104.46666717529297,106.24666595458984,103.10333251953125,105.86666870117188,1671300,SOXX
2020-10-27,100.1737060546875,104.0566635131836,105.44667053222656,103.69667053222656,105.19000244140625,890100,SOXX
2020-10-28,96.89418029785156,100.6500015258789,102.41666412353516,100.48332977294922,102.41666412353516,1481100,SOXX
2020-10-29,99.35222625732422,103.20333099365234,104.27999877929688,100.52666473388672,100.66666412353516,1504500,SOXX
2020-10-30,98.02691650390625,101.82666778564453,102.77999877929688,100.4800033569336,102.11333465576172,1337100,SOXX
2020-11-02,98.37670135498047,102.19000244140625,103.25,101.3133316040039,102.77999877929688,1456200,SOXX
2020-11-03,100.23145294189453,104.11666870117188,105.0,103.06999969482422,103.08999633789062,1385100,SOXX
2020-11-04,103.73564910888672,107.75666809082031,108.31666564941406,105.06666564941406,106.336669921875,3026700,SOXX
2020-11-05,108.39501190185547,112.59666442871094,112.87666320800781,110.7699966430664,110.87000274658203,2808600,SOXX
2020-11-06,110.16315460205078,114.43333435058594,114.8499984741211,111.96666717529297,112.33000183105469,2016000,SOXX
2020-11-09,108.87959289550781,113.0999984741211,117.92333221435547,113.09333038330078,117.50666809082031,1920900,SOXX
2020-11-10,105.61285400390625,109.7066650390625,112.56666564941406,109.42333221435547,112.086669921875,1862100,SOXX
2020-11-11,109.418701171875,113.66000366210938,113.86000061035156,111.38999938964844,111.4000015258789,1670400,SOXX
2020-11-12,108.0677261352539,112.25666809082031,114.11000061035156,111.66000366210938,113.83999633789062,1203600,SOXX
2020-11-13,109.39301300048828,113.63333129882812,114.58000183105469,112.81999969482422,113.59333038330078,1070700,SOXX
2020-11-16,112.11421203613281,116.45999908447266,116.45999908447266,114.25,114.5633316040039,1456200,SOXX
2020-11-17,111.19002532958984,115.5,116.08000183105469,114.6433334350586,116.04666900634766,1371600,SOXX
2020-11-18,110.36212921142578,114.63999938964844,116.5,114.56666564941406,115.70333099365234,1361100,SOXX
2020-11-19,111.99226379394531,116.33333587646484,116.4433364868164,113.7066650390625,114.2300033569336,1056300,SOXX
2020-11-20,111.46923065185547,115.79000091552734,117.3566665649414,115.65333557128906,116.37333679199219,1369500,SOXX
2020-11-23,113.05763244628906,117.44000244140625,117.8499984741211,115.93333435058594,116.3066635131836,1374900,SOXX
2020-11-24,113.67377471923828,118.08000183105469,118.29000091552734,116.26000213623047,118.28333282470703,1824600,SOXX
2020-11-25,113.42345428466797,117.81999969482422,118.72666931152344,117.33333587646484,118.25333404541016,974100,SOXX
2020-11-27,114.77442932128906,119.22333526611328,119.91999816894531,118.56666564941406,118.56666564941406,1713300,SOXX
2020-11-30,116.10293579101562,120.60333251953125,120.74333190917969,117.913330078125,119.42333221435547,1874100,SOXX
2020-12-01,118.0186767578125,122.59333038330078,123.37000274658203,121.2699966430664,121.66666412353516,2005200,SOXX
2020-12-02,118.36522674560547,122.95333099365234,123.55999755859375,122.12666320800781,122.25,2141400,SOXX
2020-12-03,118.51927947998047,123.11333465576172,124.38999938964844,122.94667053222656,123.66666412353516,1096800,SOXX
2020-12-04,121.75067901611328,126.47000122070312,126.54666900634766,123.47000122070312,123.66666412353516,1624500,SOXX
2020-12-07,122.36679077148438,127.11000061035156,127.19999694824219,125.9000015258789,127.1866683959961,1657800,SOXX
2020-12-08,122.76148986816406,127.5199966430664,128.01666259765625,126.39666748046875,127.0199966430664,1203000,SOXX
2020-12-09,119.30225372314453,123.92666625976562,127.88333129882812,123.17333221435547,127.03666687011719,1949400,SOXX
2020-12-10,119.13539123535156,123.75333404541016,124.81666564941406,122.45333099365234,122.86666870117188,1967400,SOXX
2020-12-11,117.97695922851562,122.55000305175781,123.41000366210938,121.20333099365234,122.87666320800781,1605900,SOXX
2020-12-14,119.29432678222656,123.66666412353516,124.413330078125,123.16666412353516,123.44000244140625,1313400,SOXX
2020-12-15,120.95672607421875,125.38999938964844,125.8066635131836,124.51000213623047,125.33333587646484,1102500,SOXX
2020-12-16,121.02748107910156,125.46333312988281,125.9800033569336,124.47000122070312,125.9800033569336,1342500,SOXX
2020-12-17,121.24933624267578,125.6933364868164,126.28666687011719,125.1433334350586,126.28666687011719,1240200,SOXX
2020-12-18,120.5290756225586,124.94667053222656,126.09333038330078,124.29666900634766,125.86000061035156,1160100,SOXX
2020-12-21,119.99211120605469,124.38999938964844,124.49666595458984,122.32333374023438,123.36666870117188,1799700,SOXX
2020-12-22,119.81523895263672,124.2066650390625,124.5,123.16999816894531,124.41999816894531,668700,SOXX
2020-12-23,118.91490936279297,123.27333068847656,124.61666870117188,123.16666412353516,124.413330078125,1257000,SOXX
2020-12-24,119.97603607177734,124.37333679199219,124.43000030517578,123.5566635131836,123.93000030517578,574200,SOXX
2020-12-28,119.84418487548828,124.23666381835938,125.9000015258789,124.05332946777344,125.83333587646484,1108500,SOXX
2020-12-29,119.53549194335938,123.91666412353516,124.87666320800781,122.5433349609375,124.87666320800781,1334700,SOXX
2020-12-30,121.53874206542969,125.99333190917969,126.20333099365234,124.48666381835938,124.60333251953125,1159800,SOXX
2020-12-31,121.92459869384766,126.3933334350586,126.58999633789062,125.2066650390625,126.12333679199219,1193100,SOXX
2021-01-04,121.4133529663086,125.86333465576172,129.92666625976562,124.95333099365234,127.21333312988281,2487600,SOXX
2021-01-05,123.89567565917969,128.43666076660156,128.43666076660156,125.66666412353516,125.76333618164062,1670700,SOXX
2021-01-06,123.4937515258789,128.02000427246094,130.5366668701172,126.8566665649414,127.03333282470703,3215100,SOXX
2021-01-07,128.15298461914062,132.85000610351562,133.17666625976562,129.89332580566406,129.89332580566406,1809000,SOXX
2021-01-08,128.22052001953125,132.9199981689453,135.3699951171875,131.36000061035156,134.75332641601562,2119800,SOXX
2021-01-11,129.51956176757812,134.26666259765625,135.3300018310547,131.6666717529297,131.76666259765625,1627500,SOXX
2021-01-12,130.30413818359375,135.0800018310547,136.3866729736328,133.90333557128906,135.1300048828125,4503900,SOXX
2021-01-13,130.5164031982422,135.3000030517578,136.6266632080078,134.77000427246094,136.3300018310547,1200000,SOXX
2021-01-14,133.28164672851562,138.1666717529297,139.75332641601562,136.97999572753906,136.97999572753906,1748400,SOXX
2021-01-15,130.57107543945312,135.35667419433594,138.1666717529297,134.5800018310547,138.01333618164062,2403900,SOXX
2021-01-19,135.0501708984375,140.0,140.0933380126953,137.25999450683594,137.5833282470703,2517000,SOXX
2021-01-20,134.56787109375,139.5,141.99667358398438,139.17333984375,141.52000427246094,1851000,SOXX
2021-01-21,136.51324462890625,141.51666259765625,142.0833282470703,139.3733367919922,140.82333374023438,2540400,SOXX
2021-01-22,134.19810485839844,139.11666870117188,140.97332763671875,139.0433349609375,140.36666870117188,1668300,SOXX
2021-01-25,134.3909912109375,139.31666564941406,140.63999938964844,136.63333129882812,140.27999877929688,1683300,SOXX
2021-01-26,132.20770263671875,137.05332946777344,139.39332580566406,137.0399932861328,139.39332580566406,1224900,SOXX
2021-01-27,125.34590148925781,129.94000244140625,134.68333435058594,129.41000366210938,134.6666717529297,5391300,SOXX
2021-01-28,128.09510803222656,132.7899932861328,134.69667053222656,131.51333618164062,132.55667114257812,3369900,SOXX
2021-01-29,125.86033630371094,130.47332763671875,133.7133331298828,130.0399932861328,133.23666381835938,2761800,SOXX
2021-02-01,130.83148193359375,135.6266632080078,136.0399932861328,132.2566680908203,132.69667053222656,1923300,SOXX
2021-02-02,132.95370483398438,137.82666015625,138.0,135.96665954589844,137.88999938964844,2429400,SOXX
2021-02-03,130.252685546875,135.02667236328125,138.75,134.6666717529297,138.35333251953125,2767800,SOXX
2021-02-04,131.32022094726562,136.13333129882812,136.24000549316406,133.65333557128906,134.60000610351562,1832400,SOXX
2021-02-05,130.42312622070312,135.20333862304688,137.14999389648438,135.0,137.14999389648438,1462800,SOXX
2021-02-08,134.33636474609375,139.25999450683594,139.3633270263672,136.10667419433594,136.1133270263672,1947300,SOXX
2021-02-09,133.94085693359375,138.85000610351562,139.8300018310547,138.07666015625,138.85667419433594,1383300,SOXX
2021-02-10,134.2045135498047,139.1233367919922,140.72999572753906,137.336669921875,140.0,2220300,SOXX
2021-02-11,138.85089111328125,143.94000244140625,144.0433349609375,140.27333068847656,140.27333068847656,2112600,SOXX
2021-02-12,140.56797790527344,145.72000122070312,146.00332641601562,142.78334045410156,143.51666259765625,1925100,SOXX
2021-02-16,141.27537536621094,146.45333862304688,147.99000549316406,145.82666015625,147.4566650390625,3152400,SOXX
2021-02-17,138.8540802001953,143.94332885742188,145.73333740234375,141.97000122070312,145.19667053222656,2785200,SOXX
2021-02-18,137.42642211914062,142.4633331298828,143.1233367919922,140.67999267578125,142.1566619873047,2247600,SOXX
2021-02-19,140.7383575439453,145.89666748046875,146.76333618164062,144.32666015625,144.6233367919922,2254500,SOXX
2021-02-22,135.63865661621094,140.61000061035156,145.01333618164062,140.11666870117188,144.0,2652000,SOXX
2021-02-23,134.61932373046875,139.55332946777344,140.60667419433594,134.02667236328125,138.02667236328125,4029300,SOXX
2021-02-24,138.98594665527344,144.0800018310547,144.23333740234375,137.43333435058594,138.68333435058594,3144900,SOXX
2021-02-25,131.0694122314453,135.8733367919922,143.3433380126953,135.30999755859375,142.39999389648438,5339700,SOXX
2021-02-26,134.0565948486328,138.97000122070312,140.25332641601562,135.35000610351562,138.10000610351562,4558800,SOXX
2021-03-01,138.32994079589844,143.39999389648438,143.5500030517578,140.0066680908203,141.07666015625,2316600,SOXX
2021-03-02,134.18202209472656,139.10000610351562,143.97999572753906,138.94332885742188,143.97999572753906,3177600,SOXX
2021-03-03,130.07583618164062,134.8433380126953,139.54666137695312,133.5800018310547,139.24667358398438,4425900,SOXX
2021-03-04,123.81532287597656,128.35333251953125,135.0399932861328,126.44999694824219,134.4066619873047,7243500,SOXX
2021-03-05,127.5291976928711,132.20333862304688,132.64999389648438,125.18333435058594,131.30667114257812,6307800,SOXX
2021-03-08,120.64806365966797,125.06999969482422,132.57000732421875,125.0199966430664,132.03334045410156,7349100,SOXX
2021-03-09,128.14334106445312,132.83999633789062,133.73333740234375,129.21665954589844,129.60000610351562,4132800,SOXX
2021-03-10,125.72530364990234,130.3333282470703,135.17333984375,130.3333282470703,135.1300048828125,4082400,SOXX
2021-03-11,131.01797485351562,135.82000732421875,136.5933380126953,133.50332641601562,134.2100067138672,3689400,SOXX
2021-03-12,129.63534545898438,134.3866729736328,134.63333129882812,132.3733367919922,133.3333282470703,3153600,SOXX
2021-03-15,132.3684844970703,137.22000122070312,137.4066619873047,134.1266632080078,135.10667419433594,3894900,SOXX
2021-03-16,134.0791015625,138.9933319091797,141.1999969482422,138.18333435058594,138.8433380126953,6785100,SOXX
2021-03-17,135.7672576904297,140.7433319091797,141.84666442871094,136.03334045410156,137.07333374023438,5773800,SOXX
2021-03-18,130.14979553222656,134.9199981689453,139.05999755859375,134.76333618164062,138.7866668701172,6042900,SOXX
2021-03-19,131.7575225830078,136.586669921875,137.7933349609375,133.46665954589844,135.19000244140625,6614100,SOXX
2021-03-22,134.54534912109375,139.47666931152344,141.11000061035156,137.74000549316406,138.26333618164062,3130200,SOXX
2021-03-23,131.0083465576172,135.80999755859375,140.26333618164062,135.18333435058594,140.01666259765625,5638800,SOXX
2021-03-24,129.2108612060547,133.94667053222656,138.6300048828125,133.88333129882812,138.07000732421875,6608100,SOXX
2021-03-25,129.34812927246094,133.836669921875,134.48666381835938,130.27333068847656,131.6300048828125,5580000,SOXX
2021-03-26,135.73321533203125,140.44332885742188,140.6999969482422,133.85000610351562,133.94000244140625,6493800,SOXX
2021-03-29,133.65206909179688,138.2899932861328,139.663330078125,136.63333129882812,139.1300048828125,6540600,SOXX
2021-03-30,133.33316040039062,137.9600067138672,138.25,136.3300018310547,137.1999969482422,4263600,SOXX
2021-03-31,136.5901336669922,141.3300018310547,142.39999389648438,138.99000549316406,139.26333618164062,5968200,SOXX
2021-04-01,141.612548828125,146.52667236328125,146.61000061035156,143.73666381835938,143.7899932861328,7380000,SOXX
2021-04-05,144.4700469970703,149.48333740234375,149.9199981689453,147.15333557128906,148.93666076660156,6504000,SOXX
2021-04-06,142.85604858398438,147.81333923339844,149.52000427246094,146.3433380126953,148.60333251953125,5913000,SOXX
2021-04-07,142.76260375976562,147.71665954589844,148.47332763671875,146.59666442871094,147.96665954589844,3296400,SOXX
2021-04-08,144.38949584960938,149.39999389648438,149.57000732421875,148.03334045410156,149.30332946777344,4276500,SOXX
2021-04-09,143.9384765625,148.93333435058594,149.0800018310547,147.56666564941406,148.19000244140625,2466000,SOXX
2021-04-12,142.39212036132812,147.3333282470703,148.15333557128906,146.06666564941406,148.15333557128906,2607900,SOXX
2021-04-13,142.16665649414062,147.10000610351562,148.6666717529297,145.63333129882812,148.4566650390625,3328500,SOXX
2021-04-14,140.60418701171875,145.48333740234375,147.93333435058594,144.68666076660156,146.82000732421875,4996200,SOXX
2021-04-15,142.95912170410156,147.9199981689453,148.22666931152344,145.84666442871094,146.97666931152344,5672400,SOXX
2021-04-16,142.28904724121094,147.22666931152344,148.22332763671875,146.90333557128906,147.9199981689453,2712600,SOXX
2021-04-19,138.548828125,143.35667419433594,146.63333129882812,142.0399932861328,146.14332580566406,8922300,SOXX
2021-04-20,136.5740203857422,141.31333923339844,143.47999572753906,140.47999572753906,142.8866729736328,5374500,SOXX
2021-04-21,140.15635681152344,145.02000427246094,145.07333374023438,140.83999633789062,141.42333984375,4321800,SOXX
2021-04-22,137.10556030273438,141.8633270263672,144.913330078125,141.0,144.72000122070312,5433000,SOXX
2021-04-23,139.60546875,144.4499969482422,145.04666137695312,142.27000427246094,142.44332885742188,3996300,SOXX
2021-04-26,142.16339111328125,147.09666442871094,147.27999877929688,144.3766632080078,144.6366729736328,3577800,SOXX
2021-04-27,141.09710693359375,145.9933319091797,147.77999877929688,145.5500030517578,147.67333984375,4878300,SOXX
2021-04-28,138.9547576904297,143.77667236328125,145.25332641601562,143.61000061035156,145.18333435058594,2356200,SOXX
2021-04-29,139.85679626464844,144.7100067138672,145.9066619873047,142.61000061035156,145.82000732421875,3237000,SOXX
2021-04-30,135.958740234375,140.67666625976562,143.42666625976562,140.336669921875,142.586669921875,3900000,SOXX
2021-05-03,134.54446411132812,139.2133331298828,141.82333374023438,138.43666076660156,141.67666625976562,3222900,SOXX
2021-05-04,132.2764892578125,136.86666870117188,137.45333862304688,134.336669921875,137.39999389648438,6061800,SOXX
2021-05-05,133.10446166992188,137.72332763671875,139.42666625976562,136.69000244140625,138.5833282470703,4808700,SOXX
2021-05-06,134.196533203125,138.85333251953125,138.8866729736328,135.90333557128906,137.46665954589844,3656400,SOXX
2021-05-07,136.03927612304688,140.75999450683594,141.72000122070312,139.60333251953125,140.26666259765625,2871600,SOXX
2021-05-10,129.9891815185547,134.5,139.52999877929688,134.26333618164062,139.52999877929688,6354600,SOXX
2021-05-11,130.16317749023438,134.67999267578125,135.05332946777344,129.92999267578125,130.39666748046875,6719400,SOXX
2021-05-12,124.86048889160156,129.19332885742188,132.64332580566406,128.67333984375,131.8633270263672,7754100,SOXX
2021-05-13,126.45195770263672,130.83999633789062,132.86666870117188,129.52999877929688,131.43333435058594,4862400,SOXX
2021-05-14,130.3661346435547,134.88999938964844,136.11000061035156,131.4566650390625,132.74667358398438,4663500,SOXX
2021-05-17,129.2289276123047,133.7133331298828,133.82666015625,131.47999572753906,133.63999938964844,3365100,SOXX
2021-05-18,128.1884002685547,132.6366729736328,135.22666931152344,132.55999755859375,134.97000122070312,2354700,SOXX
2021-05-19,130.6882781982422,135.22332763671875,135.3633270263672,129.51666259765625,130.06666564941406,4127400,SOXX
2021-05-20,134.12567138671875,138.77999877929688,139.35333251953125,136.13333129882812,136.23333740234375,5020800,SOXX
2021-05-21,133.38470458984375,138.01333618164062,139.81333923339844,137.78334045410156,139.75999450683594,5250000,SOXX
2021-05-24,136.7544403076172,141.5,142.26333618164062,139.3333282470703,139.4566650390625,3373800,SOXX
2021-05-25,137.16036987304688,141.9199981689453,142.9933319091797,141.1199951171875,142.5399932861328,4363500,SOXX
2021-05-26,137.52761840820312,142.3000030517578,142.9166717529297,141.0066680908203,142.02333068847656,2492400,SOXX
2021-05-27,138.10748291015625,142.89999389648438,143.61666870117188,141.6666717529297,142.0366668701172,3302700,SOXX
2021-05-28,139.3896484375,144.22666931152344,144.9199981689453,143.18666076660156,143.44000244140625,2179500,SOXX
2021-06-01,138.99989318847656,143.82333374023438,146.4633331298828,143.0800018310547,145.31666564941406,3373500,SOXX
2021-06-02,139.84715270996094,144.6999969482422,145.2866668701172,143.2566680908203,143.7133331298828,2140500,SOXX
2021-06-03,137.44383239746094,142.2133331298828,143.6999969482422,141.54666137695312,143.07666015625,3247500,SOXX
2021-06-04,140.78135681152344,145.6666717529297,145.9566650390625,143.43333435058594,143.43333435058594,2821500,SOXX
2021-06-07,139.68605041503906,144.53334045410156,145.2433319091797,143.69332885742188,144.97666931152344,2376300,SOXX
2021-06-08,138.8870849609375,143.7066650390625,145.913330078125,142.6233367919922,145.66000366210938,2534400,SOXX
2021-06-09,138.20411682128906,143.0,144.60000610351562,143.0,144.18333435058594,2607000,SOXX
2021-06-10,139.79165649414062,144.47000122070312,145.03334045410156,142.7566680908203,143.05667114257812,2165100,SOXX
2021-06-11,140.49803161621094,145.1999969482422,145.1999969482422,144.086669921875,144.90333557128906,1765200,SOXX
2021-06-14,142.4945526123047,147.26333618164062,147.26333618164062,144.7133331298828,145.56666564941406,3673800,SOXX
2021-06-15,141.32696533203125,146.05667114257812,147.76666259765625,145.57666015625,146.8699951171875,2388300,SOXX
2021-06-16,139.9980926513672,144.68333435058594,146.93333435058594,143.53334045410156,146.50999450683594,3614700,SOXX
2021-06-17,141.50759887695312,146.2433319091797,147.31333923339844,144.17666625976562,144.2866668701172,3873000,SOXX
2021-06-18,138.12094116210938,142.7433319091797,145.34666442871094,141.9566650390625,145.24000549316406,2889900,SOXX
2021-06-21,138.6305694580078,143.27000427246094,143.52000427246094,141.69332885742188,142.9066619873047,2233200,SOXX
2021-06-22,139.28529357910156,143.94667053222656,144.36000061035156,142.67999267578125,143.48333740234375,1737900,SOXX
2021-06-23,139.86585998535156,144.54666137695312,145.36000061035156,144.25999450683594,144.30667114257812,1889400,SOXX
2021-06-24,142.24298095703125,147.00332641601562,147.39332580566406,145.8000030517578,145.95333862304688,1428300,SOXX
2021-06-25,141.85589599609375,146.60333251953125,147.8633270263672,146.19000244140625,147.6266632080078,1343100,SOXX
2021-06-28,145.2425537109375,150.10333251953125,150.72666931152344,147.50999450683594,147.50999450683594,2651100,SOXX
2021-06-29,146.3811492919922,151.27999877929688,151.5,149.43333435058594,149.92666625976562,1748100,SOXX
2021-06-30,146.5037078857422,151.4066619873047,151.69667053222656,150.39666748046875,151.13999938964844,1317300,SOXX
2021-07-01,144.4039764404297,149.23666381835938,151.25332641601562,148.72999572753906,151.25332641601562,2264100,SOXX
2021-07-02,145.28451538085938,150.14666748046875,150.50999450683594,148.97332763671875,150.163330078125,1827000,SOXX
2021-07-06,145.03616333007812,149.88999938964844,151.0399932861328,147.97999572753906,150.55332946777344,2001900,SOXX
2021-07-07,142.8396759033203,147.6199951171875,150.84666442871094,146.99667358398438,150.8333282470703,1888200,SOXX
2021-07-08,141.00442504882812,145.72332763671875,146.4199981689453,143.40333557128906,144.50999450683594,2000100,SOXX
2021-07-09,143.30409240722656,148.10000610351562,148.3766632080078,145.14999389648438,146.20333862304688,1833000,SOXX
2021-07-12,145.142578125,150.0,150.0,148.1666717529297,148.73333740234375,3949800,SOXX
2021-07-13,144.56202697753906,149.39999389648438,150.04666137695312,148.60667419433594,149.3733367919922,2122200,SOXX
2021-07-14,143.89437866210938,148.7100067138672,151.69667053222656,148.28334045410156,150.4199981689453,2256600,SOXX
2021-07-15,140.7012176513672,145.41000366210938,148.31333923339844,144.30667114257812,147.9933319091797,2657100,SOXX
2021-07-16,137.64356994628906,142.25,146.60000610351562,141.91000366210938,145.8633270263672,2571600,SOXX
2021-07-19,137.5048828125,142.10667419433594,142.33999633789062,139.50332641601562,140.30667114257812,4068000,SOXX
2021-07-20,139.3788604736328,144.0433349609375,145.1366729736328,141.0,142.7899932861328,3201000,SOXX
2021-07-21,143.65892028808594,148.46665954589844,148.5366668701172,144.5933380126953,144.5933380126953,2039400,SOXX
2021-07-22,142.81063842773438,147.58999633789062,148.39999389648438,146.49667358398438,147.72332763671875,1185000,SOXX
2021-07-23,143.53961181640625,148.3433380126953,148.49000549316406,146.51333618164062,148.27999877929688,1312500,SOXX
2021-07-26,143.5847625732422,148.38999938964844,148.72000122070312,147.4066619873047,147.77333068847656,1123200,SOXX
2021-07-27,140.94956970214844,145.6666717529297,147.96665954589844,142.58999633789062,147.96665954589844,2508000,SOXX
2021-07-28,143.25253295898438,148.04666137695312,148.6699981689453,145.4933319091797,146.19667053222656,2289600,SOXX
2021-07-29,146.17471313476562,151.06666564941406,151.52999877929688,148.55332946777344,148.61000061035156,2303700,SOXX
2021-07-30,147.371337890625,152.30332946777344,152.6133270263672,149.6999969482422,149.6999969482422,2320200,SOXX
2021-08-02,148.3035125732422,153.26666259765625,155.1666717529297,152.88999938964844,153.76333618164062,2864100,SOXX
2021-08-03,149.43234252929688,154.43333435058594,154.43333435058594,151.80999755859375,153.60667419433594,1769100,SOXX
2021-08-04,150.9547576904297,156.0066680908203,156.7566680908203,154.50332641601562,154.73333740234375,1626000,SOXX
2021-08-05,150.9805145263672,156.03334045410156,157.1266632080078,155.14666748046875,156.7566680908203,1420200,SOXX
2021-08-06,150.22906494140625,155.2566680908203,156.0366668701172,154.85000610351562,155.11666870117188,1233000,SOXX
2021-08-09,149.71942138671875,154.72999572753906,155.97332763671875,154.07666015625,155.88333129882812,1065900,SOXX
2021-08-10,147.98095703125,152.93333435058594,155.22666931152344,151.81666564941406,154.9600067138672,2695500,SOXX
2021-08-11,147.47454833984375,152.41000366210938,153.56333923339844,150.6199951171875,153.35000610351562,1296900,SOXX
2021-08-12,145.89088439941406,150.77333068847656,151.91000366210938,149.52333068847656,151.91000366210938,1531500,SOXX
2021-08-13,146.806884765625,151.72000122070312,151.7433319091797,150.29666137695312,150.42666625976562,1060200,SOXX
2021-08-16,146.2617950439453,151.1566619873047,151.54666137695312,149.88999938964844,151.14666748046875,1143900,SOXX
2021-08-17,143.42991638183594,148.22999572753906,149.89999389648438,146.8433380126953,149.89999389648438,1850700,SOXX
2021-08-18,141.53338623046875,146.27000427246094,148.92999267578125,146.07666015625,148.02333068847656,1879200,SOXX
2021-08-19,142.69451904296875,147.47000122070312,148.27667236328125,144.22666931152344,145.35333251953125,2175600,SOXX
2021-08-20,143.76535034179688,148.57666015625,148.83999633789062,146.80667114257812,147.8633270263672,1798200,SOXX
2021-08-23,147.81321716308594,152.75999450683594,152.9633331298828,150.1199951171875,150.1199951171875,2181000,SOXX
2021-08-24,147.81321716308594,152.75999450683594,153.6666717529297,152.49667358398438,153.1999969482422,1662900,SOXX
2021-08-25,148.9388885498047,153.92333984375,155.05999755859375,153.27667236328125,153.3633270263672,2274300,SOXX
2021-08-26,149.07754516601562,154.06666564941406,154.6666717529297,152.80667114257812,153.74000549316406,2284500,SOXX
2021-08-27,151.92236328125,157.0066680908203,157.19332885742188,153.93666076660156,154.15333557128906,2404500,SOXX
2021-08-30,152.22555541992188,157.32000732421875,158.8433380126953,156.7566680908203,157.64666748046875,2519400,SOXX
2021-08-31,151.00961303710938,156.06333923339844,157.6999969482422,154.84666442871094,157.49000549316406,2107800,SOXX
2021-09-01,150.1871337890625,155.2133331298828,157.00332641601562,155.2133331298828,156.84666442871094,1632600,SOXX
2021-09-02,150.74832153320312,155.7933349609375,156.27333068847656,155.19000244140625,155.9499969482422,1501500,SOXX
2021-09-03,151.8772430419922,156.9600067138672,157.57000732421875,155.47332763671875,155.82000732421875,1356000,SOXX
2021-09-07,151.31924438476562,156.38333129882812,157.04666137695312,155.4566650390625,157.0399932861328,1640700,SOXX
2021-09-08,149.3807830810547,154.3800048828125,155.82666015625,153.03334045410156,155.6666717529297,3087900,SOXX
2021-09-09,149.90652465820312,154.92333984375,155.83999633789062,154.18333435058594,154.27667236328125,3921000,SOXX
2021-09-10,151.09669494628906,156.15333557128906,158.52667236328125,156.13999938964844,156.19667053222656,2959200,SOXX
2021-09-13,152.5448455810547,157.64999389648438,157.97666931152344,155.51666259765625,157.72666931152344,2835900,SOXX
2021-09-14,152.5513458251953,157.6566619873047,158.85333251953125,156.93666076660156,158.05332946777344,2581500,SOXX
2021-09-15,153.42860412597656,158.56333923339844,158.56666564941406,156.44332885742188,157.77999877929688,3770400,SOXX
2021-09-16,153.7221221923828,158.86666870117188,159.39666748046875,156.76333618164062,157.4166717529297,1655100,SOXX
2021-09-17,151.27084350585938,156.3333282470703,158.44667053222656,155.6266632080078,158.44667053222656,2426700,SOXX
2021-09-20,147.5261688232422,152.4633331298828,153.5933380126953,150.21665954589844,153.0,3124800,SOXX
2021-09-21,147.9615936279297,152.913330078125,154.05999755859375,151.52333068847656,153.60333251953125,2214000,SOXX
2021-09-22,151.0321807861328,156.086669921875,156.44667053222656,153.55332946777344,154.11666870117188,1309200,SOXX
2021-09-23,153.04481506347656,158.1666717529297,158.6666717529297,156.26333618164062,156.82666015625,2407200,SOXX
2021-09-24,152.8692626953125,157.60000610351562,157.93666076660156,156.3333282470703,156.5833282470703,1191900,SOXX
2021-09-27,152.49737548828125,157.21665954589844,157.8333282470703,154.99000549316406,155.913330078125,1339800,SOXX
2021-09-28,146.53199768066406,151.06666564941406,155.14332580566406,151.06666564941406,154.24667358398438,5448000,SOXX
2021-09-29,144.2202606201172,148.68333435058594,151.84666442871094,148.39332580566406,151.40333557128906,6776400,SOXX
2021-09-30,144.16201782226562,148.6233367919922,151.07333374023438,148.5833282470703,150.0933380126953,4524900,SOXX
2021-10-01,144.2558135986328,148.72000122070312,149.4933319091797,146.27667236328125,149.2133331298828,3114900,SOXX
2021-10-04,140.54075622558594,144.88999938964844,148.0399932861328,144.44667053222656,147.9499969482422,4161900,SOXX
2021-10-05,142.66822814941406,147.0833282470703,148.10333251953125,145.33999633789062,145.5833282470703,3156000,SOXX
2021-10-06,143.22438049316406,147.6566619873047,147.77000427246094,144.94332885742188,145.44667053222656,3410700,SOXX
2021-10-07,144.8992156982422,149.38333129882812,151.3633270263672,149.19332885742188,149.56333923339844,1913400,SOXX
2021-10-08,143.4151611328125,147.85333251953125,150.1133270263672,147.73333740234375,149.9199981689453,1672200,SOXX
2021-10-11,142.45486450195312,146.8633270263672,149.35333251953125,146.80999755859375,147.26666259765625,1532100,SOXX
2021-10-12,140.67657470703125,145.02999877929688,148.0066680908203,144.4199981689453,147.7899932861328,3201900,SOXX
2021-10-13,141.48814392089844,145.86666870117188,146.77333068847656,145.38999938964844,146.0800018310547,1756500,SOXX
2021-10-14,145.87892150878906,150.39332580566406,150.4066619873047,148.14332580566406,148.55667114257812,2486100,SOXX
2021-10-15,146.8521270751953,151.39666748046875,151.85000610351562,150.6300048828125,151.49667358398438,1639500,SOXX
2021-10-18,148.0354766845703,152.61666870117188,152.6666717529297,149.63333129882812,150.49667358398438,1352700,SOXX
2021-10-19,149.84934997558594,154.48666381835938,154.48666381835938,152.27000427246094,152.96665954589844,1394100,SOXX
2021-10-20,149.5389862060547,154.1666717529297,154.77000427246094,153.5,153.92999267578125,1261500,SOXX
2021-10-21,151.04566955566406,155.72000122070312,155.9199981689453,153.10667419433594,153.17666625976562,1303200,SOXX
2021-10-22,149.35142517089844,153.97332763671875,156.5,153.7066650390625,154.89999389648438,3284400,SOXX
2021-10-25,150.37635803222656,155.02999877929688,155.9199981689453,154.1999969482422,154.75999450683594,1684800,SOXX
2021-10-26,150.48951721191406,155.14666748046875,156.8000030517578,154.60000610351562,156.2433319091797,1879200,SOXX
2021-10-27,149.4096221923828,154.03334045410156,155.83999633789062,153.48666381835938,154.20333862304688,3226200,SOXX
2021-10-28,152.7787322998047,157.5066680908203,157.63333129882812,155.80999755859375,156.08999633789062,3278100,SOXX
2021-10-29,153.46092224121094,158.2100067138672,158.22999572753906,156.0,156.17666625976562,2135700,SOXX
2021-11-01,155.96348571777344,160.7899932861328,160.82666015625,158.0,158.39999389648438,2547300,SOXX
2021-11-02,157.90347290039062,162.7899932861328,162.79666137695312,160.70333862304688,160.70333862304688,2225400,SOXX
2021-11-03,159.7238006591797,164.6666717529297,164.86666870117188,162.3699951171875,163.0,2175000,SOXX
2021-11-04,165.0974884033203,170.2066650390625,170.97000122070312,165.6199951171875,166.52667236328125,4080900,SOXX
2021-11-05,166.93072509765625,172.09666442871094,173.4166717529297,170.38999938964844,171.26666259765625,4534800,SOXX
2021-11-08,169.1875762939453,174.42333984375,175.55999755859375,172.5366668701172,173.163330078125,2921400,SOXX
2021-11-09,169.1875762939453,174.42333984375,176.3633270263672,172.5433349609375,176.163330078125,2722800,SOXX
2021-11-10,164.1986083984375,169.27999877929688,173.49000549316406,168.5433349609375,171.14999389648438,3934200,SOXX
2021-11-11,167.67117309570312,172.86000061035156,173.27333068847656,170.75,172.0800018310547,2283000,SOXX
2021-11-12,169.31045532226562,174.5500030517578,175.3766632080078,172.50332641601562,173.4600067138672,1970400,SOXX
2021-11-15,169.18435668945312,174.4199981689453,175.85667419433594,172.6266632080078,175.85667419433594,2318100,SOXX
2021-11-16,171.71922302246094,177.03334045410156,177.35333251953125,173.42333984375,173.63333129882812,2023200,SOXX
2021-11-17,170.5229034423828,175.8000030517578,177.1233367919922,174.94000244140625,177.1233367919922,1575600,SOXX
2021-11-18,173.37466430664062,178.74000549316406,179.6366729736328,177.03334045410156,178.99667358398438,1997100,SOXX
2021-11-19,173.8563995361328,179.23666381835938,180.4499969482422,177.8766632080078,178.76666259765625,3405900,SOXX
2021-11-22,171.3376922607422,176.63999938964844,182.7066650390625,176.39999389648438,180.26666259765625,4422600,SOXX
2021-11-23,170.64901733398438,175.92999267578125,177.6366729736328,172.97332763671875,176.4499969482422,2422800,SOXX
2021-11-24,172.52430725097656,177.8633270263672,177.95333862304688,172.80332946777344,174.5500030517578,2117100,SOXX
2021-11-26,167.722900390625,172.913330078125,176.086669921875,171.63999938964844,174.5066680908203,2448000,SOXX
2021-11-29,174.17007446289062,179.55999755859375,179.9600067138672,174.81666564941406,175.47666931152344,2412300,SOXX
2021-11-30,171.1178436279297,176.413330078125,180.52999877929688,174.9066619873047,178.85333251953125,3264300,SOXX
2021-12-01,169.7501983642578,175.00332641601562,182.16000366210938,174.9933319091797,179.0,3112500,SOXX
2021-12-02,169.99591064453125,175.2566680908203,176.47666931152344,171.8766632080078,173.1999969482422,3124500,SOXX
2021-12-03,169.56590270996094,174.81333923339844,179.49667358398438,172.85000610351562,177.73666381835938,2490900,SOXX
2021-12-06,169.34925842285156,174.58999633789062,175.1233367919922,169.1266632080078,174.47332763671875,2091600,SOXX
2021-12-07,177.89476013183594,183.39999389648438,183.75999450683594,178.4933319091797,178.4933319091797,2692200,SOXX
2021-12-08,176.73728942871094,182.2066650390625,182.586669921875,180.32666015625,182.42666625976562,1666500,SOXX
2021-12-09,172.6730499267578,178.01666259765625,182.93666076660156,177.86000061035156,181.1300048828125,1674000,SOXX
2021-12-10,174.3026580810547,179.69667053222656,182.1999969482422,177.47332763671875,181.336669921875,2020500,SOXX
2021-12-13,169.6595458984375,174.6266632080078,180.19332885742188,174.32000732421875,180.1133270263672,2286600,SOXX
2021-12-14,168.84341430664062,173.7866668701172,174.70333862304688,171.52333068847656,172.48333740234375,2888100,SOXX
2021-12-15,175.04196166992188,180.1666717529297,180.3300018310547,171.8000030517578,174.13999938964844,2344200,SOXX
2021-12-16,167.40554809570312,172.30667114257812,181.41000366210938,171.27333068847656,180.89999389648438,2797800,SOXX
2021-12-17,167.01043701171875,171.89999389648438,174.63999938964844,170.0399932861328,170.61000061035156,2702100,SOXX
2021-12-20,165.70208740234375,170.55332946777344,171.88333129882812,168.69332885742188,169.39999389648438,2145900,SOXX
2021-12-21,171.68040466308594,176.7066650390625,176.7899932861328,172.01333618164062,174.39666748046875,1624200,SOXX
2021-12-22,173.46482849121094,178.5433349609375,178.5433349609375,174.88333129882812,175.79666137695312,2134800,SOXX
2021-12-23,175.1423797607422,180.27000427246094,181.43666076660156,178.89666748046875,178.89999389648438,2100300,SOXX
2021-12-27,179.9418487548828,185.2100067138672,185.25,180.8866729736328,180.92999267578125,2503500,SOXX
2021-12-28,177.95664978027344,183.1666717529297,186.0933380126953,182.32000732421875,186.06666564941406,1974900,SOXX
2021-12-29,178.2286834716797,183.44667053222656,184.5933380126953,182.32333374023438,183.09666442871094,1254900,SOXX
2021-12-30,176.21212768554688,181.32000732421875,183.76333618164062,180.7566680908203,183.00332641601562,1361700,SOXX
2021-12-31,175.68087768554688,180.77333068847656,182.7133331298828,180.75332641601562,181.5066680908203,1217400,SOXX
2022-01-03,179.1729736328125,184.36666870117188,184.54666137695312,181.27333068847656,181.99000549316406,1699800,SOXX
2022-01-04,178.6222686767578,183.8000030517578,186.33999633789062,179.3733367919922,185.18666076660156,3504600,SOXX
2022-01-05,172.55482482910156,177.55667114257812,183.9600067138672,177.39666748046875,182.39332580566406,3751800,SOXX
2022-01-06,173.8959197998047,178.93666076660156,179.77333068847656,175.60667419433594,177.52999877929688,2934300,SOXX
2022-01-07,168.85215759277344,173.74667358398438,179.4166717529297,173.20333862304688,178.76333618164062,2284500,SOXX
2022-01-10,168.9136962890625,173.80999755859375,174.18666076660156,168.0,171.59666442871094,5377500,SOXX
2022-01-11,172.0915985107422,177.0800018310547,177.2866668701172,171.94667053222656,173.22666931152344,3157200,SOXX
2022-01-12,173.35494995117188,178.3800048828125,180.02333068847656,176.60333251953125,178.7899932861328,3571500,SOXX
2022-01-13,169.3088836669922,174.21665954589844,182.61666870117188,173.77333068847656,181.10667419433594,3268800,SOXX
2022-01-14,173.3614044189453,178.3866729736328,178.55332946777344,172.81333923339844,172.836669921875,3401700,SOXX
2022-01-18,165.6127166748047,170.413330078125,175.55999755859375,170.0399932861328,175.5366668701172,7686000,SOXX
2022-01-19,160.7406005859375,165.39999389648438,172.85333251953125,165.28334045410156,171.79666137695312,9931800,SOXX
2022-01-20,155.70005798339844,160.2133331298828,168.0,160.0,166.67666625976562,8349900,SOXX
2022-01-21,153.10850524902344,157.54666137695312,163.61666870117188,157.19667053222656,159.0933380126953,13946100,SOXX
2022-01-24,154.85777282714844,159.34666442871094,159.64332580566406,148.97666931152344,154.25332641601562,15465300,SOXX
2022-01-25,149.07867431640625,153.39999389648438,157.16000366210938,152.51666259765625,155.25,10710300,SOXX
2022-01-26,151.3689422607422,155.7566680908203,162.2566680908203,153.39999389648438,157.7066650390625,8508000,SOXX
2022-01-27,144.6309051513672,148.82333374023438,157.48666381835938,148.32333374023438,157.29666137695312,8400900,SOXX
2022-01-28,147.40386962890625,151.67666625976562,151.67666625976562,144.42666625976562,148.70333862304688,7173000,SOXX
2022-01-31,155.32101440429688,159.82333374023438,160.06666564941406,151.59666442871094,152.43666076660156,7846800,SOXX
2022-02-01,156.6135711669922,161.15333557128906,161.64666748046875,157.1300048828125,161.3866729736328,4068900,SOXX
2022-02-02,160.5688934326172,165.22332763671875,165.63999938964844,162.086669921875,164.41000366210938,5229000,SOXX
2022-02-03,153.58148193359375,158.03334045410156,163.72999572753906,157.42666625976562,161.06666564941406,6506400,SOXX
2022-02-04,154.46258544921875,158.94000244140625,160.3000030517578,155.1666717529297,157.29666137695312,5061300,SOXX
2022-02-07,154.37515258789062,158.85000610351562,161.50332641601562,158.25,159.3333282470703,3501900,SOXX
2022-02-08,158.27867126464844,162.86666870117188,163.19667053222656,157.913330078125,158.17666625976562,2941200,SOXX
2022-02-09,163.471435546875,168.2100067138672,168.22999572753906,162.94667053222656,165.01333618164062,5061000,SOXX
2022-02-10,158.37579345703125,162.96665954589844,169.2933349609375,162.0399932861328,164.10667419433594,4614000,SOXX
2022-02-11,150.3161163330078,154.67333984375,164.42666625976562,153.56333923339844,163.24000549316406,7881900,SOXX
2022-02-14,150.4586639404297,154.82000732421875,157.94667053222656,152.8000030517578,155.1999969482422,5697300,SOXX
2022-02-15,158.76129150390625,163.3633270263672,163.7866668701172,157.75,158.1699981689453,4881000,SOXX
2022-02-16,158.81317138671875,163.4166717529297,164.02333068847656,159.92999267578125,161.35667419433594,2713200,SOXX
2022-02-17,152.84934997558594,157.27999877929688,161.47000122070312,157.0366668701172,161.24667358398438,6003000,SOXX
2022-02-18,151.1421661376953,155.52333068847656,157.93333435058594,153.36000061035156,157.35333251953125,5866200,SOXX
2022-02-22,150.22216796875,154.57666015625,158.2866668701172,152.1233367919922,153.8433380126953,8370000,SOXX
2022-02-23,146.642578125,150.89332580566406,158.0,150.4066619873047,156.3699951171875,6525600,SOXX
2022-02-24,152.007080078125,156.413330078125,156.663330078125,144.67666625976562,145.02667236328125,8669100,SOXX
2022-02-25,154.5403289794922,159.02000427246094,159.02000427246094,154.19000244140625,156.4066619873047,7065000,SOXX
2022-02-28,153.60089111328125,158.05332946777344,159.4566650390625,154.8699951171875,156.9499969482422,4359300,SOXX
2022-03-01,148.0323028564453,152.32333374023438,158.3300018310547,150.65333557128906,157.413330078125,4265700,SOXX
2022-03-02,152.73919677734375,157.1666717529297,158.26333618164062,153.23333740234375,153.58999633789062,2850600,SOXX
2022-03-03,149.53536987304688,153.8699951171875,158.17333984375,152.93333435058594,158.1266632080078,4177800,SOXX
2022-03-04,145.56707763671875,149.7866668701172,153.7133331298828,148.10000610351562,152.3699951171875,4443300,SOXX
2022-03-07,138.2654266357422,142.27333068847656,151.30332946777344,142.2433319091797,150.23333740234375,5869200,SOXX
2022-03-08,140.91526794433594,145.0,150.29666137695312,140.85333251953125,143.2433319091797,7909500,SOXX
2022-03-09,146.8207550048828,151.07666015625,152.21665954589844,148.17333984375,149.8800048828125,4699800,SOXX
2022-03-10,143.80807495117188,147.97666931152344,148.5500030517578,145.06666564941406,148.40333557128906,4805700,SOXX
2022-03-11,140.72091674804688,144.8000030517578,150.39999389648438,144.5066680908203,150.1233367919922,6524400,SOXX
2022-03-14,136.166259765625,140.1133270263672,145.11666870117188,139.45333862304688,144.36666870117188,5683800,SOXX
2022-03-15,142.4248504638672,146.55332946777344,146.89999389648438,140.6300048828125,141.51666259765625,3980400,SOXX
2022-03-16,149.7589569091797,154.10000610351562,154.1233367919922,147.42333984375,149.0399932861328,4868700,SOXX
2022-03-17,150.6821746826172,155.0500030517578,155.0500030517578,151.17666625976562,152.35333251953125,4133100,SOXX
2022-03-18,153.62355041503906,158.07666015625,158.71665954589844,153.01666259765625,153.97000122070312,5004600,SOXX
2022-03-21,153.31903076171875,157.76333618164062,159.05667114257812,154.94332885742188,157.46665954589844,4801500,SOXX
2022-03-22,154.1678009033203,158.6366729736328,160.51333618164062,157.32000732421875,157.47666931152344,2886600,SOXX
2022-03-23,150.28372192382812,154.63999938964844,159.11000061035156,154.59666442871094,157.18666076660156,3530400,SOXX
2022-03-24,157.87017822265625,162.13999938964844,162.26666259765625,155.3000030517578,155.94000244140625,5002500,SOXX
2022-03-25,157.51319885253906,161.77333068847656,162.39999389648438,159.08999633789062,161.9600067138672,3103200,SOXX
2022-03-28,158.7367706298828,163.02999877929688,163.02999877929688,158.48666381835938,160.80332946777344,2735700,SOXX
2022-03-29,162.37503051757812,166.76666259765625,167.02999877929688,163.39999389648438,165.6300048828125,3093600,SOXX
2022-03-30,157.18212890625,161.43333435058594,166.06333923339844,160.57666015625,165.47666931152344,3269100,SOXX
2022-03-31,153.6055450439453,157.75999450683594,162.02999877929688,157.336669921875,161.31333923339844,3369300,SOXX
2022-04-01,150.62937927246094,154.70333862304688,158.79666137695312,152.39332580566406,158.42666625976562,5391900,SOXX
2022-04-04,153.0764923095703,157.21665954589844,157.43666076660156,154.52333068847656,155.10667419433594,2705100,SOXX
2022-04-05,146.0303955078125,149.97999572753906,156.06333923339844,149.5800018310547,155.92999267578125,4054800,SOXX
2022-04-06,142.39865112304688,146.25,148.9066619873047,145.0,146.6666717529297,4836900,SOXX
2022-04-07,142.71022033691406,146.57000732421875,147.88333129882812,143.50332641601562,146.0500030517578,3511800,SOXX
2022-04-08,139.1693115234375,142.93333435058594,145.4066619873047,142.70333862304688,145.35333251953125,4500300,SOXX
2022-04-11,136.3100128173828,139.99667358398438,142.0,139.67333984375,140.82000732421875,4291800,SOXX
2022-04-12,135.89454650878906,139.57000732421875,144.01333618164062,138.83999633789062,142.9566650390625,5894700,SOXX
2022-04-13,138.81881713867188,142.57333374023438,143.55999755859375,139.60667419433594,140.47332763671875,3309000,SOXX
2022-04-14,134.97930908203125,138.6300048828125,143.5366668701172,138.4499969482422,143.50332641601562,5903400,SOXX
2022-04-18,137.31610107421875,141.02999877929688,142.27667236328125,137.76666259765625,137.93666076660156,3630300,SOXX
2022-04-19,140.32476806640625,144.1199951171875,144.42333984375,139.75332641601562,140.46665954589844,3036600,SOXX
2022-04-20,140.01318359375,143.8000030517578,147.6699981689453,143.2933349609375,146.39999389648438,3826200,SOXX
2022-04-21,136.2775115966797,139.9633331298828,147.19000244140625,139.24000549316406,145.57000732421875,3600300,SOXX
2022-04-22,133.2461700439453,136.85000610351562,140.52000427246094,136.6199951171875,139.7433319091797,4569000,SOXX
2022-04-25,135.49859619140625,139.163330078125,139.1999969482422,135.32666015625,135.73333740234375,6353700,SOXX
2022-04-26,129.4910888671875,132.9933319091797,137.52333068847656,132.836669921875,137.28334045410156,5844000,SOXX
2022-04-27,128.78353881835938,132.26666259765625,135.57333374023438,131.22999572753906,131.52667236328125,4350300,SOXX
2022-04-28,135.88156127929688,139.55667114257812,141.04666137695312,133.22332763671875,134.92333984375,4923300,SOXX
2022-04-29,130.0752716064453,133.5933380126953,140.27000427246094,133.2066650390625,137.60000610351562,4188300,SOXX
2022-05-02,134.41783142089844,138.05332946777344,138.2066650390625,132.6699981689453,133.71665954589844,4635300,SOXX
2022-05-03,135.5310516357422,139.19667053222656,140.2899932861328,136.72999572753906,137.68666076660156,2300100,SOXX
2022-05-04,140.78884887695312,144.59666442871094,144.836669921875,135.89999389648438,140.22999572753906,4259400,SOXX
2022-05-05,133.96995544433594,137.5933380126953,142.21665954589844,135.5433349609375,142.00332641601562,4597200,SOXX
2022-05-06,132.77557373046875,136.36666870117188,139.40333557128906,133.7933349609375,136.3333282470703,3950400,SOXX
2022-05-09,126.0151138305664,129.42333984375,135.04666137695312,128.663330078125,133.4199981689453,5058600,SOXX
2022-05-10,128.8809356689453,132.36666870117188,134.81333923339844,129.47666931152344,133.3300018310547,4476600,SOXX
2022-05-11,125.07388305664062,128.4566650390625,134.32666015625,128.0833282470703,131.23666381835938,5066100,SOXX
2022-05-12,125.83332824707031,129.23666381835938,130.31333923339844,125.77666473388672,126.87000274658203,5345100,SOXX
2022-05-13,132.25631713867188,135.8333282470703,136.78334045410156,130.80667114257812,131.50332641601562,4724400,SOXX
2022-05-16,130.24404907226562,133.76666259765625,135.8733367919922,133.25999450683594,134.45333862304688,2372400,SOXX
2022-05-17,136.56967163085938,140.26333618164062,140.6233367919922,136.74000549316406,137.2566680908203,3193200,SOXX
2022-05-18,129.68582153320312,133.19332885742188,139.8633270263672,132.6266632080078,137.94667053222656,3581100,SOXX
2022-05-19,128.90040588378906,132.3866729736328,135.7866668701172,131.23333740234375,132.5433349609375,3303300,SOXX
2022-05-20,128.8322296142578,132.31666564941406,135.00332641601562,126.38999938964844,134.9933319091797,4083900,SOXX
2022-05-23,129.38722229003906,132.8866729736328,133.24000549316406,130.27667236328125,131.2899932861328,3639300,SOXX
2022-05-24,126.23578643798828,129.64999389648438,131.19000244140625,128.17333984375,130.75332641601562,2865600,SOXX
2022-05-25,128.5076904296875,131.98333740234375,133.22332763671875,128.65333557128906,128.77333068847656,2512500,SOXX
2022-05-26,133.52854919433594,137.13999938964844,137.75332641601562,130.5366668701172,130.74667358398438,2966700,SOXX
2022-05-27,139.02001953125,142.77999877929688,143.01666259765625,139.30332946777344,139.30332946777344,3165600,SOXX
2022-05-31,138.30596923828125,142.04666137695312,143.30667114257812,139.86666870117188,142.53334045410156,2807100,SOXX
2022-06-01,136.11199951171875,139.7933349609375,143.49000549316406,137.86000061035156,142.77000427246094,2466000,SOXX
2022-06-02,140.853759765625,144.663330078125,144.80667114257812,139.0366668701172,139.30667114257812,2005800,SOXX
2022-06-03,136.64105224609375,140.336669921875,142.3300018310547,139.68666076660156,141.52999877929688,2065500,SOXX
2022-06-06,136.87796020507812,140.5800018310547,143.75999450683594,139.64666748046875,143.2866668701172,2241900,SOXX
2022-06-07,137.97174072265625,141.70333862304688,142.10333251953125,137.83999633789062,138.91000366210938,1866600,SOXX
2022-06-08,135.03448486328125,138.68666076660156,141.5,137.63999938964844,140.92666625976562,3396000,SOXX
2022-06-09,131.2015380859375,134.54666137695312,139.67666625976562,134.5433349609375,137.28334045410156,2517000,SOXX
2022-06-10,126.54037475585938,129.76666259765625,133.47666931152344,129.49667358398438,132.3333282470703,3599100,SOXX
2022-06-13,119.23985290527344,122.27999877929688,126.6433334350586,121.80999755859375,125.0,4042800,SOXX
2022-06-14,119.9029541015625,122.95999908447266,124.17333221435547,121.51667022705078,123.62333679199219,2831100,SOXX
2022-06-15,121.96373748779297,125.07333374023438,127.27333068847656,122.2699966430664,124.41000366210938,3811200,SOXX
2022-06-16,114.61444854736328,117.53666687011719,121.5433349609375,116.0566635131836,121.41999816894531,3921300,SOXX
2022-06-17,115.07925415039062,118.01333618164062,118.86666870117188,115.3066635131836,117.80000305175781,3400200,SOXX
2022-06-21,118.09244537353516,121.10333251953125,122.92333221435547,120.41666412353516,120.50333404541016,2830200,SOXX
2022-06-22,116.86051177978516,119.83999633789062,121.55332946777344,118.83999633789062,119.01667022705078,4106700,SOXX
2022-06-23,116.06739044189453,119.02666473388672,120.65333557128906,117.15333557128906,120.55000305175781,2178900,SOXX
2022-06-24,121.20962524414062,124.30000305175781,124.30000305175781,120.62666320800781,120.88999938964844,3783600,SOXX
2022-06-27,120.87808990478516,123.95999908447266,125.73332977294922,123.00666809082031,125.42333221435547,2497500,SOXX
2022-06-28,117.92991638183594,120.9366683959961,126.14666748046875,120.74666595458984,124.6933364868164,3039900,SOXX
2022-06-29,115.14752960205078,118.08333587646484,119.41999816894531,116.61666870117188,119.27999877929688,3393600,SOXX
2022-06-30,113.63932037353516,116.53666687011719,118.86000061035156,114.69999694824219,116.42666625976562,3285600,SOXX
2022-07-01,109.61849975585938,112.413330078125,115.21666717529297,110.95999908447266,114.59666442871094,3875100,SOXX
2022-07-05,110.48310852050781,113.30000305175781,113.30000305175781,108.9000015258789,109.56666564941406,3391200,SOXX
2022-07-06,111.02269744873047,113.85333251953125,115.1866683959961,112.16999816894531,113.41000366210938,2672100,SOXX
2022-07-07,115.9926528930664,118.94999694824219,119.54666900634766,116.52666473388672,116.52666473388672,2866200,SOXX
2022-07-08,116.54522705078125,119.51667022705078,120.33333587646484,116.87333679199219,117.22666931152344,2334000,SOXX
2022-07-11,113.86034393310547,116.76333618164062,118.2933349609375,116.00333404541016,117.7066650390625,2490000,SOXX
2022-07-12,114.17887878417969,117.08999633789062,118.38666534423828,116.23666381835938,117.52333068847656,4494300,SOXX
2022-07-13,114.82247924804688,117.75,118.69000244140625,114.46666717529297,114.69999694824219,3564600,SOXX
2022-07-14,117.25707244873047,120.24666595458984,120.76000213623047,115.72333526611328,117.4366683959961,3186900,SOXX
2022-07-15,120.05571746826172,123.11666870117188,123.3133316040039,120.16999816894531,122.08333587646484,2984100,SOXX
2022-07-18,119.67214965820312,122.72333526611328,126.11666870117188,121.9433364868164,125.15666961669922,2959200,SOXX
2022-07-19,124.94766235351562,128.13333129882812,128.82666015625,124.30332946777344,124.66000366210938,3116700,SOXX
2022-07-20,128.1331024169922,131.39999389648438,132.02333068847656,127.1500015258789,127.94000244140625,4845300,SOXX
2022-07-21,130.22640991210938,133.54666137695312,133.63333129882812,130.19667053222656,132.0833282470703,2753400,SOXX
2022-07-22,127.01820373535156,130.2566680908203,133.17333984375,129.07666015625,133.11666870117188,4548000,SOXX
2022-07-25,126.21536254882812,129.43333435058594,129.53334045410156,127.2699966430664,129.2566680908203,2862900,SOXX
2022-07-26,124.1123046875,127.27666473388672,129.22332763671875,126.80332946777344,128.57333374023438,2510400,SOXX
2022-07-27,129.7908477783203,133.10000610351562,134.17333984375,129.1699981689453,129.55999755859375,3214200,SOXX
2022-07-28,131.3900909423828,134.74000549316406,135.02999877929688,130.48666381835938,133.39332580566406,3532200,SOXX
2022-07-29,132.4009552001953,135.77667236328125,136.1566619873047,132.3333282470703,132.7899932861328,3840900,SOXX
2022-08-01,132.91128540039062,136.3000030517578,137.47666931152344,133.92666625976562,134.81333923339844,3812100,SOXX
2022-08-02,132.6577606201172,136.0399932861328,138.10667419433594,134.19000244140625,134.75999450683594,2124900,SOXX
2022-08-03,136.34378051757812,139.82000732421875,140.0933380126953,135.93333435058594,136.02000427246094,2860800,SOXX
2022-08-04,137.3286590576172,140.8300018310547,141.25332641601562,139.08999633789062,139.49667358398438,1919100,SOXX
2022-08-05,136.25924682617188,139.73333740234375,140.93666076660156,137.72666931152344,138.36000061035156,3279900,SOXX
2022-08-08,134.19847106933594,137.6199951171875,139.336669921875,135.50332641601562,137.80667114257812,3061200,SOXX
2022-08-09,128.04861450195312,131.31333923339844,134.5800018310547,129.5066680908203,134.44000244140625,4368900,SOXX
2022-08-10,133.36309814453125,136.76333618164062,137.01666259765625,133.01666259765625,134.81333923339844,3456000,SOXX
2022-08-11,133.19082641601562,136.586669921875,140.6199951171875,136.2866668701172,137.92333984375,2403900,SOXX
2022-08-12,137.08811950683594,140.5833282470703,140.9633331298828,136.99667358398438,137.49667358398438,2049600,SOXX
2022-08-15,137.59844970703125,141.10667419433594,141.5,139.0,139.9566650390625,1325100,SOXX
2022-08-16,136.19097900390625,139.663330078125,141.0,138.10333251953125,140.38333129882812,1566900,SOXX
2022-08-17,132.9015350341797,136.2899932861328,137.58999633789062,134.38333129882812,137.52333068847656,2640000,SOXX
2022-08-18,135.9309539794922,139.39666748046875,140.32666015625,136.1666717529297,136.66000366210938,1698900,SOXX
2022-08-19,132.2611846923828,135.63333129882812,138.17333984375,134.93666076660156,137.47666931152344,2323500,SOXX
2022-08-22,127.28473663330078,130.52999877929688,133.13333129882812,129.89666748046875,132.88333129882812,2903400,SOXX
2022-08-23,127.9186019897461,131.17999267578125,133.17999267578125,130.47332763671875,130.6233367919922,2430600,SOXX
2022-08-24,128.24037170410156,131.50999450683594,131.9633331298828,129.99000549316406,131.02999877929688,1251900,SOXX
2022-08-25,132.94056701660156,136.3300018310547,136.49000549316406,131.56333923339844,131.6366729736328,2679300,SOXX
2022-08-26,125.39948272705078,128.59666442871094,136.33999633789062,128.39332580566406,136.02333068847656,2838000,SOXX
2022-08-29,122.86737060546875,126.0,128.70333862304688,125.7933349609375,127.2300033569336,2575200,SOXX
2022-08-30,121.43716430664062,124.53333282470703,127.40666961669922,123.00333404541016,127.3566665649414,3212700,SOXX
2022-08-31,120.16622924804688,123.2300033569336,125.086669921875,122.15333557128906,125.08333587646484,2974800,SOXX
2022-09-01,117.93641662597656,120.9433364868164,120.95999908447266,117.19667053222656,120.086669921875,4537800,SOXX
2022-09-02,116.64273071289062,119.61666870117188,123.663330078125,119.09333038330078,122.8066635131836,3841200,SOXX
2022-09-06,115.29703521728516,118.23666381835938,120.25333404541016,117.33000183105469,119.59666442871094,2692500,SOXX
2022-09-07,117.24732208251953,120.23666381835938,121.25333404541016,117.81666564941406,118.71333312988281,1699500,SOXX
2022-09-08,119.22361755371094,122.26333618164062,122.72000122070312,118.33333587646484,119.06999969482422,2823300,SOXX
2022-09-09,122.08401489257812,125.19667053222656,125.84333038330078,123.87333679199219,123.87333679199219,2066400,SOXX
2022-09-12,122.67882537841797,125.8066635131836,126.43000030517578,124.29666900634766,125.73666381835938,2610900,SOXX
2022-09-13,115.05976104736328,117.99333190917969,122.0633316040039,117.63666534423828,121.02333068847656,4065000,SOXX
2022-09-14,116.36644744873047,119.33333587646484,120.16000366210938,117.55332946777344,118.87999725341797,2722800,SOXX
2022-09-15,114.4356918334961,117.35333251953125,119.91999816894531,116.5566635131836,118.52999877929688,2432700,SOXX
2022-09-16,115.12151336669922,118.0566635131836,118.18333435058594,115.18000030517578,116.0633316040039,3392100,SOXX
2022-09-19,115.72611236572266,118.67666625976562,119.30332946777344,116.49666595458984,116.55000305175781,2146200,SOXX
2022-09-20,114.18864440917969,117.0999984741211,118.0999984741211,116.16999816894531,117.52999877929688,2630700,SOXX
2022-09-21,113.03472900390625,115.91666412353516,121.11666870117188,115.91666412353516,117.31666564941406,3535200,SOXX
2022-09-22,109.95978546142578,112.76333618164062,115.73999786376953,112.09666442871094,115.25333404541016,2936100,SOXX
2022-09-23,108.4873275756836,111.25333404541016,111.7300033569336,109.23666381835938,111.43000030517578,3881700,SOXX
2022-09-26,106.86048126220703,108.99333190917969,111.96333312988281,108.79666900634766,110.26667022705078,2881500,SOXX
2022-09-27,107.85396575927734,110.00666809082031,111.78666687011719,108.42666625976562,110.97333526611328,2977200,SOXX
2022-09-28,109.3834457397461,111.56666564941406,112.00333404541016,108.6433334350586,109.09666442871094,4045200,SOXX
2022-09-29,105.98135375976562,108.09666442871094,109.73332977294922,106.37000274658203,109.52666473388672,3009000,SOXX
2022-09-30,104.16427612304688,106.24333190917969,109.45333099365234,106.08000183105469,106.69999694824219,2722800,SOXX
2022-10-03,107.76573181152344,109.91666412353516,111.14666748046875,106.68333435058594,107.45333099365234,3747300,SOXX
2022-10-04,112.82149505615234,115.07333374023438,115.20999908447266,113.16666412353516,113.4566650390625,3182400,SOXX
2022-10-05,113.74310302734375,116.01333618164062,117.1866683959961,112.16000366210938,113.16666412353516,2505600,SOXX
2022-10-06,113.2888412475586,115.55000305175781,118.02666473388672,115.12000274658203,115.8933334350586,2850000,SOXX
2022-10-07,106.49118041992188,108.61666870117188,112.42333221435547,107.96666717529297,112.1066665649414,3969000,SOXX
2022-10-10,102.8701171875,104.92333221435547,108.32333374023438,103.41999816894531,108.1933364868164,4665000,SOXX
2022-10-11,99.97784423828125,101.97333526611328,104.01000213623047,100.54000091552734,103.05332946777344,4818600,SOXX
2022-10-12,99.00720977783203,100.98332977294922,102.37999725341797,100.66000366210938,101.83999633789062,3107400,SOXX
2022-10-13,101.85700988769531,103.88999938964844,105.80332946777344,95.94000244140625,97.03333282470703,4911600,SOXX
2022-10-14,97.61173248291016,99.55999755859375,105.34333038330078,99.23666381835938,105.34333038330078,3887100,SOXX
2022-10-17,99.6804428100586,101.66999816894531,103.06999969482422,100.86666870117188,102.20999908447266,3760500,SOXX
2022-10-18,100.02359008789062,102.0199966430664,105.53666687011719,100.22000122070312,104.8499984741211,3558900,SOXX
2022-10-19,100.66415405273438,102.67333221435547,103.64666748046875,100.9800033569336,101.2933349609375,3043500,SOXX
2022-10-20,101.2883529663086,103.30999755859375,106.46333312988281,102.72333526611328,103.23999786376953,3567300,SOXX
2022-10-21,105.05322265625,107.1500015258789,107.41666412353516,102.58999633789062,103.04000091552734,3703200,SOXX
2022-10-24,105.50747680664062,107.61333465576172,108.08000183105469,105.0999984741211,107.51000213623047,3784200,SOXX
2022-10-25,107.91606903076172,110.06999969482422,110.80999755859375,107.8933334350586,108.06666564941406,2770800,SOXX
2022-10-26,106.85393524169922,108.98666381835938,111.57333374023438,107.26667022705078,107.79666900634766,4811700,SOXX
2022-10-27,104.95843505859375,107.05332946777344,110.7300033569336,106.913330078125,109.69999694824219,3589500,SOXX
2022-10-28,109.07298278808594,111.25,111.413330078125,106.97333526611328,107.25,4192500,SOXX
2022-10-31,106.69706726074219,108.82666778564453,110.55332946777344,108.2699966430664,110.24666595458984,2394900,SOXX
2022-11-01,107.55657196044922,109.70333099365234,111.37666320800781,109.04666900634766,111.01333618164062,2810400,SOXX
2022-11-02,104.16101837158203,106.23999786376953,112.32666778564453,106.0999984741211,110.39666748046875,3193800,SOXX
2022-11-03,102.76554107666016,104.81666564941406,106.4433364868164,103.16000366210938,104.25333404541016,3752100,SOXX
2022-11-04,107.5206069946289,109.66666412353516,109.94667053222656,107.08999633789062,108.59666442871094,4601700,SOXX
2022-11-07,109.84425354003906,112.03666687011719,112.46666717529297,109.23666381835938,110.68333435058594,3548700,SOXX
2022-11-08,112.26264953613281,114.50333404541016,115.85333251953125,112.18333435058594,114.13333129882812,3901200,SOXX
2022-11-09,108.67427062988281,110.84333038330078,113.01000213623047,110.67333221435547,112.5633316040039,3578700,SOXX
2022-11-10,119.91981506347656,122.3133316040039,122.61666870117188,116.2066650390625,117.18333435058594,5347500,SOXX
2022-11-11,123.58989715576172,126.0566635131836,126.79666900634766,121.50333404541016,122.91000366210938,6114000,SOXX
2022-11-14,122.23690032958984,124.67666625976562,127.12666320800781,124.63333129882812,125.37333679199219,3683100,SOXX
2022-11-15,125.77951049804688,128.2899932861328,130.19667053222656,126.55000305175781,129.8433380126953,4897800,SOXX
2022-11-16,120.58650970458984,122.99333190917969,125.61666870117188,122.21666717529297,125.36666870117188,4775700,SOXX
2022-11-17,121.5309829711914,123.9566650390625,124.51000213623047,120.22333526611328,120.44000244140625,3961500,SOXX
2022-11-18,121.80225372314453,124.23332977294922,126.0566635131836,122.88999938964844,126.02999877929688,3105300,SOXX
2022-11-21,119.78255462646484,122.17333221435547,123.31999969482422,121.78666687011719,122.87999725341797,1815000,SOXX
2022-11-22,123.351318359375,125.8133316040039,125.91000366210938,122.1866683959961,123.22000122070312,3290700,SOXX
2022-11-23,124.84158325195312,127.33333587646484,128.55999755859375,125.663330078125,125.68000030517578,3905400,SOXX
2022-11-25,123.17811584472656,125.63666534423828,127.0,125.63666534423828,126.5566635131836,1164000,SOXX
2022-11-28,120.09954833984375,122.49666595458984,125.38999938964844,121.6500015258789,124.07666778564453,3197700,SOXX
2022-11-29,119.63548278808594,122.02333068847656,123.55332946777344,121.27666473388672,122.86333465576172,1828200,SOXX
2022-11-30,126.81226348876953,129.3433380126953,129.43333435058594,121.33999633789062,122.4800033569336,4166100,SOXX
2022-12-01,125.90044403076172,128.413330078125,130.2433319091797,126.62333679199219,130.11000061035156,4130700,SOXX
2022-12-02,124.47882080078125,126.96333312988281,127.163330078125,124.55332946777344,125.1933364868164,3110400,SOXX
2022-12-05,122.90359497070312,125.3566665649414,127.31666564941406,124.22333526611328,126.0999984741211,2709300,SOXX
2022-12-06,120.31851959228516,122.72000122070312,125.47333526611328,121.4800033569336,125.34333038330078,2182200,SOXX
2022-12-07,120.06034851074219,122.4566650390625,123.31666564941406,121.18000030517578,121.41000366210938,2111400,SOXX
2022-12-08,123.53108215332031,125.99666595458984,126.086669921875,122.38333129882812,123.20333099365234,2694300,SOXX
2022-12-09,122.3872299194336,124.83000183105469,127.03666687011719,124.38333129882812,125.44000244140625,1749000,SOXX
2022-12-12,124.55398559570312,127.04000091552734,127.17666625976562,123.58000183105469,124.21666717529297,2178900,SOXX
2022-12-13,126.6946792602539,128.8633270263672,132.97999572753906,127.25,132.40333557128906,4521000,SOXX
2022-12-14,124.79387664794922,126.93000030517578,130.08999633789062,125.44667053222656,128.5500030517578,3972000,SOXX
2022-12-15,119.5142593383789,121.55999755859375,124.80332946777344,121.3933334350586,124.26333618164062,3881100,SOXX
2022-12-16,118.6097412109375,120.63999938964844,121.96333312988281,119.44999694824219,120.913330078125,2465700,SOXX
2022-12-19,117.14154052734375,119.14666748046875,120.79000091552734,117.91666412353516,120.51333618164062,2231700,SOXX
2022-12-20,116.4271011352539,118.41999816894531,119.50666809082031,117.3933334350586,117.66000366210938,2275500,SOXX
2022-12-21,119.04889678955078,121.086669921875,121.48666381835938,119.01667022705078,119.24666595458984,2291700,SOXX
2022-12-22,114.23790740966797,116.1933364868164,118.92333221435547,113.74666595458984,118.73332977294922,5403300,SOXX
2022-12-23,114.33621978759766,116.2933349609375,116.29666900634766,114.01333618164062,115.1866683959961,2571900,SOXX
2022-12-27,112.27156829833984,114.1933364868164,115.47666931152344,113.66666412353516,115.37000274658203,3494400,SOXX
2022-12-28,110.6165542602539,112.51000213623047,114.84666442871094,112.05000305175781,113.4566650390625,2682000,SOXX
2022-12-29,114.1461410522461,116.0999984741211,116.63999938964844,113.91999816894531,114.34333038330078,3263100,SOXX
2022-12-30,114.04126739501953,115.99333190917969,116.1866683959961,113.61333465576172,114.44000244140625,2010000,SOXX
2023-01-03,112.93029022216797,114.86333465576172,118.16666412353516,114.16666412353516,117.9566650390625,2844600,SOXX
2023-01-04,115.83720397949219,117.81999969482422,118.47333526611328,115.69999694824219,117.05000305175781,3257100,SOXX
2023-01-05,113.88396453857422,115.83333587646484,117.48666381835938,115.6433334350586,116.65666961669922,2671800,SOXX
2023-01-06,119.1832504272461,121.22333526611328,121.86000061035156,115.8133316040039,117.4000015258789,4898400,SOXX
2023-01-09,121.3790054321289,123.4566650390625,126.26333618164062,122.66000366210938,123.44667053222656,4581300,SOXX
2023-01-10,122.94880676269531,125.05332946777344,125.22333526611328,122.3933334350586,123.03333282470703,2825400,SOXX
2023-01-11,124.53498077392578,126.66666412353516,126.72000122070312,124.07666778564453,125.12999725341797,2682000,SOXX
2023-01-12,126.04905700683594,128.2066650390625,128.97999572753906,124.72000122070312,127.3499984741211,3324000,SOXX
2023-01-13,126.57013702392578,128.73666381835938,128.75,126.38666534423828,126.5433349609375,2079000,SOXX
2023-01-17,126.7143325805664,128.88333129882812,130.18666076660156,127.6933364868164,128.29666137695312,3017400,SOXX
2023-01-18,126.04905700683594,128.2066650390625,131.2433319091797,128.16000366210938,130.32666015625,3512700,SOXX
2023-01-19,122.5129165649414,124.61000061035156,127.13333129882812,124.2066650390625,127.06666564941406,3775200,SOXX
2023-01-20,126.3472900390625,128.50999450683594,128.58999633789062,124.66999816894531,125.94999694824219,3352500,SOXX
2023-01-23,132.6920166015625,134.9633331298828,135.413330078125,129.50332641601562,129.7100067138672,5726700,SOXX
2023-01-24,131.6891632080078,133.94332885742188,135.1999969482422,133.13333129882812,133.31666564941406,2370300,SOXX
2023-01-25,132.04640197753906,134.30667114257812,134.54666137695312,130.57666015625,131.586669921875,3301200,SOXX
2023-01-26,134.27166748046875,136.57000732421875,136.7433319091797,133.60000610351562,135.84666442871094,3896700,SOXX
2023-01-27,133.41629028320312,135.6999969482422,136.8733367919922,133.8633270263672,134.2100067138672,4289700,SOXX
2023-01-30,129.8736114501953,132.09666442871094,134.66000366210938,131.99000549316406,133.85000610351562,4384500,SOXX
2023-01-31,132.29547119140625,134.55999755859375,134.6233367919922,131.71665954589844,131.8433380126953,3104100,SOXX
2023-02-01,139.19406127929688,141.57666015625,143.0066680908203,135.10667419433594,135.22666931152344,7244100,SOXX
2023-02-02,142.41883850097656,144.85667419433594,146.0366668701172,142.2133331298828,143.02667236328125,7456200,SOXX
2023-02-03,139.63978576660156,142.02999877929688,145.2933349609375,141.27667236328125,141.6366729736328,5555400,SOXX
2023-02-06,137.3719024658203,139.72332763671875,141.8733367919922,139.09666442871094,139.80999755859375,2496300,SOXX
2023-02-07,141.74049377441406,144.1666717529297,144.85667419433594,139.91000366210938,140.26333618164062,3285300,SOXX
2023-02-08,138.69264221191406,141.06666564941406,144.38333129882812,140.73666381835938,143.2066650390625,3522000,SOXX
2023-02-09,139.0465850830078,141.42666625976562,145.18666076660156,140.3800048828125,143.57666015625,3015600,SOXX
2023-02-10,136.83444213867188,139.17666625976562,140.3866729736328,137.663330078125,139.97999572753906,2947800,SOXX
2023-02-13,138.8466796875,141.22332763671875,141.6300048828125,138.6133270263672,139.8333282470703,2122500,SOXX
2023-02-14,141.3668670654297,143.7866668701172,144.22000122070312,138.92666625976562,139.97666931152344,3252000,SOXX
2023-02-15,141.94366455078125,144.3733367919922,144.44667053222656,141.24000549316406,142.2899932861328,2143500,SOXX
2023-02-16,138.46324157714844,140.8333282470703,143.25999450683594,140.60333251953125,141.77333068847656,3444900,SOXX
2023-02-17,136.30682373046875,138.63999938964844,140.41000366210938,137.38333129882812,140.0,3064200,SOXX
2023-02-21,131.89236450195312,134.14999389648438,138.0933380126953,133.88999938964844,136.48333740234375,2208600,SOXX
2023-02-22,131.25987243652344,133.5066680908203,135.47000122070312,132.6999969482422,134.4633331298828,2285700,SOXX
2023-02-23,135.57598876953125,137.89666748046875,138.55332946777344,135.19000244140625,138.0,4617000,SOXX
2023-02-24,133.1475372314453,135.42666625976562,136.13999938964844,134.41000366210938,135.4499969482422,2842200,SOXX
2023-02-27,133.8521728515625,136.14332580566406,137.7100067138672,136.0933380126953,137.69000244140625,2040900,SOXX
2023-02-28,134.31097412109375,136.61000061035156,138.4566650390625,135.53334045410156,135.82666015625,1582500,SOXX
2023-03-01,134.34701538085938,136.64666748046875,138.31333923339844,136.10667419433594,137.1133270263672,1922400,SOXX
2023-03-02,135.42196655273438,137.74000549316406,138.39666748046875,133.47666931152344,134.52000427246094,3108300,SOXX
2023-03-03,137.50955200195312,139.8633270263672,140.01666259765625,136.67333984375,137.7100067138672,2408700,SOXX
2023-03-06,135.91026306152344,138.23666381835938,141.4600067138672,137.9066619873047,140.25332641601562,2177100,SOXX
2023-03-07,134.47811889648438,136.77999877929688,138.96665954589844,136.22999572753906,138.38333129882812,1899000,SOXX
2023-03-08,138.05357360839844,140.4166717529297,140.57000732421875,137.3300018310547,137.3300018310547,2088300,SOXX
2023-03-09,135.31053161621094,137.6266632080078,142.41000366210938,137.4166717529297,140.23666381835938,3889800,SOXX
2023-03-10,132.6953125,134.96665954589844,138.72332763671875,134.32666015625,138.36666870117188,3320700,SOXX
2023-03-13,132.734619140625,135.0066680908203,136.6666717529297,132.16000366210938,133.55667114257812,3512700,SOXX
2023-03-14,136.61488342285156,138.95333862304688,139.81333923339844,136.7066650390625,137.36000061035156,2743200,SOXX
2023-03-15,135.02212524414062,137.3333282470703,137.64666748046875,134.42999267578125,136.96665954589844,3527100,SOXX
2023-03-16,140.29522705078125,142.69667053222656,143.00999450683594,136.1366729736328,136.73333740234375,3730200,SOXX
2023-03-17,139.42677307128906,141.81333923339844,144.07666015625,141.0399932861328,142.97000122070312,2828400,SOXX
2023-03-20,140.90151977539062,143.31333923339844,143.77333068847656,140.9166717529297,142.08999633789062,2155800,SOXX
2023-03-21,141.1800537109375,143.59666442871094,146.0,141.46665954589844,144.47999572753906,2899500,SOXX
2023-03-22,139.7773895263672,142.1699981689453,147.4166717529297,142.13333129882812,143.60000610351562,3313200,SOXX
2023-03-23,143.5859375,145.67666625976562,147.6300048828125,143.13333129882812,144.27667236328125,4039800,SOXX
2023-03-24,141.09555053710938,143.14999389648438,144.88999938964844,141.6999969482422,144.49667358398438,3120600,SOXX
2023-03-27,139.4396514892578,141.47000122070312,144.10667419433594,140.97332763671875,143.6666717529297,1806300,SOXX
2023-03-28,138.39486694335938,140.41000366210938,141.25999450683594,138.27000427246094,141.14332580566406,2737500,SOXX
2023-03-29,142.8434600830078,144.92333984375,145.93333435058594,142.48666381835938,142.75332641601562,3140400,SOXX
2023-03-30,145.1958465576172,147.30999755859375,148.27333068847656,146.26666259765625,146.75999450683594,2602200,SOXX
2023-03-31,146.0960693359375,148.22332763671875,148.44667053222656,145.95333862304688,146.19000244140625,2151000,SOXX
2023-04-03,144.8344268798828,146.94332885742188,147.9166717529297,145.1266632080078,147.35667419433594,1876800,SOXX
2023-04-04,142.1337432861328,144.20333862304688,147.25332641601562,143.39666748046875,147.2100067138672,2324100,SOXX
2023-04-05,139.66966247558594,141.70333862304688,142.78334045410156,140.2066650390625,142.663330078125,3343800,SOXX
2023-04-06,138.9501190185547,140.97332763671875,142.01333618164062,139.32333374023438,140.41000366210938,1894800,SOXX
2023-04-10,141.40438842773438,143.4633331298828,143.56333923339844,139.5366668701172,139.75999450683594,1927200,SOXX
2023-04-11,140.661865234375,142.7100067138672,144.35667419433594,142.43666076660156,144.2566680908203,1823100,SOXX
2023-04-12,138.08934020996094,140.10000610351562,144.1666717529297,139.9633331298828,144.1233367919922,2598900,SOXX
2023-04-13,139.22607421875,141.25332641601562,142.0833282470703,139.2933349609375,140.4166717529297,3013500,SOXX
2023-04-14,139.00926208496094,141.03334045410156,142.82666015625,139.49667358398438,141.1199951171875,1963500,SOXX
2023-04-17,139.00926208496094,141.03334045410156,141.1233367919922,139.09666442871094,139.51666259765625,2206500,SOXX
2023-04-18,139.6105194091797,141.64332580566406,143.36000061035156,140.57000732421875,142.13333129882812,2765100,SOXX
2023-04-19,138.08274841308594,140.0933380126953,140.42999267578125,139.23666381835938,139.76333618164062,1264500,SOXX
2023-04-20,137.95462036132812,139.9633331298828,142.06333923339844,138.5500030517578,138.69000244140625,2391900,SOXX
2023-04-21,136.9426727294922,138.93666076660156,139.47999572753906,137.7133331298828,139.47999572753906,2157600,SOXX
2023-04-24,136.3283233642578,138.31333923339844,139.47666931152344,137.3800048828125,138.68666076660156,2074800,SOXX
2023-04-25,131.74830627441406,133.6666717529297,137.5,133.5800018310547,137.48666381835938,2482500,SOXX
2023-04-26,132.45140075683594,134.3800048828125,135.7566680908203,133.69332885742188,135.05667114257812,1926300,SOXX
2023-04-27,133.00994873046875,134.94667053222656,135.11666870117188,131.52999877929688,134.2066650390625,3116700,SOXX
2023-04-28,135.40834045410156,137.3800048828125,137.413330078125,134.97332763671875,135.57333374023438,2359200,SOXX
2023-05-01,136.63385009765625,138.6233367919922,139.02667236328125,137.57000732421875,137.92999267578125,1803900,SOXX
2023-05-02,135.65806579589844,137.63333129882812,139.46665954589844,136.2899932861328,138.67666625976562,2115600,SOXX
2023-05-03,134.10072326660156,136.05332946777344,138.50999450683594,135.95333862304688,136.86000061035156,2525400,SOXX
2023-05-04,133.34835815429688,135.2899932861328,136.45333862304688,134.07666015625,134.97666931152344,2102700,SOXX
2023-05-05,136.31517028808594,138.3000030517578,138.8800048828125,134.77333068847656,135.4566650390625,1619400,SOXX
2023-05-08,136.89010620117188,138.88333129882812,138.97999572753906,137.0,138.14666748046875,1365300,SOXX
2023-05-09,134.56069946289062,136.52000427246094,137.0933380126953,135.9633331298828,136.91000366210938,2348400,SOXX
2023-05-10,135.93075561523438,137.91000366210938,138.8866729736328,136.57666015625,138.05332946777344,2766600,SOXX
2023-05-11,135.04037475585938,137.0066680908203,138.24667358398438,135.7066650390625,137.9499969482422,1854600,SOXX
2023-05-12,134.91554260253906,136.8800048828125,138.06666564941406,135.58999633789062,137.49667358398438,1383300,SOXX
2023-05-15,138.57887268066406,140.59666442871094,140.6233367919922,136.86666870117188,137.27000427246094,1799100,SOXX
2023-05-16,138.3192901611328,140.3333282470703,141.92999267578125,140.13999938964844,140.13999938964844,2047500,SOXX
2023-05-17,141.73622131347656,143.8000030517578,144.35333251953125,140.72999572753906,141.61666870117188,1986000,SOXX
2023-05-18,146.21435546875,148.3433380126953,148.70333862304688,144.3333282470703,144.44000244140625,3429300,SOXX
2023-05-19,145.46194458007812,147.5800018310547,148.24667358398438,146.6566619873047,147.91000366210938,2877600,SOXX
2023-05-22,145.9646453857422,148.08999633789062,148.47999572753906,146.18666076660156,146.25,2299800,SOXX
2023-05-23,144.160888671875,146.25999450683594,148.06666564941406,145.93666076660156,147.09666442871094,1553100,SOXX
2023-05-24,141.581787109375,143.64332580566406,144.2433319091797,142.1266632080078,143.31666564941406,4341000,SOXX
2023-05-25,151.0111541748047,153.2100067138672,153.8000030517578,148.61666870117188,150.24667358398438,12973800,SOXX
2023-05-26,160.88079833984375,163.22332763671875,164.06333923339844,155.4933319091797,155.54666137695312,8010900,SOXX
2023-05-30,160.74607849121094,163.086669921875,167.67333984375,162.42333984375,167.0,7862700,SOXX
2023-05-31,156.61949157714844,158.89999389648438,162.5366668701172,158.82666015625,160.3300018310547,5358600,SOXX
2023-06-01,159.3135986328125,161.63333129882812,163.01333618164062,158.23333740234375,159.8699951171875,7343700,SOXX
2023-06-02,158.93905639648438,161.25332641601562,163.3333282470703,160.0800018310547,162.86666870117188,3318900,SOXX
2023-06-05,156.4782257080078,158.7566680908203,160.75332641601562,157.94332885742188,160.663330078125,2710800,SOXX
2023-06-06,158.36740112304688,160.67333984375,161.45333862304688,157.39666748046875,157.6366729736328,3235500,SOXX
2023-06-07,158.13414001464844,160.22000122070312,163.7899932861328,159.85667419433594,161.51666259765625,3906300,SOXX
2023-06-08,159.75279235839844,161.86000061035156,162.25999450683594,159.8633270263672,160.69000244140625,2724900,SOXX
2023-06-09,160.17388916015625,162.2866668701172,164.80332946777344,161.52333068847656,163.69332885742188,2519400,SOXX
2023-06-12,165.33251953125,167.51333618164062,167.67333984375,163.99000549316406,164.19000244140625,2638500,SOXX
2023-06-13,167.54664611816406,169.7566680908203,170.85667419433594,167.82666015625,170.2066650390625,4164300,SOXX
2023-06-14,169.92527770996094,172.1666717529297,172.25,168.1366729736328,169.1233367919922,8500500,SOXX
2023-06-15,168.52047729492188,170.7433319091797,172.00332641601562,169.52000427246094,170.18333435058594,6561300,SOXX
2023-06-16,166.96432495117188,169.1666717529297,172.47999572753906,168.92333984375,172.4633331298828,4956300,SOXX
2023-06-20,165.61215209960938,167.79666137695312,169.8699951171875,166.32000732421875,168.38999938964844,2024400,SOXX
2023-06-21,161.57540893554688,163.7066650390625,167.57666015625,163.51666259765625,166.7433319091797,4128300,SOXX
2023-06-22,162.32879638671875,164.47000122070312,165.15333557128906,162.3699951171875,162.5933380126953,3656400,SOXX
2023-06-23,159.4698486328125,161.57333374023438,162.60000610351562,160.836669921875,161.82000732421875,2057400,SOXX
2023-06-26,159.98635864257812,162.09666442871094,165.20333862304688,162.08999633789062,162.7066650390625,2434800,SOXX
2023-06-27,165.57595825195312,167.75999450683594,168.0433349609375,162.0500030517578,162.6666717529297,2763600,SOXX
2023-06-28,164.2994842529297,166.46665954589844,167.8766632080078,164.8733367919922,165.05332946777344,2912400,SOXX
2023-06-29,164.34555053710938,166.51333618164062,167.25999450683594,165.13333129882812,167.14332580566406,1674600,SOXX
2023-06-30,166.8853759765625,169.086669921875,169.76333618164062,167.74667358398438,168.34666442871094,1618200,SOXX
2023-07-03,168.36911010742188,170.58999633789062,171.0,168.71665954589844,169.8633270263672,809400,SOXX
2023-07-05,164.64822387695312,166.82000732421875,169.8000030517578,166.76666259765625,169.4499969482422,2821800,SOXX
2023-07-06,162.57225036621094,164.71665954589844,164.9933319091797,162.63999938964844,163.98666381835938,3454200,SOXX
2023-07-07,162.64134216308594,164.7866668701172,167.4066619873047,164.52000427246094,165.02667236328125,1824300,SOXX
2023-07-10,166.02667236328125,168.21665954589844,168.3633270263672,165.1366729736328,165.30332946777344,1833600,SOXX
2023-07-11,166.0332794189453,168.22332763671875,169.10667419433594,165.79666137695312,168.8000030517578,2370300,SOXX
2023-07-12,169.12582397460938,171.35667419433594,171.6666717529297,169.69332885742188,170.6566619873047,4269300,SOXX
2023-07-13,172.61972045898438,174.89666748046875,175.2933349609375,172.5066680908203,173.17333984375,2791200,SOXX
2023-07-14,170.46153259277344,172.7100067138672,176.48333740234375,171.99667358398438,174.9166717529297,5124900,SOXX
2023-07-17,174.54104614257812,176.8433380126953,177.71665954589844,171.7100067138672,172.77333068847656,2926200,SOXX
2023-07-18,174.8634796142578,177.1699981689453,177.75332641601562,174.70333862304688,176.0833282470703,2669400,SOXX
2023-07-19,172.7875213623047,175.06666564941406,177.52667236328125,174.6300048828125,177.39999389648438,2483400,SOXX
2023-07-20,166.5037384033203,168.6999969482422,172.5399932861328,167.93333435058594,171.94332885742188,5085600,SOXX
2023-07-21,168.00723266601562,170.22332763671875,171.81333923339844,169.27000427246094,170.5366668701172,2527800,SOXX
2023-07-24,168.00064086914062,170.21665954589844,171.42666625976562,169.3333282470703,170.22000122070312,1544400,SOXX
2023-07-25,170.82672119140625,173.0800018310547,174.11000061035156,171.1999969482422,171.1999969482422,1869300,SOXX
2023-07-26,168.4678192138672,170.69000244140625,172.13333129882812,168.82333374023438,170.9199981689453,2618700,SOXX
2023-07-27,171.6360321044922,173.89999389648438,177.5366668701172,172.92666625976562,175.1300048828125,3826500,SOXX
2023-07-28,175.38330078125,177.69667053222656,178.3000030517578,175.47999572753906,177.2133331298828,2821500,SOXX
2023-07-31,176.11033630371094,178.43333435058594,178.9600067138672,177.3300018310547,178.34666442871094,1628400,SOXX
2023-08-01,176.22219848632812,178.54666137695312,178.92333984375,176.25332641601562,176.8000030517578,1343400,SOXX
2023-08-02,169.47784423828125,171.7133331298828,176.32666015625,170.69000244140625,176.27999877929688,4657800,SOXX
2023-08-03,169.0435791015625,171.27333068847656,172.50999450683594,169.02333068847656,169.6566619873047,4354800,SOXX
2023-08-04,168.77706909179688,171.00332641601562,173.3800048828125,169.1199951171875,170.65333557128906,4139400,SOXX
2023-08-07,170.55364990234375,172.80332946777344,173.02333068847656,171.18666076660156,172.23333740234375,2262900,SOXX
2023-08-08,167.83946228027344,170.05332946777344,170.24667358398438,167.77333068847656,170.10333251953125,2767500,SOXX
2023-08-09,164.76007080078125,166.93333435058594,170.00332641601562,166.59666442871094,169.93666076660156,3228000,SOXX
2023-08-10,164.0955047607422,166.25999450683594,170.05332946777344,165.1300048828125,168.26666259765625,3831600,SOXX
2023-08-11,160.1179656982422,162.22999572753906,164.3333282470703,161.93666076660156,164.22000122070312,3882000,SOXX
2023-08-14,164.737060546875,166.91000366210938,166.9499969482422,161.0500030517578,161.60667419433594,3127200,SOXX
2023-08-15,161.98666381835938,164.1233367919922,166.5800018310547,163.93333435058594,166.04666137695312,2276700,SOXX
2023-08-16,158.85134887695312,160.94667053222656,164.11000061035156,160.82000732421875,163.94667053222656,2840100,SOXX
2023-08-17,157.29847717285156,159.3733367919922,161.61000061035156,158.8699951171875,161.24667358398438,2624400,SOXX
2023-08-18,158.14401245117188,160.22999572753906,160.80332946777344,157.30667114257812,157.6366729736328,2315700,SOXX
2023-08-21,162.68739318847656,164.8333282470703,165.07666015625,160.72999572753906,160.98666381835938,2757900,SOXX
2023-08-22,161.2530059814453,163.3800048828125,167.05332946777344,162.82333374023438,166.85000610351562,2055300,SOXX
2023-08-23,164.5495147705078,166.72000122070312,167.30667114257812,162.25332641601562,162.43666076660156,3027300,SOXX
2023-08-24,159.1112518310547,161.2100067138672,169.9566650390625,160.8433380126953,169.86666870117188,4848600,SOXX
2023-08-25,159.79554748535156,161.90333557128906,163.2899932861328,158.6666717529297,161.1699981689453,3435900,SOXX
2023-08-28,161.81886291503906,163.95333862304688,164.4066619873047,162.28334045410156,163.49667358398438,1689300,SOXX
2023-08-29,166.0694580078125,168.25999450683594,168.81333923339844,162.89666748046875,163.13333129882812,2730000,SOXX
2023-08-30,166.85244750976562,169.05332946777344,169.74667358398438,166.55667114257812,167.7566680908203,3073800,SOXX
2023-08-31,168.00723266601562,170.22332763671875,171.20333862304688,168.44332885742188,168.44332885742188,2109000,SOXX
2023-09-01,168.44479370117188,170.6666717529297,171.75,169.43333435058594,171.36000061035156,1891200,SOXX
2023-09-05,168.38888549804688,170.61000061035156,171.94667053222656,169.14999389648438,170.06333923339844,1871100,SOXX
2023-09-06,167.17156982421875,169.3766632080078,171.25999450683594,167.47332763671875,170.13333129882812,2008200,SOXX
2023-09-07,163.34539794921875,165.5,165.97332763671875,163.413330078125,165.49000549316406,3877500,SOXX
2023-09-08,162.49986267089844,164.64332580566406,166.35000610351562,163.9566650390625,165.14999389648438,1333800,SOXX
2023-09-11,162.4077606201172,164.5500030517578,166.74000549316406,162.3300018310547,166.7100067138672,1422900,SOXX
2023-09-12,161.02928161621094,163.15333557128906,165.93666076660156,163.0366668701172,163.4633331298828,1720500,SOXX
2023-09-13,161.85507202148438,163.99000549316406,165.64666748046875,162.93333435058594,163.10667419433594,2927700,SOXX
2023-09-14,163.01312255859375,165.163330078125,165.85667419433594,163.60000610351562,165.5800018310547,2022000,SOXX
2023-09-15,158.30850219726562,160.39666748046875,164.18333435058594,159.5833282470703,164.18333435058594,2901000,SOXX
2023-09-18,158.84803771972656,160.94332885742188,161.53334045410156,158.8433380126953,159.1666717529297,1722600,SOXX
2023-09-19,157.509033203125,159.586669921875,160.5500030517578,158.73666381835938,160.4633331298828,1553700,SOXX
2023-09-20,154.92315673828125,156.96665954589844,160.98666381835938,156.913330078125,160.31333923339844,2122800,SOXX
2023-09-21,152.064208984375,154.07000732421875,156.0800018310547,154.0,155.0933380126953,2532900,SOXX
2023-09-22,153.33084106445312,155.35333251953125,156.90333557128906,154.7433319091797,155.5366668701172,2395500,SOXX
2023-09-25,154.45269775390625,156.49000549316406,156.63333129882812,153.91000366210938,154.6266632080078,1587600,SOXX
2023-09-26,151.6482696533203,153.10333251953125,155.05999755859375,152.42333984375,154.6666717529297,2349000,SOXX
2023-09-27,152.98545837402344,154.45333862304688,155.61666870117188,152.1566619873047,154.35667419433594,2727300,SOXX
2023-09-28,155.81826782226562,157.31333923339844,158.97332763671875,153.49667358398438,154.13333129882812,3674400,SOXX
2023-09-29,156.38284301757812,157.88333129882812,160.1666717529297,157.39666748046875,159.58999633789062,2802600,SOXX
2023-10-02,157.17193603515625,158.67999267578125,159.92999267578125,156.7566680908203,158.22666931152344,2466600,SOXX
2023-10-03,153.9197998046875,155.39666748046875,159.41000366210938,154.3000030517578,157.20333862304688,2685900,SOXX
2023-10-04,155.96353149414062,157.4600067138672,157.93333435058594,155.01333618164062,156.15333557128906,3280200,SOXX
2023-10-05,155.20745849609375,156.69667053222656,158.10667419433594,155.25,157.5,1902300,SOXX
2023-10-06,158.54214477539062,160.06333923339844,160.8433380126953,154.86000061035156,155.88999938964844,3818700,SOXX
2023-10-09,158.14593505859375,159.663330078125,160.1133270263672,157.1699981689453,158.3866729736328,2082000,SOXX
2023-10-10,160.1731414794922,161.7100067138672,163.14999389648438,159.5,160.16000366210938,1863300,SOXX
2023-10-11,161.3782501220703,162.92666625976562,163.2566680908203,160.99000549316406,162.26333618164062,2983200,SOXX
2023-10-12,161.79095458984375,163.3433380126953,165.68666076660156,161.77000427246094,163.19667053222656,3051600,SOXX
2023-10-13,157.3865509033203,158.89666748046875,163.86000061035156,158.58999633789062,163.6699981689453,2544900,SOXX
2023-10-16,159.6151580810547,161.14666748046875,161.7433319091797,159.27667236328125,159.43333435058594,1732500,SOXX
2023-10-17,158.4496612548828,159.97000122070312,161.11000061035156,156.11000061035156,157.92999267578125,2450100,SOXX
2023-10-18,155.59373474121094,157.086669921875,158.43333435058594,156.2566680908203,157.23666381835938,2865900,SOXX
2023-10-19,153.19676208496094,154.6666717529297,158.94332885742188,154.11000061035156,158.51666259765625,4398300,SOXX
2023-10-20,150.98133850097656,152.42999267578125,155.74667358398438,152.15333557128906,154.6566619873047,3013200,SOXX
2023-10-23,150.12290954589844,151.56333923339844,154.17333984375,149.9166717529297,151.52667236328125,2846100,SOXX
2023-10-24,152.16000366210938,153.6199951171875,153.9199981689453,151.77000427246094,152.48666381835938,2233500,SOXX
2023-10-25,146.00906372070312,147.41000366210938,152.10000610351562,146.6366729736328,151.58999633789062,3244200,SOXX
2023-10-26,145.14071655273438,146.53334045410156,149.79666137695312,145.8699951171875,148.06333923339844,4508100,SOXX
2023-10-27,146.702392578125,148.11000061035156,149.50999450683594,147.43333435058594,148.6133270263672,2436900,SOXX
2023-10-30,144.7379150390625,146.1266632080078,147.99667358398438,144.5399932861328,147.05332946777344,2743200,SOXX
2023-10-31,146.06185913085938,147.4633331298828,147.8433380126953,144.40333557128906,146.25332641601562,1911600,SOXX
2023-11-01,149.4989013671875,150.93333435058594,151.07000732421875,147.47999572753906,147.47999572753906,3542100,SOXX
2023-11-02,152.89630126953125,154.3633270263672,155.46665954589844,152.35333251953125,153.92999267578125,2726700,SOXX
2023-11-03,156.91439819335938,158.4199981689453,159.57000732421875,155.78334045410156,156.07333374023438,2326800,SOXX
2023-11-06,156.62387084960938,158.1266632080078,159.11666870117188,156.6300048828125,158.67666625976562,1740000,SOXX
2023-11-07,157.6209716796875,159.13333129882812,159.8300018310547,157.5366668701172,157.77999877929688,1556400,SOXX
2023-11-08,157.77944946289062,159.2933349609375,160.0399932861328,158.19332885742188,159.28334045410156,2233800,SOXX
2023-11-09,157.02337646484375,158.52999877929688,162.24000549316406,158.2100067138672,160.3333282470703,2383200,SOXX
2023-11-10,163.35592651367188,164.92333984375,165.43666076660156,159.85333251953125,160.51666259765625,2229000,SOXX
2023-11-13,161.76454162597656,163.31666564941406,163.8766632080078,162.25332641601562,163.6266632080078,1956000,SOXX
2023-11-14,167.7471466064453,169.35667419433594,169.86000061035156,167.1566619873047,167.44667053222656,2765100,SOXX
2023-11-15,168.9654541015625,170.586669921875,171.86000061035156,169.3000030517578,170.41000366210938,5104800,SOXX
2023-11-16,169.04798889160156,170.6699981689453,171.17666625976562,169.29666137695312,169.8699951171875,2275500,SOXX
2023-11-17,170.236572265625,171.8699951171875,172.20333862304688,169.86000061035156,170.13999938964844,1815300,SOXX
2023-11-20,172.745849609375,174.40333557128906,175.0,171.6266632080078,171.68333435058594,1482000,SOXX
2023-11-21,169.51681518554688,171.14332580566406,172.97332763671875,170.26333618164062,172.97332763671875,3018600,SOXX
2023-11-22,170.0583038330078,171.69000244140625,174.40333557128906,171.2100067138672,172.2866668701172,2044200,SOXX
2023-11-24,170.18045043945312,171.81333923339844,172.0066680908203,171.07666015625,171.67999267578125,516600,SOXX
2023-11-27,169.94273376464844,171.57333374023438,173.02999877929688,170.75,171.17666625976562,1816800,SOXX
2023-11-28,168.94894409179688,170.57000732421875,171.47332763671875,169.1999969482422,170.58999633789062,1852200,SOXX
2023-11-29,170.78134155273438,172.4199981689453,175.00999450683594,172.1300048828125,172.98666381835938,3665700,SOXX
2023-11-30,169.58944702148438,171.21665954589844,172.8633270263672,169.836669921875,172.69000244140625,2419500,SOXX
2023-12-01,170.38516235351562,172.02000427246094,172.33999633789062,169.0,170.3300018310547,1719600,SOXX
2023-12-04,168.476806640625,170.0933380126953,170.44000244140625,167.63999938964844,170.26666259765625,1810500,SOXX
2023-12-05,167.51931762695312,169.1266632080078,169.57666015625,167.72332763671875,168.4633331298828,2568300,SOXX
2023-12-06,166.48590087890625,168.0833282470703,171.67999267578125,167.8866729736328,171.5833282470703,2683500,SOXX
2023-12-07,170.9497528076172,172.58999633789062,173.1233367919922,168.99000549316406,169.6666717529297,1916700,SOXX
2023-12-08,172.30010986328125,173.95333862304688,174.7133331298828,172.11000061035156,172.18333435058594,4207200,SOXX
2023-12-11,178.1770477294922,179.8866729736328,180.44667053222656,175.39666748046875,175.5833282470703,3977100,SOXX
2023-12-12,179.46141052246094,181.18333435058594,181.2100067138672,178.663330078125,178.97999572753906,2226600,SOXX
2023-12-13,182.22486877441406,183.97332763671875,185.02333068847656,180.5366668701172,181.2100067138672,5724900,SOXX
2023-12-14,187.27642822265625,189.07333374023438,189.60667419433594,185.4600067138672,185.4600067138672,3372300,SOXX
2023-12-15,187.97308349609375,189.77667236328125,191.91000366210938,189.36666870117188,189.6266632080078,3956100,SOXX
2023-12-18,187.45140075683594,189.25,190.086669921875,187.52667236328125,189.77333068847656,2272200,SOXX
2023-12-19,188.45179748535156,190.25999450683594,190.64332580566406,189.27999877929688,189.52000427246094,1910100,SOXX
2023-12-20,182.86532592773438,184.2566680908203,189.56333923339844,184.2566680908203,188.46665954589844,3355800,SOXX
2023-12-21,187.9268341064453,189.35667419433594,189.70333862304688,187.3633270263672,188.24000549316406,2589300,SOXX
2023-12-22,188.5288848876953,189.9633331298828,191.10000610351562,188.61000061035156,190.25999450683594,2363400,SOXX
2023-12-26,191.86021423339844,193.32000732421875,194.086669921875,190.8333282470703,190.8333282470703,1906500,SOXX
2023-12-27,192.35313415527344,193.81666564941406,194.53334045410156,192.74667358398438,194.20333862304688,1877400,SOXX
2023-12-28,191.99253845214844,193.45333862304688,194.6366729736328,193.1999969482422,194.26666259765625,1053000,SOXX
2023-12-29,190.58323669433594,192.03334045410156,193.8800048828125,191.0,193.4933319091797,1452300,SOXX
2024-01-02,183.71881103515625,185.11666870117188,188.78334045410156,183.5433349609375,188.78334045410156,3256800,SOXX
2024-01-03,179.77215576171875,181.13999938964844,182.8733367919922,180.42333984375,181.8433380126953,4069800,SOXX
2024-01-04,178.26034545898438,179.61666870117188,181.44332885742188,177.8800048828125,178.27999877929688,3737100,SOXX
2024-01-05,179.2494659423828,180.6133270263672,182.1999969482422,179.3866729736328,179.95333862304688,3888900,SOXX
2024-01-08,185.08840942382812,186.49667358398438,186.98333740234375,181.80667114257812,181.85667419433594,3202200,SOXX
2024-01-09,185.15126037597656,186.55999755859375,187.9933319091797,184.11666870117188,184.39332580566406,2944200,SOXX
2024-01-10,184.52931213378906,185.93333435058594,187.02333068847656,183.5833282470703,186.98333740234375,2821800,SOXX
2024-01-11,185.21080017089844,186.6199951171875,187.8333282470703,182.97332763671875,186.19667053222656,3692100,SOXX
2024-01-12,184.3936767578125,185.79666137695312,187.77667236328125,184.89666748046875,186.8699951171875,2277000,SOXX
2024-01-16,187.0071258544922,188.42999267578125,189.70333862304688,185.07000732421875,186.02667236328125,4151400,SOXX
2024-01-17,185.29351806640625,186.70333862304688,186.92333984375,183.5366668701172,186.5066680908203,4971000,SOXX
2024-01-18,191.41030883789062,192.86666870117188,193.1199951171875,189.80999755859375,191.8866729736328,3552000,SOXX
2024-01-19,198.89666748046875,200.41000366210938,200.6699981689453,194.30332946777344,195.29666137695312,5326800,SOXX
2024-01-22,199.54835510253906,201.06666564941406,203.69332885742188,199.22332763671875,202.07000732421875,5288400,SOXX
2024-01-23,200.87161254882812,202.39999389648438,202.63999938964844,199.22999572753906,201.13999938964844,3282000,SOXX
2024-01-24,203.79605102539062,205.34666442871094,208.07666015625,203.13333129882812,204.73666381835938,6283800,SOXX
2024-01-25,203.23036193847656,204.77667236328125,209.26333618164062,203.7433319091797,209.1266632080078,3916800,SOXX
2024-01-26,197.75204467773438,199.2566680908203,201.9499969482422,198.56666564941406,200.586669921875,5781300,SOXX
2024-01-29,199.8097381591797,201.3300018310547,201.3300018310547,198.19000244140625,199.64999389648438,3467400,SOXX
2024-01-30,196.7232208251953,198.22000122070312,201.35333251953125,197.39332580566406,200.1266632080078,3059100,SOXX
2024-01-31,193.8748779296875,195.35000610351562,198.92333984375,193.60667419433594,195.13999938964844,6573600,SOXX
2024-02-01,194.83424377441406,196.31666564941406,196.80332946777344,193.74667358398438,196.13999938964844,3464100,SOXX
2024-02-02,197.3219757080078,198.82333374023438,199.28334045410156,195.77667236328125,196.30999755859375,4801200,SOXX
2024-02-05,200.01812744140625,201.5399932861328,202.5433349609375,198.30999755859375,200.52000427246094,4735200,SOXX
2024-02-06,197.68588256835938,199.19000244140625,202.26666259765625,196.95333862304688,202.11000061035156,3624000,SOXX
2024-02-07,200.70953369140625,202.23666381835938,202.42666625976562,198.51333618164062,200.60000610351562,4839300,SOXX
2024-02-08,204.1599578857422,205.7133331298828,207.1999969482422,202.79666137695312,202.8733367919922,2760900,SOXX
2024-02-09,208.22569274902344,209.80999755859375,210.14332580566406,205.75,206.96665954589844,3518700,SOXX
2024-02-12,207.84854125976562,209.42999267578125,213.30667114257812,208.586669921875,209.8333282470703,4299900,SOXX
2024-02-13,203.57772827148438,205.1266632080078,207.34666442871094,202.36666870117188,203.35667419433594,6551400,SOXX
2024-02-14,208.1760711669922,209.75999450683594,209.86666870117188,206.85333251953125,207.7566680908203,3236400,SOXX
2024-02-15,207.97755432128906,209.55999755859375,211.3800048828125,208.6300048828125,211.1233367919922,2845500,SOXX
2024-02-16,206.79986572265625,208.3733367919922,212.75,207.7566680908203,211.13333129882812,4103100,SOXX
2024-02-20,203.31968688964844,204.86666870117188,207.16000366210938,201.7100067138672,206.4199981689453,5547600,SOXX
2024-02-21,202.8532257080078,204.39666748046875,204.44667053222656,201.47999572753906,202.5500030517578,4487400,SOXX
2024-02-22,212.8505096435547,214.47000122070312,215.6266632080078,211.50332641601562,212.44332885742188,6676500,SOXX
2024-02-23,210.55462646484375,212.1566619873047,216.66000366210938,211.02667236328125,215.5500030517578,5105100,SOXX
2024-02-26,212.6321563720703,214.25,215.2066650390625,212.75999450683594,214.29666137695312,3759000,SOXX
2024-02-27,212.42044067382812,214.0366668701172,215.8333282470703,213.48333740234375,215.28334045410156,4560900,SOXX
2024-02-28,210.03195190429688,211.6300048828125,212.75999450683594,210.6366729736328,211.6666717529297,2923800,SOXX
2024-02-29,215.72198486328125,217.3633270263672,217.8000030517578,213.5833282470703,214.25332641601562,3382800,SOXX
2024-03-01,224.90213012695312,226.6133270263672,227.58999633789062,219.6266632080078,219.8766632080078,6123000,SOXX
2024-03-04,227.1119842529297,228.83999633789062,231.3433380126953,227.57666015625,229.1266632080078,7328400,SOXX
2024-03-05,222.65919494628906,224.35333251953125,227.64332580566406,221.89332580566406,226.07333374023438,7260000,SOXX
2024-03-06,228.1309051513672,229.86666870117188,232.28334045410156,227.31333923339844,229.02667236328125,5531700,SOXX
2024-03-07,235.9547119140625,237.75,238.7100067138672,232.64999389648438,232.7899932861328,4799600,SOXX
2024-03-08,226.4073486328125,228.1300048828125,240.00999450683594,227.97000122070312,238.5500030517578,10473200,SOXX
2024-03-11,223.40025329589844,225.10000610351562,226.7899932861328,222.52000427246094,225.5,4499800,SOXX
2024-03-12,228.03497314453125,229.77000427246094,229.88999938964844,223.99000549316406,227.97999572753906,3598400,SOXX
2024-03-13,222.47726440429688,224.1699981689453,227.3699951171875,222.80999755859375,227.0500030517578,3264600,SOXX
2024-03-14,218.67616271972656,220.33999633789062,224.83999633789062,218.1199951171875,223.57000732421875,4662100,SOXX
2024-03-15,217.10812377929688,218.75999450683594,221.3699951171875,217.10000610351562,217.39999389648438,4104100,SOXX
2024-03-18,216.93939208984375,218.58999633789062,223.33999633789062,218.3699951171875,222.5,3143300,SOXX
2024-03-19,215.12319946289062,216.75999450683594,217.69000244140625,212.64999389648438,215.75,3558700,SOXX
2024-03-20,218.78533935546875,220.4499969482422,221.02999877929688,215.52999877929688,217.27999877929688,3386600,SOXX
2024-03-21,223.7079315185547,225.17999267578125,229.27999877929688,224.75999450683594,227.3699951171875,4059800,SOXX
2024-03-22,223.97618103027344,225.4499969482422,227.10000610351562,223.4499969482422,224.16000366210938,2658100,SOXX
2024-03-25,223.1019287109375,224.57000732421875,226.61000061035156,221.7100067138672,222.25,2283500,SOXX
2024-03-26,221.42298889160156,222.8800048828125,226.8800048828125,222.8300018310547,226.19000244140625,4414200,SOXX
2024-03-27,224.2046661376953,225.67999267578125,225.75999450683594,221.39999389648438,225.38999938964844,4161700,SOXX
2024-03-28,224.443115234375,225.9199981689453,227.0,224.91000366210938,225.4199981689453,1794300,SOXX
2024-04-01,226.8075408935547,228.3000030517578,231.4499969482422,226.05999755859375,226.05999755859375,3000900,SOXX
2024-04-02,223.31057739257812,224.77999877929688,225.25999450683594,222.39999389648438,224.5399932861328,2383500,SOXX
2024-04-03,223.93643188476562,225.41000366210938,226.99000549316406,222.13999938964844,222.1699981689453,1860600,SOXX
2024-04-04,217.59814453125,219.02999877929688,229.1699981689453,218.55999755859375,228.50999450683594,3744000,SOXX
2024-04-05,220.18115234375,221.6300048828125,223.0,218.5800018310547,220.0,2426700,SOXX
2024-04-08,220.74742126464844,222.1999969482422,224.11000061035156,221.30999755859375,222.94000244140625,1866900,SOXX
2024-04-09,223.12179565429688,224.58999633789062,225.3000030517578,220.75999450683594,224.44000244140625,3173000,SOXX
2024-04-10,219.04861450195312,220.49000549316406,223.42999267578125,219.22999572753906,220.83999633789062,3610500,SOXX
2024-04-11,223.9960479736328,225.47000122070312,225.8699951171875,220.05999755859375,221.8800048828125,2455300,SOXX
2024-04-12,216.64443969726562,218.07000732421875,221.75999450683594,217.63999938964844,221.49000549316406,3208000,SOXX
2024-04-15,213.9024658203125,215.30999755859375,221.86000061035156,214.24000549316406,221.0500030517578,3170800,SOXX
2024-04-16,215.52182006835938,216.94000244140625,218.0,214.50999450683594,215.39999389648438,2452300,SOXX
2024-04-17,208.98483276367188,210.36000061035156,217.44000244140625,209.89999389648438,217.10000610351562,4798600,SOXX
2024-04-18,205.2792205810547,206.6300048828125,210.22999572753906,205.97000122070312,208.86000061035156,5372700,SOXX
2024-04-19,197.0930938720703,198.38999938964844,206.1199951171875,197.42999267578125,204.8000030517578,6299500,SOXX
2024-04-22,200.34170532226562,201.66000366210938,203.11000061035156,198.02000427246094,200.44000244140625,4493800,SOXX
2024-04-23,204.52418518066406,205.8699951171875,206.86000061035156,202.5,203.0500030517578,3645400,SOXX
2024-04-24,207.1767120361328,208.5399932861328,212.5,206.74000549316406,211.3800048828125,4077600,SOXX
2024-04-25,211.0214385986328,212.41000366210938,213.8300018310547,206.92999267578125,208.0399932861328,3902900,SOXX
2024-04-26,215.48208618164062,216.89999389648438,217.82000732421875,211.66000366210938,212.14999389648438,3812600,SOXX
2024-04-29,217.12127685546875,218.5500030517578,218.75999450683594,214.97000122070312,216.52000427246094,3247300,SOXX
2024-04-30,212.59109497070312,213.99000549316406,220.0,213.92999267578125,217.60000610351562,3583500,SOXX
2024-05-01,205.40835571289062,206.75999450683594,213.83999633789062,205.58999633789062,210.00999450683594,7023200,SOXX
2024-05-02,210.0279541015625,211.41000366210938,212.16000366210938,206.52000427246094,210.3000030517578,3955500,SOXX
2024-05-03,214.7568359375,216.1699981689453,217.41000366210938,214.47999572753906,215.85000610351562,3467100,SOXX
2024-05-06,219.21751403808594,220.66000366210938,220.67999267578125,217.16000366210938,218.00999450683594,2441500,SOXX
2024-05-07,217.28025817871094,218.7100067138672,221.57000732421875,218.7100067138672,220.97999572753906,2859500,SOXX
2024-05-08,217.48886108398438,218.9199981689453,219.1300048828125,216.3699951171875,216.60000610351562,3212000,SOXX
2024-05-09,216.6742401123047,218.10000610351562,219.33999633789062,217.05999755859375,218.92999267578125,1874300,SOXX
2024-05-10,218.8002471923828,220.24000549316406,222.4199981689453,219.27000427246094,220.49000549316406,3079200,SOXX
2024-05-13,219.25723266601562,220.6999969482422,222.0800018310547,220.3300018310547,221.1999969482422,1843200,SOXX
2024-05-14,222.9032440185547,224.3699951171875,224.55999755859375,220.32000732421875,220.52999877929688,2149400,SOXX
2024-05-15,229.16204833984375,230.6699981689453,230.82000732421875,225.5,226.75,3106200,SOXX
2024-05-16,228.0394287109375,229.5399932861328,232.44000244140625,229.4600067138672,230.6199951171875,2878400,SOXX
2024-05-17,226.74795532226562,228.24000549316406,231.39999389648438,226.4199981689453,231.0,1806100,SOXX
2024-05-20,231.73512268066406,233.25999450683594,234.72000122070312,228.85000610351562,229.27000427246094,2555300,SOXX
2024-05-21,230.99000549316406,232.50999450683594,232.88999938964844,230.07000732421875,230.17999267578125,2178700,SOXX
2024-05-22,233.7021942138672,235.24000549316406,235.85000610351562,232.80999755859375,234.6699981689453,3488500,SOXX
2024-05-23,232.3908233642578,233.9199981689453,240.9199981689453,232.16000366210938,240.8300018310547,4704800,SOXX
2024-05-24,237.00047302246094,238.55999755859375,239.35000610351562,235.0,236.0399932861328,2448500,SOXX
2024-05-28,241.00413513183594,242.58999633789062,243.6300048828125,238.85000610351562,241.35000610351562,2824200,SOXX
2024-05-29,236.02688598632812,237.5800018310547,239.17999267578125,237.25999450683594,238.1300048828125,2061100,SOXX
2024-05-30,234.3876495361328,235.92999267578125,238.3300018310547,234.69000244140625,237.64999389648438,1541100,SOXX
2024-05-31,232.48019409179688,234.00999450683594,237.36000061035156,227.5,236.77999877929688,2991000,SOXX
2024-06-03,232.8577423095703,234.38999938964844,237.9499969482422,230.1999969482422,237.8000030517578,1815900,SOXX
2024-06-04,231.03968811035156,232.55999755859375,234.36000061035156,230.7899932861328,234.0,2246900,SOXX
2024-06-05,241.1431884765625,242.72999572753906,242.88999938964844,235.86000061035156,236.6999969482422,3749400,SOXX
2024-06-06,239.16622924804688,240.74000549316406,242.97000122070312,238.94000244140625,242.97000122070312,2261300,SOXX
2024-06-07,238.45094299316406,240.02000427246094,241.5500030517578,238.35000610351562,240.83999633789062,2052600,SOXX
2024-06-10,241.8883056640625,243.47999572753906,244.1699981689453,237.8300018310547,238.16000366210938,1828500,SOXX
2024-06-11,242.08724975585938,243.3699951171875,243.7100067138672,239.5,241.89999389648438,1662100,SOXX
2024-06-12,248.91110229492188,250.22999572753906,251.16000366210938,247.1699981689453,247.6999969482422,3101600,SOXX
2024-06-13,251.6167755126953,252.9499969482422,254.0800018310547,249.50999450683594,252.05999755859375,3469400,SOXX
2024-06-14,250.71156311035156,252.0399932861328,252.77999877929688,249.72999572753906,250.8000030517578,2567600,SOXX
2024-06-17,254.6705780029297,256.0199890136719,256.5,250.6199951171875,253.72999572753906,3057900,SOXX
2024-06-18,257.91339111328125,259.2799987792969,260.6499938964844,256.489990234375,257.0,3071500,SOXX
2024-06-20,250.9105224609375,252.24000549316406,260.1199951171875,250.82000732421875,259.6600036621094,3921500,SOXX
2024-06-21,248.46347045898438,249.77999877929688,252.69000244140625,246.94000244140625,250.13999938964844,3196200,SOXX
2024-06-24,241.3710479736328,242.64999389648438,249.0399932861328,242.52000427246094,247.52999877929688,3958300,SOXX
2024-06-25,245.08139038085938,246.3800048828125,246.52000427246094,241.7899932861328,244.60000610351562,2600600,SOXX
2024-06-26,244.12644958496094,245.4199981689453,247.66000366210938,242.7100067138672,246.2100067138672,1933800,SOXX
2024-06-27,242.87310791015625,244.16000366210938,246.75,242.6999969482422,244.94000244140625,2363600,SOXX
2024-06-28,245.33009338378906,246.6300048828125,251.4600067138672,244.6699981689453,245.85000610351562,3851300,SOXX
2024-07-01,245.32012939453125,246.6199951171875,246.91000366210938,241.97000122070312,246.49000549316406,2330400,SOXX
2024-07-02,248.77183532714844,250.08999633789062,250.1699981689453,245.0,245.1999969482422,1617400,SOXX
2024-07-03,252.91986083984375,254.25999450683594,255.5800018310547,249.3800048828125,250.72000122070312,1392200,SOXX
2024-07-05,253.41722106933594,254.75999450683594,256.8299865722656,253.27999877929688,256.2799987792969,1823900,SOXX
2024-07-08,258.2217712402344,259.5899963378906,259.8999938964844,256.69000244140625,256.7099914550781,2295500,SOXX
2024-07-09,258.1024169921875,259.4700012207031,262.0799865722656,257.1300048828125,260.75,2374700,SOXX
2024-07-10,264.09063720703125,265.489990234375,266.0,260.5799865722656,261.8699951171875,3075800,SOXX
2024-07-11,255.40670776367188,256.760009765625,267.239990234375,255.97000122070312,267.1499938964844,4689600,SOXX
2024-07-12,258.52020263671875,259.8900146484375,264.4200134277344,256.55999755859375,257.8399963378906,2929500,SOXX
2024-07-15,258.80865478515625,260.17999267578125,263.6300048828125,258.5899963378906,261.3500061035156,3202200,SOXX
2024-07-16,260.4101867675781,261.7900085449219,262.1400146484375,257.5899963378906,261.5299987792969,2595100,SOXX
2024-07-17,241.8883056640625,243.1699981689453,253.66000366210938,242.77999877929688,252.75,9101600,SOXX
2024-07-18,242.6144561767578,243.89999389648438,247.52000427246094,239.64999389648438,247.41000366210938,5274000,SOXX
2024-07-19,235.1938018798828,236.44000244140625,243.6999969482422,236.0399932861328,243.55999755859375,4983500,SOXX
2024-07-22,244.94215393066406,246.24000549316406,246.44000244140625,239.5,241.52000427246094,4941700,SOXX
2024-07-23,241.29148864746094,242.57000732421875,245.0800018310547,241.83999633789062,242.88999938964844,2418700,SOXX
2024-07-24,228.45947265625,229.6699981689453,239.88999938964844,229.35000610351562,239.25999450683594,5738900,SOXX
2024-07-25,223.366455078125,224.5500030517578,232.05999755859375,220.6300048828125,227.7100067138672,8437600,SOXX
2024-07-26,228.1610565185547,229.3699951171875,231.2100067138672,226.91000366210938,229.6699981689453,3805500,SOXX
2024-07-29,227.68357849121094,228.88999938964844,234.8300018310547,228.02999877929688,231.60000610351562,2926800,SOXX
2024-07-30,219.41737365722656,220.5800018310547,230.55999755859375,219.82000732421875,230.0,8083500,SOXX
2024-07-31,234.13937377929688,235.3800048828125,235.60000610351562,228.97000122070312,230.72000122070312,7494100,SOXX
2024-08-01,217.26876831054688,218.4199981689453,233.2100067138672,215.58999633789062,231.39999389648438,8576300,SOXX
2024-08-02,205.71995544433594,206.80999755859375,211.4499969482422,204.2100067138672,209.05999755859375,13105400,SOXX
2024-08-05,202.0891876220703,203.16000366210938,208.67999267578125,192.8699951171875,193.08999633789062,9247100,SOXX
2024-08-06,203.91949462890625,205.0,210.47999572753906,201.74000549316406,205.05999755859375,6602300,SOXX
2024-08-07,198.2395782470703,199.2899932861328,213.17999267578125,198.85000610351562,211.5,5292500,SOXX
2024-08-08,211.91712951660156,213.0399932861328,213.25999450683594,201.24000549316406,205.47000122070312,6243200,SOXX
2024-08-09,210.66375732421875,211.77999877929688,213.67999267578125,208.75,211.49000549316406,3454500,SOXX
2024-08-12,211.87733459472656,213.0,215.5500030517578,210.3000030517578,212.10000610351562,4365200,SOXX
2024-08-13,220.4817352294922,221.64999389648438,221.97999572753906,214.6699981689453,215.99000549316406,4525400,SOXX
2024-08-14,219.92469787597656,221.08999633789062,224.5399932861328,217.49000549316406,223.64999389648438,3769900,SOXX
2024-08-15,230.49867248535156,231.72000122070312,232.6199951171875,225.0399932861328,226.07000732421875,4332100,SOXX
2024-08-16,230.01123046875,231.22999572753906,232.22000122070312,228.02999877929688,229.58999633789062,3966100,SOXX
2024-08-19,233.9205322265625,235.16000366210938,235.1999969482422,227.66000366210938,230.3300018310547,2197800,SOXX
2024-08-20,230.82691955566406,232.0500030517578,235.5500030517578,230.27000427246094,233.9499969482422,2587700,SOXX
2024-08-21,234.09957885742188,235.33999633789062,236.50999450683594,232.63999938964844,233.2100067138672,1832200,SOXX
2024-08-22,226.10195922851562,227.3000030517578,237.5,226.6199951171875,236.6999969482422,2969600,SOXX
2024-08-23,232.1598663330078,233.38999938964844,235.0,229.6999969482422,230.9199981689453,3452900,SOXX
2024-08-26,226.33074951171875,227.52999877929688,233.2100067138672,226.6999969482422,232.47000122070312,2148200,SOXX
2024-08-27,228.8374786376953,230.0500030517578,230.80999755859375,223.80999755859375,225.8800048828125,2024700,SOXX
2024-08-28,224.70932006835938,225.89999389648438,230.6999969482422,223.6199951171875,229.08999633789062,3480000,SOXX
2024-08-29,224.06277465820312,225.25,231.02000427246094,224.2100067138672,227.10000610351562,4084600,SOXX
2024-08-30,229.92172241210938,231.13999938964844,231.75,227.27999877929688,230.55999755859375,3249700,SOXX
2024-09-03,212.37469482421875,213.5,226.8300018310547,212.27999877929688,226.8000030517578,7214300,SOXX
2024-09-04,213.07101440429688,214.1999969482422,217.49000549316406,210.52000427246094,211.11000061035156,4435800,SOXX
2024-09-05,211.9270782470703,213.0500030517578,216.3800048828125,210.86000061035156,211.1999969482422,3988300,SOXX
2024-09-06,202.85513305664062,203.92999267578125,211.61000061035156,202.86000061035156,211.4499969482422,5596300,SOXX
2024-09-09,206.86390686035156,207.9600067138672,208.67999267578125,204.55999755859375,207.24000549316406,4078600,SOXX
2024-09-10,209.0423583984375,210.14999389648438,210.3800048828125,204.9600067138672,208.33999633789062,2390600,SOXX
2024-09-11,218.75091552734375,219.91000366210938,220.33999633789062,207.1699981689453,211.58999633789062,6521400,SOXX
2024-09-12,217.78602600097656,218.94000244140625,220.97000122070312,215.6300048828125,218.6999969482422,4739600,SOXX
2024-09-13,221.67543029785156,222.85000610351562,223.4499969482422,220.32000732421875,220.85000610351562,5268000,SOXX
2024-09-16,218.72108459472656,219.8800048828125,221.0,217.0399932861328,219.6699981689453,2469800,SOXX
2024-09-17,218.98963928222656,220.14999389648438,223.1699981689453,218.22999572753906,222.64999389648438,2304100,SOXX
2024-09-18,216.5724639892578,217.72000122070312,224.2100067138672,217.5,221.17999267578125,4671900,SOXX
2024-09-19,225.79359436035156,226.99000549316406,230.05999755859375,224.16000366210938,225.97000122070312,4624700,SOXX
2024-09-20,222.49107360839844,223.6699981689453,225.57000732421875,220.44000244140625,224.7100067138672,4550800,SOXX
2024-09-23,223.35650634765625,224.5399932861328,225.5500030517578,222.9499969482422,224.75,2454200,SOXX
2024-09-24,226.0621795654297,227.25999450683594,228.6300048828125,223.97000122070312,226.5500030517578,4314700,SOXX
2024-09-25,227.61973571777344,228.27000427246094,229.77000427246094,225.85000610351562,225.97999572753906,2191200,SOXX
2024-09-26,235.7564697265625,236.42999267578125,238.3800048828125,230.2899932861328,237.72000122070312,5537400,SOXX
2024-09-27,232.01715087890625,232.67999267578125,237.17999267578125,231.47000122070312,237.14999389648438,2303600,SOXX
2024-09-30,229.93312072753906,230.58999633789062,232.11000061035156,227.3000030517578,229.7899932861328,2693300,SOXX
2024-10-01,223.49151611328125,224.1300048828125,231.1999969482422,222.3300018310547,230.5,3926500,SOXX
2024-10-02,226.50291442871094,227.14999389648438,229.64999389648438,223.25999450683594,224.57000732421875,1762100,SOXX
2024-10-03,227.3106231689453,227.9600067138672,230.8300018310547,225.2100067138672,225.36000061035156,2110700,SOXX
2024-10-04,230.42172241210938,231.0800018310547,232.8800048828125,228.38999938964844,232.49000549316406,2685000,SOXX
2024-10-07,229.79351806640625,230.4499969482422,232.25999450683594,228.77999877929688,229.60000610351562,2006800,SOXX
2024-10-08,232.0570526123047,232.72000122070312,233.5399932861328,228.94000244140625,230.4499969482422,2508500,SOXX
2024-10-09,234.48011779785156,235.14999389648438,235.47999572753906,230.8800048828125,232.49000549316406,2019100,SOXX
2024-10-10,232.8348388671875,233.5,234.7899932861328,230.64999389648438,231.99000549316406,1886400,SOXX
2024-10-11,234.7892608642578,235.4600067138672,236.19000244140625,231.6699981689453,231.7899932861328,4572900,SOXX
2024-10-14,239.11688232421875,239.8000030517578,240.2899932861328,236.80999755859375,236.9600067138672,2142500,SOXX
2024-10-15,226.71231079101562,227.36000061035156,240.47000122070312,225.72000122070312,239.24000549316406,6421200,SOXX
2024-10-16,226.71231079101562,227.36000061035156,230.1199951171875,226.41000366210938,230.1199951171875,3776600,SOXX
2024-10-17,228.49720764160156,229.14999389648438,233.8699951171875,229.14999389648438,233.3000030517578,2407800,SOXX
2024-10-18,228.7066192626953,229.36000061035156,231.30999755859375,228.4199981689453,231.3000030517578,1643700,SOXX
2024-10-21,228.27784729003906,228.92999267578125,229.5399932861328,225.97999572753906,228.44000244140625,2034300,SOXX
2024-10-22,227.43026733398438,228.0800018310547,228.80999755859375,226.27999877929688,227.67999267578125,2476400,SOXX
2024-10-23,225.3960723876953,226.0399932861328,228.50999450683594,222.8699951171875,227.64999389648438,2260000,SOXX
2024-10-24,226.65249633789062,227.3000030517578,228.2100067138672,225.5800018310547,228.07000732421875,2247900,SOXX
2024-10-25,228.92601013183594,229.5800018310547,233.07000732421875,229.3699951171875,229.4499969482422,2209600,SOXX
2024-10-28,229.0655975341797,229.72000122070312,231.30999755859375,228.3699951171875,229.5,1508500,SOXX
2024-10-29,234.69949340820312,235.3699951171875,236.4600067138672,228.86000061035156,229.9199981689453,3135000,SOXX
2024-10-30,226.42315673828125,227.07000732421875,230.74000549316406,226.97999572753906,229.2899932861328,4324400,SOXX
2024-10-31,217.63824462890625,218.25999450683594,224.99000549316406,216.55999755859375,224.89999389648438,6120800,SOXX
2024-11-01,219.95164489746094,220.5800018310547,222.75999450683594,219.30999755859375,220.02000427246094,2130100,SOXX
2024-11-04,218.6852569580078,219.30999755859375,222.4600067138672,218.5,219.92999267578125,1727700,SOXX
2024-11-05,221.2379608154297,221.8699951171875,222.07000732421875,219.13999938964844,219.41000366210938,2273700,SOXX
2024-11-06,227.68951416015625,228.33999633789062,229.1699981689453,224.30999755859375,226.36000061035156,3644000,SOXX
2024-11-07,232.43597412109375,233.10000610351562,233.41000366210938,231.32000732421875,231.8300018310547,3154600,SOXX
2024-11-08,230.700927734375,231.36000061035156,233.19000244140625,230.13999938964844,231.8300018310547,1769200,SOXX
2024-11-11,224.92742919921875,225.57000732421875,229.17999267578125,222.77999877929688,229.17999267578125,4250400,SOXX
2024-11-12,222.47442626953125,223.11000061035156,225.14999389648438,220.14999389648438,224.77999877929688,3259700,SOXX
2024-11-13,217.7479248046875,218.3699951171875,222.1300048828125,217.97000122070312,221.5,3057500,SOXX
2024-11-14,217.61830139160156,218.24000549316406,221.3699951171875,217.83999633789062,220.5,2523600,SOXX
2024-11-15,210.6083221435547,211.2100067138672,215.6699981689453,210.58999633789062,214.57000732421875,4748200,SOXX
2024-11-18,213.33055114746094,213.94000244140625,214.3300018310547,210.24000549316406,211.14999389648438,2444100,SOXX
2024-11-19,213.73939514160156,214.35000610351562,214.80999755859375,212.47000122070312,213.3300018310547,2363400,SOXX
2024-11-20,212.10406494140625,212.7100067138672,213.67999267578125,209.64999389648438,213.07000732421875,3995000,SOXX
2024-11-21,215.46444702148438,216.0800018310547,217.25999450683594,210.89999389648438,215.0500030517578,4245400,SOXX
2024-11-22,215.55418395996094,216.1699981689453,216.6999969482422,214.55999755859375,215.6199951171875,2672600,SOXX
2024-11-25,217.65818786621094,218.27999877929688,220.3000030517578,216.8800048828125,218.97000122070312,2787700,SOXX
2024-11-26,214.83624267578125,215.4499969482422,220.58999633789062,213.77000427246094,220.0,2783900,SOXX
2024-11-27,211.95448303222656,212.55999755859375,214.41000366210938,208.88999938964844,214.25,3122300,SOXX
2024-11-29,214.78639221191406,215.39999389648438,218.02000427246094,214.0800018310547,214.1199951171875,2505300,SOXX
2024-12-02,220.4302520751953,221.05999755859375,222.47000122070312,216.52000427246094,216.6999969482422,3707000,SOXX
2024-12-03,219.18382263183594,219.80999755859375,221.05999755859375,219.02000427246094,219.64999389648438,1914900,SOXX
2024-12-04,222.0855255126953,222.72000122070312,224.32000732421875,221.13999938964844,224.14999389648438,2681200,SOXX
2024-12-05,217.8875274658203,218.50999450683594,222.66000366210938,217.88999938964844,222.3300018310547,2422000,SOXX
2024-12-06,219.20376586914062,219.8300018310547,220.3800048828125,218.0,218.60000610351562,1822900,SOXX
2024-12-09,218.14678955078125,218.77000427246094,221.5399932861328,217.3800048828125,218.5,1574800,SOXX
2024-12-10,212.96160888671875,213.57000732421875,219.5800018310547,212.19000244140625,219.42999267578125,2566600,SOXX
2024-12-11,218.31631469726562,218.94000244140625,220.22999572753906,215.39999389648438,216.72999572753906,3233900,SOXX
2024-12-12,216.62115478515625,217.24000549316406,218.17999267578125,215.4600067138672,217.38999938964844,2680200,SOXX
2024-12-13,222.6638946533203,223.3000030517578,224.66000366210938,220.00999450683594,222.3000030517578,3720600,SOXX
2024-12-16,226.79209899902344,227.44000244140625,228.5800018310547,222.38999938964844,224.00999450683594,4774000,SOXX
2024-12-17,223.5841827392578,223.8699951171875,226.17999267578125,222.55999755859375,224.83999633789062,2397300,SOXX
2024-12-18,215.31475830078125,215.58999633789062,227.16000366210938,213.9499969482422,225.35000610351562,4426000,SOXX
2024-12-19,211.6993865966797,211.97000122070312,216.55999755859375,211.4499969482422,216.08999633789062,3255700,SOXX
2024-12-20,214.54574584960938,214.82000732421875,217.77999877929688,210.3000030517578,210.80999755859375,4681100,SOXX
2024-12-23,221.03746032714844,221.32000732421875,221.60000610351562,216.47000122070312,216.47000122070312,3044300,SOXX
2024-12-24,223.31454467773438,223.60000610351562,223.67999267578125,221.35000610351562,222.77999877929688,1252300,SOXX
2024-12-26,223.24462890625,223.52999877929688,224.9499969482422,221.69000244140625,221.97999572753906,1303500,SOXX
2024-12-27,221.35704040527344,221.63999938964844,222.72000122070312,218.85000610351562,222.19000244140625,1933000,SOXX
2024-12-30,217.0026092529297,217.27999877929688,219.30999755859375,215.6699981689453,217.83999633789062,2566900,SOXX
2024-12-31,215.2148895263672,215.49000549316406,218.82000732421875,214.63999938964844,217.92999267578125,1354500,SOXX
2025-01-02,216.54319763183594,216.82000732421875,220.22000122070312,214.9600067138672,217.67999267578125,2409100,SOXX
2025-01-03,222.18597412109375,222.47000122070312,223.0399932861328,217.9600067138672,218.25,2623200,SOXX
2025-01-06,228.61776733398438,228.91000366210938,231.8000030517578,227.25999450683594,227.25999450683594,4176500,SOXX
2025-01-07,225.50173950195312,225.7899932861328,231.88999938964844,224.55999755859375,231.6999969482422,3694800,SOXX
2025-01-08,223.25460815429688,223.5399932861328,225.4600067138672,221.11000061035156,225.0500030517578,3141400,SOXX
2025-01-10,217.9214324951172,218.1999969482422,220.8800048828125,216.77999877929688,220.74000549316406,4038000,SOXX
2025-01-13,217.25228881835938,217.52999877929688,217.83999633789062,213.66000366210938,213.85000610351562,2310000,SOXX
2025-01-14,218.6804656982422,218.9600067138672,220.75,216.1199951171875,219.35000610351562,1492800,SOXX
2025-01-15,222.92503356933594,223.2100067138672,224.64999389648438,221.6699981689453,222.47999572753906,2900200,SOXX
2025-01-16,223.25460815429688,223.5399932861328,227.7899932861328,223.52999877929688,227.25,3029500,SOXX
2025-01-17,229.4467010498047,229.74000549316406,230.32000732421875,227.36000061035156,228.5800018310547,3785500,SOXX
2025-01-21,232.15322875976562,232.4499969482422,234.5800018310547,229.8000030517578,231.80999755859375,3201500,SOXX
2025-01-22,235.50894165039062,235.80999755859375,238.33999633789062,234.32000732421875,234.8300018310547,3461100,SOXX
2025-01-23,235.0695037841797,235.3699951171875,235.3800048828125,231.17999267578125,232.02999877929688,2567100,SOXX
2025-01-24,230.34555053710938,230.63999938964844,235.47999572753906,229.7100067138672,235.47999572753906,2229900,SOXX
2025-01-27,212.2786407470703,212.5500030517578,219.61000061035156,209.74000549316406,219.0,16943600,SOXX
2025-01-28,213.22743225097656,213.5,214.77000427246094,208.97999572753906,213.6199951171875,9118300,SOXX
2025-01-29,214.10630798339844,214.3800048828125,216.17999267578125,212.14999389648438,215.55999755859375,2430800,SOXX
2025-01-30,218.4607391357422,218.74000549316406,219.99000549316406,215.75999450683594,217.00999450683594,4653800,SOXX
2025-01-31,217.85153198242188,218.1300048828125,224.2899932861328,217.47000122070312,219.99000549316406,3870300,SOXX
2025-02-03,213.92652893066406,214.1999969482422,216.85000610351562,210.9600067138672,212.38999938964844,3646800,SOXX
2025-02-04,216.12371826171875,216.39999389648438,217.27000427246094,213.42999267578125,213.72000122070312,3742300,SOXX
2025-02-05,220.30838012695312,220.58999633789062,221.0399932861328,214.47999572753906,215.8300018310547,2200500,SOXX
2025-02-06,220.0187530517578,220.3000030517578,220.6999969482422,217.8800048828125,219.0500030517578,3111700,SOXX
2025-02-07,216.59312438964844,216.8699951171875,222.0800018310547,215.38999938964844,220.80999755859375,3297400,SOXX
2025-02-10,219.4195098876953,219.6999969482422,220.25,218.4199981689453,218.4499969482422,2698600,SOXX
2025-02-11,219.61924743652344,219.89999389648438,221.1699981689453,217.88999938964844,217.88999938964844,1549700,SOXX
2025-02-12,219.85894775390625,220.13999938964844,220.22000122070312,215.9499969482422,216.44000244140625,2017500,SOXX
2025-02-13,222.5554962158203,222.83999633789062,222.99000549316406,219.88999938964844,219.9499969482422,2546800,SOXX
2025-02-14,222.78521728515625,223.07000732421875,223.77000427246094,221.9199981689453,222.82000732421875,1566200,SOXX
2025-02-18,226.47048950195312,226.75999450683594,227.47000122070312,223.47000122070312,224.6999969482422,3605000,SOXX
2025-02-19,230.23568725585938,230.52999877929688,231.6199951171875,226.25999450683594,227.14999389648438,2635700,SOXX
2025-02-20,230.77500915527344,231.07000732421875,233.44000244140625,228.75,232.0,2642300,SOXX
2025-02-21,223.6940460205078,223.97999572753906,231.85000610351562,223.1300048828125,231.75999450683594,2947000,SOXX
2025-02-24,218.44076538085938,218.72000122070312,225.33999633789062,218.5399932861328,224.97000122070312,3372800,SOXX
2025-02-25,213.9365234375,214.2100067138672,219.22000122070312,213.5800018310547,218.4499969482422,3514200,SOXX
2025-02-26,217.66175842285156,217.94000244140625,219.8000030517578,215.5800018310547,216.9499969482422,2562600,SOXX
2025-02-27,204.9879608154297,205.25,219.5,204.9199981689453,219.17999267578125,4349100,SOXX
2025-02-28,208.25379943847656,208.52000427246094,210.0500030517578,203.1199951171875,205.3699951171875,3722100,SOXX
2025-03-03,200.8931884765625,201.14999389648438,211.64999389648438,199.32000732421875,211.50999450683594,5067800,SOXX
2025-03-04,202.0117645263672,202.27000427246094,207.6199951171875,196.6999969482422,200.8000030517578,5487900,SOXX
2025-03-05,206.3662109375,206.6300048828125,207.2899932861328,200.57000732421875,204.5399932861328,3312100,SOXX
2025-03-06,197.7871551513672,198.0399932861328,203.72000122070312,197.3300018310547,199.5800018310547,5088700,SOXX
2025-03-07,203.58975219726562,203.85000610351562,204.5399932861328,196.47999572753906,198.8000030517578,3713300,SOXX
2025-03-10,194.17178344726562,194.4199981689453,200.27999877929688,191.55999755859375,198.82000732421875,5410800,SOXX
2025-03-11,191.87472534179688,192.1199951171875,196.30999755859375,189.11000061035156,194.52000427246094,3776600,SOXX
2025-03-12,195.8296661376953,196.0800018310547,198.69000244140625,194.32000732421875,196.6999969482422,3143000,SOXX
2025-03-13,194.85092163085938,195.10000610351562,199.24000549316406,193.17999267578125,196.07000732421875,2504200,SOXX
2025-03-14,200.8632354736328,201.1199951171875,201.7100067138672,198.32000732421875,198.5,3696800,SOXX
2025-03-17,204.1790008544922,204.44000244140625,206.25999450683594,200.2100067138672,200.30999755859375,2743100,SOXX
2025-03-18,201.47000122070312,201.47000122070312,203.0500030517578,200.17999267578125,202.11000061035156,2470800,SOXX
2025-03-19,203.11000061035156,203.11000061035156,206.42999267578125,200.0,201.5,2330800,SOXX
2025-03-20,201.49000549316406,201.49000549316406,203.72000122070312,200.36000061035156,200.52000427246094,2265900,SOXX
2025-03-21,199.3800048828125,199.3800048828125,200.13999938964844,196.3699951171875,197.94000244140625,2873400,SOXX
2025-03-24,205.3000030517578,205.3000030517578,206.66000366210938,203.3300018310547,203.57000732421875,3947000,SOXX
2025-03-25,204.19000244140625,204.19000244140625,205.7100067138672,203.55999755859375,205.0500030517578,1419100,SOXX
2025-03-26,198.47000122070312,198.47000122070312,204.05999755859375,196.44000244140625,203.22000122070312,3595300,SOXX
2025-03-27,194.55999755859375,194.55999755859375,197.0399932861328,193.3800048828125,195.8699951171875,3545900,SOXX
2025-03-28,188.67999267578125,188.67999267578125,194.24000549316406,187.44000244140625,193.2899932861328,4122300,SOXX
2025-03-31,188.1699981689453,188.1699981689453,188.3000030517578,182.1199951171875,184.6999969482422,3843000,SOXX
2025-04-01,188.27000427246094,188.27000427246094,188.33999633789062,183.8000030517578,187.4499969482422,3108800,SOXX
2025-04-02,189.47999572753906,189.47999572753906,192.02000427246094,184.72999572753906,185.38999938964844,2784800,SOXX
2025-04-03,170.36000061035156,170.36000061035156,181.13999938964844,169.99000549316406,179.75,9982600,SOXX
2025-04-04,157.6300048828125,157.6300048828125,165.77000427246094,154.61000061035156,163.9199981689453,13988400,SOXX
2025-04-07,161.27000427246094,161.27000427246094,170.4199981689453,148.30999755859375,152.02999877929688,18686500,SOXX
2025-04-08,154.86000061035156,154.86000061035156,169.85000610351562,151.11000061035156,167.63999938964844,11023300,SOXX
2025-04-09,183.6199951171875,183.6199951171875,185.55999755859375,154.94000244140625,156.10000610351562,23539500,SOXX
2025-04-10,168.61000061035156,168.61000061035156,175.64999389648438,162.38999938964844,174.55999755859375,14499000,SOXX
2025-04-11,172.25999450683594,172.25999450683594,173.11000061035156,164.4199981689453,166.97999572753906,9890900,SOXX
2025-04-14,173.39999389648438,173.39999389648438,177.5500030517578,170.7899932861328,177.5500030517578,5657400,SOXX
2025-04-15,174.11000061035156,174.11000061035156,176.6300048828125,173.25,174.32000732421875,3201100,SOXX
2025-04-16,167.38999938964844,167.38999938964844,169.5800018310547,161.8300018310547,166.3300018310547,10205000,SOXX
2025-04-17,166.5500030517578,166.5500030517578,168.75,164.80999755859375,168.57000732421875,4921000,SOXX
2025-04-21,163.63999938964844,163.63999938964844,163.89999389648438,160.25999450683594,163.13999938964844,4769700,SOXX
2025-04-22,166.82000732421875,166.82000732421875,168.02000427246094,164.6199951171875,165.22999572753906,4996000,SOXX
2025-04-23,173.07000732421875,173.07000732421875,177.13999938964844,172.35000610351562,175.25,7323800,SOXX
2025-04-24,183.02999877929688,183.02999877929688,183.55999755859375,176.5399932861328,177.8000030517578,6873400,SOXX
2025-04-25,184.80999755859375,184.80999755859375,186.1199951171875,180.66000366210938,181.1999969482422,4224900,SOXX
2025-04-28,184.47999572753906,184.47999572753906,185.75999450683594,180.44000244140625,183.88999938964844,2875400,SOXX
2025-04-29,182.50999450683594,182.50999450683594,184.5399932861328,181.25,182.24000549316406,3527000,SOXX
2025-04-30,183.83999633789062,183.83999633789062,184.3800048828125,176.77000427246094,178.0,3580500,SOXX
2025-05-01,183.58999633789062,183.58999633789062,187.35000610351562,183.47000122070312,186.0,3997600,SOXX
2025-05-02,190.02999877929688,190.02999877929688,191.8699951171875,187.8300018310547,187.9499969482422,4581400,SOXX
2025-05-05,188.57000732421875,188.57000732421875,190.4600067138672,187.92999267578125,188.19000244140625,3323200,SOXX
2025-05-06,186.77000427246094,186.77000427246094,188.25,184.27000427246094,185.25999450683594,2844600,SOXX
2025-05-07,190.0399932861328,190.0399932861328,190.5800018310547,184.80999755859375,186.5800018310547,3001100,SOXX
2025-05-08,191.74000549316406,191.74000549316406,195.0399932861328,190.47000122070312,192.50999450683594,3457700,SOXX
