DATE,CLOSE,HIGH,LOW,OPEN,VOLUME,SEC_ID
2005-01-03,82.31666564941406,83.31568687498527,82.04295998831893,83.17883143418706,55748000,SPY
2005-01-04,81.31083679199219,82.48092392764411,81.04397508844896,82.42618172678817,69167600,SPY
2005-01-05,80.749755859375,81.59823923326688,80.74291177799154,81.24926416977328,65667300,SPY
2005-01-06,81.16030883789062,81.52981091066204,80.92081820382701,81.04398556141749,47814700,SPY
2005-01-07,81.04393768310547,81.58450492092926,80.83181305781943,81.40659546051228,55847700,SPY
2005-01-10,81.4271240234375,81.74188370832844,80.97550889696268,80.97550889696268,56563300,SPY
2005-01-11,80.86605072021484,81.24923561494747,80.73603932214372,81.18081048667416,63099700,SPY
2005-01-12,81.13290405273438,81.31765240217224,80.41442722830486,81.0165808245512,72720500,SPY
2005-01-13,80.48284912109375,81.24237989444124,80.40073585190697,81.18079363742578,55537500,SPY
2005-01-14,80.90706634521484,81.10550277735837,80.57862379721881,80.72231806452959,42032500,SPY
2005-01-18,81.74874877929688,81.85138908171834,80.70866803816322,80.77709838677929,57391700,SPY
2005-01-19,80.89340209960938,81.78293899136224,80.88655802229934,81.72135795707611,54378900,SPY
2005-01-20,80.40074157714844,80.87972263025833,80.25704726121548,80.66760319538137,72049300,SPY
2005-01-21,79.90806579589844,80.74286575166197,79.81911367063732,80.59917144754715,63160400,SPY
2005-01-24,79.75067901611328,80.29124100099186,79.6275117386787,80.12017562791611,58441900,SPY
2005-01-25,79.97650146484375,80.3802185615471,79.86702231318836,79.99703369999995,68245000,SPY
2005-01-26,80.21598815917969,80.46916160530593,80.08597678705975,80.27756919618284,57195100,SPY
2005-01-27,80.35285186767578,80.5718154034766,80.04493619000363,80.1886305209508,55878800,SPY
2005-01-28,80.35285186767578,80.43496515128952,79.79175748090479,80.39390589923141,60738900,SPY
2005-01-31,80.85237121582031,80.91395226773027,80.5444502947619,80.70867165369133,52532700,SPY
2005-02-01,81.36554718017578,81.48187039613639,80.81129174909594,80.91393203044419,49841200,SPY
2005-02-02,81.61187744140625,81.83084094111554,81.35870399454022,81.46818313414406,52468900,SPY
2005-02-03,81.39978790283203,81.53664340320627,81.1329262027317,81.46821304276739,48837100,SPY
2005-02-04,82.268798828125,82.4056491004512,81.41347157482816,81.42715451385948,50024600,SPY
2005-02-07,82.15928649902344,82.46720211731514,82.0840173086852,82.28245379044041,45412000,SPY
2005-02-08,82.25506591796875,82.5561426178904,82.15926973535738,82.22769483429401,39263500,SPY
2005-02-09,81.63925170898438,82.44668062443309,81.59819768259774,82.39878252014807,55279400,SPY
2005-02-10,81.93348693847656,82.12507936152312,81.60504427625445,81.87874997510754,45858600,SPY
2005-02-11,82.63827514648438,82.82302871093381,81.74189407753194,81.90611540776325,53133000,SPY
2005-02-14,82.57669067382812,82.69985797150883,82.43984044107256,82.58353475161643,32432100,SPY
2005-02-15,82.88460540771484,83.08988597512075,82.57668977710769,82.65880304817038,43852700,SPY
2005-02-16,82.9393539428711,83.11041935531506,82.56985202553189,82.7477615162142,55523000,SPY
2005-02-17,82.268798828125,83.02148576692558,82.26195474835772,82.95306063076248,58124000,SPY
2005-02-18,82.37825775146484,82.43984401322463,82.04297101233439,82.27561746219986,47723300,SPY
2005-02-22,81.15341186523438,82.43298273399459,81.13972893242183,82.04295389257584,80697600,SPY
2005-02-23,81.73503875732422,81.8171520213967,81.16710564745196,81.37922505401264,68292600,SPY
2005-02-24,82.27557373046875,82.3303158850467,81.41340828811221,81.59131245974179,68563600,SPY
2005-02-25,83.08988189697266,83.25410321053619,82.23455494226467,82.29613597716295,60899900,SPY
2005-02-28,82.54251098632812,83.00097042618194,82.13879897181218,82.8983300972444,69381300,SPY
2005-03-01,82.95304870605469,83.1514800062517,82.64512780683027,82.6724989014615,47294400,SPY
2005-03-02,82.91200256347656,83.43204300269097,82.55618871801617,82.6314579350276,64226500,SPY
2005-03-03,82.94620513916016,83.4115033097575,82.59038612726084,83.24728196145918,61230800,SPY
2005-03-04,83.97940826416016,84.04783336360047,83.3362008443202,83.51411027926538,56168500,SPY
2005-03-07,84.02046966552734,84.33522932702203,83.75360809990138,83.93151755048565,43442400,SPY
2005-03-08,83.70573425292969,84.16418833484116,83.55519584501788,83.93838072297345,44362000,SPY
2005-03-09,82.77511596679688,83.67834095408828,82.76827188993452,83.45937747900251,73263600,SPY
2005-03-10,82.95987701416016,83.13778649638677,82.3850997615075,82.93250592300977,65149000,SPY
2005-03-11,82.37825775146484,83.28832697817808,82.2208804990269,83.00777720222057,57976500,SPY
2005-03-14,82.8914566040039,82.90514476060737,82.30299116210573,82.52879876154385,36336400,SPY
2005-03-15,82.2071762084961,83.11040117985335,82.16612218904834,83.08303009338786,62438500,SPY
2005-03-16,81.50924682617188,82.2208795441756,81.35870843306505,81.90611460195122,74874200,SPY
2005-03-17,81.67347717285156,81.93349474024497,81.41345960545816,81.63926199954868,62584200,SPY
2005-03-18,81.43099975585938,82.11107833844996,81.16308985238402,81.8225607871702,60232000,SPY
2005-03-21,81.12871551513672,81.59584127315188,80.8951552566329,81.547755029283,61244300,SPY
2005-03-22,80.30437469482422,81.69888094353973,80.30437469482422,81.31419101037883,92472400,SPY
2005-03-23,80.373046875,80.86765107894556,80.20130959535257,80.33869732266818,70817300,SPY
2005-03-24,80.46925354003906,81.05315949085931,80.41429632934802,80.68907714179521,51932500,SPY
2005-03-28,80.58600616455078,81.01878749970227,80.58600616455078,80.66157099319608,46765500,SPY
2005-03-29,80.05020141601562,80.99132384760593,79.85785644979448,80.46924091000051,71160300,SPY
2005-03-30,81.1836929321289,81.19742961622252,80.2150916117509,80.22196257430213,62002100,SPY
2005-03-31,81.03253936767578,81.37601402008592,80.97071644592545,81.19054001382764,64575400,SPY
2005-04-01,80.66847229003906,81.74011173056456,80.31126089019997,81.49280951490357,95255300,SPY
2005-04-04,80.80586242675781,80.96386310729875,80.1944778316796,80.62038838013083,71581200,SPY
2005-04-05,81.19058990478516,81.32110678901763,80.83337311180775,80.90893800105256,46853900,SPY
2005-04-06,81.4721908569336,81.71262207826662,81.18367339133394,81.36914740750298,53268200,SPY
2005-04-07,81.91183471679688,81.92557663803812,81.27984260589042,81.34167076946135,46734600,SPY
2005-04-08,81.06004333496094,81.89125162498311,81.06004333496094,81.86377301527054,63772900,SPY
2005-04-11,81.12186431884766,81.34855891275035,80.94326122153835,81.2592573640957,44945000,SPY
2005-04-12,81.5408706665039,81.78817280604262,80.42114531987508,80.98444347304512,86144800,SPY
2005-04-13,80.57914733886719,81.60957119107262,80.46236198578546,81.4446996011949,65949000,SPY
2005-04-14,79.52810668945312,80.7165311131621,79.52810668945312,80.6478372412671,96119800,SPY
2005-04-15,78.41527557373047,79.82351870838394,78.38092600710144,79.50752261122743,128677300,SPY
2005-04-18,78.65570068359375,78.97169675610911,78.28474740516069,78.39466181699609,100035200,SPY
2005-04-19,79.28083038330078,79.36326095457447,78.88239848545182,79.06787251182546,64930100,SPY
2005-04-20,78.17481994628906,79.43193298127265,78.00308264872781,79.26019568371139,107735900,SPY
2005-04-21,79.69300079345703,79.83038857607458,78.57326992519299,78.8549216928693,86952200,SPY
2005-04-22,79.39073944091797,80.02960257238072,78.49770315272004,79.50751957738773,88845800,SPY
2005-04-25,79.9128189086914,80.02959904000667,79.49377938714123,79.58995187657823,52284100,SPY
2005-04-26,79.13658142089844,80.21509194148521,79.1022370900188,79.65866451575201,72626000,SPY
2005-04-27,79.44568634033203,79.73420378394033,78.61447832936116,78.90299577296946,84131900,SPY
2005-04-28,78.44960021972656,79.46628738941112,78.44960021972656,79.18463568852988,72481500,SPY
2005-04-29,79.514404296875,79.59684012329798,78.2916350304823,79.0472784291623,103993800,SPY
2005-05-02,79.96089935302734,79.96777031349087,79.35638061640947,79.73420482679563,56026400,SPY
2005-05-03,80.09830474853516,80.27004211087807,79.47318347493129,79.7342223789295,86000300,SPY
2005-05-04,80.71656036376953,80.88829772624564,79.8784811963248,80.13265437955245,81055700,SPY
2005-05-05,80.68902587890625,81.05997895388697,80.19442177893194,80.83328453456463,96906700,SPY
2005-05-06,80.43488311767578,81.05313847512662,80.41427547926187,81.0119231982988,67415400,SPY
2005-05-09,80.93636322021484,81.11497149886438,80.40741458549246,80.51732374396423,43750500,SPY
2005-05-10,80.09830474853516,80.71656030117133,79.9540459930881,80.62038779753996,74613500,SPY
2005-05-11,80.53790283203125,80.64781719254418,79.58304409934712,80.3249503097939,91647400,SPY
2005-05-12,79.65178680419922,80.77838348536692,79.65178680419922,80.59290943950752,95086800,SPY
2005-05-13,79.4937744140625,80.11202983677096,78.86178231129708,79.89220626880876,85267000,SPY
2005-05-16,80.23565673828125,80.26313009011469,79.45253518588582,79.48000853771927,49207000,SPY
2005-05-17,80.77151489257812,80.85394546958112,79.79604796398256,79.96778532074973,61071800,SPY
2005-05-18,81.6026840209961,81.80189988843603,81.06686456285006,81.1218165075531,77944900,SPY
2005-05-19,81.94621276855469,82.02864860164003,81.54090980714656,81.76073345436497,61768100,SPY
2005-05-20,81.82941436767578,82.01488839952553,81.56837024158087,81.98053883314209,46345500,SPY
2005-05-23,82.28278350830078,82.46139178768945,81.87748595081128,81.89122263029947,51047900,SPY
2005-05-24,82.09044647216797,82.31714101315468,81.88435957290595,82.0492311887186,50654100,SPY
2005-05-25,82.02862548828125,82.34462156455584,81.63019360214942,81.98740496284879,47608800,SPY
2005-05-26,82.46826171875,82.57817087630497,82.17287332387349,82.28965344159032,43256200,SPY
2005-05-27,82.60562896728516,82.60562896728516,82.29650396983897,82.47510696164954,24596100,SPY
2005-05-31,82.07674407958984,82.55073576029433,82.02178685136012,82.48891280929321,43377200,SPY
2005-06-01,82.77737426757812,83.06589165863608,82.05607554892704,82.10416178077003,69611000,SPY
2005-06-02,82.95600891113281,83.01096087857542,82.50261980292827,82.59192657691223,39704500,SPY
2005-06-03,82.53695678710938,83.04529778526862,82.24843934823579,82.81173754646821,60999400,SPY
2005-06-06,82.46139526367188,82.57130442723147,82.12479157144858,82.3995671008512,36046400,SPY
2005-06-07,82.5232162475586,83.29260133843704,82.44078568707647,82.70182453028178,66501300,SPY
2005-06-08,82.3720932006836,82.83921369400849,82.20722159491419,82.72930453116946,46881200,SPY
2005-06-09,82.763671875,82.83236577165968,82.04924381952094,82.25532550949997,56653300,SPY
2005-06-10,82.57130432128906,82.8804346529813,82.1591357867067,82.81860649023994,36465300,SPY
2005-06-13,82.83235931396484,83.17583401149396,82.30340534480554,82.3927121204082,49383200,SPY
2005-06-14,83.0246810913086,83.2582413046383,82.69494316783587,82.74302940240413,33857100,SPY
2005-06-15,83.18266296386719,83.28570637578069,82.59189156697471,83.23075443163171,53195600,SPY
2005-06-16,83.39566040039062,83.56052679324218,83.06592237367941,83.16209487292683,46564500,SPY
2005-06-17,83.70465087890625,84.07710133936422,83.60809023310165,83.82880103239224,51529400,SPY
2005-06-20,83.73225402832031,84.03572813793681,83.41498253153496,83.5115431930713,41019400,SPY
2005-06-21,83.78053283691406,83.90468300837108,83.47705347064996,83.80122365513002,39879800,SPY
2005-06-22,83.84947967529297,84.10467863767853,83.50461877257939,83.92534949486273,46310100,SPY
2005-06-23,82.6700439453125,83.87015823807143,82.64935313611718,83.67703700270322,62185600,SPY
2005-06-24,82.0631332397461,82.77354612155318,81.96656730989186,82.68387888572317,58572500,SPY
2005-06-27,82.18038177490234,82.35971097795795,81.9044919076233,82.05623159773485,48183800,SPY
2005-06-28,82.87007141113281,82.93214384436645,82.33208927447004,82.3527800855479,41174200,SPY
2005-06-29,82.64936828613281,83.0425095193853,82.60108796844075,83.02181870639728,42316500,SPY
2005-06-30,82.20106506347656,82.987347692784,82.04242669412177,82.9183765478232,62288800,SPY
2005-07-01,82.44244384765625,82.62867167580247,82.22173308766935,82.38726484211962,49737500,SPY
2005-07-05,83.1045913696289,83.21494940094266,82.2079560449272,82.24933767558957,51549000,SPY
2005-07-06,82.40798950195312,83.2149630047552,82.35970917090073,83.03563380563426,52363600,SPY
2005-07-07,82.7321548461914,82.7321548461914,81.56652820147424,81.58721902029149,103268800,SPY
2005-07-08,83.67707061767578,83.67707061767578,82.5735164992783,82.74594699472044,64491200,SPY
2005-07-11,84.10469055175781,84.2150433199354,83.67016238500219,83.6839597698747,49688300,SPY
2005-07-12,84.32540893554688,84.58060269487812,83.8977794227612,84.13918105813981,51871100,SPY
2005-07-13,84.4426498413086,84.5047222845705,84.13917053071174,84.33229181485143,41182300,SPY
2005-07-14,84.77369689941406,85.13924855944565,84.484009785399,84.82197720805674,63638800,SPY
2005-07-15,84.72543334960938,84.8633808831274,84.39436979348677,84.69095041285011,56075900,SPY
2005-07-18,84.38745880126953,84.5805800578858,84.18054542439192,84.49091812078812,56598400,SPY
2005-07-19,84.84955596923828,84.91163365472036,84.42883059945368,84.63574393935713,59165700,SPY
2005-07-20,85.13925170898438,85.33927164137735,84.3529693607688,84.5529840310026,69477000,SPY
2005-07-21,84.6426773071289,85.2565294126718,84.47024682215257,85.21514778016893,101110900,SPY
2005-07-22,85.20829772949219,85.22208986081293,84.58064788004008,84.75307846345036,52607100,SPY
2005-07-25,84.9668197631836,85.49100447788113,84.73231164373757,85.11855938244412,57301600,SPY
2005-07-26,85.07028198242188,85.20133080476413,84.80129090867905,84.99441742766328,42758800,SPY
2005-07-27,85.38067626953125,85.4496474084216,84.87028352715002,85.18065628323684,43181600,SPY
2005-07-28,85.91867065429688,85.96695098455486,85.27722897392,85.49793980683671,47880700,SPY
2005-07-29,85.34619903564453,85.96005119631907,85.18066722860543,85.8083167761273,62358100,SPY
2005-08-01,85.28409576416016,85.55308682671004,85.1461482563401,85.40824589011851,40418200,SPY
2005-08-02,85.79451751708984,85.93935850285852,85.34619717323756,85.4358643993047,45147400,SPY
2005-08-03,86.02210998535156,86.03590210700294,85.60827792772871,85.69793987386296,36837200,SPY
2005-08-04,85.33241271972656,85.73934620268214,85.22895335997394,85.68417243802082,50855600,SPY
2005-08-05,84.7530288696289,85.51172720240767,84.60818789577861,85.1461701592685,53595500,SPY
2005-08-08,84.5943832397461,85.11857330232624,84.40815539941369,84.93924415367725,47616000,SPY
2005-08-09,85.10479736328125,85.24273965874781,84.74614423777142,84.87718783981627,47170000,SPY
2005-08-10,85.06340789794922,85.87038130269451,84.71164823607533,85.40137017424959,72863700,SPY
2005-08-11,85.4013900756836,85.54623108499378,84.842716859464,85.02204081642213,58570200,SPY
2005-08-12,84.87714385986328,85.31167186353427,84.66333183403059,85.22890337184491,54776900,SPY
2005-08-15,85.4013900756836,85.43587828549354,84.71856667117498,84.98755786877419,36208500,SPY
2005-08-16,84.29090881347656,85.19444277620066,84.20814029498143,85.13926902603082,71942100,SPY
2005-08-17,84.28401184082031,84.74612950081185,84.16676038384709,84.2771184107586,62275100,SPY
2005-08-18,84.27711486816406,84.53230858588924,84.03570800998277,84.1805542297556,53388600,SPY
2005-08-19,84.47026062011719,84.71166228608413,84.28403271911293,84.58061341220422,39842100,SPY
2005-08-22,84.47026062011719,84.99445085347517,84.0633218727772,84.54613046687275,69912000,SPY
2005-08-23,84.31159973144531,84.56679871716622,83.5598054206225,84.49092889065892,55168600,SPY
2005-08-24,83.559814453125,84.64957638606501,83.51842755827255,84.104695419595,79104600,SPY
2005-08-25,83.86327362060547,83.91845262915847,83.6011812232185,83.69774185710632,35631100,SPY
2005-08-26,83.29081726074219,83.79431129575377,83.2356382463912,83.78741786558024,61956800,SPY
2005-08-29,83.9322738647461,83.99434632038843,83.02873444493704,83.04943052564586,56179200,SPY
2005-08-30,83.49085235595703,83.6632828603996,83.03563329839118,83.62879465464653,74160200,SPY
2005-08-31,84.54608154296875,84.60126053816292,83.27699096429603,83.58736886564425,102945200,SPY
2005-09-01,84.48403930664062,84.9392583147607,83.55291573622144,84.50473012298048,74578700,SPY
2005-09-02,84.33224487304688,84.75297540594326,84.1736118760149,84.73228460303973,47653400,SPY
2005-09-06,85.31861114501953,85.38758755624409,84.59440618661402,84.60130488016875,57251300,SPY
2005-09-07,85.46345520019531,85.61518961936619,85.15307714415383,85.27032862076092,41749700,SPY
2005-09-08,85.18064880371094,85.52550973004175,85.04959996781399,85.29100682597365,39068700,SPY
2005-09-09,85.9393310546875,86.03589168102611,85.38755679877535,85.40824760982512,43093900,SPY
2005-09-12,85.76693725585938,85.98764810495194,85.7117582280458,85.83590840954548,33017600,SPY
2005-09-13,85.2909927368164,85.81517746949426,85.19442685220811,85.61515753380431,58427500,SPY
2005-09-14,84.98065948486328,85.47036154541414,84.84961060170107,85.34621135667152,57694600,SPY
2005-09-15,84.93923950195312,85.28410039699787,84.76680905443075,85.24271351132394,73156900,SPY
2005-09-16,85.543212890625,85.7094492335702,85.10684050868457,85.404683485597,75424100,SPY
2005-09-19,85.25926971435547,85.57789704114778,84.94757573172264,85.52248313348294,53355300,SPY
2005-09-20,84.53890228271484,85.61944696005749,84.4142236442091,85.33545467279863,84480300,SPY
2005-09-21,83.7492904663086,84.41424158480802,83.65924153435148,84.3588276704593,94469100,SPY
2005-09-22,84.04708862304688,84.26874417562941,83.42370087736583,83.77695252403596,84597200,SPY
2005-09-23,84.11634826660156,84.42804210105706,83.74231249451981,83.97781356329799,59368100,SPY
2005-09-26,84.21336364746094,84.67051519435867,83.86703463619607,84.51812958387232,70415400,SPY
2005-09-27,84.19255065917969,84.49731647217847,83.82543761686705,84.17176648788868,66150800,SPY
2005-09-28,84.27568054199219,84.58737974966938,83.95013050232404,84.45577306523501,58620500,SPY
2005-09-29,84.9614028930664,85.09993233045168,83.8670023702211,84.19255236109173,66607700,SPY
2005-09-30,85.22462463378906,85.22462463378906,84.32416729240052,84.93370959779344,47824200,SPY
2005-10-03,84.91983032226562,85.43239552464948,84.81593061358491,85.16918750927587,50994800,SPY
2005-10-04,83.9639663696289,85.21767510258114,83.9224085991183,85.0514387359799,60776300,SPY
2005-10-05,82.86262512207031,84.02629007809176,82.82106735796319,83.98473231398464,106052100,SPY
2005-10-06,82.5648193359375,83.29904030139113,81.85138254645663,82.9665621851117,140941800,SPY
2005-10-07,82.84880065917969,83.15357178510227,82.51632258684961,82.91113732517675,75661400,SPY
2005-10-10,82.14924621582031,82.91809709788316,81.94145196512547,82.89731820126985,52677000,SPY
2005-10-11,82.03147888183594,82.69642986065527,81.955286086752,82.41936563167373,75629800,SPY
2005-10-12,81.38732147216797,82.51635219950992,81.32498478380012,82.00378671842628,100510400,SPY
2005-10-13,81.33882904052734,81.78905779682596,80.95786502722208,81.35960793496923,99052900,SPY
2005-10-14,82.19771575927734,82.29468744727224,81.42886502977443,81.8167570663147,88651000,SPY
2005-10-17,82.50247955322266,82.61330206476671,82.04532282113296,82.28775730397092,68109300,SPY
2005-10-18,81.60894012451172,82.39856957768414,81.5950892939997,82.38471874717213,74996900,SPY
2005-10-19,82.966552734375,82.98040885011183,81.12408568336005,81.38729375220225,116563800,SPY
2005-10-20,81.5050277709961,82.98731478040682,81.24874781203661,82.76566453464143,131966700,SPY
2005-10-21,81.82366943359375,82.27389809034001,81.39422495125483,81.93449722552636,96579500,SPY
2005-10-24,83.09120178222656,83.18124536423161,82.01758571533728,82.03836459698783,71308400,SPY
2005-10-25,82.92501831054688,83.28519815274561,82.38474590496814,82.92501831054688,76594500,SPY
2005-10-26,82.68255615234375,83.4929644381451,82.5578775480236,82.77952781297506,80855800,SPY
2005-10-27,81.80288696289062,82.68256534802859,81.68513640253664,82.56480950311486,66623100,SPY
2005-10-28,82.98039245605469,83.08428688075607,81.80287122537126,82.03144952883177,72322000,SPY
2005-10-31,83.208984375,84.01939806365884,83.208984375,83.31981216593314,77698900,SPY
2005-11-01,83.45832824707031,83.742320452411,83.27131298553698,83.52067019062082,66365100,SPY
2005-11-02,84.3310775756836,84.3310775756836,83.20897016463776,83.23667710763928,74012300,SPY
2005-11-03,84.69127655029297,84.96141798493082,84.33109677837622,84.60816098692153,84897600,SPY
2005-11-04,84.5804443359375,84.82287350889708,84.19255765920215,84.78131573197818,59156000,SPY
2005-11-07,84.66356658935547,84.93370271296243,84.4003532389776,84.76053826016003,46765400,SPY
2005-11-08,84.66356658935547,84.79516797998468,84.35879546136414,84.4557671321687,42152800,SPY
2005-11-09,84.7744140625,85.16230085997498,84.40730615995243,84.5596917688351,57666800,SPY
2005-11-10,85.43243408203125,85.55711273180636,84.33111041281866,84.73977609096086,79048100,SPY
2005-11-11,85.72332000732422,85.77872860807793,84.8020839810972,85.43932780851601,34867000,SPY
2005-11-14,85.67485809326172,85.90343118599996,85.4601305488779,85.74412282695695,45092200,SPY
2005-11-15,85.36314392089844,85.95190198107912,85.09993586511024,85.57787142769149,69592500,SPY
2005-11-16,85.53631591796875,85.57787898222716,85.18306422141215,85.4532003585719,51133000,SPY
2005-11-17,86.33287048339844,86.33979854129295,85.29388375073441,85.66791960864064,55717500,SPY
2005-11-18,86.67230987548828,86.776209651866,86.11818654241078,86.62382401778699,72437200,SPY
2005-11-21,87.10865020751953,87.21254993896376,86.56837794548139,86.68612850832358,50021200,SPY
2005-11-22,87.48268127441406,87.63506154967801,86.87313903512002,86.9701107032696,66438800,SPY
2005-11-23,87.98828887939453,88.25150213394694,87.42030989236358,87.44801682887213,50854700,SPY
2005-11-25,88.05757904052734,88.11992098683743,87.83592876892577,87.95368460427608,15270000,SPY
2005-11-28,87.43417358398438,88.15453285743536,87.30256694529706,88.14068203025901,54498500,SPY
2005-11-29,87.33718872070312,87.95365880748628,87.33718872070312,87.7250805456568,51738900,SPY
2005-11-30,86.86624908447266,87.63509466257834,86.78312821555457,87.3857426249472,56007200,SPY
2005-12-01,87.7528076171875,87.98830870373348,87.26102127361295,87.28872293180508,65468200,SPY
2005-12-02,87.86365509033203,88.02296873531685,87.62122587801642,87.80824118907118,46699400,SPY
2005-12-05,87.67665100097656,87.78055075799863,87.39958674377145,87.75976657894529,59273400,SPY
2005-12-06,87.84286499023438,88.4801089197439,87.71125831267227,88.00217861489166,57935200,SPY
2005-12-07,87.33031463623047,87.87751504481199,87.0532504023896,87.80824502293123,66816500,SPY
2005-12-08,87.27487182617188,87.84285093937254,86.91469214066663,87.42725736854065,62608600,SPY
2005-12-09,87.50346374511719,87.81515765056479,87.15020677693273,87.38571318390896,50744500,SPY
2005-12-12,87.58661651611328,87.87060887981477,87.24721551948643,87.76670910566637,48389900,SPY
2005-12-13,88.18226623535156,88.45240236502805,87.47575757724991,87.56580119228879,88630900,SPY
2005-12-14,88.52857971191406,88.7225230240627,88.06450031719285,88.09913531631607,64375000,SPY
2005-12-15,88.27230072021484,88.660187348807,88.09220823498606,88.54935957803268,55900300,SPY
2005-12-16,87.98821258544922,88.68454221634858,87.98821258544922,88.62883457085898,46238300,SPY
2005-12-19,87.53559112548828,88.34333599073358,87.52166687137888,88.24585027424854,48733000,SPY
2005-12-20,87.61915588378906,88.14836256102244,87.37544158340879,87.64004492202548,46603200,SPY
2005-12-21,87.7584228515625,88.266745821501,87.59827001091405,87.8907271819383,51806900,SPY
2005-12-22,88.2179946899414,88.2179946899414,87.79323322835927,87.95338605399469,32247900,SPY
2005-12-23,88.2667465209961,88.33637842237653,88.0299916812144,88.28067077624277,27977300,SPY
2005-12-27,87.36846160888672,88.46866347367872,87.30578919250115,88.40599105729315,44499500,SPY
2005-12-28,87.56344604492188,87.73056365919686,87.38936364721826,87.55648126149325,30764300,SPY
2005-12-29,87.17352294921875,87.7096945182431,87.08299668183035,87.54257686605783,32788900,SPY
2005-12-30,86.70000457763672,87.08298269038627,86.59555406958738,86.90194080984584,44645600,SPY
2006-01-03,88.2249526977539,88.43385368976676,86.61643312200273,87.17349889232177,73256700,SPY
2006-01-04,88.64277648925781,88.77507552501217,88.22497440244639,88.33638970894923,51899600,SPY
2006-01-05,88.69845581054688,88.84468437795134,88.35029103694397,88.53830298973033,47307500,SPY
2006-01-06,89.43660736083984,89.53409311453606,88.68456985011892,89.1441500997512,62885900,SPY
2006-01-09,89.6663818359375,89.86831278151101,89.39481366767055,89.42266218165888,43527400,SPY
2006-01-10,89.75689697265625,89.81260462546938,89.3112463752996,89.40177263926446,44960800,SPY
2006-01-11,90.0423812866211,90.13290753709157,89.6385088327909,89.84045037227938,49598900,SPY
2006-01-12,89.6872787475586,90.02151407048893,89.4365995990735,89.88225023803041,40509200,SPY
2006-01-13,89.60368347167969,89.75687682624363,89.26944825497017,89.52709741954368,44856700,SPY
2006-01-17,89.3600082397461,89.42267537432652,88.99791375358699,89.26948196191883,52066600,SPY
2006-01-18,89.00486755371094,89.75689963872924,88.54529268578722,88.8377499028818,75067600,SPY
2006-01-19,89.34603881835938,89.66635507193202,88.99787405911076,89.22070460509958,81530400,SPY
2006-01-20,87.71662902832031,89.34603752803736,87.71662902832031,89.32514849279573,114957800,SPY
2006-01-23,88.02999114990234,88.3085240663165,87.82805491831643,87.88376256411397,67017400,SPY
2006-01-24,88.12053680419922,88.53833361452111,88.03001053170344,88.17623914968738,53008800,SPY
2006-01-25,88.19709777832031,88.55918678390152,87.62610248334153,88.46170107806918,87747700,SPY
2006-01-26,88.68453216552734,88.90039262661868,88.26673549685228,88.60793548980341,71294000,SPY
2006-01-27,89.50618743896484,89.58975420236794,88.74719084939875,88.89342471649562,65771200,SPY
2006-01-30,89.43660736083984,89.69424600450479,89.37394022456733,89.43660736083984,33709600,SPY
2006-01-31,88.78201293945312,89.5061909581699,88.7750481568003,89.3530082403883,72937000,SPY
2006-02-01,89.40174865722656,89.42959716358858,88.93520914335785,89.0048410344084,63561000,SPY
2006-02-02,88.36424255371094,89.22768991921683,88.29461064420748,89.19984140547477,83626900,SPY
2006-02-03,87.92552185058594,89.40174227327917,87.83500092994136,88.14138760377281,86040400,SPY
2006-02-06,88.15531921386719,88.29458831022033,87.85589729742397,88.0439092493575,45511900,SPY
2006-02-07,87.37548065185547,88.1971501695139,87.31977298326746,88.00217332945583,71208100,SPY
2006-02-08,88.16926574707031,89.19983600811508,87.45900650041915,87.63308891993137,59422200,SPY
2006-02-09,88.02306365966797,88.8516926135312,87.99520982664917,88.37818807736274,62023300,SPY
2006-02-10,88.18319702148438,88.5243971033633,87.35456293863272,88.03696841496483,64508700,SPY
2006-02-13,88.02306365966797,88.28766710448326,87.70274723623966,88.1553627257879,52308700,SPY
2006-02-14,88.95609283447266,89.1510642427284,87.8837447764936,88.05782714994659,90964400,SPY
2006-02-15,89.26946258544922,89.3530293719011,88.60098673214638,88.90737349045871,85471300,SPY
2006-02-16,89.93794250488281,89.97276111332624,89.2555317798637,89.36694707682366,61017900,SPY
2006-02-17,89.69422912597656,89.93794877692943,89.53407626614516,89.86135208307124,40342600,SPY
2006-02-21,89.47142028808594,90.10507233423739,89.33214582724864,89.90314136626267,46456300,SPY
2006-02-22,90.01451873779297,90.27911672650914,89.58278721647007,89.66635398277343,42326700,SPY
2006-02-23,89.88224792480469,90.27219089571267,89.32518198415798,90.01455228103755,43423200,SPY
2006-02-24,90.11204528808594,90.16078285080386,89.65942452632005,89.90314421535938,36777400,SPY
2006-02-27,90.14683532714844,90.55069714786922,90.02149047318782,90.10504662573052,35858600,SPY
2006-02-28,89.29033660888672,90.46017579613991,89.22071002789227,89.96577713289363,74394800,SPY
2006-03-01,90.08419799804688,90.16776481322299,89.4783943700645,89.54803161185272,48641600,SPY
2006-03-02,90.07719421386719,90.11897228832844,89.55494703280931,89.75687793442074,60642300,SPY
2006-03-03,89.65939331054688,90.57159398968987,89.58279663138667,89.59672619809204,73402500,SPY
2006-03-06,89.24856567382812,89.95185476145637,89.02574040904597,89.9240062518603,57478400,SPY
2006-03-07,89.10929870605469,89.17196581927692,88.71239105126102,89.03270202595651,61780800,SPY
2006-03-08,89.29732513427734,89.43658895015419,88.55921203492274,88.92130114374697,66692400,SPY
2006-03-09,88.69845581054688,89.60368103437068,88.69845581054688,89.32515346554665,56313600,SPY
2006-03-10,89.54100799560547,89.7150903708789,88.74023331940569,88.9282399471691,60490800,SPY
2006-03-13,89.7081527709961,89.93794283739525,89.49925174471072,89.7151122426515,45479100,SPY
2006-03-14,90.64814758300781,90.68296617472974,89.55491605390742,89.6245532373513,69877300,SPY
2006-03-15,91.05207061767578,91.12170783993054,90.4184186458102,90.62730906227779,53398900,SPY
2006-03-16,91.24008178710938,91.54646856200398,91.10777744111867,91.22615221775554,65526400,SPY
2006-03-17,91.3162841796875,91.51203099530558,91.14850729052995,91.35822840197689,47286800,SPY
2006-03-20,91.16947174072266,91.51202330556907,91.02965412237307,91.33026146845465,45538500,SPY
2006-03-21,90.59622192382812,91.57496676301952,90.49834850664922,91.14151820059661,87102700,SPY
2006-03-22,91.14847564697266,91.23935120791705,90.4983084249982,90.54025263272604,51605700,SPY
2006-03-23,90.959716796875,91.15546354615515,90.64512456891745,91.06457731706159,46704200,SPY
2006-03-24,91.02963256835938,91.28130848875695,90.70105537596814,90.87583002437208,43209200,SPY
2006-03-27,90.89679718017578,91.0785589643571,90.70105043801208,90.90378432546827,32523000,SPY
2006-03-28,90.33753204345703,91.2533496050448,90.21868654826007,90.83388613119732,82079900,SPY
2006-03-29,90.90380859375,91.23238585597197,90.38647168426432,90.47037078715944,61505700,SPY
2006-03-30,90.74298858642578,91.56791970655671,90.56821395920515,90.95970741739588,70571700,SPY
2006-03-31,90.76399230957031,91.05062535824743,90.44240218979104,90.89682277931827,62925600,SPY
2006-04-03,90.69406127929688,91.49103328198068,90.52628443708876,90.93176291808906,61624700,SPY
2006-04-04,91.27432250976562,91.39316800600135,90.43540622213752,90.69406932174468,54809300,SPY
2006-04-05,91.58891296386719,91.77767259173669,91.14848805537052,91.30927776268203,50607200,SPY
2006-04-06,91.49103546142578,91.72873710588036,91.01565350731397,91.47706116917449,57906200,SPY
2006-04-07,90.56124114990234,91.86156516212418,90.42842135715786,91.62387416365557,80180900,SPY
2006-04-10,90.70106506347656,90.93875605051745,90.36549002217271,90.70106506347656,41496500,SPY
2006-04-11,89.93207550048828,90.92479458588981,89.65942737609915,90.7779898013582,72799400,SPY
2006-04-12,90.0998306274414,90.27460527675449,89.91107101931185,90.02292935504774,43033700,SPY
2006-04-13,89.98100280761719,90.35851143057631,89.7013569133881,89.8971037056484,51051800,SPY
2006-04-17,89.946044921875,90.40045482820199,89.49862216256535,90.06489042556976,64167700,SPY
2006-04-18,91.3722152709961,91.54000283105466,90.13480735064297,90.13480735064297,92531800,SPY
2006-04-19,91.54696655273438,91.63086564499514,91.05061248243642,91.40714895549829,87269000,SPY
2006-04-20,91.67283630371094,92.18317548117761,91.3023147638157,91.58195003895861,86005500,SPY
2006-04-21,91.68677520751953,92.13419787547605,91.31625381065231,92.06429441737531,72342600,SPY
2006-04-24,91.51904296875,91.63090135709396,91.1485213913383,91.50505800335625,52546400,SPY
2006-04-25,91.14148712158203,91.66581110640495,90.82689486416804,91.60988193460264,84359800,SPY
2006-04-26,91.1624526977539,91.67978949932001,91.0925492385572,91.23236682434863,67262400,SPY
2006-04-27,91.6029281616211,92.02239176925994,90.59622403721004,90.81294298977578,124478600,SPY
2006-04-28,91.91053009033203,92.10627692223947,91.37921878478355,91.43513730755515,55854400,SPY
2006-05-01,91.1624526977539,92.14119713308995,91.10653419735574,91.91049331620498,64990300,SPY
2006-05-02,91.84761047363281,91.90353966181058,91.40018763561248,91.58893664488534,49063500,SPY
2006-05-03,91.5050277709961,91.80564575692388,91.19742263838144,91.68678959145042,60821300,SPY
2006-05-04,91.8336181640625,92.01538001054992,91.56097006063086,91.63787135479882,42921400,SPY
2006-05-05,92.64456939697266,92.84031619370762,92.17617451425684,92.31599213086747,62588200,SPY
2006-05-08,92.53268432617188,92.81931729129423,92.53268432617188,92.63754484151065,30016700,SPY
2006-05-09,92.7144546508789,92.81932584327735,92.49773578761302,92.57463706174592,29864000,SPY
2006-05-10,92.66552734375,92.80534493899191,92.20411967879288,92.5676539603408,64378200,SPY
2006-05-11,91.54696655273438,92.66552866542087,91.24635925204672,92.63755874553432,80626900,SPY
2006-05-12,90.3515396118164,91.38620292749644,90.31658253568222,91.13452691369298,91726500,SPY
2006-05-15,90.53328704833984,90.70107458660857,89.91108959493529,90.03692224808667,84029300,SPY
2006-05-16,90.40048217773438,90.88286215286874,90.1907503623625,90.71507456709058,62137600,SPY
2006-05-17,88.6806640625,90.2536413831194,88.62473488954386,89.95302341190501,144789500,SPY
2006-05-18,88.23324584960938,89.3098584823169,88.16333704669584,89.03021793696303,87906300,SPY
2006-05-19,88.85543060302734,89.12807862913401,87.94660562723811,88.69464091260495,124309400,SPY
2006-05-22,88.17732238769531,88.9043857192492,87.73689210047041,88.2821882657108,110852800,SPY
2006-05-23,87.50618743896484,89.2259696881824,87.50618743896484,88.91137739069994,92006500,SPY
2006-05-24,88.20527648925781,88.70862837692039,87.2195501540015,87.86271963992613,168405000,SPY
2006-05-25,89.29586029052734,89.29586029052734,88.38703004049884,88.72958683714708,78977900,SPY
2006-05-26,89.75030517578125,89.75030517578125,89.14208731443453,89.49163137223672,62989700,SPY
2006-05-30,88.15631103515625,89.48459912008455,88.12135931384361,89.46362702055742,72419900,SPY
2006-05-31,89.14208221435547,89.14208221435547,88.22625923409922,88.51988475977457,86926200,SPY
2006-06-01,89.99496459960938,90.14178000710895,88.97428122911758,89.05118250592238,73721700,SPY
2006-06-02,90.1837158203125,90.48432308602935,89.70833391153305,90.35849046337513,91702600,SPY
2006-06-05,88.86940002441406,90.08582987696232,88.62471129130944,90.07884273247791,86105100,SPY
2006-06-06,88.6526870727539,89.05117304034071,87.91863678177756,88.93232756471103,130498600,SPY
2006-06-07,87.9885482788086,89.23993538520621,87.93961159123769,88.72260392607109,108599400,SPY
2006-06-08,87.91167449951172,88.4359986018945,86.59737066967111,87.79282898305976,204957200,SPY
2006-06-09,87.63201904296875,88.75756835180778,87.590074828679,88.33811020781117,94972200,SPY
2006-06-12,86.68122863769531,88.0374815458209,86.56238316302623,88.00252448447176,95815900,SPY
2006-06-13,85.6745376586914,87.27546879818779,85.6745376586914,86.50646138612115,185688800,SPY
2006-06-14,86.33868408203125,86.42956498724895,85.52772708027528,85.87727640854263,163566400,SPY
2006-06-15,88.17033386230469,88.33811606428671,86.5903692370156,86.65328556262135,134057000,SPY
2006-06-16,87.5278091430664,88.16679797657939,87.39439159613866,87.97720941376916,94253500,SPY
2006-06-19,86.83966827392578,88.11063336187107,86.75540906534377,88.0544569846336,95804400,SPY
2006-06-20,87.13457489013672,87.64015150499549,86.87476855442073,87.07840387747625,65494700,SPY
2006-06-21,87.78060150146484,88.26510800971428,87.04330130238772,87.07138949025747,75008200,SPY
2006-06-22,87.3944091796875,87.81572134857912,87.09949119719087,87.73848015926691,74566100,SPY
2006-06-23,87.3803482055664,87.98423081015653,87.09244831760599,87.3031070335416,54107000,SPY
2006-06-26,87.7665786743164,87.8157316771804,87.24696045014345,87.45059584980154,37899600,SPY
2006-06-27,87.0082015991211,87.97722004543674,86.90989025558017,87.7806080729038,69780200,SPY
2006-06-28,87.59806823730469,87.61210965857802,86.82566149263943,87.20484415433539,62368100,SPY
2006-06-29,89.36751556396484,89.42369192186933,87.89292099124201,87.9139857861381,110634800,SPY
2006-06-30,89.37460327148438,89.64143848493755,89.14990303542056,89.55717388743504,54227800,SPY
2006-07-03,89.73969268798828,89.88714627324511,89.39561646481198,89.47988101366042,23914000,SPY
2006-07-05,89.22712707519531,89.4939568800303,88.84092110754914,89.38160946225379,69653400,SPY
2006-07-06,89.48690032958984,89.774794816503,89.23411205181236,89.31837123955627,50100300,SPY
2006-07-07,88.90409851074219,89.57117553360196,88.67939837445822,89.31136918190495,81626500,SPY
2006-07-10,89.0726318359375,89.4799025508224,88.76367246367518,89.13583160210383,60964100,SPY
2006-07-11,89.46588897705078,89.46588897705078,88.43367045238664,88.90413572257575,73640800,SPY
2006-07-12,88.51091766357422,89.45887165719546,88.27919402858694,89.28332442292202,82561300,SPY
2006-07-13,87.07138061523438,88.25105759915108,87.07138061523438,88.08955187468054,102405700,SPY
2006-07-14,86.7343521118164,87.2539756444679,86.24984551687787,87.16268767823925,103242500,SPY
2006-07-17,86.60797119140625,87.14163622362933,86.47455895130734,86.73436540016235,81159000,SPY
2006-07-18,87.05030822753906,87.10648459265565,85.94084912421515,86.86773771954668,122771000,SPY
2006-07-19,88.25810241699219,88.65834977530457,86.87478977381302,87.19779594391821,133565300,SPY
2006-07-20,87.65422058105469,88.68643887284259,87.53484978252442,88.56004468696499,112259800,SPY
2006-07-21,87.03629302978516,87.90701093312353,86.94501042131299,87.87892274037632,101560000,SPY
2006-07-24,88.62323760986328,88.70047879755944,87.38036593404506,87.38036593404506,92884000,SPY
2006-07-25,88.9392318725586,89.38863225522466,88.27917271670992,88.4617432963165,95480700,SPY
2006-07-26,89.05860137939453,89.49395498029035,88.60217761566742,88.89007222039449,84525800,SPY
2006-07-27,88.97433471679688,89.66248204008164,88.61621695889997,89.44479988745512,87257100,SPY
2006-07-28,89.86610412597656,89.97845152212089,89.0796509238696,89.20604509282832,82137000,SPY
2006-07-31,89.7748031616211,89.85204432908164,89.49392667606216,89.64139098286746,49593100,SPY
2006-08-01,89.33245849609375,89.44480591642778,88.89709951877055,89.41671772202545,65225600,SPY
2006-08-02,89.93634796142578,90.20318314942605,89.56418873318928,89.58525354123653,64770900,SPY
2006-08-03,90.17506408691406,90.26635203899616,89.28328686910086,89.41669906808562,63693800,SPY
2006-08-04,90.02059173583984,90.88428086112371,89.51502035769246,90.63852123792238,96294200,SPY
2006-08-07,89.80994415283203,89.93633834487635,89.45884977018396,89.80994415283203,45377300,SPY
2006-08-08,89.46588897705078,90.20318945388975,89.14287737349818,89.94337227889567,90901300,SPY
2006-08-09,89.1639404296875,90.30148826850856,88.90412863268884,90.0065595296511,78910600,SPY
2006-08-10,89.43778991699219,89.5290725329164,88.67240133465306,88.88306011881714,69322300,SPY
2006-08-11,89.18498992919922,89.31840214170899,88.74963099856409,89.29733733748506,47482200,SPY
2006-08-14,89.25518798828125,89.9924881166968,89.121770448005,89.62032368104583,57839000,SPY
2006-08-15,90.32252502441406,90.4910434347935,89.80992497798934,90.055689921916,68143000,SPY
2006-08-16,91.07388305664062,91.20730063980383,90.6104358881423,90.80705860486475,71737600,SPY
2006-08-17,91.30560302734375,91.54434463273962,90.92642581374739,90.9896202302551,70992800,SPY
2006-08-18,91.76905822753906,91.76905822753906,90.99664624285468,91.41796381896454,58288400,SPY
2006-08-21,91.37581634521484,91.48114036138162,91.144092795099,91.41091720757115,42133600,SPY
2006-08-22,91.36880493164062,91.64968688561036,91.0598401395494,91.27752767183256,60839900,SPY
2006-08-23,91.11600494384766,91.59349884760164,90.71576294284395,91.41092292210027,66592100,SPY
2006-08-24,91.03877258300781,91.35476611099983,90.86322538503475,91.27752491530967,57983000,SPY
2006-08-25,91.15110778808594,91.46007251128098,90.96854259462913,91.03173700222395,41756000,SPY
2006-08-28,91.58646392822266,91.86032779801059,91.03173958821758,91.03875761774461,52681500,SPY
2006-08-29,91.69180297851562,91.86735015590261,91.15111467208989,91.62860856614817,61817800,SPY
2006-08-30,91.74800109863281,92.01482558558544,91.67075989370001,91.89545476242601,50052200,SPY
2006-08-31,91.73394012451172,91.97971047886813,91.69181051280496,91.88140448003563,37510300,SPY
2006-09-01,92.28162384033203,92.39397658698837,91.87435316961351,92.08501189095725,48794500,SPY
2006-09-05,92.45718383789062,92.58358337408178,92.12715429531536,92.3448310756205,52348300,SPY
2006-09-06,91.64263153076172,92.09906055547694,91.5162427240869,92.06394898210687,53795600,SPY
2006-09-07,91.22134399414062,91.68479114525661,90.8281200045453,91.32666802187148,86269400,SPY
2006-09-08,91.48116302490234,91.60756259016561,91.16518018357156,91.34072739703883,45096300,SPY
2006-09-11,91.57244110107422,91.76905310173001,90.91939996603502,91.18623513030377,68496600,SPY
2006-09-12,92.47123718261719,92.57656120813631,91.54434289984934,91.67776047520682,69875600,SPY
2006-09-13,92.8434066772461,93.00490710584081,92.35187664594623,92.4361358757259,62898400,SPY
2006-09-14,92.85041046142578,92.857439205863,92.51336287947194,92.66082722351081,57805400,SPY
2006-09-15,93.06834411621094,93.37160801649121,92.87085668420087,93.31518457329854,76703100,SPY
2006-09-18,93.19529724121094,93.37161648154634,92.8497076559515,92.94844600007244,64154100,SPY
2006-09-19,92.9625244140625,93.18821813412451,92.44062651933965,93.18115847932951,92089100,SPY
2006-09-20,93.45624542236328,93.63962431811296,93.13887294498333,93.27287728828587,75204100,SPY
2006-09-21,93.00487518310547,93.62552239109064,92.68750268326689,93.52678404088145,88932500,SPY
2006-09-22,92.72273254394531,92.87083463069465,92.39125161994787,92.86378573759619,65966800,SPY
2006-09-25,93.43511199951172,93.6960718578699,92.42657086025254,92.90615414731074,92299100,SPY
2006-09-26,94.21087646484375,94.22498501414569,93.37864424274855,93.4491762275883,73962700,SPY
2006-09-27,94.32376098632812,94.48597170220386,93.99227989627276,94.14744171551885,82432200,SPY
2006-09-28,94.2884750366211,94.50006026917409,93.99930891085438,94.32374103565859,58597500,SPY
2006-09-29,94.21087646484375,94.46477654392889,94.140344480004,94.36603822215523,47966600,SPY
2006-10-02,93.85826873779297,94.38722651194982,93.76657927987027,94.18269014607203,51687400,SPY
2006-10-03,94.05572509765625,94.41541243206491,93.55497377798507,93.7242441032974,73108100,SPY
2006-10-04,95.15592956542969,95.2123529919362,93.85822304078441,93.96401023944149,80890500,SPY
2006-10-05,95.33934020996094,95.50156166924272,95.03607626392402,95.15597206317162,60505900,SPY
2006-10-06,95.21943664550781,95.28291974954548,94.78921727779908,95.17712175059748,64983600,SPY
2006-10-09,95.27587890625,95.42399182935546,94.95850637008036,95.10661929318582,41176800,SPY
2006-10-10,95.40281677246094,95.5297614588332,95.09954208556223,95.2829209814408,56403700,SPY
2006-10-11,95.28996276855469,95.51564578138336,94.71869019914945,95.09953499152911,104071800,SPY
2006-10-12,96.11512756347656,96.19270844688354,95.49448049622067,95.52974649080032,59158600,SPY
2006-10-13,96.36197662353516,96.41840006127524,95.9458551154109,96.03049565285619,53944000,SPY
2006-10-16,96.5101089477539,96.65822186340348,96.2138938781285,96.28442588780425,42273000,SPY
2006-10-17,96.20684814453125,96.41137376063651,95.68493923612523,96.24916304705826,90500600,SPY
2006-10-18,96.33375549316406,96.88387053602469,95.98817674876207,96.65112790071136,86848600,SPY
2006-10-19,96.48893737792969,96.53831192981245,96.07987545735072,96.19272235164951,64063200,SPY
2006-10-20,96.5101089477539,96.58768985372774,96.15042152642457,96.5101089477539,48094500,SPY
2006-10-23,96.95436096191406,97.18710349746407,96.1926610532955,96.31255676645786,66219900,SPY
2006-10-24,97.24356079101562,97.27881601883853,96.77807555772763,96.82039044045035,53234900,SPY
2006-10-25,97.5750961303711,97.61741103668915,96.98265515689314,97.14487664667911,78105400,SPY
2006-10-26,97.87833404541016,98.03349583500366,97.31411033431311,97.79370425533087,66843700,SPY
2006-10-27,97.26473236083984,97.85716232835108,97.06725570500276,97.75842400043254,80238000,SPY
2006-10-30,97.19424438476562,97.46930204864289,96.9050781643195,97.08845711468801,49717800,SPY
2006-10-31,97.18009185791016,97.51157283640481,96.799247096273,97.37757927549198,71274100,SPY
2006-11-01,96.52416229248047,97.54681127780529,96.42542399241464,97.48333896240602,83005600,SPY
2006-11-02,96.46778106689453,96.62999175331484,96.1715660371248,96.27735327573103,60693100,SPY
2006-11-03,96.29850006103516,96.89798971121952,95.64964662552433,96.81335992970497,71346400,SPY
2006-11-06,97.3846206665039,97.52567387247687,96.58765444833543,96.59471410371944,63303300,SPY
2006-11-07,97.7584457397461,98.0193947869164,97.32822633778606,97.469279585941,63318900,SPY
2006-11-08,97.97000122070312,98.06873954057328,96.52418165272091,97.32819676071217,87517800,SPY
2006-11-09,97.45518493652344,98.13225569060684,97.25770820859798,98.04056622347197,95916300,SPY
2006-11-10,97.49748992919922,97.56801116754815,97.13074290009911,97.42695792917803,48991500,SPY
2006-11-13,97.73728942871094,98.06171082707773,97.3776020274765,97.45517216744292,59398200,SPY
2006-11-14,98.47077178955078,98.55541234791241,97.41285628425119,98.0123460419235,96704000,SPY
2006-11-15,98.7529067993164,99.05617079974586,98.40731713126138,98.43553424301177,76509600,SPY
2006-11-16,99.00676727294922,99.21834171781391,98.37907130928582,99.04908216192216,76728800,SPY
2006-11-17,99.03502655029297,99.04207544833285,98.54838354363078,98.68943683616331,56353800,SPY
2006-11-20,99.09142303466797,99.26069339661647,98.6964696184616,98.95036978054762,69174200,SPY
2006-11-21,99.19013977050781,99.21129721593098,98.94328855834263,99.08435254339194,51367900,SPY
2006-11-22,99.38762664794922,99.55689699039877,99.09141161991668,99.26773085767455,45505300,SPY
2006-11-24,98.98558807373047,99.33116676550638,98.87979011287942,98.90800720710702,30998000,SPY
2006-11-27,97.62445068359375,98.98564102400567,97.59624433594605,98.93626646352965,84545100,SPY
2006-11-28,98.047607421875,98.14634576724758,97.40580279611696,97.49749224598882,106652900,SPY
2006-11-29,99.07022094726562,99.11253582826886,98.08988674457225,98.36494423276194,90034900,SPY
2006-11-30,99.11260223388672,99.47934938441708,98.56953578659619,99.04912986985526,83994300,SPY
2006-12-01,98.8939208984375,99.20424443471433,98.01232483477412,99.11255500035871,126080000,SPY
2006-12-04,99.64857482910156,99.83195372228128,98.90098298923019,98.91509154139912,87813200,SPY
2006-12-05,100.07876586914062,100.12109151366731,99.6273891825444,99.83897435850149,73374400,SPY
2006-12-06,99.99415588378906,100.19869220695331,99.79667921694366,100.05762822063126,53253200,SPY
2006-12-07,99.556884765625,100.36089996060743,99.52161877006935,100.1704721939437,62857400,SPY
2006-12-08,99.74024200439453,100.07877184915262,99.28886529082718,99.53571647113874,79625500,SPY
2006-12-11,100.02946472167969,100.21283291609285,99.68387502585306,99.74029849221307,39779400,SPY
2006-12-12,99.95183563232422,100.05762285472136,99.36645455782853,99.93067818784479,77451600,SPY
2006-12-13,100.05763244628906,100.38911345713689,99.83899832459618,100.31153256605182,55520200,SPY
2006-12-14,100.93923950195312,101.02388005880543,100.03648581446268,100.0505943675502,64755200,SPY
2006-12-15,100.94847106933594,101.33853688770664,100.8775568979451,101.16123522677765,70857400,SPY
2006-12-18,100.67184448242188,101.33141204965908,100.53000536933095,101.0902736536108,48954600,SPY
2006-12-19,100.86332702636719,101.10445458593746,100.13284535837902,100.38816007487401,65023600,SPY
2006-12-20,100.80659484863281,101.17538519785626,100.7143945559193,100.90588330938944,41469600,SPY
2006-12-21,100.43778991699219,101.01224527236765,100.22503669028204,100.89878049199858,48698400,SPY
2006-12-22,99.8207778930664,100.45905917794087,99.76404009549093,100.45197101135457,62069100,SPY
2006-12-26,100.40945434570312,100.43072967428965,99.84208699958772,99.86336232817425,32696900,SPY
2006-12-27,101.06902313232422,101.13285994726817,100.58676786513276,100.61513136605971,39727100,SPY
2006-12-28,100.85628509521484,101.20378943695522,100.70025876240429,100.99812426459674,37288800,SPY
2006-12-29,100.43778991699219,101.09025839603773,100.30303899232308,100.74984241167245,45461200,SPY
2007-01-03,100.26049041748047,101.3172116923559,99.69313403903143,100.88459541972951,94807600,SPY
2007-01-04,100.4732894897461,100.74279143858361,99.72153228681306,100.16123687985699,69620600,SPY
2007-01-05,99.67184448242188,100.2817623078428,99.55837970359364,100.23212349616087,76645300,SPY
2007-01-08,100.13287353515625,100.28889984034305,99.46621765329145,99.87047057717531,71655000,SPY
2007-01-09,100.04776000976562,100.42363856596855,99.57258216088931,100.2179626334761,75680100,SPY
2007-01-10,100.38105010986328,100.40233625373791,99.50164126602569,99.70021815473926,72428000,SPY
2007-01-11,100.82078552246094,101.14701440991108,100.35270669615669,100.40944450737214,54476800,SPY
2007-01-12,101.58676147460938,101.58676147460938,100.78535452059404,100.81371802424633,55370600,SPY
2007-01-16,101.38814544677734,101.72856146770665,101.22502019327293,101.46615857882679,44871300,SPY
2007-01-17,101.43069458007812,101.74274710361003,101.22501867973662,101.31013079991898,50241400,SPY
2007-01-18,101.09027099609375,101.60090044710185,100.92715656140878,101.53707447113344,68177300,SPY
2007-01-19,101.28885650634766,101.48743341941119,101.03354178646168,101.090268771654,56973000,SPY
2007-01-22,100.976806640625,101.48743609385329,100.65765511613449,101.46616076843799,60253600,SPY
2007-01-23,101.27468872070312,101.47326567174976,100.7498720234329,100.89171115680446,54064400,SPY
2007-01-24,102.09028625488281,102.11156158680808,101.35271616432817,101.3952668281787,55834700,SPY
2007-01-25,100.8917465209961,102.06903230173901,100.71444483672647,102.02648162897607,73583800,SPY
2007-01-26,100.79952239990234,101.16830198500499,100.40945666408965,101.1115749885525,67255600,SPY
2007-01-29,100.74279022216797,101.27469512215657,100.5229379283006,100.84207870396719,66114600,SPY
2007-01-30,101.26758575439453,101.31723540102314,100.74986806817847,100.95554400188017,70407600,SPY
2007-01-31,101.94840240478516,102.21790425319386,100.99096960137557,101.1540948367961,91868600,SPY
2007-02-01,102.55835723876953,102.59381972976988,102.0619148296632,102.23211747185228,69312400,SPY
2007-02-02,102.70018768310547,102.79947615651766,102.39523409392233,102.6434498666368,49607000,SPY
2007-02-05,102.72857666015625,102.79240265467864,102.36687438126236,102.62218918098543,45705300,SPY
2007-02-06,102.75695037841797,102.85623887586924,102.35979638861289,102.81368820862363,57081300,SPY
2007-02-07,102.98385620117188,103.0902328222889,102.52996458168958,102.92001940687184,55669700,SPY
2007-02-08,102.84916687011719,102.92008105279398,102.3172618026779,102.67895335274754,70641000,SPY
2007-02-09,102.0831527709961,103.06894905860443,101.69308715612324,102.8774603346434,79084400,SPY
2007-02-12,101.73571014404297,102.15413954588774,101.5513202775444,102.08322536106674,65657000,SPY
2007-02-13,102.59382629394531,102.76402894702434,101.95553387999821,101.96263287163224,64081800,SPY
2007-02-14,103.2675552368164,103.4732203530069,102.67891256408912,102.69309972364323,66039400,SPY
2007-02-15,103.4023208618164,103.50869751947728,103.13990707019703,103.31012054408797,38715200,SPY
2007-02-16,103.3526382446289,103.37391356937569,102.99803507000911,103.14697316486665,39841800,SPY
2007-02-20,103.57254028320312,103.68601595083628,102.83497008685829,103.232124101939,56911800,SPY
2007-02-21,103.52996826171875,103.59380507511905,103.08317549771503,103.26756530336473,63971600,SPY
2007-02-22,103.45195007324219,103.84201581777634,102.95550768094077,103.57961287219543,79067400,SPY
2007-02-23,103.04772186279297,103.39522617337012,102.85623304940037,103.35977450043008,71966200,SPY
2007-02-26,102.95549011230469,103.50867022956317,102.65762472775249,103.42356892587131,69192800,SPY
2007-02-27,98.9343032836914,102.26757155257899,98.57970004611545,102.040631107779,274466500,SPY
2007-02-28,99.94847869873047,100.69314777633166,99.14708261744121,99.56551190485098,177536300,SPY
2007-03-01,99.65065002441406,100.17546698618435,97.90600724356823,98.82087931328431,212828600,SPY
2007-03-02,98.34565734863281,99.75698208315954,98.33856917990391,99.32436571480132,162574000,SPY
2007-03-05,97.40950012207031,98.99102731130262,97.39531296448652,97.82083029732584,143750400,SPY
2007-03-06,99.07611846923828,99.37398381821681,97.67189301787391,98.42364996838586,143333300,SPY
2007-03-07,98.9768295288086,99.61512169199429,98.86335392358055,98.99810485208518,115144900,SPY
2007-03-08,99.8137435913086,100.1116090731027,99.33857645452031,99.67189361000588,117891600,SPY
2007-03-09,99.84209442138672,100.29598616769285,99.34565201474453,100.21797301653244,107765100,SPY
2007-03-12,99.99104309082031,100.2392589094809,99.40240031033278,99.58679013176355,80366900,SPY
2007-03-13,98.04776763916016,99.83497048441109,97.8988295597105,99.4165305572092,190605200,SPY
2007-03-14,98.77828216552734,98.83501998510617,96.98399055517321,98.17545230143082,231853800,SPY
2007-03-15,98.9130630493164,99.28185357729848,98.43789584097213,98.55845968592793,132435900,SPY
2007-03-16,98.63603973388672,99.41926536508552,98.34410919275325,99.1914139579902,121531600,SPY
2007-03-19,99.82511901855469,99.917685018428,99.07749646582192,99.15581903543305,96161200,SPY
2007-03-20,100.37340545654297,100.43036832918384,99.65426956049649,99.73970843717926,82147400,SPY
2007-03-21,102.02527618408203,102.28160365577234,100.26659789709326,100.46596250123505,152368700,SPY
2007-03-22,101.94690704345703,102.3029166546403,101.66921998131612,102.16051498307722,118942200,SPY
2007-03-23,102.09645080566406,102.39549761908701,101.92556225604264,102.01812824515666,74416800,SPY
2007-03-26,101.9611587524414,102.28156525562325,101.17081691683181,102.1747667094133,113787500,SPY
2007-03-27,101.71910858154297,101.9327166094456,101.38445853955848,101.90422974462894,99864600,SPY
2007-03-28,100.97860717773438,101.44141549074602,100.57986714543614,101.20644776020696,152907900,SPY
2007-03-29,101.08543395996094,101.54112611661698,100.53005948355384,101.49127952446244,139432700,SPY
2007-03-30,101.1067886352539,101.70488252391233,100.08147861780665,101.27767725968094,128194100,SPY
2007-04-02,101.2206802368164,101.43428822914753,100.7365013965623,101.2206802368164,79416400,SPY
2007-04-03,102.31012725830078,102.51660822081868,101.75475268097955,101.79747213084119,82417800,SPY
2007-04-04,102.42398834228516,102.49518375890015,101.9326932500633,102.31006263823743,63995200,SPY
2007-04-05,102.70167541503906,102.84407711276599,102.25309974587378,102.29581916873656,46822800,SPY
2007-04-09,102.8441162109375,103.10044371011506,102.63762443586148,102.99363424779935,50967400,SPY
2007-04-10,102.96511840820312,103.1360069630607,102.72303443723634,102.76575385981246,56620000,SPY
2007-04-11,102.54505920410156,103.1431530219386,102.20328199571796,103.11467702018471,106365700,SPY
2007-04-12,103.0007553100586,103.18587649008509,102.0608842471011,102.34569859855334,115534400,SPY
2007-04-13,103.47064208984375,103.47064208984375,102.7870988329763,103.1715844455851,84287000,SPY
2007-04-16,104.4532699584961,104.56719569851198,103.82670011752175,103.83381640206403,83064600,SPY
2007-04-17,104.73092651367188,104.95165078001776,104.41763625257964,104.64548766593886,108424100,SPY
2007-04-18,104.85906982421875,105.16523286289315,104.36065856094025,104.38201826761285,88345300,SPY
2007-04-19,104.83061218261719,104.951654175673,104.21115878740396,104.34644421039391,102947700,SPY
2007-04-20,105.8203125,105.8203125,104.69532062134367,105.5355091053377,124114100,SPY
2007-04-23,105.4216079711914,105.89865974393655,105.35752882214106,105.64233228317961,77270800,SPY
2007-04-24,105.46435546875,105.66372011744053,104.89474839509619,105.54267807106118,114471000,SPY
2007-04-25,106.43264770507812,106.56081683560957,105.39310555474259,105.89863320106178,108418800,SPY
2007-04-26,106.5537109375,106.6605203783346,106.16210891477168,106.43979607765353,88741600,SPY
2007-04-27,106.46826171875,106.61779057554955,105.97696658654948,106.1549714394016,108191100,SPY
2007-04-30,105.58535766601562,106.61779454261638,105.52840567179138,106.54658825300447,100874100,SPY
2007-05-01,105.85591888427734,106.42553655561017,105.14389951124967,105.67791404102043,134342700,SPY
2007-05-02,106.475341796875,106.76727226378051,105.91285143352933,106.01964996310436,87129800,SPY
2007-05-03,107.0521469116211,107.08773919854787,106.61068738943075,106.78157599781635,86569700,SPY
2007-05-04,107.4579849243164,107.60038665576263,106.95957343197679,107.33694290935934,96409000,SPY
2007-05-07,107.47932434082031,107.65732918764664,107.37964206117972,107.42948863327685,63461400,SPY
2007-05-08,107.33696746826172,107.45800951091344,106.89551874040741,107.21592542561,80584000,SPY
2007-05-09,107.62885284423828,108.81080763083274,107.0663514459375,107.25859972196277,102070100,SPY
2007-05-10,106.50385284423828,107.5291624192983,106.28312858993702,107.3226707291403,153617800,SPY
2007-05-11,107.41521453857422,107.4650502318906,106.60351310335277,106.62487280970987,113408900,SPY
2007-05-14,107.18023681640625,107.72849457858833,106.65333875857092,107.41520442877,108027500,SPY
2007-05-15,107.20877075195312,107.98486932288404,106.93819989199199,107.30132588992329,180673300,SPY
2007-05-16,107.9421157836914,107.9634754906694,107.07345148475027,107.37249824699299,114166500,SPY
2007-05-17,107.72850799560547,108.19844327886092,107.59322260819397,107.78547083580771,101132800,SPY
2007-05-18,108.6684341430664,108.6684341430664,108.09169997213091,108.23410172743291,99182000,SPY
2007-05-21,108.61141967773438,109.10271473503558,108.58294368602304,108.63990653399806,174664600,SPY
2007-05-22,108.52596282958984,109.05286093751265,108.49748684260372,108.7253273321443,82148800,SPY
2007-05-23,108.54025268554688,109.29499160586441,108.48328982265713,108.9033787138444,133786600,SPY
2007-05-24,107.55762481689453,109.08847270391432,107.32978430932059,108.60429397042364,187593000,SPY
2007-05-25,108.0062484741211,108.24121623197037,107.64311154628302,107.87096301979368,83309200,SPY
2007-05-29,108.3978271484375,108.58294826374652,107.83532579131507,108.18421917566383,82020000,SPY
2007-05-30,109.28077697753906,109.3234964198273,107.75705530342985,107.84250505256438,129013600,SPY
2007-05-31,109.16686248779297,109.57270805558186,109.024449860231,109.41606285691019,114866700,SPY
2007-06-01,109.70793151855469,109.93577203765808,109.30207531562556,109.56552983604605,107771700,SPY
2007-06-04,109.72215270996094,109.92863347807041,109.28069345973248,109.32341286937238,78008800,SPY
2007-06-05,109.28792572021484,109.57984558837991,108.8393497584448,109.46593067462388,126917900,SPY
2007-06-06,108.11307525634766,108.90341760629398,108.04899608692044,108.83933843686677,164096800,SPY
2007-06-07,106.16205596923828,108.58291665037765,106.13356912006742,107.91361693400803,232414600,SPY
2007-06-08,107.54341888427734,107.65022832640628,106.15498305304294,106.50387651404243,175886000,SPY
2007-06-11,107.72850799560547,108.19131613349134,107.30129212636399,107.46505350160118,102015600,SPY
2007-06-12,106.5537109375,107.89942732139744,106.48251550816533,107.27997384986602,233898000,SPY
2007-06-13,108.14862823486328,108.27679737880561,106.60354741198724,107.1589216851112,193208200,SPY
2007-06-14,108.83928680419922,109.02440793846615,108.24830939364402,108.26966910665352,146396500,SPY
2007-06-15,109.45854187011719,109.88044123487927,109.3584190601276,109.50859236373337,154030800,SPY
2007-06-18,109.32984161376953,109.68738573715963,109.16537437219668,109.68023878278889,88537500,SPY
2007-06-19,109.60159301757812,109.68025317149842,108.95086000890853,109.08672853944198,110851700,SPY
2007-06-20,108.07840728759766,109.82322387294892,107.94969667624112,109.82322387294892,177119700,SPY
2007-06-21,108.6791000366211,108.77206499294178,107.44200052338512,108.03552503031749,205262000,SPY
2007-06-22,107.65653991699219,108.52894846865625,107.15598031637697,108.3501764033379,204964700,SPY
2007-06-25,107.14169311523438,108.15711730386172,106.56247327417212,107.43488196930232,232014400,SPY
2007-06-26,106.04041290283203,107.59216373093838,106.03326594970217,107.41339170028252,198445700,SPY
2007-06-27,107.54927825927734,107.67085287489736,105.8759742201648,105.92603563970032,213638000,SPY
2007-06-28,107.53491973876953,108.27145938810013,107.02720253893838,107.53491973876953,157705000,SPY
2007-06-29,107.57073211669922,108.44314075117381,106.65541992829668,107.90682450431068,199701800,SPY
2007-07-02,108.54324340820312,108.6362083746932,107.8138612309737,107.88536351095134,103357000,SPY
2007-07-03,108.9365234375,109.05094015737969,108.68624913806455,108.82210671762033,54048400,SPY
2007-07-05,108.82215118408203,109.09388827698763,108.42886127978196,108.97947151035544,89279000,SPY
2007-07-06,109.39419555664062,109.53006406763505,108.6433507247213,108.96514916081571,81109000,SPY
2007-07-09,109.48004150390625,109.66596056507167,109.1367912059931,109.52294506329955,72348100,SPY
2007-07-10,107.92109680175781,109.12959745963643,107.8138379492627,108.90076402580864,180362600,SPY
2007-07-11,108.68622589111328,108.72912942404676,107.6350456887365,107.79951286877372,175607600,SPY
2007-07-12,110.40245819091797,110.65989035938851,108.93652531244346,108.95797708386775,133882500,SPY
2007-07-13,110.73143768310547,111.16764202220408,110.4024922342022,110.53121381381914,111794300,SPY
2007-07-16,110.71710205078125,111.2176615847037,110.53833000928184,110.83151877607195,98378700,SPY
2007-07-17,110.65991973876953,111.18193116764913,110.60985831790249,110.78863040148694,126201300,SPY
2007-07-18,110.4596939086914,110.69567436418144,109.62304188179864,110.2880687834127,237887400,SPY
2007-07-19,110.88874053955078,111.21767502528871,110.659907061315,110.98169459262586,145212700,SPY
2007-07-20,109.76609802246094,110.83158394439351,109.28698997889532,110.7600707211926,245502500,SPY
2007-07-23,110.1021499633789,110.63846620561993,109.62304209634274,110.25231240083254,121183900,SPY
2007-07-24,108.1928482055664,110.32380801323129,107.80669446232785,109.49430307204786,256732400,SPY
2007-07-25,108.41453552246094,108.97230351286476,107.44201501663711,108.70772433857562,265214500,SPY
2007-07-26,105.84735870361328,107.83530303204478,104.68176144283956,107.39909879241743,467592500,SPY
2007-07-27,103.76647186279297,106.45520015551419,103.7235683072181,105.98325013280831,422987600,SPY
2007-07-30,105.38975524902344,105.6972380917299,103.89521186902536,104.35286811003446,283017500,SPY
2007-07-31,104.20266723632812,106.87710138813655,103.71640152173502,106.06904812302028,316976700,SPY
2007-08-01,104.71038818359375,105.12514076103464,102.936972023564,103.81652769205293,467670000,SPY
2007-08-02,105.54704284667969,105.66144868788527,103.87372784638583,104.94636035128549,294758400,SPY
2007-08-03,102.8296890258789,105.53272164579752,102.40063172595706,105.31819299583661,359398200,SPY
2007-08-06,104.55303955078125,104.99639069661255,101.92150957702722,103.12286330086982,324980000,SPY
2007-08-07,105.66859436035156,106.54814985768135,103.85226408461916,104.3599815460224,232568700,SPY
2007-08-08,107.14169311523438,107.68515635507666,105.36111912375401,106.12626892660703,274930600,SPY
2007-08-09,103.9666519165039,106.51236364737741,103.89513874642768,105.42542674820994,357622100,SPY
2007-08-10,103.48043060302734,104.76043383315505,102.34343193635218,103.25159711418814,411018400,SPY
2007-08-13,103.85224151611328,105.03929037865295,103.70207912576242,104.76040645662287,181917200,SPY
2007-08-14,102.2647933959961,104.44581531002926,102.05742255037887,104.18838303638299,264134500,SPY
2007-08-15,100.8560791015625,103.30169141874558,100.55574323538217,102.05743347766864,323834000,SPY
2007-08-16,101.61405181884766,102.21472337225971,97.96709712342309,99.96218867989222,546743700,SPY
2007-08-17,103.48043060302734,104.26702117030416,101.1063322575365,104.0453455476045,388218100,SPY
2007-08-20,103.43035888671875,104.02388341399252,102.46498543279799,103.80935476741233,187320400,SPY
2007-08-21,103.6377182006836,104.38141597168975,103.07280337486269,103.40174871807292,157066400,SPY
2007-08-22,104.86766052246094,104.974930279196,103.92374994918445,104.41000459664065,173156700,SPY
2007-08-23,104.77474975585938,105.5827921844114,104.12401672832597,105.36111653822326,203915300,SPY
2007-08-24,106.06904602050781,106.06904602050781,104.60311286231408,104.7461283362249,128901900,SPY
2007-08-27,105.0822525024414,106.06907812041933,104.92493216011493,105.72583869688184,113024300,SPY
2007-08-28,102.7724609375,104.5816329282372,102.58654196261266,104.51727761901215,219790700,SPY
2007-08-29,104.78901672363281,104.93204308822806,102.94409882780624,103.23727668791533,207654200,SPY
2007-08-30,104.51014709472656,105.2538450115841,103.90947556206704,104.00958748417696,191817300,SPY
2007-08-31,105.53986358642578,106.19059645955558,104.99640048887095,105.58276713210381,185477500,SPY
2007-09-04,106.60533142089844,107.24890632318635,105.40397778221543,105.43973436820433,120062000,SPY
2007-09-05,105.68290710449219,106.09051271942486,105.11799208409629,105.97609595964909,166261800,SPY
2007-09-06,105.926025390625,106.26926469357998,105.20377927875178,105.79730383240394,127878400,SPY
2007-09-07,104.45291900634766,105.03928554637298,103.87368850750615,104.74609682067134,235447600,SPY
2007-09-10,104.25271606445312,104.91775384211567,103.20869328077647,104.77473836767273,192305900,SPY
2007-09-11,105.46833038330078,105.61849274913565,104.4958102914177,104.57447040588532,162081900,SPY
2007-09-12,105.74005889892578,106.14766429573359,105.10363101640066,105.32530655022514,149554600,SPY
2007-09-13,106.4837875366211,106.86993036744288,105.97607010857939,106.22635534561321,154079000,SPY
2007-09-14,106.47662353515625,106.61249203249439,105.64712955538249,105.8044498247867,121911000,SPY
2007-09-17,105.9045639038086,106.29785367400659,105.56847158604035,106.05472631135117,109870800,SPY
2007-09-18,109.02242279052734,109.05102153614945,105.92608755820007,106.42664744199021,263759500,SPY
2007-09-19,109.66596221923828,110.40250243028865,109.2011591036221,109.7017188230665,193779900,SPY
2007-09-20,108.89366912841797,109.7160164876727,108.7721054003515,109.65166114541115,175186800,SPY
2007-09-21,109.18751525878906,110.01376369671299,109.02226776383341,109.71919493522135,141457500,SPY
2007-09-24,108.98629760742188,109.79818399725573,108.74919775119231,109.51078524888295,139450200,SPY
2007-09-25,108.77076721191406,108.96476002507528,108.10976643859232,108.35404718811805,142289900,SPY
2007-09-26,109.34561920166016,109.76233947459129,108.77083224026725,109.38872630521348,135547000,SPY
2007-09-27,109.9921646118164,109.9993564324101,109.34553662057098,109.86284339882377,102713300,SPY
2007-09-28,109.62578582763672,110.06405949038823,109.1946930251074,109.81977868508946,133372100,SPY
2007-10-01,110.86158752441406,111.18490168563632,109.56831991637827,109.64017238027067,148162300,SPY
2007-10-02,110.71065521240234,111.11300252957219,110.50948155381744,111.08426813397811,112978800,SPY
2007-10-03,110.48795318603516,110.94059950253735,109.93472001732633,110.50950672842625,119055900,SPY
2007-10-04,110.660400390625,110.83282874206691,110.35144798904916,110.72506102241572,76864400,SPY
2007-10-05,111.97518920898438,112.15480933221781,111.09864213055378,111.38602994247039,134579700,SPY
2007-10-08,111.37889862060547,111.71658547952367,111.19927841748502,111.64473301301663,71280400,SPY
2007-10-09,112.42788696289062,112.44225965041886,111.38609186163463,111.79563123257677,94054300,SPY
2007-10-10,112.24105834960938,112.39912498420784,111.65909072365397,112.11172611987168,101711100,SPY
2007-10-11,111.7021713256836,113.17505863711132,111.03397871729642,112.75114678312673,233529100,SPY
2007-10-12,112.32002258300781,112.33439525817093,111.55843524644621,111.69494825264856,124546700,SPY
2007-10-15,111.3717041015625,112.34165756020491,110.60293535164297,112.27699691980125,161151900,SPY
2007-10-16,110.48795318603516,111.0196328123529,110.26522593923079,110.94059950253735,166525700,SPY
2007-10-17,110.82563781738281,111.42915891891276,109.5467431656503,111.35012561063066,216687300,SPY
2007-10-18,110.42326354980469,110.78250377947384,109.98499003108266,110.25082429283246,148367500,SPY
2007-10-19,107.53501892089844,112.42787136476649,107.52783805970476,109.99222191619639,297169900,SPY
2007-10-22,108.16007995605469,108.3181465874013,106.80934369247298,106.95303764011203,261989800,SPY
2007-10-23,109.03662872314453,109.17314181229843,107.95172679658022,108.82109328042326,180085100,SPY
2007-10-24,108.83549499511719,109.02230706498455,106.93870566013466,108.6415130253852,326694200,SPY
2007-10-25,109.09410858154297,109.41742270902525,107.68589252664155,108.95759549228153,237374500,SPY
2007-10-26,110.37301635742188,110.37301635742188,109.13722851142805,109.9706688658233,176484000,SPY
2007-10-29,110.73939514160156,110.96212232674728,110.32267516549534,110.5956902812506,106841000,SPY
2007-10-30,109.97062683105469,110.46638014483189,109.83411377791109,110.25083379582318,132981600,SPY
2007-10-31,111.11304473876953,111.55851026326543,109.8125963220712,110.63166394692324,220954400,SPY
2007-11-01,108.51214599609375,110.22213367670392,108.19601271431915,110.13590853239967,333040800,SPY
2007-11-02,108.63424682617188,109.20903340514317,107.20447768155499,108.87134670111537,331228200,SPY
2007-11-05,107.80799865722656,108.60551243181159,107.03203842007827,107.51341902806855,226841000,SPY
2007-11-06,109.25932312011719,109.28805751323722,107.70021095561042,108.38995698504453,177800500,SPY
2007-11-07,106.27046966552734,108.58397810698074,106.01181620737901,108.08822473193443,306639700,SPY
2007-11-08,105.73160552978516,106.62251443885772,104.2299837381472,106.32794573096898,374509900,SPY
2007-11-09,104.28026580810547,106.00461472994425,104.10064567194964,104.67543230027692,277745100,SPY
2007-11-12,103.24567413330078,105.33645559610812,103.24567413330078,104.330587003939,243087800,SPY
2007-11-13,106.39261627197266,106.55786375226494,104.33776116856782,104.44552888111828,191117400,SPY
2007-11-14,106.09807586669922,107.34104478540613,105.45862828807729,107.21172348245167,230558800,SPY
2007-11-15,104.56768035888672,105.96872654939936,103.83483790958465,105.30772559503006,263111100,SPY
2007-11-16,104.747314453125,105.23588711402951,103.87077793439285,105.12092755109346,308770600,SPY
2007-11-19,103.28871154785156,104.43828427472704,102.87918352698111,104.38080454206946,267746000,SPY
2007-11-20,103.9210433959961,104.5604907520826,102.10328818274527,103.47558888997817,414767500,SPY
2007-11-21,101.79436492919922,103.39658517110648,101.78718406719513,102.80024473032435,259012400,SPY
2007-11-23,103.55461883544922,103.7054936314849,102.52718581262722,102.79303110612157,77688400,SPY
2007-11-26,101.26984405517578,104.09347867232078,101.06148949327748,103.77015361367808,214232000,SPY
2007-11-27,102.43379211425781,102.90798101395951,101.26984599971249,101.83745185579544,293897900,SPY
2007-11-28,105.7100830078125,105.95436384726057,103.56182148136222,103.5977477137862,258596900,SPY
2007-11-29,105.74600982666016,106.13399563817994,104.9700601299168,105.34366229111971,199409900,SPY
2007-11-30,106.80926513671875,107.67862000658913,105.85368519116511,107.08228014749307,222908000,SPY
2007-12-03,106.10519409179688,106.65842714185769,105.82498713766208,106.47162616014859,146430400,SPY
2007-12-04,105.15681457519531,106.00461636864817,105.12088835478015,105.37236093454301,136533900,SPY
2007-12-05,106.91707611083984,107.197283053319,106.21296832568693,106.28480979421332,171130000,SPY
2007-12-06,108.44744873046875,108.64144153569664,106.74465344886389,106.78776052488288,154457400,SPY
2007-12-07,108.42591094970703,108.84981187635478,108.16725749286122,108.79233211226193,148980100,SPY
2007-12-10,109.26653289794922,109.38867328653423,108.38998567337998,108.69174621514485,123914300,SPY
2007-12-11,106.27046966552734,109.84850003395921,106.21298990114504,109.30963957641218,250346400,SPY
2007-12-12,107.3194580078125,109.04381825536865,105.76035621373097,108.53369213764095,322435600,SPY
2007-12-13,107.09671783447266,107.33381775104438,105.83219590923422,106.56504920017007,237551300,SPY
2007-12-14,105.73882293701172,107.12549664632499,105.68853497950988,106.28486442366837,159152900,SPY
2007-12-17,104.22999572753906,105.5232521589078,104.0791099635354,105.33645113203441,177269400,SPY
2007-12-18,104.8119888305664,105.24307075825375,103.43250692830117,104.97005549299605,245569300,SPY
2007-12-19,104.8119888305664,105.53765053488607,104.13661508439384,104.85509592702039,198917200,SPY
2007-12-20,105.47297668457031,105.5160837756271,104.30903041030562,105.50171109089275,214813800,SPY
2007-12-21,106.99337768554688,107.20283802556392,106.24218600678434,106.44442737691392,146084400,SPY
2007-12-24,107.78790283203125,107.96847628562303,107.24618247125592,107.49177074435073,45601400,SPY
2007-12-26,108.0190200805664,108.11291076275377,107.26060952611641,107.3689491676121,67093100,SPY
2007-12-27,106.66117095947266,107.64349139967295,106.4083746312644,107.63627242618138,122981700,SPY
2007-12-28,106.3938980102539,107.34010129440273,106.1049738256809,107.28953542910344,116398100,SPY
2007-12-31,105.60657501220703,106.61778186301478,105.49822433590958,106.24941601479084,108126800,SPY
2008-01-02,104.68205261230469,106.16998734651602,103.9236528128117,105.83772729368636,204935600,SPY
2008-01-03,104.63148498535156,105.08653362651512,104.06087770723293,104.66760188123155,125133300,SPY
2008-01-04,102.06731414794922,103.60580315273845,101.77840109582914,103.53356937904519,232330900,SPY
2008-01-07,101.98072052001953,102.73190164348344,101.19342248205541,102.42853940008446,234991000,SPY
2008-01-08,100.33383178710938,103.21577692031786,99.99435282825434,102.62350175085123,326365700,SPY
2008-01-09,101.38838195800781,101.69174404574701,99.45985874366839,100.46384673213714,301824900,SPY
2008-01-10,102.05287170410156,103.14354224133622,100.66606912700273,100.88997840988934,335701200,SPY
2008-01-11,101.2294692993164,102.4934834198211,100.39883585723042,101.68451790952321,267076600,SPY
2008-01-14,102.04568481445312,102.4646166133985,101.41006263380073,101.95901307030257,170365500,SPY
2008-01-15,99.7993392944336,102.19736015135346,99.60431687020711,100.9694517971336,239940100,SPY
2008-01-16,98.93978881835938,100.4854969092282,98.43418542813636,99.21426395362072,378802600,SPY
2008-01-17,96.37570190429688,99.58991964751024,96.01455483394336,99.53935376742047,397892600,SPY
2008-01-18,95.38611602783203,97.52411049301308,94.69272016222041,97.32186911376564,348561500,SPY
2008-01-22,94.41825103759766,95.6533673240879,91.00902325307761,91.88299813256154,435923700,SPY
2008-01-23,96.6862564086914,96.92461470472614,91.61575043242908,91.796323897183,511913000,SPY
2008-01-24,97.50242614746094,97.84190505290586,96.28896705492178,97.1340493233719,259949300,SPY
2008-01-25,96.09400177001953,98.78093669129468,95.77620162540987,98.60036316713014,269603900,SPY
2008-01-28,97.68303680419922,97.88527822650211,95.38613633471515,96.25288686191764,217934600,SPY
2008-01-29,98.16695404052734,98.55698784726451,97.4229923003716,98.30419162739024,168968300,SPY
2008-01-30,97.44466400146484,100.06658313006919,97.22075467585175,97.92859954873522,334939200,SPY
2008-01-31,99.22149658203125,100.06657901230983,96.20953273421922,96.35398929112236,343680800,SPY
2008-02-01,100.81777954101562,100.83944747537568,99.32985593453286,99.63321803690343,206843600,SPY
2008-02-04,99.54653930664062,100.61553107151943,99.41652068828388,100.55052727300557,124694300,SPY
2008-02-05,96.88126373291016,98.4125229484762,96.54900376017689,98.1886136505013,286882500,SPY
2008-02-06,96.10121154785156,97.69025602194606,95.63894386409079,97.20632040155047,250792900,SPY
2008-02-07,96.73677062988281,97.35794352867131,95.14772701152211,95.19829285065983,297368100,SPY
2008-02-08,96.11567687988281,96.94631064921163,95.41505075250132,96.1301148258773,221643500,SPY
2008-02-11,96.6068115234375,96.95350951807242,95.37168407438793,96.13732488531375,188576300,SPY
2008-02-12,97.50242614746094,98.45584805750975,96.77290248960723,97.4446413314994,256654400,SPY
2008-02-13,98.49918365478516,98.99756804748034,97.61076553203492,98.23915749430623,181967800,SPY
2008-02-14,97.63245391845703,98.9542529260876,97.35797874117982,98.91813603097286,215207200,SPY
2008-02-15,97.61080169677734,97.66858653399599,96.72238324486861,97.14853402035898,154110300,SPY
2008-02-19,97.8852767944336,98.87481595489075,97.22798667089997,98.75202730895548,145190000,SPY
2008-02-20,98.17418670654297,98.62923539565779,96.6140292192896,96.78016475357843,220085700,SPY
2008-02-21,97.35798645019531,98.9614797325625,96.83794500041529,98.70868348940039,201051200,SPY
2008-02-22,97.95748138427734,98.12361689321868,95.96395446893958,97.48799482398258,205491000,SPY
2008-02-25,99.1926040649414,99.42373233863894,97.35075276001987,97.89969205371368,190107000,SPY
2008-02-26,99.93657684326172,100.36272756672766,98.59310985059818,98.77368331186302,212420700,SPY
2008-02-27,99.83544921875,100.49995818753827,99.25039300825863,99.35873266896863,168395800,SPY
2008-02-28,98.8603515625,99.64766020207944,98.62922327131753,99.12760777025757,170831100,SPY
2008-02-29,96.65738677978516,98.00084301720067,95.90619486019989,97.94306919692329,252715200,SPY
2008-03-03,96.42625427246094,96.65016366129092,95.51616775037805,96.16622797738977,189483500,SPY
2008-03-04,96.05785369873047,96.35398577210152,94.61326613980043,95.50890337268686,282513100,SPY
2008-03-05,96.66460418701172,97.34356228826069,95.58838219446478,96.36846101155948,270681400,SPY
2008-03-06,94.66384887695312,96.22400654559776,94.29548290852244,96.05065201974891,247911700,SPY
2008-03-07,93.68872833251953,95.15498378163407,92.87253285799626,93.73206419464853,326434600,SPY
2008-03-10,92.45359802246094,93.84761963990604,92.15745494617659,93.78261584891516,235683600,SPY
2008-03-11,95.77618408203125,95.86285583092787,93.13980449933605,94.4182679022175,341440600,SPY
2008-03-12,94.88053131103516,96.6212623315895,94.73607472895814,95.87730046362873,229161100,SPY
2008-03-13,95.09000396728516,95.8050790195987,92.8870160084584,93.61652900591044,351504200,SPY
2008-03-14,93.61648559570312,95.92782319928835,92.29468682052931,95.89893630107412,484687800,SPY
2008-03-17,92.67031860351562,93.3637146431311,91.0596006248841,91.42074761007213,405311100,SPY
2008-03-18,96.5201187133789,96.56345457558336,93.88373987555082,94.3460074412785,334416600,SPY
2008-03-19,94.12931823730469,97.25684019185803,93.92706586606033,96.88847438050716,345971600,SPY
2008-03-20,95.87285614013672,96.4753292249459,93.82589859349177,94.3993417682856,245320700,SPY
2008-03-24,97.78921508789062,98.58041079279846,96.71493050343327,96.76573564802005,208977300,SPY
2008-03-25,97.88353729248047,98.39164388711636,97.09959665680235,97.89079200244203,192947200,SPY
2008-03-26,96.68585205078125,98.05774548584358,96.62052642908634,97.60045505808534,196934300,SPY
2008-03-27,96.38101196289062,97.58595874920701,96.07614791018948,97.41174597227925,225153200,SPY
2008-03-28,95.45911407470703,96.8019773630575,95.1324749460491,96.53340913574417,180896100,SPY
2008-03-31,95.79302978515625,96.34468679626848,95.15426087426292,95.29943260604053,166692100,SPY
2008-04-01,99.16104888916016,99.32799579993465,96.9108486445661,96.98344003667225,254547300,SPY
2008-04-02,99.22640991210938,99.9305045784551,98.70378271490645,99.48046879926744,210910800,SPY
2008-04-03,99.47315216064453,99.76350660837926,98.50775546510937,98.68922284148495,175884800,SPY
2008-04-04,99.36430358886719,100.14098949054032,98.80538081412342,99.53125051995953,204446800,SPY
2008-04-07,99.41510009765625,100.58375053566168,99.25540790792454,100.07563298148412,154245500,SPY
2008-04-08,99.31348419189453,99.38606450650856,98.68197010699477,98.85618279867248,148937300,SPY
2008-04-09,98.59490203857422,99.29899667189002,97.91258261446241,99.16107962966808,195610600,SPY
2008-04-10,98.73280334472656,99.20461423680914,97.9198217190692,98.29727707827108,192967800,SPY
2008-04-11,96.81649780273438,98.0795039096179,96.54791849968069,97.62221356011163,222973300,SPY
2008-04-14,96.48988342285156,96.93266451834329,96.2140603840785,96.67861669116031,160522000,SPY
2008-04-15,96.71490478515625,97.04154400917734,96.05436054989227,96.96169788100373,172389200,SPY
2008-04-16,99.33526611328125,99.37881652017381,97.64398849830492,97.65849791667452,189268900,SPY
2008-04-17,99.48045349121094,99.62562522900708,98.47149496107131,98.73280851946184,179665700,SPY
2008-04-18,100.5184555053711,101.30239628634992,100.35876324947384,100.85236051567314,218530600,SPY
2008-04-21,100.56925964355469,100.88137833069261,100.06115301571747,100.33697599888978,118587400,SPY
2008-04-22,100.1264877319336,100.3950560290647,99.37157689409698,100.30795519235079,162166000,SPY
2008-04-23,99.96675872802734,100.73617870517667,99.53123255278886,100.23532692641965,193309000,SPY
2008-04-24,100.40229034423828,101.43302386720977,99.47316704831937,100.22807764952385,229381300,SPY
2008-04-25,101.33142852783203,101.54192589647491,100.10470679347742,101.18624570709167,190788100,SPY
2008-04-28,101.35319519042969,101.80323088427755,101.17172775569834,101.53466262516102,105610200,SPY
2008-04-29,100.95398712158203,101.42579812669332,100.61282738217083,101.17900501866266,125514100,SPY
2008-04-30,100.35875701904297,102.05003502357941,100.35875701904297,101.10640204528556,208395900,SPY
2008-05-01,102.43473052978516,102.43473052978516,100.36600848972633,100.44585460132885,187279500,SPY
2008-05-02,102.71783447265625,103.34208296230062,102.02826035727915,103.32030775372304,181585500,SPY
2008-05-05,102.2242202758789,102.7903976954135,101.91935636350577,102.38391247891599,118504500,SPY
2008-05-06,103.10980224609375,103.21867828039409,101.39674915910898,101.63628751046332,179339800,SPY
2008-05-07,101.27336120605469,103.10254519259257,100.99027241700279,102.99366914907051,199267300,SPY
2008-05-08,101.01203155517578,101.85404307743487,100.8813692478425,101.43303731630532,178321200,SPY
2008-05-09,100.82329559326172,101.17897572897448,100.49665644767256,100.60554354679728,152588200,SPY
2008-05-12,101.95565795898438,102.02823827990618,100.69989546463486,101.07735079146138,147865900,SPY
2008-05-13,101.97016906738281,102.26777829300256,101.42576680993353,102.2024526803228,159132200,SPY
2008-05-14,102.18064880371094,103.21863683355478,101.95563103924907,102.39841186076373,181910800,SPY
2008-05-15,103.45821380615234,103.53080521096574,102.22423745557798,102.37666389943544,166927000,SPY
2008-05-16,103.55261993408203,103.70504643610718,102.79045419626365,103.69779172321468,204236800,SPY
2008-05-19,103.83564758300781,104.74298457503708,103.29124538779024,103.66143489321742,165664400,SPY
2008-05-20,102.99369049072266,103.32032976486735,102.34766665487317,103.2695246259944,178552100,SPY
2008-05-21,101.2515869140625,103.16061704176539,100.89590670884593,102.93559916585284,252724800,SPY
2008-05-22,101.26609802246094,101.74517477806266,100.89590838907496,101.20802710579149,170820400,SPY
2008-05-23,99.90869140625,101.37495110104467,99.82159059844336,100.93217020154242,181376400,SPY
2008-05-27,100.64909362792969,100.89588666371307,99.82885733594628,100.02484525301777,168322900,SPY
2008-05-28,101.11361694335938,101.62172334490613,100.1699844399789,101.01925037025467,181288100,SPY
2008-05-29,101.62175750732422,102.29681100862301,100.95395871566892,100.99025441567147,173927200,SPY
2008-05-30,101.87581634521484,102.15890508384493,101.57820711140324,101.96291716451869,117362000,SPY
2008-06-02,100.82329559326172,101.52013536962544,100.1700173020834,101.49836016497899,181069900,SPY
2008-06-03,100.23532104492188,101.3459005431348,99.61107280418406,101.11362805228985,271965700,SPY
2008-06-04,100.18452453613281,101.01201543084365,99.7780393353473,99.9522409494605,246637700,SPY
2008-06-05,102.18791198730469,102.26775807898406,100.40227913831497,100.5910012296071,237867100,SPY
2008-06-06,98.92876434326172,101.47657376472857,98.87795922998936,101.29510636210063,384276300,SPY
2008-06-09,99.16831970214844,99.80708861356104,98.29002352484927,99.3425324259591,228263900,SPY
2008-06-10,98.67475128173828,99.51676298387787,98.24649071933622,98.47876331681549,260234900,SPY
2008-06-11,97.22298431396484,98.90699617057554,97.21571852877291,98.69649884195873,283890100,SPY
2008-06-12,97.59319305419922,98.62392684805597,96.91813945206749,97.7020801704714,252791800,SPY
2008-06-13,98.82715606689453,99.09573538979048,97.57140457644236,98.11580685608202,244726900,SPY
2008-06-16,98.88523864746094,99.39334528660275,98.32632688235196,98.3916525054072,185832500,SPY
2008-06-17,98.40617370605469,99.53126303080757,98.26099088592414,99.49497840166904,191707700,SPY
2008-06-18,97.44801330566406,98.36987098343705,97.0560485165986,97.76739776573618,265893000,SPY
2008-06-19,97.57142639160156,98.1666450001826,96.90362744170994,97.37543842586206,304204900,SPY
2008-06-20,95.98765563964844,97.08919714081082,95.72503507318228,96.9068220566341,289275700,SPY
2008-06-23,95.89283752441406,96.46184701812906,95.79801002965766,96.35971739441852,165096400,SPY
2008-06-24,95.70316314697266,96.61503868403689,94.97366271732126,95.60103353207319,267300600,SPY
2008-06-25,96.1554183959961,97.31532102819219,95.73960907539106,96.0897660503147,287853900,SPY
2008-06-26,93.5438461303711,95.87095450966528,93.43442550773423,95.25088576256597,297775000,SPY
2008-06-27,93.03317260742188,94.00340934466855,92.67571901788465,93.58029783382699,303423400,SPY
2008-06-30,93.3614501953125,94.03988569223257,92.86538977212743,93.2957922746322,258842600,SPY
2008-07-01,93.65325927734375,93.7189116378821,91.86598006552616,92.29638260411144,388622000,SPY
2008-07-02,92.04834747314453,94.22226080177613,91.88055995636051,93.95233812326777,288064600,SPY
2008-07-03,92.1432113647461,92.72681402261462,91.18027087521624,92.72681402261462,239352500,SPY
2008-07-07,91.20211791992188,92.89455826085093,90.39966876584816,92.49333646663666,372427300,SPY
2008-07-08,92.82161712646484,92.93104328519854,90.60393553433452,91.18024144239612,375973700,SPY
2008-07-09,91.03434753417969,93.18637129762878,90.7425462868529,93.01129277549106,336729400,SPY
2008-07-10,91.40640258789062,91.76385622645456,90.15166100607031,90.77173523458019,436475700,SPY
2008-07-11,90.34130096435547,91.84407514216157,89.35647681982601,90.43613955117968,481124600,SPY
2008-07-14,89.5242919921875,91.55230225930043,89.29085208156255,91.37722371774335,322720800,SPY
2008-07-15,88.26226806640625,90.08601940173949,87.55465165779337,88.85316728369445,502502500,SPY
2008-07-16,90.42890167236328,90.87389752280673,88.34252932736078,88.59785344671806,371642900,SPY
2008-07-17,91.3334732055664,92.10674762884703,90.52372709154999,91.2897049504243,375490600,SPY
2008-07-18,91.90249633789062,92.22347284624196,91.29700944944511,92.0410976797691,267030100,SPY
2008-07-21,91.95350646972656,92.50063164372578,91.32613582495586,92.28907590856866,222863000,SPY
2008-07-22,92.99671173095703,93.23015163203893,91.0781221522204,91.29697449445491,296904200,SPY
2008-07-23,93.50006103515625,94.2149682805969,93.04777436802125,93.2958018221732,311698400,SPY
2008-07-24,91.55955505371094,93.67510636313051,91.30423114314944,93.62403601537437,248634500,SPY
2008-07-25,91.53768920898438,92.27448041711452,91.31154035823464,91.83678140228638,219131000,SPY
2008-07-28,90.19542694091797,91.96081653265018,90.03493596609755,91.55959466124536,205201300,SPY
2008-07-29,92.12129974365234,92.19424866270101,90.19541933940947,90.44345234294987,261505600,SPY
2008-07-30,93.76266479492188,93.8137351546531,92.12128925775384,92.726775791664,354710000,SPY
2008-07-31,92.52251434326172,93.79184873476535,92.3766109597093,92.9383292465074,277402100,SPY
2008-08-01,92.03376007080078,92.85079684080415,91.52310652390311,92.73407968750891,248690900,SPY
2008-08-04,91.18025207519531,92.01917863578926,91.01247010246429,91.94622971000855,188239600,SPY
2008-08-05,93.63863372802734,93.78453152246584,91.16562882247948,91.9316005917477,251577600,SPY
2008-08-06,94.05445861816406,94.32438127055336,92.99669108435768,93.39062187353376,209555400,SPY
2008-08-07,92.65386199951172,93.69704795893642,92.31099586684351,93.34688526273455,246312500,SPY
2008-08-08,94.37545013427734,94.78396852077422,92.19424579830928,92.3401491975193,260811700,SPY
2008-08-11,95.3530044555664,95.93659588444861,94.27333582328976,94.44841993073021,249425800,SPY
2008-08-12,94.36087036132812,95.34568910951032,93.90857259596596,95.03930031243421,213200800,SPY
2008-08-13,93.79187774658203,94.57972843323908,93.13532066597658,93.95235760401704,256393200,SPY
2008-08-14,94.49947357177734,95.0393078559259,93.19367279978769,93.25932516195253,239555300,SPY
2008-08-15,94.95906829833984,95.19980477260043,94.32440649520294,94.78398419034313,181000800,SPY
2008-08-18,93.66056823730469,95.18522160245226,93.12803599198071,95.14874435139299,172275100,SPY
2008-08-19,92.6392593383789,93.14991298588355,92.30368980377986,92.95294475027642,194673700,SPY
2008-08-20,93.06967163085938,93.33958324370967,92.16508703756186,92.93106476005718,225498200,SPY
2008-08-21,93.23014068603516,93.69702043338333,92.35473698552312,92.46416314379283,180609800,SPY
2008-08-22,94.57970428466797,94.57970428466797,93.23013548204017,93.86479714641631,167715300,SPY
2008-08-25,92.66116333007812,94.57974789547869,92.46420061788366,93.95967906715394,171936900,SPY
2008-08-26,92.93103790283203,93.2812004773701,92.34014447179719,92.66112080234133,159117200,SPY
2008-08-27,93.83565521240234,93.98155308977461,92.8654181874997,93.04779331703867,171032800,SPY
2008-08-28,94.97368621826172,95.08310685726795,94.18582422352907,94.30983799150144,167537100,SPY
2008-08-29,93.95233154296875,94.93716132505236,93.74807236511724,94.63806355345181,189195800,SPY
2008-09-02,93.36875915527344,95.35300679543118,93.02589306018042,94.85694071115678,252364900,SPY
2008-09-03,93.28852081298828,93.74081312117475,92.5954975725925,93.28852081298828,251947000,SPY
2008-09-04,90.47994995117188,92.81435498928931,90.42888513663807,92.62468329288633,340042500,SPY
2008-09-05,90.76444244384766,91.15107678243268,88.99905273357616,89.94010895904648,289503400,SPY
2008-09-08,92.6392593383789,93.55114045423386,90.76444342977653,93.40523146116587,364075300,SPY
2008-09-09,89.88903045654297,92.90916134064858,89.58264165743562,92.71948969878157,377326800,SPY
2008-09-10,90.25379943847656,91.11461021951344,89.40028522055313,90.37781318317035,298916600,SPY
2008-09-11,91.55955505371094,91.72733695251829,88.70720711754774,89.08655026950525,375369400,SPY
2008-09-12,91.98269653320312,92.07023857890535,90.33402974815597,90.66959924154555,297851200,SPY
2008-09-15,87.60568237304688,91.6617075487068,87.45978454926822,88.72911342620715,483607000,SPY
2008-09-16,89.07199096679688,89.23248193311991,85.35154032228787,85.49743816495648,581744300,SPY
2008-09-17,85.06702423095703,88.88960396609406,84.62202863512417,87.277409088423,624095600,SPY
2008-09-18,87.59110260009766,88.84584403241061,83.0171380738966,86.11751441267043,776114700,SPY
2008-09-19,91.06967163085938,93.91651394457453,90.49002997461446,92.96267211068077,501087800,SPY
2008-09-22,89.0079345703125,91.53194345983961,88.31089996547463,91.31182432259492,249966500,SPY
2008-09-23,86.98285675048828,89.52887064933341,86.78474842194412,88.67041615327345,327470400,SPY
2008-09-24,87.26166534423828,88.0467486289318,86.42522168009235,87.56982762095278,311818400,SPY
2008-09-25,88.62641906738281,89.44819100233475,86.90217080182632,87.60654434698654,328253000,SPY
2008-09-26,88.67042541503906,89.1473464952859,86.95351624358527,87.18830738492585,285917400,SPY
2008-09-29,81.7220458984375,87.56247888976469,81.4212224523077,87.4157365645103,459562300,SPY
2008-09-30,85.10450744628906,85.69882673090225,81.09838156216765,83.28487800626613,328154400,SPY
2008-10-01,85.15589141845703,85.61814050102137,83.60773540736231,84.5762495642586,332783000,SPY
2008-10-02,82.06692504882812,84.45886384742316,81.48728314621255,84.34146546812048,365337800,SPY
2008-10-03,80.95899963378906,84.70832491267753,80.47474532579326,82.80798487705984,461798000,SPY
2008-10-06,76.83544921875,78.96324636713194,73.8418589795586,78.61839577025337,610637500,SPY
2008-10-07,73.3943099975586,78.75049007855571,73.11549727581584,78.39096178199802,540012100,SPY
2008-10-08,71.54530334472656,74.97178707251602,71.03169408667581,71.55263654140067,725414800,SPY
2008-10-09,66.54862213134766,73.82715288798282,66.21844927714218,73.1227800272487,534485200,SPY
2008-10-10,64.93448638916016,68.92594135513183,61.32457052321584,63.65780991907982,871026300,SPY
2008-10-13,74.36280822753906,74.36280822753906,65.99836678673284,68.87456455507538,455584000,SPY
2008-10-14,73.2622299194336,77.4297761854267,71.25183075526868,76.82078483931227,546268300,SPY
2008-10-15,66.04975891113281,71.75813001515145,65.82230651420214,71.50866122037847,484627500,SPY
2008-10-16,68.80119323730469,69.534916130558,63.49637985388559,66.98156359683885,708811200,SPY
2008-10-17,68.39029693603516,72.33772332043904,67.24569123600689,67.49515428432676,476649000,SPY
2008-10-20,72.49918365478516,72.71196404294786,69.03600944361644,69.96050219270111,321294200,SPY
2008-10-21,70.33465576171875,72.3744038935243,69.86507369962796,71.14908837518928,356502000,SPY
2008-10-22,66.50462341308594,70.33465670673529,64.22274542545746,68.38295168668631,516168000,SPY
2008-10-23,67.2750473022461,67.83267261618921,62.960753528708025,66.24783423245793,634666400,SPY
2008-10-24,63.86326599121094,65.97638672552125,61.632746861618266,61.67676846091736,545812600,SPY
2008-10-27,61.596031188964844,65.67553405280984,61.41260047595677,63.07815448487226,397288600,SPY
2008-10-28,68.7938461303711,69.1460299131272,62.021582731772725,64.08334185366078,639939500,SPY
2008-10-29,68.294921875,71.2958455414205,67.57587104364636,68.80118681756012,531270100,SPY
2008-10-30,70.65753173828125,70.83362370234174,68.16287225633009,70.27599261864381,414582100,SPY
2008-10-31,71.04637908935547,72.32305517637782,69.32213165266619,69.76236420703314,411394000,SPY
2008-11-03,71.25182342529297,71.67738400394515,70.40070226798859,71.00969355145352,205419400,SPY
2008-11-04,73.67312622070312,74.00329931857831,70.95834786871035,72.6825957313535,346793400,SPY
2008-11-05,70.57681274414062,73.89323803351687,69.70368063747122,72.78531480545678,387844100,SPY
2008-11-06,66.66606903076172,70.02652155309332,66.07908841976632,69.30747058451705,477721900,SPY
2008-11-07,68.86722564697266,68.96994639590363,66.40191647690723,67.24569885557824,380391000,SPY
2008-11-10,67.96475219726562,70.09254978899857,66.71008667335569,69.85775867805393,301773000,SPY
2008-11-11,65.8663101196289,67.60523561509734,65.04454395632538,66.59269990765745,418498200,SPY
2008-11-12,62.96811294555664,65.26466411397142,62.45450904139446,64.73638821163148,454330600,SPY
2008-11-13,66.89350891113281,67.30439750151709,60.23130428683074,63.19554518483996,753141900,SPY
2008-11-14,63.55504608154297,67.54649274510709,63.4816693519674,65.60213256424207,540352300,SPY
2008-11-17,62.711299896240234,64.97850106923852,62.483847578626765,63.378984853499205,415254900,SPY
2008-11-18,63.89259338378906,63.995314145028146,60.83297014289299,62.47650792057989,523811800,SPY
2008-11-19,59.79841995239258,63.738514177982935,59.37285930126908,63.034140823293264,558327600,SPY
2008-11-20,55.35939407348633,60.53948188224809,55.065909373180006,58.79321768697156,814180400,SPY
2008-11-21,58.34563446044922,59.35817550478079,54.54495014116544,56.83416728719691,718536500,SPY
2008-11-24,62.388450622558594,63.82654668109523,58.96196638930675,60.106572199642656,523305300,SPY
2008-11-25,62.85068893432617,64.20807480468652,61.500636260479276,64.05399371000496,454112400,SPY
2008-11-26,65.27931213378906,65.44073202992314,61.808801160487114,61.85282833079834,370134200,SPY
2008-11-28,66.10106658935547,66.13041616520617,64.91977834905529,65.0298322611714,118308100,SPY
2008-12-01,60.245994567871094,64.23744938577362,60.06256382216399,64.20809979471703,369927100,SPY
2008-12-02,62.56455993652344,62.72597989783063,60.19463769838571,61.24386184902008,469508400,SPY
2008-12-03,64.06866455078125,64.44286468706765,61.001703507372724,61.19247297263675,519863500,SPY
2008-12-04,62.586578369140625,64.60431675551212,61.44196660523422,63.14420385636766,444173800,SPY
2008-12-05,64.5162582397461,64.87578091239664,60.3413729261958,61.37592495699207,471905300,SPY
2008-12-08,66.7687759399414,67.78131140599854,64.62630667084967,66.28451619670051,412859300,SPY
2008-12-09,65.66822052001953,67.59791034800273,65.28668695324238,66.30656166209296,370790000,SPY
2008-12-10,66.11578369140625,67.03293749292075,65.30135066783237,66.26986485831718,396187400,SPY
2008-12-11,64.52359008789062,66.76878024776359,64.10536828168172,65.69754554410325,365061000,SPY
2008-12-12,65.29402923583984,65.35272843823563,62.51321749831027,62.77002510932579,415060400,SPY
2008-12-15,64.3841781616211,65.41139124046701,63.31294350440752,65.31600369018916,256694200,SPY
2008-12-16,67.41446685791016,67.51718762952218,64.69969401182844,67.41446685791016,377699500,SPY
2008-12-17,66.761474609375,67.81803784364739,66.07911178688475,66.65141500616097,281819800,SPY
2008-12-18,65.51411437988281,67.26037275915803,64.72169235317529,67.06227005141172,374673300,SPY
2008-12-19,65.23229217529297,67.02971235337489,65.15831976137703,65.90539712416573,301451300,SPY
2008-12-22,64.39643096923828,65.58731422299851,63.235135543041785,65.52074584345591,243759500,SPY
2008-12-23,63.730770111083984,65.03999996672596,63.46448511615594,64.74412712310534,221625200,SPY
2008-12-24,64.1006088256836,64.25594079658933,63.61241779428984,63.945271211472836,62061600,SPY
2008-12-26,64.47042846679688,64.57398308194713,63.98223758682856,64.5295985016661,74767700,SPY
2008-12-29,64.28550720214844,64.59617104033666,63.316523835461645,64.5295969931231,127795900,SPY
2008-12-30,65.80921936035156,65.86839501480668,64.26328783669246,64.72928906140024,168256300,SPY
2008-12-31,66.74864959716797,67.28861789759144,65.73529270231265,65.89062465751009,193987200,SPY
2009-01-02,68.76055145263672,69.11559981587818,66.4601495691181,66.89656306470027,227566300,SPY
2009-01-05,68.67918395996094,69.27832769963342,67.96909290118437,68.51645370087216,240349700,SPY
2009-01-06,69.1378173828125,69.8626998559233,68.55347012362057,69.26356149543106,328260900,SPY
2009-01-07,67.06670379638672,68.2427965201375,66.71905371047734,68.05047837070393,280899200,SPY
2009-01-08,67.34039306640625,67.37737363933691,66.3270305605942,66.68947742112293,263834400,SPY
2009-01-09,65.89799499511719,67.54748153788186,63.138995669840114,67.42913584031226,330953600,SPY
2009-01-12,64.31511688232422,65.76489336670461,63.91569500156239,65.71311039490729,277858500,SPY
2009-01-13,64.43345642089844,65.00300692942365,63.760345631155026,64.15238035274767,356432300,SPY
2009-01-14,62.40671920776367,63.42747419529423,61.511708295731964,63.27214228262456,435491600,SPY
2009-01-15,62.42890167236328,63.05762762263822,60.44656195069371,62.22179247870117,532647300,SPY
2009-01-16,62.9171257019043,63.60502774496804,61.430374224400204,63.5088714580064,399237200,SPY
2009-01-20,59.59596252441406,62.917121087619286,59.2113317614702,62.303191541572666,419855200,SPY
2009-01-21,62.1700439453125,62.31057916700519,59.521990845018,60.60932025813532,364360700,SPY
2009-01-22,61.20844268798828,62.16262935995817,60.039748409764385,60.96434724190922,427940300,SPY
2009-01-23,61.47473907470703,62.125654742412976,59.59595321999833,59.84004871162723,386800600,SPY
2009-01-26,61.89634704589844,63.139008154253425,61.25282420009372,61.829772992668595,317978800,SPY
2009-01-27,62.52507019042969,62.98367324033054,61.61526810467425,62.22919743705183,273789700,SPY
2009-01-28,64.64056396484375,65.0547825054005,63.66418765974257,63.90828314684396,330007000,SPY
2009-01-29,62.53988265991211,64.7145358110351,62.48070696569392,63.69378048064287,294392500,SPY
2009-01-30,61.2675895690918,63.168563648705394,60.80898673232287,62.857899941523584,383383600,SPY
2009-02-02,61.08271408081055,61.52652050404895,60.14331826903949,60.335636454987906,288233300,SPY
2009-02-03,61.94071578979492,62.399318785909216,60.81640623078604,61.467321697233004,278385800,SPY
2009-02-04,61.63749694824219,63.146443875426435,61.422989206096155,62.354986999449636,322989300,SPY
2009-02-05,62.55466842651367,63.08723834244481,57.495265511776495,61.1714663194872,417679400,SPY
2009-02-06,64.3373031616211,64.6035824977674,62.63603864216186,62.76918113188741,366101700,SPY
2009-02-09,64.42604064941406,64.8994347644018,63.84909192447919,64.32248603946694,240075200,SPY
2009-02-10,61.47473907470703,64.37428019899416,60.98654809144922,63.812122424022746,536212800,SPY
2009-02-11,61.837181091308594,62.17004012321221,60.94956829284138,61.726228080674055,324442500,SPY
2009-02-12,61.8815803527832,61.99992612042813,59.95101669726864,60.7794540007008,469302200,SPY
2009-02-13,61.21584701538086,62.31056897891239,61.201050272376825,61.80019421135273,293998400,SPY
2009-02-17,58.59738540649414,61.36378395314671,58.56039919025828,59.29268563993736,478910100,SPY
2009-02-18,58.456844329833984,59.1299550882444,57.90208494827544,59.019002083271836,362964800,SPY
2009-02-19,57.828121185302734,59.28529014003952,57.70976980225802,59.055985746216535,316867500,SPY
2009-02-20,57.26598358154297,57.94648734392881,56.04551131952729,56.75560858140687,477176600,SPY
2009-02-23,55.217041015625,57.8946755069359,55.172656436139754,57.8946755069359,379641400,SPY
2009-02-24,57.31034469604492,57.65798916630574,55.25403185871383,55.690445504456406,426260900,SPY
2009-02-25,56.859127044677734,58.00562611440414,55.94192101693307,57.05883789261876,461985800,SPY
2009-02-26,55.934532165527344,58.93022895201888,55.86795811606575,57.56182382905583,363353900,SPY
2009-02-27,54.68446731567383,55.98630390294452,54.59570380632488,54.74364298857312,470510900,SPY
2009-03-02,52.22135925292969,54.677094387918174,52.05123616831151,53.64154220353149,426452600,SPY
2009-03-03,51.82930374145508,53.03497839698641,51.511241567586964,52.9684100003478,443761000,SPY
2009-03-04,53.057186126708984,53.90041987786237,51.82931607025175,52.687346564157366,462753100,SPY
2009-03-05,50.889923095703125,53.05718303155821,50.42392166235833,51.85150251626019,485549400,SPY
2009-03-06,50.97868728637695,52.110395518973206,49.632471416255946,51.33373577273276,490470000,SPY
2009-03-09,50.37955856323242,51.77755201620555,50.09848245530579,50.261207164123114,379905300,SPY
2009-03-10,53.38265609741211,53.530595349965445,51.31155735141457,51.41511200654918,406227900,SPY
2009-03-11,53.73028564453125,54.55132984002849,53.13114742095884,53.99657055351972,356648300,SPY
2009-03-12,55.84577560424805,56.030695391017076,53.23470911799794,53.715501692258236,409702700,SPY
2009-03-13,56.28218460083008,56.940504245364835,55.276226134619186,56.22301455691471,337474700,SPY
2009-03-16,56.11205291748047,57.67277615701873,56.07506670783513,56.92569873994844,360644900,SPY
2009-03-17,57.828121185302734,57.96126366957575,55.80879444771269,56.2673975920541,356814300,SPY
2009-03-18,59.12253189086914,59.84002129267374,57.00704988601712,57.55441066586008,473273200,SPY
2009-03-19,58.3902587890625,59.913995637695194,58.20533904943998,59.862218336332994,428520400,SPY
2009-03-20,57.146907806396484,58.785852667201524,57.012812369455126,58.67410552246775,371078200,SPY
2009-03-23,61.25175094604492,61.30389888827327,58.33890046010571,58.659239443422564,419933300,SPY
2009-03-24,60.04484558105469,61.35600015292749,59.97780071363775,60.5216280283366,330271000,SPY
2009-03-25,60.6780891418457,61.60930601439519,58.89760293622683,60.51419974658225,441775100,SPY
2009-03-26,61.914756774902344,62.05630357865535,60.5812533397222,61.274079019816966,422025200,SPY
2009-03-27,60.79728698730469,61.48266123417203,60.573792666775624,61.12507714176154,322332300,SPY
2009-03-30,58.696441650390625,59.50101410529872,58.07811250354304,59.44886620638957,324108500,SPY
2009-03-31,59.24027633666992,60.40243858923992,58.8901436480261,59.27007595173022,364238300,SPY
2009-04-01,60.38751983642578,60.65571061675508,58.353746383238146,58.502738735112686,377018300,SPY
2009-04-02,62.153141021728516,63.0322100029703,60.43969965167687,61.892401426380715,476230700,SPY
2009-04-03,62.7714729309082,62.78636990108537,61.586962030574846,62.19784011438727,284646300,SPY
2009-04-06,62.27976608276367,62.78634814873901,61.30385288889602,62.086071435383204,264866600,SPY
2009-04-07,60.82707214355469,61.57204545655916,60.72277633442968,61.274054994618304,258947800,SPY
2009-04-08,61.482627868652344,61.78806956203789,60.74510610506095,61.13248960889568,230402800,SPY
2009-04-09,63.926143646240234,63.93359496911204,62.82358657636174,63.07687471706295,269653500,SPY
2009-04-13,63.94106674194336,64.46999716112644,63.00985001443176,63.26313823614091,224847500,SPY
2009-04-14,62.838497161865234,63.88891225045428,62.6373568702712,63.345079236789225,276598800,SPY
2009-04-15,63.50897979736328,63.635623906186005,62.287223925165385,62.45856461740889,250726100,SPY
2009-04-16,64.44023895263672,64.9244730988473,63.15143167275621,64.01560407937195,335202900,SPY
2009-04-17,64.87228393554688,65.29691853899523,64.17200713264417,64.68604058870645,262649000,SPY
2009-04-20,62.153141021728516,64.84994721116107,62.086090449383704,63.725035604149824,293690100,SPY
2009-04-21,63.367435455322266,63.41958336586753,61.64654872363258,61.69869663417784,114090900,SPY
2009-04-22,62.98005676269531,64.32100557562832,62.62991832837005,62.793813398368805,340395200,SPY
2009-04-23,63.598365783691406,63.63561103444311,62.30210828972862,63.10668073073422,324903700,SPY
2009-04-24,64.55939483642578,65.0436229789495,63.83676975965615,64.09005797674882,287703000,SPY
2009-04-27,63.94850540161133,64.82012848300731,63.72501682162652,63.82931262902514,289581600,SPY
2009-04-28,63.74738693237305,64.50725745834208,63.14396017105361,63.300403935703194,247926300,SPY
2009-04-29,65.10321807861328,65.82584310949797,64.29119988675838,64.45508924310225,311505700,SPY
2009-04-30,65.12559509277344,66.31755179555546,64.75310826792294,65.96741895450221,301419800,SPY
2009-05-01,65.47570037841797,65.71409159795373,64.60408301483675,65.14046467971596,236110300,SPY
2009-05-04,67.70317840576172,67.74788067326195,65.84074496463352,65.96739475823905,287120000,SPY
2009-05-05,67.47223663330078,67.74042749618715,66.92840358253241,67.47223663330078,243036300,SPY
2009-05-06,68.64183807373047,68.68653465207964,67.5020298562659,68.29915104443162,291941000,SPY
2009-05-07,67.68830108642578,69.39429129572747,67.25621503857872,69.2899954474468,317728000,SPY
2009-05-08,69.26763153076172,69.44642356125823,68.12037177465815,68.55990336706543,299081700,SPY
2009-05-11,67.97138977050781,68.61951884957284,67.82239732377212,68.3140769449579,247923600,SPY
2009-05-12,67.77022552490234,68.410903050823,66.93585333950217,68.26190497287894,282431300,SPY
2009-05-13,66.06422424316406,67.05503997284654,65.9301288385176,66.8538940240296,269619100,SPY
2009-05-14,66.63042449951172,67.13700665242861,65.93014766597175,66.0940427277531,260098700,SPY
2009-05-15,66.08660888671875,67.0476255347607,65.66942547995237,66.57829420214853,271502700,SPY
2009-05-18,67.96395874023438,68.04590062496972,65.98232580711738,66.71240259397594,241447400,SPY
2009-05-19,67.8819808959961,68.51520717390112,67.65103526809476,67.9266774829529,206102200,SPY
2009-05-20,67.42749786376953,69.13348646387301,67.35300171150968,68.50025496043402,285722200,SPY
2009-05-21,66.45903778076172,66.89857478731942,65.75131573477164,66.64528102272676,258988400,SPY
2009-05-22,66.3175277709961,67.04760418404857,66.06423955003035,66.64531787690078,166811900,SPY
2009-05-26,68.01608276367188,68.20977178123991,65.79605923479738,65.82585885681479,236318500,SPY
2009-05-27,66.80175018310547,68.35129591228825,66.69745438245806,68.12035602281111,246015800,SPY
2009-05-28,67.73297882080078,68.04586627850934,66.3771274870345,67.39029174563962,289095000,SPY
2009-05-29,68.93240356445312,69.80402127779362,67.55420359585796,68.10548244655656,258641500,SPY
2009-06-01,70.60111236572266,70.89910280230988,69.60285093940452,69.78164292787892,276246800,SPY
2009-06-02,70.6607437133789,71.04813316216472,70.19886372620014,70.32550787212352,230874500,SPY
2009-06-03,69.76676177978516,70.124345837798,69.1037358920109,70.05730095830664,235310500,SPY
2009-06-04,70.42237091064453,70.52666678573604,69.50605633895499,70.02753571441254,210102300,SPY
2009-06-05,70.43724822998047,71.27161493055601,69.87851809283212,71.13751947029253,284257900,SPY
2009-06-08,70.14669036865234,70.84696142283518,69.31231820615268,69.90829345048499,238565100,SPY
2009-06-09,70.50426483154297,70.87675144019806,70.04237939068058,70.54151576588632,225125500,SPY
2009-06-10,70.32548522949219,71.1375034511181,69.42406815992304,71.13005780989452,296100400,SPY
2009-06-11,70.63835906982422,71.59937518630494,70.4446644450923,70.45956709206102,275414200,SPY
2009-06-12,70.83206176757812,70.87675834618955,70.02748925040157,70.32547970309976,184361800,SPY
2009-06-15,69.20801544189453,70.04238183685703,68.8355288202306,69.99768526103969,224190500,SPY
2009-06-16,68.26934814453125,69.49855514321614,68.22465156833374,69.45385856701864,227319000,SPY
2009-06-17,68.20232391357422,68.78340231471553,67.66594210215253,68.23956917710838,223445200,SPY
2009-06-18,68.701416015625,69.03665161677145,67.97879124315614,68.30658120601458,211725100,SPY
2009-06-19,68.9546890258789,69.4491460091631,68.56511131463377,69.35924785718588,215655600,SPY
2009-06-22,66.88694763183594,68.31788755870508,66.86447309322389,68.28042618381613,251913600,SPY
2009-06-23,66.93936920166016,67.33643450182419,66.56477843308254,67.02927304380734,188309800,SPY
2009-06-24,67.51622772216797,68.23544115786426,67.1266502054573,67.54619566313035,211577700,SPY
2009-06-25,68.98466491699219,69.05208853873073,67.10421690585414,67.17913394638713,279411000,SPY
2009-06-26,68.80482482910156,69.10449856621948,68.3777916113439,68.752382353791,167579000,SPY
2009-06-29,69.44912719726562,69.53903104069347,68.62502863781597,69.00711282763233,168481300,SPY
2009-06-30,68.88722229003906,69.71881403908945,68.3777787475199,69.4640951257299,228888200,SPY
2009-07-01,69.17190551757812,69.84616977923909,69.0820017107569,69.17939321463044,173041100,SPY
2009-07-02,67.28398895263672,69.19440407152952,67.246533306969,68.27290830792444,212309900,SPY
2009-07-06,67.2765121459961,67.37390369946273,66.42244555158956,66.63221549185752,174499600,SPY
2009-07-07,65.97293090820312,67.29149214543872,65.92798184055033,67.20908171087386,197088900,SPY
2009-07-08,65.92797088623047,66.52731836242575,65.17878939888695,66.3699852201786,248050500,SPY
2009-07-09,66.05533599853516,66.60224104587235,65.8605529105973,66.38497771012479,163777600,SPY
2009-07-10,65.89801788330078,66.29508324709975,65.44101661513152,65.70322905199853,173520300,SPY
2009-07-13,67.50125885009766,67.55370133178221,65.6208114940341,66.1602231432477,217413500,SPY
2009-07-14,67.88336181640625,67.9432977308404,67.22408390504079,67.71104749135893,181487400,SPY
2009-07-15,69.86870574951172,70.05600122492746,67.93581507142828,68.78238856261787,220877900,SPY
2009-07-16,69.75630950927734,70.80516504694782,69.53904612737537,69.67389906387305,231174500,SPY
2009-07-17,70.52047729492188,70.66282365895178,70.07846279832853,70.46803480014295,138561700,SPY
2009-07-20,71.26962280273438,71.389494567423,70.56539619048988,70.9324934671982,164179400,SPY
2009-07-21,71.59929656982422,71.84652790858867,70.73773645085298,71.82405337157425,217718300,SPY
2009-07-22,71.58428192138672,72.01880277034913,71.08981947545678,71.14226194252812,196068100,SPY
2009-07-23,73.16510009765625,73.47975509375921,71.56933914521285,71.62927506327163,258795500,SPY
2009-07-24,73.46471405029297,73.52464992412797,72.43833936091632,72.82041769606552,154003100,SPY
2009-07-27,73.68199920654297,73.71946056777433,72.92532429291883,73.32988298785249,159259400,SPY
2009-07-28,73.3373794555664,73.69698910463039,72.71555741437321,73.16507090465355,186685200,SPY
2009-07-29,73.15760803222656,73.48724415604,72.6556575697576,73.00028053126482,194399300,SPY
2009-07-30,73.92172241210938,74.79077552145125,73.86927994625599,74.04159417166001,225575400,SPY
2009-07-31,74.02664184570312,74.52110451060554,73.70449348651594,73.90677574608611,207358000,SPY
2009-08-03,75.247802734375,75.31522633568724,74.40122385699634,74.80578261227602,175776900,SPY
2009-08-04,75.44259643554688,75.54748141841235,74.75335062934434,74.91067810364257,176714600,SPY
2009-08-05,75.22533416748047,75.56246363238695,74.60351201009047,75.49503430992414,184726400,SPY
2009-08-06,74.83573150634766,75.68230445235231,74.48361532479686,75.56993181211323,193203800,SPY
2009-08-07,75.81719970703125,76.43902200426372,75.21036424740649,75.62241654456146,220640900,SPY
2009-08-10,75.65985107421875,75.83216536375504,75.12043938708179,75.47255566706298,130898700,SPY
2009-08-11,74.71588134765625,75.3751590791261,74.51359912058813,75.32271659725693,157301000,SPY
2009-08-12,75.51751708984375,76.08689106227013,74.55107201806901,74.58852767331133,219052400,SPY
2009-08-13,76.0943603515625,76.12432829573574,75.11293447204288,75.86211592897106,176449500,SPY
2009-08-14,75.50997924804688,76.11681423450196,74.69336870927953,76.05687836241275,199616100,SPY
2009-08-17,73.65203094482422,74.13150664436293,73.50219693214382,74.05658963802273,237667500,SPY
2009-08-18,74.23640441894531,74.49862256012966,73.68201161730845,73.81686453833386,173461500,SPY
2009-08-19,74.88818359375,75.1429082812036,73.57711594179541,73.6520329501754,192812800,SPY
2009-08-20,75.65985107421875,75.83216536375504,74.82077130827433,74.98558646529754,174131300,SPY
2009-08-21,77.1432113647461,77.26307741915923,76.1318175957202,76.28165159268677,224605000,SPY
2009-08-24,77.13571166992188,77.87739961138071,76.85851251072205,77.4578598813919,191279000,SPY
2009-08-25,77.28556823730469,78.10966676497702,77.12074738860994,77.44289567038565,215310600,SPY
2009-08-26,77.29305267333984,77.6451688869008,76.78360903334122,77.04582141073732,194620700,SPY
2009-08-27,77.46537780761719,77.70511568858497,76.37157336846403,77.24811445989607,196230100,SPY
2009-08-28,77.45039367675781,78.17710076136173,76.9184754134235,78.08720262523896,147024400,SPY
2009-08-31,76.7611312866211,76.85103511901859,76.25918108295375,76.69370769917364,176051600,SPY
2009-09-01,75.06796264648438,77.3454744441141,74.91063526216188,76.37902989830481,321276800,SPY
2009-09-02,74.78330993652344,75.2478046039337,74.59601452937768,74.75334198548384,171805000,SPY
2009-09-03,75.40510559082031,75.4950036965802,74.61096945653996,75.21781024942027,143572300,SPY
2009-09-04,76.46147155761719,76.48394609088037,75.33021146748922,75.55496251592302,142687900,SPY
2009-09-08,77.1207504272461,77.20316085484052,76.70869828927397,77.16569949109702,132909100,SPY
2009-09-09,77.7126235961914,77.97483605930125,77.0158843566121,77.25562228228439,154612500,SPY
2009-09-10,78.50674438476562,78.55918687069524,77.33052944394238,77.76505616496047,162902400,SPY
2009-09-11,78.49172973632812,78.88880066428906,78.12463246490789,78.65655055250055,152360100,SPY
2009-09-14,78.87382507324219,79.00867796788675,77.27807058311568,77.82496986109565,149593800,SPY
2009-09-15,79.20349884033203,79.49567927779972,78.48428501611899,79.00121655851386,196795900,SPY
2009-09-16,80.40214538574219,80.41712649837379,79.21094973641863,79.4881431886057,206406300,SPY
2009-09-17,80.28231048583984,80.9565694160723,79.8402903284048,80.28979818716063,229170900,SPY
2009-09-18,80.33351135253906,80.6647233157844,80.06252079043449,80.65719420488458,153799100,SPY
2009-09-21,80.1302490234375,80.54426389205635,79.53558147473437,79.70871078850028,151892000,SPY
2009-09-22,80.59693145751953,80.82275872443358,80.24313808609962,80.60446056455693,143126700,SPY
2009-09-23,79.92701721191406,81.31960394630951,79.78399283480977,80.78515198848329,225947400,SPY
2009-09-24,79.04629516601562,80.27327584778267,78.70003078483649,80.10014652870706,228636800,SPY
2009-09-25,78.62477111816406,79.30977668772378,78.35378053493488,78.87318010996238,204059000,SPY
2009-09-28,80.03240203857422,80.20553711367927,78.91080583454766,78.92585831180412,118285800,SPY
2009-09-29,79.79151916503906,80.55932182252499,79.62591320637807,80.17542336529608,133733900,SPY
2009-09-30,79.48287963867188,80.13777428769346,78.75271687191176,80.06250042692749,254383000,SPY
2009-10-01,77.51070404052734,79.58829660337535,77.49564581751206,77.5332856320209,281840600,SPY
2009-10-02,77.14936065673828,77.60853870405757,76.77298558470791,76.79556717014528,224748800,SPY
2009-10-05,78.30105590820312,78.52688321532106,77.23215223963582,77.45797954675375,149875000,SPY
2009-10-06,79.42266845703125,79.87431739002355,78.82046605102299,78.8656292214139,202491100,SPY
2009-10-07,79.64095306396484,79.72375602420418,79.0914430317426,79.24199073598133,159200300,SPY
2009-10-08,80.2507095336914,80.67224786177505,79.6786177005572,80.20554635369074,183305800,SPY
2009-10-09,80.73998260498047,80.73998260498047,80.06250632214741,80.2732754450226,135008300,SPY
2009-10-12,81.05612182617188,81.36474634587653,80.75502067163616,81.11634320568439,118031000,SPY
2009-10-13,80.89051055908203,81.07869805035378,80.36358788073174,80.837818291247,157692700,SPY
2009-10-14,82.28308868408203,82.36589163147035,80.86039185062961,81.83896900538645,191421600,SPY
2009-10-15,82.5842056274414,82.5842056274414,81.84651380944416,81.88414786536737,173873600,SPY
2009-10-16,81.96693420410156,82.2529770918161,81.47012226827884,81.89918947136357,192069400,SPY
2009-10-19,82.64441680908203,82.90034903267144,81.84650370844882,82.10243593203823,159530400,SPY
2009-10-20,82.20783996582031,82.79498414089146,81.80888332086313,82.7648734469099,180921100,SPY
2009-10-21,81.47014617919922,83.03586202882627,81.40992479262924,82.07987192489468,225379300,SPY
2009-10-22,82.29817199707031,82.56163339046205,80.92063789915801,81.44003731972145,238444000,SPY
2009-10-23,81.35720825195312,82.62182827763726,81.01846736079038,82.56913601585984,240033200,SPY
2009-10-26,80.47651672363281,82.28311238663058,80.25068939424432,81.44755930813172,242028200,SPY
2009-10-27,80.10765838623047,80.83782684854292,79.91194750956943,80.5668363729831,253266300,SPY
2009-10-28,78.59465026855469,80.15284293558325,78.54948135179552,79.90443399400654,248821400,SPY
2009-10-29,80.28079986572266,80.43887669864651,78.99359787503346,79.18178540132769,198110600,SPY
2009-10-30,77.95480346679688,80.25822282427647,77.86447712460055,80.01734300670654,325608100,SPY
2009-11-02,78.52691650390625,79.34741737409725,77.59350767532011,78.38389209923318,254222900,SPY
2009-11-03,78.7752914428711,78.88820509548164,77.93973845379077,78.0902861619202,228362600,SPY
2009-11-04,78.9785385131836,80.0399189027669,78.77529851466096,79.42266405518112,247996700,SPY
2009-11-05,80.43135070800781,80.45393229315424,79.36997600493139,79.53558195337554,180015300,SPY
2009-11-06,80.64209747314453,80.84534316917917,79.82913191808446,79.98720871331908,170954100,SPY
2009-11-09,82.47881317138672,82.52397633137373,81.19914053219242,81.25935616449961,159495700,SPY
2009-11-10,82.49386596679688,82.74980394145399,82.02716466369947,82.28309689533012,171899800,SPY
2009-11-11,82.91543579101562,83.41977704737259,82.51647910335927,83.03587283680422,169466200,SPY
2009-11-12,82.07235717773438,83.2315932284386,81.86158803088425,82.8025258243427,157144500,SPY
2009-11-13,82.51646423339844,82.87025193997967,81.86156960903634,82.28310780787507,150963000,SPY
2009-11-16,83.7133560180664,84.07467867106209,83.04340874376683,83.08857192175552,210922200,SPY
2009-11-17,83.8111801147461,83.84881991100083,83.178872887458,83.49502650110205,147134100,SPY
2009-11-18,83.75847625732422,83.87891899425414,83.23155364082034,83.75095289353546,156486800,SPY
2009-11-19,82.6670150756836,83.78861110745609,82.14761567316586,83.18641447820133,208734600,SPY
2009-11-20,82.37342834472656,82.62183720982941,82.05727473988283,82.23793312221834,134196000,SPY
2009-11-23,83.41976165771484,84.11229033656609,83.25415572515755,83.3444878001053,148010200,SPY
2009-11-24,83.54772186279297,83.70579867546665,82.81003007031582,83.55525097092794,138420100,SPY
2009-11-25,83.84130859375,83.93164067811331,83.41977035277681,83.68323175338504,109564800,SPY
2009-11-27,82.47881317138672,83.04337564333005,81.51529413815433,81.59809709348147,126001800,SPY
2009-11-30,82.75732421875,82.95303505392833,81.38731965737237,82.41105996071235,160874800,SPY
2009-12-01,83.78107452392578,84.05206497439771,83.35200726784964,83.49502585785733,159613700,SPY
2009-12-02,83.74344635009766,84.3155380186044,83.49503744551912,83.76602793359982,132315100,SPY
2009-12-03,83.08854675292969,84.44349911244122,83.0208020064676,83.96926865812569,167324900,SPY
2009-12-04,83.5627670288086,84.59403070419934,82.83259871547224,84.18754507379481,274907800,SPY
2009-12-07,83.43479919433594,83.9541984819977,83.17133786835757,83.48749720255779,127973800,SPY
2009-12-08,82.50892639160156,83.3821133886353,82.25298841009102,82.83260911517199,169863700,SPY
2009-12-09,82.81753540039062,82.93797813221441,82.06478555556858,82.4863293739263,155063400,SPY
2009-12-10,83.28427124023438,83.64559381792431,83.14124688237392,83.32943440881029,138014600,SPY
2009-12-11,83.63807678222656,83.82626433582836,83.26170167502296,83.63807678222656,124854000,SPY
2009-12-14,84.21015167236328,84.30800711312979,83.65311249038622,84.21015167236328,107141500,SPY
2009-12-15,83.81873321533203,84.24780059753228,83.55527179521403,83.90153619637316,120408800,SPY
2009-12-16,83.94668579101562,84.40586379595591,83.75849827236887,84.15746063604294,155358200,SPY
2009-12-17,82.9380111694336,83.50257377793591,82.86273730357219,83.3444969367186,183390100,SPY
2009-12-18,83.40723419189453,83.4753494449561,82.70340737130927,83.39966454734392,174591200,SPY
2009-12-21,84.25485229492188,84.53486561959407,83.82347495453124,83.82347495453124,118039600,SPY
2009-12-22,84.55754089355469,84.73917186617022,84.33049784732687,84.4364497291813,91707500,SPY
2009-12-23,84.72404479980469,84.8451359816379,84.38348595530313,84.7618872376139,111783100,SPY
2009-12-24,85.12516784667969,85.21598047280447,84.76190002034188,84.90569437696774,39677500,SPY
2009-12-28,85.30677795410156,85.51111208672211,85.00405580204408,85.44300263383019,87508500,SPY
2009-12-29,85.1856918334961,85.54138995020351,85.17812796535625,85.52625643997868,80572500,SPY
2009-12-30,85.15542602539062,85.25381405873192,84.89054627013643,84.93595835242688,73138400,SPY
2009-12-31,84.33807373046875,85.36732560803955,84.30023129531521,85.34461668258047,90637900,SPY
2010-01-04,85.7684555053711,85.81386182189397,84.39107475602617,85.04192557127179,118944600,SPY
2010-01-05,85.99547576904297,86.03331820792138,85.40517067579094,85.71546250754652,111579900,SPY
2010-01-06,86.0560302734375,86.26793409563169,85.84412645124331,85.91223591954312,116074400,SPY
2010-01-07,86.41930389404297,86.52525581225241,85.65493153500636,85.89710817290603,131091100,SPY
2010-01-08,86.70689392089844,86.74473636932328,86.01820639635261,86.19226780163417,126402800,SPY
2010-01-11,86.82796478271484,87.13068120336374,86.45712735171242,87.09284453775544,106375700,SPY
2010-01-12,86.01815795898438,86.43439578753667,85.68516307698755,86.25276484005828,163333500,SPY
2010-01-13,86.7447280883789,86.9869047229168,85.79872470753614,86.23766588804791,161822000,SPY
2010-01-14,86.97933197021484,87.13825983964222,86.59336098792197,86.64633694439776,115718800,SPY
2010-01-15,86.0030517578125,86.911212618453,85.67005674773621,86.82796963987987,212283100,SPY
2010-01-19,87.07774353027344,87.1307195045689,85.96524229612045,85.98795123420263,139172700,SPY
2010-01-20,86.19226837158203,86.61607608179727,85.50358084248224,86.48742099461722,216490200,SPY
2010-01-21,84.53485870361328,86.4798413983842,84.42890678825194,86.21496160998083,344859600,SPY
2010-01-22,82.65039825439453,84.56510760742985,82.55957987805745,84.15643357483005,345942400,SPY
2010-01-25,83.07421112060547,83.55857005150285,82.80176752202175,83.40720608123958,186937500,SPY
2010-01-26,82.7260513305664,83.60394470389546,82.52171726550141,82.74875447402441,211168800,SPY
2010-01-27,83.11962890625,83.30882955161215,81.98442503407705,82.62013643100008,271863600,SPY
2010-01-28,82.16606140136719,83.43749005216758,81.66657466745232,83.39208374197874,316104000,SPY
2010-01-29,81.2730484008789,83.09694583444004,81.14439331668785,82.52177411683424,310677600,SPY
2010-02-01,82.53687286376953,82.54444250492945,81.35626289637734,81.84818564077224,187865000,SPY
2010-02-02,83.53588104248047,83.69480891869034,82.40067697759868,82.68826570269447,216327900,SPY
2010-02-03,83.11962890625,83.6115517389807,82.87745231114425,83.15746557095514,172730700,SPY
2010-02-04,80.55406951904297,82.51418545544911,80.53893023383502,82.47634879032029,356715700,SPY
2010-02-05,80.7205581665039,80.88704986792686,79.14640756622852,80.6448732966495,493585800,SPY
2010-02-08,80.13786315917969,81.22766124458396,80.07731753800206,80.78114450583429,224166900,SPY
2010-02-09,81.14436340332031,81.84818994565588,80.42539757786864,81.07624817718732,337820500,SPY
2010-02-10,80.98544311523438,81.43195385167571,80.30431966020537,81.01571591034069,240511500,SPY
2010-02-11,81.83304595947266,81.92386433111558,80.41025944739982,80.8794790399717,223591600,SPY
2010-02-12,81.76495361328125,81.81035992162776,80.6070465588802,80.97030857354355,304622100,SPY
2010-02-16,83.05149841308594,83.1347471436663,81.59843910941035,82.3855143423874,159317500,SPY
2010-02-17,83.445068359375,83.55858992058003,83.05152771705706,83.45263222922793,168845100,SPY
2010-02-18,83.9369888305664,84.11105021525752,83.27856841391136,83.30884121428075,193708600,SPY
2010-02-19,84.11103057861328,84.43645588917722,83.52072554408913,83.71749581357884,222684900,SPY
2010-02-22,84.12618255615234,84.44403827286628,83.87643630418606,84.42133511795039,132346900,SPY
2010-02-23,83.10448455810547,84.1564396203135,82.88501112998324,83.89912952979131,207497000,SPY
2010-02-24,83.8688735961914,84.00509831089666,83.14234370907883,83.35424753774338,176350700,SPY
2010-02-25,83.75536346435547,83.81590907336117,82.44609786980271,82.6731352426535,259634700,SPY
2010-02-26,83.80829620361328,84.09588481108958,83.33151276998103,83.83099935179423,173589300,SPY
2010-03-01,84.67864990234375,84.76189865758386,84.13375105857077,84.15645421473695,147709700,SPY
2010-03-02,84.91324615478516,85.32192023598977,84.76188795016658,85.04190698005087,160992400,SPY
2010-03-03,84.98896026611328,85.49601677734613,84.77705062322963,85.13274887777868,150785000,SPY
2010-03-04,85.24625396728516,85.3673451683663,84.78460386756927,85.10245960948787,135770400,SPY
2010-03-05,86.4646987915039,86.53280825538181,85.5943746291854,85.7987145687106,176118800,SPY
2010-03-08,86.4798355102539,86.66903617108088,86.32847729117071,86.47227164106191,114631200,SPY
2010-03-09,86.62361145019531,87.02471584207119,86.17710075703378,86.22250705831944,154556700,SPY
2010-03-10,87.00958251953125,87.2441894419365,86.58577497610379,86.66145406972373,186088800,SPY
2010-03-11,87.37284088134766,87.39554980504897,86.54035933791207,86.80523904164913,160791100,SPY
2010-03-12,87.38043212890625,87.7664030920437,87.13825551504364,87.7512638058327,162074800,SPY
2010-03-15,87.40311431884766,87.46365990127669,86.72956059267212,87.22905298679484,146816800,SPY
2010-03-16,88.09939575195312,88.18263872811004,87.40313295346293,87.64530956086733,168673000,SPY
2010-03-17,88.62161254882812,88.9092013270527,88.10698638005246,88.36430235141405,177468100,SPY
2010-03-18,88.576171875,88.75023322952545,88.22047374973678,88.62914782297888,196509100,SPY
2010-03-19,88.12783813476562,89.13093133316978,87.78587098670637,88.12783813476562,226641100,SPY
2010-03-22,88.59896087646484,88.75854898187819,87.57307129975275,87.62626540231642,184477800,SPY
2010-03-23,89.22210693359375,89.29809768628043,88.43938536752493,88.7281583445462,182941600,SPY
2010-03-24,88.78895568847656,89.23731102696709,87.8314616800751,88.88774889406639,196072600,SPY
2010-03-25,88.6445541381836,89.7996284884078,88.53816594004671,89.38927152514181,223396300,SPY
2010-03-26,88.59136199951172,89.22969120245833,88.24179994108064,88.81173921416388,205808500,SPY
2010-03-29,89.15373992919922,89.31332230058642,88.67499281503764,89.03975086457275,134513500,SPY
2010-03-30,89.21454620361328,89.54131180493413,88.84218728973966,89.26013951616606,145772500,SPY
2010-03-31,88.91056060791016,89.30571610405772,88.61419253636839,88.87256232274868,161078700,SPY
2010-04-01,89.51849365234375,89.8604550098243,88.98654667682244,89.51849365234375,161215200,SPY
2010-04-05,90.24800872802734,90.30879785971948,89.60967356460955,89.86044830015666,105847600,SPY
2010-04-06,90.4607925415039,90.62037489590817,89.89085307674976,89.98964049679316,110384200,SPY
2010-04-07,89.94404602050781,90.7039652969246,89.526088099389,90.27841235740287,184576300,SPY
2010-04-08,90.25560760498047,90.40759493501828,89.36650346572361,89.632474046135,158704000,SPY
2010-04-09,90.84831237792969,90.8863048466238,90.27837316802479,90.44555046617754,133006500,SPY
2010-04-12,90.99272155761719,91.22830044733895,90.85593587245474,90.96232409450072,110279000,SPY
2010-04-13,91.06112670898438,91.22070905854402,90.43039232901734,90.90154435942475,125043600,SPY
2010-04-14,92.0945816040039,92.0945816040039,91.25107108555218,91.39545174704784,161609000,SPY
2010-04-15,92.17058563232422,92.38336204645009,91.91221013108392,91.94260758991939,144615300,SPY
2010-04-16,90.70393371582031,92.17057764056067,90.2403826547864,91.84381223356499,366786700,SPY
2010-04-19,91.04592895507812,91.13712135773532,90.02763988183122,90.43799699720246,217947800,SPY
2010-04-20,91.85902404785156,91.93502060043681,91.09150988670265,91.61585015365849,157708000,SPY
2010-04-21,91.69186401367188,92.1250177756427,91.18271368477096,91.91223550505215,192910100,SPY
2010-04-22,91.96542358398438,92.0794126291699,90.52158167071342,91.04592200220891,115360300,SPY
2010-04-23,92.56575775146484,92.60375603131557,91.66905284558867,91.90463174476086,177335500,SPY
2010-04-26,92.21621704101562,92.80135821946328,92.12503042453797,92.59617673693883,143457300,SPY
2010-04-27,90.03524017333984,92.20860401228899,89.86045618536338,91.68426364380774,355853300,SPY
2010-04-28,90.71915435791016,90.9471324429028,89.87564356025034,90.46838542168649,300674100,SPY
2010-04-29,91.84382629394531,92.03380607598677,91.24348948696753,91.26628613317685,193775000,SPY
2010-04-30,90.28600311279297,91.95782892060606,90.26320646321268,91.85903570879323,270000900,SPY
2010-05-03,91.45628356933594,91.70705832149206,90.58237524370712,90.7191609450901,182747900,SPY
2010-05-04,89.30569458007812,90.45317410224862,88.84974425665261,90.43797827048104,360353400,SPY
2010-05-05,88.77377319335938,89.51849666506307,88.12784294208862,88.57619255021771,328973200,SPY
2010-05-06,85.82524871826172,88.91051782335688,79.79149035429464,88.34817941946008,647356600,SPY
2010-05-07,84.5486068725586,86.45599977868947,83.14275759429076,85.59729322007082,637558800,SPY
2010-05-10,88.27220916748047,88.64456791884638,87.32231025235721,88.00623283306766,396159600,SPY
2010-05-11,88.02143096923828,89.18410626757185,87.32230678690632,87.44389082840105,317849800,SPY
2010-05-12,89.25251007080078,89.38170074447196,88.2190194677726,88.37100679040823,235607100,SPY
2010-05-13,88.14302062988281,89.42728584930612,88.06702987438884,89.00932799750474,234452500,SPY
2010-05-14,86.54718780517578,87.64147318935524,85.77207285653051,87.48189087044952,345601400,SPY
2010-05-17,86.59278869628906,87.02594239925303,84.93616464328733,86.78276849228595,325739800,SPY
2010-05-18,85.4149169921875,87.5578888478947,85.13374480840503,87.29951331187667,360556800,SPY
2010-05-19,84.92857360839844,85.69608784585644,83.86468554138192,84.93616862623372,394742700,SPY
2010-05-20,81.72172546386719,83.50753473025804,81.66853134266319,83.11997424850065,530418300,SPY
2010-05-21,82.91477966308594,83.11995528442583,80.06508282505776,80.48304068039111,500909400,SPY
2010-05-24,81.85090637207031,83.127571016512,81.77491560229771,82.46643914426973,269823000,SPY
2010-05-25,81.93448638916016,81.97248466754323,79.32036253447785,79.87510609116502,396505200,SPY
2010-05-26,81.44052124023438,83.18833733232762,81.19734738198612,82.43601911426617,349719300,SPY
2010-05-27,84.16866302490234,84.19906049253301,82.6640202646671,82.97558995958833,300870500,SPY
2010-05-28,83.11233520507812,84.13822459787147,82.71717411597231,84.07742969220575,297933500,SPY
2010-06-01,81.714111328125,83.55311441596962,81.59252726992973,82.33724484539977,277909400,SPY
2010-06-02,83.84188842773438,83.84948344552755,81.69891647218468,82.13207019305992,240243700,SPY
2010-06-03,84.13065338134766,84.39662394004864,83.2719467781921,84.08506008491987,226618300,SPY
2010-06-04,81.17457580566406,83.0819747877078,80.90100440593972,82.53483198825909,398475600,SPY
2010-06-07,80.16387939453125,81.7749102783554,80.1030902613053,81.4633406055311,264609100,SPY
2010-06-08,81.02255249023438,81.18213475816049,79.52551137976262,80.22463535288296,357774300,SPY
2010-06-09,80.58942413330078,82.28404050605454,80.24745705432396,81.49372393397911,268023300,SPY
2010-06-10,82.94518280029297,83.0439702102568,80.58183359710058,81.96488632521145,317890600,SPY
2010-06-11,83.34793853759766,83.40113264997572,82.16246643447315,82.21566054685121,214128200,SPY
2010-06-14,83.21873474121094,84.44220484542443,83.13514318394998,83.98624878846573,207196100,SPY
2010-06-15,85.11095428466797,85.1869450485917,83.65950576351315,83.80389227337479,238268700,SPY
2010-06-16,85.08055114746094,85.43011327638462,84.50301094424113,84.67019409236185,216374000,SPY
2010-06-17,85.21735382080078,85.3617403498204,84.38904452799748,85.32374206395488,263185800,SPY
2010-06-18,85.30973052978516,85.61513973498879,85.03485758485613,85.38608283108607,174006600,SPY
2010-06-21,85.06541442871094,86.43213658744365,84.59202075802321,86.37105823099056,213140700,SPY
2010-06-22,83.66048431396484,85.43952129654565,83.5383218094242,85.06539098067505,239355400,SPY
2010-06-23,83.40087890625,84.01170303236535,82.82822801128218,83.71392503300656,254639900,SPY
2010-06-24,82.01888275146484,83.09546929971447,81.80509400224531,82.9885749251047,268523600,SPY
2010-06-25,82.36248016357422,82.78242070228796,81.52258743553323,82.2632169364566,238726500,SPY
2010-06-28,82.1028823852539,82.70607547544365,81.80510432906377,82.48464972142662,169218600,SPY
2010-06-29,79.56793975830078,82.08760626181578,79.06400995278179,80.94993551657844,373649500,SPY
2010-06-30,78.81204986572266,80.0795143935276,78.55244504778697,79.34652180660898,284101700,SPY
2010-07-01,78.4608383178711,79.01821546423633,77.21627285554126,78.75861642627078,382924800,SPY
2010-07-02,78.03324890136719,78.96476222580802,77.59040317484121,78.72806831806932,233385200,SPY
2010-07-06,78.54480743408203,79.69010934917348,77.7889039759008,79.13272652069399,256935300,SPY
2010-07-07,81.01868438720703,81.11794182180596,78.65935864278448,78.74334794333308,253769400,SPY
2010-07-08,81.82038116455078,81.9120016002604,80.86596279052593,81.69821281652801,210842100,SPY
2010-07-09,82.43119812011719,82.43883509751835,81.64475838169827,81.79746297787996,144999900,SPY
2010-07-12,82.48465728759766,82.64499888446117,81.81274881141132,82.1563371153606,131283600,SPY
2010-07-13,83.72920989990234,84.0575241968528,83.17182705967684,83.33980560947924,213025900,SPY
2010-07-14,83.72156524658203,84.04988533873751,83.11837224818912,83.46196046833273,184426800,SPY
2010-07-15,83.74447631835938,84.0346173732587,82.5915374253399,83.691029128633,232337900,SPY
2010-07-16,81.4386215209961,83.3856316930564,81.27827409271663,83.29400542336927,282693400,SPY
2010-07-19,81.91964721679688,82.17924624575888,81.10266523549282,81.73640050074675,186709000,SPY
2010-07-20,82.8282241821289,82.88930251420248,80.79721963905615,80.83539869374478,258162400,SPY
2010-07-21,81.75164794921875,83.27871712232478,81.41569086703731,83.25581201677724,264527000,SPY
2010-07-22,83.57650756835938,83.94300678751833,82.71371545441436,82.72134660719347,274781300,SPY
2010-07-23,84.30188751220703,84.4240500618398,83.17185334523306,83.4085472900463,222020800,SPY
2010-07-26,85.17992401123047,85.26391328907188,84.21023756520759,84.44693144350221,184445700,SPY
2010-07-27,85.17227172851562,85.73728560038666,84.83631470049765,85.64565936766203,204855600,SPY
2010-07-28,84.62252044677734,85.25625540805936,84.34001061667078,84.99665067830908,163056200,SPY
2010-07-29,84.21026611328125,85.37847359617236,83.53835748807377,85.14941079253097,220149100,SPY
2010-07-30,84.1949234008789,84.64541166009762,83.2099692953196,83.35503684887789,220070600,SPY
2010-08-02,86.09618377685547,86.23362027083124,85.16467040938724,85.50825873167263,188263200,SPY
2010-08-03,85.68385314941406,86.10379368131571,85.40134325226424,85.88237377512223,146657300,SPY
2010-08-04,86.25650787353516,86.36340225545084,85.63804668883631,85.92055077305335,158171700,SPY
2010-08-05,86.16490173339844,86.21071778299006,85.57698249563187,85.7067820146402,140473800,SPY
2010-08-06,85.81364440917969,85.95108085606805,84.69124773047577,85.31734580512138,239728300,SPY
2010-08-09,86.27177429199219,86.41684773256071,85.76020749935458,86.21832710209434,120800400,SPY
2010-08-10,85.8060073852539,86.2641327581649,85.034841713153,85.53877146792657,242916300,SPY
2010-08-11,83.4543228149414,84.51563529927282,83.31688637253056,84.48509322036975,273406900,SPY
2010-08-12,82.9427719116211,83.24054997697277,82.15633210695857,82.19451117187337,239542600,SPY
2010-08-13,82.69840240478516,83.19470089026687,82.5991450378107,82.68313428113706,158698500,SPY
2010-08-16,82.66024780273438,82.92748371655804,81.83562913267329,82.13340712597768,147895300,SPY
2010-08-17,83.6757583618164,84.28658840364987,83.13364946671004,83.37034916620668,172270300,SPY
2010-08-18,83.82846069335938,84.27894329111565,83.15655237244434,83.6375770518749,182922100,SPY
2010-08-19,82.37013244628906,83.59942394508045,82.02654411508006,83.39327211141669,265847600,SPY
2010-08-20,82.1028823852539,82.41593439706301,81.50732627287364,82.12578749337511,209714200,SPY
2010-08-23,81.78985595703125,82.89697916926107,81.75167688406802,82.49230662720892,163490300,SPY
2010-08-24,80.57581329345703,81.23245357975959,80.14823573969993,80.89649645877486,280677800,SPY
2010-08-25,80.88883972167969,81.19424883473185,79.62900674177047,80.1329364385509,272234800,SPY
2010-08-26,80.34675598144531,81.37752662209249,80.07951418638616,81.27063223419172,224439500,SPY
2010-08-27,81.59131622314453,81.6753055038171,79.6443004625457,80.8506866528359,272649000,SPY
2010-08-30,80.4078369140625,81.62949708703333,80.40020576132932,81.37752923946005,167238600,SPY
2010-08-31,80.4078369140625,80.91940958724969,79.7817386968033,80.1100588488604,273933100,SPY
2010-09-01,82.81297302246094,82.92750439274302,81.4386140549984,81.49206125108904,256828100,SPY
2010-09-02,83.58415222167969,83.59942035394741,82.83588558378544,83.01150114405822,156112200,SPY
2010-09-03,84.66834259033203,84.74469487739125,83.95061827630194,84.40110667297171,212197300,SPY
2010-09-07,83.71393585205078,84.37821307317373,83.64522053192094,84.27131869165603,141973700,SPY
2010-09-08,84.30188751220703,84.63783889267869,83.84376193148512,83.88194100498153,149924400,SPY
2010-09-09,84.6912612915039,85.27154925187295,84.46220439355007,85.24864414460828,147017900,SPY
2010-09-10,85.11886596679688,85.21812339823333,84.6531092514339,84.84399296017911,127819000,SPY
2010-09-13,86.06561279296875,86.24122247196135,85.61512439299743,85.95871842524122,178503500,SPY
2010-09-14,86.0121841430664,86.5008458794912,85.57696960202222,85.89765277430585,209823600,SPY
2010-09-15,86.34046936035156,86.4397267329543,85.50058270476784,85.76018159863888,168608400,SPY
2010-09-16,86.31758880615234,86.37103599510665,85.7831110913025,86.07325796731737,199962900,SPY
2010-09-17,86.34982299804688,86.8564564808764,86.11186198086547,86.77201756707147,195836900,SPY
2010-09-20,87.67015075683594,87.86205635060972,86.3728670688471,86.64921159240086,214555200,SPY
2010-09-21,87.49361419677734,88.15376415178447,87.13283068857339,87.73925315990634,268389100,SPY
2010-09-22,87.06373596191406,87.84671413235348,86.8180970147456,87.35543623801657,191322400,SPY
2010-09-23,86.35751342773438,87.25563016182433,86.11187451268856,86.34983556450034,202354300,SPY
2010-09-24,88.13838195800781,88.19979314039398,87.24026537745777,87.31702642719414,209671800,SPY
2010-09-27,87.7162094116211,88.26889847880547,87.63177633526797,88.16910967475603,128761800,SPY
2010-09-28,88.02323913574219,88.30726146733137,86.87948366030302,87.83133357949099,209207500,SPY
2010-09-29,87.8697280883789,88.20748378395234,87.52429452977148,87.80063903406001,179665800,SPY
2010-09-30,87.60869598388672,88.88295130383524,87.19417940474048,88.31491266863087,287106700,SPY
2010-10-01,87.9771728515625,88.36866177796392,87.45518956852462,88.26886715283669,174638700,SPY
2010-10-04,87.31707000732422,88.16145368884318,86.87952536330559,87.79299812361465,166153200,SPY
2010-10-05,89.07489013671875,89.28982343823122,88.02324550404046,88.12304014866642,229634100,SPY
2010-10-06,89.06721496582031,89.29750399953943,88.70643154602394,89.05953710296477,148626600,SPY
2010-10-07,88.95974731445312,89.45102511481883,88.4224140504573,89.42799738300377,164860000,SPY
2010-10-08,89.45870208740234,89.70434098514089,88.74481312577261,89.08256880634809,177760100,SPY
2010-10-11,89.54312133789062,89.78876018167047,89.23607131904284,89.59685465195209,103098300,SPY
2010-10-12,89.81949615478516,90.08048495237746,88.77552925142798,89.25145137797723,182210000,SPY
2010-10-13,90.51802062988281,91.0016264292795,90.10350388318282,90.31844304763325,194347200,SPY
2010-10-14,90.1648941040039,90.58708861537079,89.5968553712947,90.43356067646826,217764300,SPY
2010-10-15,90.3491439819336,90.84809965714857,89.62758298945487,90.79436632944808,243705000,SPY
2010-10-18,90.79439544677734,91.0937677766149,90.04980062664455,90.37987856165718,141204800,SPY
2010-10-19,89.60453796386719,90.46427104115071,89.05952107259907,89.9576434572504,280604700,SPY
2010-10-20,90.47967529296875,90.91721992776161,89.71205271568334,89.7657860618335,200051800,SPY
2010-10-21,90.67920684814453,91.4161234449356,89.97299584161468,90.88646811828445,221585500,SPY
2010-10-22,90.84810638427734,90.98627864523759,90.57943972588072,90.81740078667575,108212400,SPY
2010-10-25,91.11676025390625,91.93044383490869,91.04767706136931,91.45451592362399,151145700,SPY
2010-10-26,91.13212585449219,91.22423678785654,90.47964803168855,90.6561978916327,158982900,SPY
2010-10-27,90.87112426757812,90.9709189130887,90.01139105390729,90.49499098659713,190024000,SPY
2010-10-28,90.886474609375,91.43148569832756,90.4489301657656,91.3931022436366,168576000,SPY
2010-10-29,90.95553588867188,91.13209153862758,90.63313603030912,90.7943359594905,144305500,SPY
2010-11-01,90.98628234863281,91.92278261587114,90.46429888114722,91.40079914838556,174074800,SPY
2010-11-02,91.70783996582031,91.92277327945564,91.42381759766302,91.66945650703104,158345900,SPY
2010-11-03,92.07628631591797,92.13001963902461,90.92485294378147,91.86903088579031,226702800,SPY
2010-11-04,93.84952545166016,93.89558092609084,92.09166928078724,93.09725284915547,215039400,SPY
2010-11-05,94.2026138305664,94.35613595487496,93.78809706714094,93.91091359528906,180654100,SPY
2010-11-08,94.02604675292969,94.17957471517674,93.6038580338594,93.91090224536764,156107100,SPY
2010-11-09,93.35052490234375,94.37913571462475,92.97439170972521,94.27934694905018,186621600,SPY
2010-11-10,93.72669982910156,93.77276115844677,92.62132748522318,93.32753873257496,221387400,SPY
2010-11-11,93.37356567382812,93.51173790665428,92.63664905091953,92.92067137853239,158017600,SPY
2010-11-12,92.26819610595703,93.1509629030114,91.84600736405677,92.74412402991942,239068800,SPY
2010-11-15,92.13770294189453,92.92068096081691,92.09932534111964,92.55989754587164,163940800,SPY
2010-11-16,90.70226287841797,91.7231961889036,90.26471250128903,91.56967405609952,299566200,SPY
2010-11-17,90.7483139038086,91.12444721030839,90.47196939309627,90.74063604059613,172308900,SPY
2010-11-18,92.08396911621094,92.41404693485018,91.61571905124613,91.6233969139568,197723700,SPY
2010-11-19,92.3372802734375,92.37565787167519,91.53895243828255,92.03790806731601,156852900,SPY
2010-11-22,92.26055908203125,92.29893669685015,91.17053057555519,91.87674779486946,181361000,SPY
2010-11-23,90.92485046386719,91.36239489908561,90.5717449421552,91.17048934229696,222309000,SPY
2010-11-24,92.26819610595703,92.29122969390934,91.48522395388291,91.5005738226912,140046100,SPY
2010-11-26,91.19351196289062,91.96880610241577,91.19351196289062,91.46985639995634,76007800,SPY
2010-11-29,91.46987915039062,91.71551806037868,90.37985099685591,90.96324560426262,223642300,SPY
2010-11-30,90.95553588867188,91.47751912166031,90.43355265568343,90.56405285629918,233930700,SPY
2010-12-01,92.88998413085938,93.06653399536741,92.2605340251253,92.26820603210817,221037200,SPY
2010-12-02,94.0798110961914,94.1489001661063,92.98211069427914,93.03584403465969,191213600,SPY
2010-12-03,94.33309173583984,94.44055837537324,93.73434735658441,93.7573750855569,151288900,SPY
2010-12-06,94.23330688476562,94.44824017278856,94.03372346453311,94.13351224640293,103050500,SPY
2010-12-07,94.28704071044922,95.19283518373662,94.23330738815645,95.13910186144385,206581000,SPY
2010-12-08,94.63249206542969,94.70925313699459,93.96466430067119,94.40220885073497,138019200,SPY
2010-12-09,95.00096130371094,95.20053893506804,94.53271111480534,95.16216132434315,123705100,SPY
2010-12-10,95.55365753173828,95.64576848951467,94.97794061965473,95.29266281954953,117571700,SPY
2010-12-13,95.61505126953125,96.10632917297629,95.58434566850411,95.99119048974273,133812700,SPY
2010-12-14,95.69949340820312,96.1293659804624,95.4077989734336,95.76090461231084,147249600,SPY
2010-12-15,95.2619400024414,95.89906800892027,95.10073999896377,95.52293466747248,160823100,SPY
2010-12-16,95.8145980834961,95.88368712349315,94.99324260392788,95.32332036804365,185035200,SPY
2010-12-17,95.9172592163086,96.04072165047363,95.5468601392263,95.74749321794978,141075300,SPY
2010-12-20,96.14873504638672,96.3802351610722,95.67031011073237,96.17960212083095,119085500,SPY
2010-12-21,96.75836181640625,96.82009597505402,96.35710155978255,96.44969691046079,94965500,SPY
2010-12-22,97.05931091308594,97.09017799318337,96.77380072494833,96.82781664329546,78878100,SPY
2010-12-23,96.9203872680664,97.05928614941952,96.68117481746076,96.95125434028844,70053700,SPY
2010-12-27,96.95899200439453,97.0515873523186,96.48827936146972,96.55772587241277,58126000,SPY
2010-12-28,97.09788513183594,97.19048047424639,96.84323616562146,97.15190104400632,55309100,SPY
2010-12-29,97.16732025146484,97.38338387482558,97.15188965863574,97.21362380453657,58033100,SPY
2010-12-30,97.01300811767578,97.32938536921712,96.86639096677261,97.07474227461326,76616900,SPY
2010-12-31,97.03617858886719,97.12877984491878,96.71208302362842,96.86641256308654,91218900,SPY
2011-01-03,98.03929901123047,98.46370801849288,96.99755443137686,97.77693183442612,138725200,SPY
2011-01-04,97.98529052734375,98.28623715271728,97.37567903594046,98.25537007738504,137409700,SPY
2011-01-05,98.49458312988281,98.55631728090944,97.58402500776448,97.67662623430442,133975300,SPY
2011-01-06,98.30166625976562,98.64119819599165,98.00843787948386,98.53316637760928,122519000,SPY
2011-01-07,98.10875701904297,98.5949002293227,97.3448160065197,98.4328524925628,156034600,SPY
2011-01-10,97.98529052734375,98.12418942269251,97.38339138930404,97.67662566131399,122401700,SPY
2011-01-11,98.33253479003906,98.5717472646702,97.96213577346548,98.34025303069276,110287000,SPY
2011-01-12,99.21993255615234,99.32796436359526,98.35567220931718,98.93442244532123,107929200,SPY
2011-01-13,99.05792999267578,99.30486669381585,98.8110050661257,99.25856900599959,129048400,SPY
2011-01-14,99.77552795410156,99.79867678605578,98.84953935218137,98.918985848044,117677900,SPY
2011-01-18,99.94532012939453,100.0379154815074,99.56720281728866,99.68294700742975,114401300,SPY
2011-01-19,98.96530151367188,99.9607367925237,98.70294018741153,99.86042909400417,151958400,SPY
2011-01-20,98.83413696289062,99.08106184710036,98.10105700349641,98.74153571584148,175745700,SPY
2011-01-21,99.05792999267578,99.67525997093597,98.9498981295745,99.45148388829402,151462900,SPY
2011-01-24,99.62122344970703,99.73696763848562,98.97302066878638,98.9961695065421,113715500,SPY
2011-01-25,99.67520904541016,99.76009202123535,98.85725224632229,99.35882597419044,167552200,SPY
2011-01-26,100.06106567382812,100.35429999227036,99.72153367870283,99.92217264377895,141281500,SPY
2011-01-27,100.3079833984375,100.47774936398388,99.90671731854745,100.08419563722414,123302700,SPY
2011-01-28,98.55633544921875,100.58580335546816,98.39428768837077,100.42374970732641,295637300,SPY
2011-01-31,99.297119140625,99.37428978517579,98.57948159956894,98.8264182424617,149249200,SPY
2011-02-01,100.88674926757812,101.0642276240255,99.83729206384973,99.89902622578522,167194300,SPY
2011-02-02,100.6938247680664,100.9638984542168,100.57035645603898,100.62436648343454,118323600,SPY
2011-02-03,100.9176025390625,101.0719320444924,99.98390137773043,100.51633640527558,145886700,SPY
2011-02-04,101.2031021118164,101.24168742777869,100.49317704153431,100.95617728391125,134634800,SPY
2011-02-07,101.83588409423828,102.16769195880744,101.4191814566548,101.42690558579451,112439100,SPY
2011-02-08,102.2988510131836,102.35286102659475,101.65064843016705,101.9284461730075,99072800,SPY
2011-02-09,102.06739807128906,102.34519594242977,101.55810001176636,102.0211003885304,146436700,SPY
2011-02-10,102.1059799194336,102.22172412238655,101.3188840155886,101.5503841960828,162708500,SPY
2011-02-11,102.71556091308594,102.84674156966582,101.6815403673959,101.70468920240496,137710300,SPY
2011-02-14,102.9625015258789,103.04738452545075,102.53809830260691,102.6538424953925,101690700,SPY
2011-02-15,102.63839721679688,102.8004508473982,102.10596220101826,102.6461213453789,119575400,SPY
2011-02-16,103.28659057617188,103.41004710181373,102.77729266867425,102.98564395348423,130183500,SPY
2011-02-17,103.59526062011719,103.73415364177285,102.8930478339609,102.98565495631777,109810500,SPY
2011-02-18,103.81130981445312,103.93477811066514,103.44862905344586,103.68784151824111,130002400,SPY
2011-02-22,101.72785949707031,103.83448634939032,101.45006164377409,102.72329493620545,233116400,SPY
2011-02-23,101.1028060913086,101.9130507217117,100.47776393415343,101.66611409071444,227584000,SPY
2011-02-24,101.03331756591797,101.4268712319577,100.08418019559134,100.99474403163283,260431400,SPY
2011-02-25,102.11366271972656,102.17539686829636,101.39601354536454,101.45774769393432,141686900,SPY
2011-02-28,102.74642944335938,102.87762188389914,102.152260269556,102.49179224006438,141585500,SPY
2011-03-01,101.03331756591797,103.16310415978072,101.00245638357325,103.07050883816342,258565500,SPY
2011-03-02,101.24940490722656,101.7201174720527,100.5857775498419,100.8944365081017,200277400,SPY
2011-03-03,102.99336242675781,103.10910660598256,102.15996901258195,102.16768136633499,176480100,SPY
2011-03-04,102.22174072265625,103.11686861948415,101.55040068733044,102.91622960233191,277202300,SPY
2011-03-07,101.4191665649414,102.75414550551257,100.88673158889942,102.5226453824678,216790400,SPY
2011-03-08,102.30657958984375,102.63067504545813,101.14137842028356,101.58121804769411,174615000,SPY
2011-03-09,102.15998840332031,102.47637158603439,101.55038265271904,102.10597836762587,153806000,SPY
2011-03-10,100.2693862915039,101.22623604887023,100.16906683968317,101.0873430613494,301291800,SPY
2011-03-11,100.96391296386719,101.32659382345263,99.92217983971608,99.94532867972468,225621800,SPY
2011-03-14,100.35430145263672,100.68610932341858,99.59035445248777,100.30800377527993,234974100,SPY
2011-03-15,99.20451354980469,99.79869448268735,97.61489734262534,97.68434385080245,359585400,SPY
2011-03-16,97.36795043945312,99.21222119882303,96.67345603657418,98.88811399865949,468670300,SPY
2011-03-17,98.65665435791016,99.0733511456455,98.0779098006045,98.7724044468301,254303700,SPY
2011-03-18,99.01545715332031,99.88347204148182,98.82170430521113,99.85246496337255,230435400,SPY
2011-03-21,100.55000305175781,100.7592476563457,100.13149019110644,100.24774901939305,153992600,SPY
2011-03-22,100.20121765136719,100.66622921678248,100.10822006857826,100.53447869925306,129538600,SPY
2011-03-23,100.48798370361328,100.75148474862542,99.4494712374579,99.92221685164893,148603100,SPY
2011-03-24,101.44903564453125,101.59628977248799,100.49577448162844,101.06152976074657,159129800,SPY
2011-03-25,101.7590103149414,102.20076071187499,101.44125276801047,101.71251151797333,155642800,SPY
2011-03-28,101.51099395751953,102.23950659503814,101.47999870359226,101.97600554658041,109762400,SPY
2011-03-29,102.1930160522461,102.2240113086759,101.09250115006584,101.42575041606814,129798800,SPY
2011-03-30,102.89830780029297,103.20056189343602,102.58055016177997,102.72780427844405,135835000,SPY
2011-03-31,102.75878143310547,103.04554375607938,102.65028028611854,102.7665391172933,132537100,SPY
2011-04-01,103.19281005859375,103.6733253863845,102.94481244731475,103.3943206826076,153850100,SPY
2011-04-04,103.27800750732422,103.59576499673481,102.9835112379237,103.40975801679662,100768900,SPY
2011-04-05,103.26251983642578,103.71977370938494,103.03001405883694,103.07651284920769,120791500,SPY
2011-04-06,103.58804321289062,103.85154429306921,103.16953036720712,103.75854669435616,120411600,SPY
2011-04-07,103.32451629638672,103.83601478714556,102.81300597989346,103.40201033402441,170731500,SPY
2011-04-08,102.96802520751953,103.84379195991703,102.54176653043505,103.7817896227287,147945400,SPY
2011-04-11,102.65803527832031,103.42528914555888,102.41002590557483,103.07653631265609,121385400,SPY
2011-04-12,101.89077758789062,102.28602925279198,101.51877532529295,102.0845304909138,161187400,SPY
2011-04-13,101.8830337524414,102.44103124455044,101.49552793869914,102.36353717724535,162059000,SPY
2011-04-14,101.96049499511719,102.11549490556644,100.96073552084462,101.29398473702376,161220400,SPY
2011-04-15,102.33250427246094,102.58825946409551,101.84425511182761,102.14650909726194,170006700,SPY
2011-04-18,101.18549346923828,102.32476125185657,100.37172907797718,101.20874286678263,210759300,SPY
2011-04-19,101.76677703857422,101.79778412673508,101.09252069281531,101.34051826940627,124258800,SPY
2011-04-20,103.1540298461914,103.37877796580963,102.9137663604622,102.98352637927978,156133800,SPY
2011-04-21,103.6810302734375,103.72752906806787,103.15402816664496,103.6887761306305,135935400,SPY
2011-04-25,103.57254791259766,103.74305140763036,103.23154092253223,103.60354317272254,65757100,SPY
2011-04-26,104.46378326416016,104.67303965709492,103.7817812615074,103.89028238641141,146600000,SPY
2011-04-27,105.1458511352539,105.30085113253548,104.23908873412783,104.6653475959585,143031000,SPY
2011-04-28,105.48685455322266,105.62635099819835,104.9443486687483,104.95984038991804,124791100,SPY
2011-04-29,105.7348403930664,105.84335338361103,105.38608749374735,105.52559574891899,115094100,SPY
2011-05-02,105.57207489013672,106.31607935997368,105.36281845923477,106.230839441695,126278700,SPY
2011-05-03,105.19233703613281,105.54884762927493,104.6575770592898,105.37059824557403,138375000,SPY
2011-05-04,104.49481964111328,105.1923253788131,104.02980793215407,105.14582657306498,182678500,SPY
2011-05-05,103.54927062988281,104.58778303764743,103.09201675529415,103.91352692339855,226900000,SPY
2011-05-06,104.00651550292969,105.11478782631552,103.6035063102681,104.58002812995832,222787200,SPY
2011-05-09,104.40956115722656,104.7118152008416,103.83604832991728,103.99880596528148,114104500,SPY
2011-05-10,105.30078125,105.48678821874,104.62652520513508,104.7582757066757,114806900,SPY
2011-05-11,104.19257354736328,105.16133816034346,103.71207008356188,105.14583461532861,193564200,SPY
2011-05-12,104.68853759765625,104.90553983585862,103.37876648624801,103.91352622529493,171550700,SPY
2011-05-13,103.88255310058594,104.89007057909603,103.51055083147445,104.74281647810177,157444900,SPY
2011-05-16,103.22377014160156,104.32428490927109,103.05326668773519,103.51052057504255,141675400,SPY
2011-05-17,103.20828247070312,103.3477906933775,102.39451801135816,102.83628025313355,192686200,SPY
2011-05-18,104.13055419921875,104.23905534513584,103.0377850559365,103.26254503188201,135217900,SPY
2011-05-19,104.3785629272461,104.64982173395447,103.8050618770181,104.47157236637598,119489500,SPY
2011-05-20,103.54927062988281,104.37852665449824,103.35551778549082,104.10727976779054,182594900,SPY
2011-05-23,102.34800720214844,102.85951758236817,101.98375088524067,102.28600486887308,168700000,SPY
2011-05-24,102.26277923583984,102.86728734357969,102.0690263339812,102.64253918074867,147199600,SPY
2011-05-25,102.60374450683594,103.0300030827156,101.82098735893611,101.85198260730289,151050100,SPY
2011-05-26,103.0765380859375,103.2625451186966,102.13102303112024,102.3247759222592,164850000,SPY
2011-05-27,103.47181701660156,103.75082172645685,103.04557000426637,103.36331584197679,120921900,SPY
2011-05-31,104.54905700683594,104.56456054958261,103.72754662733537,104.44831354332807,164731200,SPY
2011-06-01,102.20075988769531,104.56454726231705,102.11550815202907,104.2467897179486,233094300,SPY
2011-06-02,102.09223937988281,102.48750272738917,101.49548916919989,102.27050050064366,200466800,SPY
2011-06-03,101.07699584960938,101.85200732997049,100.8134947844634,100.8677394387056,234690200,SPY
2011-06-06,100.00747680664062,101.03049764304662,99.87572627329806,100.82124123092052,179951200,SPY
2011-06-07,99.94549560546875,100.8057589068666,99.86024386115949,100.51899658924206,161660500,SPY
2011-06-08,99.5269775390625,100.12373971802921,99.34097051781985,99.79047861651998,198696400,SPY
2011-06-09,100.2864990234375,100.69725423649336,99.55799803334476,99.79824974372777,160964400,SPY
2011-06-10,98.89148712158203,99.92224814068918,98.62798599405879,99.86025761423387,238629400,SPY
2011-06-13,98.9689712524414,99.38748410628358,98.46521848194214,99.11622533709931,207599800,SPY
2011-06-14,100.22449493408203,100.57324775116453,99.83698917604875,99.87573029126227,160570400,SPY
2011-06-15,98.44197845458984,100.2090100062552,98.17847732835914,99.38749953874803,300958000,SPY
2011-06-16,98.65895080566406,99.17820700994699,97.89943705339977,98.4729438176396,308032800,SPY
2011-06-17,98.95337677001953,99.64655617036235,98.61846940136762,99.63876596862173,233284900,SPY
2011-06-20,99.45964813232422,99.66994202876083,98.58733550172533,98.61849037313017,159479000,SPY
2011-06-21,100.82263946533203,101.01735294899792,99.49859015327745,99.97369152879698,193157300,SPY
2011-06-22,100.21513366699219,101.10302667110884,100.15282392651778,100.51110196315368,176703000,SPY
2011-06-23,99.92695617675781,100.19176364634882,98.28357399820499,99.03906322008365,334286500,SPY
2011-06-24,98.76646423339844,99.98147445373888,98.61848602847483,99.90359619193393,226129300,SPY
2011-06-27,99.64656829833984,100.02819909733509,98.63405586741065,98.82876933934445,168904700,SPY
2011-06-28,100.9472427368164,100.96282314063076,99.90358148420867,100.04376946543987,165556300,SPY
2011-06-29,101.811767578125,101.9753202174928,100.96281980595538,101.40676028289067,244295500,SPY
2011-06-30,102.78531646728516,102.94886907746915,101.80396515309077,102.13886651590032,223322700,SPY
2011-07-01,104.3040771484375,104.44427698230449,102.63733084850169,102.87877357333356,202385700,SPY
2011-07-05,104.2184066772461,104.42870049374217,103.89128956512093,104.19504201812028,165936000,SPY
2011-07-06,104.3430404663086,104.4754441810196,103.67322574906355,103.96919398451485,143331600,SPY
2011-07-07,105.4256591796875,105.6904666403788,105.05181265374881,105.26989078424361,170464200,SPY
2011-07-08,104.67793273925781,105.42563752189957,103.89129477902827,104.23399230922391,194100500,SPY
2011-07-11,102.78531646728516,103.7277227223622,102.54387373886647,103.39282135955267,195918600,SPY
2011-07-12,102.34136962890625,103.41619151902651,102.3102207105736,102.5672438531834,214675700,SPY
2011-07-13,102.68408966064453,103.75891178636482,102.43486260626062,102.87880312490593,204062600,SPY
2011-07-14,101.97530364990234,103.41618766971085,101.78059023556949,102.94108646336417,226111800,SPY
2011-07-15,102.56726837158203,102.70745636413666,101.85072423500216,102.54390370615626,220012800,SPY
2011-07-18,101.72608184814453,102.24791239904981,100.9628085526495,102.09214403651102,196872100,SPY
2011-07-19,103.37725830078125,103.50187775711655,102.27128736562783,102.29465202814501,166554900,SPY
2011-07-20,103.31494903564453,103.70437592516353,103.13581599408815,103.64207808108216,137145400,SPY
2011-07-21,104.7480697631836,105.0050929872852,103.3305499001447,103.89910994380514,245246300,SPY
2011-07-22,104.8181381225586,104.92717717116602,104.17947234902583,104.77140879949326,126019400,SPY
2011-07-25,104.23401641845703,104.74806283264894,103.71218574381994,103.82122481188789,136653800,SPY
2011-07-26,103.84457397460938,104.33525564984467,103.61091546809898,104.16390687069475,131278200,SPY
2011-07-27,101.71832275390625,103.29939519933086,101.58590713440715,103.26823438849559,249020100,SPY
2011-07-28,101.42232513427734,102.6295506910339,101.25876063562464,101.7182933297614,207939900,SPY
2011-07-29,100.72915649414062,101.67935901593275,99.6699149231772,100.40203934662671,307038400,SPY
2011-08-01,100.30079650878906,101.99870405891737,99.32722920932935,101.90523351680005,325790900,SPY
2011-08-02,97.7383804321289,100.08273248329226,97.7383804321289,99.5453213567858,346653800,SPY
2011-08-03,98.26799011230469,98.37702917735469,96.21181639681424,97.87077892198687,370830800,SPY
2011-08-04,93.66495513916016,97.06075801892959,93.5091808213554,96.90498370112483,520721800,SPY
2011-08-05,93.52473449707031,95.0746513776566,91.01682514784994,94.83320868178613,655619200,SPY
2011-08-08,87.4341049194336,93.55589455915154,87.24717578108313,91.05577526998142,702263900,SPY
2011-08-09,91.49970245361328,91.62431591095792,85.88416406276878,88.84380943749919,717828700,SPY
2011-08-10,87.45750427246094,90.56512963867893,87.19269085916456,89.77070128315702,662607400,SPY
2011-08-11,91.38291931152344,92.62129402202838,87.4808600443213,88.21298453008882,487979700,SPY
2011-08-12,91.99821472167969,92.84716252736375,91.3439744274667,92.21629283902301,313731600,SPY
2011-08-15,93.94534301757812,94.03880166612664,92.68359778252936,92.8315818989747,258810600,SPY
2011-08-16,93.14314270019531,93.99988681432134,92.14621057704957,93.04968402751551,294095200,SPY
2011-08-17,93.2054443359375,94.3970898464228,92.46553551139074,93.65718102187603,238201100,SPY
2011-08-18,89.1865463256836,93.23658352825107,88.31422796938756,90.73646365477373,512956300,SPY
2011-08-19,87.7300796508789,90.25356395660859,87.62104060905111,87.97931259536848,428281300,SPY
2011-08-22,87.8001480102539,89.74728154604063,87.55091515536041,89.70054630049935,275090600,SPY
2011-08-23,90.68975830078125,90.79100717784284,87.6833814968147,88.12732802267587,331136600,SPY
2011-08-24,91.96707153320312,92.0916850694289,90.28474422777663,90.49503811204683,246869700,SPY
2011-08-25,90.56513214111328,92.99515849122662,90.24580512640779,92.47332779513239,312365400,SPY
2011-08-26,91.88138580322266,92.30196757774377,88.67250593586697,90.10560005003332,314495900,SPY
2011-08-29,94.52169799804688,94.57621752656412,91.95147807152951,93.11975877591323,190977200,SPY
2011-08-30,94.77092742919922,95.35506775952166,92.88610272281602,94.108902909937,241315700,SPY
2011-08-31,95.19152069091797,96.1962428936283,94.47497655853311,95.37844395541326,301828400,SPY
2011-09-01,94.194580078125,96.11055970502089,94.06996061840027,95.24603151527504,254585900,SPY
2011-09-02,91.78791809082031,94.14005986751658,91.4608009246889,92.23186451405091,255517200,SPY
2011-09-06,91.11811065673828,91.25052032789202,89.08530162373789,89.09309182608418,285130500,SPY
2011-09-07,93.68834686279297,93.72728599685459,92.18515842933719,92.49670121275197,209803200,SPY
2011-09-08,92.71476745605469,94.19459103034227,92.5044735788636,93.12755906556897,250568200,SPY
2011-09-09,90.28471374511719,92.73031373245568,89.78624788414257,91.65549783388826,380195100,SPY
2011-09-12,90.86890411376953,90.93900407092605,88.8283102265775,89.15542751414775,305793500,SPY
2011-09-13,91.70223999023438,92.04493754595211,90.51838489021897,91.16483493680192,272514700,SPY
2011-09-14,92.9717788696289,94.08554002483766,90.90781514172954,92.1695544760645,319389500,SPY
2011-09-15,94.57622528076172,94.60738014849493,92.99515288194802,93.9687202154228,326777200,SPY
2011-09-16,95.13600158691406,95.48830275046589,94.1965437632969,94.95594172430225,284528300,SPY
2011-09-19,94.18865966796875,94.67404931867155,92.94387846123686,93.57801183274753,241517000,SPY
2011-09-20,94.07906341552734,95.50391045983609,93.9538052218237,94.58793863983566,218932200,SPY
2011-09-21,91.30766296386719,94.41571013837297,91.15891922153172,94.12604718498176,316251300,SPY
2011-09-22,88.35620880126953,89.41310005074466,87.1349127772472,88.66153280727511,513911300,SPY
2011-09-23,88.8885498046875,89.37393948739151,87.69856412222742,87.76902670866512,307242500,SPY
2011-09-26,91.00234985351562,91.12761404402417,88.45015468762006,89.72625227056784,260673700,SPY
2011-09-27,92.02012634277344,93.60154836811897,91.47210431475811,92.7951793272346,311753900,SPY
2011-09-28,90.14119720458984,92.76385548747649,90.00810845565334,92.20800897168884,286696800,SPY
2011-09-29,90.85360717773438,92.09055822267926,89.19389247124032,91.63649045898008,298108900,SPY
2011-09-30,88.583251953125,90.3838800683941,88.52061985183062,89.60099672099209,288392300,SPY
2011-10-03,86.0623779296875,89.20956677177983,85.96842976539865,88.06655765110244,365136800,SPY
2011-10-04,87.9491195678711,88.13701588711027,84.1051651238975,84.82541642886844,459177500,SPY
2011-10-05,89.5775146484375,89.8123820509324,87.3541287226374,88.16832815224657,284108000,SPY
2011-10-06,91.19805908203125,91.33115376076424,88.86507057307675,89.53052007504331,257800800,SPY
2011-10-07,90.58741760253906,91.79305849050868,90.07854230971243,91.73042639876157,312657900,SPY
2011-10-10,93.6171875,93.65632808168469,92.1218775131846,92.12970801869179,230666300,SPY
2011-10-11,93.71112060546875,93.97730401062266,92.96738392325274,93.06133206147031,209088000,SPY
2011-10-12,94.53316497802734,95.62137236205214,94.20435540291035,94.41573128036386,281544900,SPY
2011-10-13,94.34526062011719,94.62709906344095,93.25705339786572,93.97730454283753,212538800,SPY
2011-10-14,95.9580078125,95.98149335631416,94.90894703596268,95.44130792981129,211397600,SPY
2011-10-17,94.12605285644531,95.94234170119954,93.89118549955921,95.50392303320714,202311600,SPY
2011-10-18,95.96582794189453,96.68607908130589,93.3196787969973,94.05559094587522,318857900,SPY
2011-10-19,94.83061218261719,96.35723756071673,94.50180276810579,95.80921589694135,226601300,SPY
2011-10-20,95.2455825805664,95.5900471617025,93.80507424143006,95.06551679832734,262075600,SPY
2011-10-21,97.05404663085938,97.1714803240432,96.07544247587035,96.36510548307461,278999400,SPY
2011-10-24,98.2440414428711,98.48673937142863,97.12451788213663,97.2106355385721,203215600,SPY
2011-10-25,96.33380126953125,97.82127489730728,96.12241941434971,97.7743038063452,268596800,SPY
2011-10-26,97.3124008178711,97.68035096764066,95.67617154367947,97.35154140082062,289053800,SPY
2011-10-27,100.70230865478516,101.32078136500414,99.12088063637943,99.91941918009243,393220200,SPY
2011-10-28,100.67879486083984,100.87451568137347,100.05248584596205,100.20906011321878,225906500,SPY
2011-10-31,98.25184631347656,100.69443819198416,98.1109270917992,99.5514353548262,228146700,SPY
2011-11-01,95.51175689697266,96.69391228180505,95.1359703073237,95.53524243890223,416565800,SPY
2011-11-02,97.06968688964844,97.39067187061679,96.13022943306888,96.94442868280277,244717600,SPY
2011-11-03,98.83900451660156,99.03472531762453,96.76436283117309,98.07177634850459,291174800,SPY
2011-11-04,98.23619842529297,98.40842773283138,97.08535902667069,98.0404776016613,249401600,SPY
2011-11-07,98.84684753417969,98.9486202133422,97.2341038680027,98.16573691014435,196617200,SPY
2011-11-08,100.11514282226562,100.22475201063484,98.416287009988,99.36357535655193,224426300,SPY
2011-11-09,96.41991424560547,98.48672576874174,96.18504685632487,97.77429906806954,337982000,SPY
2011-11-10,97.3280258178711,97.81341548545971,96.3102754084809,97.69598182700331,231866500,SPY
2011-11-11,99.1600112915039,99.41835826621303,98.4789006039908,98.51021665578835,189924400,SPY
2011-11-14,98.22053527832031,99.77847132812495,97.7977775917196,98.79204269898203,159258300,SPY
2011-11-15,98.7059097290039,99.23044000995306,97.64118815914993,97.99348319013383,184709400,SPY
2011-11-16,97.14018249511719,98.90949483870436,96.99926323144922,97.7116840839901,235782500,SPY
2011-11-17,95.59785461425781,97.20276733820481,94.90891964519136,96.96006951867456,331219600,SPY
2011-11-18,95.49608612060547,96.09890349816924,95.0968140548338,95.9031827171139,215580400,SPY
2011-11-21,93.67982482910156,94.22001028074814,92.88911097064086,94.1025765832855,229611600,SPY
2011-11-22,93.3118667602539,94.02428749032974,92.78733038553557,93.47627154411755,216494900,SPY
2011-11-23,91.25286865234375,93.31185539868156,91.25286865234375,92.43502401857846,224329100,SPY
2011-11-25,91.0805892944336,92.14531046454478,90.97098617159176,91.11190532566302,99557000,SPY
2011-11-28,93.71895599365234,94.08691208802134,93.02219035777608,93.58586727060302,210686000,SPY
2011-11-29,93.98514556884766,94.72888233853361,93.6406749944622,93.98514556884766,199241500,SPY
2011-11-30,97.85257720947266,98.03264298775447,93.94599140592854,96.67825231689855,324439500,SPY
2011-12-01,97.8369140625,98.36144437086872,97.4141564194652,97.74296592862845,176954800,SPY
2011-12-02,97.75082397460938,99.03475230131403,97.68819186771489,98.73725875295492,221109700,SPY
2011-12-05,98.8155288696289,99.56709610405359,98.20488086496668,99.30091268209095,225263900,SPY
2011-12-06,98.84684753417969,99.51229714731274,98.45540588258076,98.80770097984956,178842100,SPY
2011-12-07,99.21480560302734,99.62973280625388,97.83692928975047,98.51803395432016,237802500,SPY
2011-12-08,97.03837585449219,98.78420811939544,96.80351446468457,98.56500176640493,240862800,SPY
2011-12-09,98.68241119384766,98.93293353182477,97.39065296215288,97.47677057579412,209111400,SPY
2011-12-12,97.241943359375,97.83693639720657,96.41991939881112,97.82127538485707,215826100,SPY
2011-12-13,96.33380126953125,98.30666473797777,95.86406646820608,97.75081826086416,245159800,SPY
2011-12-14,95.30819702148438,96.31811704425748,95.09682119017126,95.95016099259698,238618800,SPY
2011-12-15,95.65267181396484,96.45121006823626,95.50392209120916,96.31812135467852,199109200,SPY
2011-12-16,95.7944564819336,96.86593047821273,95.56598580124286,96.2986848426572,220481400,SPY
2011-12-19,94.77031707763672,96.36964891334166,94.56547474075181,96.16480657645675,183903000,SPY
2011-12-20,97.63806915283203,97.80351662383406,94.83333029255645,96.25933421700778,225418100,SPY
2011-12-21,97.82711791992188,97.97681101418473,96.70837482281334,97.6380360187724,194230900,SPY
2011-12-22,98.69376373291016,98.79618786903416,97.87440670875489,98.18954125151947,119465400,SPY
2011-12-23,99.576171875,99.60768653643638,98.8040837076336,99.00891999075941,92187200,SPY
2011-12-27,99.65495300292969,99.91494444509932,99.31617791456507,99.40284172862162,86075700,SPY
2011-12-28,98.34710693359375,99.68644666925948,98.26832330399088,99.67069234766116,119107100,SPY
2011-12-29,99.36345672607422,99.46587486897943,98.37076591564296,98.67014618700159,123507200,SPY
2011-12-30,98.87496948242188,99.5288850658154,98.87496948242188,99.2846479861203,95599000,SPY
2012-01-03,100.45069122314453,101.14400180164067,100.39554206447393,100.65553353140997,193697900,SPY
2012-01-04,100.60823822021484,100.69490202503157,99.82826998767057,100.214314020432,127186500,SPY
2012-01-05,100.87609100341797,101.02578410381776,99.60766077085036,100.06461422726669,173895000,SPY
2012-01-06,100.61612701416016,101.0179314154155,100.28523210056483,101.00217108002137,148050000,SPY
2012-01-09,100.86036682128906,100.98641344296935,100.37977876264218,100.84460648547382,99530200,SPY
2012-01-10,101.73486328125,102.14453577573855,101.59304432422549,101.93969952849427,115282000,SPY
2012-01-11,101.78999328613281,101.92392604839542,101.25426223708239,101.41970364039071,111540700,SPY
2012-01-12,102.03423309326172,102.18392619971699,101.27001924991431,102.0815140913093,118983700,SPY
2012-01-13,101.50639343261719,101.67184689991929,100.62400699797546,101.34882614380453,179836200,SPY
2012-01-17,101.90030670166016,102.67240677051238,101.55365149060198,102.48331883131367,132209200,SPY
2012-01-18,103.02693939208984,103.08208252925705,101.69547366283535,101.87667543011706,163395200,SPY
2012-01-19,103.57057189941406,103.65723571762148,103.05058899016959,103.38148392652124,126328900,SPY
2012-01-20,103.95660400390625,103.95660400390625,103.14512103535512,103.39723831804976,138230200,SPY
2012-01-23,103.68875122070312,104.19297382678857,103.1924027725698,103.6099615547211,129295800,SPY
2012-01-24,103.57057189941406,103.60208055075567,102.89302169023276,103.05058899016959,103083300,SPY
2012-01-25,104.43716430664062,104.6813953458514,103.0111608674212,103.41295915564436,198613200,SPY
2012-01-26,103.90145111083984,105.09897202641288,103.49176657571614,104.9020099258974,184880500,SPY
2012-01-27,103.85414123535156,104.03534293042217,103.32627243481082,103.39718789949744,135259100,SPY
2012-01-30,103.4996337890625,103.554788943881,102.46755437505269,102.82208372787572,147311800,SPY
2012-01-31,103.46027374267578,104.13781193126022,102.95603914753762,104.0117653040901,157212000,SPY
2012-02-01,104.36627960205078,104.89413659298195,104.09841402843425,104.22446063732794,166234500,SPY
2012-02-02,104.53173065185547,104.79960827172752,104.16145292580069,104.57112548021435,113090400,SPY
2012-02-03,105.99713897705078,106.06016830385242,105.39050424711289,105.5717060481583,160598500,SPY
2012-02-06,105.92623901367188,105.97350800494068,105.43777674174045,105.55594921991248,107694500,SPY
2012-02-07,106.19406127929688,106.3752750339796,105.28804059232469,105.70559920683642,135528100,SPY
2012-02-08,106.50923919677734,106.5328736897283,105.81592867924532,106.24924775270283,139361400,SPY
2012-02-09,106.64315032958984,106.82435207926858,106.01286926185901,106.68254515037516,148602900,SPY
2012-02-10,105.8553237915039,105.94198760642749,105.44563920990025,105.69775649753755,167907500,SPY
2012-02-13,106.64315032958984,106.7692089474583,106.1546882123639,106.61164168592846,115841900,SPY
2012-02-14,106.50923919677734,106.57226851851789,105.76865969334338,106.35954606034531,165329500,SPY
2012-02-15,106.01287078857422,107.01344154719594,105.80014837055916,106.85587428339693,195195100,SPY
2012-02-16,107.18679809570312,107.28133607519551,105.83169762210937,106.02078560270904,186567800,SPY
2012-02-17,107.4704360961914,107.6437637590894,107.11590661176052,107.55709992764041,129869400,SPY
2012-02-21,107.51770782470703,107.97466149109033,107.18681282938462,107.72254414896857,134042300,SPY
2012-02-22,107.17103576660156,107.58072037281195,106.98194778951645,107.35223756446563,124455300,SPY
2012-02-23,107.64373016357422,107.72250779018563,106.75345762941659,107.11587318098904,137704300,SPY
2012-02-24,107.88008117675781,108.09280362172373,107.64373626192142,107.88008117675781,105539100,SPY
2012-02-27,108.06129455566406,108.35279463057694,106.98982019996832,107.16314781792008,145728900,SPY
2012-02-28,108.37641906738281,108.50247769085506,107.88007075096836,108.09279317537627,129355900,SPY
2012-02-29,107.95100402832031,108.87278532382949,107.57282809558784,108.53400422012507,185934700,SPY
2012-03-01,108.51036071777344,108.71520900306582,107.8800795704968,108.17946582031612,145023500,SPY
2012-03-02,108.179443359375,108.58125366841396,107.93521232064728,108.43943472945595,120638300,SPY
2012-03-05,107.73828887939453,108.09281832147543,107.36799910031021,108.01404067968791,140765000,SPY
2012-03-06,106.16255187988281,106.69828292048071,105.85529154269042,106.63526563938355,202129900,SPY
2012-03-07,106.90318298339844,107.07651064446583,106.30441032821433,106.40683449746763,143692200,SPY
2012-03-08,107.96675109863281,108.1873597343252,107.33648192790204,107.55707854198059,116968900,SPY
2012-03-09,108.38432312011719,108.66793703728669,108.03766785920249,108.17160066062607,122836800,SPY
2012-03-12,108.39216613769531,108.53397305554088,108.00611615865371,108.36853165138771,104003500,SPY
2012-03-13,110.34605407714844,110.40120924006929,108.79399163947194,108.97520544197171,184090500,SPY
2012-03-14,110.2278823852539,110.65331526978463,109.88910129172315,110.37757551809679,145163600,SPY
2012-03-15,110.86602020263672,110.91328917993535,110.10968050102359,110.39330638642704,165118500,SPY
2012-03-16,111.0195083618164,111.16193671491196,110.78211569903144,111.06698447951493,152893500,SPY
2012-03-19,111.45478057861328,111.79503430422822,110.8692133347826,110.94834828572938,125291100,SPY
2012-03-20,111.13032531738281,111.26484505171659,110.49728204017384,110.82171837995917,121729700,SPY
2012-03-21,110.94832611083984,111.29648843224406,110.71884204353938,111.19362750572967,122388400,SPY
2012-03-22,110.14909362792969,110.42605379970918,109.78510193996803,110.1332642275808,135216700,SPY
2012-03-23,110.50518035888672,110.63179141733464,109.63475649922128,110.24406165299366,120521000,SPY
2012-03-26,112.05615997314453,112.05615997314453,111.25695013243973,111.29650553178631,120164000,SPY
2012-03-27,111.70799255371094,112.23025426036692,111.63677834124834,112.15904004790433,119868500,SPY
2012-03-28,111.15408325195312,111.82669411814368,110.4973017909537,111.65260688393667,148562100,SPY
2012-03-29,110.96414947509766,111.16989548791118,110.06206670729773,110.49728472559957,164963700,SPY
2012-03-30,111.42313385009766,111.6130505083836,110.82174921030827,111.51017747585793,135486800,SPY
2012-04-02,112.23816680908203,112.53095648316675,111.06704433563986,111.28860772049921,151741100,SPY
2012-04-03,111.7791976928711,112.26981262337472,111.1224162801094,112.07989599792518,155806700,SPY
2012-04-04,110.67141723632812,111.05123853764592,110.259937116558,110.95628623089183,146896000,SPY
2012-04-05,110.615966796875,110.94040312030808,110.19657821265004,110.29154254773755,137439400,SPY
2012-04-09,109.37360382080078,110.65550732661814,109.07290563576504,109.22325472828291,127555900,SPY
2012-04-10,107.53782653808594,109.4686033672322,107.4270448548217,109.1599963871177,235360300,SPY
2012-04-11,108.40823364257812,108.83553085665483,108.2104083987048,108.63770561278152,154133000,SPY
2012-04-12,109.82466125488281,109.9117048484709,108.43197583176864,108.51111076204695,154321500,SPY
2012-04-13,108.51900482177734,109.84839661092461,108.41613184111836,109.57143646651666,169246700,SPY
2012-04-16,108.44783020019531,109.23121064854747,108.07591767599459,109.07295282585093,147825300,SPY
2012-04-17,110.05414581298828,110.2757091296298,108.9621465564728,109.07292821479356,147877600,SPY
2012-04-18,109.68223571777344,110.05414816600808,109.5002398625614,109.56354539356894,123884200,SPY
2012-04-19,108.97799682617188,110.10955169039963,108.46365590139517,109.69808378029725,198666700,SPY
2012-04-20,109.15998840332031,109.85633726107866,109.09668286404255,109.46068669631542,143199600,SPY
2012-04-23,108.2420654296875,108.33702976630768,107.56946678106358,108.0442401669812,171844900,SPY
2012-04-24,108.65353393554688,108.93049410394069,108.2499747887936,108.3370183782064,137484200,SPY
2012-04-25,110.14120483398438,110.18868096930088,109.61894319690903,109.71389546754205,150252200,SPY
2012-04-26,110.90878295898438,111.03539405323286,109.84052147199787,109.90382701912212,136291600,SPY
2012-04-27,111.09075927734375,111.40727488287078,110.62389453318767,111.24110841597282,130725000,SPY
2012-04-30,110.67927551269531,110.94832704983801,110.37858932010612,110.86919211403793,115092200,SPY
2012-05-01,111.36772918701172,112.09572480256273,110.4893844197376,110.61598342839619,138832200,SPY
2012-05-02,111.0353775024414,111.14615917482122,110.3548580651663,110.7188498140014,121081000,SPY
2012-05-03,110.18866729736328,111.13822610876514,109.98293337841974,111.05118251338607,143759700,SPY
2012-05-04,108.40823364257812,110.22822830107158,108.34492811562329,109.6110145061304,193927300,SPY
2012-05-07,108.48739624023438,108.85138802019465,107.98096396972176,108.02051936914953,127765900,SPY
2012-05-08,108.05216979980469,108.22625701126061,106.76234511700765,107.83851511769117,213377700,SPY
2012-05-09,107.41120910644531,108.09963715766209,106.42208279180244,106.90477691631999,220752500,SPY
2012-05-10,107.63275909423828,108.28954033467068,107.38745773049853,108.15500854717371,150600000,SPY
2012-05-11,107.308349609375,108.30538471325303,106.91269903373012,106.96017517091992,153032400,SPY
2012-05-14,106.12137603759766,107.30832752020103,105.96311825477618,106.27963382041914,163910000,SPY
2012-05-15,105.5120620727539,106.67527539438032,105.34589564068948,106.05015297850532,207629300,SPY
2012-05-16,105.1085433959961,106.4695824719225,105.08480532513796,105.9868882406428,207265500,SPY
2012-05-17,103.54967498779297,105.25888846892279,103.49427810841192,105.13227737973583,247992900,SPY
2012-05-18,102.66342163085938,104.135242340041,102.51307247156316,103.95323437126241,319615900,SPY
2012-05-21,104.4280014038086,104.46756887149716,102.8295698886988,102.99574842327239,177861100,SPY
2012-05-22,104.61001586914062,105.42505513642311,103.92949635648459,104.69705948381633,197531200,SPY
2012-05-23,104.6654052734375,104.81575442207564,102.8612396383742,103.85827472902585,204958400,SPY
2012-05-24,104.87112426757812,105.11642565435373,103.9927796435876,104.9502592000908,167357600,SPY
2012-05-25,104.53089141845703,105.12436730749226,104.27766924347236,104.83157765837899,135465600,SPY
2012-05-29,105.79694366455078,105.97893951784131,103.79495305546892,105.36964642763054,152883500,SPY
2012-05-30,104.26182556152344,105.78904291880775,104.04818296422107,104.89486883799937,162370400,SPY
2012-05-31,104.0323715209961,104.80784332954337,103.13819728582634,104.22228815901306,196186000,SPY
2012-06-01,101.41315460205078,104.05609744932013,101.41315460205078,102.40228100366029,253240900,SPY
2012-06-04,101.36566162109375,101.87209377158395,100.60600735821102,101.59513359544147,202545800,SPY
2012-06-05,102.13324737548828,102.28358445474227,101.11246210890003,101.16785294907976,164149400,SPY
2012-06-06,104.4280014038086,104.4754775353165,102.81374048676419,102.84539929063341,184202800,SPY
2012-06-07,104.49132537841797,105.66244776805046,104.27767067462958,105.61497162816372,184772700,SPY
2012-06-08,105.32218170166016,105.34591976882054,103.88991656196914,104.22227365080784,143915400,SPY
2012-06-11,103.98484802246094,106.23213954784009,103.88197504776569,106.16883403066554,169756100,SPY
2012-06-12,105.17974090576172,105.25095510702714,103.7870553146193,104.28556679777385,181931800,SPY
2012-06-13,104.50714111328125,105.52791421022,104.15104596211296,104.87113285433371,172223900,SPY
2012-06-14,105.6149673461914,106.03435599725165,104.43592426484798,104.72079316691698,230615500,SPY
2012-06-15,106.69510650634766,106.79055075762854,105.86789467591143,106.0906060201388,169444500,SPY
2012-06-18,106.90190887451172,107.16439270839494,106.01106347722924,106.24968624774655,131360900,SPY
2012-06-19,107.93592834472656,108.3734013831862,106.87804341058153,107.44278353965811,137382600,SPY
2012-06-20,107.76099395751953,108.25415115036132,106.7985649200877,107.94394504468752,206451800,SPY
2012-06-21,105.34293365478516,107.99957066885725,105.25543903998117,107.88821498973023,205272200,SPY
2012-06-22,106.15424346923828,106.3530937579559,105.48609727513461,105.89175963170798,130029200,SPY
2012-06-25,104.45210266113281,105.07251469301404,104.07826308591459,105.03274220135798,146375700,SPY
2012-06-26,104.97703552246094,105.29520324985758,104.14186192622425,104.75432418171219,141634000,SPY
2012-06-27,105.923583984375,106.13038394201543,104.96910490293152,105.32703304136533,108088000,SPY
2012-06-28,105.62133026123047,105.78042022616182,104.42027870190475,105.22362962262271,169242100,SPY
2012-06-29,108.25411987304688,108.38933663523576,107.25986826560472,107.53825143357226,212250900,SPY
2012-07-02,108.58023071289062,108.69158641312788,107.79279116723477,108.55636964404415,129524500,SPY
2012-07-03,109.29607391357422,109.3756067457164,108.44498886533093,108.55634453981658,80450000,SPY
2012-07-05,108.80291748046875,109.60628040595627,108.40521690725183,108.89041209205081,126177500,SPY
2012-07-06,107.7689208984375,107.9916322798997,107.25986457840104,107.75300947494448,151192100,SPY
2012-07-09,107.63370513916016,107.83255545565711,107.14054810118284,107.68142727322181,103780500,SPY
2012-07-10,106.69510650634766,108.35749194606554,106.32921664834099,108.1825027274786,167884800,SPY
2012-07-11,106.71101379394531,107.06099221756347,106.09060191093403,106.75078627605784,141733400,SPY
2012-07-12,106.19400024414062,106.76669002732547,105.47019444157642,106.09060635055033,143583200,SPY
2012-07-13,107.97572326660156,108.0870789598183,106.4565039158972,106.4724153397454,129642600,SPY
2012-07-16,107.72120666503906,108.03937450978135,107.29964489051002,107.72916844669655,97525200,SPY
2012-07-17,108.46090698242188,108.68361834514245,107.02123276738565,108.15070100314257,138860300,SPY
2012-07-18,109.26427459716797,109.47903635022338,108.14276796868053,108.20638939334944,113349700,SPY
2012-07-19,109.55059051513672,109.90851858410626,109.13699068012455,109.48695697047539,129847300,SPY
2012-07-20,108.54840850830078,109.09723730738874,108.42910317669896,108.9301977062864,142904500,SPY
2012-07-23,107.45072174072266,108.47679586139147,106.45647045774864,106.9575769881616,145210900,SPY
2012-07-24,106.528076171875,107.57801157448655,105.81221995144644,107.53028944470586,173301200,SPY
2012-07-25,106.55191802978516,107.02915132406588,105.98717800750251,106.75076826994933,129122300,SPY
2012-07-26,108.30977630615234,108.54044944303811,107.58595832564124,108.08706494858873,156526500,SPY
2012-07-27,110.30623626708984,110.61645439681494,108.28592249196575,108.88247341185028,236768900,SPY
2012-07-30,110.30623626708984,110.83120398943451,109.98013098823287,110.17898129486105,106782000,SPY
2012-07-31,109.5346908569336,110.45734690922266,109.5346908569336,110.15510274418729,120575900,SPY
2012-08-01,109.43924713134766,110.34600400505914,109.28811896291924,110.32214294023981,138293800,SPY
2012-08-02,108.68362426757812,109.4233537273132,107.8405009003551,108.61204106927269,199556600,SPY
2012-08-03,110.83915710449219,111.06981810193086,108.71542531528857,110.21078338802862,157825000,SPY
2012-08-06,111.05390167236328,111.49137472039014,111.00617954655272,111.13344663995291,86326200,SPY
2012-08-07,111.61071014404297,112.08794361585379,111.38003698300342,111.49934231674112,109545100,SPY
2012-08-08,111.74590301513672,111.87315796496907,111.20502396513402,111.23684680523516,89754700,SPY
2012-08-09,111.84137725830078,112.06408865131175,111.47548732014809,111.58684301665357,90291700,SPY
2012-08-10,112.0243148803711,112.06408737228212,111.20505252181827,111.38799142037634,99792700,SPY
2012-08-13,111.96863555908203,112.02430733451904,111.38798391738644,111.83341880518104,79426900,SPY
2012-08-14,111.98453521728516,112.45383117280596,111.65046815297426,112.3822358372067,102379400,SPY
2012-08-15,112.1117935180664,112.30269416989609,111.79363790187571,111.8652210949898,71085900,SPY
2012-08-16,112.93899536132812,113.07421207849963,111.99246620427122,112.27084927955734,112014200,SPY
2012-08-17,113.09014129638672,113.1855976972544,112.83561921341203,113.12991378534328,90813700,SPY
2012-08-20,113.09809112548828,113.12195218896895,112.62084558215817,112.93105154426524,78255700,SPY
2012-08-21,112.75605773925781,113.81394267906352,112.5094853354042,113.37646963826299,105581100,SPY
2012-08-22,112.80377960205078,112.98671844014729,112.207228831128,112.4697004899003,133243500,SPY
2012-08-23,111.88114166259766,112.53336437016223,111.70615241833062,112.5254147270082,111466400,SPY
2012-08-24,112.5572509765625,112.81178525756474,111.53118848132074,111.60277169652917,99481200,SPY
2012-08-27,112.58109283447266,113.01061632614301,112.42201500442678,112.85948813969827,68785900,SPY
2012-08-28,112.4697036743164,112.81968207839728,112.12768704832808,112.29471447227597,75689600,SPY
2012-08-29,112.5572509765625,112.85950740103702,112.2470449071301,112.5652127583829,65421300,SPY
2012-08-30,111.74590301513672,112.1038310767014,111.50728026180781,112.07200823660027,96589900,SPY
2012-08-31,112.27884674072266,112.80381449436254,111.64252329420708,112.38224065326851,151970400,SPY
2012-09-04,112.1754379272461,112.51746677777528,111.45958165309285,112.18338757051981,120226200,SPY
2012-09-05,112.07996368408203,112.5253863254785,111.8572523633838,112.22313004587801,100660300,SPY
2012-09-06,114.35482025146484,114.36276989324519,112.7481066212232,112.75605626300356,158272500,SPY
2012-09-07,114.80023956298828,114.8479616859868,114.44231150364213,114.54570539118646,107272100,SPY
2012-09-10,114.14802551269531,114.88775496364504,114.10826516090428,114.68890465725183,86458500,SPY
2012-09-11,114.4661865234375,114.83206426894702,114.1877912561882,114.21961409997265,88760000,SPY
2012-09-12,114.84796905517578,114.97523614924275,114.45821813091747,114.84796905517578,87640900,SPY
2012-09-13,116.59783935546875,116.95576740780768,114.52980386592314,114.83204801794908,225470200,SPY
2012-09-14,117.11485290527344,117.80684792277194,116.73305166947178,116.82850804685052,169777000,SPY
2012-09-17,116.71719360351562,117.07512176872496,116.42288686321652,116.876271439513,119427800,SPY
2012-09-18,116.6216812133789,116.77280933293541,116.32738675120368,116.51828734488375,98326600,SPY
2012-09-19,116.68536376953125,117.05920333702093,116.45470274167134,116.75694697091605,128318300,SPY
2012-09-20,116.69330596923828,116.75692737966483,115.8342712861822,116.1524268857475,154009800,SPY
2012-09-21,116.64453125,117.28425143985736,116.59655437104905,117.26026300038188,108737500,SPY
2012-09-24,116.46859741210938,116.73248242424116,115.98081218392275,116.06877385463335,95682000,SPY
2012-09-25,115.22916412353516,116.94040860965214,115.19717140324454,116.71650837420863,133165200,SPY
2012-09-26,114.58138275146484,115.23709897365555,114.30950577225285,115.20511847089482,146502200,SPY
2012-09-27,115.66097259521484,115.92485764014742,114.7573673384743,115.06123718445392,111830300,SPY
2012-09-28,115.125244140625,115.59703320685976,114.71742833447064,115.22119792991974,150696100,SPY
2012-10-01,115.42904663085938,116.50057065740245,115.15715738396854,115.56498515348248,135911200,SPY
2012-10-02,115.54898834228516,116.06875399742307,115.01322633112382,115.88483860890967,113422200,SPY
2012-10-03,116.02081298828125,116.29269011648273,115.25315848493022,115.86088598355381,121283100,SPY
2012-10-04,116.85244750976562,117.02036658635564,116.30068899767433,116.46061599497598,124311600,SPY
2012-10-05,116.86048126220703,117.67612510145105,116.50863442168404,117.47621323312227,124842100,SPY
2012-10-08,116.4605712890625,116.84439837557566,116.19668635407123,116.42859078253768,78415400,SPY
2012-10-09,115.30909729003906,116.468583023143,115.269112498902,116.37262928573017,148872900,SPY
2012-10-10,114.57342529296875,115.4050650357161,114.42149040525652,115.29310273812155,124247500,SPY
2012-10-11,114.63740539550781,115.54101049664037,114.61341695934023,115.37307924182122,123601500,SPY
2012-10-12,114.26155853271484,115.10918239444865,114.01366991673362,114.71736317627631,124181900,SPY
2012-10-15,115.21312713623047,115.33306929090628,114.16559164658361,114.53342238868507,107689100,SPY
2012-10-16,116.38063049316406,116.46060008171166,115.67694936085877,115.75690674776028,108815500,SPY
2012-10-17,116.90839385986328,117.0043598010042,116.2846701498516,116.460593473357,128834100,SPY
2012-10-18,116.60458374023438,117.16433445117579,116.21275214175019,116.60458374023438,148108500,SPY
2012-10-19,114.66138458251953,116.39661713466336,114.38950752678714,116.38862505713419,185645200,SPY
2012-10-22,114.6773910522461,114.8852949011443,113.77378594431683,114.46947500170171,125578600,SPY
2012-10-23,113.08610534667969,113.59787906564928,112.61431642796434,113.43795206628027,192056300,SPY
2012-10-24,112.76622009277344,113.62984029197587,112.59029678173343,113.49388956846306,120179400,SPY
2012-10-25,113.09408569335938,113.77379062222299,112.40640088757985,113.56588676477662,134457400,SPY
2012-10-26,113.03009796142578,113.42191714642807,112.26243154312672,112.99011317476494,146023500,SPY
2012-10-31,113.03009796142578,113.57385201475294,112.49432378312949,113.4299214247465,103438500,SPY
2012-11-01,114.21357727050781,114.35750786716063,113.1660417004978,113.2699875086434,100995600,SPY
2012-11-02,113.19803619384766,114.9252767769163,113.07809401515367,114.89328406150067,137702200,SPY
2012-11-05,113.42997741699219,113.6858582149727,112.69429114387998,113.0301537563072,98378500,SPY
2012-11-06,114.31757354736328,114.76537404459616,113.65386488123298,113.7738070852602,107068100,SPY
2012-11-07,111.72667694091797,113.29397818766334,111.19890700610502,113.27799403325902,264304500,SPY
2012-11-08,110.38329315185547,112.27846529636643,110.29533147256046,111.71071042061725,181517300,SPY
2012-11-09,110.47926330566406,111.50281077541308,109.99147801135801,110.047446972135,201055300,SPY
2012-11-12,110.56719207763672,110.99899608098968,110.31930346444847,110.82307276808616,97677500,SPY
2012-11-13,110.18334197998047,111.35083183327511,109.83949966665583,109.98343025317028,123018300,SPY
2012-11-14,108.69601440429688,110.69513196960781,108.44812577846156,110.51922084937412,191505000,SPY
2012-11-15,108.51210021972656,109.14382821035946,108.09628034502539,108.7360004134167,178128400,SPY
2012-11-16,109.04788208007812,109.26379023523451,107.71247275308797,108.67204692918087,239483900,SPY
2012-11-19,111.2549057006836,111.27088985760925,109.07986459743661,110.27133097566289,151495800,SPY
2012-11-20,111.30288696289062,111.48680238795863,110.41527815266227,111.07898674063907,119807400,SPY
2012-11-21,111.51081085205078,111.60677682285517,111.1749604583584,111.39886072081998,81710800,SPY
2012-11-23,113.03009796142578,113.07007054644282,111.98255023814471,112.0545277347917,65409200,SPY
2012-11-26,112.79023742675781,113.03812610083799,112.10254036238331,112.47037123306754,100124400,SPY
2012-11-27,112.2144775390625,113.06210150170936,112.14251222939919,112.67827431519208,128646200,SPY
2012-11-28,113.11811065673828,113.18207170228592,111.15097296079281,111.75870050668973,177086500,SPY
2012-11-29,113.6458740234375,113.95773599239308,113.04613852916523,113.54192816821887,151085900,SPY
2012-11-30,113.66988372802734,113.88579196281106,113.27806427420566,113.66189164586949,136568300,SPY
2012-12-03,113.11009979248047,114.28558221281335,113.0221381079097,114.18962844842653,124656300,SPY
2012-12-04,112.95014190673828,113.44591915606793,112.64627213371935,113.10207679324776,127512200,SPY
2012-12-05,113.15010833740234,113.67787855557025,112.24650286099225,113.04615026973715,147300500,SPY
2012-12-06,113.53389739990234,113.58187427598776,112.87819309065668,113.04611215695563,103220600,SPY
2012-12-07,113.87775421142578,114.101654438575,113.28601092444724,113.97370796544766,108726400,SPY
2012-12-10,113.9256820678711,114.19755905504654,113.66978923172337,113.71777828973256,98840700,SPY
2012-12-11,114.70137786865234,115.23713994226841,114.34153912686794,114.39750807700749,152570400,SPY
2012-12-12,114.75737762451172,115.58901763489882,114.59745060763704,115.14920918725653,145880100,SPY
2012-12-13,114.05366516113281,115.01323920196415,113.76579172871881,114.68538097583928,135715000,SPY
2012-12-14,113.62986755371094,114.01369477822828,113.45394420046392,113.80579090695794,137701700,SPY
2012-12-17,114.96529388427734,115.02926713144407,113.8937572462964,113.9257499707044,143238200,SPY
2012-12-18,116.24470520019531,116.34866323682414,114.9812612073778,115.14919248180533,177762800,SPY
2012-12-19,115.38105010986328,116.41260148202686,115.34107752469606,116.3726166952158,150895400,SPY
2012-12-20,116.04476928710938,116.06076564364598,115.13317219084175,115.45303831334923,168487000,SPY
2012-12-21,114.99142456054688,116.03834108049608,114.30691120040777,114.4921310168942,245883800,SPY
2012-12-24,114.6370849609375,114.80619495211906,114.50823106124777,114.7417680022742,53874600,SPY
2012-12-26,114.15388488769531,114.92699596992607,113.83176243820635,114.87061778276443,106947700,SPY
2012-12-27,114.00090026855469,114.41966938572357,112.68017824196369,114.18612010784241,167920600,SPY
2012-12-28,112.76875305175781,113.88814531969899,112.63989913747457,113.25999784780024,148806700,SPY
2012-12-31,114.68543243408203,114.80622531687416,112.3741595417638,112.47080613618496,243935200,SPY
2013-01-02,117.6248550415039,117.69733078007432,116.55377962593721,116.85980468415312,192059000,SPY
2013-01-03,117.35908508300781,117.874488534767,117.045011296595,117.56847579940809,144761800,SPY
2013-01-04,117.87445831298828,118.06773916591312,117.31073785218801,117.55233584629796,116817700,SPY
2013-01-07,117.55237579345703,117.66511992393028,117.11749679863976,117.45574147824813,110002500,SPY
2013-01-08,117.21408081054688,117.50399588954959,116.75504348205008,117.34293468747742,121265100,SPY
2013-01-09,117.5121078491211,117.83424271469795,117.28661958731163,117.4718394549004,90745600,SPY
2013-01-10,118.4462661743164,118.45431493690977,117.5523619989658,118.16439973711533,130735400,SPY
2013-01-11,118.43820190429688,118.50261657298418,118.06774997432433,118.41403104330719,113917300,SPY
2013-01-14,118.3576889038086,118.43822568811882,117.92280992963425,118.29326193399802,89567200,SPY
2013-01-15,118.43820190429688,118.55094600677799,117.73756642842051,117.81004214683288,93172600,SPY
2013-01-16,118.42214965820312,118.60736956913227,118.0678073672489,118.19666134363071,104849500,SPY
2013-01-17,119.18717956542969,119.52541197880291,118.50265368643355,118.94558147353756,133833500,SPY
2013-01-18,119.45288848876953,119.5817423913638,118.72809450281517,119.1629733520247,169906000,SPY
2013-01-22,120.09716033935547,120.09716033935547,119.17103662588057,119.45290303610902,111797300,SPY
2013-01-23,120.29044342041016,120.39513877765418,119.87973533060176,120.09717480788265,104596100,SPY
2013-01-24,120.32263946533203,120.91051852686097,120.00050469394387,120.11324879188346,146426400,SPY
2013-01-25,120.99913787841797,120.99913787841797,120.29045347143553,120.70117388374968,147211600,SPY
2013-01-28,120.85418701171875,121.06356545656206,120.40319820344394,121.03134582616244,113357700,SPY
2013-01-29,121.32928466796875,121.4822971446755,120.53201495216318,120.61255171511982,105694400,SPY
2013-01-30,120.85418701171875,121.55481037055357,120.74143059350862,121.31321229531062,137447700,SPY
2013-01-31,120.55614471435547,121.10376753758982,120.47562025882637,120.70915715449715,108975800,SPY
2013-02-01,121.79635620117188,121.9413076112275,121.11183066297598,121.32120901800631,131173000,SPY
2013-02-04,120.42735290527344,121.82056310277488,120.33876735680911,121.05551279595836,159073600,SPY
2013-02-05,121.64334106445312,121.98962206186133,121.03129124476158,121.07962066856592,113912400,SPY
2013-02-06,121.7319564819336,121.81248096502406,121.12796756191787,121.21655309504762,138762800,SPY
2013-02-07,121.57088470458984,121.88495842428487,120.68502944997056,121.77221432716833,162490000,SPY
2013-02-08,122.24740600585938,122.31988175444948,121.78031959018315,121.78031959018315,103133700,SPY
2013-02-11,122.22319793701172,122.32788099097179,121.91717296039221,122.19903936392973,73775000,SPY
2013-02-12,122.42454528808594,122.65003352827308,122.0943616906021,122.23126438727377,65392700,SPY
2013-02-13,122.52922821044922,122.8996801978487,122.18294708778635,122.67419195793161,82322600,SPY
2013-02-14,122.64195251464844,122.78691623870846,122.02186609916006,122.15876877354783,80834300,SPY
2013-02-15,122.49703216552734,122.88358171414174,122.04605564411244,122.75472776854075,215226500,SPY
2013-02-19,123.41505432128906,123.43921289209817,122.5372601467326,122.70637014239638,95105400,SPY
2013-02-20,121.87689208984375,123.36673614759252,121.81246513883028,123.32646776718603,160574800,SPY
2013-02-21,121.13599395751953,121.94131236884849,120.74944456077309,121.57087278102007,183257000,SPY
2013-02-22,122.31981658935547,122.31981658935547,121.19237569573298,121.72387652376408,106356600,SPY
2013-02-25,119.9924545288086,123.10098437927022,119.99245452880858,122.91576456800478,245824800,SPY
2013-02-26,120.81385803222656,120.95880943176914,119.7749905161085,120.57226007813986,186596200,SPY
2013-02-27,122.33594512939453,122.67417744926746,120.60450285629535,120.70919820108436,150781900,SPY
2013-02-28,122.09437561035156,123.1090728068774,121.93331431873952,122.32791263996069,126866000,SPY
2013-03-01,122.49703216552734,122.68225203221091,121.12799278603535,121.67560362255671,170634800,SPY
2013-03-04,123.1492919921875,123.1492919921875,122.02185111323223,122.21511967066229,99010200,SPY
2013-03-05,124.25260925292969,124.58279284899655,123.72915704506754,123.74526685877962,121431900,SPY
2013-03-06,124.4217300415039,124.75996239616046,124.14792465271343,124.69553543029437,94469900,SPY
2013-03-07,124.64722442626953,124.80828570478562,124.43784599301739,124.58279745722552,86101400,SPY
2013-03-08,125.17870330810547,125.34781330321351,124.5505558927637,125.19481311798678,123477800,SPY
2013-03-11,125.65385437011719,125.66190313199817,124.92907257887458,125.08208507191573,83746800,SPY
2013-03-12,125.37195587158203,125.71020039499392,124.99346754906479,125.56523670093412,105755800,SPY
2013-03-13,125.54917907714844,125.72635017231595,125.00961702847941,125.43643495187713,92550900,SPY
2013-03-14,126.21760559082031,126.27398380225135,125.55725059864686,125.87937318680136,126329900,SPY
2013-03-15,126.05093383789062,126.22079598702462,125.63030223054163,126.06711529970684,138601100,SPY
2013-03-18,125.35526275634766,125.89722439958723,124.73240615740897,124.84565168968534,126704300,SPY
2013-03-19,125.0640640258789,125.79206928975887,124.23898234206715,125.62220715484456,167567300,SPY
2013-03-20,125.93775177001953,126.1480615082816,125.58991805125883,125.80024013236604,113759300,SPY
2013-03-21,124.86188507080078,125.89727675154306,124.65157537850209,125.18544034246683,128605000,SPY
2013-03-22,125.8648910522461,125.8648910522461,125.16113940127401,125.25821582996889,111163600,SPY
2013-03-25,125.33908081054688,126.40683497601505,124.85374810674637,126.19651302914797,151322300,SPY
2013-03-26,126.34214782714844,126.3744984103465,125.71929110073735,125.8568026792988,86856600,SPY
2013-03-27,126.34214782714844,126.38259531327589,125.37955443437852,125.58986408226546,99950600,SPY
2013-03-28,126.73046875,126.87607729147848,125.98628160145702,126.26130487188368,102932800,SPY
2013-04-01,126.22891998291016,126.92457487625428,125.92153385661994,126.66572080299062,99194100,SPY
2013-04-02,126.85175323486328,127.16722386378086,126.48773821909438,126.68187873798183,101504300,SPY
2013-04-03,125.5656509399414,127.02167465384113,125.23401103684496,126.9246105205295,154167400,SPY
2013-04-04,126.07523345947266,126.32599064167799,125.45237661335985,125.72739982333717,131885000,SPY
2013-04-05,125.50898742675781,125.66268047565359,124.38461637880076,124.53021252438175,159666000,SPY
2013-04-08,126.35831451416016,126.36639907330432,125.1773147086769,125.59794629810307,86571200,SPY
2013-04-09,126.79515838623047,127.25623761401756,126.17230152061796,126.59293325323807,101922200,SPY
2013-04-10,128.34820556640625,128.50998315335946,127.10250456974396,127.13485514999913,135711100,SPY
2013-04-11,128.7688751220703,129.18950684640308,128.24308238094378,128.37250942579112,110142500,SPY
2013-04-12,128.453369140625,128.64749731174518,127.74153293228045,128.35629271222595,116359900,SPY
2013-04-15,125.47661590576172,127.91141381139983,125.46044678592037,127.80625281823312,217259000,SPY
2013-04-16,127.32905578613281,127.39376932004024,126.11570479676888,126.42307865427347,147507800,SPY
2013-04-17,125.468505859375,126.4472804958996,124.79711723715081,126.42300213539009,226834800,SPY
2013-04-18,124.68390655517578,125.71121351416899,124.20665828378134,125.67885058633584,167583200,SPY
2013-04-19,125.7678451538086,125.82447411286392,124.66773998998086,124.97512612692805,149687600,SPY
2013-04-22,126.32597351074219,126.6252627079052,125.17733642821221,126.01050284964481,106553500,SPY
2013-04-23,127.6282958984375,127.74962601348108,126.32596584466405,126.95690712857022,166141300,SPY
2013-04-24,127.70919799804688,128.04893468197002,127.4341624838649,127.66875050982831,96781200,SPY
2013-04-25,128.22695922851562,128.83363483304117,127.88722237112293,128.08135066514916,131060600,SPY
2013-04-26,128.00039672851562,128.29160135027922,127.5878496476939,128.07319479824656,95918800,SPY
2013-04-29,128.85781860351562,129.14092629917596,128.14598239894997,128.3482074713526,88572800,SPY
2013-04-30,129.16519165039062,129.19755457379694,128.29967476327354,128.8335519139283,116010700,SPY
2013-05-01,128.03271484375,128.94677596359443,127.88711874121023,128.88206247040893,138874200,SPY
2013-05-02,129.22183227539062,129.33507783187142,128.23497285055512,128.35630296719887,96407600,SPY
2013-05-03,130.53224182128906,130.94478888748583,129.2460932636109,130.34619820206981,144202300,SPY
2013-05-06,130.86392211914062,131.04996577845273,130.57271744494503,130.62934640460296,66882100,SPY
2013-05-07,131.52723693847656,131.56767209249276,130.7749529939912,131.14705268511656,90359200,SPY
2013-05-08,132.1257781982422,132.1662256836953,131.30879330058372,131.38159136869552,97419200,SPY
2013-05-09,131.75367736816406,132.4169691584044,131.42202530162473,132.0691479736229,106738600,SPY
2013-05-10,132.18240356445312,132.29564911494924,131.45438587454447,131.8426669129648,103203000,SPY
2013-05-13,132.2875213623047,132.5059278526278,131.7051246261704,132.01249828135641,81843200,SPY
2013-05-14,133.6545867919922,133.75166321653165,132.39270435852546,132.39270435852546,119000900,SPY
2013-05-15,134.37452697753906,134.64146558368586,133.39576443117437,133.43621191868272,120718500,SPY
2013-05-16,133.7435760498047,134.5686578328369,133.5413509696485,134.09949416573383,109913600,SPY
2013-05-17,135.037841796875,135.11872443539096,134.05906683095452,134.23702591566735,129801000,SPY
2013-05-20,135.02976989746094,135.55556268796497,134.7709281263006,134.90843974579883,85071200,SPY
2013-05-21,135.2239227294922,135.73353409831293,134.68196076491287,135.15112463190195,95804200,SPY
2013-05-22,134.22084045410156,136.76079961612584,133.606080579753,135.36139300593268,244031800,SPY
2013-05-23,133.83251953125,134.20461900936237,132.61108481952002,132.78904382955167,211064400,SPY
2013-05-24,133.71926879882812,133.77589772837473,132.64343022296282,133.03979570128232,151573900,SPY
2013-05-28,134.52012634277344,135.71729536623616,134.12376074061186,135.11870468308507,143679800,SPY
2013-05-29,133.6465301513672,134.11569388232707,132.93469382262242,133.80830776894345,160363400,SPY
2013-05-30,134.13992309570312,134.75468281092034,133.64649347466113,133.75165445150478,107793800,SPY
2013-05-31,132.21475219726562,134.52820756001734,131.95591051830692,133.76783929953515,176850100,SPY
2013-06-03,132.94281005859375,133.03178961262606,131.575766157026,132.52217831745534,168390700,SPY
2013-06-04,132.3037567138672,133.54947032909044,131.63236785371154,133.01559306542333,157631500,SPY
2013-06-05,130.4513397216797,132.1904702280321,130.33809418651492,131.9235316788214,211737800,SPY
2013-06-06,131.63235473632812,131.6404516395062,129.62628525975433,130.3947381484204,200225500,SPY
2013-06-07,133.3067626953125,133.42809279479135,131.96398532783476,132.53830993199054,188337800,SPY
2013-06-10,133.3067626953125,133.79209543606618,132.95892917207607,133.71929737637885,105667100,SPY
2013-06-11,131.93167114257812,133.0964774474044,131.64046648066116,132.09344876745607,159505400,SPY
2013-06-12,130.8396453857422,132.97514204082827,130.71831525760592,132.83763044799346,177361500,SPY
2013-06-13,132.82957458496094,133.06415033098497,130.47567084782636,130.76687556110943,163587800,SPY
2013-06-14,131.99630737304688,133.20157291962636,131.77791324119528,132.68387736903,141197500,SPY
2013-06-17,133.01560974121094,133.6465511890654,132.02875007295796,132.8942672517971,136295600,SPY
2013-06-18,134.06712341308594,134.26934846281694,133.08026418297166,133.0883487415394,114695600,SPY
2013-06-19,132.21475219726562,134.18847091353703,132.1581355942718,133.953895256267,206149500,SPY
2013-06-20,128.938720703125,132.23095130369776,128.59898401131164,130.92862114699278,321255900,SPY
2013-06-21,129.3526611328125,129.91374539829036,128.05156703720056,129.81616768397296,271956800,SPY
2013-06-24,127.71817016601562,128.8322238539274,126.63663824942188,128.00278839970224,222329000,SPY
2013-06-25,128.94606018066406,130.19022556856228,128.01089499875798,128.8728644927892,162262200,SPY
2013-06-26,130.2227020263672,130.5154474515564,129.49897200411436,130.0031398554384,134848000,SPY
2013-06-27,130.98716735839844,131.58892562930336,130.88144988168628,131.0034344490052,129483700,SPY
2013-06-28,130.45046997070312,131.24738372638163,129.995090681744,130.62124340814032,160402900,SPY
2013-07-01,131.21481323242188,132.1255714721783,130.98712367248277,131.13349021466487,131954800,SPY
2013-07-02,131.09280395507812,131.9791675198937,130.51544047222075,131.0196082965843,154863700,SPY
2013-07-03,131.14974975585938,131.54821266690766,130.2877804130791,130.4992028756753,75216400,SPY
2013-07-05,132.56475830078125,132.61354717113562,131.16608611256027,132.11750630893914,122416900,SPY
2013-07-08,133.32090759277344,133.67870890978008,132.61344470296726,133.24772434378934,108092500,SPY
2013-07-09,134.280517578125,134.44315121786275,133.5811817599164,134.15853304220815,119298000,SPY
2013-07-10,134.3292999267578,134.78467905924057,133.87392079427505,134.1503992092609,121410100,SPY
2013-07-11,136.1590118408203,136.29725110480052,134.32121506614703,135.8906606549214,135592200,SPY
2013-07-12,136.2158660888672,136.55740042242775,135.9068659250649,136.1182883958928,104212700,SPY
2013-07-15,136.73629760742188,136.9314653964906,136.35410177558927,136.58993107173274,69450600,SPY
2013-07-16,136.22402954101562,136.907098327004,135.85810072053275,136.82577529660676,88702100,SPY
2013-07-17,136.5736541748047,137.00463882090187,136.39475348304939,136.74442752898892,92873900,SPY
2013-07-18,137.32176208496094,137.64704167068098,136.77693273804576,136.86638307310034,103620100,SPY
2013-07-19,137.5657501220703,137.6145389690454,136.86641436307656,137.0371877356397,103831700,SPY
2013-07-22,137.8341064453125,138.0292742488065,137.43564349956876,137.7609231720588,79428600,SPY
2013-07-23,137.54139709472656,138.1024938201153,137.46821380223778,138.07809938928574,80829700,SPY
2013-07-24,137.03720092773438,138.1268599755769,136.76071008800818,138.06993137652543,112914000,SPY
2013-07-25,137.37060546875,137.4925900148887,136.56556454173563,136.7932541380783,111088600,SPY
2013-07-26,137.51698303222656,137.5576445471891,136.22402875022163,136.79325273524088,107814600,SPY
2013-07-29,137.09413146972656,137.47632739203306,136.70380820734118,137.1673147548952,79695000,SPY
2013-07-30,137.09413146972656,137.65522813899153,136.76886415243087,137.50886156865428,85209600,SPY
2013-07-31,137.19174194335938,138.11876758414124,137.0128411698616,137.37877005814175,142388700,SPY
2013-08-01,138.77740478515625,138.89937691243293,138.15937958521755,138.23257526973487,110438400,SPY
2013-08-02,139.01321411132812,139.02948119679402,138.2813565713204,138.46838462565114,91116700,SPY
2013-08-05,138.80995178222656,139.02138671880866,138.52534596412895,138.70424672208907,54072700,SPY
2013-08-06,138.0211639404297,138.8424844315145,137.712163695846,138.54159911926655,87495000,SPY
2013-08-07,137.5738525390625,137.7771476367321,137.06155733047578,137.58199228418405,84854700,SPY
2013-08-08,138.07801818847656,138.38701826665294,137.3705428860077,138.22438468737906,102181300,SPY
2013-08-09,137.6796112060547,138.32203085570748,137.19983760978099,137.89917345159503,91757700,SPY
2013-08-12,137.51698303222656,137.6796166839246,136.92336461986022,136.9884205621699,68593300,SPY
2013-08-13,137.92356872558594,138.159385651392,136.94775444007337,137.76093507935914,80806000,SPY
2013-08-14,137.21609497070312,138.07806439664702,137.18356079907267,137.85850216666952,79829200,SPY
2013-08-15,135.29696655273438,136.15079609436788,135.0611372748717,136.1345414193179,152931800,SPY
2013-08-16,134.84970092773438,135.50024769900392,134.58134991928014,135.03672893672453,130868200,SPY
2013-08-19,133.98773193359375,135.15871364203514,133.97959218874635,134.6951948790489,96437600,SPY
2013-08-20,134.6464385986328,135.1506065751679,134.0609476028466,134.20731414771785,89294400,SPY
2013-08-21,133.8169403076172,135.01231627092147,133.51606758493037,134.27231926351485,159530500,SPY
2013-08-22,135.0367431640625,135.23191093845034,134.08532352920105,134.0934508667447,101471400,SPY
2013-08-23,135.4921417236328,135.66291510181108,134.8009456885082,135.43522553634054,90888900,SPY
2013-08-26,134.9879150390625,136.04505179509385,134.89846471951805,135.63032194623074,89702100,SPY
2013-08-27,132.81678771972656,134.98797841366704,132.7192100191925,133.65436273771348,158619400,SPY
2013-08-28,133.2884063720703,133.7600525073088,132.58907071059923,132.7598316511994,108113000,SPY
2013-08-29,133.49984741210938,134.20731050944272,132.87369492367222,132.99567944924195,119200500,SPY
2013-08-30,133.0769500732422,133.7925527021572,132.6866270066279,133.7762856220055,134928900,SPY
2013-09-03,133.6787567138672,134.64644360141682,133.11766012137866,134.3618254316136,142375100,SPY
2013-09-04,134.7847137451172,135.01240336995284,133.46736485740314,133.7113091639028,97389400,SPY
2013-09-05,134.95545959472656,135.3132486405433,134.7684191204196,134.86600923123453,63090500,SPY
2013-09-06,135.02044677734375,135.7848382176141,133.7518875395105,135.40264249747892,159756500,SPY
2013-09-09,136.3134002685547,136.39471084329298,135.3538411847403,135.3538411847403,87559300,SPY
2013-09-10,137.32176208496094,137.3461565028715,136.8257215738669,137.13473407826407,105847200,SPY
2013-09-11,137.7528076171875,137.7528076171875,136.8989777963104,137.1347947431477,94545900,SPY
2013-09-12,137.38685607910156,137.8828967276741,137.19982802056956,137.7039960079823,83209000,SPY
2013-09-13,137.6958465576172,137.80156398631806,137.21607307191914,137.5332129498728,72727800,SPY
2013-09-16,138.49276733398438,139.24903164229013,138.27320512729565,139.18397571408053,106299200,SPY
2013-09-17,139.1107940673828,139.14331582779144,138.61475346614074,138.61475346614074,82523300,SPY
2013-09-18,140.72088623046875,141.1030820532967,138.71232942816852,139.06199108284326,203460600,SPY
2013-09-19,140.48509216308594,141.16817337592389,140.34685293414864,141.10311743145587,146616900,SPY
2013-09-20,139.5028839111328,140.8184868084897,139.3884842013032,140.8184868084897,132867100,SPY
2013-09-23,138.85731506347656,139.4456599152298,138.41606265897744,139.3149263126648,104616500,SPY
2013-09-24,138.53050231933594,139.34764679710875,138.26902257013893,138.8328417861486,106333100,SPY
2013-09-25,138.13003540039062,138.89815286173078,138.00746877087025,138.62032685573146,117306500,SPY
2013-09-26,138.66122436523438,139.05345015528133,138.13825248896077,138.35888495088915,77146900,SPY
2013-09-27,138.02381896972656,138.21175862974317,137.66427355499565,137.96661289527847,99141800,SPY
2013-09-30,137.2884063720703,137.7214918441721,136.58566179059025,136.85532089996855,143937000,SPY
2013-10-01,138.3751983642578,138.50594443111856,137.25571477976177,137.39462780006463,127160000,SPY
2013-10-02,138.24449157714844,138.37523768115838,137.14135405473058,137.5662726584456,113350000,SPY
2013-10-03,136.9696807861328,138.04831691010597,136.3323094287409,137.92573782222067,176698000,SPY
2013-10-04,138.0075225830078,138.14643564017268,136.89620565705428,137.0759784295346,96878000,SPY
2013-10-07,136.81448364257812,137.6479744384608,136.66740363258168,136.8063166871231,96295000,SPY
2013-10-08,135.22105407714844,136.96974262358256,135.12300073747517,136.78996985509207,178015000,SPY
2013-10-09,135.31906127929688,135.8093402339596,134.44471115044033,135.48248759751777,168973000,SPY
2013-10-10,138.2362823486328,138.30982233391182,136.65102061103175,136.70004726788443,195955000,SPY
2013-10-11,139.12698364257812,139.17602277409313,137.90944661888716,138.0238463218239,105040000,SPY
2013-10-14,139.6826934814453,139.7970932214275,138.16280409674675,138.2690368798147,112106000,SPY
2013-10-15,138.6693572998047,139.85421380254667,138.4814176398572,139.33124205457497,155485000,SPY
2013-10-16,140.6060028076172,140.6795427901795,139.4374801650613,139.5028531946602,161676000,SPY
2013-10-17,141.54576110839844,141.6274805399759,140.00952556891158,140.03403890465788,129389000,SPY
2013-10-18,142.50181579589844,142.59986913694843,141.78272471184007,142.06873024808178,138316000,SPY
2013-10-21,142.50997924804688,142.79598477725756,142.19129342883443,142.5508389620247,104104000,SPY
2013-10-22,143.33534240722656,143.76024863701164,142.53453169315364,142.92677009260723,126663000,SPY
2013-10-23,142.6488800048828,142.91035968540558,142.1504215056096,142.8449866481169,105484000,SPY
2013-10-24,143.122802734375,143.3025754572369,142.5998309411307,142.93486305815796,70350000,SPY
2013-10-25,143.7765350341797,143.8173947423216,143.13916348678953,143.4169895523427,93625000,SPY
2013-10-28,144.00535583496094,144.2014749820037,143.5722702952964,143.72752972812597,84979000,SPY
2013-10-29,144.7734832763672,144.83068937382586,144.12794463562437,144.33223075174533,87401000,SPY
2013-10-30,144.05435180664062,145.05126877155564,143.53955941688594,144.94504849959787,140002000,SPY
2013-10-31,143.6457977294922,144.5446614889874,143.4333446902629,143.9399701899967,133795000,SPY
2013-11-01,143.98895263671875,144.3158052558744,143.17997557166044,143.83369327859995,142805000,SPY
2013-11-04,144.4956512451172,144.55284487160324,143.80107349124057,144.38125152351057,85677000,SPY
2013-11-05,144.0380401611328,144.43026596362145,143.46604160153822,143.93180740412473,85825000,SPY
2013-11-06,144.7734832763672,145.04314244588306,144.25867827377917,144.65908355008486,87348000,SPY
2013-11-07,142.94300842285156,145.15747437349202,142.80409542500757,145.0430747006423,157000000,SPY
2013-11-08,144.8715057373047,144.8878521143273,142.87768414267595,142.8940180510662,136713000,SPY
2013-11-11,144.89601135253906,145.0676046471598,144.56097924772442,144.73257254234517,62614000,SPY
2013-11-12,144.6018524169922,144.92870513055846,144.11972783182904,144.58550604072434,83990000,SPY
2013-11-13,145.76220703125,145.80305427213068,143.89093956577636,143.89093956577636,103844000,SPY
2013-11-14,146.48947143554688,146.61203810086116,145.6559807055098,145.89294708132851,103435000,SPY
2013-11-15,147.1268310546875,147.18402467096686,146.53848617181012,146.72642586620276,102818000,SPY
2013-11-18,146.61203002929688,147.49454737687364,146.2851772940311,147.3719807183071,104796000,SPY
2013-11-19,146.29331970214844,146.9797178122169,146.04000700452536,146.5384654467816,93891000,SPY
2013-11-20,145.83572387695312,147.02874740611298,145.43531873709495,146.58749503185828,124909000,SPY
2013-11-21,147.012451171875,147.12685088848795,146.15444706296077,146.24433344520193,92841000,SPY
2013-11-22,147.74789428710938,147.76424066824293,146.89806949769715,147.0696628593752,81296000,SPY
2013-11-25,147.6007537841797,148.04200614490077,147.38828832240662,148.00932586465973,79486000,SPY
2013-11-26,147.6416015625,148.08286639348086,147.42098161564,147.67429431149213,86994000,SPY
2013-11-27,148.0011444091797,148.09921018581588,147.61708566131605,147.79685837174713,58800000,SPY
2013-11-29,147.90313720703125,148.5159955103753,147.7397108198663,148.1646294014024,55870900,SPY
2013-12-02,147.51905822753906,148.25448310383464,147.29025882297455,147.9766570366681,99726000,SPY
2013-12-03,146.8816375732422,147.40460924721958,146.407692545477,147.0368969319997,116563000,SPY
2013-12-04,146.8653564453125,147.4782147324788,145.73770567559748,146.35056396276377,123033000,SPY
2013-12-05,146.21981811523438,146.87353611637258,146.0809050661455,146.6038769733293,106934000,SPY
2013-12-06,147.85409545898438,147.99300849733936,147.2085444628628,147.63346300106397,127728000,SPY
2013-12-09,148.2300567626953,148.4506893425172,148.03394999720004,148.28726288172456,70124000,SPY
2013-12-10,147.69882202148438,148.19728050879453,147.6089356559487,147.88676170628378,80976000,SPY
2013-12-11,146.04006958007812,147.78059139726247,145.86029678822644,147.75607805915868,130591000,SPY
2013-12-12,145.5579376220703,146.15444954965608,145.2555857119508,145.97467678211504,115565000,SPY
2013-12-13,145.54153442382812,145.9909661672244,145.26370842559382,145.86022012030378,107808000,SPY
2013-12-16,146.44859313964844,146.93070525354818,146.18710099531737,146.22796070144807,96195000,SPY
2013-12-17,145.98281860351562,146.60385622759983,145.65596588351593,146.57934289703147,89886000,SPY
2013-12-18,148.47508239746094,148.49959572328777,144.89599967181758,146.20342276755724,234906000,SPY
2013-12-19,148.3035430908203,148.47513643405847,147.66617145009602,148.05021785069755,136531200,SPY
2013-12-20,149.16616821289062,149.51945438144926,148.3528114613174,148.45139711936875,197087000,SPY
2013-12-23,149.96311950683594,150.05349388247993,149.5851994169256,149.89739154851975,85598000,SPY
2013-12-24,150.291748046875,150.35747600575309,149.96312078881095,149.97133208254834,45368800,SPY
2013-12-26,151.05580139160156,151.13796446165733,150.61215340774376,150.6285759926954,63365000,SPY
2013-12-27,151.04757690429688,151.3186874318843,150.89147460662193,151.25297202516956,61814000,SPY
2013-12-30,151.02294921875,151.18726282855752,150.8257653651861,151.06401821895824,56857000,SPY
2013-12-31,151.73776245117188,151.73776245117188,151.11335300966155,151.22838635842677,86119900,SPY
2014-01-02,150.2835235595703,151.22834878212817,149.92202608564037,151.1543969996787,119636900,SPY
2014-01-03,150.25889587402344,150.84222369536337,150.04528940204108,150.53823030730655,81390600,SPY
2014-01-06,149.82342529296875,150.80931941736563,149.59338374848696,150.75181529940716,108028200,SPY
2014-01-07,150.74362182617188,150.99830983482587,150.3081850624099,150.42320585781255,86144200,SPY
2014-01-08,150.77650451660156,151.031192546273,150.25890462641283,150.7189878459906,96582300,SPY
2014-01-09,150.8750457763672,151.27762474313647,150.1849211501831,151.261189622611,90683400,SPY
2014-01-10,151.28587341308594,151.35160137510326,150.35748318704063,151.12977107033564,102026400,SPY
2014-01-13,149.27296447753906,151.3186919188447,148.9854062852612,150.89969037291644,149892000,SPY
2014-01-14,150.89968872070312,150.98185178511824,149.48656925976323,149.76590362065696,105016100,SPY
2014-01-15,151.7130584716797,151.94310000927868,150.93255950223144,151.25297539648173,98525800,SPY
2014-01-16,151.51593017578125,151.71311408156754,151.0312005107592,151.4009093648213,72290600,SPY
2014-01-17,150.8750457763672,151.540523989925,150.6121465295787,151.2529783305102,107848700,SPY
2014-01-21,151.3186798095703,151.80342179801784,150.39030243469043,151.74590514963558,88621200,SPY
2014-01-22,151.4172821044922,151.6391123400628,151.09686622481155,151.57338439854846,61270900,SPY
2014-01-23,150.17672729492188,150.67789201222183,149.37980556707737,150.65324559467643,132496900,SPY
2014-01-24,146.9725799560547,149.24836214512007,146.92328711683686,149.19906930590224,208677100,SPY
2014-01-27,146.24952697753906,147.49012144284387,145.51832090056013,147.11218893126804,180843100,SPY
2014-01-28,147.1205291748047,147.309489311955,146.3400171241858,146.35645225586524,110463200,SPY
2014-01-29,145.70730590820312,146.69319999565175,145.32116207236785,145.8962659120193,216597300,SPY
2014-01-30,147.25189208984375,147.7284103572894,146.4549578797067,146.9232648539694,118938100,SPY
2014-01-31,146.3892059326172,147.3011607794768,145.35401902658336,145.4279582620879,194677900,SPY
2014-02-03,143.09466552734375,146.54530091141038,142.81533118295346,146.2166737458127,254837100,SPY
2014-02-04,144.09703063964844,144.46673942728887,143.04540840371186,143.73553314548414,165012400,SPY
2014-02-05,143.91629028320312,144.2367062560159,142.7167894768072,143.59587431039034,164230500,SPY
2014-02-06,145.81410217285156,145.81410217285156,143.9573347744809,144.2531042529785,132877600,SPY
2014-02-07,147.62159729003906,147.7776996110137,146.0195176153719,146.49603587128,170787200,SPY
2014-02-10,147.89273071289062,147.94203608321095,147.23547621119886,147.63804271303616,92218800,SPY
2014-02-11,149.51119995117188,149.88913245689,147.91733194516797,148.01593011936353,117814100,SPY
2014-02-12,149.58522033691406,150.20961722375253,149.28945075128996,149.73309886156213,94717700,SPY
2014-02-13,150.35745239257812,150.51355470335736,148.5664128056516,148.57462409809943,100542200,SPY
2014-02-14,151.18728637695312,151.4666208107665,150.0781473994284,150.2178146163351,96498400,SPY
2014-02-18,151.36801147460938,151.57340662083377,150.8832694019129,151.31870610900265,80460900,SPY
2014-02-19,150.36569213867188,151.9513367553357,150.24244752096195,150.97365378860175,126524300,SPY
2014-02-20,151.2530059814453,151.59806835761907,150.02063497954214,150.57109252269976,104998100,SPY
2014-02-21,151.08042907714844,151.90200953056407,151.0064898450585,151.54051212524953,118116400,SPY
2014-02-24,151.91847229003906,152.93722421438085,151.33514454600055,151.40087249859116,114063900,SPY
2014-02-25,151.86094665527344,152.47713207102757,151.35978201567377,152.04169538013394,117085000,SPY
2014-02-26,151.8691864013672,152.4853718817033,151.44196095816295,152.08279285480646,98677200,SPY
2014-02-27,152.66610717773438,152.70717617707862,151.47480532496127,151.64734276024052,93880800,SPY
2014-02-28,153.05227661132812,153.75883657721565,152.03352447655612,152.64148622502904,150842000,SPY
2014-03-03,151.9759521484375,152.36209597305134,150.96541167839342,151.7048290884114,167748500,SPY
2014-03-04,154.1121063232422,154.44073358255508,153.43019285065787,153.4630505620586,167545900,SPY
2014-03-05,154.25177001953125,154.51468185005032,154.00529331250115,154.2435587259498,88376900,SPY
2014-03-06,154.60504150390625,154.9583277041337,154.2764142567269,154.6297004569543,82516500,SPY
2014-03-07,154.67076110839844,155.24587756439496,153.98884769781492,155.24587756439496,114513500,SPY
2014-03-10,154.5885772705078,154.64608138192582,153.70126889857505,154.4324749824378,74939200,SPY
2014-03-11,153.8245391845703,155.04048755371582,153.47126552802948,154.8186572715125,99009100,SPY
2014-03-12,153.86561584472656,153.92313250493999,152.7318305897784,153.07690547840846,104824400,SPY
2014-03-13,152.14031982421875,154.4489723010297,151.7131068531953,154.32572766466222,155014300,SPY
2014-03-14,151.7130584716797,152.6496597422823,151.53230975837712,151.86916077283405,153919600,SPY
2014-03-17,153.08511352539062,153.44661099242333,152.41141142113423,152.4771393729879,98359500,SPY
2014-03-18,154.17776489257812,154.38315997128944,153.23294000871365,153.39726610073927,101804600,SPY
2014-03-19,153.35621643066406,154.40783844918803,152.3785336471168,154.19421949971317,176267300,SPY
2014-03-20,154.25177001953125,154.36679081130183,152.74827589660626,153.01939902070677,117241000,SPY
2014-03-21,153.6534423828125,155.9805306750395,153.51315879373982,154.89951221268709,163128000,SPY
2014-03-24,153.01805114746094,154.3714020360412,152.34963582768617,154.18159545533354,121411000,SPY
2014-03-25,153.74424743652344,154.26413165024567,152.88603806928194,153.79375782037238,103852000,SPY
2014-03-26,152.63848876953125,154.59422467638802,152.59722591499371,154.34666014081816,119843000,SPY
2014-03-27,152.31666564941406,152.94381825557275,151.75551850356183,152.45694928796314,142383000,SPY
2014-03-28,153.0675811767578,153.83501729287343,152.66322539811338,152.75399863039465,101642000,SPY
2014-03-31,154.3218994140625,154.5612164068076,153.092349497848,154.04133215991402,99745000,SPY
2014-04-01,155.34510803222656,155.43588124178126,154.31360001076422,154.82522396008133,89193000,SPY
2014-04-02,155.8650360107422,156.07133767314875,155.25437855702322,155.5432059210541,78774000,SPY
2014-04-03,155.65875244140625,156.1456213992802,155.1801310179917,156.10435854367185,77435000,SPY
2014-04-04,153.81851196289062,156.5416963808916,153.57096004533472,156.5086936557688,169381000,SPY
2014-04-07,152.11862182617188,153.70301740592106,151.80505179762127,153.44720530697577,140803000,SPY
2014-04-08,152.7457275390625,152.99327941469141,151.49965767068826,152.05254451234595,112660000,SPY
2014-04-09,154.38790893554688,154.43741931982095,152.71274044545115,153.15835908722633,100254000,SPY
2014-04-10,151.1448974609375,154.45397256705482,150.95509080965797,154.37970696872347,172959000,SPY
2014-04-11,149.7832794189453,151.35942740457133,149.61824057982855,150.30316372423655,167251000,SPY
2014-04-14,150.96339416503906,151.31822718644364,149.72558347177593,150.95513403508727,132382000,SPY
2014-04-15,152.00303649902344,152.11031737456412,149.78322897427938,151.2768633331423,157093000,SPY
2014-04-16,153.59571838378906,153.60396591732524,152.37440347110697,153.0510789707001,105197000,SPY
2014-04-17,153.8102264404297,154.2393373109652,153.12530359049924,153.3893756928752,105255000,SPY
2014-04-21,154.34661865234375,154.3961416194702,153.66170833607748,153.85150230594698,68329000,SPY
2014-04-22,155.04811096191406,155.46896191269767,154.4209583033951,154.50347143149506,85790000,SPY
2014-04-23,154.68496704101562,155.0728151312654,154.5611910937669,154.9903020303172,73869000,SPY
2014-04-24,154.99855041503906,155.4606640761786,154.2558569525052,155.44415641923706,88170000,SPY
2014-04-25,153.72772216796875,154.58594402855198,153.3811369290745,154.49517080467592,100380000,SPY
2014-04-28,154.21461486816406,154.8830302057012,152.63021969246213,154.35489848046723,135121000,SPY
2014-04-29,154.93255615234375,155.17186055227756,154.37966918066817,154.70974682022964,84098000,SPY
2014-04-30,155.39462280273438,155.55141404110043,154.4621354956,154.6766972287961,101508000,SPY
2014-05-01,155.41111755371094,155.83196827044765,154.91598869383836,155.32034434912262,93019000,SPY
2014-05-02,155.18836975097656,156.0795944966178,154.9573128826609,155.39467142566235,98122000,SPY
2014-05-05,155.4854278564453,155.59270874501323,154.0000534409625,154.42916440358056,75883000,SPY
2014-05-06,154.13209533691406,155.2461293384795,154.09909261161508,155.13884844586318,85454000,SPY
2014-05-07,155.0398406982422,155.11410628014212,153.4966955882753,154.6519925372245,106500000,SPY
2014-05-08,154.87477111816406,156.00531274054904,154.37965470524654,154.8995389008809,93618000,SPY
2014-05-09,155.1057891845703,155.17179461110936,154.1733019911757,154.89948759959978,83679000,SPY
2014-05-12,156.61598205566406,156.69026023211742,155.1388675275125,155.79903543957772,86940000,SPY
2014-05-13,156.75625610351562,157.13584409987882,156.5994648300228,156.8222615528932,66454000,SPY
2014-05-14,156.01356506347656,156.69024055105496,155.7907557454137,156.6159623839313,72367000,SPY
2014-05-15,154.64370727539062,155.73298599949035,153.884518736618,155.6999706851311,154956000,SPY
2014-05-16,155.18008422851562,155.2461022592523,154.08255807686572,154.73446566895606,97458000,SPY
2014-05-19,155.74948120117188,155.87325714098782,154.7427282518286,154.88301184750404,63839000,SPY
2014-05-20,154.7675018310547,155.69172920257998,154.3714061849229,155.67522154475887,111644000,SPY
2014-05-21,156.0713653564453,156.1456309460876,155.1883880407323,155.21314323727972,89093000,SPY
2014-05-22,156.45091247558594,156.77274253811032,155.8485151978666,156.1125747557992,61549000,SPY
2014-05-23,157.07806396484375,157.1853322486494,156.45089895958586,156.59118255506405,61092800,SPY
2014-05-27,158.0435791015625,158.09308948526123,157.57320527311649,157.6639785071155,72010000,SPY
2014-05-28,157.9280548095703,158.29114775507054,157.66398263405944,158.04358323844272,66723000,SPY
2014-05-29,158.74502563476562,158.76978083105075,157.88681611635,158.29117197510084,64377000,SPY
2014-05-30,159.00082397460938,159.09985734284228,158.46444464593986,158.59648074248028,76316000,SPY
2014-06-02,159.18238830566406,159.25666648808001,158.41495201783775,159.22365116441588,64656000,SPY
2014-06-03,159.0998077392578,159.18232083012853,158.64594166868943,158.79447278724749,65047000,SPY
2014-06-04,159.4216766357422,159.5124498719945,158.66248801965654,158.82752683330048,55529000,SPY
2014-06-05,160.46144104003906,160.62647986247265,159.0173293083489,159.6032316083914,92103000,SPY
2014-06-06,161.22891235351562,161.27016262114736,160.73378322536703,160.80804881709227,78696000,SPY
2014-06-09,161.39393615722656,161.78178433340923,161.05559837091306,161.2041421321762,65119000,SPY
2014-06-10,161.41041564941406,161.44341837301553,160.8492686149615,161.19585387521744,57129000,SPY
2014-06-11,160.8492431640625,161.01428193926296,160.48615030363064,160.83273550904704,68772000,SPY
2014-06-12,159.7104949951172,160.75026346854656,159.35566216740406,160.65949023025755,106350000,SPY
2014-06-13,160.19740295410156,160.354194263547,159.51247978695707,160.02410398269961,82017000,SPY
2014-06-16,160.3294219970703,160.66775980361842,159.80955028069695,159.99934431709815,87424000,SPY
2014-06-17,160.7749786376953,160.8905070402436,159.93326450961422,160.10656340926238,84834000,SPY
2014-06-18,161.9550323486328,162.04580557245066,160.4201476678556,160.77499303065355,105267000,SPY
2014-06-19,162.13661193847656,162.23564530666374,161.5754774159217,162.09534908436981,85929000,SPY
2014-06-20,162.4657745361328,162.59844330498714,162.26677138285132,162.54039597411708,100587000,SPY
2014-06-23,162.41598510742188,162.55694089355342,162.1174867803236,162.50719328103486,70611000,SPY
2014-06-24,161.43760681152344,162.93009879654625,161.25519042157677,162.1258118005059,96237000,SPY
2014-06-25,162.16729736328125,162.33312702006467,161.06451180028355,161.09767267084348,82782000,SPY
2014-06-26,162.0512237548828,162.20876636520654,160.96502489674643,162.19217960306918,84312000,SPY
2014-06-27,162.3662872314453,162.4160348592027,161.5951610452331,161.66978248686922,71445100,SPY
2014-06-30,162.28335571289062,162.65647554921716,162.12581313373298,162.26676895403455,70201200,SPY
2014-07-01,163.36961364746094,163.86711537778,162.62337370397688,162.68140840305054,90470000,SPY
2014-07-02,163.53543090820312,163.742721171412,163.3115665333729,163.38618799164965,52475000,SPY
2014-07-03,164.33970642089844,164.41432787385315,163.8753782887454,163.99974737700327,52938800,SPY
2014-07-07,163.767578125,164.1572847918577,163.52712701131807,164.02462865258093,61696000,SPY
2014-07-08,162.71456909179688,163.52714337866354,162.3165626781534,163.46909603217628,108143000,SPY
2014-07-09,163.4441680908203,163.59342360951135,162.77254988668406,163.12079589431067,72992000,SPY
2014-07-10,162.79747009277344,163.22863736165934,161.73614500935662,161.86881380778198,99040000,SPY
2014-07-11,163.02134704589844,163.1374290814777,162.3331418878238,162.6979747573567,64243000,SPY
2014-07-14,163.84217834472656,164.05775559696283,163.70950958089364,163.85046539797,58658000,SPY
2014-07-15,163.53543090820312,164.2568096275257,162.81406484087412,163.94172437881025,111307000,SPY
2014-07-16,164.1407012939453,164.3894394483579,163.69294731201947,164.2650703711516,79986400,SPY
2014-07-17,162.27508544921875,164.2567794958896,162.0429087571817,163.63490882034029,145398000,SPY
2014-07-18,163.9333953857422,164.09922502348823,162.71452793772372,162.80573613628258,124330000,SPY
2014-07-21,163.62661743164062,163.75928621897964,162.87207793714094,163.4193271959204,67592000,SPY
2014-07-22,164.33970642089844,164.63820488471006,164.0660817747384,164.18216380777665,67678000,SPY
2014-07-23,164.7045135498047,164.87864289815332,164.25677225003653,164.58843153490253,65612000,SPY
2014-07-24,164.71279907226562,165.05275805988634,164.54696943137446,164.86205460546108,56888000,SPY
2014-07-25,163.94171142578125,164.38945279205925,163.61833914680474,164.24849694245336,76837000,SPY
2014-07-28,164.00802612304688,164.248477213612,163.02960969649217,163.97485260242274,69259000,SPY
2014-07-29,163.30322265625,164.54696389910336,163.27834884355215,164.3147998792633,80466000,SPY
2014-07-30,163.3280792236328,164.09920529181596,162.64817399503033,163.8836154018778,104222000,SPY
2014-07-31,160.10267639160156,162.33312125429364,160.00318113146378,162.19216541843466,183479000,SPY
2014-08-01,159.61351013183594,160.6582485525264,158.84239638961077,159.6632577730125,189261000,SPY
2014-08-04,160.76602172851562,161.10598076641824,159.24036856347928,159.92027398729206,91340000,SPY
2014-08-05,159.2071990966797,160.52557470253703,158.62678892692733,160.11099420242923,152690000,SPY
2014-08-06,159.25689697265625,159.9368021473465,158.43602334942025,158.46089715751944,94818000,SPY
2014-08-07,158.39462280273438,160.13586594137928,157.99662907035565,159.9783233290647,135733000,SPY
2014-08-08,160.22706604003906,160.33484835985308,158.32828038526205,158.75116056573665,117014000,SPY
2014-08-11,160.69134521484375,161.4044239185942,160.61672378877395,160.83230101474942,74544000,SPY
2014-08-12,160.46755981445312,160.98163568992197,159.9783577618621,160.53389422612577,73632000,SPY
2014-08-13,161.5537109375,161.736127352422,160.82405792980367,161.09766990019506,69047000,SPY
2014-08-14,162.3164825439453,162.3164825439453,161.66973825605854,161.81899375048712,57371000,SPY
2014-08-15,162.28335571289062,163.05446919783284,161.11423592734275,162.9052263240982,139951000,SPY
2014-08-18,163.6432342529297,163.71785571501823,163.08769783739118,163.17890606394195,75424000,SPY
2014-08-19,164.4972381591797,164.6216072392156,163.70953779763795,164.04119711239494,59135000,SPY
2014-08-20,164.93666076660156,165.13566390842996,164.24016874818628,164.2733296124963,72763000,SPY
2014-08-21,165.4175567626953,165.63313398621673,164.9449290989905,165.077597845152,67791000,SPY
2014-08-22,165.16053771972656,165.57511810954384,164.7874178992889,165.28490677587598,76107000,SPY
2014-08-25,165.99798583984375,166.3213580383815,165.1273644893222,165.94823821729784,63855000,SPY
2014-08-26,166.10577392578125,166.51206724643194,166.0643133580432,166.10577392578125,47298000,SPY
2014-08-27,166.03944396972656,166.30478148872544,165.78240615568973,166.18868683517147,47874000,SPY
2014-08-28,165.9482879638672,166.0560829463568,165.32641719164545,165.49224686717258,58330000,SPY
2014-08-29,166.42091369628906,166.43748780723462,165.68296089543253,166.20532373406581,65907000,SPY
2014-09-02,166.33795166015625,166.66132387203731,165.7160810486934,166.636450059738,72426000,SPY
2014-09-03,166.24673461914062,167.00127395738073,166.01457061537278,166.97640014640484,57462000,SPY
2014-09-04,166.00628662109375,167.1422328498872,165.5502456581509,166.5286493132014,85236000,SPY
2014-09-05,166.75257873535156,166.81891313737748,165.34300748528307,165.97316532653898,102177000,SPY
2014-09-08,166.3214111328125,166.8354995845402,165.83220915229168,166.595035796153,64146000,SPY
2014-09-09,165.26832580566406,166.28818997969975,164.92836686365587,166.1721079814517,88591000,SPY
2014-09-10,165.8901824951172,165.99796477962911,164.8122710860831,165.35950751664933,67251000,SPY
2014-09-11,166.0808563232422,166.1057301269285,165.10244032096676,165.2268219913839,66774400,SPY
2014-09-12,165.11080932617188,165.93167049633485,164.63818155378272,165.9150963882443,117409300,SPY
2014-09-15,164.98638916015625,165.268313407886,164.4889003415509,165.1356446621294,76401000,SPY
2014-09-16,166.23013305664062,166.52863141375622,164.58839841849894,164.67960660128395,116201000,SPY
2014-09-17,166.45407104492188,167.22518470333156,165.62491004345276,166.47065780750924,151266000,SPY
2014-09-18,167.34129333496094,167.36616715491846,166.74429635199257,166.95987367562242,94990000,SPY
2014-09-19,167.19041442871094,168.19005563519056,166.84886643056606,167.8735104250007,121649000,SPY
2014-09-22,165.89926147460938,166.92390581551535,165.54938756959217,166.89891573023783,125553000,SPY
2014-09-23,164.94956970214844,165.990865433918,164.89958954080421,165.29944354268747,111393000,SPY
2014-09-24,166.24081420898438,166.34911305561846,164.5414248072181,164.9745947714899,107276000,SPY
2014-09-25,163.5584259033203,165.81596099843537,163.50011994294076,165.80762249614432,150300000,SPY
2014-09-26,164.8579559326172,165.26614848688797,163.6250651900398,163.8583144464428,103547000,SPY
2014-09-29,164.5580596923828,164.84962761398134,163.31684317794162,163.4417935951233,95112000,SPY
2014-09-30,164.12490844726562,165.19119449898142,163.78336031993086,164.6830415594034,131302000,SPY
2014-10-01,161.90065002441406,163.9165968435845,161.5341119279961,163.85827818682333,177798000,SPY
2014-10-02,161.92568969726562,162.49214859349496,160.23462608904921,161.75907217613258,157285000,SPY
2014-10-03,163.70840454101562,164.05827849101237,162.50882944895045,163.0086439298886,121569000,SPY
2014-10-06,163.51675415039062,164.60804281064134,162.92530526262357,164.3914451521941,104778000,SPY
2014-10-07,160.99270629882812,163.0419826603917,160.95939041581397,162.67544439156453,147913000,SPY
2014-10-08,163.808349609375,164.04159888760742,160.24295325795663,161.08431581792843,186461000,SPY
2014-10-09,160.5594940185547,163.77501610657984,160.42620509929964,163.5500926442283,210705000,SPY
2014-10-10,158.72682189941406,161.31756678437395,158.6851802294693,160.51785859667436,221909000,SPY
2014-10-13,156.1194610595703,159.23501118149122,156.02782648474115,158.66022635152865,230939000,SPY
2014-10-14,156.36097717285156,158.12702352018147,155.81116993138667,156.96076457969863,215847000,SPY
2014-10-15,155.30299377441406,156.3526279345509,151.5460036100907,154.2450465361343,380715000,SPY
2014-10-16,155.1697235107422,156.2609993700019,152.35405587182478,152.49567056161666,270391000,SPY
2014-10-17,157.00244140625,158.0687274573192,156.29435506573,156.96078702543133,214625000,SPY
2014-10-20,158.52688598632812,158.65183640642957,156.66921771107624,156.71919787911682,130011000,SPY
2014-10-21,161.66741943359375,161.77570554827352,159.50984497419384,159.67644975234944,154949000,SPY
2014-10-22,160.51783752441406,162.36717994350082,160.45119306566588,161.95066160967284,151822000,SPY
2014-10-23,162.3838348388672,163.4417949874984,161.82570178548264,162.12559550040444,154944000,SPY
2014-10-24,163.63339233398438,163.68338521316792,162.01731181872384,162.65041513260533,117927000,SPY
2014-10-27,163.4085235595703,163.65009867093082,162.46718778230573,163.05031107794704,82954000,SPY
2014-10-28,165.2827911376953,165.29111692750126,163.88328307139773,163.95826602416918,106736000,SPY
2014-10-29,165.03292846679688,165.87429109707796,163.94165224291612,165.39946670925863,142557000,SPY
2014-10-30,166.09088134765625,166.5657057141419,164.44145933068634,164.59141256456215,113330000,SPY
2014-10-31,167.9901885986328,168.1234775249747,167.248786423662,168.09014893782341,146903000,SPY
2014-11-03,168.0818328857422,168.64829178882005,167.6986303780883,168.20678331697044,93600000,SPY
2014-11-04,167.49868774414062,167.94019615814827,166.65731258032434,167.63196394961278,93343000,SPY
2014-11-05,168.55667114257812,168.76493035256286,167.81526886347777,168.72327596833924,91709000,SPY
2014-11-06,169.2313995361328,169.32303408104502,167.9735187024571,168.5982962238228,107089000,SPY
2014-11-07,169.38970947265625,169.6063071880712,168.78159613326855,169.24809473395686,89540000,SPY
2014-11-10,169.9228515625,169.97283173926527,169.21477787310315,169.423037083714,66319000,SPY
2014-11-11,170.08946228027344,170.19776114110502,169.64795375537622,169.98950192328053,54499400,SPY
2014-11-12,169.90615844726562,170.13940768924567,169.36467700535238,169.3980055891383,90120300,SPY
2014-11-13,170.09779357910156,170.630936645704,169.281421038927,170.07280349091187,85357900,SPY
2014-11-14,170.13941955566406,170.34767872989494,169.7062369141471,170.02279492654003,80417500,SPY
2014-11-17,170.24771118164062,170.4226544865429,169.64792372359227,169.81454123726365,80441000,SPY
2014-11-18,171.2306671142578,171.53888657329173,170.30599602602692,170.30599602602692,76068100,SPY
2014-11-19,170.95582580566406,171.2307294954105,170.1894334180985,171.03079607255842,82373000,SPY
2014-11-20,171.25570678710938,171.36400563861986,170.08944764098965,170.15609211029357,72840300,SPY
2014-11-21,172.17205810546875,173.13838394731525,171.58893482543522,172.9717791117534,142327300,SPY
2014-11-24,172.6551971435547,172.7634959916996,172.36364189943492,172.58022688459238,65880800,SPY
2014-11-25,172.53018188476562,173.09664057670278,172.27194261572794,172.8883814615269,79108300,SPY
2014-11-26,172.97174072265625,173.07170105958147,172.46358782473413,172.68017279178255,62167800,SPY
2014-11-28,172.60519409179688,173.16332713086655,172.36361905233983,172.84678184238464,57890100,SPY
2014-12-01,171.4056396484375,172.05540730619248,171.0890943223083,171.9387826679065,103968400,SPY
2014-12-02,172.51356506347656,172.7218242359549,171.42228903347112,171.44727911727801,74507200,SPY
2014-12-03,173.18002319335938,173.39660818954096,172.52192970152836,172.68853452252444,68952000,SPY
2014-12-04,172.98841857910156,173.49657151686566,172.18869768760325,172.88844552320657,91316600,SPY
2014-12-05,173.2716522216797,173.66318052964814,172.89678820861894,173.16335337147868,91025500,SPY
2014-12-08,172.11373901367188,173.37162004408614,171.5472673625799,172.87180557549894,108588200,SPY
2014-12-09,171.99710083007812,172.10539967642532,169.86452875855701,170.2477185498695,125180100,SPY
2014-12-10,169.23968505859375,171.58884119374923,169.04807752667557,171.53053525312905,159856400,SPY
2014-12-11,170.09779357910156,171.76386725112584,169.69793945693306,169.83955419371912,159012800,SPY
2014-12-12,167.34877014160156,169.78957469058471,167.31545426092765,168.80658461040332,202330200,SPY
2014-12-15,166.1991424560547,168.7149167737139,165.59102924241105,168.25674406022998,189965800,SPY
2014-12-16,164.86627197265625,168.60659806753551,164.82461760158847,165.42440495380208,259543800,SPY
2014-12-17,168.0984649658203,168.55663767905247,165.18283660487324,165.30779973273522,253910100,SPY
2014-12-18,172.2552947998047,177.41179301844525,169.87280978591534,170.55590585035657,257633900,SPY
2014-12-19,172.98828125,173.6667631528619,172.22603078426874,172.9128844309023,245084600,SPY
2014-12-22,173.78399658203125,173.78399658203125,172.93799050456886,173.1808988380609,148318900,SPY
2014-12-23,174.01856994628906,174.4206309334692,173.72539275444183,174.37037490773272,122167900,SPY
2014-12-24,174.0352783203125,174.51272321470321,173.99339404996266,174.2446868907769,42963400,SPY
2014-12-26,174.59649658203125,174.93992971459525,174.43734401907304,174.48760003236825,57326700,SPY
2014-12-29,174.83106994628906,175.04047856659832,174.34524041341706,174.41225270567057,79643900,SPY
2014-12-30,173.89288330078125,174.53785250001414,173.81748650108494,174.40384072771107,73540800,SPY
2014-12-31,172.1673583984375,174.3870970911403,172.04171835865384,174.2195727776668,130333800,SPY
2015-01-02,172.0752716064453,173.28985201463016,171.0282283451065,172.87103471009465,121465900,SPY
2015-01-05,168.96762084960938,171.18734701084932,168.65770019573856,171.0198226785215,169632600,SPY
2015-01-06,167.37611389160156,169.8052485673668,166.57197923447376,169.27753479921145,209151400,SPY
2015-01-07,169.46180725097656,169.80524040998517,168.2639962375917,168.7163131733623,125346700,SPY
2015-01-08,172.46890258789062,172.6866956926443,170.8690307392209,170.8857742232131,147217800,SPY
2015-01-09,171.0869140625,172.90458011021667,170.46705968690765,172.88782383485116,158567300,SPY
2015-01-12,169.74658203125,171.37997910518158,169.1351125845227,171.22082654669308,144396100,SPY
2015-01-13,169.26919555664062,172.11714798409827,167.95410314581056,170.97796445685736,214553300,SPY
2015-01-14,168.24722290039062,168.4482597299385,166.32904601260003,167.23367979235337,192991100,SPY
2015-01-15,166.70594787597656,169.21046574081902,166.5886796092075,168.89217346317872,176613900,SPY
2015-01-16,168.89222717285156,169.05137975292533,166.3123117022071,166.49659229163075,211879600,SPY
2015-01-20,169.2523956298828,169.80523737137653,167.66926721108607,169.53718824291195,130991100,SPY
2015-01-21,170.10678100585938,170.5926104502588,168.31424405369586,168.78331723276136,122942700,SPY
2015-01-22,172.63644409179688,172.77045587358825,169.47855902370208,170.86903510773473,174356000,SPY
2015-01-23,171.68994140625,172.6364724642752,171.55591682114613,172.37679503765347,117516800,SPY
2015-01-26,172.0919952392578,172.18413554003234,170.75178778769526,171.47215392612682,92009700,SPY
2015-01-27,169.82203674316406,170.97796375454018,168.98440217602436,170.01468911484523,134044600,SPY
2015-01-28,167.64419555664062,171.12037418391543,167.4515431691002,171.019862117597,168514300,SPY
2015-01-29,169.19378662109375,169.45345125476567,166.42120586409038,167.84519464961193,173585400,SPY
2015-01-30,167.06619262695312,169.34455940978873,166.79815624259538,168.00435192542454,197729700,SPY
2015-02-02,169.13516235351562,169.22730266284364,165.7343682149723,167.56878987622807,163107000,SPY
2015-02-03,171.5810546875,171.5894392128555,169.66287723052608,170.03981021415194,124212900,SPY
2015-02-04,170.92767333984375,172.03335688105557,170.46697186433883,170.81040503528672,134306700,SPY
2015-02-05,172.65321350097656,172.80399435240037,171.52241463109291,171.59779866616094,97953200,SPY
2015-02-06,172.17575073242188,173.59135489086833,171.64803697881993,173.02175686167652,125672000,SPY
2015-02-09,171.40518188476562,172.25118827686813,170.99473630652102,171.52245022407973,87219000,SPY
2015-02-10,173.23121643066406,173.490881121925,171.44705057210433,172.4522223568812,96164200,SPY
2015-02-11,173.33169555664062,173.7672690618481,172.41030530408324,173.0636591712506,91087800,SPY
2015-02-12,174.99853515625,175.0571756851408,173.36515102599748,174.13577295459655,97545900,SPY
2015-02-13,175.71890258789062,175.7691585952097,174.8645121196155,175.12418945957012,93670400,SPY
2015-02-17,175.995361328125,176.17127017292543,175.1493551996511,175.40063529038542,76968200,SPY
2015-02-18,176.01211547851562,176.08749950482962,175.35037716410713,175.61842629938303,80652900,SPY
2015-02-19,175.886474609375,176.25503580478946,175.26663330916625,175.40902962897874,91462500,SPY
2015-02-20,176.94190979003906,177.0172938247218,174.83943909333334,175.46766494493144,140896400,SPY
2015-02-23,176.91671752929688,176.91671752929688,176.30523538661382,176.69055272609515,74411100,SPY
2015-02-24,177.4193115234375,177.62034834818525,176.5397929894323,176.84134183591166,72472300,SPY
2015-02-25,177.26861572265625,177.77957334346658,176.9251824667548,177.2937437383281,73061700,SPY
2015-02-26,177.0592041015625,177.33562505060635,176.44772164703085,177.17647243316082,72697900,SPY
2015-02-27,176.45608520507812,177.22670740419434,176.40582918054915,176.95865823165582,108076000,SPY
2015-03-02,177.5701141357422,177.6287418951879,176.50631491044786,176.55657092748308,87491400,SPY
2015-03-03,176.84136962890625,177.6203762636112,175.97023548065798,177.13454678007955,110325800,SPY
2015-03-04,176.09588623046875,176.31367936673297,175.11585546114185,176.23828255271755,114497200,SPY
2015-03-05,176.28851318359375,176.57330576642445,175.77755577026363,176.42252495232995,76873000,SPY
2015-03-06,173.80911254882812,175.85294223055243,173.4740639504045,175.41736882757394,188128000,SPY
2015-03-09,174.5294647216797,174.88964129740685,173.85098305574994,174.01013560085124,89818900,SPY
2015-03-10,171.6983184814453,173.23119117028907,171.65643419963877,173.1474353879643,157121300,SPY
2015-03-11,171.29623413085938,172.1338685275873,171.21246557867195,171.95795968050834,110145700,SPY
2015-03-12,173.47409057617188,173.54109008111226,171.88257753617364,171.93283355552228,93993500,SPY
2015-03-13,172.41024780273438,174.1692719425678,171.363205059518,173.19762599063844,162410900,SPY
2015-03-16,174.7138671875,174.8060075262611,172.43549952112764,173.14749420985376,136099200,SPY
2015-03-17,174.19447326660156,174.57977797249495,173.37358226810397,173.9683083767063,94510400,SPY
2015-03-18,176.28851318359375,176.96699489380757,173.07198788951843,173.7169698528693,228808500,SPY
2015-03-19,175.48439025878906,176.2968965727049,175.0907011053954,175.86970767023504,117917300,SPY
2015-03-20,177.03338623046875,177.54662453555716,176.25932421659334,176.44442739799177,177715100,SPY
2015-03-23,176.68844604492188,177.62237120183585,176.68844604492188,177.04182139641074,71784500,SPY
2015-03-24,175.6956329345703,177.0249918614251,175.62832150917967,176.56224667416964,77805300,SPY
2015-03-25,173.1209716796875,176.14151169014073,173.0789132838773,175.90592818491572,159521700,SPY
2015-03-26,172.70877075195312,173.63427405334616,171.74118336253048,172.4479469775756,153067200,SPY
2015-03-27,173.10423278808594,173.28091407880632,172.39746911017224,172.59099430827712,118939000,SPY
2015-03-30,175.2160186767578,175.51891362834007,174.1306525892863,174.14747081446214,96180400,SPY
2015-03-31,173.68470764160156,175.08981254033185,173.62581817857438,174.38304911562926,126768700,SPY
2015-04-01,173.0705108642578,173.67630075700797,172.06927443489747,173.65106058133833,137303600,SPY
2015-04-02,173.69317626953125,174.14751238619183,172.81814049459123,173.00324372243074,86900900,SPY
2015-04-06,174.8625946044922,175.38424188293303,172.6582009173145,172.7928108728779,114368200,SPY
2015-04-07,174.39991760253906,175.6451469273894,174.36626830763703,174.88791582784282,81236300,SPY
2015-04-08,174.9888153076172,175.43474212946953,174.2315844730892,174.62703095108472,89351900,SPY
2015-04-09,175.76295471191406,175.99853831269354,174.3242129241781,174.8206203087961,85548900,SPY
2015-04-10,176.7220916748047,176.76416291923064,175.81341955457907,176.01534098647753,72722900,SPY
2015-04-13,175.92279052734375,177.218512969372,175.87231016904107,176.5790608619612,74436600,SPY
2015-04-14,176.25933837890625,176.4444415751776,175.08982973246864,175.72085985475528,75099900,SPY
2015-04-15,177.05020141601562,177.56343971229327,176.6463457718701,176.73048824863935,99529300,SPY
2015-04-16,176.99969482421875,177.5129330444063,176.51169677565207,176.71363098695684,68934900,SPY
2015-04-17,174.96363830566406,176.0405954912337,174.172745064124,175.79660279505376,191113200,SPY
2015-04-20,176.56224060058594,176.89878487762067,175.81341867159364,175.8975483216817,92189500,SPY
2015-04-21,176.35189819335938,177.41202422639003,176.04900320701614,177.2521612004948,72559800,SPY
2015-04-22,177.218505859375,177.4036090579527,175.76292044889206,176.69684555504654,78264600,SPY
2015-04-23,177.6643829345703,178.32065305869497,176.69679597019564,176.81458771456835,102585900,SPY
2015-04-24,178.0767059326172,178.34595162982734,177.62236986650186,178.08512788461843,61327400,SPY
2015-04-27,177.3362579345703,178.7749991197327,177.14273282771242,178.6487982572932,79358100,SPY
2015-04-28,177.90000915527344,177.95048950951048,176.124710614009,177.31105029194075,86863500,SPY
2015-04-29,177.16796875,177.7737456696181,176.35183568270904,176.99968383186172,125684900,SPY
2015-04-30,175.39271545410156,176.98291076485987,174.68595199727787,176.58746421534968,161304900,SPY
2015-05-01,177.29417419433594,177.33624542496065,176.08259464703158,176.18355532986126,103399700,SPY
2015-05-04,177.79905700683594,178.38801589852372,177.61395380682822,177.7233236334939,70927200,SPY
2015-05-05,175.76295471191406,177.91688209358043,175.61992272846533,177.5550847391626,113326200,SPY
2015-05-06,175.03933715820312,176.62953255846188,173.96238010608823,176.31822847196733,135060200,SPY
2015-05-07,175.73764038085938,176.16674898849757,174.60179410741594,174.93833829843518,88244900,SPY
2015-05-08,178.05140686035156,178.25334106646667,177.3446563964545,177.42879885858676,155877300,SPY
2015-05-11,177.20167541503906,178.27863248053117,177.1259548803578,178.0093996333286,75708100,SPY
2015-05-12,176.6715850830078,177.21848550265366,175.5273167315767,176.36028102949547,119727600,SPY
2015-05-13,176.7052764892578,177.71492218115253,176.4696929224271,177.08389201892564,94667900,SPY
2015-05-14,178.5478515625,178.6404031483228,177.4540635950503,177.7317183525187,95934000,SPY
2015-05-15,178.74131774902344,178.8843496468911,178.2533197712972,178.74131774902344,76510100,SPY
2015-05-18,179.2966766357422,179.54907838501506,178.50578358578255,178.5730949983684,74549700,SPY
2015-05-19,179.23780822753906,179.6921571388218,178.95174429871165,179.4145023237805,72114600,SPY
2015-05-20,179.11158752441406,179.86881850836832,178.79186149911146,179.33874911659618,76857500,SPY
2015-05-21,179.6332244873047,179.8435678415053,178.80026018286813,178.9685451369002,64764600,SPY
2015-05-22,179.20411682128906,179.66686189927168,179.13680541179335,179.24617521867756,57433500,SPY
2015-05-26,177.27737426757812,179.1368151457113,176.85668756412477,178.7077064916517,124308600,SPY
2015-05-27,178.96017456054688,179.1957581578137,177.3279076092388,177.74018532362732,93214000,SPY
2015-05-28,178.7581787109375,178.86754851093494,178.05983732452356,178.64879607260224,74974600,SPY
2015-05-29,177.6476287841797,178.73299512448213,177.37839589691217,178.69093671340548,124919600,SPY
2015-06-01,178.00938415527344,178.65723245789232,177.21006911978037,178.32068821856666,93338800,SPY
2015-06-02,177.83270263671875,178.5310441790335,176.91560860723604,177.54663872926665,91531000,SPY
2015-06-03,178.30381774902344,178.93484768705298,177.80741061230773,178.37112914968034,87820900,SPY
2015-06-04,176.79783630371094,178.2534090174419,176.47811023173202,177.58872953123222,151882800,SPY
2015-06-05,176.49490356445312,177.176413971469,175.83021138200945,176.64634461563915,121704700,SPY
2015-06-08,175.4095458984375,176.5369961598017,175.3338253636839,176.3855422519536,89063300,SPY
2015-06-09,175.38424682617188,175.9311471274276,174.74480779463022,175.38424682617188,105034700,SPY
2015-06-10,177.4877166748047,177.8747540887915,176.09945569613197,176.1583451583656,134551300,SPY
2015-06-11,178.05987548828125,178.44690010353955,177.69807821227135,177.9336617619957,73876400,SPY
2015-06-12,176.69680786132812,177.9336276796442,176.41915312269208,177.2268771658459,135382400,SPY
2015-06-15,175.93960571289062,176.22566960968038,174.82898657710896,175.54415915742354,124384200,SPY
2015-06-16,176.8988037109375,176.98294620832493,175.611503098634,175.78818436946796,85308200,SPY
2015-06-17,177.18478393554688,177.7989956318878,176.14989846607767,177.18478393554688,126708600,SPY
2015-06-18,179.02743530273438,179.49860236385848,177.21848758484586,177.79061534811385,165867900,SPY
2015-06-19,178.23268127441406,178.85833074422996,177.85222416336924,178.7822419021784,130478700,SPY
2015-06-22,179.14578247070312,179.73760606493207,178.93441597985088,179.16269540219162,70696000,SPY
2015-06-23,179.27264404296875,179.6108382571635,178.87528680507396,179.35719582171498,68476800,SPY
2015-06-24,177.9705810546875,179.3825076318251,177.94521810845285,179.00205053751867,92307300,SPY
2015-06-25,177.4295196533203,178.6047170387508,177.35343079905533,178.4779022816425,97107400,SPY
2015-06-26,177.3957061767578,178.03825577891416,176.83769544550177,177.79306338148842,104174800,SPY
2015-06-29,173.6756134033203,177.40412132832682,173.5995245642271,175.8991929737014,202621300,SPY
2015-06-30,174.03915405273438,175.28198991050456,173.5572323156954,175.2312511217752,182925100,SPY
2015-07-01,175.43426513671875,175.88236126379974,174.63952471486414,175.62871878223874,135979900,SPY
2015-07-02,175.2735595703125,176.08521263062062,174.85082655783256,175.91612200578618,104373700,SPY
2015-07-06,174.77476501464844,175.5610423483133,173.76865822364863,173.9715747456217,117975400,SPY
2015-07-07,175.8738555908203,176.00067034107502,172.5680801591041,174.97766362025118,173820200,SPY
2015-07-08,172.92315673828125,174.80854227106582,172.6864272947382,174.5210869325903,164020100,SPY
2015-07-09,173.23593139648438,175.30733285700487,173.12602961873733,175.04522763121705,144113100,SPY
2015-07-10,175.41729736328125,175.84003040014142,173.2782692288318,175.2566567451482,129456900,SPY
2015-07-13,177.35342407226562,177.46332589066137,176.65168567437436,176.6939615587367,106069400,SPY
2015-07-14,178.12281799316406,178.43564926878062,177.25198881395377,177.31117764205098,81709600,SPY
2015-07-15,178.06361389160156,178.63007462431804,177.58169202748812,178.1650656942407,97914100,SPY
2015-07-16,179.4924774169922,179.4924774169922,178.88374071897266,179.1289202414128,106683300,SPY
2015-07-17,179.64462280273438,179.70381161864924,179.0697120807576,179.48398218900905,89030000,SPY
2015-07-20,179.73760986328125,180.23643169604523,179.4163415629316,179.87288751647432,70446800,SPY
2015-07-21,179.0274200439453,179.8644360027198,178.72305177718977,179.60233071404636,77965000,SPY
2015-07-22,178.70614624023438,179.04434038439422,178.30032616803007,178.3341391320523,88667900,SPY
2015-07-23,177.70005798339844,178.94289417741032,177.33651375425464,178.8414423740751,90509100,SPY
2015-07-24,175.85693359375,177.86068394923439,175.5187523433079,177.80150803576151,117755000,SPY
2015-07-27,174.8339385986328,175.476501125891,174.38584257346042,174.96076626096567,132361100,SPY
2015-07-28,176.98138427734375,177.12511193702645,174.84235651131272,175.67935952362888,123544800,SPY
2015-07-29,178.19888305664062,178.42714960168323,176.9644969466987,177.1082246271734,105791300,SPY
2015-07-30,178.24114990234375,178.41024052369463,177.05748975131272,177.68313924117717,91304400,SPY
2015-07-31,177.9705810546875,178.77377112062024,177.68312573017036,178.7484081743856,103266900,SPY
2015-08-03,177.3702850341797,177.9959344428736,176.406454426659,177.9367585384325,113965700,SPY
2015-08-04,177.02366638183594,177.75921763690934,176.53329457819143,177.29420877993724,81820800,SPY
2015-08-05,177.60707092285156,178.6554406368602,177.31960264246598,177.92833927031117,85786800,SPY
2015-08-06,176.1528778076172,177.90298603263548,175.561041180995,177.79307130469886,116030800,SPY
2015-08-07,175.81471252441406,176.14444386166818,174.9016073826045,175.9922661217625,117858000,SPY
2015-08-10,178.02980041503906,178.11433928340026,176.93914193663323,176.93914193663323,80270700,SPY
2015-08-11,176.42340087890625,177.09977630586314,175.6540236694829,176.67704327661363,126081400,SPY
2015-08-12,176.63479614257812,176.82079973778488,173.62493854856368,175.1045043917509,172123700,SPY
2015-08-13,176.41493225097656,177.16739644762484,175.8653716304574,176.47410816041858,89383300,SPY
2015-08-14,177.05752563476562,177.13361449467598,176.07678177106519,176.22050947338144,72786500,SPY
2015-08-17,178.04669189453125,178.04669189453125,175.99221559093417,176.45722449734134,79072600,SPY
2015-08-18,177.5309600830078,178.12278374623838,177.29423061771558,177.76768954830004,71692700,SPY
2015-08-19,176.12750244140625,177.55632929992828,175.3073993002727,176.77850204354374,172946000,SPY
2015-08-20,172.44973754882812,176.10214473340363,172.39054872392364,174.59721596696784,194327900,SPY
2015-08-21,167.25857543945312,172.42437429990267,166.99648298855996,170.55588837131876,346588500,SPY
2015-08-24,160.21588134765625,166.96269954627473,154.21306480175392,158.51649854334667,507244300,SPY
2015-08-25,158.33042907714844,165.24633509870256,158.03451080254519,165.22942216566545,369833100,SPY
2015-08-26,164.40936279296875,164.68835528604347,159.26046383460778,162.39714911037274,339257000,SPY
2015-08-27,168.47607421875,168.6028890041901,165.04348308438972,166.57377503239638,274143900,SPY
2015-08-28,168.48448181152344,168.95794075900105,167.33464741016834,167.8250192917098,160414400,SPY
2015-08-31,167.12326049804688,168.35764651833702,166.56524984911624,167.49526759733396,163298800,SPY
2015-09-01,162.13504028320312,164.6714386250342,161.2557483002598,163.27641179655365,256000400,SPY
2015-09-02,165.21253967285156,165.25481555953843,162.68459129813283,164.54461420525124,160269300,SPY
2015-09-03,165.33090209960938,167.4445673964574,164.83208018574265,165.9311758194723,152087800,SPY
2015-09-04,162.8283233642578,163.9020689911462,161.99977014626324,163.04815282061637,207081000,SPY
2015-09-08,166.92030334472656,167.07249389407374,165.00955531943555,165.66056758456278,116025700,SPY
2015-09-09,164.6883087158203,168.64509611808094,164.31631452998232,168.51828138436196,149347700,SPY
2015-09-10,165.5845184326172,166.74280270458513,164.23176769540325,164.4938600868015,158611100,SPY
2015-09-11,166.3369903564453,166.404629186521,164.46850476536923,165.18715604673412,119691200,SPY
2015-09-14,165.7197723388672,166.5652382690909,165.2294005512431,166.5145123774033,79452000,SPY
2015-09-15,167.79124450683594,168.23934060558062,165.6775787954774,166.22712672011394,113806200,SPY
2015-09-16,169.2454376220703,169.43990415950313,167.74897156069756,168.09561583964276,99581600,SPY
2015-09-17,168.8649444580078,171.5366204921731,168.48448728433996,169.1101368571374,276046600,SPY
2015-09-18,166.10545349121094,168.8505029333945,165.6890295906842,166.3264258151078,223657500,SPY
2015-09-21,166.96376037597656,168.00057925435388,165.90143372761227,166.94675951860344,105726200,SPY
2015-09-22,164.7966766357422,165.26410313957095,163.64935821433156,164.7711818235206,153890900,SPY
2015-09-23,164.533203125,165.44254825048182,163.9467965740212,164.96662785196517,92790600,SPY
2015-09-24,163.93829345703125,164.40571991921,161.94962047378922,163.3008972725671,159378800,SPY
2015-09-25,163.89581298828125,165.72301022152897,163.01194967176554,165.41705953009796,155054800,SPY
2015-09-28,159.782470703125,163.09693863994386,159.46802606879913,162.98645248502567,178515900,SPY
2015-09-29,159.87594604492188,161.2527305345265,158.86460875460847,160.00343305447555,159045600,SPY
2015-09-30,162.8589630126953,163.02893271872514,160.99776425720395,161.78812922577845,163452000,SPY
2015-10-01,163.2838592529297,163.58980984626606,161.32068168229415,163.24136359343905,131079000,SPY
2015-10-02,165.72305297851562,165.74854779539103,160.7258613851399,161.2782793424522,211003300,SPY
2015-10-05,168.6720428466797,168.90150912336233,166.8533394329519,166.9638255972546,126320800,SPY
2015-10-06,168.09408569335938,169.1054228648596,167.42270087287312,168.53601726574945,110274500,SPY
2015-10-07,169.47088623046875,169.82782650728126,167.83064677860207,169.03744856245126,124307300,SPY
2015-10-08,171.00064086914062,171.2895906714988,168.77399488521147,169.07994554884294,153055200,SPY
2015-10-09,171.1026153564453,171.58702966251224,170.46521923887602,171.14511102452136,107069200,SPY
2015-10-12,171.26412963867188,171.468088142744,170.7457134943884,171.17913828340176,56395600,SPY
2015-10-13,170.1847381591797,171.80797647687837,170.0147684799326,170.5246775176739,88038700,SPY
2015-10-14,169.36891174316406,170.71169462084586,169.07146796531063,170.12528804481013,99106200,SPY
2015-10-15,171.96951293945312,171.97800688766563,169.6663821235935,170.04032333070222,134142200,SPY
2015-10-16,172.75137329101562,172.76836118637632,171.60405492907483,172.3774321073354,114580100,SPY
2015-10-19,172.83633422851562,172.83633422851562,171.78251423670693,172.09695885131336,76523900,SPY
2015-10-20,172.61537170410156,173.23576697500354,172.13945133366403,172.394412380072,78448500,SPY
2015-10-21,171.54457092285156,173.19329155091648,171.37458822680492,173.04032268590532,102038000,SPY
2015-10-22,174.44256591796875,174.6550312918682,171.5445480735519,172.50488274543443,174911700,SPY
2015-10-23,176.3547821044922,176.7287232964047,175.32645679459213,176.1338227492072,144442300,SPY
2015-10-26,175.92132568359375,176.23577028027046,175.5473845589744,176.17628672018483,69033000,SPY
2015-10-27,175.58143615722656,175.92137565734285,174.89303727252093,175.24148368924958,77905800,SPY
2015-10-28,177.5785369873047,177.60403179188353,175.2499250500653,175.9213098504011,135906700,SPY
2015-10-29,177.47662353515625,177.8505647646889,176.94971342146607,177.06869354287548,90525500,SPY
2015-10-30,176.71168518066406,177.9949842703674,176.5502223980661,177.67203276945824,131076900,SPY
2015-11-02,178.80239868164062,178.9978632374171,176.9157047109698,177.04319174393197,86270800,SPY
2015-11-03,179.3207550048828,179.8816666399323,178.21593259374603,178.44539880224005,95246100,SPY
2015-11-04,178.7768096923828,179.7456509803714,178.23289902136912,179.61817698242027,96224500,SPY
2015-11-05,178.598388671875,179.30377527157242,177.6975375585782,178.83634885395878,78408700,SPY
2015-11-06,178.50491333007812,178.74288649327303,177.16214349975942,178.24996524068726,110471500,SPY
2015-11-09,176.83914184570312,178.03744939766656,175.87879442163754,177.88446761952972,131008700,SPY
2015-11-10,177.24713134765625,177.28113307329784,176.08282511767771,176.35477408351662,75874600,SPY
2015-11-11,176.5502471923828,177.57007848265027,176.48225671065052,177.51908886331566,67846000,SPY
2015-11-12,174.08563232421875,175.97232595425154,174.06864443051234,175.49640557331674,121315200,SPY
2015-11-13,172.13096618652344,173.94117558029274,172.04598780554622,173.66922660616285,153577100,SPY
2015-11-16,174.74850463867188,174.80800116387124,171.82497921865365,171.94397226905235,117645200,SPY
2015-11-17,174.6210174560547,175.95529306920753,174.11960235795897,175.06294900128833,121123700,SPY
2015-11-18,177.3916015625,177.5360764730024,175.06298916423287,175.10547186837127,121342500,SPY
2015-11-19,177.23863220214844,177.66356298519466,176.94117546687275,177.27262095893445,88220500,SPY
2015-11-20,177.88449096679688,178.57287663912703,177.5020559230419,178.00347104636188,94011500,SPY
2015-11-23,177.68057250976562,178.45393671704028,177.21314603205522,177.94402753324084,64931200,SPY
2015-11-24,177.91848754882812,178.32641738586582,176.26975437398713,176.66068335219035,98874400,SPY
2015-11-25,177.89300537109375,178.24994562481882,177.62953742795364,178.04597420789452,51980100,SPY
2015-11-27,178.09698486328125,178.30095630430588,177.50208437011545,177.98649871174396,37317800,SPY
2015-11-30,177.35760498046875,178.3774362241042,177.24711883172347,178.2584561284777,112822700,SPY
2015-12-01,179.048828125,179.1678211931346,177.71455221246316,177.9950080847983,97858400,SPY
2015-12-02,177.22161865234375,179.32077760773973,176.96665760719728,178.99782608603036,108441300,SPY
2015-12-03,174.7400360107422,177.74854022970231,174.0091545498405,177.47659127357005,166224200,SPY
2015-12-04,178.14801025390625,178.4454670441479,174.74006941256357,174.74006941256357,192913900,SPY
2015-12-07,177.0686798095703,178.24148006739864,176.09133113221046,177.81654924277078,102027100,SPY
2015-12-08,175.8788604736328,177.0176719373797,174.8845239298067,175.48793138863755,103372400,SPY
2015-12-09,174.51060485839844,177.3491399297199,173.52476213743356,175.2329925174191,162401500,SPY
2015-12-10,174.96095275878906,176.2867343958731,174.3405576015085,174.5785177431464,116128900,SPY
2015-12-11,171.57003784179688,173.49072009700674,171.2555802795187,172.819335241061,211173300,SPY
2015-12-14,172.43690490722656,172.5643919216239,169.92981590504468,171.7315312258993,182385200,SPY
2015-12-15,174.24710083007812,175.16495279843826,172.41139689335785,173.96664498131332,154069600,SPY
2015-12-16,176.79666137695312,177.10261199165916,174.0516127578039,175.38588837759445,197017000,SPY
2015-12-17,174.10264587402344,177.17914068060182,174.08564501122027,177.11115019724787,173092500,SPY
2015-12-18,171.00099182128906,173.4887975033567,170.83855503879266,173.35202030575994,251393500,SPY
2015-12-21,172.41165161132812,172.59119048531065,171.06087694125125,172.18937718905187,99094300,SPY
2015-12-22,173.97607421875,174.2753011860338,172.3089842246777,173.3092382211211,111026200,SPY
2015-12-23,176.13047790527344,176.1732264792963,174.89939202560217,174.9934336704391,110987200,SPY
2015-12-24,175.83981323242188,176.3955186609164,175.61753888804483,175.87401731311655,48539600,SPY
2015-12-28,175.43801879882812,175.48075433352741,174.35226748974472,175.13879178572296,65899900,SPY
2015-12-29,177.31027221679688,177.64369024947754,176.51520346387926,176.5493944988828,92640700,SPY
2015-12-30,176.05352783203125,177.1478365539004,175.90819311425204,177.06233940460277,63317700,SPY
2015-12-31,174.29237365722656,176.01931409906342,174.29237365722656,175.3695802013079,114877900,SPY
2016-01-04,171.85592651367188,171.86447101270596,169.77846528516088,171.40282020916834,222353500,SPY
2016-01-05,172.14657592773438,172.60822667738654,171.0266335682685,172.1807669649165,110845800,SPY
2016-01-06,169.9751434326172,171.0352355268662,168.93214034018283,169.56477257835348,152112600,SPY
2016-01-07,165.8971710205078,168.795348292651,165.50390221720534,166.9914671970372,213436100,SPY
2016-01-08,164.07618713378906,167.43602833565384,163.7855175668196,166.8717782032736,209817200,SPY
2016-01-11,164.2385711669922,165.34996902787964,162.28081142464907,165.0079934310492,187941300,SPY
2016-01-12,165.56375122070312,166.32462922725026,163.40934993726216,165.70054150267637,172330500,SPY
2016-01-13,161.4344482421875,166.58961170348852,161.04973708217204,166.23909158312586,221168900,SPY
2016-01-14,164.08473205566406,165.22177682412192,160.4342343225008,162.0500320366168,240795600,SPY
2016-01-15,160.56240844726562,161.37457925824566,158.60464878521762,159.67329802204253,324846400,SPY
2016-01-19,160.77613830566406,162.52872566318413,159.18598771935808,162.4004929727702,195244400,SPY
2016-01-20,158.71583557128906,160.2974422192009,154.7575662687163,158.18578953676348,286547800,SPY
2016-01-21,159.60488891601562,161.46860676006568,157.85230171223117,159.19453129765265,195772900,SPY
2016-01-22,162.87921142578125,163.08438368721468,161.47714444418128,162.24656651462044,168319600,SPY
2016-01-25,160.41709899902344,162.56294230855138,160.2204711610678,162.36631447059574,130371700,SPY
2016-01-26,162.6056671142578,162.88779208139005,160.74194908567094,161.0839116273274,141036800,SPY
2016-01-27,160.83599853515625,163.7683659548094,159.92122847209345,162.0756291150243,185681700,SPY
2016-01-28,161.67376708984375,162.60562586776217,160.00667729333114,162.4004536128261,143798800,SPY
2016-01-29,165.61500549316406,165.7517957430721,162.3321177655879,162.4518059729984,210529300,SPY
2016-02-01,165.55514526367188,166.3502271307359,164.00774315582538,164.5976396599294,136061600,SPY
2016-02-02,162.5714874267578,164.11888956008042,162.04142849164316,164.11034506170472,182564900,SPY
2016-02-03,163.5460968017578,163.95645449369835,159.95543764594765,163.64013846501877,205054900,SPY
2016-02-04,163.8025665283203,164.785718645937,162.40049919757004,163.04168876428574,139531800,SPY
2016-02-05,160.68215942382812,163.86246183887133,160.0409696311991,163.28112268850674,180788300,SPY
2016-02-08,158.51918029785156,159.11762136969995,156.27929526677462,158.81840735629424,191526700,SPY
2016-02-09,158.52772521972656,159.8186620835523,156.62125828395642,156.75804854218273,184513100,SPY
2016-02-10,158.3909149169922,161.01551059258904,158.262669184808,159.36552247443404,148214100,SPY
2016-02-11,156.33058166503906,157.3906865505643,154.81737048413657,155.8860198685238,219058900,SPY
2016-02-12,159.5536346435547,159.57072364157668,157.27100108409914,158.12592060651858,127632400,SPY
2016-02-16,162.24661254882812,162.27225908878398,160.40854094513443,161.3831485985642,120250700,SPY
2016-02-17,164.89686584472656,165.27303248572184,163.29815762049668,163.42640336358255,136009500,SPY
2016-02-18,164.22145080566406,165.2302623974789,163.90513482828925,165.17041178282219,102343000,SPY
2016-02-19,164.14453125,164.29841048642993,162.81940351892263,163.43494655471295,114793000,SPY
2016-02-22,166.52117919921875,166.66651391393225,165.67480440114628,165.74319951013496,103640300,SPY
2016-02-23,164.41812133789062,166.12796030498998,164.29842008695906,165.85437980863676,111455300,SPY
2016-02-24,165.17039489746094,165.45251981264295,161.85331711008558,162.97325922957538,150812200,SPY
2016-02-25,167.17092895507812,167.17948649765566,164.85410475255904,165.62352697253957,110728300,SPY
2016-02-26,166.78622436523438,168.145543094689,166.6237875903244,168.05151448293577,129833700,SPY
2016-02-29,165.4781951904297,167.7608283983841,165.28156738316207,166.80332285513168,125918100,SPY
2016-03-01,169.36807250976562,169.45356966255684,166.23906456609618,166.71781731364547,141799700,SPY
2016-03-02,170.12899780273438,170.18029089074525,168.63288852557466,169.05180381939292,102415000,SPY
2016-03-03,170.79576110839844,170.8128631454455,169.36804757322244,169.94938638250184,95172200,SPY
2016-03-04,171.3514862060547,172.13802352049157,170.15460428414565,170.99242162948198,129293600,SPY
2016-03-07,171.48829650878906,171.89866725435832,170.34270752873945,170.41964715164514,100219000,SPY
2016-03-08,169.6160125732422,170.91549378151092,169.4535888366146,170.4025499418248,123974900,SPY
2016-03-09,170.45384216308594,170.80434921934432,169.64165825886,170.43674012167187,94801200,SPY
2016-03-10,170.59063720703125,171.89867608883333,168.74402093720994,170.94971488911764,156838700,SPY
2016-03-11,173.3434600830078,173.38620866379907,170.57352946021533,172.0610809294823,137964500,SPY
2016-03-14,173.12118530273438,173.58283605705947,172.49709776882082,172.83051582612097,73612000,SPY
2016-03-15,172.83900451660156,173.146775935121,171.88149923455484,172.14652208619054,93169100,SPY
2016-03-16,173.8393096923828,174.2496804015933,172.30900968835283,172.35175826785832,129303200,SPY
2016-03-17,174.9421844482422,175.45512832998386,173.3520336292735,173.75384684474128,134278500,SPY
2016-03-18,175.629638671875,175.9733649749974,175.13122635372497,175.44917383972907,138372400,SPY
2016-03-21,175.8788604736328,176.1108829693004,175.13124845820562,175.3632709538732,72926700,SPY
2016-03-22,175.7843475341797,176.36009642146354,174.93362017061014,175.09688167498444,97471900,SPY
2016-03-23,174.6241912841797,175.58663523437593,174.45231505394574,175.3975818709709,81052500,SPY
2016-03-24,174.54684448242188,174.58122497393586,173.36097977150158,173.58440051708004,84360900,SPY
2016-03-28,174.6500244140625,175.1828041790042,174.19458110938922,174.96797193671227,62408200,SPY
2016-03-29,176.26551818847656,176.3772351277388,173.92814281770094,174.23750170831292,92922900,SPY
2016-03-30,177.0388946533203,177.76931614878256,176.66937651018017,177.2795056297449,86365300,SPY
2016-03-31,176.6092987060547,177.37410098703484,176.44602409904996,176.94443648957812,94584100,SPY
2016-04-01,177.81228637695312,178.00133973286415,175.28585799551922,175.6038185189959,114423500,SPY
2016-04-04,177.2365264892578,177.94118224605918,176.927167663984,177.7349386584386,63497000,SPY
2016-04-05,175.46633911132812,177.2451428008705,175.20853786452477,175.8788132388238,99662200,SPY
2016-04-06,177.3826446533203,177.44280396164888,175.28588033854226,175.46634515121136,91839800,SPY
2016-04-07,175.26010131835938,176.64362117280902,174.52107804618782,176.28270466021127,113859000,SPY
2016-04-08,175.73272705078125,176.89282609286437,175.19134574950033,176.4545600442785,95040600,SPY
2016-04-11,175.32028198242188,177.08190881102948,175.2257552810141,176.3772528346592,83757500,SPY
2016-04-12,176.95297241210938,177.23655246953857,175.04526156199742,175.49211617785394,115350600,SPY
2016-04-13,178.74037170410156,178.82630982003934,177.7435472534114,177.8810429939857,96336400,SPY
2016-04-14,178.74903869628906,179.2560528230679,178.39672373592438,178.80060945586754,65212900,SPY
2016-04-15,178.55130004882812,178.8864376869506,178.22475097649348,178.7489419604608,75761600,SPY
2016-04-18,179.80592346191406,179.8402908369695,177.88102265095856,178.55129791920893,82531000,SPY
2016-04-19,180.37315368652344,180.63095501160507,179.54820518104634,180.23567101049065,88316100,SPY
2016-04-20,180.54498291015625,181.24962569520466,179.93485370360074,180.41607572506143,81100300,SPY
2016-04-21,179.57391357421875,180.67385322501008,179.29892210536346,180.56213630174824,85695000,SPY
2016-04-22,179.57391357421875,179.8488919307591,178.6630272801867,179.21299710558236,99251700,SPY
2016-04-25,179.26458740234375,179.3075564662237,178.3450992621187,178.96381706750145,66166500,SPY
2016-04-26,179.53097534179688,180.04657787826676,179.04975330099415,179.63409060416396,75864200,SPY
2016-04-27,179.90048217773438,180.29576606669337,178.78335216089494,179.14426866867697,77329400,SPY
2016-04-28,178.2677764892578,180.25282413699946,177.8467137229601,179.13570706433188,97216200,SPY
2016-04-29,177.30532836914062,177.9927940916698,176.18819820907046,177.64046610592987,142424100,SPY
2016-05-02,178.71461486816406,178.89506657658168,177.37406401350742,177.8123169891245,62188000,SPY
2016-05-03,177.15924072265625,177.70921066793676,176.40302713077637,177.4685996363964,106422100,SPY
2016-05-04,176.17098999023438,176.8928361370348,175.6639891526077,176.15381285535383,92243800,SPY
2016-05-05,176.13656616210938,177.00448323883867,175.7069019060887,176.6435668372588,67619200,SPY
2016-05-06,176.78109741210938,176.8240664686486,175.19993578506077,175.35460865382387,89315000,SPY
2016-05-09,176.9272003173828,177.36545327060645,176.471757117273,176.65222192878653,74374900,SPY
2016-05-10,179.12709045410156,179.14428070200293,177.57170738311774,177.64045526240596,77472200,SPY
2016-05-11,177.4513702392578,179.20439495549584,177.4513702392578,178.66302681012309,81727000,SPY
2016-05-12,177.5029296875,178.30211217670401,176.48032646237667,178.13023595119603,89586300,SPY
2016-05-13,175.95616149902344,177.76075723555434,175.62962546929919,177.20219875688937,96474600,SPY
2016-05-16,177.6919708251953,178.17319275396622,176.0678402594364,176.12799955668984,77486800,SPY
2016-05-17,176.03350830078125,177.7091968228574,175.50071553332148,177.4170281805091,114924900,SPY
2016-05-18,176.0850372314453,177.27950353325423,174.98509760585068,175.6811517160129,120062100,SPY
2016-05-19,175.47499084472656,175.76715957719586,174.2547451570718,175.35468530122034,115430500,SPY
2016-05-20,176.58348083496094,177.10767193042963,176.04209949194592,176.09365712226793,104990400,SPY
2016-05-23,176.34286499023438,176.88423320610954,176.15381160935206,176.60065313478606,58682600,SPY
2016-05-24,178.62867736816406,178.94663794749601,177.14204218308763,177.1678209986663,93537800,SPY
2016-05-25,179.84034729003906,180.2614231624524,178.6286904200417,179.31615614777684,76621400,SPY
2016-05-26,179.8918914794922,180.2098520582916,179.57394401300994,179.97782960615518,55280700,SPY
2016-05-27,180.66529846191406,180.67388702980463,180.00361158945233,180.05516922143062,64211200,SPY
2016-05-31,180.3215789794922,181.05201381271308,179.75441874044904,180.94029685620853,109879400,SPY
2016-06-01,180.69107055664062,180.87152226185222,179.5051926159826,179.7028345686533,69936200,SPY
2016-06-02,181.24105834960938,181.25823548644664,179.80598068460463,180.28720276241242,63044700,SPY
2016-06-03,180.69969177246094,181.05201979128742,179.47944622873146,180.6739129527731,101757100,SPY
2016-06-06,181.61915588378906,181.9800724237168,180.89730969161607,181.06058426946095,64887000,SPY
2016-06-07,181.90274047851562,182.469900715749,181.74806756598952,181.77384638474385,60974800,SPY
2016-06-08,182.49566650390625,182.62457370079255,181.91132917077218,182.04022325534063,66170900,SPY
2016-06-09,182.24644470214844,182.36675020386295,181.48164263146703,181.7566210158218,73786900,SPY
2016-06-10,180.51919555664062,181.19805949502162,179.96921257262477,180.85433324232775,113829200,SPY
2016-06-13,179.12709045410156,180.77700022006704,179.04116543922925,179.90908282964813,117751200,SPY
2016-06-14,178.77474975585938,179.37629037870462,177.81230573901308,178.74038237482185,125059300,SPY
2016-06-15,178.52557373046875,179.90909374331795,178.33652032903709,178.77477333472794,109124500,SPY
2016-06-16,179.0583953857422,179.23027169081402,176.66946160324022,178.52561555451862,149533100,SPY
2016-06-17,178.39149475097656,178.97887082759283,177.72636686850896,178.9529579524778,117055700,SPY
2016-06-20,179.5403289794922,181.06060794740355,179.45394395087587,180.37821367115205,82789600,SPY
2016-06-21,180.0499725341797,180.46459168860147,179.47986295903394,179.92904139828562,72461700,SPY
2016-06-22,179.7562713623047,180.96558263275622,179.60941418328156,180.23134945965788,95560500,SPY
2016-06-23,182.09718322753906,182.14900897843788,180.76694062594632,181.23338556454198,102731400,SPY
2016-06-24,175.55825805664062,182.13175940900223,175.10907953967623,175.89513864923703,333444400,SPY
2016-06-27,172.4139862060547,174.1415812053919,171.59336803696644,174.13293479487274,230775800,SPY
2016-06-28,175.52366638183594,175.549579254908,173.72696582597595,174.03793348334605,159382400,SPY
2016-06-29,178.512451171875,178.7456670809333,176.83668138111724,176.94033289625426,137328600,SPY
2016-06-30,180.94833374023438,181.00015949198846,178.42604610431894,178.98752250283675,165021900,SPY
2016-07-01,181.3284149169922,181.82078594163596,180.78421813828214,180.9483418131634,106055300,SPY
2016-07-05,180.02406311035156,180.6028059275418,179.41940741929506,180.49050802045073,109803700,SPY
2016-07-06,181.1038360595703,181.22476721510054,178.85795667914334,179.5230846248133,96021500,SPY
2016-07-07,180.9915008544922,181.95894989945202,180.21408832629297,181.28518886021146,85593800,SPY
2016-07-08,183.6865997314453,183.9371084783945,182.07130203828956,182.3045311384298,133971000,SPY
2016-07-11,184.33444213867188,184.91319825375754,183.94573577132977,184.15305198481605,73633900,SPY
2016-07-12,185.67332458496094,185.975659071062,184.3603483083475,185.31053110994426,101275600,SPY
2016-07-13,185.64739990234375,186.10521162841002,185.15504206773775,186.09657839640178,87324100,SPY
2016-07-14,186.6839599609375,187.15905134541154,186.2866203888372,186.92582226930477,91230900,SPY
2016-07-15,186.43348693847656,187.4527620496354,185.98430837703782,187.25409223958914,107155400,SPY
2016-07-18,186.9344482421875,187.0985719007426,186.29523325110605,186.55437517616642,58725900,SPY
2016-07-19,186.74440002441406,186.77894612802447,186.26067549083822,186.5111709884025,54345700,SPY
2016-07-20,187.52183532714844,187.76369762328756,186.7444226867737,186.7444226867737,58159500,SPY
2016-07-21,186.8135223388672,187.6341274741439,186.36434386820278,187.4095448290648,67777300,SPY
2016-07-22,187.6514129638672,187.7032387158457,186.66668413475563,186.93445930698235,62787500,SPY
2016-07-25,187.1417694091797,187.49592963513405,186.5543932904811,187.4441038811909,55873100,SPY
2016-07-26,187.2281494140625,187.59094286240816,186.37298495549334,187.03811286771378,70080500,SPY
2016-07-27,187.0294647216797,187.67731293788768,186.25203895392667,187.60820754649814,84083900,SPY
2016-07-28,187.24542236328125,187.5391104042257,186.36434505994163,186.83078999670596,65035700,SPY
2016-07-29,187.5477294921875,187.91052290020158,186.69257830919184,186.9776330970255,79519400,SPY
2016-08-01,187.39231872558594,188.0056078541245,186.93450689256085,187.6082682008057,73311400,SPY
2016-08-02,186.19158935546875,187.29724931239818,185.34507133418043,187.14175887881098,92295500,SPY
2016-08-03,186.7357635498047,186.79623570997205,185.82878659134002,186.13110785065967,53993600,SPY
2016-08-04,186.9344482421875,187.2540491474753,185.06864219835987,186.84806320699877,46585500,SPY
2016-08-05,188.46337890625,188.50657142804968,186.934466442497,186.934466442497,71892200,SPY
2016-08-08,188.35110473632812,188.75709073911594,188.08332953885272,188.6534260448777,39906500,SPY
2016-08-09,188.46337890625,188.9643831620106,188.13514473768814,188.42019956495744,51251700,SPY
2016-08-10,187.99691772460938,188.65339918561597,187.6427575291098,188.5756605613861,57941100,SPY
2016-08-11,188.86936950683594,189.11987823109834,188.26471372836926,188.53248891736825,72504300,SPY
2016-08-12,188.70521545410156,188.92116483803304,188.29922955787004,188.5583582741843,61313500,SPY
2016-08-15,189.24942016601562,189.60358035870865,189.06803004425004,189.07666327559406,49813500,SPY
2016-08-16,188.27334594726562,188.895268143582,188.27334594726562,188.82617592882966,53213600,SPY
2016-08-17,188.6274871826172,188.7656979688908,187.46136827226206,188.30788627230228,75134300,SPY
2016-08-18,189.05075073242188,189.08529683836437,188.4892875424412,188.60157227213378,52989300,SPY
2016-08-19,188.7743377685547,188.95574107941377,188.08331017415517,188.57566799419016,75443000,SPY
2016-08-22,188.76573181152344,188.99896090761106,188.16107598880401,188.5325027154358,61368800,SPY
2016-08-23,189.1458282470703,189.69002514479587,189.08535606709637,189.38769060594612,53399200,SPY
2016-08-24,188.17831420898438,189.09393756474884,187.75504863600594,188.99891930063146,71728900,SPY
2016-08-25,188.0487823486328,188.47204802444975,187.6341630865217,187.78964036712262,69224800,SPY
2016-08-26,187.69461059570312,189.27536208763644,186.7962667193434,188.23880740552664,122506300,SPY
2016-08-29,188.61888122558594,188.88665642489522,187.78962956854002,187.82418886035873,70502200,SPY
2016-08-30,188.3079071044922,188.81754460718713,187.74644384633777,188.53248977165248,58114500,SPY
2016-08-31,187.7723846435547,188.09198563674732,186.98632542085497,187.97105446252502,85269500,SPY
2016-09-01,187.7809600830078,188.07464810422803,186.60619481762157,187.76368044043446,97844200,SPY
2016-09-02,188.6274871826172,189.05938600434266,188.0487443431658,188.6447668260279,79293900,SPY
2016-09-06,189.19761657714844,189.27535520986757,188.18697481027735,188.9125617433375,56702100,SPY
2016-09-07,189.18031311035156,189.361716411028,188.56702417767156,189.03346909575907,76554900,SPY
2016-09-08,188.7484130859375,189.1198529161736,188.4374454157072,188.8434313512997,74102900,SPY
2016-09-09,184.23077392578125,187.4700153275809,184.2048610490074,187.41818957403322,221589100,SPY
2016-09-12,186.87399291992188,187.2799788969802,183.39288921234214,183.46199461061877,168110900,SPY
2016-09-13,184.18756103515625,185.84605086780567,183.55699246921532,185.5782757170844,182828800,SPY
2016-09-14,184.11846923828125,185.45735827124508,183.55700602147698,184.2394003856163,134185500,SPY
2016-09-15,185.95835876464844,186.3470650746573,183.77295174429196,183.95435505189943,134427900,SPY
2016-09-16,185.23948669433594,185.51730454048695,184.54496857312645,185.33498492306484,155236400,SPY
2016-09-19,185.2742156982422,186.55041324553451,184.94431032634566,185.89929258863367,80250500,SPY
2016-09-20,185.2829132080078,186.29865995643866,185.2481925978165,186.14239733995012,69665300,SPY
2016-09-21,187.3665008544922,187.5488072339384,185.3002735735373,185.99480497652996,110284400,SPY
2016-09-22,188.54718017578125,188.85104179327703,188.13915673518105,188.39091757049832,76678700,SPY
2016-09-23,187.5141143798828,188.28677720271813,187.4186161322476,188.14786825214205,73630900,SPY
2016-09-26,185.9947967529297,186.8542675693447,185.79511020720466,186.671961197959,89827300,SPY
2016-09-27,187.14947509765625,187.24496009145875,185.45655053217604,185.8298666545883,78494800,SPY
2016-09-28,188.07839965820312,188.23467552764157,186.40285527657616,187.37519136344423,87411000,SPY
2016-09-29,186.37680053710938,188.27807528148756,185.82117801680997,187.87003854424265,128070600,SPY
2016-09-30,187.783203125,188.4950881661973,186.96712976900312,187.21889059834407,117202900,SPY
2016-10-03,187.3317413330078,187.55745837804503,186.689297555018,187.36647518429533,83512100,SPY
2016-10-04,186.37680053710938,187.67036521976723,185.77778056368308,187.44464812458133,119948100,SPY
2016-10-05,187.20156860351562,187.63564912191393,186.94111764305944,187.0105721156535,72816000,SPY
2016-10-06,187.3317413330078,187.55745837804503,186.42885990577616,186.97579221626685,62927400,SPY
2016-10-07,186.6893768310547,187.78326841071342,185.9514477663762,187.60963882179428,89788300,SPY
2016-10-10,187.6616973876953,188.13049853007522,187.51411159755557,187.6616973876953,51855000,SPY
2016-10-11,185.29164123535156,187.29710476389025,184.5537121529397,187.22765027723582,130367400,SPY
2016-10-12,185.5347137451172,186.06429254381825,184.92699037995197,185.43052540552733,73866100,SPY
2016-10-13,184.92698669433594,185.43052170987576,183.3643073495899,184.18905772533626,101357000,SPY
2016-10-14,185.02247619628906,186.38549538467416,184.94434488216265,185.91668100574336,93346200,SPY
2016-10-17,184.3800506591797,185.25688856319357,184.19773100736987,184.9964375950738,58275700,SPY
2016-10-18,185.5347137451172,186.0556024547183,185.15272074315746,185.994838066454,76869700,SPY
2016-10-19,186.029541015625,186.34207951054083,185.43919788472056,185.80382392094137,66519200,SPY
2016-10-20,185.6822967529297,186.2465961582936,185.0138090095408,185.67360666396027,73639800,SPY
2016-10-21,185.7691192626953,185.85594067657482,184.70996159938733,185.6823110959037,89089100,SPY
2016-10-24,186.55905151367188,186.93236750159429,186.2031024488596,186.65454972015613,60146600,SPY
2016-10-25,185.93405151367188,186.63725984851396,185.7690987937289,186.37680888266115,66542300,SPY
2016-10-26,185.56072998046875,186.1510730798254,184.8575084691738,185.10060572741577,75705500,SPY
2016-10-27,185.0658721923828,186.32470294815388,184.98774088446467,186.28998233810754,77220200,SPY
2016-10-28,184.51895141601562,185.7256947958441,183.7983893719694,185.0398533665246,140623200,SPY
2016-10-31,184.52764892578125,185.08327151336127,184.3626961932503,184.85754114375578,61272500,SPY
2016-11-01,183.190673828125,184.90964238987618,181.966576712262,184.8575415949334,122781800,SPY
2016-11-02,182.08807373046875,183.26877309599467,181.64530318896894,182.87809008947502,103330800,SPY
2016-11-03,181.254638671875,182.52215946375054,180.97683406158455,182.30511923033302,88939300,SPY
2016-11-04,181.05496215820312,182.21829460940768,180.9073763917444,181.36750061866985,109122100,SPY
2016-11-07,185.04852294921875,185.0832568096698,181.05499005796295,181.05499005796295,109794900,SPY
2016-11-08,185.8819580078125,186.45494746489294,184.38004314039196,184.6491709392093,106772100,SPY
2016-11-09,187.85267639160156,188.4777533546396,184.34529862710093,184.37134239663706,258429000,SPY
2016-11-10,188.32147216796875,189.52821536168435,186.8456011985956,188.6513775688831,172113300,SPY
2016-11-11,187.8874053955078,188.1304894200947,186.93243622665517,187.59223382952166,100552700,SPY
2016-11-14,188.03501892089844,188.6253753870568,187.2797229650029,188.41701194363247,94580000,SPY
2016-11-15,189.502197265625,189.502197265625,188.21732259144122,188.42567277006813,91652600,SPY
2016-11-16,189.146240234375,189.38064742273397,188.75557041850075,188.87711243337466,65617700,SPY
2016-11-17,190.1185760498047,190.17934042936764,189.18963745105353,189.30250261649417,69797200,SPY
2016-11-18,189.69317626953125,190.36166394085492,189.51085663295737,190.18803439231363,86265800,SPY
2016-11-21,191.12562561035156,191.15166937878044,190.12724582835162,190.27483159847688,72402600,SPY
2016-11-22,191.4989776611328,191.6812840743671,190.76103542485683,191.43820002532993,67429000,SPY
2016-11-23,191.60313415527344,191.6552216968556,190.778383837022,190.97805716211565,56620200,SPY
2016-11-25,192.3150177001953,192.34973830954064,191.8722471367621,191.95039169018756,37872300,SPY
2016-11-28,191.41212463378906,192.28028559325466,191.30794955772038,192.00248097470984,76572500,SPY
2016-11-29,191.78546142578125,192.24558572417212,191.1430174775155,191.44687914494483,69886700,SPY
2016-11-30,191.32533264160156,192.57548664832856,191.26455501070612,192.41053393256792,113291800,SPY
2016-12-01,190.62213134765625,191.62918811499048,190.25749204302144,191.62918811499048,79040500,SPY
2016-12-02,190.71763610839844,191.21249432518613,190.3530100130702,190.70895926580297,74840300,SPY
2016-12-05,191.8636016845703,192.21086082317365,191.36006666063457,191.55974000297715,67837800,SPY
2016-12-06,192.4712371826172,192.50597103126395,191.5683558240291,192.054523728429,59877400,SPY
2016-12-07,194.989013671875,195.04977806827802,192.19353350720502,192.31507554709987,110738100,SPY
2016-12-08,195.46644592285156,195.94393712732946,194.69378315454577,194.9629241949502,99714400,SPY
2016-12-09,196.64715576171875,196.66452269199965,195.65745268909032,195.69218654965212,88005800,SPY
2016-12-12,196.42138671875,197.0377867334126,195.99598314541478,196.55160554370826,102016100,SPY
2016-12-13,197.7323760986328,198.23591114851865,197.0725784024484,197.08994533439972,110477500,SPY
2016-12-14,196.10018920898438,198.14035938486754,195.65741866986835,197.42847433216423,142501800,SPY
2016-12-15,196.90760803222656,197.77576909281365,196.1089014461368,196.34330864167953,124972600,SPY
2016-12-16,196.52252197265625,197.4307387706424,196.19941329990223,197.36960290003057,156420200,SPY
2016-12-19,196.9503936767578,197.37830470990104,196.55742122702014,196.70587689358035,90341100,SPY
2016-12-20,197.7101287841797,197.8585977665056,197.25603382997915,197.49180928979558,89838800,SPY
2016-12-21,197.15997314453125,197.7537957744574,197.15997314453125,197.57914284360643,67909000,SPY
2016-12-22,196.8194122314453,197.1337928641425,196.41769846321225,197.0115344694917,56219100,SPY
2016-12-23,197.1075897216797,197.11631770490723,196.67095070732805,196.86305961449077,36697800,SPY
2016-12-27,197.59664916992188,197.99834965365363,197.36086034023856,197.37832963414726,42672500,SPY
2016-12-28,195.96360778808594,197.87608903209463,195.85009069186714,197.85863306354824,64095000,SPY
2016-12-29,195.919921875,196.39148612529624,195.47454157315755,196.03343895229162,48696100,SPY
2016-12-30,195.20382690429688,196.33909094973242,194.50520185132387,196.2517578211741,108998300,SPY
2017-01-03,196.6971435546875,197.21237438198534,195.5094849293777,196.52247729274626,91366500,SPY
2017-01-04,197.8673553466797,198.0158110260475,197.02027451574787,197.0290024997696,78744400,SPY
2017-01-05,197.7101287841797,197.86732574922175,196.9067146438659,197.59661170821178,78379000,SPY
2017-01-06,198.41751098632812,198.88907526878833,197.27350555124787,197.82367498508935,71559900,SPY
2017-01-09,197.76254272460938,198.29524284025987,197.7276041423437,198.1555151615268,46939700,SPY
2017-01-10,197.76254272460938,198.6270794207948,197.36955696252707,197.77999869057737,63771900,SPY
2017-01-11,198.3214569091797,198.3214569091797,197.0027984828592,197.6752263341871,74650000,SPY
2017-01-12,197.82369995117188,198.015822211834,196.45266017299275,197.7975026724604,72113200,SPY
2017-01-13,198.2777862548828,198.58342558088643,197.9634056201702,197.99833087950907,62717900,SPY
2017-01-17,197.57916259765625,198.04199890700986,197.18619013266093,197.6315571496335,61240800,SPY
2017-01-18,198.01580810546875,198.05947467526616,197.2735163944115,197.83241384238613,54793300,SPY
2017-01-19,197.28225708007812,198.2341270028891,196.84561803381624,198.09439931004542,66608800,SPY
2017-01-20,198.00706481933594,198.50482636609325,197.3346370068874,197.9721262361316,129168600,SPY
2017-01-23,197.4917755126953,198.06814207733262,196.72330008500776,198.0070195584444,75061600,SPY
2017-01-24,198.75808715820312,199.17725688619683,197.5966257664266,197.7101428504708,95555300,SPY
2017-01-25,200.47850036621094,200.47850036621094,199.55281419982185,199.71873920441206,84437700,SPY
2017-01-26,200.2688446044922,200.60069450732777,199.98938924943803,200.3299671351823,59970700,SPY
2017-01-27,199.95443725585938,200.49586527742414,199.77104303798194,200.34740963683905,59711100,SPY
2017-01-30,198.71444702148438,199.2820724926994,197.71891045685823,199.2558752140382,79737300,SPY
2017-01-31,198.6969757080078,198.75811157437403,197.6403166122999,198.21667006215554,75880800,SPY
2017-02-01,198.77557373046875,199.6226546253842,198.18175096814355,198.6969818928376,79117700,SPY
2017-02-02,198.9065399169922,199.19472326488747,198.0769284564747,198.77554021785878,69657600,SPY
2017-02-03,200.27755737304688,200.46095160151495,199.50908185535573,199.82346244332695,80563200,SPY
2017-02-06,199.91957092285156,200.26889019619261,199.5789929595739,199.86717636314233,57790100,SPY
2017-02-07,199.9282684326172,200.55702966171427,199.7361462056617,200.31251288652817,57931200,SPY
2017-02-08,200.19027709960938,200.32126348497374,199.3781215348512,199.9282910037143,51566200,SPY
2017-02-09,201.37791442871094,201.68355373710082,200.19025580214773,200.19025580214773,65955200,SPY
2017-02-10,202.17254638671875,202.39960715147666,201.39532964810172,201.72717948880188,66015900,SPY
2017-02-13,203.27296447753906,203.53495059501037,202.64420312567495,202.6704004049053,55182100,SPY
2017-02-14,204.08505249023438,204.09379379776396,202.7402103219025,203.08951616882499,71109000,SPY
2017-02-15,205.15049743652344,205.34261969182597,203.81438295884368,203.86677751480497,86785800,SPY
2017-02-16,204.975830078125,205.36007456174207,204.216082419715,205.17668030359178,84722400,SPY
2017-02-17,205.29898071289062,205.29898071289062,204.2859747442658,204.3034440403231,77204100,SPY
2017-02-21,206.5215301513672,206.69618309575037,205.66570807110813,205.67444937968486,88946100,SPY
2017-02-22,206.338134765625,206.56518225956012,205.94516231162882,206.11108727168985,62115200,SPY
2017-02-23,206.47787475585938,206.87957521715896,205.7093857687941,206.862119249392,74615900,SPY
2017-02-24,206.7398223876953,206.78347562415777,205.57836113929008,205.62202770091628,82381600,SPY
2017-02-27,207.06298828125,207.23764125094152,206.3993016663552,206.6525464736328,56515400,SPY
2017-02-28,206.50405883789062,206.92322856534014,206.1110863855839,206.67871178056413,96961900,SPY
2017-03-01,209.39459228515625,209.86616985488715,208.16326713939324,208.18073642998147,149158200,SPY
2017-03-02,208.07595825195312,209.21122234678083,208.0235637026044,209.20248103844594,70246000,SPY
2017-03-03,208.2069549560547,208.3728799206685,207.60439095831637,207.98863543949244,81974300,SPY
2017-03-06,207.58689880371094,207.94493262133307,206.97559360376925,207.40350457869573,55391500,SPY
2017-03-07,206.96690368652344,207.63933153503245,206.7573121515533,207.28128432639568,65103700,SPY
2017-03-08,206.58270263671875,207.52584475463587,206.4429749173602,207.26385861213078,78168800,SPY
2017-03-09,206.8446502685547,207.1765002089547,205.8665830654804,206.70492257521087,90683900,SPY
2017-03-10,207.56948852539062,207.85767191796452,206.60887721681095,207.81400534481688,81991700,SPY
2017-03-13,207.67420959472656,207.71787615356655,207.17644813440694,207.50828466623238,57256800,SPY
2017-03-14,206.8795623779297,207.17648703870134,206.25954243152643,207.12407916315428,59880800,SPY
2017-03-15,208.6697540283203,209.09766500148186,207.22010949899436,207.4558982658518,96081800,SPY
2017-03-16,208.25930786132812,208.88806900930405,207.9274713236253,208.80947719709786,78344000,SPY
2017-03-17,207.89361572265625,208.7180704639906,207.89361572265625,208.52511240184273,89002100,SPY
2017-03-20,207.66558837890625,208.18306075479245,207.27090628514793,207.89362365053313,52537000,SPY
2017-03-21,204.9992218017578,208.40228514879516,204.8676655932421,208.27949489313576,131809300,SPY
2017-03-22,205.48162841796875,205.7710654761015,204.40282729811744,205.03432390074622,97569200,SPY
2017-03-23,205.26239013671875,206.41135920629432,204.8852533387334,205.48165945177172,100410300,SPY
2017-03-24,205.11325073242188,206.14819528445412,204.3238866972493,205.5693345707903,112504900,SPY
2017-03-27,204.90277099609375,205.16589683248299,203.139850643617,203.42050838813248,87454500,SPY
2017-03-28,206.39382934570312,206.82358864226526,204.4817939402305,204.5958182677937,93483900,SPY
2017-03-29,206.5867462158203,206.82356079381987,205.87631586495687,206.1043644893769,61950400,SPY
2017-03-30,207.2445831298828,207.446320538708,206.34997394649892,206.52538672462495,56737900,SPY
2017-03-31,206.76219177246094,207.43753160616654,206.7095558966343,206.90251395858917,73733100,SPY
2017-04-03,206.40260314941406,207.01655458437628,205.15715498616575,206.81483055213246,85546500,SPY
2017-04-04,206.53416442871094,206.6218775143323,205.7272548969182,206.11317106063166,56466200,SPY
2017-04-05,205.92018127441406,208.20935327204728,205.70967793121548,207.21825176629906,108800600,SPY
2017-04-06,206.49900817871094,207.02524634158718,205.61315185570024,206.06046968474772,69135800,SPY
2017-04-07,206.28855895996094,206.99022341086228,205.79739785927086,206.24470242244155,74412300,SPY
2017-04-10,206.41136169433594,207.21827117748072,205.87634402383227,206.42890698703002,67615300,SPY
2017-04-11,206.16578674316406,206.27103173592013,204.65721272568553,206.02545116406432,88045300,SPY
2017-04-12,205.26239013671875,206.07807894794692,205.03435486699297,205.88512088004939,81864400,SPY
2017-04-13,203.92916870117188,205.66579079914888,203.92916870117188,204.92026999498506,92880400,SPY
2017-04-17,205.7360076904297,205.7360076904297,204.25374506338622,204.45546907452265,68405400,SPY
2017-04-18,205.1220245361328,205.66582145839297,204.4291394905744,204.9904683196138,83225800,SPY
2017-04-19,204.74493408203125,206.06931603256672,204.51688541099452,205.6921792045259,68699900,SPY
2017-04-20,206.41136169433594,206.8586796676435,205.04312329321496,205.36763760080115,92572200,SPY
2017-04-21,205.7535400390625,206.3850367026233,205.35009201592632,206.3324142111826,110389800,SPY
2017-04-24,208.016357421875,208.22686072682367,205.72718584020026,208.0251233742395,119209900,SPY
2017-04-25,209.22679138183594,209.57761694655238,208.57774936565932,208.66546244840714,76698300,SPY
2017-04-26,209.09523010253906,210.08633176796639,209.05138694255282,209.1917091441571,84702500,SPY
2017-04-27,209.27061462402344,209.577583598521,208.72681768716336,209.41971613445972,57410300,SPY
2017-04-28,208.8145751953125,209.56008290615094,208.68300556412584,209.53377165654123,63532800,SPY
2017-05-01,209.3407440185547,209.7705165912876,208.91975078153357,209.3407440185547,66882500,SPY
2017-05-02,209.41970825195312,209.60388695309217,209.00748093379556,209.4810966912879,57375700,SPY
2017-05-03,209.16534423828125,209.51618311013706,208.48122516708057,209.41970409326854,73137700,SPY
2017-05-04,209.41094970703125,209.5512852724937,208.551417789062,209.4723515355971,61462700,SPY
2017-05-05,210.2353973388672,210.25294262974262,209.340774868119,209.78809279506095,62001300,SPY
2017-05-08,210.20034790039062,210.4283831793442,209.77057520756614,210.279281645051,48385700,SPY
2017-05-09,210.00738525390625,210.66519321136724,209.65654631337813,210.46346918502428,51363200,SPY
2017-05-10,210.3844757080078,210.3844757080078,209.7529791373227,209.96348245526247,54293800,SPY
2017-05-11,209.95472717285156,210.1213739684649,208.85838076290582,209.92841592966366,62358300,SPY
2017-05-12,209.6038818359375,209.99856385473467,209.33199007594686,209.70036085236654,53912700,SPY
2017-05-15,210.76165771484375,210.88444798977778,210.01613672787107,210.033682019472,61918900,SPY
2017-05-16,210.56869506835938,211.08616740265302,210.17401300632415,211.05985615739309,51241800,SPY
2017-05-17,206.8323211669922,210.5686646689925,206.77091934815945,210.5686646689925,172174100,SPY
2017-05-18,207.66558837890625,208.5251203538013,206.49029466924014,206.7534205261247,107047700,SPY
2017-05-19,209.01626586914062,209.69161906196462,208.10411146763252,208.1567339584512,115011400,SPY
2017-05-22,210.07754516601562,210.24419198362662,209.4635937720304,209.53374817436872,61010600,SPY
2017-05-23,210.54238891601562,210.70903572878373,210.06875972360774,210.45467584093677,48341700,SPY
2017-05-24,211.03353881835938,211.13878379636014,210.43711938237203,210.77919232714564,46927700,SPY
2017-05-25,212.04222106933594,212.322892252855,211.34056987681552,211.55105988131618,64071700,SPY
2017-05-26,211.99835205078125,212.16498548964128,211.77030339620129,211.84923713826188,46629900,SPY
2017-05-30,211.81410217285156,212.06844862228584,211.51589919540908,211.67376663647863,35201900,SPY
2017-05-31,211.7615203857422,212.14743649336083,211.05985595217516,212.1123459109577,91796000,SPY
2017-06-01,213.4455108642578,213.4630561557773,211.9369369888495,212.22637407480838,68962000,SPY
2017-06-02,214.1558837890625,214.31376460409317,213.19987309643722,213.4980760565553,88666100,SPY
2017-06-05,213.9980926513672,214.26998446976995,213.79635523895314,213.98054735830132,44698800,SPY
2017-06-06,213.31396484375,213.98930469350262,213.23501771970237,213.42797578624223,50375400,SPY
2017-06-07,213.70863342285156,213.93666867655864,212.98065774203718,213.6560109322373,54144300,SPY
2017-06-08,213.81390380859375,214.29629900176727,213.2788861185536,213.80513785349515,65950700,SPY
2017-06-09,213.48939514160156,214.89271083337132,212.20885635701296,214.08580129939767,132256400,SPY
2017-06-12,213.4455108642578,213.49813335568012,212.58597894370905,213.24378685276022,86108100,SPY
2017-06-13,214.4892120361328,214.5418345219487,213.63844616041672,213.98927165461245,60067000,SPY
2017-06-14,214.21734619140625,214.7698957424674,213.38411212138257,214.76112978814896,78602300,SPY
2017-06-15,213.8050994873047,213.92788975233864,212.5684175003043,212.84907522760972,66464900,SPY
2017-06-16,213.85186767578125,214.0193271921837,212.96170442086674,213.96644807087833,84553100,SPY
2017-06-19,215.6321563720703,215.6938441827939,214.5921512561587,214.6891007716386,65123800,SPY
2017-06-20,214.1779327392578,215.27962576413682,214.16031533370858,215.27081706136224,56906400,SPY
2017-06-21,214.12501525878906,214.68908144852145,213.64908987461436,214.57451453937497,55977600,SPY
2017-06-22,214.0280303955078,214.63616688755744,213.85176226190995,214.13380203438376,44148100,SPY
2017-06-23,214.28367614746094,214.6185816379325,213.70197907944274,214.08977712478818,66986800,SPY
2017-06-26,214.42466735839844,215.3853537017942,214.21315094755042,214.96229398330127,56700500,SPY
2017-06-27,212.697265625,214.5040448912474,212.67963477089577,214.20437416508054,82247700,SPY
2017-06-28,214.6009521484375,214.8036598613064,213.4904371814195,213.72840659555175,70042600,SPY
2017-06-29,212.71487426757812,214.80367973937533,211.48979227908103,214.7508006309855,106949700,SPY
2017-06-30,213.11146545410156,213.9135010684651,212.91756643857633,213.53451173870255,86820700,SPY
2017-07-03,213.47283935546875,214.504022313407,213.47283935546875,214.06334514599408,39153800,SPY
2017-07-05,213.96636962890625,214.17788603658394,213.02331415001572,213.84298057496153,54427600,SPY
2017-07-06,212.0098114013672,213.31421219575367,211.82472105326843,213.19082311315498,65400800,SPY
2017-07-07,213.38473510742188,213.53456375620834,212.01863296467175,212.59152144951648,57972300,SPY
2017-07-10,213.61386108398438,213.99285046819386,213.07623436340876,213.38471378198855,36663300,SPY
2017-07-11,213.4552001953125,213.7724882814366,212.27418866022805,213.61383751417486,50354600,SPY
2017-07-12,215.05926513671875,215.22672461109642,214.43351109377042,214.43351109377042,59610400,SPY
2017-07-13,215.420654296875,215.53523467952397,214.8389571289057,215.06811789420362,39471600,SPY
2017-07-14,216.42538452148438,216.78674305344992,215.32369152041932,215.4206410424491,60262700,SPY
2017-07-17,216.39894104003906,216.73386000977598,216.2226728527462,216.34606192869128,33531900,SPY
2017-07-18,216.51351928710938,216.56639839793783,215.64097361323832,215.9847012820238,42742500,SPY
2017-07-19,217.6857452392578,217.69455394252716,216.82200817639355,216.83083032806482,51034300,SPY
2017-07-20,217.78268432617188,218.06471074968866,217.22742673358394,217.9413216678248,47135200,SPY
2017-07-21,217.58876037597656,217.61519992989304,216.9718015888594,217.20096232066854,82340800,SPY
2017-07-24,217.53587341308594,217.6768798794156,217.05993456297563,217.5094204117249,46622300,SPY
2017-07-25,218.06471252441406,218.39963151294222,217.83556521291666,218.29385983591146,54915600,SPY
2017-07-26,218.07351684570312,218.3908049736175,217.8091212794421,218.35555671424973,47575400,SPY
2017-07-27,217.87075805664062,218.5758441144313,216.53109589167815,218.54059586332085,70766600,SPY
2017-07-28,217.61517333984375,217.7473710932731,216.92771812521485,217.38601263603536,50088400,SPY
2017-07-31,217.49180603027344,218.11756005692777,217.28027615524127,218.02061054525464,65838700,SPY
2017-08-01,217.9765167236328,218.13515401677802,217.4476988496878,218.09990576776704,55050400,SPY
2017-08-02,218.08230590820312,218.22332582108012,217.13925037028724,218.1087454608177,47211200,SPY
2017-08-03,217.6592559814453,217.9941614584339,217.3772161604035,217.9677219062611,40856000,SPY
2017-08-04,218.055908203125,218.39081374998136,217.6681100924897,218.1528577307838,60191800,SPY
2017-08-07,218.4613037109375,218.4613037109375,218.0206265252869,218.12639819475532,31995000,SPY
2017-08-08,217.9236297607422,219.37787222715016,217.5446539184767,218.14396830579818,61719400,SPY
2017-08-09,217.9148406982422,217.96771980207734,216.86602697751596,217.2273854515878,62632600,SPY
2017-08-10,214.8389129638672,217.20094941108033,214.78603385917717,217.06873820095632,120479500,SPY
2017-08-11,215.15623474121094,215.755562734504,214.8301379122786,215.0681073690568,74869900,SPY
2017-08-14,217.28907775878906,217.5094163282667,216.4165456306329,216.45179388445376,73291900,SPY
2017-08-15,217.2626495361328,217.69451799625372,216.95418359181764,217.6768871442244,55242700,SPY
2017-08-16,217.6416473388672,218.19690488795294,217.20977886197824,217.79147596593472,56715500,SPY
2017-08-17,214.24842834472656,217.34199075818972,214.24842834472656,217.02470265035763,128490400,SPY
2017-08-18,213.91351318359375,215.21791381322177,213.46401387287352,214.08095920794085,136748000,SPY
2017-08-21,214.08094787597656,214.34535684798075,213.13790579552025,213.85180060605236,65469700,SPY
2017-08-22,216.3196563720703,216.47829373104682,214.6538968608033,214.67152771682382,63140100,SPY
2017-08-23,215.5439910888672,215.97585950850416,215.19145477172574,215.3412833789308,50203800,SPY
2017-08-24,215.04168701171875,216.09048755891777,214.83015709254127,215.93185020583635,50741700,SPY
2017-08-25,215.5439910888672,216.46941573186157,215.39416248166216,215.8436483032773,64445900,SPY
2017-08-28,215.55287170410156,216.10811588178203,215.12981187070434,216.08167632324495,40565600,SPY
2017-08-29,215.79962158203125,216.0640171327282,214.10740936716888,214.2219897380711,51135700,SPY
2017-08-30,216.82200622558594,217.09523740530014,215.59692406207432,215.78201441628048,62030800,SPY
2017-08-31,218.12640380859375,218.3731819630373,216.85725132951228,217.44775715967364,103803900,SPY
2017-09-01,218.43487548828125,218.86674399404876,218.28504685119486,218.50538545545152,62007000,SPY
2017-09-05,216.86605834960938,218.15284167214006,215.88775444194033,217.92368092450545,91398800,SPY
2017-09-06,217.6063690185547,217.9412879525455,217.01586325752825,217.55348991285072,57916900,SPY
2017-09-07,217.57992553710938,217.9324753161023,217.165687952042,217.91484446505294,58034700,SPY
2017-09-08,217.32432556152344,217.7914422230686,217.07754745536366,217.28906386155882,63832800,SPY
2017-09-11,219.64231872558594,219.72163738775265,218.5935049200485,218.61112232381902,71364800,SPY
2017-09-12,220.38265991210938,220.417908169134,219.8274023630699,220.01249269554978,56896000,SPY
2017-09-13,220.48838806152344,220.5236497621393,219.97720098978024,220.09178134418428,59228000,SPY
2017-09-14,220.41790771484375,220.62062889961828,219.9860526872811,220.1623208688414,95446300,SPY
2017-09-15,220.71463012695312,220.80319484501436,220.16548292349447,220.2717659912243,95432400,SPY
2017-09-18,221.18406677246094,221.53835267777927,220.79434416752616,221.08663612122723,46235200,SPY
2017-09-19,221.40550231933594,221.49408055462717,221.07778717601252,221.4320730868951,47108100,SPY
2017-09-20,221.4851837158203,221.6003327026027,220.4754541440481,221.494049647197,59574100,SPY
2017-09-21,220.89178466796875,221.4143611319135,220.71464170741103,221.32579640920542,48211400,SPY
2017-09-22,220.93605041503906,221.1043409400657,220.5640461826781,220.59061694819388,51214000,SPY
2017-09-25,220.48431396484375,221.03347463820757,219.7314531052043,220.6791752497245,57064400,SPY
2017-09-26,220.6171875,221.16633467364753,220.3780370954496,220.9183318523138,54082000,SPY
2017-09-27,221.47637939453125,221.8661020358353,220.43121290056663,221.32580719496238,81001400,SPY
2017-09-28,221.74208068847656,221.8217929901809,221.10435524455968,221.19291996362864,44778800,SPY
2017-09-29,222.52149963378906,222.60122544606557,221.54720668901885,221.73320204900344,85578000,SPY
2017-10-02,223.4869842529297,223.4869842529297,222.57467161648378,222.75182809898874,59023000,SPY
2017-10-03,223.9652862548828,223.99185702596682,223.40727303183252,223.48699886022754,66810200,SPY
2017-10-04,224.23095703125,224.4789598489981,223.6995146988527,223.81466369107144,55953600,SPY
2017-10-05,225.55958557128906,225.57729040744303,224.26641622951786,224.56756062584057,63522800,SPY
2017-10-06,225.30270385742188,225.5949958189021,224.84213487127846,225.10784254976838,80646000,SPY
2017-10-09,224.9307098388672,225.59500609563594,224.66498863313132,225.53301213954467,35803100,SPY
2017-10-10,225.5241241455078,225.90499432333874,224.95725860245534,225.50641931129476,43057400,SPY
2017-10-11,225.87844848632812,225.87844848632812,225.2584413419271,225.42671837636715,47674300,SPY
2017-10-12,225.54185485839844,225.91385912437437,225.3027044320063,225.5595732087234,47065100,SPY
2017-10-13,225.81643676757812,226.09987632262656,225.54186314558865,225.9847273139954,54800400,SPY
2017-10-16,226.11756896972656,226.312430274533,225.70128910779403,226.04672259992523,38221700,SPY
2017-10-17,226.27703857421875,226.3213276978629,225.84302678673504,226.06445888981273,31561000,SPY
2017-10-18,226.49842834472656,226.70214205724386,226.30356704922636,226.65785294187737,40888300,SPY
2017-10-19,226.56044006347656,226.5958767646053,225.28500264081487,225.71014844836876,61903800,SPY
2017-10-20,227.72959899902344,227.7561967981179,226.5427397901412,227.36647416870304,89176400,SPY
2017-10-23,226.84388732910156,228.08392871212547,226.76417501681328,228.0573579413627,63915300,SPY
2017-10-24,227.24244689941406,227.48158380573847,226.87929505851113,227.27788359933396,66935900,SPY
2017-10-25,226.11756896972656,227.0210156088163,224.97498542348984,226.9058666063922,103715300,SPY
2017-10-26,226.40989685058594,227.01218569544804,226.28589541104708,226.7376255598369,69798000,SPY
2017-10-27,228.26104736328125,228.42049901059178,226.41874427364854,227.16275285005509,85562500,SPY
2017-10-30,227.41079711914062,228.1636717659045,227.10965266649293,227.16279421517845,54285700,SPY
2017-10-31,227.7650146484375,228.02188341005564,227.46387028632157,227.7915854147924,60304800,SPY
2017-11-01,228.066162109375,228.89874884018278,227.694171375352,228.5533288728757,54202700,SPY
2017-11-02,228.15476989746094,228.2964896817317,226.9147555729479,227.9953452765132,56449500,SPY
2017-11-03,228.91647338867188,228.9607489883562,227.89786429312585,228.31415764522498,59589700,SPY
2017-11-06,229.2707977294922,229.4036515811076,228.71278452242223,228.7836308998554,49652600,SPY
2017-11-07,229.11134338378906,229.71363211983115,228.59760585047897,229.37705105254832,57502200,SPY
2017-11-08,229.5010223388672,229.5984664972118,228.65073083011626,228.93417034312648,50469600,SPY
2017-11-09,228.66848754882812,228.8633488564182,227.06529445485174,228.27876493364795,95085500,SPY
2017-11-10,228.59762573242188,228.77478221385707,227.95990024165275,228.2787765021793,59984700,SPY
2017-11-13,228.81021118164062,229.0405092208708,227.87134121748332,227.90677792281556,50228600,SPY
2017-11-14,228.2787628173828,228.3850458877589,227.2070121204317,227.99532327619167,61315200,SPY
2017-11-15,227.1361846923828,227.82705173772487,226.41874687723083,227.2956093112422,80811500,SPY
2017-11-16,229.06703186035156,229.43904961245542,228.04844979593761,228.09272539558492,67777000,SPY
2017-11-17,228.39389038085938,229.04048178185138,228.31417807612607,228.71276663007566,75756800,SPY
2017-11-20,228.7836456298828,228.97850696822647,228.39392295319553,228.64195286589373,48075500,SPY
2017-11-21,230.28048706054688,230.46650946130583,228.74819443424286,229.56304931556804,69176800,SPY
2017-11-22,230.07679748535156,230.42221747505357,229.9085069418126,230.2893636328605,45033400,SPY
2017-11-24,230.6082000732422,230.71451017138793,230.43107063689612,230.572790404142,27856500,SPY
2017-11-27,230.49310302734375,230.9536720479847,230.28937577172013,230.65252764637893,52274900,SPY
2017-11-28,232.83143615722656,232.8580069298381,230.8651178931102,230.96256207954417,98971700,SPY
2017-11-29,232.6896209716797,233.50450271486216,232.2379180224535,232.9641945195368,77512100,SPY
2017-11-30,234.72683715820312,235.64797501744218,233.53996462280412,233.61967691656832,127894400,SPY
2017-12-01,234.23963928222656,234.9925135524695,230.9624616209864,234.5053739230465,164390900,SPY
2017-12-04,233.956298828125,236.31231244728463,233.90313025938073,235.87831420643164,94040600,SPY
2017-12-05,233.11480712890625,234.85082683249115,232.98195330495733,233.11480712890625,77994500,SPY
2017-12-06,233.15907287597656,233.59309805624517,232.68963803100397,233.21221440331092,75898600,SPY
2017-12-07,233.89425659179688,234.21310577516616,232.89337938242102,233.89425659179688,77218600,SPY
2017-12-08,235.16978454589844,235.17862345037207,233.85889662461975,234.85977416238717,76563900,SPY
2017-12-11,235.87831115722656,235.94031862805656,235.14316853117433,235.87831115722656,83077500,SPY
2017-12-12,236.29457092285156,236.77287172501383,235.91371427959265,236.67542756611047,85195800,SPY
2017-12-13,236.2679901123047,236.98542776990476,236.17941188896222,236.5425636834712,102905400,SPY
2017-12-14,235.30258178710938,236.6843157630886,235.24944025190112,236.56916676004326,100666700,SPY
2017-12-15,237.2620391845703,237.73387358678244,236.26495721525006,236.3183703801461,144610300,SPY
2017-12-18,238.76654052734375,239.12263730045615,238.57068322686558,238.6775095419551,83653600,SPY
2017-12-19,237.84963989257812,239.06037466770593,237.77840421848276,239.0158727477333,82382900,SPY
2017-12-20,237.7249755859375,238.88229711444836,237.42229191184154,238.82888394657542,76751500,SPY
2017-12-21,238.214599609375,238.93573169518413,237.96532910915656,238.35704377642082,67032300,SPY
2017-12-22,238.15231323242188,238.26805082145802,237.60924312274037,238.23243298595887,78720900,SPY
2017-12-26,237.86741638183594,238.089980300965,237.60035054625996,237.74276754626905,45244400,SPY
2017-12-27,237.98312377929688,238.348131820582,237.70714672805948,238.03653693963676,57751000,SPY
2017-12-28,238.47279357910156,238.51732266583636,238.09890139383972,238.4906160811748,45116100,SPY
2017-12-29,237.5736083984375,239.07814261205561,237.37777823823382,239.06034727979514,96007400,SPY
2018-01-02,239.2740478515625,239.30966569166154,238.05440172057405,238.44611645630852,86655700,SPY
2018-01-03,240.78744506835938,240.93880048192358,239.44315035230164,239.44315035230164,90070400,SPY
2018-01-04,241.80235290527344,242.29200987226258,240.84979989414282,241.43737195346006,80636400,SPY
2018-01-05,243.41372680664062,243.53834847774326,242.10504983359883,242.6035908549054,83524000,SPY
2018-01-08,243.8588409423828,244.01908043983636,243.02199845330773,243.31577086530595,57319200,SPY
2018-01-09,244.41079711914062,245.0428710321675,244.00125995322756,244.28614828557227,57254000,SPY
2018-01-10,244.03689575195312,244.3039887713562,242.96860517968702,243.64518105825425,69574300,SPY
2018-01-11,245.81735229492188,245.81735229492188,244.42855584330195,244.59770656726974,62361500,SPY
2018-01-12,247.4198760986328,247.5889996866611,245.78178170239525,246.08449254863,90816100,SPY
2018-01-16,246.57415771484375,249.3517515506538,245.87084800370857,248.6929709319801,106555100,SPY
2018-01-17,248.92430114746094,249.31601569975962,246.57404100210778,247.5177095594349,113258800,SPY
2018-01-18,248.50599670410156,249.23598575230417,248.00742850195167,248.8086803911024,100728000,SPY
2018-01-19,249.63661193847656,249.63661193847656,248.50599694460436,249.09354181682545,140920100,SPY
2018-01-22,251.6663818359375,251.6663818359375,249.3695069536698,249.42294728975625,91322400,SPY
2018-01-23,252.2005615234375,252.49433396973043,251.38151427120474,251.71090455501638,97084700,SPY
2018-01-24,252.10255432128906,253.45576011392114,250.9096151719821,252.85036570584975,134816100,SPY
2018-01-25,252.20944213867188,253.07299129959222,251.40821740043992,252.9750762083241,84587300,SPY
2018-01-26,255.12948608398438,255.17401517346215,252.79702031836806,253.05520209829925,107743100,SPY
2018-01-29,253.43798828125,254.9959357693171,253.2777487743335,254.55080791558365,90118300,SPY
2018-01-30,250.83843994140625,253.49138438323425,250.35769428457616,251.58625142511627,131796400,SPY
2018-01-31,250.96304321289062,252.20939559440293,249.87693031576325,251.70197056051725,108364800,SPY
2018-02-01,250.67820739746094,251.99579571578434,249.87698263931762,250.22419542996803,90102500,SPY
2018-02-02,245.22091674804688,249.47633744424465,245.18529891675732,249.34277736902,173174800,SPY
2018-02-05,234.9651641845703,245.57702335121854,234.41321003556783,243.4404152521832,294681800,SPY
2018-02-06,239.59446716308594,240.10191931872615,230.30910881459252,231.4130169411571,355026800,SPY
2018-02-07,238.29469299316406,242.46996614170786,238.21454609284322,239.03359307724045,167376100,SPY
2018-02-08,229.35658264160156,238.73988542101256,229.32096480607842,238.5974412473681,246449500,SPY
2018-02-09,232.80186462402344,234.68029110269694,225.1634691182985,232.17867476912303,283565300,SPY
2018-02-12,236.22042846679688,237.70716734103115,232.94429422911963,234.87613375530242,143736000,SPY
2018-02-13,236.80801391601562,237.35996809774045,234.41322393263727,235.00079594918395,81223600,SPY
2018-02-14,240.00401306152344,240.36902113160346,235.29455315144682,235.3034644016877,120735700,SPY
2018-02-15,243.0664825439453,243.07539379374364,239.27398503831282,241.76671699028205,111200300,SPY
2018-02-16,243.13771057128906,245.10519514367547,242.38989907615058,242.43442816027527,160420100,SPY
2018-02-20,241.61541748046875,243.63631552419156,240.81419269815765,242.17628297862177,86369700,SPY
2018-02-21,240.41351318359375,244.5710187771023,240.31559810874418,242.06049147228845,98883700,SPY
2018-02-22,240.72511291503906,243.08428486161674,240.04853712203365,241.34830271305367,110511300,SPY
2018-02-23,244.5620574951172,244.5620574951172,241.48178136578028,241.96252689713685,92766400,SPY
2018-02-26,247.40211486816406,247.50005714701345,245.05185336568886,245.648309618077,86491400,SPY
2018-02-27,244.31283569335938,248.31010177763787,244.25051128146683,247.58896975285006,99099200,SPY
2018-02-28,241.8379669189453,245.87973559543175,241.5174878926301,245.42569647303606,121907800,SPY
2018-03-01,238.32142639160156,243.19112543469905,236.80798105881055,241.62426694131017,176855100,SPY
2018-03-02,239.54995727539062,240.1197338821233,235.7574870145464,236.6299200869954,139083200,SPY
2018-03-05,242.31871032714844,242.94190020811251,238.2413238525069,238.34817736204704,97307400,SPY
2018-03-06,242.9329833984375,243.3870225061355,241.41953781840968,243.30687558370198,79213200,SPY
2018-03-07,242.84390258789062,243.19999936649717,240.54705527270215,240.74291257620217,87063500,SPY
2018-03-08,244.01902770996094,244.14364934712438,242.5234050533559,243.5293709045115,66901200,SPY
2018-03-09,248.26565551757812,248.26565551757812,245.12305331489182,245.44355956265565,113625300,SPY
2018-03-12,247.95399475097656,249.1914631497906,247.56228009008913,248.5593892431776,71924800,SPY
2018-03-13,246.35153198242188,249.63657733674845,245.7372534417953,249.12912512171866,91968900,SPY
2018-03-14,245.08741760253906,247.5089145317696,244.52657925463762,247.32196841580247,105895100,SPY
2018-03-15,244.82020568847656,246.2535036700219,244.31275365080685,245.60363469362937,83433000,SPY
2018-03-16,245.08578491210938,246.1494343264616,245.03215782207974,245.35392036225767,100343700,SPY
2018-03-19,241.7696990966797,245.26454342728132,240.0982577379701,244.32604203378693,109208400,SPY
2018-03-20,242.18092346191406,242.82447597222122,241.49266351446906,242.17197651903354,59757300,SPY
2018-03-21,241.7160186767578,244.2544671715389,241.5015103546577,242.13611565903958,78709600,SPY
2018-03-22,235.6738739013672,240.32172828965346,235.39676420360612,239.4636674802756,148785900,SPY
2018-03-23,230.6505126953125,236.45142989993636,230.45387097181248,236.12072047342582,183534800,SPY
2018-03-26,236.9608917236328,237.24692101371937,231.86612797058118,234.29732238180813,141956100,SPY
2018-03-27,232.92984008789062,238.44470232483488,231.35670584514887,237.90843135777453,129941400,SPY
2018-03-28,232.24156188964844,234.75322468104997,231.12428533434476,233.0638894363462,146452300,SPY
2018-03-29,235.2090301513672,237.09500696191495,232.25048432724498,233.3945743080784,111601600,SPY
2018-04-02,230.1321563720703,235.191187877331,227.6294541656216,234.67275628147306,186286300,SPY
2018-04-03,233.08175659179688,233.5644277024605,229.56904564016983,231.3835016791771,119956900,SPY
2018-04-04,235.57554626464844,236.29059241383413,229.3545574794941,229.48862522280865,123715300,SPY
2018-04-05,237.43472290039062,238.32854427445815,236.25487214007816,237.35425497273255,82652600,SPY
2018-04-06,232.1432342529297,236.9609161520083,230.6058607567941,235.45038347701143,179521200,SPY
2018-04-09,233.28733825683594,236.7196084659643,232.3398899464793,233.61804774364322,105442900,SPY
2018-04-10,236.99667358398438,237.79218750431676,235.05709695460718,236.21010660391627,103529000,SPY
2018-04-11,235.7542724609375,237.43466056739956,235.42356300371483,235.49505669287524,91140200,SPY
2018-04-12,237.69384765625,238.6502428163251,236.91622763390612,237.09500277163735,68890500,SPY
2018-04-13,236.99667358398438,239.13291923563548,235.97773165235574,239.01671812122675,85079200,SPY
2018-04-16,238.94520568847656,239.7228530333139,237.81900954247712,238.65025669904426,63405300,SPY
2018-04-17,241.50157165527344,242.1093635736693,240.21446684145835,240.7328711772053,64682000,SPY
2018-04-18,241.68032836914062,242.49368166054583,241.2155238857566,241.9484638193557,57303900,SPY
2018-04-19,240.33956909179688,241.2244432536205,239.2937864009783,241.01885458044958,77655900,SPY
2018-04-20,238.30162048339844,240.49149299837487,237.40779942051077,240.26803773265294,99953100,SPY
2018-04-23,238.26588439941406,239.44573473470012,237.17542162478674,238.88262310752933,65558000,SPY
2018-04-24,235.05712890625,239.5262352848042,233.53762182663735,239.30277996587648,112885500,SPY
2018-04-25,235.63809204101562,236.0850026499688,233.1532701463263,234.99453967303268,103840900,SPY
2018-04-26,238.03350830078125,238.8737023640552,236.22799939739295,236.67490997244263,67731900,SPY
2018-04-27,238.25692749023438,238.95410679059268,237.30947939685652,238.65021091887266,57053600,SPY
2018-04-30,236.42471313476562,239.44583390641856,236.35319214571516,238.8827220460227,82182300,SPY
2018-05-01,236.84475708007812,236.95201126229088,234.2794672616143,235.8526013400921,74203400,SPY
2018-05-02,235.25376892089844,237.4704282106584,234.86048538034223,236.6481279184121,86368900,SPY
2018-05-03,234.7353057861328,235.39672470767096,231.54435773765962,234.4135432655759,136311500,SPY
2018-05-04,237.77435302734375,238.46261294548088,233.42144728319658,233.75215682851578,91222100,SPY
2018-05-07,238.5787353515625,239.56191672054447,237.85471517963686,238.55192181017674,55304900,SPY
2018-05-08,238.5787353515625,238.94517799141667,236.99665457803698,238.2033184949068,67499200,SPY
2018-05-09,240.88478088378906,241.2154903187864,238.73066880929426,239.25801997283796,59666100,SPY
2018-05-10,243.1372528076172,243.46798959145252,241.52838542747892,241.6356396158534,72063900,SPY
2018-05-11,243.879150390625,244.1472858732719,242.74397986714243,243.2624115032754,59871500,SPY
2018-05-14,243.99533081054688,244.9785123482888,243.44113873135748,244.3170933624058,54790600,SPY
2018-05-15,242.3148651123047,242.77069524848463,241.35847014882305,242.75282864928664,87036100,SPY
2018-05-16,243.3339080810547,243.79871262614964,242.32388562238242,242.35072644822594,53942600,SPY
2018-05-17,243.12832641601562,244.2187894297504,242.3417593533532,243.06575238210846,56536400,SPY
2018-05-18,242.5205078125,243.14619359853808,242.16298476787532,242.77972361268831,64368000,SPY
2018-05-21,244.34385681152344,244.88910183784083,243.62881088026705,244.0220943256342,58025900,SPY
2018-05-22,243.66458129882812,245.13046114222462,243.33387182317983,244.87124535972,52966400,SPY
2018-05-23,244.33497619628906,244.3618170213195,242.2166240907364,242.37753265461296,64694200,SPY
2018-05-24,243.8343963623047,244.2098132435305,242.02888747723478,243.93273087199148,76043800,SPY
2018-05-25,243.25350952148438,243.8881151325494,242.7440247330265,243.25350952148438,56374800,SPY
2018-05-29,240.45579528808594,242.3775328967583,239.32959900339202,241.60883239783712,115908600,SPY
2018-05-30,243.66458129882812,244.11149189343564,241.7071379895245,241.77863168266822,69678400,SPY
2018-05-31,242.17196655273438,243.55737877896019,241.56417456169748,243.25348278344174,93519900,SPY
2018-06-01,244.5495147705078,244.8534107412683,243.41434425447082,243.48586523421537,71258400,SPY
2018-06-04,245.71145629882812,245.97067209909727,245.1394248827023,245.3807468005157,45385200,SPY
2018-06-05,245.89016723632812,246.274503727104,245.06783989868296,245.84545981912572,51135000,SPY
2018-06-06,247.94602966308594,248.0532838575352,245.88130458815147,246.50699042545492,62732200,SPY
2018-06-07,247.91920471191406,248.73258535209388,246.99856988221796,248.437636330924,72969400,SPY
2018-06-08,248.65213012695312,248.70575721856613,247.28458473630258,247.45441295216355,72139700,SPY
2018-06-11,248.9828643798828,249.70685746592153,248.75940905018538,248.87561018598996,58892500,SPY
2018-06-12,249.3046417236328,249.67108444195054,248.65214237385774,249.4029489706789,72329000,SPY
2018-06-13,248.509033203125,249.80508446839912,248.3034445684832,249.54586875989426,79070600,SPY
2018-06-14,249.134765625,249.67103646449203,248.53589348456015,249.38503444251472,77097600,SPY
2018-06-15,248.81695556640625,249.1581371648469,247.21881076298143,248.3411042316714,120041600,SPY
2018-06-18,248.30511474609375,248.43082473182312,246.85961430861795,247.34442522568324,52917600,SPY
2018-06-19,247.3534698486328,247.57792853270598,245.58473432214657,246.0067177441938,97531500,SPY
2018-06-20,247.77542114257812,248.44879710748353,247.43423960306797,248.04476056864502,53785500,SPY
2018-06-21,246.2222137451172,247.78446497310983,245.71942843488225,247.76649074076573,71061400,SPY
2018-06-22,246.671142578125,247.61388562827068,246.44668386138733,247.49716271160779,54898500,SPY
2018-06-25,243.313232421875,245.6655552295961,241.60735177045268,245.50395154045736,137854200,SPY
2018-06-26,243.85189819335938,244.7138117917007,243.1246543135496,243.88781925154754,68547400,SPY
2018-06-27,241.83181762695312,245.89002120616536,241.67917364953217,244.44452027763933,105110700,SPY
2018-06-28,243.21444702148438,243.98657168616904,241.05962189268874,241.77790606886717,76650500,SPY
2018-06-29,243.5646209716797,245.70147215791323,243.44789806490743,244.3187989080427,97592500,SPY
2018-07-02,244.0853729248047,244.247004024098,241.7330499655693,241.97548291463647,63554800,SPY
2018-07-03,243.2234649658203,245.09097687124043,242.79252175668205,244.99220078598208,42187100,SPY
2018-07-05,245.20762634277344,245.2704813488846,243.2772871816851,244.36368691677973,56925900,SPY
2018-07-06,247.28163146972656,247.6587066790417,244.84847983932377,245.23456956279853,66493700,SPY
2018-07-09,249.50836181640625,249.56222972891615,248.25139819158915,248.29627898543,50550400,SPY
2018-07-10,250.4061279296875,250.5049040085875,249.66989679514035,249.9661976320958,51966800,SPY
2018-07-11,248.5745391845703,249.63400511332827,248.26927862873995,248.8349189585633,77054700,SPY
2018-07-12,250.82814025878906,250.88200816266266,249.23898229502288,249.84950347208866,60124700,SPY
2018-07-13,251.02560424804688,251.33086476265402,250.19062454046778,250.648529012249,48216000,SPY
2018-07-16,250.8011932373047,251.21418961206302,250.3522757952533,251.07056014238324,48201000,SPY
2018-07-17,251.8157501220703,252.21079966161471,249.96621245954248,250.02008036041252,52315500,SPY
2018-07-18,252.3454132080078,252.4531489857515,251.4475785271568,251.8964958675823,44593500,SPY
2018-07-19,251.3937225341797,252.05811146153138,250.9088841116505,251.67204910643466,61412100,SPY
2018-07-20,251.10641479492188,251.8246990304503,250.94481111683123,251.1872166339672,82337700,SPY
2018-07-23,251.5732879638672,251.7797724041611,250.5497432781429,250.89991195475594,47047600,SPY
2018-07-24,252.83929443359375,253.6922486206735,251.95943369297362,253.00092555307924,68026900,SPY
2018-07-25,254.9940948486328,255.31730225585133,252.54299574490744,252.5878765293279,78882900,SPY
2018-07-26,254.3925018310547,255.08382474381716,254.1680431373307,254.26681921043556,57919500,SPY
2018-07-27,252.66859436035156,254.82339165750201,251.73483881835048,254.72461561568994,76768700,SPY
2018-07-30,251.34881591796875,252.91103940805223,250.8190693738886,252.74943575040328,63742500,SPY
2018-07-31,252.58786010742188,253.20736833072652,251.7349334606616,252.1209958607661,68570500,SPY
2018-08-01,252.16587829589844,253.3061460707818,251.5104764029916,252.79437363952286,53853300,SPY
2018-08-02,253.53956604003906,253.71012943332028,250.63954995838785,250.84606181303212,63426400,SPY
2018-08-03,254.62596130371094,254.6798292011158,253.48569354257066,253.6652714670832,53935400,SPY
2018-08-06,255.55967712402344,255.87389734303918,254.26679298952072,254.66184244171544,39400900,SPY
2018-08-07,256.4036560058594,256.7897458025152,256.0983954548309,256.23309259771355,43196600,SPY
2018-08-08,256.2959289550781,256.69996559802166,255.8290646963561,256.23310133929965,42114600,SPY
2018-08-09,255.9458465576172,256.75389262985937,255.81117677886874,256.3588430123629,35717000,SPY
2018-08-10,254.2308349609375,255.0388805775635,253.51255087969744,254.49121465287053,77076000,SPY
2018-08-13,253.27923583984375,255.12877357888624,252.98293497305454,254.5092652935058,65732900,SPY
2018-08-14,254.895263671875,255.13769657463732,253.62035375262434,254.01540320922774,43842000,SPY
2018-08-15,252.99188232421875,253.6742455225409,251.53739436968397,253.5305886702761,102925400,SPY
2018-08-16,255.0389862060547,255.9188742950925,254.41049079963517,254.44641186850848,69967900,SPY
2018-08-17,255.9368438720703,256.3857613737613,254.41950052437488,254.83249695400062,65618500,SPY
2018-08-20,256.484619140625,256.7539587675015,255.93692536629803,256.39483013174663,39807500,SPY
2018-08-21,257.08599853515625,257.9568993369797,256.52035825977975,257.0051966957799,67272000,SPY
2018-08-22,256.9334411621094,257.46316049765943,256.40369442681094,256.6730613531955,44993300,SPY
2018-08-23,256.59222412109375,257.6247286971879,256.2689893339435,256.7538278147966,49204900,SPY
2018-08-24,258.1365051269531,258.2801619901632,257.1219473678567,257.17581526659234,57487400,SPY
2018-08-27,260.1745300292969,260.282265805926,259.1869064106305,259.3485100755742,57072400,SPY
2018-08-28,260.3002624511719,260.74917982561186,259.8333708459194,260.6414166399629,46943500,SPY
2018-08-29,261.7008972167969,261.93431563283644,260.27334317359043,260.51574870554276,61485500,SPY
2018-08-30,260.64141845703125,261.59312110549945,260.0398845149436,261.21604585219666,61229500,SPY
2018-08-31,260.6504211425781,261.099338546964,259.73463950153865,260.2284376864656,66140800,SPY
2018-09-04,260.201416015625,260.56054433811084,259.1868586397949,260.22834995481804,57594400,SPY
2018-09-05,259.5012512207031,260.04894482335703,258.4777335596328,259.8424329076433,72452400,SPY
2018-09-06,258.7201232910156,259.9142317223697,257.6786314577809,259.6089711263826,65909900,SPY
2018-09-07,258.21728515625,259.2049088825265,257.4181990596172,257.6606319831876,73524800,SPY
2018-09-10,258.6662292480469,259.51019621039103,258.4687044823973,259.24082931191674,50210900,SPY
2018-09-11,259.5191955566406,259.9681130562368,257.66069793212233,258.01083933393744,50530500,SPY
2018-09-12,259.58203125,260.1925524280419,258.78297240809906,259.5281633460403,59810800,SPY
2018-09-13,261.1172180175781,261.30578300659084,260.3720273744252,260.6593410150511,51034200,SPY
2018-09-14,261.16217041015625,261.512311706674,260.3720714645122,261.32377408547217,55079900,SPY
2018-09-17,259.7794494628906,261.1441481362818,259.5011229400262,261.1082544815316,68244000,SPY
2018-09-18,261.1891174316406,261.7906513864552,259.96804789095046,259.9949818381848,61930400,SPY
2018-09-19,261.46746826171875,261.8894517406764,261.1172995154634,261.2430095473742,49080600,SPY
2018-09-20,263.5862731933594,263.9095079013693,261.4853434903775,262.74233386629203,100360600,SPY
2018-09-21,263.34552001953125,264.4548658658197,263.18318478069216,264.33761457428795,105479700,SPY
2018-09-24,262.470703125,262.9036246625077,261.88447413222383,262.75931748333846,53409600,SPY
2018-09-25,262.22723388671875,263.0389377903818,261.9837309727549,262.93071427306455,44370000,SPY
2018-09-26,261.4424743652344,263.5709426948373,261.0185807539969,262.37142919108175,79739700,SPY
2018-09-27,262.173095703125,263.27341389125326,261.6409784474259,261.9205650135766,59249500,SPY
2018-09-28,262.20013427734375,262.70519562311193,261.50568180785723,261.541737958427,70091400,SPY
2018-10-01,263.1110534667969,264.1933159511584,262.43462909265406,263.4537520297222,62078900,SPY
2018-10-02,262.9577331542969,263.67924151741823,262.5789508969811,262.9577331542969,47258200,SPY
2018-10-03,263.10198974609375,264.4458105116426,262.74123563389384,264.0219168607697,64694600,SPY
2018-10-04,261.0456848144531,262.6690922291497,259.440305473688,262.6149804835783,111545900,SPY
2018-10-05,259.58453369140625,261.794169360315,258.141490026215,261.2710801376146,105951700,SPY
2018-10-08,259.58453369140625,259.9452877267619,257.4921217530674,258.8900539614838,87742200,SPY
2018-10-09,259.2058410644531,260.5226062735601,258.6376401285027,259.1968407880505,74339000,SPY
2018-10-10,250.9984893798828,258.76385435107636,250.61970720008262,258.691687015265,214731000,SPY
2018-10-11,245.46990966796875,251.5396734781906,243.83744684534275,249.89821038001708,274840500,SPY
2018-10-12,248.87901306152344,249.90716349762928,245.6501995784668,249.61854924323214,183186500,SPY
2018-10-15,247.48101806640625,249.86204404103512,247.39082268425824,248.51819615169245,102263700,SPY
2018-10-16,252.89251708984375,253.2713268447059,248.9873058663737,249.46531131668914,118255800,SPY
2018-10-17,252.93759155273438,253.5689043534291,250.33109016956354,252.92856375491306,110626000,SPY
2018-10-18,249.28489685058594,252.59487854007781,247.99518778925824,251.99059405415332,134557500,SPY
2018-10-19,249.14964294433594,251.9004243727622,248.44616270050307,249.9433186089224,139901600,SPY
2018-10-22,248.03134155273438,250.15078294213325,247.49019645433728,249.8261123973648,82415800,SPY
2018-10-23,246.7686309814453,247.9050327998476,242.2591349068709,244.3696032906979,146352700,SPY
2018-10-24,239.29185485839844,246.9038847975713,238.73268186918,246.5160473004716,177806700,SPY
2018-10-25,243.5848846435547,245.14517991713308,240.11259530111516,241.1497737095234,138061500,SPY
2018-10-26,239.30093383789062,244.4147150793511,236.5591797294009,239.83307865622479,201574600,SPY
2018-10-29,237.97506713867188,243.73821520734515,234.3584707096712,242.43045059172752,160749100,SPY
2018-10-30,241.5015411376953,241.8172113654082,237.30771532316567,237.80377640208008,157116000,SPY
2018-10-31,244.0809783935547,246.42592175580347,243.6210010062065,244.09900646851358,128296300,SPY
2018-11-01,246.67848205566406,246.87690099916068,243.85553289200956,244.9558511198031,99495000,SPY
2018-11-02,245.2173309326172,248.22967027270394,243.14294673010158,247.79674884659747,122634100,SPY
2018-11-05,246.57028198242188,247.12945518803156,244.7303995609122,245.71346657138477,65622500,SPY
2018-11-06,248.1304931640625,248.29282840759325,246.44394613412206,246.50708568119896,60085900,SPY
2018-11-07,253.442626953125,253.52379455391682,249.89814324258938,250.33106463725014,102752100,SPY
2018-11-08,252.98268127441406,253.63204968558813,251.8282516016351,252.63092743663148,65584900,SPY
2018-11-09,250.51150512695312,251.8462981920092,249.08648912253602,251.65690708592516,98812600,SPY
2018-11-12,245.83065795898438,250.2409304907977,245.30754103858845,249.99742762882028,99673600,SPY
2018-11-13,245.3706512451172,248.31985120486593,244.64011522275948,246.29960615773098,98176600,SPY
2018-11-14,243.69313049316406,247.670481020292,242.11480718044612,247.2646429684291,125335900,SPY
2018-11-15,246.2364501953125,246.7054552812398,240.81605602881632,242.41240731864602,135101400,SPY
2018-11-16,246.8768310546875,247.79675815547765,244.60402788696325,245.12714473696528,126668000,SPY
2018-11-19,242.7009735107422,246.56109928851922,241.77201884414856,246.26345727007404,103061700,SPY
2018-11-20,238.20956420898438,240.80703778439513,237.3347210606519,239.32791018359643,136021300,SPY
2018-11-21,239.0213623046875,240.94241237604348,239.01236202711667,239.77895447636027,75563700,SPY
2018-11-23,237.4249267578125,238.84091488302374,237.2625915332567,237.36178721811584,42807900,SPY
2018-11-26,241.25804138183594,241.48351618686567,239.30993576352526,239.70677362228002,79981400,SPY
2018-11-27,242.06967163085938,242.06967163085938,239.59847732612803,240.21176200377687,75502400,SPY
2018-11-28,247.6434783935547,247.6434783935547,242.00660820763397,243.1520378446324,127629600,SPY
2018-11-29,247.10235595703125,248.5183168014819,245.70439566447627,246.85882555462678,82346400,SPY
2018-11-30,248.6085662841797,249.17676731496536,246.62440410106066,246.94907467648926,98204200,SPY
2018-12-03,251.90045166015625,252.89254634835908,250.2860718060337,252.78432284124258,103176300,SPY
2018-12-04,243.7382354736328,251.49457335608747,243.4225652790874,251.0616518729586,177986000,SPY
2018-12-06,243.36849975585938,243.4857510667117,236.6944505517717,239.83306997205983,204185400,SPY
2018-12-07,237.7135467529297,244.61306919948262,236.86575941714142,243.02571801353426,161018900,SPY
2018-12-10,238.1644744873047,239.14754109012443,233.24911394943285,237.53313418057456,151445900,SPY
2018-12-11,238.2186279296875,241.59172195775344,236.7304998304689,241.40233084208725,121504400,SPY
2018-12-12,239.4181365966797,242.6108672402537,239.336968977408,241.23096266507991,97976700,SPY
2018-12-13,239.33697509765625,241.24899690835642,238.20960115042476,240.37415362435365,96662700,SPY
2018-12-14,234.9176788330078,238.1284376889092,234.35850574921736,237.16339896751418,116961100,SPY
2018-12-17,230.30897521972656,235.0800158280304,228.65849806843798,233.95264185271492,165492300,SPY
2018-12-18,230.05641174316406,232.6448713794476,228.4329906978388,231.96844709071937,134515100,SPY
2018-12-19,226.6111602783203,233.95261831653127,224.88854347637346,230.13758902119358,214992800,SPY
2018-12-20,222.92237854003906,226.93582641618465,220.64958916224379,225.34848909940763,252053400,SPY
2018-12-21,218.3548126220703,226.52838561351126,217.70165211676255,223.8341019896797,255345600,SPY
2018-12-24,212.5852508544922,218.48182912601268,212.52175644030888,216.8489277592949,147311600,SPY
2018-12-26,223.32606506347656,223.32606506347656,212.05906773758457,214.06391020186163,218485400,SPY
2018-12-27,225.04067993164062,225.24024372001855,216.77639698327218,220.05126685033105,186267300,SPY
2018-12-28,224.75035095214844,228.06150093886112,223.57103251775314,226.41046620451016,153100200,SPY
2018-12-31,226.71885681152344,226.96379543362278,224.49630354901223,226.39227659614116,144299400,SPY
2019-01-02,226.9547119140625,227.88910533529898,223.11740481578678,223.14461867985432,126925200,SPY
2019-01-03,221.53897094726562,225.49421447534291,221.0490936529052,225.18576757649484,144140700,SPY
2019-01-04,228.9595947265625,229.61275526419664,224.22418774984152,224.6051957564193,142628800,SPY
2019-01-07,230.76486206054688,232.1891053008202,228.3245836172014,229.23174950143374,103139100,SPY
2019-01-08,232.93295288085938,233.42283016532213,230.42011357716734,232.97832778163556,102512600,SPY
2019-01-09,234.02159118652344,234.8743293576913,232.40683697219623,233.6496498408433,95006600,SPY
2019-01-10,234.84713745117188,235.1011428226468,231.78091195546847,232.4703669714044,96823900,SPY
2019-01-11,234.93785095214844,234.96506482364512,233.16886625133859,233.7585185901058,73858100,SPY
2019-01-14,233.5044708251953,234.320914506344,232.6063855443821,233.0145935427049,70908200,SPY
2019-01-15,236.18069458007812,236.49820824513532,233.87648498409118,233.88556550393935,85208300,SPY
2019-01-16,236.75218200683594,237.6502674474332,236.40745451280642,236.61608496534467,77636700,SPY
2019-01-17,238.54830932617188,239.41920842084363,235.82681194545427,235.87218684583468,96118400,SPY
2019-01-18,241.7234344482422,242.1951784664998,238.58464797183393,240.38084654275963,127900300,SPY
2019-01-22,238.45767211914062,240.45344864945096,236.8247841830779,240.2357376405127,115531200,SPY
2019-01-23,238.95657348632812,240.20846686018146,236.46186725668036,239.50087856424344,86030300,SPY
2019-01-24,239.0835418701172,239.67322180339113,237.75000700129684,238.7751088120606,59204100,SPY
2019-01-25,241.1065216064453,241.94112631112986,239.18333456876238,240.95229124157325,96883400,SPY
2019-01-28,239.27406311035156,239.33754367688348,237.48694535573497,238.93841618988355,85613700,SPY
2019-01-29,238.95657348632812,239.99072821831157,238.11291584203786,239.4192369552321,66136300,SPY
2019-01-30,242.73947143554688,243.59220970905545,239.71862077031628,240.48971742417103,92473700,SPY
2019-01-31,244.87130737304688,245.36118475598175,242.45824253389736,242.6759811954844,104012100,SPY
2019-02-01,244.98922729492188,246.0234097371586,244.19091685203884,245.07086890596577,85782500,SPY
2019-02-04,246.71286010742188,246.77636837234743,244.35422294662814,245.03459745352004,60744800,SPY
2019-02-05,247.74700927734375,248.05544235678397,246.6402657878202,247.14827646978125,79552800,SPY
2019-02-06,247.42039489746094,247.9646999219832,246.67653997126752,247.4657697987982,58347800,SPY
2019-02-07,245.06175231933594,246.3408315774448,243.3834902591261,245.78747379615655,95482000,SPY
2019-02-08,245.36114501953125,245.46091997303054,242.9662139214965,243.80081867264613,75788900,SPY
2019-02-11,245.49722290039062,246.28645277645333,244.961998360124,246.02339460743593,68021400,SPY
2019-02-12,248.65420532226562,249.03519953769222,247.0575843084535,247.13017309154085,72270200,SPY
2019-02-13,249.4615020751953,250.31424009954193,249.07142744487768,249.49779645705098,65277200,SPY
2019-02-14,248.90818786621094,250.05122577667893,247.5383584772854,248.36388278101157,83234400,SPY
2019-02-15,251.62060546875,251.65689985701977,250.49572859294753,250.7043590353586,97088700,SPY
2019-02-19,252.05601501464844,252.71822830941113,250.80412182112124,250.81320233787218,59120800,SPY
2019-02-20,252.5640106201172,253.0266739948787,251.51169506614042,252.0197056529567,76610800,SPY
2019-02-21,251.66592407226562,252.2827901123123,250.69525011588306,251.9199293643143,64214700,SPY
2019-02-22,253.2262420654297,253.42579193858919,251.64775495139878,252.2918348347306,78114600,SPY
2019-02-25,253.57107543945312,255.19491061983965,253.48943380707806,254.66876642747334,69030700,SPY
2019-02-26,253.3896026611328,254.27860758409201,253.00858077664452,253.21723891392477,56844100,SPY
2019-02-27,253.2807159423828,253.63449622730982,251.72038957578357,252.66382212525872,56921600,SPY
2019-02-28,252.8090362548828,253.5075718538098,252.48246975500396,253.0630416496258,69268300,SPY
2019-03-01,254.38742065429688,254.80470912935965,252.93594998096933,254.40555400208206,78880500,SPY
2019-03-04,253.46214294433594,255.70284378954244,251.1398004915518,255.45791896680942,106494600,SPY
2019-03-05,253.11741638183594,253.78873796515856,252.5640584781099,253.58916036219873,59114600,SPY
2019-03-06,251.58428955078125,253.24441853684803,251.25772313781985,253.235338019431,75039800,SPY
2019-03-07,249.479736328125,251.27590733186253,248.62699805350843,251.13075744634162,94885100,SPY
2019-03-08,248.98074340820312,249.15310714274926,247.13014491808556,247.60186121633996,85795800,SPY
2019-03-11,252.59129333496094,252.75457656426624,249.67929834098382,249.7065122125347,65098900,SPY
2019-03-12,253.54376220703125,254.0699338777234,252.96319048725402,253.1536875548134,79667500,SPY
2019-03-13,255.22203063964844,256.1654908521052,254.2785704271916,254.44188131639854,80639200,SPY
2019-03-14,255.0587615966797,255.6756277494772,254.61425917547348,255.24925867941013,67518400,SPY
2019-03-15,256.3188781738281,257.13891808677903,255.42592975822362,255.61729372285447,81309000,SPY
2019-03-18,257.2482604980469,257.548959418936,256.3097650958895,256.5375555120097,62199800,SPY
2019-03-19,257.3121032714844,259.09797272828456,256.41006192966114,258.32350739374505,90268100,SPY
2019-03-20,256.5375671386719,258.3143435875146,255.41685603669438,257.0933902385485,84609200,SPY
2019-03-21,259.4351806640625,259.84518690293555,255.6629564276759,255.70853121407896,79550400,SPY
2019-03-22,254.44192504882812,258.58769999239706,254.37813705118538,258.05923839902295,122659300,SPY
2019-03-25,254.25057983398438,255.29841027418314,252.97495895867937,254.0956701032743,85575200,SPY
2019-03-26,256.1457214355469,257.11155041990185,254.72431169229074,256.02726598920174,68125900,SPY
2019-03-27,254.80642700195312,256.72899312484805,253.23922737723728,256.13671562788295,72224700,SPY
2019-03-28,255.77220153808594,256.22778240325624,254.2779107596811,255.444196662259,56238500,SPY
2019-03-29,257.3849182128906,257.7129230155888,256.16396510322,257.3029170122161,82186800,SPY
2019-04-01,260.4373779296875,260.7380769101605,259.13442316484526,259.40778840222555,77617900,SPY
2019-04-02,260.56494140625,260.8018523726309,259.76311457214695,260.6287294058835,40070400,SPY
2019-04-03,260.974853515625,262.19580642253743,260.3643631589496,261.7948931926332,68243200,SPY
2019-04-04,261.6674499511719,261.922574153542,260.6014061723747,261.30299077727926,48997500,SPY
2019-04-05,262.9339294433594,262.98859691897246,262.0501015123514,262.3416799199194,58621700,SPY
2019-04-08,263.1344299316406,263.2437649010698,261.8405679116739,262.5057260509708,53566300,SPY
2019-04-09,261.7858581542969,262.48744263247835,261.2300628806299,262.15943777715637,66142300,SPY
2019-04-10,262.6788024902344,262.76992421743466,261.78585405398695,262.2049806313717,52601500,SPY
2019-04-11,262.60589599609375,263.17993229475786,262.03185969742964,263.1708117800339,55093100,SPY
2019-04-12,264.3826904296875,264.6651483409546,262.6514887071459,264.23690121638043,69727800,SPY
2019-04-15,264.2095947265625,264.5558406680714,263.39864735761245,264.4555984082626,49596700,SPY
2019-04-16,264.3826904296875,265.15718346005985,263.78132035221427,265.10251598087586,52153200,SPY
2019-04-17,263.7357177734375,265.5397998189745,263.3165634461498,265.51246608514646,58268300,SPY
2019-04-18,264.25506591796875,264.5284310701426,263.0158995420688,264.32797441445945,68708500,SPY
2019-04-22,264.4829406738281,264.6378504234513,263.38956313569633,263.4806848821539,40160100,SPY
2019-04-23,266.861083984375,267.0979949606944,264.61963364515805,264.8565168150248,52246600,SPY
2019-04-24,266.2688293457031,267.1162031669084,266.1230401173583,266.77907774168386,50392900,SPY
2019-04-25,266.104736328125,266.7698943118712,264.90202413921253,266.1685243141922,57770900,SPY
2019-04-26,267.3439636230469,267.4168443258151,265.36673045565345,266.15034399426867,50916400,SPY
2019-04-29,267.7630310058594,268.2915202582236,267.3439044931325,267.43502620627567,57197700,SPY
2019-04-30,267.8997497558594,268.19132816985035,265.9863324543578,267.4168351730079,81111700,SPY
2019-05-01,265.8860168457031,268.7470771064729,265.87689633326744,268.5374999655346,71671900,SPY
2019-05-02,265.31207275390625,266.69705641558045,263.79954090607526,265.76765363073065,65030200,SPY
2019-05-03,267.9088134765625,268.19127131572276,265.4213325829067,266.80631585253576,56543700,SPY
2019-05-06,266.80633544921875,267.252795716856,263.23456988878866,263.5534819970056,107198100,SPY
2019-05-07,262.3507385253906,264.97488823949624,260.4190804876306,264.37351827947674,144729900,SPY
2019-05-08,261.9862976074219,263.7174991117168,261.3849276057613,261.9862976074219,91568300,SPY
2019-05-09,261.1936340332031,261.8040968421345,258.1321160535113,259.89067938708365,103471100,SPY
2019-05-10,262.5057373046875,263.2711099299556,257.2209818352838,260.24604588261974,112429300,SPY
2019-05-13,255.90882873535156,258.30518814655903,255.06145513710214,257.33026638610016,127290500,SPY
2019-05-14,258.22320556640625,259.7721914910918,256.8109161341228,256.93846430553225,77003200,SPY
2019-05-15,259.7357482910156,260.3826653030283,256.3644389262858,256.57401612463264,73956400,SPY
2019-05-16,262.1412353515625,263.5170706266524,260.37357940788,260.44646010991545,76749600,SPY
2019-05-17,260.4464111328125,262.96122588007694,259.79037371206715,259.80861473898227,100353000,SPY
2019-05-20,258.7243957519531,260.5558120015349,257.96811591113016,258.82461019957157,62877600,SPY
2019-05-21,261.05694580078125,261.43961814058395,260.1822105540501,260.43733471606794,46847100,SPY
2019-05-22,260.2551574707031,261.22098678420105,259.77224281395416,260.0911550151549,49482500,SPY
2019-05-23,257.0752258300781,258.05014790748294,255.6446950068224,258.0046009361248,98733800,SPY
2019-05-24,257.6583251953125,258.95218714850694,257.0296213470882,258.533032712057,55268100,SPY
2019-05-28,255.26197814941406,258.9066254270968,255.24376492334838,257.94079612302704,70029400,SPY
2019-05-29,253.54891967773438,254.5420824507105,252.12750985526907,254.13207642871726,104972900,SPY
2019-05-30,254.241455078125,255.16173731866905,253.1298366610888,254.31433578130563,62523800,SPY
2019-05-31,250.81552124023438,252.5011762831742,250.78818749603337,251.66292292337374,86862800,SPY
2019-06-03,250.1776885986328,251.98177106914605,248.82915919708412,250.85193939618222,96428000,SPY
2019-06-04,255.60818481445312,255.74485350507607,252.0455393111609,252.50112015086913,77231900,SPY
2019-06-05,257.8222351074219,257.84956883855835,255.4167833480895,257.2481989471151,71169700,SPY
2019-06-06,259.4989013671875,260.1822728010616,257.46702809993315,258.1230657887104,69430400,SPY
2019-06-07,262.0956726074219,263.1890778332609,260.35535032296065,260.5284732804926,74272200,SPY
2019-06-10,263.2984313964844,264.9840863193895,263.2073096534851,263.6628905620296,60799100,SPY
2019-06-11,263.234619140625,265.5125234734557,262.5785815805118,265.13894382609755,58641300,SPY
2019-06-12,262.76995849609375,263.5626647938962,262.2505896091022,262.99774894058646,47096300,SPY
2019-06-13,263.854248046875,264.2187350482808,262.9795404177003,263.6902455801149,48945200,SPY
2019-06-14,263.5626525878906,264.1731153792472,262.7881595511933,263.5626525878906,52324700,SPY
2019-06-17,263.6628112792969,264.4373041522249,263.4896883615914,263.7994799494739,39205700,SPY
2019-06-18,266.4236145019531,267.4896856816371,265.13887346241273,265.5033603040961,85434800,SPY
2019-06-19,267.0251159667969,267.56269817473276,265.57637181867364,266.5604144792355,78674400,SPY
2019-06-20,269.5762939453125,269.986327843129,267.08884023833616,269.74032418830853,116570000,SPY
2019-06-21,269.1844177246094,270.57610941710277,268.96468428413374,269.3034493187632,83309500,SPY
2019-06-24,268.8548278808594,269.71545986964406,268.6991647267566,269.39502457055045,47582700,SPY
2019-06-25,266.21795654296875,268.9372701670914,266.1080898012578,268.9098034816637,82028700,SPY
2019-06-26,265.9523620605469,267.63705022176237,265.842495345507,267.124320257118,51584900,SPY
2019-06-27,266.8954162597656,267.40814621347175,266.33691782299843,266.72145131743457,40355200,SPY
2019-06-28,268.2688293457031,268.772394469847,267.3624009455684,267.8842678761885,59350900,SPY
2019-07-01,270.70440673828125,271.85806361395987,269.4866516046874,271.6383021499216,78705600,SPY
2019-07-02,271.4093017578125,271.46423511775396,269.8070135622463,270.65850858302764,61504500,SPY
2019-07-03,273.57928466796875,273.5976144178433,271.9495296055713,272.09602789610824,40898900,SPY
2019-07-05,273.26800537109375,273.4328334230213,271.02481824839583,272.3341101380756,51677300,SPY
2019-07-08,271.76641845703125,273.08487508533693,271.21705687162205,271.94038342477234,45841800,SPY
2019-07-09,272.10516357421875,272.4072970561192,270.53950692099306,270.59444028133856,41101300,SPY
2019-07-10,273.4053039550781,274.36669369231504,272.6453738047124,273.1855705027681,58448500,SPY
2019-07-11,274.0461730957031,274.29337317781926,273.02987814976353,274.0553379681948,50826100,SPY
2019-07-12,275.27301025390625,275.346273336029,274.2292488379277,274.54054708275214,40326000,SPY
2019-07-15,275.3647155761719,275.7126455395076,274.85198550652757,275.7126455395076,33900000,SPY
2019-07-16,274.4764709472656,275.48362884486676,274.1651726774037,275.2730323939243,36650100,SPY
2019-07-17,272.6087646484375,274.6139163905964,272.6087646484375,274.44911628782256,36036300,SPY
2019-07-18,273.60675048828125,273.9913119924396,271.6565601095316,272.10519191297317,51392600,SPY
2019-07-19,272.08685302734375,274.7420678116067,271.9128880779418,274.71460113231626,58678600,SPY
2019-07-22,272.7552185058594,273.30458003396376,271.9678217375373,272.4896886446328,43638100,SPY
2019-07-23,274.7054443359375,274.7054443359375,273.048222772749,273.8905808652367,44564500,SPY
2019-07-24,275.9963684082031,275.9963684082031,273.8447191743444,273.9362840667456,47213200,SPY
2019-07-25,274.677978515625,275.59357177734375,273.86308710068465,275.53863841697574,55394100,SPY
2019-07-26,276.518310546875,276.7197421680133,275.2456225902088,275.3738190498818,45084100,SPY
2019-07-29,276.01470947265625,276.5183024816571,275.456211050423,276.3992708987717,38126500,SPY
2019-07-30,275.3371887207031,275.7492168381247,274.21099902365467,274.5955604626939,45849000,SPY
2019-07-31,272.32489013671875,275.7766945274753,270.28313509817644,275.5843998294343,104245200,SPY
2019-08-01,269.9535217285156,275.4745481384615,269.1477951642632,272.4805681451819,142646600,SPY
2019-08-02,267.9209289550781,269.29431901774853,266.346107232215,269.0471188654771,116749700,SPY
2019-08-05,259.8636779785156,263.88311773988966,257.9409266017478,263.77325102264945,178745400,SPY
2019-08-06,263.5076599121094,263.7274212371968,260.28478254153686,261.7772036344252,120711700,SPY
2019-08-07,263.6634216308594,264.4416815770691,258.23395969901003,260.3947466217936,140572300,SPY
2019-08-08,268.8364562988281,268.8364562988281,264.6155852882931,265.1740836979222,87713900,SPY
2019-08-09,267.00537109375,268.488628088048,265.2016507871997,267.884333027094,93730000,SPY
2019-08-12,263.7549133300781,266.9960928144164,262.7935238016584,265.4853697745388,65527600,SPY
2019-08-13,267.8568115234375,269.3217664070078,263.1048800116928,263.4528099399809,94299800,SPY
2019-08-14,259.9368896484375,264.36835714061306,259.80872113713775,263.75492537757077,135622100,SPY
2019-08-15,260.6236267089844,261.5300830744288,258.5544048556819,260.83422322655025,99556600,SPY
2019-08-16,264.4691162109375,264.9085830888552,260.6785467387658,262.2991646761531,83018300,SPY
2019-08-19,267.6553649902344,268.34205993417936,266.84050151976453,267.52719646370946,53571800,SPY
2019-08-20,265.6044616699219,267.6828484381119,265.47629313536845,267.1426517347063,51596400,SPY
2019-08-21,267.7652587890625,268.1406274351895,267.0968656534362,267.7927254690642,49524700,SPY
2019-08-22,267.6828918457031,269.12038029084874,265.8883364791153,268.47948163077206,51666400,SPY
2019-08-23,260.8067932128906,268.0491405718978,259.5432698132328,266.36445201958537,149161500,SPY
2019-08-26,263.69085693359375,263.69085693359375,261.47510896640597,263.02246379971945,72423800,SPY
2019-08-27,262.6561584472656,265.47620052395547,261.88706368317224,265.1008040423717,66668900,SPY
2019-08-28,264.5058288574219,264.6706289871658,261.17305498910457,261.98794664455585,59696700,SPY
2019-08-29,267.88427734375,268.4153371089108,266.08055741212706,267.0968805121057,57899400,SPY
2019-08-30,267.7652587890625,269.4041505986451,266.8221988534192,269.38584879254023,62901200,SPY
2019-09-03,266.1995544433594,266.96864936800415,264.8536313398093,266.0439192487991,69101400,SPY
2019-09-04,269.2210693359375,269.2393711434444,267.63708282332993,268.39704093107395,46887300,SPY
2019-09-05,272.6820068359375,273.6067370805387,269.1844336787319,271.7389468424177,83258100,SPY
2019-09-06,272.8926086425781,273.54270009115186,272.315808256912,273.00250332439884,49584300,SPY
2019-09-09,273.0299377441406,273.98213467384363,272.0777128727471,273.8905976956845,51260300,SPY
2019-09-10,272.9658508300781,273.0299490708011,270.9881658343813,272.2608260655092,57947100,SPY
2019-09-11,274.9068298339844,274.9892298604496,272.61784707100367,273.2770752244095,68821100,SPY
2019-09-12,275.8591003417969,276.93032880559394,275.0533738046261,275.82246878782854,72908700,SPY
2019-09-13,275.67596435546875,276.6648206987029,275.3005677753232,276.30772592428826,62104800,SPY
2019-09-16,274.8244323730469,275.72172368351795,274.17436908596346,274.531435870646,58191200,SPY
2019-09-17,275.52032470703125,275.6118616758972,274.4490683427603,274.6230332903059,41475500,SPY
2019-09-18,275.68511962890625,275.7949863428423,273.0665085327858,275.1265932441484,73375800,SPY
2019-09-19,275.6668701171875,277.0860567630931,275.3281050033886,276.078898356059,76560500,SPY
2019-09-20,274.36431884765625,276.56270540973907,273.5640787420347,276.27753495818126,89565000,SPY
2019-09-23,274.300048828125,275.02671590386365,273.43541409768494,273.6929630767054,43476800,SPY
2019-09-24,272.14752197265625,275.7992136354585,271.17251364592784,275.4036972157083,94869400,SPY
2019-09-25,273.7572326660156,274.2079361563609,270.73101248766125,272.23032581765153,71854000,SPY
2019-09-26,273.1869201660156,273.9779529928885,271.76120841027137,273.76641206374325,56179700,SPY
2019-09-27,271.71527099609375,274.06083271109514,270.1423840589993,273.9504305494477,84746600,SPY
2019-09-30,272.9754333496094,273.6928930411987,272.19360748278564,272.2395873323425,51662400,SPY
2019-10-01,269.72845458984375,274.5299240657226,269.5077064068184,273.8676514459212,88242400,SPY
2019-10-02,264.9637145996094,268.13710923106305,263.6575841068934,268.12790203567056,122539500,SPY
2019-10-03,267.134521484375,267.16211500128867,261.9835164516434,264.73377323000926,85278800,SPY
2019-10-04,270.7494812011719,271.00703011457307,267.7416467413612,267.79686185990727,65091200,SPY
2019-10-07,269.5812683105469,271.5865004803911,269.2961258960263,269.94001216342866,59610500,SPY
2019-10-08,265.3960876464844,268.4499016642057,265.3592869278776,267.7048485190787,95708100,SPY
2019-10-09,267.9164123535156,268.8638274257384,266.80343613952016,267.4381152537081,62359400,SPY
2019-10-10,269.72845458984375,270.62068259053837,267.66806335967283,267.8336244969419,55296300,SPY
2019-10-11,272.5247802734375,274.78753386305493,272.3960198283808,272.51557307352937,98720400,SPY
2019-10-14,272.22119140625,272.8834640267243,271.8716547356211,272.2027770104957,40394800,SPY
2019-10-15,274.9162292480469,275.67048954598283,273.15936697536677,273.2789482507373,46754500,SPY
2019-10-16,274.4747009277344,275.17377417635663,274.0332046197384,274.4471074084846,48928200,SPY
2019-10-17,275.2841491699219,276.1671698595753,274.58507591897205,275.6520721180507,45736600,SPY
2019-10-18,274.0791320800781,275.394469697467,273.2144978812047,274.74140448622126,64304000,SPY
2019-10-21,275.937255859375,276.1396177217795,274.9714544669643,275.4129789133175,39048600,SPY
2019-10-22,275.0358581542969,276.77430633446437,274.9438703826412,276.47995669345687,48594700,SPY
2019-10-23,275.8360595703125,275.89124661138516,274.56670148419556,274.7782705221226,34352200,SPY
2019-10-24,276.28680419921875,276.93069053515467,275.4497631907928,276.7835157134914,35453100,SPY
2019-10-25,277.4182434082031,277.9701420683589,275.652173309851,275.7073603687934,45205400,SPY
2019-10-28,278.9818115234375,279.48773012160166,278.6230957843297,278.6506893027226,42147000,SPY
2019-10-29,278.8990478515625,279.83728367515926,278.57710473700917,278.7058932111194,44284900,SPY
2019-10-30,279.7545166015625,280.1316187036997,277.776877975705,279.1014231440425,49643900,SPY
2019-10-31,279.0094299316406,279.7453039389649,277.5377380584383,279.7453039389649,69053800,SPY
2019-11-01,281.5942077636719,281.6401876169591,280.30643502288706,280.47202425032384,71141500,SPY
2019-11-04,282.7254943847656,283.3049863481568,282.34836424873777,283.16701875466384,60606900,SPY
2019-11-05,282.4128112792969,283.23146593826937,282.1184616443365,282.9279091051145,42933200,SPY
2019-11-06,282.4771728515625,282.75310805821704,281.5205506839551,282.4127786131021,46487100,SPY
2019-11-07,283.4705810546875,284.8227197726029,282.99228398365506,283.829324911005,54272300,SPY
2019-11-08,284.1696472167969,284.2248342593447,282.4127848404287,283.1210372669413,49032100,SPY
2019-11-11,283.6269226074219,283.8016909118722,282.63349981678647,282.77149547767266,35797300,SPY
2019-11-12,284.224853515625,285.13546785008174,283.44299959892885,283.99489813252177,46484600,SPY
2019-11-13,284.3168029785156,284.72152664390916,282.9922579046318,283.22221325675434,53917700,SPY
2019-11-14,284.73077392578125,284.8135825746023,283.38784220773044,284.03172857608917,51219900,SPY
2019-11-15,286.7911071777344,286.83708701704285,285.38378163211183,286.08282677148827,62023600,SPY
2019-11-18,287.0026550292969,287.2418175691836,286.0920408516063,286.55195153863724,49228000,SPY
2019-11-19,286.919921875,287.6189952174086,286.2668564513276,287.6097880195163,67804700,SPY
2019-11-20,285.8529052734375,286.8463281707277,284.28001843523856,286.32202320108695,79406200,SPY
2019-11-21,285.3930358886719,286.07372295638316,284.5836164652955,285.96334885641033,54664700,SPY
2019-11-22,286.0276794433594,286.28522833482447,285.0066910749267,286.147260727026,44850200,SPY
2019-11-25,288.24444580078125,288.24444580078125,286.9659085709434,286.9659085709434,48647200,SPY
2019-11-26,288.8975524902344,289.0815280364324,287.9593445743698,288.28128774485276,37569000,SPY
2019-11-27,290.1852722167969,290.1852722167969,289.1642558419575,289.3850040005295,44444600,SPY
2019-11-29,289.109130859375,289.8633913240267,288.87917545459544,289.61502152159875,36592700,SPY
2019-12-02,286.6531982421875,289.43104918793944,286.22088099549416,289.3666549431557,75767800,SPY
2019-12-03,284.73077392578125,284.8135825746023,282.50482130401343,283.90294007412604,73941700,SPY
2019-12-04,286.487548828125,287.09463428552823,285.4389670894975,285.7885036926133,49080000,SPY
2019-12-05,287.0026550292969,287.2142240507905,285.6781100049903,287.1958377287687,40709000,SPY
2019-12-06,289.6241455078125,290.0288691496006,288.9250722955021,288.9342794916809,48927000,SPY
2019-12-09,288.71356201171875,289.90931867171975,288.6399605759114,289.2286597794782,34838500,SPY
2019-12-10,288.39166259765625,289.3298705159717,287.7293899286314,288.6584187191221,52649800,SPY
2019-12-11,289.2102966308594,289.467845535377,288.30886142968507,288.8515527616784,53429100,SPY
2019-12-12,291.7030334472656,292.49406656273413,288.98036932488674,289.2195038568483,96389600,SPY
2019-12-13,291.8778076171875,293.1195724371453,290.682022650635,291.4638766536254,81503900,SPY
2019-12-16,293.8829345703125,294.48081286061495,291.81333643953565,293.6253857035336,82749700,SPY
2019-12-17,293.9473571777344,294.57282904732483,293.86457661299954,294.2693003099637,61097700,SPY
2019-12-18,293.96575927734375,294.57284485536877,293.9105722312256,294.342889472968,48133000,SPY
2019-12-19,295.17071533203125,295.24431677203495,293.9013571638511,294.15890606241487,85310500,SPY
2019-12-20,296.46478271484375,297.610959944321,295.2261654681142,296.2151918473892,147142100,SPY
2019-12-23,296.9177551269531,297.31521624247773,296.7698567146965,297.25975786397373,52990000,SPY
2019-12-24,296.92706298828125,297.19510246481065,296.6220136408608,297.148896543683,20270000,SPY
2019-12-26,298.507568359375,298.51682082352926,297.30593278607256,297.3151570414947,30911200,SPY
2019-12-27,298.4336242675781,299.3025096920254,297.8975172780443,299.2470513209955,42528800,SPY
2019-12-30,296.7882995605469,298.65549211950713,296.2983984671903,298.5168461890731,49729100,SPY
2019-12-31,297.5093078613281,297.7588987626745,295.928687723993,296.2799429120089,57077300,SPY
2020-01-02,300.29156494140625,300.3100698709436,298.1286038405854,299.062200102734,59151200,SPY
2020-01-03,298.0176696777344,299.15462263719553,296.80678163064766,296.8622399985499,77709700,SPY
2020-01-06,299.15460205078125,299.23778959691003,296.12272770085747,296.24289689262037,55653900,SPY
2020-01-07,298.3135070800781,299.06222335747646,297.8605594022021,298.58154649187225,40496400,SPY
2020-01-08,299.9033508300781,301.1327156461502,298.25802002933847,298.50758269489893,68296000,SPY
2020-01-09,301.9369201660156,302.0108834726726,300.8924070771922,301.4840006955028,48473300,SPY
2020-01-10,301.0680236816406,302.6856253987053,300.59662750603604,302.52850274308224,53029300,SPY
2020-01-13,303.13848876953125,303.14771302340955,301.2620724278494,301.69651503940764,47086800,SPY
2020-01-14,302.6764221191406,303.75788868803704,302.11255767014296,302.6948988420429,62832800,SPY
2020-01-15,303.3603820800781,304.1275749921437,302.5007491498915,302.58393670358055,72056600,SPY
2020-01-16,305.8838806152344,305.8838806152344,304.5250940213374,304.7561799848659,54050300,SPY
2020-01-17,306.8359375,307.0485185216617,305.81915367226685,306.6048515486395,95846000,SPY
2020-01-21,306.235107421875,307.04853452646114,305.79144042572676,305.8653755221729,77742400,SPY
2020-01-22,306.2720642089844,307.76027236103636,306.1149415635169,307.1039679679579,48914900,SPY
2020-01-23,306.623291015625,307.0392569610288,304.4880593411779,305.6157597751538,51963000,SPY
2020-01-24,303.8965148925781,307.37205676659016,302.5931866898236,307.2888692058274,87578400,SPY
2020-01-27,299.0252380371094,300.522670573542,298.2487925815049,298.5907952955376,84062500,SPY
2020-01-28,302.1588134765625,303.0461757880911,299.1177139210117,300.4672482169026,63834000,SPY
2020-01-29,301.9092102050781,303.76715053303207,301.70585341192526,303.536064550301,53888900,SPY
2020-01-30,302.888916015625,303.1015252071466,299.06214802933965,299.820088372579,75491800,SPY
2020-01-31,297.3891296386719,302.4175619764646,296.46478587376487,302.26041112458785,113845600,SPY
2020-02-03,299.59832763671875,301.4839970111189,298.76642380378036,298.8865930190771,69083000,SPY
2020-02-04,304.16461181640625,305.0427498347506,302.92599433335187,303.2495203510965,62573200,SPY
2020-02-05,307.6770935058594,307.8897027555807,305.65280633997725,307.13173399612566,65951100,SPY
2020-02-06,308.71234130859375,308.9064456011247,307.6215942254238,308.6476304748391,50359700,SPY
2020-02-07,307.0670471191406,308.72160234812134,306.5124351513807,307.6401358092892,64139400,SPY
2020-02-10,309.359375,309.4240858358423,306.1334241774533,306.17040582775377,42070000,SPY
2020-02-11,309.8955078125,311.52233369965023,309.3593726178411,310.72741158108295,54864500,SPY
2020-02-12,311.8921203613281,312.10470139738305,310.9770007500413,311.34673265550464,43992700,SPY
2020-02-13,311.5592956542969,312.53909775227004,310.17278005806327,310.4500718938172,54501900,SPY
2020-02-14,312.0584411621094,312.17861035743067,310.76436561390153,311.9752536135172,64582200,SPY
2020-02-18,311.2543029785156,312.12318842131,309.8492823261326,311.05094621086727,57226200,SPY
2020-02-19,312.7425537109375,313.426559261935,311.9476313904529,312.23417578120814,48814700,SPY
2020-02-20,311.45770263671875,313.01984615588094,308.43507989185133,312.1879140408329,74163400,SPY
2020-02-21,308.2502136230469,310.4039224960778,307.4182815468779,310.0896489554363,113788200,SPY
2020-02-24,298.0269775390625,308.3241540854473,296.9362302805282,298.6925062863302,161088400,SPY
2020-02-25,288.9960632324219,300.0512064094128,288.1087011448787,299.4319119035819,218913200,SPY
2020-02-26,287.9331359863281,294.04303586144556,287.1936721212229,290.41037096404267,194773800,SPY
2020-02-27,275.00152587890625,287.98854465077966,275.00152587890625,282.3500419743186,284353500,SPY
2020-02-28,273.84613037109375,275.3528154279035,263.93716272410904,266.85809280681485,384975800,SPY
2020-03-02,285.7054748535156,285.7701857016379,272.1823180329246,275.6486079271128,238703600,SPY
2020-03-03,277.52496337890625,290.09604424286687,275.05698131967097,286.0843956820024,300139100,SPY
2020-03-04,289.1901550292969,289.41201669815035,280.3811607396725,282.9600875485208,176613400,SPY
2020-03-05,279.57696533203125,285.13227955328045,277.31234037267336,281.9063293240585,186366800,SPY
2020-03-06,274.9552917480469,276.1754323026294,268.272304300244,270.9713723296417,228667200,SPY
2020-03-09,253.4828643798828,262.6893226889197,252.76187719077885,254.47189101774714,309417300,SPY
2020-03-10,266.5992736816406,266.6916855024435,252.80805061122447,263.10525495145106,276444100,SPY
2020-03-11,253.60296630859375,260.6095085206112,250.3862677494358,259.46333116815134,255316300,SPY
2020-03-12,229.3389434814453,246.48552399413035,228.94146830849624,236.63201558510855,392220700,SPY
2020-03-13,248.94424438476562,250.94083010030369,229.71789319620677,243.18557315603223,329566100,SPY
2020-03-16,221.70387268066406,237.46392365697218,219.40225147248137,222.93323755946798,297240000,SPY
2020-03-17,233.67410278320312,236.78915081117006,219.13417954726967,226.50118625756502,262070500,SPY
2020-03-18,221.84254455566406,229.57929878364473,210.7689081558172,218.3762547969818,327597100,SPY
2020-03-19,222.31393432617188,228.66418616779154,214.65113001420656,221.14926615253347,289322000,SPY
2020-03-20,212.73348999023438,227.30312877588696,212.45455338465345,225.49935480540947,347158800,SPY
2020-03-23,207.29429626464844,213.55170710699156,202.93362899001963,212.16634500201846,326025200,SPY
2020-03-24,226.07582092285156,226.9591225678549,217.38239337235527,217.9588519724159,235494500,SPY
2020-03-25,229.460205078125,238.3489062463398,222.91456567972472,227.6750306967431,299430300,SPY
2020-03-26,242.85833740234375,244.34596141660734,231.5615116558956,231.99850901310307,257632800,SPY
2020-03-27,235.62461853027344,242.49568553250754,233.42104659656349,235.48515733977402,224341200,SPY
2020-03-30,243.27670288085938,244.00192946486425,235.72690091029418,237.7445199132106,171369500,SPY
2020-03-31,239.65057373046875,244.83872885540285,238.22801277890554,242.26325084821156,194881100,SPY
2020-04-01,228.86512756347656,239.5668944478358,226.77312451742173,230.56662507674426,189554600,SPY
2020-04-02,234.14627075195312,234.9365744688214,227.41466500949954,227.97253814036205,177660400,SPY
2020-04-03,230.76190185546875,235.5316736901144,228.00045649723228,233.15142702142313,135561200,SPY
2020-04-06,246.26132202148438,248.25106326446618,230.7433180366341,239.73428180894163,188061200,SPY
2020-04-07,246.51234436035156,255.71715203820838,246.28920644985544,254.9547263445372,201427200,SPY
2020-04-08,254.7873992919922,256.6190654959148,246.6239388506935,249.14363259962127,153774500,SPY
2020-04-09,258.66455078125,261.45388801451463,256.12624368412116,258.0880639183732,189999200,SPY
2020-04-13,256.3029479980469,258.02304526223554,252.35138623892095,257.6790314843199,114839100,SPY
2020-04-14,263.862060546875,264.89410189160674,256.16348951390273,261.24938313182474,134143400,SPY
2020-04-15,258.25543212890625,264.00145971719763,256.11692333782474,258.0787718434594,121775000,SPY
2020-04-16,259.50140380859375,260.3660917327045,256.3959444053549,259.5478814229435,131798300,SPY
2020-04-17,266.511962890625,267.1255922836456,262.56967920533435,265.3404318456314,146684800,SPY
2020-04-20,261.8164978027344,266.6513605545444,261.5933598948254,262.7648622859541,100109300,SPY
2020-04-21,253.86692810058594,258.5158242358719,252.91853512923709,257.2978157183958,126385700,SPY
2020-04-22,259.50140380859375,261.26797877306217,257.4651849069059,258.80406934567634,92951600,SPY
2020-04-23,259.4827575683594,264.0014990769844,259.1759429279271,260.79374959942317,104709700,SPY
2020-04-24,263.09967041015625,263.7784195675587,258.94355547632364,261.0169736937422,85063200,SPY
2020-04-27,266.8931884765625,268.02752057754,264.6338311492885,265.09872088944945,77896600,SPY
2020-04-28,265.6658935546875,270.9377271680581,265.3590504451415,270.584406435668,105270000,SPY
2020-04-29,272.6205749511719,274.1733188347815,270.01720431503736,271.05855256949116,118745600,SPY
2020-04-30,270.082275390625,272.7228449445646,268.3249790622534,271.2258856602544,122901700,SPY
2020-05-01,262.9323425292969,270.24970236992056,261.75150445044204,265.27537656335676,125180000,SPY
2020-05-04,263.6575622558594,263.9643769858151,259.5293392778461,261.0262705544154,80873200,SPY
2020-05-05,266.093505859375,268.9386278809035,263.7876432775508,266.511917840321,79569900,SPY
2020-05-06,264.289794921875,268.2041582579715,263.8527974681101,267.81366679905904,73632600,SPY
2020-05-07,267.4789123535156,269.43145463245384,266.967545068976,267.5440037168901,75250400,SPY
2020-05-08,271.9046325683594,272.37882904206623,269.50578633331116,270.6494249685885,76452400,SPY
2020-05-11,271.96038818359375,273.3550568409455,269.5243714686897,269.95206191205443,79514200,SPY
2020-05-12,266.53985595703125,273.5782639980896,266.4003663563014,273.159880319741,95870800,SPY
2020-05-13,261.8258972167969,267.0233609060157,259.3712658637757,265.97270559390967,144721100,SPY
2020-05-14,264.95916748046875,265.0893218076404,253.82040296579268,259.3619071707117,121977900,SPY
2020-05-15,266.1772155761719,266.2236931911012,261.58410358651196,262.541775125876,111146300,SPY
2020-05-18,274.2848815917969,275.911995296155,272.14640064448497,272.47180068566763,119703800,SPY
2020-05-19,271.4676513671875,275.4099063452101,271.44906599686874,273.68053054339833,95189300,SPY
2020-05-20,276.079345703125,276.95334046749406,274.81485954380605,275.0473043561465,85861700,SPY
2020-05-21,274.17333984375,276.76743218058994,273.0669001449572,275.94922181093335,78293900,SPY
2020-05-22,274.6940002441406,274.87066058212713,272.62988905126736,273.8850967884195,63958200,SPY
2020-05-26,278.0783386230469,280.96996656476796,274.71254260457005,280.7282149033498,88951400,SPY
2020-05-27,282.2159118652344,282.2531109823988,276.02357827683454,280.9049196376593,104817400,SPY
2020-05-28,281.6952209472656,285.29346211044543,281.01647187884606,283.25724327979765,90405200,SPY
2020-05-29,282.9504089355469,283.5454528602994,278.44097420466636,281.22100489331035,119090800,SPY
2020-06-01,284.09405517578125,284.70771292178176,281.77891378716174,282.2995879277781,55758300,SPY
2020-06-02,286.4464416503906,286.49294764785225,283.67571703773916,285.023880221019,74267200,SPY
2020-06-03,290.2585144042969,291.2254928856191,288.17581771340076,288.4547401721407,92567600,SPY
2020-06-04,289.49603271484375,291.0208841943324,287.3761373132049,289.2635879191614,75794400,SPY
2020-06-05,296.91571044921875,298.71017764112366,294.8887984384263,294.9538897976216,150524700,SPY
2020-06-08,300.504638671875,300.6998843524105,297.18532022972994,297.73388653430663,73641200,SPY
2020-06-09,298.26385498046875,300.5789959336958,296.93424926021106,297.8082439121536,77479200,SPY
2020-06-10,296.599609375,299.75157495651126,295.8743826249924,298.84968786198516,95000800,SPY
2020-06-11,279.50091552734375,290.2305755874608,278.94307069937685,289.58902566068906,209243600,SPY
2020-06-12,282.8481140136719,287.376134042086,277.6320664777444,286.59512294243626,194678900,SPY
2020-06-15,285.4887390136719,286.63237783282256,275.90271615337605,277.09283259033515,135782700,SPY
2020-06-16,290.9836730957031,293.47550276747546,286.0651618513897,293.32673469941386,137627500,SPY
2020-06-17,289.7750549316406,292.3133629411114,289.0312143773154,292.01582671938127,83398900,SPY
2020-06-18,289.88665771484375,290.3701328505547,287.77606841854777,288.24095817871495,80828700,SPY
2020-06-19,288.22991943359375,293.59032911568903,286.25943707517774,293.39422421254534,135549600,SPY
2020-06-22,290.0789794921875,290.48053714636455,286.4649036056369,287.62289442213944,74649400,SPY
2020-06-23,291.4143371582031,293.7023317464779,291.0034317750071,292.75911323057716,68471200,SPY
2020-06-24,283.98077392578125,289.97623712344625,282.12238011582957,289.35053113495576,132813500,SPY
2020-06-25,287.02520751953125,287.29603804217845,281.3566046977302,283.4017841112006,89468000,SPY
2020-06-26,280.20794677734375,286.12871324946207,279.6196320611756,285.9139126867648,127961000,SPY
2020-06-29,284.3263244628906,284.46639939712236,279.1620195580416,281.4780296354258,79773300,SPY
2020-06-30,287.9684143066406,289.6867618258457,283.7286609805707,283.8874030723538,113394800,SPY
2020-07-01,289.9855651855469,291.26499218565124,288.63146955691974,289.098404980476,72396500,SPY
2020-07-02,291.58245849609375,294.8229909603525,290.91007045309425,293.4595192207186,69344200,SPY
2020-07-06,296.0837707519531,296.67211400531124,294.6923121682505,295.44874535128827,61713800,SPY
2020-07-07,293.02996826171875,296.52263581204556,292.6470778271388,294.5241671894889,82910000,SPY
2020-07-08,295.271240234375,295.3833001619314,292.02138833734847,293.80505635007563,54638600,SPY
2020-07-09,293.5903015136719,296.1304311850912,290.13496821449627,295.8876156615187,83354200,SPY
2020-07-10,296.5880126953125,296.85884319688637,292.0774294422769,293.5249177275487,57550400,SPY
2020-07-13,294.0198974609375,301.3694565521852,293.35685713172796,298.9600822787399,102997500,SPY
2020-07-14,297.8300476074219,298.6144955528962,291.36765000974606,292.5816704849982,93657000,SPY
2020-07-15,300.5663146972656,301.67762319970876,298.15691213754997,301.08928005141837,87196500,SPY
2020-07-16,299.57647705078125,300.0340647071711,297.98888499878495,298.64260607889645,54622500,SPY
2020-07-17,300.4449462890625,301.2387422518473,298.59587165216726,300.59436905260253,62774900,SPY
2020-07-20,302.87298583984375,303.6294189107428,299.4176524670027,300.17408553790176,56308800,SPY
2020-07-21,303.5173034667969,305.3103191219553,302.5180550498918,304.8620794579007,57292200,SPY
2020-07-22,305.2449645996094,305.5625057184736,303.04104341813326,303.1531033426866,57792900,SPY
2020-07-23,301.6028747558594,305.590520903874,300.22076435281394,304.88077004859844,75738000,SPY
2020-07-24,299.66046142578125,300.69704431522166,298.13824748948986,299.7258392204688,73766600,SPY
2020-07-27,301.8457336425781,302.02317138189983,299.5577386878363,300.36088242889383,48293000,SPY
2020-07-28,299.9312438964844,302.23790550117377,299.63239845389603,301.1079015150372,57495000,SPY
2020-07-29,303.62005615234375,304.18973213420867,300.7810810693745,300.81844387953134,48454200,SPY
2020-07-30,302.53680419921875,302.9570574976411,298.50250363196176,300.61303245433163,61861700,SPY
2020-07-31,304.92742919921875,305.03016978869846,300.08063832808034,304.34843396596784,84986800,SPY
2020-08-03,307.04736328125,307.8224634422945,306.05746259390503,306.60844290105194,53077900,SPY
2020-08-04,308.2333984375,308.2333984375,306.17887124791883,306.17887124791883,41917900,SPY
2020-08-05,310.1477966308594,310.4093077965834,309.2793036857555,309.5501341792031,42697700,SPY
2020-08-06,312.2209777832031,312.3423855338045,309.23260865062025,309.55946909466877,43679400,SPY
2020-08-07,312.445068359375,312.7345659421401,310.3251640281681,311.240367402389,57308300,SPY
2020-08-10,313.3790283203125,313.56578537891374,310.94161073495115,312.9027450968508,44282100,SPY
2020-08-11,310.792236328125,315.21880394764565,310.0544988077709,314.5744307213765,69601100,SPY
2020-08-12,315.1253356933594,315.90978367238915,313.2295792858359,313.25759426724863,53774400,SPY
2020-08-13,314.5555725097656,315.88168109433104,313.6217020556804,314.3501198698883,41816100,SPY
2020-08-14,314.5649719238281,315.1066328357319,313.4256486430128,314.16341440258617,47260400,SPY
2020-08-17,315.5643005371094,315.9658581604364,314.5743997217338,315.59231552246996,35481000,SPY
2020-08-18,316.2460632324219,316.67563587740307,314.35027789810545,315.96588485566804,38733900,SPY
2020-08-19,314.9292297363281,317.15181808617064,314.35955378360524,316.6288527686227,68054200,SPY
2020-08-20,315.9098205566406,316.39542312431615,313.0521781210031,313.18290521636834,42207800,SPY
2020-08-21,317.030517578125,317.25463748432077,315.2281250008691,315.5736811888935,55106600,SPY
2020-08-24,320.2430114746094,320.3177086044847,317.00247841376273,319.4958976784694,48588700,SPY
2020-08-25,321.3636169433594,321.447661895895,319.6359502537484,320.8126365881978,38463400,SPY
2020-08-26,324.5854797363281,324.85628174782204,321.4103247265878,321.9613050768522,50790200,SPY
2020-08-27,325.2952575683594,326.7614418091755,323.6143012473273,325.4633760000465,58034100,SPY
2020-08-28,327.3964538574219,327.5272094656776,325.12715436680105,326.3318558307454,48588900,SPY
2020-08-31,326.21038818359375,328.068781849318,325.97692049696616,327.18162173981716,66099200,SPY
2020-09-01,329.2828369140625,329.3855490183013,326.1450163289373,327.0508721095224,54908700,SPY
2020-09-02,334.04559326171875,335.02614619224755,330.05794674542517,331.21596590563496,69540000,SPY
2020-09-03,322.54962158203125,332.8128516725017,319.9347664669842,332.3365684855864,148011100,SPY
2020-09-04,319.91607666015625,324.82821691870606,312.7252612272764,323.2406539071864,139156300,SPY
2020-09-08,311.1750793457031,319.981502594332,310.86691452339585,314.44362712529994,114465300,SPY
2020-09-09,317.3199768066406,319.81339595911373,314.3502459123081,315.22808677108594,91462300,SPY
2020-09-10,311.81011962890625,319.87874812105133,310.83888606521725,319.2157078657849,90569500,SPY
2020-09-11,311.9688720703125,314.68643947384305,309.1112297489658,313.6124937712869,84680200,SPY
2020-09-14,316.0778503417969,317.87089451891404,312.1182479291456,315.1719946766984,65605700,SPY
2020-09-15,317.6748962402344,319.40253471250236,316.0873042122542,318.56205655041634,52920900,SPY
2020-09-16,316.4140930175781,320.3736958610117,316.13391469407816,318.9262076044188,82096000,SPY
2020-09-17,313.6311950683594,315.3682097367903,310.9696573422262,311.5019705873484,91523300,SPY
2020-09-18,310.02044677734375,314.5584714401941,307.5076612275402,314.4459629250625,105877900,SPY
2020-09-21,306.570068359375,306.7200892586853,301.65700551459594,305.379315026398,99450800,SPY
2020-09-22,309.6922302246094,310.2548013272841,305.52924412379343,308.07018502505576,63612100,SPY
2020-09-23,302.5101623535156,310.5360925965994,302.0038455137566,310.2547927462648,93112200,SPY
2020-09-24,303.3165283203125,306.4106267464723,299.8473633825088,301.1787808263067,76681300,SPY
2020-09-25,308.22021484375,309.01715959766386,301.5725705110975,302.4538966408297,71069400,SPY
2020-09-28,313.3395080566406,314.06145657990703,311.4267779652932,312.4300263154484,64584600,SPY
2020-09-29,311.6331481933594,313.8834044276581,310.92994133179354,313.1333285540787,51304000,SPY
2020-09-30,313.995849609375,317.183714058884,312.11124661593215,312.3081364677158,104081100,SPY
2020-10-01,316.0118103027344,317.6057287621032,314.10846478619624,316.62125055524484,88698700,SPY
2020-10-02,313.01141357421875,315.9836469643129,310.5267552211133,311.0049450109112,89431100,SPY
2020-10-05,318.5621032714844,318.7496079388286,315.0460688562154,315.0929378696611,45713100,SPY
2020-10-06,314.0333251953125,320.8216327250589,313.5176517733446,318.7026275681809,90128900,SPY
2020-10-07,319.499755859375,320.315471376379,316.9963264255951,317.02445356019643,56999600,SPY
2020-10-08,322.3312072753906,322.3968467698745,320.53098548138246,321.4592378094349,45242500,SPY
2020-10-09,325.209716796875,325.67852133929125,323.37201100239963,324.0001930656447,59528600,SPY
2020-10-12,330.4415588378906,331.9323538308198,327.2818208390196,327.7787525033293,80388500,SPY
2020-10-13,328.28497314453125,330.4789742990448,327.3098519824531,330.30082633827425,73255500,SPY
2020-10-14,326.2223205566406,329.972756879164,325.4816299847043,328.86638503127364,57727900,SPY
2020-10-15,325.8191223144531,326.3066686858135,321.72177562783304,322.26557624921367,60357700,SPY
2020-10-16,325.6221618652344,328.86628023868894,325.44401390759634,327.18795250735917,89501900,SPY
2020-10-19,320.67169189453125,327.5349686413807,319.7622099387376,326.8974013316751,68425600,SPY
2020-10-20,321.9562072753906,325.2378390228432,321.26238571941064,322.03120341108115,60051900,SPY
2020-10-21,321.34674072265625,324.10331345331286,321.0373137311335,321.9092832280509,63575000,SPY
2020-10-22,323.1094665527344,323.70016487914387,319.39654243273725,321.5624172205322,55399300,SPY
2020-10-23,324.2064514160156,324.4033413018358,321.7217931926183,324.3470870487443,49143900,SPY
2020-10-26,318.21514892578125,321.58116197860556,314.6803444978062,320.78418856411594,91473000,SPY
2020-10-27,317.1181335449219,318.89958501445426,316.90247316287486,318.56205949148404,65994100,SPY
2020-10-28,306.2793884277344,317.1462743349563,305.782456755137,311.3799841606688,127094300,SPY
2020-10-29,309.3922424316406,312.5988493363691,304.80732047506086,306.5137758012454,90597700,SPY
2020-10-30,306.1668701171875,309.1203329301285,302.4726881358898,307.79830072339996,120287300,SPY
2020-11-02,309.5985412597656,311.6237517685038,306.82319767723226,309.5985412597656,86068300,SPY
2020-11-03,315.0648193359375,317.1463129111161,309.682951667119,312.8708172345701,93294200,SPY
2020-11-04,322.106201171875,326.23167501458374,318.40263420749625,319.59338732663514,126959700,SPY
2020-11-05,328.3881530761719,330.21650199405093,327.0942481328796,327.4505441159375,82039700,SPY
2020-11-06,328.31317138671875,329.57894926140807,325.9597636367029,328.0975110155016,74973000,SPY
2020-11-09,332.43865966796875,341.64598732836964,331.96985514693273,341.26156418749326,172304200,SPY
2020-11-10,331.9511413574219,333.0200008767835,328.6413823033707,331.43543917250804,85552000,SPY
2020-11-11,334.41705322265625,335.2515104499309,332.90748767935384,334.16388045075604,58649000,SPY
2020-11-12,331.1728820800781,334.463898977484,329.344561614286,333.39501093391186,67546200,SPY
2020-11-13,335.7578125,336.50788830791896,332.57930402945476,333.1043628177096,62892200,SPY
2020-11-16,339.948974609375,340.1458645296345,337.1548888916862,338.45817941457216,74541100,SPY
2020-11-17,338.12054443359375,339.3394532708392,335.98279711230816,337.51110432174863,66111000,SPY
2020-11-18,334.0513610839844,338.94568161449536,334.0138487090772,338.392495692237,70591300,SPY
2020-11-19,335.45782470703125,335.83286267133485,332.0542986691899,333.41384348004834,59940900,SPY
2020-11-20,333.16064453125,335.4015441198093,333.0856483897002,335.19526896359696,70417300,SPY
2020-11-23,335.15777587890625,336.4329392671381,332.7293714899048,334.9890130905344,63230600,SPY
2020-11-24,340.5583801269531,341.1115660650556,336.8735832130255,337.7361675656887,62415900,SPY
2020-11-25,340.03326416015625,340.5020686336666,338.92689246992484,340.4739415097982,45330900,SPY
2020-11-27,340.98028564453125,341.4584467885662,339.95826663055004,341.1396631546907,28514100,SPY
2020-11-30,339.47064208984375,340.4645051353498,336.7609675189226,340.19259056975284,83872700,SPY
2020-12-01,343.1836853027344,344.7401199005111,342.1616947791791,342.761778360107,74231400,SPY
2020-12-02,343.9056396484375,344.0650171671395,341.4772355847529,342.0585486314227,45927000,SPY
2020-12-03,343.8118896484375,345.21830332494636,342.6961325093224,343.80250440092175,62882000,SPY
2020-12-04,346.7747497558594,346.7747497558594,344.3088331138606,344.4025997515472,50749900,SPY
2020-12-07,346.0621032714844,346.5590348982275,344.7775835163308,345.99646377406117,48944300,SPY
2020-12-08,347.07470703125,347.64663473880927,344.7306847277051,344.77755372835463,42458900,SPY
2020-12-09,343.9618835449219,347.89982436194026,343.1180411279578,347.74044684803806,74098300,SPY
2020-12-10,343.849365234375,344.9088393885953,341.69284732633156,342.57420209172693,57735400,SPY
2020-12-11,343.4461975097656,343.8587477975953,340.5958864838353,342.1335505091979,57698600,SPY
2020-12-14,341.90850830078125,346.7278037793724,341.7303602980875,345.6402024972665,69216200,SPY
2020-12-15,346.53094482421875,346.53094482421875,343.0899354409927,344.4775786002746,63865300,SPY
2020-12-16,347.07470703125,348.00293070711666,345.8557982652746,346.74653818604304,58420500,SPY
2020-12-17,349.0155334472656,349.2218085531574,347.89977654906284,348.7342622181193,64119500,SPY
2020-12-18,347.62200927734375,349.4769737830207,345.5881373775512,349.30749164191985,136542300,SPY
2020-12-21,346.37908935546875,356.3601163970188,340.88954028715665,343.6578635865335,96386700,SPY
2020-12-22,345.7952575683594,346.82160430191885,344.65592275191625,346.70861621903515,47949000,SPY
2020-12-23,346.10601806640625,348.036298279621,345.7764503204724,346.77455007522576,46201400,SPY
2020-12-24,347.4525451660156,347.4807921909982,345.9930676493673,346.5862551740015,26457900,SPY
2020-12-28,350.4374694824219,350.8329278561514,349.401697277722,350.03255711908645,39000400,SPY
2020-12-29,349.7687683105469,352.1604543082111,349.1755522523981,351.9815469657371,53680500,SPY
2020-12-30,350.2678527832031,351.31304992626116,349.87239452892754,350.59742048544746,49455300,SPY
2020-12-31,352.0475769042969,352.78202827011904,349.5523273111529,350.070199000767,78520700,SPY
2021-01-04,347.2547912597656,353.5258889790341,343.5166152971477,353.3940503814856,110210800,SPY
2021-01-05,349.64642333984375,350.74811462538526,346.55795786920766,346.60505539436485,66426200,SPY
2021-01-06,351.7367858886719,354.96651516984235,347.5654796747543,348.12102357077157,107997700,SPY
2021-01-07,356.9627380371094,357.716011126998,353.95901345917173,354.1379208467374,68766800,SPY
2021-01-08,358.99664306640625,359.2131940136269,355.07955941853226,358.36575452524005,71677200,SPY
2021-01-11,356.57659912109375,358.35621862366816,355.6632406109885,355.78565392711397,51034700,SPY
2021-01-12,356.65203857421875,357.6783855056624,354.3827650203638,356.7650554144172,52547700,SPY
2021-01-13,357.6123962402344,358.6198923858287,355.7856790908254,356.5766243407465,45303600,SPY
2021-01-14,356.3601379394531,358.8742381743271,356.0211736303176,358.36576297509407,49989100,SPY
2021-01-15,353.76129150390625,355.53148617473596,351.87808000531857,354.72171902339625,107160000,SPY
2021-01-19,356.5390625,357.0852100050318,354.75001706614887,356.24716697458103,51233300,SPY
2021-01-20,361.47308349609375,362.3205230138624,358.45993328232737,358.855391647372,61836100,SPY
2021-01-21,361.8025817871094,362.47114255475856,360.8704012961552,362.0379832230494,47840100,SPY
2021-01-22,360.52197265625,361.698979708259,359.54269474303186,359.92875650435366,52860500,SPY
2021-01-25,361.94378662109375,362.3015726075421,356.36004363204023,361.26582944670815,70402000,SPY
2021-01-26,361.37884521484375,363.31855058052645,361.1434437992461,362.9042417902327,42665300,SPY
2021-01-27,352.5466613769531,358.11155558229746,350.2868130095088,358.01738924708496,123351100,SPY
2021-01-28,355.57855224609375,359.62744511564784,353.9401675826362,354.38269465954875,94198100,SPY
2021-01-29,348.4600830078125,354.67468735068275,346.76517524037695,353.69540922297756,126765100,SPY
2021-02-01,354.2603759765625,355.30554466723163,348.7519760584817,351.89693611980033,75817600,SPY
2021-02-02,359.2696533203125,360.8421475266233,354.3450737632576,357.48060818772285,64450700,SPY
2021-02-03,359.55218505859375,361.2941615578961,358.2621896938409,360.1077290394092,52427100,SPY
2021-02-04,363.63873291015625,363.6858017042245,359.665155429966,360.59733594252646,47142600,SPY
2021-02-05,365.0699768066406,365.7856064102736,363.59167753909736,365.53138318897015,48669800,SPY
2021-02-08,367.7064514160156,367.75352020684556,365.67257965401774,366.5388408068623,38365200,SPY
2021-02-09,367.4616394042969,368.06428086991536,366.4447178504741,366.85899793867844,35551100,SPY
2021-02-10,367.301513671875,369.3730575642953,364.8721837757853,369.2223972143444,59154400,SPY
2021-02-11,367.8948059082031,368.81758996668185,365.4372284841901,368.39385584883775,42913300,SPY
2021-02-12,369.7121276855469,369.9569256617174,367.009694809745,367.0850393682048,50593300,SPY
2021-02-16,369.3919677734375,371.15279487134046,368.6669416052637,370.95503695094993,50972400,SPY
2021-02-17,369.4767150878906,369.73093831008623,366.59537489203046,367.6217505052759,52290600,SPY
2021-02-18,367.9042053222656,368.65747843938317,365.09820980027706,366.8401862110797,59712800,SPY
2021-02-19,367.2545471191406,369.46732672577343,366.80256594346724,369.17543119633797,83241000,SPY
2021-02-22,364.4296569824219,366.8684123243339,364.15658328043185,364.4579040043156,67414200,SPY
2021-02-23,364.8721923828125,366.23753208077727,357.9984825753589,362.19803576303104,107284100,SPY
2021-02-24,368.8928527832031,369.32601209247883,362.7724157657389,363.77051550359107,72433900,SPY
2021-02-25,360.0041198730469,368.99647217971085,358.5446424299502,367.6123105542624,146670500,SPY
2021-02-26,358.1491394042969,363.06432243322723,356.1435433499254,361.90616578339,152701600,SPY
2021-03-01,366.830810546875,368.0925877286836,358.3469610050853,363.0738122353655,105348800,SPY
2021-03-02,363.9683532714844,367.29222095490354,363.4598780386421,367.05681947948995,79595300,SPY
2021-03-03,359.1472473144531,364.2413087021669,359.0436557482747,363.2620594948917,119940200,SPY
2021-03-04,354.702880859375,361.57659101731684,350.1643344610169,358.9589283046854,183433000,SPY
2021-03-05,361.2282409667969,362.2922601282463,350.88000232519676,358.24333790977084,152039600,SPY
2021-03-08,359.4297180175781,365.04167977288404,359.1472478103826,362.19804099019245,123149200,SPY
2021-03-09,364.5615234375,367.1415140860631,362.8101217396554,363.3185969081301,113633600,SPY
2021-03-10,366.830810546875,368.54454016583884,365.5031715272002,366.93440213741064,109899400,SPY
2021-03-11,370.55010986328125,372.54630945675626,368.86462752385484,369.32603388178114,86245000,SPY
2021-03-12,371.0491638183594,371.19039893538013,368.35618513540584,369.17537754965355,64653600,SPY
2021-03-15,373.261962890625,373.52561136821595,369.1377248418227,371.3034067123533,73427200,SPY
2021-03-16,372.7911376953125,374.5990046519746,372.009588827218,373.8834038187458,73722500,SPY
2021-03-17,374.06231689453125,374.872084062615,370.3335373606462,371.4917228010157,97959300,SPY
2021-03-18,368.61981201171875,373.55381671421173,367.93242950176943,371.4446291288149,115349100,SPY
2021-03-19,367.9377746582031,369.91217277855816,365.73663139341363,368.3156447927361,113624500,SPY
2021-03-22,370.875732421875,372.2738835812704,368.4006499768492,368.4573290534802,73778600,SPY
2021-03-23,367.9566650390625,371.6976284521401,367.1631290926305,370.2333708419937,90686600,SPY
2021-03-24,366.0861511230469,371.0268887536122,366.03892816874804,369.3736817381601,97588600,SPY
2021-03-25,368.1455993652344,368.9485625721345,362.66638163266924,364.6313524159487,116128600,SPY
2021-03-26,374.0782470703125,374.4844567322817,368.7029602375119,369.3075466691057,114409100,SPY
2021-03-29,373.8893127441406,374.805662966204,371.08358299861806,372.58563626021083,108107600,SPY
2021-03-30,372.89739990234375,373.57757768374887,371.28195965297925,372.60454838267634,76262200,SPY
2021-03-31,374.40887451171875,375.98651907327525,373.4453013490467,373.47364088825344,112734200,SPY
2021-04-01,378.4521179199219,378.50882582384986,376.15652892237784,376.36436180464364,99682900,SPY
2021-04-05,383.8841247558594,384.4320609722796,381.0689676654142,381.1445301626907,91684800,SPY
2021-04-06,383.6573791503906,384.7154270093674,382.9772014082425,383.31730469413753,62021000,SPY
2021-04-07,384.10137939453125,384.45090996872386,383.02444813430645,383.4873368590868,55836300,SPY
2021-04-08,385.9246520996094,385.98133117909094,384.42259883406024,385.3672885982781,57863100,SPY
2021-04-09,388.7303771972656,388.9004432633174,385.6790477463552,385.80186202697575,61104600,SPY
2021-04-12,388.8721008300781,389.14604009903877,387.5117452896472,388.1257878585371,56704900,SPY
2021-04-13,390.02459716796875,390.65755198684445,388.38084622499366,388.76817248286636,56551000,SPY
2021-04-14,388.6925354003906,391.06368661871846,388.1445993047818,389.9961827910744,61659900,SPY
2021-04-15,392.8681335449219,393.1421016529683,390.80871674704866,390.85593970411276,60229800,SPY
2021-04-16,394.18121337890625,394.7952558867157,392.7358393646789,394.1717572569023,82037300,SPY
2021-04-19,392.2445983886719,393.6899724622035,390.90315517252697,393.2365398616549,78498500,SPY
2021-04-20,389.37274169921875,392.1312193040961,387.8801159230548,391.0164924477366,81851800,SPY
2021-04-21,393.05706787109375,393.26490076751844,388.607558428953,388.74928495396665,66793000,SPY
2021-04-22,389.46722412109375,393.7277840235482,388.39029282165546,392.8870251563144,97582800,SPY
2021-04-23,393.69000244140625,395.11649320842173,389.95849517691323,390.03405767287825,73209200,SPY
2021-04-26,394.5118713378906,395.08814707487494,393.75613107227923,394.3512902255287,52182400,SPY
2021-04-27,394.4268493652344,395.0125812201906,393.2743267307123,394.8141756176997,51303100,SPY
2021-04-28,394.3134765625,395.83444197688635,393.84113171064513,394.70080280057795,51238900,SPY
2021-04-29,396.82635498046875,397.44985364501866,393.40658286279586,397.07198352913315,78544300,SPY
2021-04-30,394.21905517578125,395.39049017106777,393.31216100978986,394.5308189647958,85527000,SPY
2021-05-03,395.06927490234375,396.6185511398328,394.5685904754569,396.23122487304954,68128300,SPY
2021-05-04,392.6319580078125,393.5577643620585,388.90045071017227,393.0570799366174,101591200,SPY
2021-05-05,392.7547912597656,394.5308127277545,392.1879716038646,394.2946402735995,60162200,SPY
2021-05-06,395.8911437988281,396.0233853735317,390.799252165048,392.8303293787919,74321400,SPY
2021-05-07,398.7724609375,399.43375534125516,395.97618715149326,396.6658210965725,67733800,SPY
2021-05-10,394.8236083984375,399.35810734474035,394.70079412691143,399.13139104631756,81852400,SPY
2021-05-11,391.2998962402344,392.30126497408736,387.3794399147185,390.2513045552081,116888000,SPY
2021-05-12,382.9866638183594,389.76952910608816,381.6546478502161,388.4847649218504,134811000,SPY
2021-05-13,387.5873718261719,389.54288684236076,384.50767352026946,384.55492531315656,106394000,SPY
2021-05-14,393.5389099121094,394.3985811895255,390.3269699849421,390.35530952904816,82201600,SPY
2021-05-17,392.5374755859375,393.35937988752505,390.4969422609501,392.4146901350111,65129200,SPY
2021-05-18,389.1554870605469,393.04760410918004,388.9948771224863,392.80197555554935,59810200,SPY
2021-05-19,388.13519287109375,388.3146862188776,382.9110600294818,384.41314200928207,106467100,SPY
2021-05-20,392.310791015625,393.5861280506446,388.9004745713241,389.023260032186,78022200,SPY
2021-05-21,391.989501953125,395.06919925121844,391.5266132781251,393.8127459481638,76578700,SPY
2021-05-24,395.9856262207031,397.0720136975302,394.01119921812943,394.25682778545604,51376700,SPY
2021-05-25,395.1070251464844,397.44040994279067,394.5213221241119,397.0814232311062,57451400,SPY
2021-05-26,395.8911437988281,396.4012555107979,394.6536025222363,395.7021943153733,43088600,SPY
2021-05-27,396.0989685058594,397.4498679127247,395.8155442865395,396.93030008843584,56707700,SPY
2021-05-28,396.8074951171875,397.9505616552204,396.571322677036,397.6860496754365,58520200,SPY
2021-06-01,396.4579772949219,399.339269625766,396.0139719399427,399.19757192303746,54216600,SPY
2021-06-02,397.0814514160156,397.9316953007315,396.09899478020424,397.1192470803606,49097100,SPY
2021-06-03,395.6076965332031,396.76021912400967,393.2554283982984,394.73859815107204,58138800,SPY
2021-06-04,399.22589111328125,399.52819875012193,395.67384845451096,397.47820932299726,55938800,SPY
2021-06-07,398.83856201171875,399.39592549649035,397.8938722755683,399.21643214025033,51555000,SPY
2021-06-08,398.923583984375,399.8021385272715,397.07200015824367,399.7076637869331,47134300,SPY
2021-06-09,398.3284606933594,399.8494263096997,398.101744359851,399.7738349787665,48436300,SPY
2021-06-10,400.17999267578125,401.14359462724616,398.23393418703716,399.56595013257123,51020100,SPY
2021-06-11,400.8412780761719,400.95463622566893,399.4336996705148,400.73737604901333,45570800,SPY
2021-06-14,401.73870849609375,401.8426105138606,399.6981755006661,400.9545999835457,42358500,SPY
2021-06-15,401.0018615722656,401.92763895188847,400.1138510202245,401.8898721243067,51508500,SPY
2021-06-16,398.762939453125,401.37029214615194,396.6940956162795,401.14357585272023,80386100,SPY
2021-06-17,398.6307678222656,399.6226806096778,396.1273455443218,398.3473724057609,90949700,SPY
2021-06-18,393.2530212402344,396.01103650529984,393.04450841386256,395.3096883274855,118676300,SPY
2021-06-21,398.8827819824219,399.07234960193415,394.2102322934181,395.03479648277664,72822000,SPY
2021-06-22,401.0153503417969,401.85888877957666,398.1435768926183,398.8733863104643,57700300,SPY
2021-06-23,400.531982421875,401.90624657749316,400.4466856610955,401.09116935851483,49445400,SPY
2021-06-24,402.9014587402344,403.3279425710601,402.4465137300575,402.7024329525157,45110300,SPY
2021-06-25,404.3326110839844,404.7875561207048,403.32796610302904,403.65969505122325,58129500,SPY
2021-06-28,405.1476745605469,405.3182680848234,403.65019430751784,404.8633520200861,53159600,SPY
2021-06-29,405.3656921386719,406.1807694061855,404.8254503642709,405.53628567038925,35970500,SPY
2021-06-30,405.70684814453125,406.38925114312417,404.8727968213665,404.90122907447613,64827900,SPY
2021-07-01,407.953125,408.1142604002193,406.4082382657489,406.474589837837,53441000,SPY
2021-07-02,411.07135009765625,411.43151130715034,408.03844099830405,409.12841168723565,57697700,SPY
2021-07-06,410.32257080078125,411.34618985307765,407.5550681683477,411.128189943579,68710400,SPY
2021-07-07,411.77264404296875,412.05699550322964,408.97670935614946,411.01443133019495,63549500,SPY
2021-07-08,408.4175109863281,409.1852107368094,405.19503473734085,406.389247204294,97595200,SPY
2021-07-09,412.7772521972656,413.0805488249891,408.2184314188936,409.9433984496177,76238600,SPY
2021-07-12,414.25579833984375,414.5117175306595,412.2559958022083,412.69196663891324,52889600,SPY
2021-07-13,412.8436279296875,414.97613365904596,412.5782505958813,413.45967935559906,52911300,SPY
2021-07-14,413.459716796875,415.0520098678641,412.19918157813646,414.559145543335,64130400,SPY
2021-07-15,412.04754638671875,412.7868139731337,410.1235532500257,412.104410899215,55126400,SPY
2021-07-16,408.81561279296875,413.2891376406709,408.4175612043477,413.2417601881087,75874700,SPY
2021-07-19,402.7782287597656,408.8819367135208,399.934887623195,403.93452197892947,147987000,SPY
2021-07-20,408.55023193359375,409.8392283654541,402.64554941183593,403.4511685662533,99608200,SPY
2021-07-21,411.85797119140625,412.00016139400816,408.5028493196768,409.7633845555588,64724400,SPY
2021-07-22,412.72039794921875,412.96683008086154,411.0428372446235,412.0379949818656,47878500,SPY
2021-07-23,416.9665222167969,417.3077092860723,413.98101966478436,414.6728808632472,63766600,SPY
2021-07-26,417.99005126953125,417.999538328057,416.3219776346611,416.3693550793719,43719200,SPY
2021-07-27,416.08502197265625,416.9664506743468,413.22270707079593,416.9380184234522,67397100,SPY
2021-07-28,415.9144592285156,417.3076975702015,414.47384343652595,416.7200783514158,52472400,SPY
2021-07-29,417.639404296875,418.7293459115925,416.84327227593457,416.85275933507603,47435300,SPY
2021-07-30,415.6111755371094,417.08022352770877,414.9097984013731,415.0425015354718,68951200,SPY
2021-08-02,414.7391662597656,417.904748901234,414.3790051281327,417.34556201094654,58783300,SPY
2021-08-03,418.1133117675781,418.23652784567116,413.3270323847896,415.5448350185782,58053900,SPY
2021-08-04,416.0566711425781,418.08490625921314,415.8197260307678,416.8148839307856,46732200,SPY
2021-08-05,418.69146728515625,418.7767640479432,416.90963555415453,417.2318774104478,38969700,SPY
2021-08-06,419.3833312988281,419.8098440396247,418.7293605223864,419.0137119909047,46930000,SPY
2021-08-09,419.0421447753906,419.67714143369057,418.2649579206708,419.35489957479837,41222600,SPY
2021-08-10,419.5634460449219,420.28376844839437,418.80523324839805,419.4970944711359,43339300,SPY
2021-08-11,420.6059875488281,420.70077137425017,419.50655880664993,420.6439068637895,44034300,SPY
2021-08-12,421.8664855957031,422.00867578329036,419.54444115923184,420.45430217040604,38909400,SPY
2021-08-13,422.6341857910156,422.6531309835694,421.8285667861289,422.3214021081504,39470300,SPY
2021-08-16,423.62939453125,423.76206874302704,419.7434892166579,421.31680810691563,73740000,SPY
2021-08-17,420.8524169921875,421.7243587629291,417.82899520171395,421.041955717845,92673900,SPY
2021-08-18,416.2461853027344,421.4116000048217,415.99978206929455,419.82879402483263,89351900,SPY
2021-08-19,416.8907165527344,418.1039033588864,413.3460267409011,413.48818803100784,92812200,SPY
2021-08-20,420.20794677734375,420.5396757357007,416.74855375211314,417.24141812131734,72008700,SPY
2021-08-23,423.9042053222656,424.82355332487214,420.2836778131178,421.9138610056584,54973000,SPY
2021-08-24,424.57720947265625,425.117451271072,424.05594179458325,424.57720947265625,38744700,SPY
2021-08-25,425.46807861328125,425.9893462340209,424.38759513529044,424.7667304128764,40529700,SPY
2021-08-26,422.9564514160156,425.4206570887891,422.86166759999514,425.18371201071784,57829600,SPY
2021-08-27,426.73809814453125,427.117204495792,423.7146765455926,423.7715410520837,77235100,SPY
2021-08-30,428.61474609375,429.41087816888455,427.1741013563003,427.4205335190668,48357400,SPY
2021-08-31,427.9797058105469,428.86113462164343,427.37314140818734,428.519947568559,59300200,SPY
2021-09-01,428.2071228027344,429.4487126668339,427.9701777305939,428.9274450777084,48721400,SPY
2021-09-02,429.5246276855469,430.3397049951851,428.31146985736524,429.64784377280944,42501000,SPY
2021-09-03,429.4202880859375,429.94158460833404,427.9701853754926,428.3777528890635,47170500,SPY
2021-09-07,427.88494873046875,429.1644581074277,427.2025456576882,429.06967427877083,51671500,SPY
2021-09-08,427.3636779785156,428.0840003623598,425.42071073892623,427.34473278250624,56181900,SPY
2021-09-09,425.5344543457031,428.9369825103565,425.28802218606927,427.16463779043585,57970400,SPY
2021-09-10,422.1792907714844,427.91335044644063,422.0560746954207,427.4868666338682,89948200,SPY
2021-09-13,423.25970458984375,425.47753589746713,420.9186861419824,425.2121585761045,83738600,SPY
2021-09-14,420.9755554199219,424.9277827622123,420.07515263625726,424.7192699556772,78197100,SPY
2021-09-15,424.49188232421875,424.9942047699643,420.28373511217745,421.4021090217299,78792200,SPY
2021-09-16,423.8189392089844,424.9467711818383,420.83340805626517,423.96110047245674,77786700,SPY
2021-09-17,419.69049072265625,423.4652342286047,419.3291757295664,423.0373841183324,118425000,SPY
2021-09-20,412.6925048828125,415.08855261540714,407.7672521297652,413.491187460344,166445500,SPY
2021-09-21,412.30267333984375,416.37216788294455,411.7702182793726,415.0600361208461,92526100,SPY
2021-09-22,416.32464599609375,418.3879312980903,412.416802727053,414.60366984379635,102350100,SPY
2021-09-23,421.3830261230469,423.00894391149257,417.9791143936544,418.21681861828495,76396000,SPY
2021-09-24,422.0770263671875,422.7996563129843,419.5098097825252,419.72850805996944,62094800,SPY
2021-09-27,420.86956787109375,422.21019404227263,420.1659436984407,421.0311904799303,61371100,SPY
2021-09-28,412.3883056640625,418.39747541616896,411.64666964518176,418.0646836989444,130436300,SPY
2021-09-29,413.08233642578125,415.54494825344585,412.51184058933075,413.7859315146501,82329200,SPY
2021-09-30,408.0335388183594,415.2882466877489,407.6912296789132,414.5751340819144,140506000,SPY
2021-10-01,412.8825988769531,414.58456874767,406.21739411668926,409.78295643386065,129240100,SPY
2021-10-04,407.55810546875,412.616428523891,405.3902154237439,411.70365256894723,128570000,SPY
2021-10-05,411.7987060546875,414.0711428099617,408.2711843295782,409.0793552867115,90682500,SPY
2021-10-06,413.51019287109375,413.71937371377385,406.5121956189314,408.15709000231993,113032200,SPY
2021-10-07,417.0852966308594,419.9567528910009,416.64792903206484,416.8285865435154,72437500,SPY
2021-10-08,416.32464599609375,418.2548320296602,415.68761496511183,417.86499364479903,74557400,SPY
2021-10-11,413.31048583984375,418.6065414665536,413.2439217113322,415.65900409151766,65233300,SPY
2021-10-12,412.2931213378906,414.65115713425456,411.49443881411145,414.2423129286215,71181200,SPY
2021-10-13,413.7763671875,414.6035729991626,410.31540980058895,413.32948221817855,72974000,SPY
2021-10-14,420.7364196777344,420.8885538425507,417.00920518129686,417.4846135651135,70236800,SPY
2021-10-15,423.9406433105469,424.311475756708,422.24819072156123,422.87573323432537,66260200,SPY
2021-10-18,425.19573974609375,425.5380198440828,421.4685253626762,422.1341086864871,62213200,SPY
2021-10-19,428.4761047363281,428.5426398609434,426.222644503992,426.84069864891364,46996800,SPY
2021-10-20,430.15899658203125,430.4632648969902,428.82785897486536,428.9419523388191,49571600,SPY
2021-10-21,431.2809143066406,431.5091010138907,429.11305353790203,429.5504210656717,41305400,SPY
2021-10-22,430.83404541015625,432.3078286604849,428.865847936789,430.84356286218724,58845100,SPY
2021-10-25,433.14453125,433.4773228946149,430.1399760461206,431.9370045004448,45214500,SPY
2021-10-26,433.5343933105469,435.9399585057707,433.1540724172885,434.71342580125923,56075100,SPY
2021-10-27,431.6137390136719,434.6753699759611,431.53765742767655,434.00029823752453,72438000,SPY
2021-10-28,435.7783203125,435.8543728817801,433.04948100484063,433.0589694406112,51437900,SPY
2021-10-29,436.6625671386719,436.957317992765,433.1540512131141,433.4488020672072,70162400,SPY
2021-11-01,437.4137268066406,438.0412693163941,435.66422754458085,437.6609194196054,48433600,SPY
2021-11-02,439.18218994140625,439.4959756745755,437.4516967330887,437.5848249875533,48908400,SPY
2021-11-03,441.8635559082031,442.2724001417978,438.1648648671922,438.61174989498437,52509800,SPY
2021-11-04,443.94586181640625,444.0314318437602,442.12028084964794,442.472078412089,52847100,SPY
2021-11-05,445.48614501953125,447.50187177059667,443.9553440683133,446.19925754089627,66390600,SPY
2021-11-08,445.8664855957031,447.10256476399456,445.17240794821066,446.59863305396107,50405200,SPY
2021-11-09,444.3927001953125,446.4749910254794,442.96647518925965,446.23728685780395,51149100,SPY
2021-11-10,440.81768798828125,444.39276850498163,439.31541018496387,442.68128082466427,69429700,SPY
2021-11-11,440.9602355957031,442.4054955014499,440.9412297083303,442.3294139187148,34848500,SPY
2021-11-12,444.2880859375,444.8490642794322,441.28350183921975,442.24383594176913,53466700,SPY
2021-11-15,444.4403076171875,445.7524394962726,443.29934482157705,445.5908168831257,46980500,SPY
2021-11-16,446.19927978515625,447.34975991899205,444.0979829087663,444.174035480856,48857500,SPY
2021-11-17,445.1153869628906,446.1137329879032,444.487844398136,445.93307547608174,47858300,SPY
2021-11-18,446.62713623046875,446.89336374419054,443.40385370902254,446.1612163189886,50625600,SPY
2021-11-19,445.82843017578125,447.77759268951917,445.4575977566076,446.51299030357035,57315600,SPY
2021-11-22,444.5733947753906,450.2497719337331,444.3642139297191,447.7301133494792,72762000,SPY
2021-11-23,445.1629943847656,446.0282412995081,441.60694824319404,444.24070077380986,73206500,SPY
2021-11-24,446.35150146484375,446.4751123082728,442.3105295166503,443.13773560220795,61858800,SPY
2021-11-26,436.3963317871094,441.0838510448521,435.25534016705717,439.60057934875755,112669600,SPY
2021-11-29,441.7494812011719,443.6130739628271,439.0206416888775,441.24554946911013,86268800,SPY
2021-11-30,433.1540832519531,441.20750241421115,432.90686160767046,439.2773455414365,148559600,SPY
2021-12-01,428.3429870605469,441.8160744708106,428.1433236485039,438.9351006019674,131939200,SPY
2021-12-02,434.9035949707031,436.4914717810718,428.1623073956631,428.5616632157224,127637800,SPY
2021-12-03,431.1193542480469,437.6609492763742,426.8406787668963,436.58655069618374,137331600,SPY
2021-12-06,436.22528076171875,438.12691450542314,431.2524980759457,433.6961044005966,98977500,SPY
2021-12-07,445.24847412109375,445.81896998414595,436.09210401981215,441.5688178785133,95484700,SPY
2021-12-08,446.4274597167969,446.8838621922544,443.86976039696236,445.6478120524147,72238800,SPY
2021-12-09,443.41339111328125,446.5320688500467,443.2137277231615,445.1248496332703,61272600,SPY
2021-12-10,447.5874938964844,447.7396280674142,443.5655573784158,446.1517802509696,77159800,SPY
2021-12-13,443.6225280761719,447.41627719631765,443.33726567330706,447.0644796810768,87724700,SPY
2021-12-14,440.5704650878906,442.83341374828603,437.61343872378876,440.313754994049,97264100,SPY
2021-12-15,447.4543762207031,447.7015688487448,438.07930781222103,440.6275187996596,116899300,SPY
2021-12-16,443.5084533691406,449.61268022437747,441.93958262897354,449.3274468261411,116568600,SPY
2021-12-17,438.7882995605469,443.4350408113961,437.06127722950373,440.39127678738765,135511600,SPY
2021-12-20,434.1224670410156,434.5231967712665,430.45850677159706,433.64538842595744,107134800,SPY
2021-12-21,441.8320007324219,441.97511847900057,435.3914400692942,437.58598983300806,69806300,SPY
2021-12-22,446.249755859375,446.36425005739017,441.3739977244185,441.5743916895101,58890200,SPY
2021-12-23,449.0263977050781,450.54350420466926,447.1562576897954,447.26120100805275,56439700,SPY
2021-12-27,455.38104248046875,455.4287386896789,450.37171753368233,450.41941374289246,56808600,SPY
2021-12-28,455.0089111328125,456.8599783156876,454.23604617815033,455.81995052630975,47274600,SPY
2021-12-29,455.5909729003906,456.6214498247785,454.10249005484945,455.11389431865143,54503000,SPY
2021-12-30,454.3314514160156,457.0412541047892,453.8639237516777,456.02029901217486,55329000,SPY
2021-12-31,453.1865234375,454.99941640531046,452.9098387978473,453.8353725035261,65237400,SPY
2022-01-03,455.8103942871094,455.9439902621818,452.127361743287,454.4650292399712,72668200,SPY
2022-01-04,455.6577453613281,457.97636941695663,453.778054569725,457.2512006490592,71178700,SPY
2022-01-05,446.90814208984375,456.06805678954737,446.8127205486723,455.28564091793396,104538900,SPY
2022-01-06,446.48834228515625,449.23631980191306,444.0933982890746,446.4406460704692,86858900,SPY
2022-01-07,444.7231750488281,447.6906194107401,443.3491861993528,446.4979227788046,85111600,SPY
2022-01-10,444.1697082519531,444.389145762566,435.66816447394604,441.4885289655664,119362000,SPY
2022-01-11,448.2153015136719,448.3107230481912,440.8682801341435,443.90252186789985,74303100,SPY
2022-01-12,449.42706298828125,451.50714757893627,447.4424290491019,449.97093951917304,67605400,SPY
2022-01-13,443.234619140625,451.2018371563382,442.19459134272347,450.5434663942206,91173100,SPY
2022-01-14,443.41595458984375,443.7689881103514,438.8169096957474,440.0477806909124,95890900,SPY
2022-01-18,435.5632019042969,438.8741284845824,434.43730342003215,438.66421274017995,109709100,SPY
2022-01-19,431.04046630859375,438.54012707476136,430.7637525987175,437.12799321448995,109357600,SPY
2022-01-20,426.2697448730469,437.7100808064265,424.1228910936079,432.94884552019033,122379700,SPY
2022-01-21,417.90179443359375,427.51968650800586,417.87317088141214,425.13429343097664,202271200,SPY
2022-01-24,419.6764831542969,420.1917361756069,401.4711772931895,412.22451803942744,251783900,SPY
2022-01-25,414.55267333984375,419.56199856119224,407.5682357570505,413.2073082147393,167997300,SPY
2022-01-26,413.5126037597656,423.683921819535,409.1997950829611,420.51611329659585,186391100,SPY
2022-01-27,411.4707336425781,421.34626629506744,409.76281325301744,418.16893569276084,149878300,SPY
2022-01-28,421.68975830078125,421.7374545102003,408.207513297401,412.84470300582825,164457400,SPY
2022-01-31,429.2848815917969,429.6379151068966,419.64788777318336,421.0123256196486,152251400,SPY
2022-02-01,432.185546875,432.83436682981477,426.4510523672628,430.019591237313,123155400,SPY
2022-02-02,436.3838195800781,437.1185101722649,432.2809259765389,434.61862286219315,117361000,SPY
2022-02-03,426.12664794921875,432.2046251763638,425.2774339913567,430.27723794947974,118024400,SPY
2022-02-04,428.1303405761719,432.02328907897765,423.4835706254172,425.8880653676078,118454400,SPY
2022-02-07,426.7563171386719,430.315304513101,425.41095212312047,428.90317063014584,84472900,SPY
2022-02-08,430.26763916015625,431.2027236750706,424.8098589501494,426.25064560346624,81012000,SPY
2022-02-09,436.5650939941406,436.88950394832347,434.15107743982577,434.3514422988808,92589900,SPY
2022-02-10,428.7219543457031,436.72731875164635,426.6991455790591,430.6493415610099,140103700,SPY
2022-02-11,420.26806640625,430.90691321691406,418.81775796478564,428.8077848767867,153214600,SPY
2022-02-14,418.8940734863281,421.3558153101049,415.3827820623974,419.75283824073216,123006300,SPY
2022-02-15,425.6495056152344,425.82124691183253,422.8633539566384,423.38815785433053,88482700,SPY
2022-02-16,426.12664794921875,427.519709427688,421.6802715210342,423.57903519420205,84863600,SPY
2022-02-17,417.0238952636719,426.09793850398194,416.41324986796246,422.90150643001283,102259100,SPY
2022-02-18,414.3236083984375,418.55051695880906,412.02408651308804,417.2814718307582,132642900,SPY
2022-02-22,409.87725830078125,415.53540272020405,406.33731461649074,412.0909096848985,124391800,SPY
2022-02-23,402.6065673828125,413.39808098025554,402.0340673454701,412.8255809429131,132578000,SPY
2022-02-24,408.6654968261719,409.1044300817511,391.8151071349742,392.17766239338056,213942900,SPY
2022-02-25,417.6823425292969,417.76821318887244,408.2457132066048,409.9154884194575,121804500,SPY
2022-02-28,416.61370849609375,418.11174245251954,410.95556266922836,412.22457907196116,145615000,SPY
2022-03-01,410.2685241699219,417.12891678130694,407.53006854077734,415.0965572822185,137785900,SPY
2022-03-02,417.8159484863281,419.56204350980624,411.78566744251617,412.5489816248802,117726500,SPY
2022-03-03,415.7358093261719,420.88825218251793,413.91336565066376,420.2776067398688,105501700,SPY
2022-03-04,412.35809326171875,413.50306432874675,408.26475108457515,411.95733446119215,113978200,SPY
2022-03-07,400.2021179199219,412.48211552013856,400.13531993238763,411.7664976728666,137896600,SPY
2022-03-08,397.16790771484375,407.62546176838356,396.0897054925874,400.38341260301814,164772700,SPY
2022-03-09,407.8163146972656,409.82005055426384,403.4367368330275,405.6503884296839,116990800,SPY
2022-03-10,405.974853515625,406.881285468384,401.16589262930995,403.1505269768378,93972700,SPY
2022-03-11,400.81280517578125,409.1139549963545,400.2975521562007,408.4937586660891,95636300,SPY
2022-03-14,397.8835754394531,405.0874510691669,396.7290533137992,401.5952611392904,95729200,SPY
2022-03-15,406.6331787109375,407.2724477159236,399.23846055687824,400.5265494566032,106219100,SPY
2022-03-16,415.64990234375,415.7071494390392,405.32591575433656,410.1826009136886,144954800,SPY
2022-03-17,420.85009765625,420.85009765625,413.33133471750034,413.71299175062893,102676900,SPY
2022-03-18,425.45953369140625,425.7849514160325,418.47256014890957,419.2191135663517,106345500,SPY
2022-03-21,425.335205078125,427.31642423368135,421.78426355250934,425.2873314813455,88349800,SPY
2022-03-22,430.31219482421875,431.25973563713376,426.7421215856696,426.7421215856696,74650400,SPY
2022-03-23,424.7704772949219,429.2593791208495,424.684339871641,427.7471401193155,79426100,SPY
2022-03-24,431.1736755371094,431.18325609945117,425.6893877770608,426.8187841901948,64736900,SPY
2022-03-25,433.2792663574219,433.55683972750614,429.20192005869427,431.8148718599814,77101300,SPY
2022-03-28,436.3612365722656,436.3612365722656,430.7620703403764,432.67631320878104,68529800,SPY
2022-03-29,441.7593688964844,442.25709071647043,437.57675306698206,440.29497432811587,86581500,SPY
2022-03-30,439.0316162109375,441.42441981093384,436.8972248844906,440.6012801838404,79666900,SPY
2022-03-31,432.2742919921875,439.08899119607855,431.81486323801704,438.25630031147745,121699900,SPY
2022-04-01,433.49945068359375,434.0162752250027,429.88153284859106,433.8727128523891,89048800,SPY
2022-04-04,437.21307373046875,437.31837228036255,432.8677633078613,433.70045430935147,59601000,SPY
2022-04-05,431.6904296875,438.1988430084793,430.53232106373974,435.700770372638,74214500,SPY
2022-04-06,427.373779296875,429.6804450644482,424.45457110471835,427.72793870262933,106898000,SPY
2022-04-07,429.5273132324219,431.3649989716075,424.5120069912849,426.4836745231376,78097200,SPY
2022-04-08,428.3788146972656,431.30760372619034,426.8187022048659,428.7616573999894,79272700,SPY
2022-04-11,421.05682373046875,425.9189871816048,420.54955059948986,425.06713518690975,89770500,SPY
2022-04-12,419.4967346191406,426.63685188095405,417.92704154758025,424.08132496387395,84363600,SPY
2022-04-13,424.301513671875,425.0671991591075,419.06605809786765,419.24791351266543,74070400,SPY
2022-04-14,419.01824951171875,425.66067537308174,418.91295095303525,424.5312497507198,97869500,SPY
2022-04-18,419.1904602050781,420.8941351265984,416.931638515193,418.08019587737556,66002500,SPY
2022-04-19,425.957275390625,426.6846677230804,418.9128473700947,419.0851221954901,77821000,SPY
2022-04-20,425.64141845703125,428.3788006493394,424.46417791498675,427.7566776266864,65224400,SPY
2022-04-21,419.276611328125,430.7142241013014,418.3577829337673,429.30725443070924,85417300,SPY
2022-04-22,407.7720642089844,419.29578638242225,407.1977854500383,418.1759705510568,132471800,SPY
2022-04-25,410.13604736328125,410.3083221828114,400.8806717715417,405.50358389209896,119647700,SPY
2022-04-26,398.2582092285156,407.7719980148025,398.22949675568077,407.5709814959325,103996300,SPY
2022-04-27,399.3780212402344,404.7857803167525,397.2149468186532,399.3493087676611,122030000,SPY
2022-04-28,409.466064453125,411.21761280388006,399.6938640766289,404.18276534802834,105449100,SPY
2022-04-29,394.333984375,407.60925242796685,393.5778503526472,405.42701698376715,145491100,SPY
2022-05-02,396.7077331542969,398.08599046255046,387.6533426580418,394.4010668149146,158312500,SPY
2022-05-03,398.52618408203125,400.9668317900633,395.6356589714871,397.21493253329896,100028200,SPY
2022-05-04,410.6624755859375,411.2367542258444,395.9706573260259,399.19615153525416,144247900,SPY
2022-05-05,396.0664367675781,406.7766284510469,391.8838205790674,406.3459121020163,172929100,SPY
2022-05-06,393.7023620605469,397.013994337255,388.3329243601076,393.4726622429116,151770800,SPY
2022-05-09,381.09698486328125,388.9836546970786,379.4985795074588,387.7298281834731,155586100,SPY
2022-05-10,381.9775695800781,388.6678387063793,377.89067178624043,387.14601921112325,132497200,SPY
2022-05-11,375.909423828125,386.71533243954747,375.15328975571026,381.001316604722,142361000,SPY
2022-05-12,375.5169982910156,378.82863008346874,368.63529324003053,372.67434662733314,125090800,SPY
2022-05-13,384.49481201171875,385.89220108458835,378.6467850380676,379.6996244254463,104174400,SPY
2022-05-16,382.9346923828125,386.64832803939817,380.5514694750562,382.8294230505305,78622400,SPY
2022-05-17,390.81182861328125,391.05110897035604,385.317931752705,389.0985730780979,83029700,SPY
2022-05-18,375.0575866699219,386.4856187934089,373.80375994293706,386.1984940502169,117674500,SPY
2022-05-19,372.7604675292969,377.2398175829103,370.5112265467498,371.9564891117317,98510700,SPY
2022-05-20,372.9231872558594,380.00587923277953,364.2229578998327,376.38796178562956,131432200,SPY
2022-05-23,379.9006652832031,380.6759313342398,373.64108271462095,375.9860127818078,76414900,SPY
2022-05-24,377.0006103515625,378.20656360723956,370.36773600469985,375.7276223701418,91448800,SPY
2022-05-25,380.331298828125,382.3221275547169,375.0862926252339,375.48826722741353,91472900,SPY
2022-05-26,387.93084716796875,389.5866775979574,381.36500880962234,381.5755766723433,82168300,SPY
2022-05-27,397.45428466796875,397.5691345748797,390.2184484422788,390.4194357793729,84768700,SPY
2022-05-31,395.22418212890625,398.602819925166,392.4485355635167,395.8175927976894,95937000,SPY
2022-06-01,392.02734375,398.39219510501664,389.48139736618805,397.36809742408747,86585800,SPY
2022-06-02,399.4929504394531,399.5407948300667,389.58673723298136,391.864691039557,79609600,SPY
2022-06-03,392.9366455078125,396.2865705593361,391.95081158958243,394.71687737200284,71874300,SPY
2022-06-06,394.1330261230469,398.7463290328403,392.94617573503086,396.99480973775064,57508900,SPY
2022-06-07,397.9136047363281,398.37303348114335,390.13220379960296,390.60121310442196,59272400,SPY
2022-06-08,393.5874938964844,397.9902585208139,392.7835153630201,396.1812849137473,64350000,SPY
2022-06-09,384.226806640625,394.08514510729896,384.226806640625,391.78805965195056,86289800,SPY
2022-06-10,373.08587646484375,378.8094724370647,373.0380320827598,377.94806909638214,132893900,SPY
2022-06-13,358.9205017089844,365.4384956832975,357.29338375096023,363.562546039559,170004900,SPY
2022-06-14,357.83892822265625,361.7344188417959,354.6995715931216,360.69116015184636,104011800,SPY
2022-06-15,362.9404602050781,367.4389134287406,356.16402408132404,361.17933105894053,125666800,SPY
2022-06-16,350.92852783203125,355.0345864932004,348.46871901757845,354.6230313337775,134473300,SPY
2022-06-17,351.6850891113281,355.06872884260866,348.1380816308495,351.3486729957233,111113900,SPY
2022-06-21,360.5382385253906,361.94166385185497,357.40453506864367,357.4814519643187,76811900,SPY
2022-06-22,359.8846435546875,364.0468690767001,355.837734722438,356.26068970412297,90059400,SPY
2022-06-23,363.4123840332031,364.15254047647903,358.44270772012106,362.0474171549332,79292100,SPY
2022-06-24,374.9666748046875,374.97629675059903,366.59414443678344,366.6229809393172,98050300,SPY
2022-06-27,373.53448486328125,376.19715356049386,372.42904627307706,375.899166531879,66009600,SPY
2022-06-28,365.90203857421875,377.92735881386756,365.7866925642309,375.1108861742609,86548900,SPY
2022-06-29,365.6040344238281,367.45925111275926,363.75843968034417,366.4595661830386,65676000,SPY
2022-06-30,362.63385009765625,365.9117367957022,358.1255568112559,361.6629720858741,112508300,SPY
2022-07-01,366.46917724609375,366.91137606613574,359.3174312507828,361.9705068302307,74839700,SPY
2022-07-05,367.1612854003906,367.18052929239843,358.4523095292125,361.31686259425834,81438000,SPY
2022-07-06,368.4013366699219,370.9198225231262,364.89275837820134,367.3054908243702,70426200,SPY
2022-07-07,373.9189147949219,374.72636621264735,368.42052999642806,370.1988592387146,64525900,SPY
2022-07-08,373.611328125,375.50500334317223,370.7179385982737,372.2655464524384,72397800,SPY
2022-07-11,369.3433532714844,371.8810535124731,368.6416259261286,370.90058308632763,58366900,SPY
2022-07-12,366.07501220703125,371.19852175203914,364.3063051576813,368.785760446499,62219200,SPY
2022-07-13,364.15252685546875,367.122833133627,360.14410654160366,360.56706144628384,84224600,SPY
2022-07-14,363.2682189941406,364.3640354607223,356.66439568558775,359.1348010423068,89704800,SPY
2022-07-15,370.2084655761719,370.3238115830979,365.79630480005216,367.7284090864627,79060400,SPY
2022-07-18,367.1517333984375,374.01508584326325,365.91170497003117,373.33260231112837,63203600,SPY
2022-07-19,377.07177734375,377.64853665291514,370.45836251560735,371.1216019856706,78506000,SPY
2022-07-20,379.4749755859375,380.9072668041293,375.87988795927413,377.2640987820411,71843800,SPY
2022-07-21,383.3392028808594,383.3872539360509,376.45660793703985,378.88858390074046,64903900,SPY
2022-07-22,379.7825622558594,384.6753509090649,377.53322713446744,383.4641885115153,72197300,SPY
2022-07-25,380.24395751953125,381.1090818580966,377.9753786149749,380.4169765202046,53631500,SPY
2022-07-26,375.74530029296875,378.79246480437615,374.8417174784014,378.5809873512817,52946400,SPY
2022-07-27,385.50201416015625,387.27072121977795,378.7828165203093,379.0808034559675,82342100,SPY
2022-07-28,390.3371887207031,391.0388867502387,382.7240291170594,386.31914611595874,73966600,SPY
2022-07-29,396.02777099609375,397.02748525038425,391.01001450435007,391.78862936210345,87003700,SPY
2022-08-01,394.85504150390625,397.39277094242425,392.5768699105818,393.2978117735427,69997500,SPY
2022-08-02,392.25006103515625,396.9986672958745,391.05811316467975,393.26898989253783,63435400,SPY
2022-08-03,398.39251708984375,399.57484306519416,394.11491662652395,394.4032816607065,67820600,SPY
2022-08-04,398.1232604980469,399.0075992572984,396.4602776836366,398.3154940245305,45656600,SPY
2022-08-05,397.4504699707031,398.1041169288089,393.7304144078584,393.78808741385586,56814900,SPY
2022-08-08,396.9890441894531,401.43966346954056,395.8739838829897,399.16149179818365,53886100,SPY
2022-08-09,395.41259765625,396.7583499720345,394.3263738579095,396.2488855476589,44931800,SPY
2022-08-10,403.71783447265625,403.8620463181089,400.57453840835655,402.5547231096879,68665700,SPY
2022-08-11,403.71783447265625,408.48568460313226,402.9680560841444,406.60160201850204,59489700,SPY
2022-08-12,410.5523681640625,410.6580922237723,404.71753827383014,405.6787940975179,61694500,SPY
2022-08-15,412.24420166015625,412.7729100197016,408.25499544090906,408.31266844955724,54048300,SPY
2022-08-16,413.0517272949219,415.003075859909,410.3409782533517,411.15805174484416,59289000,SPY
2022-08-17,410.1197814941406,412.85936639312547,408.0915458355961,409.40846158889923,63563400,SPY
2022-08-18,411.311767578125,412.00384360787325,409.01435208364535,410.3216459201027,49023200,SPY
2022-08-19,405.7845764160156,408.78369010606076,404.9002080876989,408.5145396296516,68016900,SPY
2022-08-22,397.3351745605469,401.06485254444414,396.4219696239516,400.89180416921204,77695600,SPY
2022-08-23,396.3738708496094,399.32493346298486,395.81632600746724,396.9025498533495,49105200,SPY
2022-08-24,397.64276123046875,399.02694280829394,395.45109884070723,396.14317496201807,49177800,SPY
2022-08-25,403.2564697265625,403.30452078721123,398.04644987039785,399.1518882821356,50942300,SPY
2022-08-26,389.60662841796875,403.6890215558976,389.54895541049837,403.1411279849289,103087000,SPY
2022-08-29,387.0304870605469,390.1161104399587,385.65589809527165,386.61715404333046,65370800,SPY
2022-08-30,382.7817077636719,388.44351915530365,380.65734041611535,388.2032051777682,85652400,SPY
2022-08-31,379.869140625,385.6943496624961,379.73458003874504,384.4351066440568,76029700,SPY
2022-09-01,381.0610656738281,381.40710370684076,374.92824851702744,377.66783361918215,78740100,SPY
2022-09-02,377.0429992675781,386.00191116388805,375.20699700543383,384.7715048034439,99632100,SPY
2022-09-06,375.6203308105469,378.85013626077574,373.3709957287376,377.89850239333316,76637400,SPY
2022-09-07,382.3683166503906,383.14693147245526,375.0820108663789,375.30308091758377,70964200,SPY
2022-09-08,384.86761474609375,385.3289987709693,378.8501438499422,380.0709575312253,80821700,SPY
2022-09-09,390.8466491699219,391.72139554652983,386.8670357204222,387.13618619513227,76706900,SPY
2022-09-12,395.04736328125,395.77792719853437,392.6346014330005,392.94221038082594,69256300,SPY
2022-09-13,377.8697509765625,387.48231126935116,376.7354759024629,386.26149733763515,122947100,SPY
2022-09-14,379.3116149902344,380.849630422904,375.9664336243182,379.18664701939434,85023700,SPY
2022-09-15,375.0051574707031,380.61888856300754,373.7170780490116,377.7351207825989,87633800,SPY
2022-09-16,372.1442565917969,372.8102500746001,368.8142891777807,370.7736826530603,103084800,SPY
2022-09-19,375.0301818847656,375.0301818847656,368.8818341754439,368.95906702758845,73278500,SPY
2022-09-20,370.7253723144531,372.6847361625828,367.9359467810863,371.66162180576845,77274900,SPY
2022-09-21,364.2585144042969,375.7637347282181,364.248852934161,372.67506876630944,106746600,SPY
2022-09-22,361.1988525390625,365.1368741933567,360.44599415857806,363.4767211677108,89472600,SPY
2022-09-23,355.14703369140625,357.72411340085114,350.64917685573903,357.68549697041243,122346900,SPY
2022-09-26,351.6336669921875,357.3283679418057,350.39820634733576,353.66060243681915,92581200,SPY
2022-09-27,350.7359924316406,357.51171696376906,348.31331987307897,355.21452569471563,108294100,SPY
2022-09-28,357.6372375488281,359.34563898306243,349.9831726048501,351.701235510324,110802200,SPY
2022-09-29,350.1665954589844,354.3362570682175,347.1841166912817,354.04670746191925,112952300,SPY
2022-09-30,344.7517395019531,353.17798547071806,344.6166261876409,349.21097962122457,153711200,SPY
2022-10-03,353.8536376953125,355.72613694099203,346.7111296791081,348.516057534673,89756500,SPY
2022-10-04,364.818359375,364.84731433282997,353.81503356403977,359.4421630441656,103602800,SPY
2022-10-05,363.968994140625,366.25652429867245,358.042653294007,360.39775484250714,88065700,SPY
2022-10-06,360.2143859863281,365.54230503287965,359.7124607183134,362.5501647365061,82333500,SPY
2022-10-07,350.1665954589844,360.30124405933043,348.3809610049247,356.13155299438966,107789500,SPY
2022-10-10,347.492919921875,351.5371292082342,345.22471286942846,351.2958280787651,76042800,SPY
2022-10-11,345.29229736328125,350.3982381398513,343.3329331286905,345.7748996817096,92482800,SPY
2022-10-12,344.15338134765625,347.29995805774234,343.9024187028392,345.7073762129862,76991800,SPY
2022-10-13,353.23590087890625,354.722324093684,335.9973327607428,337.05906362844115,147254500,SPY
2022-10-14,345.1861267089844,357.3766655516136,344.5394266647909,355.7261444732106,123737000,SPY
2022-10-17,354.05633544921875,355.17597624719497,344.8482759155853,351.344113055805,93168200,SPY
2022-10-18,358.21636962890625,362.3860603574706,354.7319658837695,362.0771878318647,97162900,SPY
2022-10-19,355.67791748046875,358.9113589850693,352.83055194902005,356.15085833840163,79746900,SPY
2022-10-20,352.6954040527344,359.7027986288326,351.92322272638836,355.2242353031429,88283100,SPY
2022-10-21,361.2663879394531,361.7586221873889,350.8904399267158,352.41545002296243,131038400,SPY
2022-10-24,365.6870422363281,366.83563800442863,360.127454616326,362.81075153613125,85436900,SPY
2022-10-25,371.52655029296875,371.84505483562714,365.4940218238639,365.6098416575578,78846300,SPY
2022-10-26,368.7274169921875,374.093951721316,368.0807464644786,368.34134107861,104087300,SPY
2022-10-27,366.7584533691406,371.60376984198695,366.1310468165304,369.74093203916163,81971800,SPY
2022-10-28,375.48388671875,375.96648902367366,366.4688791974609,366.6522704297885,100302000,SPY
2022-10-31,372.77166748046875,374.88546795153775,371.8547407662759,372.99367514678863,96631300,SPY
2022-11-01,371.1404724121094,376.80624831298366,369.95328957305725,376.5649471563363,85407600,SPY
2022-11-02,361.8262023925781,375.1074255985711,361.7200440374336,370.5419977575852,126990400,SPY
2022-11-03,358.1005554199219,361.17956034159533,355.9578001053984,358.5445412726377,87100100,SPY
2022-11-04,363.2547607421875,365.687065754513,357.1257055796122,363.88213784733455,103505200,SPY
2022-11-07,366.7294921875,367.32791431456917,362.4632749806646,364.56741389703893,68286900,SPY
2022-11-08,368.7081298828125,371.71956329878554,364.5770556791076,367.84908371371904,84641100,SPY
2022-11-09,361.1119689941406,367.8780620529582,360.6100437959627,366.7101433846629,78495500,SPY
2022-11-10,380.9565734863281,381.2944009586985,372.22148438253384,374.54760134940835,141455800,SPY
2022-11-11,384.6436462402344,385.45441446767416,379.91412072994757,381.82523620186475,93839900,SPY
2022-11-14,381.3716125488281,386.25554515730494,381.09169498505867,382.858035785753,71903500,SPY
2022-11-15,384.6243591308594,388.3114476524272,380.7635408563061,387.191806818122,93194500,SPY
2022-11-16,381.69012451171875,383.9390379961697,381.05308601837606,382.9738335133541,68508500,SPY
2022-11-17,380.5221862792969,381.20750263490265,376.56487166815054,376.87371470040904,74496300,SPY
2022-11-18,382.2499694824219,383.9680324603837,379.3640172076814,383.9004610702652,92922500,SPY
2022-11-21,380.8600769042969,382.0472891580128,378.99723910875036,380.90835480738184,51243200,SPY
2022-11-22,385.9853515625,386.14944932112957,381.4006292621629,382.82914281453395,60429000,SPY
2022-11-23,388.4176330566406,388.90986735370535,385.41583154987455,385.6474712190815,68261600,SPY
2022-11-25,388.3306884765625,388.8905235456464,387.568198178851,387.8480862576911,30545400,SPY
2022-11-28,382.1341552734375,386.86365190438426,381.36197392293786,385.20349882044343,67881600,SPY
2022-11-29,381.4778137207031,383.4757647990618,379.6149465097958,382.26925908366616,52310000,SPY
2022-11-30,393.4945983886719,393.4945983886719,379.78871094655364,381.7287521337324,144566700,SPY
2022-12-01,393.20501708984375,395.73384818729875,390.66652452148577,394.5466360386834,76398200,SPY
2022-12-02,392.75140380859375,393.66833049697027,388.1473885118186,388.25354687813,85342700,SPY
2022-12-05,385.68609619140625,390.8402851353554,384.3155221773021,389.8944034946739,77289800,SPY
2022-12-06,380.12646484375,386.07212793528436,378.0126941459997,385.52198377171527,77972200,SPY
2022-12-07,379.4798278808594,381.8735457907901,378.3312320994056,379.26748169969045,65927900,SPY
2022-12-08,382.45263671875,383.5336610884183,379.58597806260593,381.39093529149324,60737900,SPY
2022-12-09,379.5956726074219,383.784657132719,379.47019129363366,381.19791581481877,81447700,SPY
2022-12-12,385.068359375,385.068359375,379.7211180263533,380.39674352454324,75405800,SPY
2022-12-13,387.9833068847656,396.20683974071954,385.1842193446836,395.9462450942811,123782500,SPY
2022-12-14,385.502685546875,391.3904391039446,382.52020706717934,387.6357793225075,108111300,SPY
2022-12-15,376.0726013183594,381.49704542335803,374.39315506034654,380.58008944587914,117705900,SPY
2022-12-16,371.6327209472656,374.8422166925355,369.4704496163077,373.4847309619178,119858000,SPY
2022-12-19,368.4813232421875,372.16596040837743,366.79416487545245,371.8265816496415,79878100,SPY
2022-12-20,368.9856262207031,370.6243149134932,366.37730064891156,367.7154042764887,74427200,SPY
2022-12-21,374.5028381347656,375.6470024759306,371.0703155203034,371.6133097700416,78167400,SPY
2022-12-22,369.16009521484375,374.48339136727145,363.39074486331384,371.4193357646153,100120900,SPY
2022-12-23,371.2835998535156,371.429039443263,366.5517679273062,368.1225746785062,59857300,SPY
2022-12-27,369.8194580078125,371.5163223546151,368.1225936610099,371.1672673212222,51638200,SPY
2022-12-28,365.223388671875,371.7490547748007,364.9906853166092,369.75157580856137,70911500,SPY
2022-12-29,371.7975158691406,372.6798888580042,367.5698842736494,368.10320223797714,66970900,SPY
2022-12-30,370.81817626953125,370.9636158642574,366.93962925835154,369.08254778752337,84022200,SPY
2023-01-03,369.2570495605469,374.69669716086906,366.3578157499372,372.6992479566295,74850700,SPY
2023-01-04,372.10784912109375,374.1634745201176,368.4620050754478,371.5454431739836,85934100,SPY
2023-01-05,367.8608093261719,370.24610753892307,367.2596392522316,370.1297558589303,76970500,SPY
2023-01-06,376.2966613769531,377.43114952851016,367.88992633219317,370.9927465441918,104189600,SPY
2023-01-09,376.0833435058594,381.7460488864567,375.8991397236085,378.5171415271556,73978100,SPY
2023-01-10,378.720703125,378.78858479831536,374.5415711623446,375.49182581586547,65358100,SPY
2023-01-11,383.5107421875,383.58832970359543,379.49646116309526,380.32065837354753,68881100,SPY
2023-01-12,384.9070739746094,386.3906173190286,380.5049435432567,384.62590056564017,90157700,SPY
2023-01-13,386.40020751953125,386.9819954314796,381.39687882231516,381.66837590242943,63903900,SPY
2023-01-17,385.69244384765625,388.0777718330717,385.0040099612812,386.38090732499995,62677300,SPY
2023-01-18,379.60308837890625,387.971058411242,379.39947294334144,386.89477580371937,99632300,SPY
2023-01-19,376.8396911621094,379.20557792508555,375.5015875334553,377.5378013082219,86958900,SPY
2023-01-20,383.8598327636719,384.0149782072945,376.58755654305355,378.25533307328743,91806400,SPY
2023-01-23,388.4656066894531,390.4242624270123,383.70468631853214,384.674323145417,84178800,SPY
2023-01-24,388.0486755371094,388.96981278131835,385.5664075918585,386.7687478053796,59524900,SPY
2023-01-25,388.1940612792969,388.5334400446893,381.61021975815345,383.9276656898367,84800300,SPY
2023-01-26,392.46044921875,392.62530047562916,387.8837628706581,390.88964251974176,72287400,SPY
2023-01-27,393.36224365234375,395.766953530763,391.1902667240724,391.4035880003109,68346200,SPY
2023-01-30,388.42681884765625,392.828978394241,388.12623379402066,390.56970798224273,74202000,SPY
2023-01-31,394.13800048828125,394.1864704947687,388.60135272647386,388.9504373824766,86811800,SPY
2023-02-01,398.3267822265625,401.10966467538105,390.13336909060706,392.906516111432,101459200,SPY
2023-02-02,404.1252136230469,405.6087567041384,400.3436361213397,402.2634979963016,101654500,SPY
2023-02-03,399.8297424316406,404.3094597358688,398.6079905883177,399.0928089907834,94736800,SPY
2023-02-06,397.3862609863281,398.801952106259,395.7088081581303,397.3474968174575,60295300,SPY
2023-02-07,402.58349609375,403.8440120683523,395.1948685823552,396.4553845569575,90990700,SPY
2023-02-08,398.18133544921875,401.94353086806785,397.4831957880822,400.58604530223727,76227500,SPY
2023-02-09,394.7294006347656,401.98229380319435,393.48826684245864,401.8271483802855,78694900,SPY
2023-02-10,395.65057373046875,396.03842249852727,392.7125756657534,393.5367432012661,70769700,SPY
2023-02-13,400.29510498046875,400.4308683218395,395.8444760879518,396.30991235569826,64913500,SPY
2023-02-14,400.1109313964844,402.44772997458745,396.10632679762597,398.7534162442866,88389300,SPY
2023-02-15,401.4102478027344,401.4878057256822,397.0371764235173,397.8904615307759,61555700,SPY
2023-02-16,395.88330078125,400.37272377802026,395.7475670202348,396.37782500494444,76431500,SPY
2023-02-17,394.894287109375,395.1366963059818,391.7817317194485,393.730711129276,89257800,SPY
2023-02-21,386.97235107421875,391.8884168043037,386.7105597881842,390.82181039477337,82655900,SPY
2023-02-22,386.4390563964844,388.9504121435248,384.9651895305076,387.38928151695194,83742300,SPY
2023-02-23,388.49468994140625,389.98793892233294,384.21858803532103,389.3673571569208,96242400,SPY
2023-02-24,384.34466552734375,385.1882448658745,381.68786998466646,383.41382242182385,108194400,SPY
2023-02-27,385.6535949707031,389.1054990730712,384.70334040215556,387.7286020117849,80444700,SPY
2023-02-28,384.2283020019531,387.1565945931586,384.1216265627177,385.1688509162658,96438600,SPY
2023-03-01,382.75439453125,384.64519799706466,381.4357027779782,383.40406416241154,99706800,SPY
2023-03-02,385.731201171875,386.58448626417436,380.41758101862564,380.7569598063764,85127800,SPY
2023-03-03,391.91748046875,392.1695954929354,386.9141512863153,387.5734971746838,90120000,SPY
2023-03-06,392.18902587890625,395.07855440341785,391.7430012043068,392.751402243317,72795900,SPY
2023-03-07,386.1772155761719,392.3829144136942,385.5566634469987,392.14050522757117,108310600,SPY
2023-03-08,386.8075256347656,387.5735174019799,384.5482553177289,386.2936193139277,74746600,SPY
2023-03-09,379.67095947265625,389.2897689515942,378.67223481429073,387.60258090246896,111945300,SPY
2023-03-10,374.1925354003906,381.22240209446096,372.65081646253805,379.1182772501416,189253000,SPY
2023-03-13,373.6592102050781,378.53651154881794,369.0922293194743,370.21701151974185,157790000,SPY
2023-03-14,379.8357849121094,381.503561174823,375.29786278921495,378.6431211504892,149752400,SPY
2023-03-15,377.4602966308594,377.6639121188687,372.05941134667177,374.17324253195727,172996900,SPY
2023-03-16,384.082763671875,384.4318482572145,374.560954147834,375.0748603946417,143254200,SPY
2023-03-17,379.5918273925781,383.8842487131921,378.190219218341,382.7357177577169,140553400,SPY
2023-03-20,383.2418518066406,383.66040945643573,379.66972024400764,380.3802375233419,93055800,SPY
2023-03-21,388.2740173339844,388.7606860233749,385.03278722846005,386.64853084170437,91524200,SPY
2023-03-22,381.6553039550781,391.75855066289427,381.61639184687533,388.0988223305706,111746600,SPY
2023-03-23,382.6871032714844,388.64392379045967,379.9422844977912,384.5558945656442,119351300,SPY
2023-03-24,385.1982727050781,385.28586950584946,379.01757432796904,381.39251993965786,107682400,SPY
2023-03-27,385.91851806640625,388.28375041210535,385.0133214559245,387.5050627063962,74010400,SPY
2023-03-28,385.0522766113281,385.9185314405702,383.1931986358876,385.2177273330947,62871700,SPY
2023-03-29,390.64898681640625,390.89232117598993,388.0501627863361,389.2668345842544,77497900,SPY
2023-03-30,392.93634033203125,393.5690037335665,391.0480633032695,393.31592649139174,69840000,SPY
2023-03-31,398.4746398925781,398.7763721310508,393.76366041263276,393.87074298003716,112062600,SPY
2023-04-03,399.9930114746094,400.4017965433798,397.54992512551536,397.9489970190578,67391100,SPY
2023-04-04,397.7738342285156,400.93718098449506,396.38193908091915,400.6451619231403,66601500,SPY
2023-04-05,396.7323303222656,397.80300740342744,395.05818880551254,397.0340625400612,65200200,SPY
2023-04-06,398.2799072265625,398.5621833713296,394.8634836691037,395.92441780176136,63743300,SPY
2023-04-10,398.688720703125,398.7666043298066,395.14578799051924,395.76870848447066,63681000,SPY
2023-04-11,398.7958068847656,400.21687119365475,398.01714883428133,399.32141740598786,59297900,SPY
2023-04-12,397.1703186035156,401.1804936873702,396.5765970407877,400.8884746417839,86420400,SPY
2023-04-13,402.44580078125,402.8059308530377,397.11190133710227,398.2701751757108,85814800,SPY
2023-04-14,401.4627380371094,404.0226201667192,399.12673420421424,401.80341206988373,78161500,SPY
2023-04-17,402.9032897949219,402.92274584971403,400.1292722361705,401.37514293257703,66436400,SPY
2023-04-18,403.1660461425781,404.6357950124813,401.7741808930647,404.49951352874814,63560000,SPY
2023-04-19,403.0979309082031,404.01284065902394,401.1707123262414,401.22911018897685,55227300,SPY
2023-04-20,400.8982238769531,402.6697051216665,399.3311351746603,400.24607473164843,75840400,SPY
2023-04-21,401.20965576171875,401.6768386654951,399.23378218743716,401.19991288325747,73457400,SPY
2023-04-24,401.62823486328125,402.0565057155857,399.65236103720025,401.00528464032885,64332100,SPY
2023-04-25,395.2528381347656,400.19740875860384,395.19444026710534,399.6328564326876,97766700,SPY
2023-04-26,393.5787048339844,396.96592974847795,393.0141822001858,395.8757965908664,80447000,SPY
2023-04-27,401.4140930175781,401.686626309786,395.89525672049297,396.14833395750776,92968400,SPY
2023-04-28,404.8402099609375,404.8499528400004,400.4601917441596,400.518589610738,89335600,SPY
2023-05-01,404.43145751953125,406.4851853023075,404.19783633047234,404.3925157040378,62122300,SPY
2023-05-02,399.8859558105469,403.7598495686788,396.9464873945353,403.71116487366527,103998500,SPY
2023-05-03,397.1411437988281,402.83517393886245,396.89780943133866,400.3920873840193,91531800,SPY
2023-05-04,394.32818603515625,396.41111262734955,392.97523278984136,396.08018147546466,94901900,SPY
2023-05-05,401.62823486328125,402.6891691143394,397.74462796123623,398.00741837809966,87844000,SPY
2023-05-08,401.7352600097656,402.2219286989101,400.3141957545555,401.95913830017594,50046800,SPY
2023-05-09,399.9735412597656,401.102616238175,399.73994978281917,400.1682206264883,49220100,SPY
2023-05-10,401.84234619140625,403.4872887518615,397.9684526974755,402.8448825119293,96142900,SPY
2023-05-11,401.1415100097656,401.4334993209787,399.0390978573392,400.96631642303777,70157100,SPY
2023-05-12,400.615966796875,402.61132643811567,398.16316705924265,402.3971910059802,70439400,SPY
2023-05-15,401.99810791015625,402.406893003121,399.2922309995601,401.2291630110443,54289400,SPY
2023-05-16,399.31170654296875,401.8131910291643,399.3019636627888,400.8787656489812,57705500,SPY
2023-05-17,404.158935546875,404.7721132125985,399.69132004461545,401.35571883081343,87287000,SPY
2023-05-18,408.05224609375,408.48051692312157,403.6138299565358,403.83767854650284,97177200,SPY
2023-05-19,407.45849609375,409.50251056679645,406.222368293831,408.9671868803819,103679700,SPY
2023-05-22,407.62396240234375,409.1813081232912,406.222354223881,407.47796773873284,60745400,SPY
2023-05-23,403.0492858886719,407.55584286464847,402.65021398477086,405.95955524904446,86383500,SPY
2023-05-24,400.1292724609375,401.81315687426667,398.95154251149256,401.4238278509022,89213700,SPY
2023-05-25,403.5943298339844,405.0640787508319,401.41406365579905,403.6819266317973,90961600,SPY
2023-05-26,408.8211669921875,409.55117004743295,404.1783582542306,404.25621217707396,93830000,SPY
2023-05-30,408.97686767578125,411.31287130121456,407.5752595597417,410.77754765718316,72216000,SPY
2023-05-31,406.70904541015625,408.0425129180875,405.1225006686962,407.1275733702995,110811800,SPY
2023-06-01,410.57318115234375,411.6438582121454,405.6772953144276,406.9426220280753,88865000,SPY
2023-06-02,416.51055908203125,417.30867318618937,412.6464083620261,413.18173205792607,91366700,SPY
2023-06-05,415.71240234375,418.1652018562358,415.00185536054477,416.8609333270958,65460200,SPY
2023-06-06,416.6176452636719,417.1529690023909,414.63202846408547,415.29392053321624,64022200,SPY
2023-06-07,415.1770324707031,418.16518524765524,414.7487616627537,417.01665430992654,85373300,SPY
2023-06-08,417.68829345703125,418.1457632344052,414.4665489603408,415.2452070178747,61952800,SPY
2023-06-09,418.4377746582031,420.4720464169539,417.43523824687804,418.4961725304044,85742800,SPY
2023-06-12,422.2337646484375,422.3116482769107,418.7005747338686,419.43057780532433,76104300,SPY
2023-06-13,425.01751708984375,425.6696365204742,423.04164333535215,423.71324852468234,95899700,SPY
2023-06-14,425.52362060546875,427.35349959785805,422.0293430418738,425.358169888184,100612100,SPY
2023-06-15,430.7991638183594,432.06449062916386,424.599008978394,424.6963189608391,110303100,SPY
2023-06-16,429.33172607421875,433.3860747690242,428.85302867929283,432.8096761182953,114121300,SPY
2023-06-20,427.1042785644531,428.266854946588,425.00383570919894,427.36807493900125,76160400,SPY
2023-06-21,424.91595458984375,426.91869638194686,424.3199977362642,426.10783848276225,76982300,SPY
2023-06-22,426.4497375488281,426.5571880614366,423.6068009145938,423.94874040657675,70637200,SPY
2023-06-23,423.22576904296875,425.0331379202763,422.50283341774065,422.9522234160524,92074500,SPY
2023-06-26,421.4966125488281,424.59353692048506,421.252374294283,422.6494099548632,72823600,SPY
2023-06-27,426.1175231933594,426.7427574926678,421.92638726158276,422.38555627801736,72813700,SPY
2023-06-28,426.3324890136719,427.35827762978164,424.39811154457294,425.0233458952222,75636000,SPY
2023-06-29,428.0129089355469,428.1790040810485,425.50216212382,425.9124657304245,67882300,SPY
2023-06-30,433.063720703125,434.06020202092293,430.94371959416844,431.26613077720606,104921500,SPY
2023-07-03,433.56195068359375,433.84524556804314,432.42868170308367,432.71200640177057,32793400,SPY
2023-07-05,432.9172058105469,433.6596996622329,431.71554283704035,431.72532190800695,58418400,SPY
2023-07-06,429.52716064453125,429.95702235075805,426.9870768752562,429.29270146449466,80658300,SPY
2023-07-07,428.4427490234375,432.4385132425987,428.1985107604406,428.5209219635715,86076100,SPY
2023-07-10,429.52716064453125,429.7030050295587,427.50486077399677,428.08125946774646,62443500,SPY
2023-07-11,432.2626037597656,432.76085931617644,429.3122165166555,430.2989485591981,64463800,SPY
2023-07-12,435.74053955078125,437.16691230938363,434.6561360982524,436.10203718252853,91924500,SPY
2023-07-13,439.1989440917969,440.000052626587,437.1375877800965,437.5771986973083,72425200,SPY
2023-07-14,438.9254455566406,440.95749469184375,438.15364433353807,440.0978010901068,69761800,SPY
2023-07-17,440.449462890625,441.5143380247665,438.7300161639623,438.77888169983765,52680200,SPY
2023-07-18,443.7222595214844,444.3768012972551,439.6776600270388,440.11730077703953,80744400,SPY
2023-07-19,444.7090148925781,445.91064799435,443.6441098923527,444.52339143853806,65891700,SPY
2023-07-20,441.7585754394531,444.6112911566319,441.0356398008323,443.70273207335373,70591600,SPY
2023-07-21,441.7585754394531,443.70273207335373,441.7488261836865,443.49755048868747,71245400,SPY
2023-07-24,443.7320556640625,444.5526925899651,441.87582114974117,442.92116799428237,54023400,SPY
2023-07-25,444.9434814453125,446.21350843314684,443.4096580635545,443.4585236026188,55191200,SPY
2023-07-26,445.01190185546875,446.4577733160021,442.9309870488994,443.99586231605275,71052900,SPY
2023-07-27,442.0614318847656,448.8512668295463,441.14309372438333,448.44093347127927,92194400,SPY
2023-07-28,446.3893737792969,447.2295390407471,442.061449370216,445.3733343206396,80011800,SPY
2023-07-31,447.23931884765625,447.60078668465394,445.5394003667837,446.8680719401756,62040400,SPY
2023-08-01,445.95947265625,446.7117156597197,444.9922690069472,445.75429108001924,55291500,SPY
2023-08-02,439.755859375,443.06771454697815,438.9938372263311,442.8039479696757,93933400,SPY
2023-08-03,438.49554443359375,440.4006145506753,437.05942245059424,437.71399402436066,64276100,SPY
2023-08-04,436.5123596191406,442.46199970340473,435.9847966607325,440.33224935749195,100052300,SPY
2023-08-07,440.322509765625,440.47882583451053,437.6651962230542,438.36860362591824,58357500,SPY
2023-08-08,438.40765380859375,440.31272406281704,435.00784667378764,437.75308218770624,71361300,SPY
2023-08-09,435.4767761230469,438.847275715875,434.7049749469342,438.6811805966212,78789600,SPY
2023-08-10,435.63311767578125,441.28968391802465,434.4510128886992,437.86056933276336,93005500,SPY
2023-08-11,435.37908935546875,436.40490787249684,433.13210942829295,433.7378155053105,68664600,SPY
2023-08-14,437.7823486328125,437.7823486328125,434.13833340587485,434.45096548852365,47867400,SPY
2023-08-15,432.6827087402344,436.3462823230885,432.10628026000245,435.9847846856202,75707500,SPY
2023-08-16,429.5076599121094,433.9430053620364,429.4001795715276,432.26264489725725,80107200,SPY
2023-08-17,426.2348327636719,431.2563556808056,425.7072697956283,430.9925891039035,95711300,SPY
2023-08-18,426.43994140625,427.4852881660303,423.0303853213582,423.38207405498343,98758400,SPY
2023-08-21,429.2145080566406,429.966751099539,425.2871679071468,427.4657539176368,68719000,SPY
2023-08-22,428.0518798828125,431.0120457885253,427.4852603551999,431.0120457885253,65062900,SPY
2023-08-23,432.8194885253906,433.4447527592997,428.9800703719316,429.12660735980415,68441000,SPY
2023-08-24,426.8209533691406,434.9589576519521,426.79161616139623,434.4411738238049,88517300,SPY
2023-08-25,429.83001708984375,431.129351475143,424.9745594365849,428.56973935869985,102325100,SPY
2023-08-28,432.5556945800781,433.18092896018993,429.82998752114145,432.0476599686097,61595400,SPY
2023-08-29,438.8081970214844,439.09152172911735,432.26260023499714,432.4482236833527,83081900,SPY
2023-08-30,440.6155700683594,441.26036260850424,438.43695420457783,439.1501406082771,69053900,SPY
2023-08-31,439.9707336425781,442.3935576937993,439.78511021101065,441.2407604556063,66084600,SPY
2023-09-01,440.7914123535156,443.2142664491309,439.31620383015326,442.725789964758,58875700,SPY
2023-09-05,438.8863525390625,440.6644141397317,438.8179884884516,440.3420327706711,55166200,SPY
2023-09-06,435.93597412109375,438.17320486611897,433.58151378493005,438.06572453141547,70758500,SPY
2023-09-07,434.59747314453125,435.2813222381805,432.54586623511466,432.8975549436941,70355400,SPY
2023-09-08,435.2520446777344,436.8053962088949,434.28487084861695,434.6463386508432,61659700,SPY
2023-09-11,438.11456298828125,438.4271652739135,436.1801854113515,437.90938140223244,60180100,SPY
2023-09-12,435.71124267578125,438.1927115512002,435.12509474903834,436.6491389870466,67565400,SPY
2023-09-13,436.21929931640625,437.3916250433044,434.82223384918217,435.93597459468725,60199300,SPY
2023-09-14,439.9804992675781,440.68390655699557,437.4013590825387,438.72025147697605,83430800,SPY
2023-09-15,434.6795349121094,438.70899068528865,434.23837327815903,438.3756585887244,111761400,SPY
2023-09-18,434.93438720703125,436.24811819832,433.88535315896445,434.36573906609357,55752200,SPY
2023-09-19,434.0324401855469,434.6010883699413,431.3167456810257,434.00302941183014,66514600,SPY
2023-09-20,430.0422668457031,435.7285695423798,429.8363614969153,435.30700511860454,82562600,SPY
2023-09-21,422.934326171875,427.4245402914484,422.777458746294,427.1598433404442,103976100,SPY
2023-09-22,421.9833679199219,425.5912292061107,421.56177359401596,423.97357677415033,100829700,SPY
2023-09-25,423.75787353515625,423.797067953463,420.3166634466325,420.7578549675111,70874500,SPY
2023-09-26,417.5323181152344,421.3950924504434,416.68915944297646,420.6793904313852,96168400,SPY
2023-09-27,417.6990051269531,419.2872767272579,414.0127250278903,418.7186285208834,104705800,SPY
2023-09-28,420.1205749511719,421.8166760173577,416.5421245318838,417.1401834888594,92258300,SPY
2023-09-29,419.10101318359375,423.38535241385364,417.5617794337687,423.2088877585555,115078500,SPY
2023-10-02,418.9342956542969,420.199018745829,416.1401525113599,418.25781794855203,83798600,SPY
2023-10-03,413.326416015625,418.9931211100854,411.9440498179188,416.7284017851677,103760600,SPY
2023-10-04,416.3363037109375,417.09120028015917,412.31666124023246,413.7970735205657,87453000,SPY
2023-10-05,416.1793518066406,417.0322941009776,412.91463648704035,416.04208159314203,70142700,SPY
2023-10-06,421.12060546875,422.6794363277748,412.3558357939285,413.69897767073206,113202700,SPY
2023-10-09,423.81671142578125,424.39514327184617,418.6402056663584,419.1990103831098,80374400,SPY
2023-10-10,426.0225830078125,428.6500451050346,424.05197147519465,424.453938649079,78607300,SPY
2023-10-11,427.7677307128906,428.02261412667553,424.6892632623498,427.1010665239066,62451700,SPY
2023-10-12,425.15985107421875,428.76771235904323,422.7774885888105,428.38537229171556,81154200,SPY
2023-10-13,423.04217529296875,427.89516238865644,421.4539336745702,426.67944726394114,95143100,SPY
2023-10-16,427.49322509765625,428.57167007427256,425.0716381626474,425.3167379337236,75433200,SPY
2023-10-17,427.47357177734375,429.5520428410279,423.97356999956037,424.3264992869723,75324700,SPY
2023-10-18,421.7774658203125,426.6500502828491,420.6794236742881,425.67946480009624,93559800,SPY
2023-10-19,418.071533203125,424.33629709672346,417.38527186327997,422.50295577657073,121323000,SPY
2023-10-20,412.93426513671875,418.1794058713674,412.826405686557,417.630384814372,123845800,SPY
2023-10-23,412.21856689453125,416.1303793610577,409.61070188998167,411.3852217369332,92035100,SPY
2023-10-24,415.3264465332031,416.49312377432966,412.49307897063755,414.36564471127423,78564200,SPY
2023-10-25,409.3655700683594,413.6499386170089,408.84595982104696,413.6205278452516,94223200,SPY
2023-10-26,404.463623046875,409.14992938947574,403.53226188504357,408.2872033429786,115156800,SPY
2023-10-27,402.6302490234375,406.4734262191426,401.1890613149734,406.0714590439217,107367700,SPY
2023-10-30,407.4440002441406,408.51263152033846,404.1400605356551,405.45379155188186,86562700,SPY
2023-10-31,410.00286865234375,410.32638715377004,406.09105634595556,408.02244354863467,79665200,SPY
2023-11-01,414.37548828125,415.1990199370774,410.4440783057468,410.9833157638023,98068100,SPY
2023-11-02,422.3167419433594,422.47360939565095,418.1990535990749,418.21865081083365,94938900,SPY
2023-11-03,426.1696472167969,427.738291613609,424.52258406387557,424.6500407220308,100110800,SPY
2023-11-06,427.1500549316406,427.6010301071179,425.17944331101864,426.93436594868996,67831700,SPY
2023-11-07,428.36572265625,429.0127895786735,425.9931738600998,427.1500374853103,64256100,SPY
2023-11-08,428.6794738769531,429.50300546800065,426.3461194092833,428.97358161682587,61746000,SPY
2023-11-09,425.3363342285156,429.8755867661766,424.90495623879804,429.83636242545526,83174400,SPY
2023-11-10,431.9736328125,432.2873677049561,425.3265281155415,427.43441011471384,89462200,SPY
2023-11-13,431.56182861328125,432.6794678903552,429.8265331928285,430.6206539716291,52236100,SPY
2023-11-14,439.93450927734375,441.2384269465209,437.346241231058,437.5717438003563,97176900,SPY
2023-11-15,440.8658142089844,442.5325044732284,440.0030583037006,441.287378597438,77327600,SPY
2023-11-16,441.4050598144531,441.7285783252467,439.33640233227624,440.41484723392745,66665800,SPY
2023-11-17,441.9541015625,442.57175775870127,440.48350296941317,441.4148641267252,83133200,SPY
2023-11-20,445.3560485839844,446.2089909063294,441.6893360671345,441.69914963110705,69936200,SPY
2023-11-21,444.38543701171875,445.2285956966268,443.1011167353494,444.2972046934265,49244600,SPY
2023-11-22,446.10113525390625,447.4344934312076,444.9933095334768,446.0619408364875,59394900,SPY
2023-11-24,446.37567138671875,446.57176316267487,445.8168666721121,446.15019875571403,29737400,SPY
2023-11-27,445.5717468261719,446.56192946772256,445.17956329193873,445.7383979007583,50506000,SPY
2023-11-28,446.0129089355469,447.32664000240914,444.61094554920174,445.1795638034484,62115000,SPY
2023-11-29,445.69915771484375,449.33645940551764,445.2972204695323,448.1893794555403,63146000,SPY
2023-11-30,447.4541015625,447.80706076370257,444.4540829895932,446.5521512294108,79752700,SPY
2023-12-01,450.1012268066406,450.64043433670565,446.2384520104707,446.8364810922008,89097900,SPY
2023-12-04,447.7384338378906,450.12079629179925,445.43449014156994,446.6698024892576,72430900,SPY
2023-12-05,447.65020751953125,448.6207929946436,445.954106409832,446.33647639663644,69793500,SPY
2023-12-06,445.8463134765625,449.84632872244134,445.4051219047096,449.8169179456116,69124700,SPY
2023-12-07,449.2482604980469,449.90511109651214,447.34628397693746,447.9541265914232,66995400,SPY
2023-12-08,451.1796569824219,451.71886449479484,448.24824346340256,448.49334322710024,83080900,SPY
2023-12-11,452.9345397949219,453.1110343596532,450.46394500212847,450.6796339862187,65002200,SPY
2023-12-12,455.003173828125,455.10121971026973,451.5717773888773,452.5815871442226,68327600,SPY
2023-12-13,461.2777404785156,461.5326537987916,455.02278992254185,455.3855327740707,93278000,SPY
2023-12-14,462.7581481933594,464.4444356942921,460.0522373403874,463.23853413603206,119026000,SPY
2023-12-15,461.9962158203125,463.3448333750126,460.12591131096633,462.15371925824917,141319300,SPY
2023-12-18,464.5950012207031,465.58922858066205,462.547516504341,463.6204805669363,70375300,SPY
2023-12-19,467.4201354980469,467.49890223898143,465.0674973148692,465.146234015094,55761800,SPY
2023-12-20,460.94293212890625,468.46353310540064,460.5098052095539,466.553845335722,102921000,SPY
2023-12-21,465.3135986328125,465.5892221492984,461.5138993976389,463.9649810278423,86667500,SPY
2023-12-22,466.24871826171875,467.9516960202922,464.3292070719011,466.4554283810848,67126600,SPY
2023-12-26,468.2174377441406,469.13289825788524,466.58337347147733,466.66214020597357,55387000,SPY
2023-12-27,469.0640563964844,469.21170648583774,467.469375350048,468.0107690245804,68000300,SPY
2023-12-28,469.2412109375,470.08775809747596,468.81793735751205,469.42824438739393,77158100,SPY
2023-12-29,467.8828125,469.5759370140637,465.9042111090685,469.04436663248146,122234100,SPY
2024-01-02,465.26434326171875,466.26842392066214,463.1380919165969,464.78200963737714,123623700,SPY
2024-01-03,461.4646911621094,463.82718272985784,460.8543840948513,463.0790488844653,103585900,SPY
2024-01-04,459.978271484375,463.60076051558326,459.7518546546583,460.9823221278168,84232200,SPY
2024-01-05,460.6082458496094,463.08885724864916,459.1415083193869,460.1849422441129,86060800,SPY
2024-01-08,467.1838684082031,467.3315184880514,460.9822946882023,461.1102681043068,74879100,SPY
2024-01-09,466.47509765625,467.50867821085495,463.9846329489776,464.49649655038183,65931400,SPY
2024-01-10,469.11328125,469.9893885486151,466.46531272909317,466.7507896067073,67310600,SPY
2024-01-11,468.9065246582031,470.6488556888523,464.88043891433455,470.12713871081326,77940700,SPY
2024-01-12,469.23138427734375,471.1213955477342,467.8040600225545,470.3732617056011,57944000,SPY
2024-01-16,467.5086975097656,469.1624384816832,465.66792309023396,467.8335577253936,85014900,SPY
2024-01-17,464.9100036621094,465.40219066082915,462.5278053703932,464.4473466816844,68843900,SPY
2024-01-18,469.0443115234375,469.60541185803214,465.03793256834524,466.60308346955065,91856200,SPY
2024-01-19,474.8914794921875,475.1769563262447,469.09353301175565,470.1861735892921,110733300,SPY
2024-01-22,475.8955993652344,477.6379304465511,475.23605559912966,476.4468463753925,75844900,SPY
2024-01-23,477.2835388183594,477.52963230577734,475.3443509765863,476.44684499370544,49945300,SPY
2024-01-24,477.8052673339844,481.1324259207397,477.3032270260809,480.1874353770752,81765000,SPY
2024-01-25,480.4040222167969,480.67964572380765,477.80529058508233,479.96104191877174,72525000,SPY
2024-01-26,479.7937316894531,481.4770028066331,478.93733112177756,479.9709117984805,76641600,SPY
2024-01-29,483.5933837890625,483.74106391540835,479.5574745916845,480.1087216052008,61322800,SPY
2024-01-30,483.2193298339844,483.9379035722461,482.45148933440373,482.89446961636054,58618400,SPY
2024-01-31,475.33453369140625,481.4376346180364,475.3148269848638,480.98483097822805,126011100,SPY
2024-02-01,481.5557556152344,481.5852856325511,476.24011217253945,477.0571593861526,91891600,SPY
2024-02-02,486.6252746582031,488.29869237101855,481.65416812020857,481.9987050154295,99147700,SPY
2024-02-05,484.8533630371094,486.65478413631985,482.56963837008004,485.9854170794442,75757100,SPY
2024-02-06,486.2610778808594,486.5957614349735,484.36121323559956,485.80824421290174,55918600,SPY
2024-02-07,490.316650390625,490.7399239619924,487.61944545058077,488.53493601746663,70556500,SPY
2024-02-08,490.533203125,490.91709332018917,489.4897692068765,490.31663966799096,52343600,SPY
2024-02-09,493.3682556152344,493.8112058861385,490.70058047404524,491.0451173785553,63979400,SPY
2024-02-12,493.15167236328125,495.63228390301646,492.4232152124845,493.33870581706736,56502300,SPY
2024-02-13,486.3594970703125,489.3224724499517,483.0520148201474,486.8024773905753,113099200,SPY
2024-02-14,490.779296875,491.271483819326,486.67444454141,489.02711255482774,68387800,SPY
2024-02-15,494.16558837890625,494.3526218372526,491.00572629255566,491.4880899675745,61683000,SPY
2024-02-16,491.70465087890625,495.01213299527757,490.9565170494229,493.86043227431986,75461200,SPY
2024-02-20,488.99761962890625,490.62183066023255,486.7237181769076,489.94261022228915,71736700,SPY
2024-02-21,489.4405517578125,489.59805519099353,485.8475929329507,487.6785440580605,59603800,SPY
2024-02-22,499.5697937011719,500.5443143261037,495.15978746625774,496.13433813189937,76402500,SPY
2024-02-23,499.9142761230469,502.15864734607544,499.1759957201992,501.31207019630943,61321800,SPY
2024-02-26,498.0833740234375,500.8002557857889,497.9554006011949,500.3572754842892,50386700,SPY
2024-02-27,499.0086669921875,499.23508380977466,496.86273904372996,498.78228021530845,48854500,SPY
2024-02-28,498.34918212890625,498.9397824859988,497.06947792688254,497.43369149399297,56506600,SPY
2024-02-29,500.1407165527344,501.77478095792515,497.4533948240691,500.1308932406561,83924800,SPY
2024-03-01,504.836181640625,505.26930860368725,500.6132388118338,501.0266891095606,76805900,SPY
2024-03-04,504.2947692871094,506.1651038495938,503.99946911445886,504.02902917243324,49799300,SPY
2024-03-05,499.2547607421875,502.71977618889395,497.02024274409166,502.26694255347593,72855600,SPY
2024-03-06,501.78460693359375,504.06836164328706,500.4754028347389,502.57209405521513,68382400,SPY
2024-03-07,506.7655334472656,507.8286740996663,501.8436638657645,505.12164582984065,58652100,SPY
2024-03-08,503.72381591796875,510.12221626039303,503.1430389188463,507.4053947507134,86425500,SPY
2024-03-11,503.2906799316406,503.88131027220254,500.55412172638717,502.5031928380294,62557200,SPY
2024-03-12,508.70477294921875,509.2953732567319,502.87723620181947,505.4267910389835,73114400,SPY
2024-03-13,507.90740966796875,509.2067905212248,506.4505554149632,509.0296104159743,55104100,SPY
2024-03-14,506.9033508300781,509.0492787181122,503.8222557225898,508.891745248828,110171800,SPY
2024-03-15,503.42266845703125,505.26919243547775,501.7341674193777,503.79789760629797,107585800,SPY
2024-03-18,506.4145812988281,509.00164944251645,505.9998765535288,507.54026873273324,88893300,SPY
2024-03-19,509.2288513183594,509.51518505530515,504.69650949147376,505.7135939252134,60755300,SPY
2024-03-20,513.9387817382812,514.0770367347149,508.60668308986254,509.28801383732645,69594600,SPY
2024-03-21,515.6372680664062,517.5232376399493,515.3508740673177,516.8123151624139,60256100,SPY
2024-03-22,514.6596069335938,516.0419759824129,514.4225725581739,515.5482598361023,79023000,SPY
2024-03-25,513.23779296875,514.4029560483432,513.0797700238013,513.2673846033686,48512100,SPY
2024-03-26,512.289794921875,515.0250019230342,511.8849741606643,514.679364426303,65463700,SPY
2024-03-27,516.5950317382812,516.6345676089135,512.9612874577568,515.1534188944993,82999800,SPY
2024-03-28,516.4962768554688,518.0169010671898,516.2099431536778,516.6345318569229,96294900,SPY
2024-04-01,515.5977172851562,517.7898487303629,514.4226702231268,517.2467729199333,62477500,SPY
2024-04-02,512.3195190429688,512.4577137930522,509.98913247450986,511.7270233656594,74230300,SPY
2024-04-03,512.8822021484375,514.4028865145611,511.1640795299588,511.21343909304755,59155800,SPY
2024-04-04,506.6219482421875,517.2862060989289,506.3158466091879,516.9406288664777,96858100,SPY
2024-04-05,511.91455078125,513.8992994662655,507.5501166283663,507.9944732436529,74482100,SPY
2024-04-08,512.200927734375,513.6426007971904,511.3814021999841,512.6255767206463,48401800,SPY
2024-04-09,512.7933959960938,514.2054170815929,507.8858256784909,513.9585589840982,68124400,SPY
2024-04-10,507.65875244140625,509.67309288761504,505.65429596232127,507.02678122640623,82652800,SPY
2024-04-11,511.4900817871094,512.951462734994,505.64449772746826,509.19923094538865,70099000,SPY
2024-04-12,504.42987060546875,509.33741106297106,502.68209589185415,507.9056219639592,92469100,SPY
2024-04-15,498.1103210449219,508.82393922642535,497.25122948428464,508.6560925817605,92101400,SPY
2024-04-16,497.20184326171875,500.1345187428283,495.89842524032656,498.59412658447235,73484000,SPY
2024-04-17,494.2593078613281,499.8580631918657,492.8472866698088,499.6901864139846,75910300,SPY
2024-04-18,493.24224853515625,497.79432781744384,492.29432181692374,495.6713540683197,74548100,SPY
2024-04-19,488.9370422363281,494.17042202511874,487.6533620058756,493.16325180181735,102129100,SPY
2024-04-22,493.43975830078125,496.0663323040314,489.2036645395879,491.5734964560846,67961000,SPY
2024-04-23,499.29522705078125,499.72969975232706,493.25214509988666,495.47386817795365,64633600,SPY
2024-04-24,499.0581970214844,500.99355602637405,496.8068524264775,500.1937382185456,55928100,SPY
2024-04-25,497.1623229980469,497.93251905471595,491.23772867473235,492.90649181985617,69122400,SPY
2024-04-26,501.8724365234375,503.47207230236467,499.34461181258143,499.98643689086055,64306100,SPY
2024-04-29,503.6497802734375,504.33111105739584,500.87509756997366,503.679402040825,46415400,SPY
2024-04-30,495.67132568359375,503.1560499967319,495.67132568359375,502.16861759935483,77483600,SPY
2024-05-01,494.0618591308594,501.80332634186607,493.58788068094316,495.0789134040568,80242800,SPY
2024-05-02,498.6829833984375,499.5321909315141,493.27184300217647,497.81403806563185,62550200,SPY
2024-05-03,504.8643493652344,506.1084937698732,502.1686479094306,504.73597832437986,72756700,SPY
2024-05-06,510.0780029296875,510.11747853233464,506.84907943743724,507.2934361066242,47264700,SPY
2024-05-07,510.640869140625,512.0528904156023,509.95953828938855,511.05557392499986,52561300,SPY
2024-05-08,510.6901550292969,511.23323078468576,508.66593070388956,508.78441776804385,42047200,SPY
2024-05-09,513.6326904296875,513.6722262969421,510.2162129252239,510.87777575274464,43643700,SPY
2024-05-10,514.2943725585938,516.0717390144458,513.0600819270163,515.2521531600112,52233200,SPY
2024-05-13,514.3634033203125,516.101294049221,513.2081242461536,515.9926909456875,36716400,SPY
2024-05-14,516.7233276367188,517.2466957017197,514.0177726880753,514.5608484174307,57535900,SPY
2024-05-15,523.1220092773438,523.4182269683442,518.579783698985,519.2216389195659,59504900,SPY
2024-05-16,522.045654296875,524.8401049513539,521.8975153250047,523.2207013003554,50244800,SPY
2024-05-17,522.7960815429688,522.8652090411972,520.6928457686228,522.1641103603855,59187600,SPY
2024-05-20,523.3984375,524.8795861621629,522.5196081627743,522.9146052465884,37764200,SPY
2024-05-21,524.6820678710938,524.8400908059087,522.4208693618174,522.6282518632279,33437000,SPY
2024-05-22,523.1713256835938,524.7018338509016,520.9693104479597,523.9810274842546,48390000,SPY
2024-05-23,519.3499755859375,526.370605604358,518.1255087640279,526.2620025028626,57211200,SPY
2024-05-24,522.7862548828125,523.6058407166882,520.2584301434748,521.2162107208669,41258400,SPY
2024-05-28,523.1515502929688,523.8427650171528,520.4854707957389,523.6057908872817,36269600,SPY
2024-05-29,519.4882202148438,520.6830352503243,518.7674137672095,519.0735154350635,45190300,SPY
2024-05-30,516.0420532226562,518.5995297613006,514.7781710383293,517.9280829339874,46468500,SPY
2024-05-31,520.7422485351562,520.8706195756462,511.84547248017293,517.0097851977956,90785800,SPY
2024-06-03,521.1668090820312,522.657841650115,516.032148544318,522.3715079503993,46835700,SPY
2024-06-04,521.74951171875,522.4999701171362,518.3626252254871,519.8437740850069,34632700,SPY
2024-06-05,527.9505004882812,527.9702684234203,522.0851492209949,524.0995500261425,47610400,SPY
2024-06-06,527.9406127929688,528.6910711058155,525.985515807043,528.2565984124882,30808500,SPY
2024-06-07,527.2987670898438,530.1425771236412,525.8472101733005,526.9531296011007,43224500,SPY
2024-06-10,528.9280395507812,529.253909134287,525.8769070309806,526.4792263610262,35729300,SPY
2024-06-11,530.2017822265625,530.2610257534691,525.3633398795533,527.3579723988804,36383400,SPY
2024-06-12,534.5564575195312,537.2817809327009,533.5097814532659,534.8230835871974,63251300,SPY
2024-06-13,535.6326904296875,536.5016357193268,532.8086483724034,536.323905128458,44760900,SPY
2024-06-14,535.9586181640625,535.9882097983759,533.0653880279153,534.0824723877374,40089900,SPY
2024-06-17,540.2241821289062,541.636263340506,534.8031884959153,535.267313011943,55839500,SPY
2024-06-18,541.5967407226562,541.7251117450321,539.8588502056475,540.2834388688576,41376400,SPY
2024-06-20,540.12548828125,543.2062723509137,538.3283541959318,542.5348255939958,70328200,SPY
2024-06-21,539.4014282226562,540.5307472774641,537.9254170455512,539.2924747513658,64513900,SPY
2024-06-24,537.6480102539062,541.8185338516724,537.5291409294473,539.2231194967758,45528700,SPY
2024-06-25,539.7184448242188,540.0849686628054,537.3508531925171,538.886299065316,38273300,SPY
2024-06-26,540.3920288085938,541.1151605924962,537.935315544085,538.5890968132603,38550600,SPY
2024-06-27,541.2439575195312,541.8284487491936,539.5004601471773,540.2533395091051,35041500,SPY
2024-06-28,539.1140747070312,545.1172775612355,537.8560310180918,542.026493914631,76144500,SPY
2024-07-01,540.2236328125,540.758544752217,537.4300828689322,540.5108902585941,40297800,SPY
2024-07-02,543.8592529296875,543.8592529296875,538.5495544229893,538.5990732354992,40434800,SPY
2024-07-03,546.2862548828125,546.6527787264998,543.5026205641852,543.5422235199119,32789900,SPY
2024-07-05,549.4363403320312,549.8424670776978,545.9493458886657,546.5932717248053,41488400,SPY
2024-07-08,550.0704345703125,551.0313050825548,548.990634263357,550.2289068590482,36110500,SPY
2024-07-09,550.6052856445312,551.9525115685751,550.3081123469514,551.0411599684893,27289700,SPY
2024-07-10,556.0537109375,556.4004030574295,551.5464110657902,551.843584377519,38701200,SPY
2024-07-11,551.2590942382812,557.0542459098444,550.6152288053468,556.1725813645302,53054200,SPY
2024-07-12,554.7361450195312,558.3816118783382,551.9228238555439,552.3983011311424,53084400,SPY
2024-07-15,556.26171875,559.5406617004013,554.3795204861657,556.7570277181121,40584300,SPY
2024-07-16,559.5604858398438,559.8576591562987,556.8263704034057,557.589165634412,36475300,SPY
2024-07-17,551.71484375,555.2513576014627,551.3879228494364,553.5573788940302,57119000,SPY
2024-07-18,547.4749145507812,554.2705999484662,545.2658557697873,553.2700660994436,56270400,SPY
2024-07-19,543.8394165039062,548.8816891943164,542.7695320353313,547.2372293030306,65509100,SPY
2024-07-22,549.4463500976562,550.0605284790182,545.8504015789395,547.8118060573195,43346700,SPY
2024-07-23,548.5844116210938,551.5166019194357,548.0891026693448,549.3372304392366,34439600,SPY
2024-07-24,536.1521606445312,544.0176699808688,535.2209773062864,543.7105808194543,74515300,SPY
2024-07-25,533.3585815429688,542.3237223216066,532.4076270111065,536.2710007218393,61158300,SPY
2024-07-26,539.3320922851562,542.0562919162144,536.4097569520611,537.192383905728,53763800,SPY
2024-07-29,539.6490478515625,541.9175412062577,537.6281485235597,540.8972361512061,39515800,SPY
2024-07-30,536.9149780273438,542.2049049678778,533.4676465939222,541.1350205544782,46853600,SPY
2024-07-31,545.642333984375,548.3070989978249,542.4426569823155,543.8294859958498,65663400,SPY
2024-08-01,537.9154663085938,549.6641807633281,534.3690370943198,547.3857715555625,76428700,SPY
2024-08-02,527.900390625,531.9519846487756,523.6406845786929,530.7236279231074,82789100,SPY
2024-08-05,512.5259399414062,518.6677835651788,505.48263031997044,506.83980235904284,146267400,SPY
2024-08-06,517.251220703125,524.7798934319092,513.0113465770287,514.348656712232,84826300,SPY
2024-08-07,513.7938842773438,526.6026277008622,513.1896218330463,523.5118440416625,70698300,SPY
2024-08-08,525.6715087890625,526.3054584092854,516.9441659152586,518.9946921355962,63276600,SPY
2024-08-09,527.9894409179688,529.495199519807,523.6010107428957,524.8392831555863,45619600,SPY
2024-08-12,528.2669067382812,530.7037884446491,525.9686656073576,529.1980901235476,42542100,SPY
2024-08-13,536.95458984375,537.1923889659508,531.2486806240174,531.4963351382646,52333100,SPY
2024-08-14,538.6485595703125,539.847229165935,535.052611245972,537.7569791487715,42446900,SPY
2024-08-15,547.881103515625,548.168360968592,543.730411684699,544.3445900065761,60846800,SPY
2024-08-16,549.1094360351562,549.8127965494804,546.0880633659141,546.246535635152,44430700,SPY
2024-08-19,554.3597412109375,554.3597412109375,548.6636875389138,549.5255203879397,39121800,SPY
2024-08-20,553.458251953125,555.5781888434063,552.101110220216,553.9040421160377,33732300,SPY
2024-08-21,555.3602294921875,556.8362405615584,549.5254752640853,554.5182284209087,41514600,SPY
2024-08-22,551.0015258789062,557.8962490623195,549.7731692085193,557.2820707271261,56121500,SPY
2024-08-23,556.8560791015625,557.8070941103703,552.0614615681247,554.2804965886761,50639400,SPY
2024-08-26,555.5286254882812,558.6193486946379,553.8049599073349,557.896216929936,35788600,SPY
2024-08-27,556.2914428710938,556.7867518721707,553.0818502181188,554.240856351132,32693900,SPY
2024-08-28,553.06201171875,556.3806182627299,549.8325873973797,555.9447439286333,41066000,SPY
2024-08-29,553.1115112304688,558.3915218624276,551.9525051521193,555.0531441896234,38715200,SPY
2024-08-30,558.3914794921875,558.9066201379308,551.9128603217616,555.5088080641243,62700100,SPY
2024-09-03,546.9004516601562,555.548528231576,544.3545559151986,555.2116914777071,60600100,SPY
2024-09-04,545.781005859375,549.2283371934773,544.304994695349,545.0380423502995,47224900,SPY
2024-09-05,544.4535522460938,548.6042441438841,541.9670913565726,545.7215723262182,44264300,SPY
2024-09-06,535.290283203125,546.4248189179493,534.3789316488474,544.7804197789798,68493800,SPY
2024-09-09,541.2835083007812,542.5713599602232,537.588522826048,539.5400715589968,40445800,SPY
2024-09-10,543.6412963867188,543.9979648614943,538.2820789602596,543.2153378505611,36394600,SPY
2024-09-11,549.2183837890625,550.1495670752728,534.8940870094609,543.5520781692663,75248600,SPY
2024-09-12,553.8446655273438,554.151754700655,547.5542047078643,549.80292700237,51892700,SPY
2024-09-13,556.7372436523438,557.747693381765,554.2012639371025,554.4588342965648,39310500,SPY
2024-09-16,557.5594482421875,557.8268739812047,554.6470289741064,556.4697321910213,36656100,SPY
2024-09-17,557.7872924804688,561.2643713841238,555.5286543862046,559.7982156086712,49321000,SPY
2024-09-18,556.1329956054688,563.354579399442,555.5683360633434,558.4510079757443,59044900,SPY
2024-09-19,565.623046875,567.5052452619498,562.7502909495536,565.6527944370424,75315500,SPY
2024-09-20,564.6453247070312,565.6985982057745,561.584845604879,564.237952213736,77503100,SPY
2024-09-23,566.0562744140625,566.7121216588677,564.4962264504853,565.7284114396389,44116900,SPY
2024-09-24,567.6759033203125,567.7355202798775,563.9993624192057,566.8610977742745,46805700,SPY
2024-09-25,566.4239501953125,568.2622511765038,565.301113457304,567.5170087741786,38428600,SPY
2024-09-26,568.6696166992188,571.064362885533,566.2848774298052,570.7364392510955,48336000,SPY
2024-09-27,567.8448486328125,570.5774039966909,566.8015214416548,569.7527127715928,42100900,SPY
2024-09-30,570.120361328125,570.7364235043248,564.4763997038558,566.8015219435828,63557400,SPY
2024-10-01,565.012939453125,570.4184330981693,562.409564342811,569.7626465103712,72668800,SPY
2024-10-02,565.25146484375,566.2849064967246,561.6842717014576,564.108796170998,38097800,SPY
2024-10-03,564.2180786132812,566.185499206709,561.9028418329451,563.7609747596233,40846500,SPY
2024-10-04,569.3452758789062,569.7228701967099,564.4962273588824,568.7192674387571,42939100,SPY
2024-10-07,564.1981811523438,568.3318263939267,563.0356199616413,567.6759791031835,49964700,SPY
2024-10-08,569.5341186523438,570.1402952518803,565.9172548337782,566.8015630876895,37398700,SPY
2024-10-09,573.4789428710938,574.0453343695604,568.9180327244846,569.5241486507804,37912200,SPY
2024-10-10,572.475341796875,573.9161558957669,570.8457305312595,572.117640001393,44138100,SPY
2024-10-11,575.9034423828125,576.6486847463361,572.2566794174254,572.3958058807981,42268000,SPY
2024-10-14,580.6134033203125,581.5573891736228,577.0461496161133,577.533031622562,36217200,SPY
2024-10-15,576.1021728515625,581.1896890869497,574.8699878939491,580.8816580095407,54203600,SPY
2024-10-16,578.606201171875,579.1328682582629,575.2874222334457,576.1022278881695,30725400,SPY
2024-10-17,578.6558227539062,582.4019270642203,578.4670255981297,582.1932373716321,34393700,SPY
2024-10-18,580.8816528320312,581.6765658652295,578.8843936568359,580.3649320688628,37416800,SPY
2024-10-21,579.927734375,581.1399661656003,576.9169261394305,580.1463096888544,36439000,SPY
2024-10-22,579.6197509765625,580.7922584378235,576.6983982686804,577.3641311814339,34183800,SPY
2024-10-23,574.3235473632812,578.0199813159995,570.7761861542631,577.5728237328826,49314600,SPY
2024-10-24,575.5655517578125,576.3803573236686,572.91250602068,576.3008478263231,34979900,SPY
2024-10-25,575.3668212890625,580.7524830298728,574.4129498913522,577.82118431004,47268200,SPY
2024-10-28,577.1455688476562,579.013648071529,576.8375377335062,578.8844678641772,30174700,SPY
2024-10-29,578.0795288085938,579.2122510622435,574.7606896006656,576.1716647696521,42899700,SPY
2024-10-30,576.3307495117188,579.6197502905108,575.6152852535009,577.6025983681301,41435800,SPY
2024-10-31,565.0328979492188,571.9785478103307,564.8341545016019,571.9089845712656,60182500,SPY
2024-11-01,567.4176025390625,571.8990031889416,567.0002837782789,567.6958554782392,45667500,SPY
2024-11-04,566.1953735351562,568.8683117841309,564.2875701521782,567.5566780058409,38217000,SPY
2024-11-05,573.041748046875,573.0814724758461,566.9009578077806,567.1195331390961,39478300,SPY
2024-11-06,587.290771484375,588.1751404085513,581.6766481170673,585.4624773142872,68182000,SPY
2024-11-07,591.8317260742188,592.8651676361171,589.2382971968773,589.3178066973262,47233200,SPY
2024-11-08,594.3953857421875,595.8361998006164,592.3881801994943,592.3881801994943,46444900,SPY
2024-11-11,594.9617309570312,596.362759831691,593.2128859447075,596.0050580740726,37586800,SPY
2024-11-12,593.1136474609375,595.48844063711,590.5996671575766,594.8823246679941,43006100,SPY
2024-11-13,593.4017333984375,595.4287708447639,591.1858987893664,593.5805842924092,47388600,SPY
2024-11-14,589.5860595703125,594.0177893902365,588.8905485392219,593.5309074092812,38904100,SPY
2024-11-15,582.0343017578125,586.456085364698,580.1562763950889,585.979088998431,75988800,SPY
2024-11-18,584.4190673828125,585.75053306763,581.6268951744081,582.5012570573457,37084100,SPY
2024-11-19,586.555419921875,587.2907160283254,580.3252349064234,581.0009140487828,49412000,SPY
2024-11-20,586.754150390625,587.0422889360375,580.9213917152948,586.6349164650766,50032600,SPY
2024-11-21,589.904052734375,591.344866826489,583.7235382544677,589.6358067130162,46750300,SPY
2024-11-22,591.732421875,592.3683766226027,589.3874069721955,589.8941208684593,38226400,SPY
2024-11-25,593.7396240234375,597.0484566493915,591.4243872937958,595.7169908429067,42441400,SPY
2024-11-26,596.8397827148438,597.5154618364036,594.2761320418831,595.0014818573266,45621300,SPY
2024-11-27,595.0313110351562,597.0384558306165,593.4911556618155,596.6509759062111,34000200,SPY
2024-11-29,598.7277221679688,599.5226352519451,595.5778479906228,595.856040278423,30177400,SPY
2024-12-02,599.8009033203125,600.4865287602358,598.648227768682,599.1450560396994,31746000,SPY
2024-12-03,600.0790405273438,600.3274546400478,598.5190532697817,599.5623804135435,26906600,SPY
2024-12-04,603.8052978515625,604.0537119830409,601.1125274810446,601.7882066409081,42787600,SPY
2024-12-05,602.8116455078125,604.6201076752798,602.4539437115175,603.8053020406198,28762200,SPY
2024-12-06,603.954345703125,605.2063625778626,603.1693789132718,603.5866976555247,31241500,SPY
2024-12-09,600.8441772460938,604.0039974916313,600.2480076329648,603.8350928759075,34742700,SPY
2024-12-10,598.9761352539062,601.9571047996105,598.3104023701336,601.5298397758172,37234500,SPY
2024-12-11,603.6065673828125,604.5703850257809,601.6589789125985,601.9372318289047,28677700,SPY
2024-12-12,600.4964599609375,603.3084642377864,600.4964599609375,602.7321871244142,31543800,SPY
2024-12-13,600.3772583007812,603.2787185052333,598.9861148428745,602.5533686161162,35904700,SPY
2024-12-16,602.9407958984375,603.9245667615821,601.370862320769,602.1558291096032,43695200,SPY
2024-12-17,600.4566650390625,601.3310876116105,599.0655823267214,600.3573236481737,55773500,SPY
2024-12-18,582.5609741210938,602.5632240884986,582.1734335224694,600.1486460207312,108248700,SPY
2024-12-19,582.3820190429688,589.2382727831096,582.1336049313401,587.6086616553114,85919500,SPY
2024-12-20,589.3770751953125,593.963254751842,579.1677354036608,580.0252023798975,125716700,SPY
2024-12-23,592.9064331054688,593.5145890145251,585.8974879778806,589.1178420766572,57635800,SPY
2024-12-24,599.49658203125,599.5365010094702,593.6840502010506,594.2723074608894,33160100,SPY
2024-12-26,599.5364990234375,600.673033709029,596.286266618511,597.7019907423149,41219100,SPY
2024-12-27,593.2254638671875,595.9871755936747,588.9882104091681,595.7478442826339,64969300,SPY
2024-12-30,586.455810546875,589.9652730101648,582.6572397439561,586.1268440800185,56578800,SPY
2024-12-31,584.322265625,588.8685869923663,582.6672101639617,588.1407350043717,57052700,SPY
2025-01-02,582.8865966796875,589.3571225168115,578.7589985198474,587.6223507588766,50204000,SPY
2025-01-03,590.1746215820312,590.8226355752365,584.6711578252952,585.7678951902626,37888500,SPY
2025-01-06,593.5744018554688,597.9014122494413,591.8196706515002,594.4817066914783,47679400,SPY
2025-01-07,586.8646240234375,595.9572670439192,585.0201967640594,595.6282397198856,60393100,SPY
2025-01-08,587.7219848632812,588.8087424972755,583.4448733889237,586.9343761474076,47304700,SPY
2025-01-10,578.7489624023438,584.1926084677874,576.8147784906305,584.1228111122192,73105000,SPY
2025-01-13,579.6463012695312,580.0052069477971,573.6243775799428,574.0431617233518,47910100,SPY
2025-01-14,580.4439086914062,583.2454785560273,576.6153987751911,582.6073834279746,48420600,SPY
2025-01-15,591.002197265625,592.1586914849061,587.4329171587094,588.5595329953718,56900200,SPY
2025-01-16,589.8656005859375,592.5674339582336,589.1577080719753,592.3879811065466,43319700,SPY
2025-01-17,595.7877807617188,597.562410619056,593.8236574580369,595.1696451072651,58070600,SPY
2025-01-21,601.2413330078125,601.2513127523598,596.8744645431257,598.8684661853716,42532900,SPY
2025-01-22,604.6211547851562,605.9970207281947,603.5443769053658,604.1026949074611,48196000,SPY
2025-01-23,607.9212646484375,607.9212646484375,603.7039705508554,603.9830991440912,41152100,SPY
2025-01-24,606.1465454101562,608.9481760680518,604.980071516125,607.981053651763,34604700,SPY
2025-01-27,597.5723876953125,597.8914352658803,592.8565932019453,593.0260663058995,70361100,SPY
2025-01-28,602.7069702148438,603.5543965921443,595.4587545999498,598.818642579001,44433300,SPY
2025-01-29,600.0050659179688,602.3181151413867,597.4228069982945,601.9093107246936,37177400,SPY
2025-01-30,603.225341796875,604.7806606099443,598.9182910409676,602.1486247469728,39281300,SPY
2025-01-31,600.0150146484375,608.1306155740967,599.2473045778189,605.6779717570167,66671500,SPY
2025-02-03,595.9771728515625,598.4895734255874,588.7189779992506,590.8924323868896,65857200,SPY
2025-02-04,599.9751586914062,600.4935577176606,595.4886551807033,596.0369934393696,33457800,SPY
2025-02-05,602.4077758789062,602.5573503352053,596.784737785208,598.8385569367734,30653100,SPY
2025-02-06,604.5015258789062,604.6311408496849,600.8225905322549,604.172498579845,35771500,SPY
2025-02-07,598.9682006835938,606.3061120968874,598.2503284518037,605.0698408193554,50788500,SPY
2025-02-10,603.035888671875,603.683963510289,600.9322316611732,602.2184015940107,26048700,SPY
2025-02-11,603.4945678710938,604.0429061552635,600.6232006225274,600.7428358535425,30056700,SPY
2025-02-12,601.5504150390625,602.7368484783108,596.714985283226,597.4029183001364,45076100,SPY
2025-02-13,607.9013061523438,608.1106982366895,601.3909222732692,602.6670517126223,40921300,SPY
2025-02-14,607.8713989257812,609.1575080488998,607.2432835546514,608.1106693810499,26910400,SPY
2025-02-18,609.656005859375,609.656005859375,606.5553479941693,609.0478499794664,26749000,SPY
2025-02-19,611.0916748046875,611.3907628653418,607.731787077126,608.2502469503253,31011100,SPY
2025-02-20,608.5493774414062,609.845466362675,605.1994692243143,609.705871640604,36554000,SPY
2025-02-21,598.1406860351562,608.4696001270332,597.6720639975363,608.3300054050101,76519800,SPY
2025-02-24,595.4188842773438,601.2214363779027,594.7010120406462,600.2144558088706,50737200,SPY
2025-02-25,592.457763671875,596.0968410433766,587.7918070882386,595.3590701652774,58266500,SPY
2025-02-26,592.7568359375,597.7817589335975,590.0848810857798,594.1426816591761,43321600,SPY
2025-02-27,583.2952880859375,596.226419710782,582.8965242893548,595.0598849968359,74196700,SPY
2025-02-28,592.39794921875,592.9363077632394,580.6931691446642,583.8038068836951,88744100,SPY
2025-03-03,582.0191650390625,595.5484729311629,578.1607768871335,594.3919179487391,74249200,SPY
2025-03-04,575.1298828125,583.63432908105,570.533723601707,577.9713716824587,109648200,SPY
2025-03-05,581.311279296875,583.1258280404028,571.3612308662864,574.9603891205771,71230500,SPY
2025-03-06,570.9923706054688,578.4299578955523,568.4101116656967,573.7540215413394,80094900,SPY
2025-03-07,574.1926879882812,575.6583108183255,563.9335715863721,569.187785314308,81158800,SPY
2025-03-10,558.8987426757812,567.8318311729231,553.9237182672504,565.8877282348667,99326600,SPY
2025-03-11,554.252685546875,562.3284287982106,550.3644188129149,557.7222898220398,88102100,SPY
2025-03-12,557.19384765625,561.4211214289652,552.0293906715008,560.483938216931,69588200,SPY
2025-03-13,549.7661743164062,557.4331130450024,548.0314026284964,556.8149774056806,74079400,SPY
2025-03-14,561.1220092773438,562.1389695505442,549.835953090791,554.442091848548,62660300,SPY
2025-03-17,565.4490356445312,568.0013552926785,560.6633830586674,561.1020658506349,49008700,SPY
2025-03-18,559.33740234375,563.3254055013634,557.3832588897637,563.1060336846033,66041400,SPY
2025-03-19,565.4290771484375,569.2376275644565,559.9455726652652,561.141985813832,66556000,SPY
2025-03-20,563.7940063476562,568.8587877529125,560.9126592589647,561.6405112658884,62958200,SPY
2025-03-21,563.97998046875,564.8900146484375,558.030029296875,559.280029296875,83763000,SPY
2025-03-24,574.0800170898438,575.1500244140625,570.2000122070312,570.7999877929688,58766800,SPY
2025-03-25,575.4600219726562,576.4099731445312,573.6900024414062,575.2999877929688,38355700,SPY
2025-03-26,568.5900268554688,576.3300170898438,567.1900024414062,575.1900024414062,51848300,SPY
2025-03-27,567.0800170898438,570.9000244140625,564.9400024414062,567.1799926757812,42164200,SPY
2025-03-28,555.6599731445312,566.27001953125,555.0700073242188,565.530029296875,71662700,SPY
2025-03-31,559.3900146484375,560.7100219726562,546.8699951171875,549.8300170898438,95328200,SPY
2025-04-01,560.969970703125,562.9400024414062,553.6799926757812,557.4500122070312,54609600,SPY
2025-04-02,564.52001953125,567.4199829101562,554.8099975585938,555.0499877929688,76014500,SPY
2025-04-03,536.7000122070312,547.969970703125,536.7000122070312,545.1099853515625,125986000,SPY
2025-04-04,505.2799987792969,525.8699951171875,505.05999755859375,523.6699829101562,217965100,SPY
2025-04-07,504.3800048828125,523.1699829101562,481.79998779296875,489.19000244140625,256611400,SPY
2025-04-08,496.4800109863281,524.97998046875,489.1600036621094,521.8599853515625,165816600,SPY
2025-04-09,548.6199951171875,548.6199951171875,493.04998779296875,493.44000244140625,241867300,SPY
2025-04-10,524.5800170898438,533.5,509.32000732421875,532.1699829101562,162331200,SPY
2025-04-11,533.9400024414062,536.4299926757812,520.0700073242188,523.010009765625,97866300,SPY
2025-04-14,539.1199951171875,544.280029296875,533.8599853515625,544.0499877929688,68034000,SPY
2025-04-15,537.6099853515625,543.22998046875,536.8099975585938,539.6699829101562,56892900,SPY
2025-04-16,525.6599731445312,537.8900146484375,520.2899780273438,531.6799926757812,83484800,SPY
2025-04-17,526.4099731445312,531.1699829101562,523.9099731445312,527.6400146484375,79741000,SPY
2025-04-21,513.8800048828125,521.7000122070312,508.4599914550781,521.1599731445312,69368100,SPY
2025-04-22,527.25,529.2999877929688,519.1900024414062,520.1400146484375,75948100,SPY
2025-04-23,535.4199829101562,545.4299926757812,533.8800048828125,540.4299926757812,90590700,SPY
