DATE,CLOSE,HIGH,LOW,OPEN,VOLUME,SEC_ID
2005-01-03,46.582427978515625,46.63492033631192,46.277970701333054,46.28846757092824,1168000,TLT
2005-01-04,46.09427261352539,46.587709921306285,46.0942726135254,46.57196260380909,1935400,TLT
2005-01-05,46.34092712402344,46.48266079514149,46.16245243287607,46.18869659074091,1094100,TLT
2005-01-06,46.372440338134766,46.477429026478575,46.30945113003743,46.346196169730526,1057400,TLT
2005-01-07,46.47744369506836,46.65067208182597,46.37770541089091,46.5929292862401,738700,TLT
2005-01-10,46.5508918762207,46.571889601606976,46.440656821622696,46.52989415083442,379400,TLT
2005-01-11,46.82389450073242,46.86588998756348,46.58242645881893,46.66641743248104,844100,TLT
2005-01-12,46.88685607910156,46.94984926682338,46.6138936087884,46.65063863373262,722000,TLT
2005-01-13,47.338294982910156,47.33829498291015,47.10207754883153,47.11257441049644,1876700,TLT
2005-01-14,47.33304214477539,47.45377807477707,47.144066605150904,47.1913124925105,1043800,TLT
2005-01-18,47.49055480957031,47.501051677711565,47.10210660978992,47.13885165564874,1251600,TLT
2005-01-19,47.62702941894531,47.68476819053236,47.385557441830144,47.66377445808738,655800,TLT
2005-01-20,47.72151184082031,47.779250605881394,47.42754755600045,47.46429259098937,1064200,TLT
2005-01-21,47.77402877807617,47.79502652387001,47.516809395784605,47.55880488737227,606300,TLT
2005-01-24,47.978759765625,48.03125213637651,47.76878627770778,47.81602820991079,561400,TLT
2005-01-25,47.527305603027344,47.9787470809781,47.511558296456286,47.95774933724666,1942200,TLT
2005-01-26,47.61653518676758,47.72677031956335,47.57453970620458,47.6900252752981,709800,TLT
2005-01-27,47.527305603027344,47.611292573043,47.422316884370126,47.51680472870656,463900,TLT
2005-01-28,48.00498962402344,48.08373015911039,47.858009427813116,47.884257607812096,1128000,TLT
2005-01-31,48.14146041870117,48.1624581562521,47.92099018177986,47.94198791933078,1313900,TLT
2005-02-01,48.06504440307617,48.212579522344036,47.97547008352503,48.180966002509635,948200,TLT
2005-02-02,48.17570877075195,48.1915155349438,47.996556063170665,48.05451687856183,760300,TLT
2005-02-03,48.14936828613281,48.180985839014916,47.98075607754616,47.98075607754616,505800,TLT
2005-02-04,48.818538665771484,48.97134406970692,48.71842381008213,48.72369407091608,3483900,TLT
2005-02-07,49.18213653564453,49.22429060820084,48.84491199526129,48.86598903153944,1064600,TLT
2005-02-08,49.46137619018555,49.593104577164816,49.176842391906575,49.19791941622702,1383800,TLT
2005-02-09,49.59309387207031,49.6563209113522,49.20317503635645,49.23479257602787,2125800,TLT
2005-02-10,48.92393493652344,49.361274260670356,48.871244371934836,49.261159373929345,1240000,TLT
2005-02-11,48.89230728149414,48.992422139321604,48.68681132492394,48.71842485054051,1275200,TLT
2005-02-14,49.04513168334961,49.11362902205755,48.86071267911068,48.95028704973633,295000,TLT
2005-02-15,48.79745101928711,48.929179371240686,48.7763740005709,48.792180759600484,900200,TLT
2005-02-16,48.61305618286133,48.77639813369085,48.370676377748005,48.74478459999023,1189700,TLT
2005-02-17,48.30746841430664,48.54984833544325,48.265314335839186,48.3496224927741,1146400,TLT
2005-02-18,47.875335693359375,47.92275595374616,47.664569600461874,47.711993880877515,2655800,TLT
2005-02-22,47.664634704589844,47.817440230153686,47.63302115448503,47.75420910990971,914600,TLT
2005-02-23,47.82268524169922,48.03871775339349,47.64880276787529,48.02291098668808,1115000,TLT
2005-02-24,47.71726989746094,48.1229954129397,47.71726989746094,48.03342111161103,798500,TLT
2005-02-25,47.949127197265625,48.022894763658954,47.74890151991673,47.89116639223789,588800,TLT
2005-02-28,47.4327392578125,48.00180665573184,47.364241967704224,48.00180665573184,2797300,TLT
2005-03-01,47.41794967651367,47.49723587513272,47.28052053441823,47.32809386665509,1648500,TLT
2005-03-02,47.35451889038086,47.42323547627922,47.26466308245907,47.280519515308384,1139300,TLT
2005-03-03,47.32808303833008,47.46551214898273,47.280509716977654,47.37036953894054,1600600,TLT
2005-03-04,47.84082794189453,47.92539696732639,47.50254377483636,47.56596953574391,1567000,TLT
2005-03-07,48.03111267089844,48.09453843098853,47.96768287814303,48.02053902243988,889800,TLT
2005-03-08,47.57654571533203,47.71397089305277,47.53954600861251,47.63997147961373,680400,TLT
2005-03-09,46.799560546875,47.254130800074975,46.746704384735466,47.137844823768,2549600,TLT
2005-03-10,47.084983825683594,47.21712623379385,46.72026948884611,46.9052680536672,1357700,TLT
2005-03-11,46.74139404296875,46.97396587857502,46.725537605570985,46.85767996077188,1017900,TLT
2005-03-14,47.02149963378906,47.04264287855275,46.67264617684226,46.709645847013306,805000,TLT
2005-03-15,46.72554397583008,47.20125732594194,46.72554397583008,47.19597050186703,963900,TLT
2005-03-16,47.0109977722168,47.232996113150406,46.799569052565424,46.799569052565424,2097800,TLT
2005-03-17,47.1642951965332,47.349293859883595,47.106152183384744,47.22772100529996,1025300,TLT
2005-03-18,46.86823272705078,47.032091930809244,46.868232727050774,46.98980542450621,722700,TLT
2005-03-21,46.736114501953125,46.868256877744216,46.71497123790672,46.868256877744216,893100,TLT
2005-03-22,46.33968734741211,47.06911584225706,46.270974763800524,47.010972874329845,2544900,TLT
2005-03-23,46.561683654785156,46.59868738982095,46.26568603581967,46.26568603581967,1951700,TLT
2005-03-24,46.65682601928711,46.75725551049665,46.60925670197632,46.683256106236485,746800,TLT
2005-03-28,46.37139892578125,46.51411090076334,46.36611210221456,46.50882407719666,382200,TLT
2005-03-29,46.64624786376953,46.66210429997001,46.508818695591444,46.55639203685723,1135000,TLT
2005-03-30,46.87883377075195,46.910546652683884,46.598692559911704,46.61983179275596,1095600,TLT
2005-03-31,47.21711349487305,47.24882637381034,46.96868518942378,47.14839688028867,2410900,TLT
2005-04-01,47.37628936767578,47.56728032518639,46.95186411818128,47.498308894762516,2805300,TLT
2005-04-04,47.365631103515625,47.56723472518822,47.307272586464634,47.365631103515625,754800,TLT
2005-04-05,47.24361801147461,47.40808073736784,47.17995306228247,47.34441578817571,733300,TLT
2005-04-06,47.4080696105957,47.450512900095596,47.32318303159592,47.43459767843685,402800,TLT
2005-04-07,47.02611541748047,47.52481423975783,47.010200186576675,47.376266687832796,973000,TLT
2005-04-08,47.19057083129883,47.21709891040749,46.86694769473278,46.98366476662435,438600,TLT
2005-04-11,47.44526290893555,47.54606482948902,47.1853045348773,47.20121977546581,1460200,TLT
2005-04-12,47.88555908203125,47.959832834366644,47.28075621437679,47.33911474087116,1931500,TLT
2005-04-13,47.76885986328125,47.98107239816043,47.64153396140071,47.93332265519433,1001700,TLT
2005-04-14,47.694610595703125,47.81132775225394,47.56728462838383,47.79010608309747,1461800,TLT
2005-04-15,48.32591247558594,48.3418317547431,47.86435457046281,48.034123786249424,2807300,TLT
2005-04-18,48.28877639770508,48.48507370110206,48.246337128758185,48.4744648957697,3510800,TLT
2005-04-19,48.75566482543945,48.829938636148185,48.44795672529236,48.45856553498541,1733600,TLT
2005-04-20,48.6336669921875,48.68671916396969,48.37370851711987,48.394930195357,1617900,TLT
2005-04-21,48.124305725097656,48.50098099078565,48.11899929949168,48.43732007398118,1288500,TLT
2005-04-22,48.52756118774414,48.58591978923409,48.325957274371156,48.4214527997528,876300,TLT
2005-04-25,48.6707763671875,48.71321969963678,48.54875684591953,48.628337082357184,818300,TLT
2005-04-26,48.59648513793945,48.83522576166671,48.458546380738206,48.80339124993257,549300,TLT
2005-04-27,48.7662239074707,48.914771377412045,48.70256301899012,48.83519526681131,684900,TLT
2005-04-28,49.12702560424805,49.15355369544108,48.78218065683071,48.83523683921678,1062000,TLT
2005-04-29,49.042137145996094,49.307401835798984,48.92542003486395,49.11110450820238,1445100,TLT
2005-05-02,49.031471252441406,49.1219874295022,48.82914933748979,49.06341981109972,1358200,TLT
2005-05-03,49.164581298828125,49.27106972970673,48.94096168716048,49.020826994789864,1884900,TLT
2005-05-04,48.73331069946289,48.83447368574277,48.47774660860149,48.69071533028,2211500,TLT
2005-05-05,48.84514617919922,48.89838838761299,48.56295881869813,48.61087964975461,1757900,TLT
2005-05-06,48.48306655883789,48.55760642165915,48.34995908064023,48.41385213253754,850600,TLT
2005-05-09,48.531009674072266,48.57892643843525,48.45114433801423,48.45646977698336,327800,TLT
2005-05-10,48.87708282470703,48.877082824707024,48.63216141396447,48.642812290319775,495500,TLT
2005-05-11,49.026153564453125,49.260419993561456,48.97823275392113,49.05809806339554,1058700,TLT
2005-05-12,49.217838287353516,49.23381053994176,48.83448797675908,48.98356775040821,657000,TLT
2005-05-13,49.409515380859375,49.52664659180761,49.2870546693471,49.36159455909567,1698100,TLT
2005-05-16,49.35095977783203,49.553281804751514,49.34563433808879,49.537309547642124,824800,TLT
2005-05-17,49.48939895629883,49.61718516386066,49.46277987631432,49.494724397144196,856300,TLT
2005-05-18,49.81950378417969,49.9419645424195,49.69704302593988,49.88871826189383,1092300,TLT
2005-05-19,49.69170379638672,49.888700339927695,49.66508066568795,49.888700339927695,948800,TLT
2005-05-20,49.75025177001953,49.787521700994894,49.627791104176,49.649088787893035,806800,TLT
2005-05-23,50.138946533203125,50.17089510462458,49.81948925382641,49.835461508477295,905600,TLT
2005-05-24,50.27738571166992,50.39452100971697,50.144278157001956,50.33062792111307,1695400,TLT
2005-05-25,49.92595291137695,50.39449385105851,49.90465928877144,50.36254529291422,1923300,TLT
2005-05-26,49.909969329833984,50.085672142316064,49.83010404578603,49.83010404578603,978300,TLT
2005-05-27,49.963226318359375,50.03777025113421,49.80349976500319,49.90998413390731,650600,TLT
2005-05-31,50.580848693847656,50.60747181800758,50.165553954510806,50.165553954510806,1979000,TLT
2005-06-01,51.20021438598633,51.21624553065241,50.86889319062933,50.87423418745348,3823200,TLT
2005-06-02,51.32311248779297,51.40327226614194,51.15745193574193,51.15745193574193,1703400,TLT
2005-06-03,50.900962829589844,51.836151123046875,50.87424153322354,51.78271260741167,5558100,TLT
2005-06-06,51.16813278198242,51.23760240834466,50.95437475389713,51.034534524066025,1088700,TLT
2005-06-07,51.574317932128906,51.61172531412151,51.32849741087773,51.55294170283331,1503100,TLT
2005-06-08,51.328487396240234,51.54224149329328,51.328487396240234,51.4674267439051,1272400,TLT
2005-06-09,51.28571701049805,51.30709322814733,50.99714418787761,51.125397416676705,612700,TLT
2005-06-10,50.708553314208984,51.061254664223924,50.69252217595288,51.061254664223924,1464800,TLT
2005-06-13,50.403968811035156,50.516190899015996,50.32380901187834,50.48947368402822,1616700,TLT
2005-06-14,50.072628021240234,50.318452416340996,50.00315839129162,50.25966885365544,1984500,TLT
2005-06-15,50.163482666015625,50.163482666015625,49.87490989757949,49.90697217948488,1996800,TLT
2005-06-16,50.41465759277344,50.45741003156908,50.00317658138202,50.126088823645254,1370300,TLT
2005-06-17,50.4093017578125,50.48411646513475,50.24363712551686,50.291734624278746,555900,TLT
2005-06-20,50.32382583618164,50.3398569859532,50.01922175922764,50.136788960349904,453000,TLT
2005-06-21,50.69253158569336,50.69253158569335,50.40395881223202,50.43602109469574,503100,TLT
2005-06-22,51.307098388671875,51.34984675117349,50.90630344090275,51.0292116083776,952200,TLT
2005-06-23,51.253658294677734,51.29106565889692,51.05593132546378,51.19487471131945,996300,TLT
2005-06-24,51.51018142700195,51.54224372753013,51.31245439384901,51.43002159858329,928000,TLT
2005-06-27,51.64912414550781,51.73462497143657,51.488804490881414,51.56361924248088,1203600,TLT
2005-06-28,51.29641342163086,51.49948549168812,51.25366505481126,51.4727641949656,982400,TLT
2005-06-29,51.21623992919922,51.55825531208919,51.08798670880071,51.55291023875281,1682400,TLT
2005-06-30,51.67581558227539,51.686505728368175,51.20020600854989,51.226927296685716,2159400,TLT
2005-07-01,51.04951477050781,51.617926033487606,50.93690603407678,51.49995380737588,2222700,TLT
2005-07-05,50.56689453125,50.80283483382965,50.55080406619745,50.59370379071844,1076100,TLT
2005-07-06,50.84571838378906,50.85108187043373,50.63658740720463,50.74383259324838,854100,TLT
2005-07-07,50.95295333862305,51.237160797739975,50.92078060749844,51.17281124434997,1678000,TLT
2005-07-08,50.7438850402832,51.076352006471154,50.57765360276214,51.076352006471154,1259300,TLT
2005-07-11,50.7438850402832,50.75461202465956,50.37924530325783,50.465044813685374,982000,TLT
2005-07-12,50.45969009399414,50.69027120442274,50.43824021265816,50.593748783984104,743700,TLT
2005-07-13,50.38457489013672,50.45964736566935,50.3309522777767,50.43283810506088,886600,TLT
2005-07-14,50.25589370727539,50.48111119618749,50.191544099952985,50.45966132708002,874300,TLT
2005-07-15,50.389930725097656,50.422103469398394,50.13789998502862,50.13789998502862,1064700,TLT
2005-07-18,50.01457977294922,50.389946300768685,49.92342090849135,50.3255967011341,1204500,TLT
2005-07-19,50.191558837890625,50.25590846410826,49.93416851531093,49.99315464989074,1226900,TLT
2005-07-20,50.46502685546875,50.53473586452547,49.966328629223845,50.1432869881498,1884500,TLT
2005-07-21,49.77859878540039,50.15932440068464,49.6981628743087,50.127151672704116,3824200,TLT
2005-07-22,50.16476058959961,50.20229685702505,49.88591623917089,49.923452506596334,1614900,TLT
2005-07-25,49.982391357421875,50.250508468506304,49.94485512551576,50.084277168799545,305100,TLT
2005-07-26,50.062808990478516,50.089622328232664,49.96092321638191,50.014545800749254,340500,TLT
2005-07-27,49.982391357421875,50.01456410158643,49.87514614944509,49.907318893609634,593300,TLT
2005-07-28,50.42745590209961,50.49716486318328,50.073539427809685,50.073539427809685,578900,TLT
2005-07-29,49.92876052856445,50.2987633900752,49.78933850824795,50.2987633900752,1699500,TLT
2005-08-01,49.743099212646484,49.839980550193125,49.52780689516957,49.78615849741375,1760300,TLT
2005-08-02,49.581634521484375,49.76463032762119,49.4955159494015,49.662365549862656,1071400,TLT
2005-08-03,49.823829650878906,49.872272368267936,49.651596634396064,49.651596634396064,591100,TLT
2005-08-04,49.72153091430664,49.942206497405294,49.62464965208024,49.83455836917806,1046800,TLT
2005-08-05,49.334022521972656,49.447050005597454,49.2748170629753,49.35554804673782,1041600,TLT
2005-08-08,49.24254608154297,49.43630875569907,49.215637108463135,49.34481085578074,836600,TLT
2005-08-09,49.42551040649414,49.43627316670612,49.12948317120919,49.355538092868734,1474800,TLT
2005-08-10,49.3717155456543,49.57085751677123,49.269450788794025,49.5224189096429,909300,TLT
2005-08-11,49.71617126464844,49.75922642662376,49.355555025305485,49.53317142741141,881600,TLT
2005-08-12,50.22212600708008,50.29209837635429,49.82383786077651,49.850750942245,1765100,TLT
2005-08-15,50.09295654296875,50.21675097942937,50.0821937732748,50.19522133368143,954300,TLT
2005-08-16,50.44281768798828,50.53969906292961,50.324406662353226,50.421288037294545,1311000,TLT
2005-08-17,50.10909652709961,50.44818327256471,50.04451170423734,50.32977228883782,1278200,TLT
2005-08-18,50.48042678833008,50.4911895462624,50.20054580582294,50.29742705263609,833900,TLT
2005-08-19,50.47506332397461,50.50735571690191,50.23824149222185,50.24900836076908,439200,TLT
2005-08-22,50.421295166015625,50.48588412722863,50.162943427525185,50.34594343111458,599300,TLT
2005-08-23,50.652671813964844,50.717260696123724,50.405087258557295,50.44814651332988,491800,TLT
2005-08-24,50.70112609863281,50.771098435898764,50.51274693360489,50.73880193163839,998200,TLT
2005-08-25,50.86260986328125,50.92181534612818,50.625787931893555,50.7441988975874,812400,TLT
2005-08-26,50.84645462036133,51.067126202901704,50.70113060417004,50.943335929036124,874600,TLT
2005-08-29,50.911006927490234,51.06709360886244,50.862568357248286,51.04018466084655,550100,TLT
2005-08-30,51.233951568603516,51.320065958571384,50.980983618597314,51.04018905823093,1392700,TLT
2005-08-31,51.66459274291992,51.669976181886554,51.293217581437936,51.2985969140438,1310800,TLT
2005-09-01,51.35345458984375,51.70992362268751,51.272437589430595,51.47767708587423,1899000,TLT
2005-09-02,51.39665985107422,51.46687238111175,51.20222071483672,51.24542620679302,621400,TLT
2005-09-06,51.03473663330078,51.402009755004556,51.029338527303494,51.3155947314404,965300,TLT
2005-09-07,50.55411148071289,50.86737513139835,50.42448670552134,50.86737513139835,1090200,TLT
2005-09-08,50.60811233520508,50.75934601980658,50.55410236533854,50.710734162439095,373100,TLT
2005-09-09,50.770145416259766,50.94297978901918,50.705330981213805,50.748540604577784,426300,TLT
2005-09-12,50.419090270996094,50.61352951649818,50.33267511782727,50.5865265839382,917300,TLT
2005-09-13,50.68375778198242,50.83499155808379,50.57573777689479,50.6405522523668,450400,TLT
2005-09-14,50.489295959472656,50.70533585566811,50.43528186472691,50.67293069537817,346400,TLT
2005-09-15,50.07340621948242,50.419074968641695,49.90597407805429,50.419074968641695,2225800,TLT
2005-09-16,49.74391555786133,49.94915910960266,49.62509121120993,49.85193956422374,2145500,TLT
2005-09-19,49.851959228515625,49.927574002448594,49.743935179542724,49.78714479913189,886100,TLT
2005-09-20,49.981590270996094,50.12201949202579,49.62511704546609,49.846563283270484,1848800,TLT
2005-09-21,50.44609069824219,50.451492932323724,50.30025922292146,50.3812762513555,993000,TLT
2005-09-22,50.3974494934082,50.47306424374066,50.30022994002436,50.42985875833271,761700,TLT
2005-09-23,50.019412994384766,50.284064817651405,50.019412994384766,50.25706188424749,656800,TLT
2005-09-26,49.792545318603516,49.895163010726975,49.743933468064206,49.749335700501014,680900,TLT
2005-09-27,49.862762451171875,49.99238719672524,49.657522927321004,49.835755407195755,827800,TLT
2005-09-28,50.197608947753906,50.24081443029686,49.8303355616241,49.90054807636415,712800,TLT
2005-09-29,49.970787048339844,50.01939890789345,49.88437191680653,50.01399667445488,657100,TLT
2005-09-30,49.797935485839844,50.062591263973864,49.68991557851251,50.00317907873523,1391800,TLT
2005-10-03,49.40863037109375,49.994243109288625,49.397783315847114,49.77192812000619,1370900,TLT
2005-10-04,49.5713005065918,49.63637042927371,49.45743124460313,49.54419114151235,783200,TLT
2005-10-05,49.7882080078125,49.87496792545125,49.65264873920737,49.71229514834887,1215800,TLT
2005-10-06,49.5984001159668,49.74480222981901,49.58213367408748,49.72311226166712,340000,TLT
2005-10-07,49.79906463623047,49.858711061789634,49.32189736869883,49.39238671847707,1337800,TLT
2005-10-10,49.76651382446289,49.8695401837208,49.67975805109325,49.8044702509884,159700,TLT
2005-10-11,49.66345977783203,49.84239889038242,49.5875469671024,49.7990189594118,679100,TLT
2005-10-12,49.18086624145508,49.582124371574,49.153756889055245,49.582124371574,1105700,TLT
2005-10-13,49.00196838378906,49.072457717731325,48.84471912781869,48.93689844226798,1376600,TLT
2005-10-14,48.926021575927734,49.18086936195683,48.703702532679785,49.126646516779104,1042600,TLT
2005-10-17,48.91519546508789,49.132091075588654,48.86639612461855,49.02906472978936,1058200,TLT
2005-10-18,48.969444274902344,49.06162775063339,48.92606843937571,49.050780689045325,878200,TLT
2005-10-19,48.99110794067383,49.273073473291326,48.99110794067383,49.15920420944414,904800,TLT
2005-10-20,49.1212272644043,49.12665079047525,48.87179884533781,48.95313518864907,810300,TLT
2005-10-21,49.576725006103516,49.59841498075595,49.208003710891425,49.251383660196296,1252800,TLT
2005-10-24,49.19172286987305,49.565867583502595,49.06700658635038,49.51706412058035,939100,TLT
2005-10-25,48.76877212524414,49.37065521792456,48.763348599678785,49.24593895154861,632900,TLT
2005-10-26,48.41090774536133,48.63864624097103,48.34584196772374,48.503087021640624,2895800,TLT
2005-10-27,48.58438491821289,48.68741116716252,48.42171646595829,48.58438491821289,1197400,TLT
2005-10-28,48.589839935302734,48.736242050918285,48.32414506188421,48.64948631420423,750400,TLT
2005-10-31,48.681983947753906,48.82296657188457,48.57353832115215,48.676560425343176,547700,TLT
2005-11-01,48.62594985961914,48.827470191711605,48.52246588431281,48.70764751616016,647100,TLT
2005-11-02,48.39716339111328,48.6858246261182,48.38082470314128,48.51698597665773,781100,TLT
2005-11-03,48.07039260864258,48.4570902510208,48.05949737628621,48.413517632222614,962900,TLT
2005-11-04,47.99414825439453,48.277361999302,47.85253930428373,48.15753936115549,1888700,TLT
2005-11-07,48.157554626464844,48.23925228339947,48.119429607270746,48.20112726420537,1121600,TLT
2005-11-08,48.62594985961914,48.647736178384434,48.41353844580173,48.41353844580173,1396800,TLT
2005-11-09,48.12487030029297,48.43531802771647,48.124870300292976,48.353620382538736,1140300,TLT
2005-11-10,48.71308898925781,48.73487530527465,48.2719233617179,48.32094361158452,1695200,TLT
2005-11-11,48.740291595458984,48.85466657429806,48.71306183210449,48.80020289227649,193700,TLT
2005-11-14,48.37541961669922,48.71854483169782,48.26649216425025,48.68041980780909,1230100,TLT
2005-11-15,48.691307067871094,48.82746843877939,48.33728667244646,48.33728667244646,839800,TLT
2005-11-16,49.203277587890625,49.2577454678024,48.88193870405346,48.909172644009345,1822300,TLT
2005-11-17,49.32307052612305,49.50825206443655,49.045304451622776,49.11065921959304,1003100,TLT
2005-11-18,49.09431838989258,49.26315707354847,49.05074577626747,49.2195886152365,734200,TLT
2005-11-21,49.241371154785156,49.37753244546162,49.19779854449361,49.20324200429543,503300,TLT
2005-11-22,49.306732177734375,49.382982177773265,49.20869586978247,49.21959110139566,1026900,TLT
2005-11-23,49.11614990234375,49.39392037571747,48.94186344274625,49.33945248089822,768300,TLT
2005-11-25,49.295860290527344,49.31219898899383,49.20326740702562,49.241396577200724,421500,TLT
2005-11-28,49.540916442871094,49.63895272440319,49.301271275723245,49.301271275723245,883400,TLT
2005-11-29,49.07255935668945,49.62265248232684,49.034434337406594,49.606313781964964,889200,TLT
2005-11-30,49.0180778503418,49.18147310530185,48.920041528428555,49.18147310530185,1642800,TLT
2005-12-01,48.94149398803711,49.236882958644394,48.78285893863328,49.23141163324468,1214800,TLT
2005-12-02,48.957908630371094,48.98526108667499,48.76645395644048,48.832093174131614,746200,TLT
2005-12-05,48.73910140991211,48.87585534438066,48.60234747544355,48.87585534438066,431100,TLT
2005-12-06,49.236881256103516,49.29705331322425,48.85943911114587,48.90867269124389,968800,TLT
2005-12-07,49.0509147644043,49.18220158528723,48.9688615447025,49.12202950239925,386600,TLT
2005-12-08,49.368167877197266,49.42833993922973,49.12201247680893,49.220475471644,976200,TLT
2005-12-09,48.97978210449219,49.23688012932471,48.94149117569149,49.22047032746701,817400,TLT
2005-12-12,48.88677978515625,49.09464418569213,48.760964376017874,49.09464418569213,440500,TLT
2005-12-13,49.06730651855469,49.1329499048416,48.89226166185481,49.07824916963513,598700,TLT
2005-12-14,49.570594787597656,49.67999632566419,49.30802525347635,49.340844880216075,635000,TLT
2005-12-15,49.450252532958984,49.47213367611151,49.22597394569654,49.47213367611151,724300,TLT
2005-12-16,49.61431121826172,49.740126637402916,49.537729371270615,49.68542591432322,684500,TLT
2005-12-19,49.663570404052734,49.83314398507549,49.537754920023076,49.55963605521953,469800,TLT
2005-12-20,49.603355407714844,49.66899875650815,49.45019176725997,49.54865470375184,236000,TLT
2005-12-21,49.51585006713867,49.548673840910936,49.39003881677138,49.521321391667016,193100,TLT
2005-12-22,49.90973663330078,49.94802758480107,49.72922453245696,49.734691687385066,692700,TLT
2005-12-23,50.21601486206055,50.34729738813104,49.83310158204358,49.88233513769268,2295800,TLT
2005-12-27,50.62630081176758,50.64817776549472,50.21603906831208,50.309030728546404,519500,TLT
2005-12-28,50.48515701293945,50.67191327252285,50.39726875614062,50.55106901479583,1295700,TLT
2005-12-29,50.595008850097656,50.60599278589413,50.36430848169027,50.551064725427,740600,TLT
2005-12-30,50.47966003417969,50.8586665951958,50.36979971952519,50.831204659589055,1099500,TLT
2006-01-03,50.41375732421875,50.67192389425316,50.24897309429337,50.309391045078804,1392700,TLT
2006-01-04,50.5345573425293,50.57300738157336,50.215968910027065,50.28188505870545,387600,TLT
2006-01-05,50.47415542602539,50.61147764759815,50.36978919659277,50.46866136375482,453400,TLT
2006-01-06,50.380775451660156,50.479647615153375,50.25443716857492,50.408237380510705,1193700,TLT
2006-01-09,50.41375732421875,50.41375732421875,50.281929102129716,50.369813186607864,413600,TLT
2006-01-10,50.007225036621094,50.358769337803004,50.00173097826989,50.3313032367856,698900,TLT
2006-01-11,49.92481231689453,50.14452847092775,49.84791229159346,50.12255643645072,394600,TLT
2006-01-12,50.25991439819336,50.27089832790668,49.98527005721962,50.05667607720637,626600,TLT
2006-01-13,50.551029205322266,50.69933947418869,50.3038510115308,50.309340880200345,491000,TLT
2006-01-17,50.77626037597656,50.80921636447311,50.49612190153248,50.53457195169217,454300,TLT
2006-01-18,50.75977325439453,50.95751334055844,50.60047902073604,50.952023470623615,622100,TLT
2006-01-19,50.611473083496094,50.77626141081958,50.512600925250254,50.57302303255278,490600,TLT
2006-01-20,50.74326705932617,50.79819925860234,50.56200505022549,50.71031109235122,842600,TLT
2006-01-23,50.72682571411133,50.80921988179767,50.38626930076192,50.42471935358335,720400,TLT
2006-01-24,50.47966003417969,50.63895434737182,50.40275990929279,50.53458809613568,300500,TLT
2006-01-25,49.93035125732422,50.29837373648424,49.869929155881124,50.26541775051194,1204500,TLT
2006-01-26,49.716156005859375,49.765590011703196,49.463483530923696,49.73812807203767,764100,TLT
2006-01-27,49.716156005859375,49.875450342594654,49.52390566522822,49.875450342594654,1091400,TLT
2006-01-30,49.666709899902344,49.71065402526088,49.56783771321688,49.600797902607006,308500,TLT
2006-01-31,49.804012298583984,49.83697247483742,49.545845903426105,49.628240057948524,676100,TLT
2006-02-01,49.63371276855469,49.86523285150435,49.52897569052057,49.69434958156047,622300,TLT
2006-02-02,49.72739791870117,49.83764852637926,49.53446461230284,49.633688056397794,658500,TLT
2006-02-03,50.08020782470703,50.16289475609073,49.512430677841415,49.61165415437545,1524600,TLT
2006-02-06,50.17937469482422,50.27859805942622,50.10220143409236,50.151815219207,755100,TLT
2006-02-07,49.94237518310547,50.22902252206188,49.88725198888466,50.22902252206188,280500,TLT
2006-02-08,49.82661819458008,50.09672480636306,49.77149499706135,50.09672480636306,261700,TLT
2006-02-09,50.052635192871094,50.107758397461446,49.644714226514424,49.68881447243908,1119200,TLT
2006-02-10,49.777008056640625,50.37234447148382,49.74393077397187,50.27312103473823,938000,TLT
2006-02-13,49.7825813293457,49.81014506600989,49.699898530624615,49.74399462139728,218700,TLT
2006-02-14,49.60614013671875,49.72190015739019,49.45730702603603,49.556530501701836,836100,TLT
2006-02-15,49.72739791870117,49.87072160586736,49.545487570255325,49.68881125742151,720300,TLT
2006-02-16,49.73841857910156,49.77700523533611,49.611631448256546,49.721877835889515,427800,TLT
2006-02-17,50.135292053222656,50.20144238801049,50.05260939177381,50.05260939177381,731400,TLT
2006-02-21,50.052635192871094,50.1628816020518,50.04160802857446,50.107758397461446,433300,TLT
2006-02-22,50.39436721801758,50.41090374755442,50.21245698185617,50.22899771702107,559000,TLT
2006-02-23,50.267642974853516,50.33378917013827,50.12431920901492,50.33378917013827,288300,TLT
2006-02-24,50.190433502197266,50.405416893476456,50.13530610494214,50.405416893476456,485700,TLT
2006-02-27,50.107723236083984,50.355779585491,50.01401343347493,50.355779585491,446200,TLT
2006-02-28,50.355831146240234,50.405444990299436,50.118797505058545,50.16289776519288,744200,TLT
2006-03-01,50.05156707763672,50.26730624526496,49.9962458794429,50.21198504707115,713600,TLT
2006-03-02,49.70307159423828,49.84136617531318,49.454143036469716,49.819238535891316,1640000,TLT
2006-03-03,49.41539001464844,49.5370898456336,49.36007306067693,49.49836755581224,1253300,TLT
2006-03-06,48.983951568603516,49.22734720744298,48.95629095899117,49.221818461853694,872700,TLT
2006-03-07,49.017127990722656,49.094572612703836,48.8511728176685,48.9009610577509,1692900,TLT
2006-03-08,49.000518798828125,49.16646970229628,48.92860294228589,48.994985835921625,1184700,TLT
2006-03-09,49.017127990722656,49.05031733716734,48.829045179900255,48.989467388408514,282100,TLT
2006-03-10,48.834556579589844,48.93966175747177,48.68520036612762,48.85668420758675,1086900,TLT
2006-03-13,48.795833587646484,48.8290229189603,48.68519966965815,48.75711129430922,1740100,TLT
2006-03-14,49.122215270996094,49.22731623648336,48.92859956635433,48.92859956635433,904400,TLT
2006-03-15,48.8567008972168,48.97840078256615,48.76266161141591,48.923083803884154,971000,TLT
2006-03-16,49.29928970336914,49.415456729668485,48.917595030943616,48.96185034203444,1048000,TLT
2006-03-17,49.149864196777344,49.23284174042249,49.09454724115164,49.149864196777344,703500,TLT
2006-03-20,49.22732162475586,49.36561616011509,49.22179288203977,49.36008741739901,576000,TLT
2006-03-21,48.97281265258789,49.31578428673584,48.878773472718514,49.31578428673584,817200,TLT
2006-03-22,49.077972412109375,49.22179993119681,49.028184177634344,49.09456708346275,205500,TLT
2006-03-23,48.92308807373047,49.160954901196725,48.86776686980527,49.13329429923413,613400,TLT
2006-03-24,49.282623291015625,49.39326141719497,48.95625031471575,48.972844978539406,954800,TLT
2006-03-27,49.100101470947266,49.26052366603922,49.011590927276536,49.26052366603922,467100,TLT
2006-03-28,48.640933990478516,48.917522946589415,48.591145783764034,48.900928284488764,1094900,TLT
2006-03-29,48.40864944458008,48.690767427638164,48.33120479584843,48.58566638745483,1071700,TLT
2006-03-30,48.07119369506836,48.28693288806671,47.899705557247984,48.20395530143303,1152000,TLT
2006-03-31,48.05457305908203,48.203929257996755,48.01585076896242,48.11542297504327,1167700,TLT
2006-04-03,48.070133209228516,48.1367677019397,47.798049777708684,47.85357640342967,1549700,TLT
2006-04-04,48.02016067504883,48.25337504569054,47.95352618211834,48.142317557473056,749100,TLT
2006-04-05,48.08680725097656,48.1867569060876,48.03128060622853,48.1423338957246,638600,TLT
2006-04-06,47.7203369140625,47.914682325163156,47.620387240294704,47.914682325163156,2022100,TLT
2006-04-07,47.25389862060547,47.54819367389569,47.142845322296175,47.437140375586395,1956500,TLT
2006-04-10,47.34273910522461,47.36495060956817,47.176154940853515,47.281658527382625,1527100,TLT
2006-04-11,47.50931167602539,47.58704981098391,47.38160084134094,47.520419544682674,1237300,TLT
2006-04-12,47.22054672241211,47.60368750524638,47.19833523275709,47.531499104765444,1902000,TLT
2006-04-13,46.88737487792969,46.998428070913434,46.79297500384497,46.92068998854326,3219400,TLT
2006-04-17,47.05949783325195,47.18165885943474,46.83738726168386,46.94289073637023,1465400,TLT
2006-04-18,47.14284896850586,47.34829800990945,47.05400293385731,47.17061017702446,2680300,TLT
2006-04-19,46.854087829589844,46.970695033527825,46.67640005648283,46.89295689756917,1830300,TLT
2006-04-20,46.81521224975586,46.92626974025666,46.709712929292714,46.87629281042877,1378200,TLT
2006-04-21,47.087318420410156,47.12063356244178,46.78191549708113,46.93739180844436,1303000,TLT
2006-04-24,47.27607727050781,47.414895915120866,47.115047134387616,47.16502404938091,991500,TLT
2006-04-25,46.71525573730469,47.25387283667471,46.676386680464034,47.220557712642574,2067400,TLT
2006-04-26,46.637550354003906,46.68752731153556,46.49318189094009,46.559812185765715,1544900,TLT
2006-04-27,46.69861602783203,46.80967354441141,46.44874402924781,46.504270669331966,1864200,TLT
2006-04-28,46.73191452026367,46.759675709695955,46.509803822759466,46.626410985757104,809400,TLT
2006-05-01,46.380741119384766,46.64832419932432,46.33614748363548,46.64274839994737,1795500,TLT
2006-05-02,46.50336456298828,46.570261369453824,46.41417307412129,46.41417307412129,1097900,TLT
2006-05-03,46.40299987792969,46.50891870892017,46.23576431924929,46.50334291437196,1114000,TLT
2006-05-04,46.324989318847656,46.49222925174164,46.324989318847656,46.48107765456835,977800,TLT
2006-05-05,46.60369873046875,46.871281652053035,46.542377732878315,46.82668378960794,1685900,TLT
2006-05-08,46.63153076171875,46.698423241053064,46.564634029302084,46.681700121219485,666400,TLT
2006-05-09,46.60369873046875,46.64829659291384,46.45318626107439,46.57582825625526,341300,TLT
2006-05-10,46.687339782714844,46.83785232020779,46.46435462268723,46.71521452262636,1320200,TLT
2006-05-11,46.45873260498047,46.52562936236349,46.31936755024547,46.52562936236349,1189800,TLT
2006-05-12,46.07413101196289,46.274817218611425,46.02395733375679,46.16332251875784,1804700,TLT
2006-05-15,46.25807189941406,46.39743701759934,46.07410892266889,46.07410892266889,1433500,TLT
2006-05-16,46.60369873046875,46.625997661691294,46.313821130748174,46.313821130748174,1677600,TLT
2006-05-17,46.31380844116211,46.31380844116211,46.11312236823173,46.2190411992464,1440800,TLT
2006-05-18,46.94377136230469,46.954922959536425,46.56469786510101,46.575849462332755,2177700,TLT
2006-05-19,47.06640625,47.30611451694154,46.87129585902143,46.89359479700292,2619500,TLT
2006-05-22,47.16677474975586,47.46780419501772,47.09430635209812,47.29498839584953,2652000,TLT
2006-05-23,47.13886260986328,47.13886260986329,46.84340919971673,46.85456079241271,1394900,TLT
2006-05-24,47.16112518310547,47.38411008116287,47.12210314492666,47.27819129764189,1226300,TLT
2006-05-25,46.977203369140625,47.23363899046905,46.932609753032416,47.22806319354794,678000,TLT
2006-05-26,46.94377136230469,47.105435497459446,46.94377136230469,46.96049450506411,398400,TLT
2006-05-30,46.92144775390625,46.993920338548534,46.832256288382,46.932599345275506,482200,TLT
2006-05-31,46.64274215698242,47.0664135380595,46.592572728571184,47.01623985656006,880700,TLT
2006-06-01,46.85091018676758,46.92366720159284,46.649424624143904,46.67741039063048,1561100,TLT
2006-06-02,47.45536804199219,47.51133530631362,47.29305998644003,47.416190529964325,2041900,TLT
2006-06-05,47.3938102722168,47.472165308675365,47.29866548080698,47.466567300348544,1102900,TLT
2006-06-06,47.61771774291992,47.6736850561891,47.34347064884605,47.38265246517,2188000,TLT
2006-06-07,47.62891387939453,47.62891387939453,47.37705881149655,47.42183437424414,1324100,TLT
2006-06-08,47.724021911621094,48.00946056627848,47.634475125275856,47.7072321560582,3496700,TLT
2006-06-09,47.975887298583984,48.03185458108684,47.76880365629049,47.76880365629049,657200,TLT
2006-06-12,48.01504135131836,48.01504135131836,47.86952307192319,47.95347608965224,528700,TLT
2006-06-13,48.048667907714844,48.09904147569767,47.88076597784687,48.048667907714844,1448300,TLT
2006-06-14,47.567317962646484,47.8863361695392,47.52254669871922,47.852756654086264,1439100,TLT
2006-06-15,47.29311752319336,47.48340730739829,47.24274820503338,47.39945844379832,1734600,TLT
2006-06-16,47.186744689941406,47.438603920508825,47.11398763401617,47.40502012774798,1184600,TLT
2006-06-19,47.11956787109375,47.175535144543275,47.00203531584096,47.13075961777195,1233700,TLT
2006-06-20,47.04122543334961,47.1195804911707,46.94607634596937,47.0859967020828,611400,TLT
2006-06-21,47.05242156982422,47.153164406419585,47.05242156982422,47.153164406419585,476000,TLT
2006-06-22,46.78377151489258,46.957275672311724,46.76698175418153,46.923691880858925,745500,TLT
2006-06-23,46.68863296508789,46.86213714582336,46.64945542815367,46.80057183492227,675500,TLT
2006-06-26,46.59907531738281,46.71660790089045,46.520720261711055,46.688622122423276,526100,TLT
2006-06-27,46.82854461669922,46.86772214632713,46.666236488232016,46.666236488232016,429100,TLT
2006-06-28,46.5822868347168,46.80615598846733,46.559899065335664,46.80615598846733,381300,TLT
2006-06-29,46.739017486572266,46.912517437970564,46.655064382013244,46.7781950326955,1609300,TLT
2006-06-30,47.192344665527344,47.23712021105238,46.7334059989734,46.7334059989734,1219000,TLT
2006-07-03,47.14570617675781,47.17379662354666,47.044571137678126,47.14008637273825,716800,TLT
2006-07-05,46.76926040649414,46.8703954540922,46.60632036943867,46.85916013176123,1289200,TLT
2006-07-06,47.055789947509766,47.07826486904723,46.81980970134583,46.81980970134583,451400,TLT
2006-07-07,47.359214782714844,47.45473002424174,47.24122461024253,47.30864511642398,1356900,TLT
2006-07-10,47.40419387817383,47.421049015113546,47.22439860638787,47.297438962012436,480400,TLT
2006-07-11,47.555824279785156,47.679434150632765,47.52211405560894,47.52772956853758,423800,TLT
2006-07-12,47.567100524902344,47.656995954178576,47.34797103898505,47.38168557578623,641000,TLT
2006-07-13,47.75251770019531,47.786232241594725,47.57834233514244,47.58957765783892,1347400,TLT
2006-07-14,47.780609130859375,47.84803392233793,47.65699915647603,47.65699915647603,1343900,TLT
2006-07-17,47.85364532470703,47.864884932314226,47.67385018288071,47.741274968560944,514100,TLT
2006-07-18,47.443450927734375,47.61762612353764,47.42097601752575,47.58953141411416,621000,TLT
2006-07-19,47.89297103881836,47.926685571931024,47.331110735685066,47.38168039202711,1267400,TLT
2006-07-20,48.03343200683594,48.11209209961536,47.74126656032002,47.74126656032002,1320200,TLT
2006-07-21,47.94356155395508,48.13459208253812,47.87051693930973,48.095262015673626,652100,TLT
2006-07-24,47.91545486450195,48.044684644351705,47.87612480744416,47.988499460934094,393900,TLT
2006-07-25,47.77498245239258,47.97163270759134,47.701942153791336,47.88735708868763,948200,TLT
2006-07-26,47.949134826660156,47.96599422902422,47.68506420275135,47.70753911925142,717100,TLT
2006-07-27,47.87613296508789,48.02783770148469,47.82556757739259,48.02783770148469,295500,TLT
2006-07-28,48.151371002197266,48.25812570900316,48.09518589369643,48.123280591271346,769800,TLT
2006-07-31,48.213253021240234,48.21325302124023,48.06717236282214,48.1065024303433,375100,TLT
2006-08-01,48.208702087402344,48.231266939269176,47.97177759850871,48.12972725777113,577800,TLT
2006-08-02,48.38924026489258,48.38924026489258,48.0620562085114,48.15795795180073,477400,TLT
2006-08-03,48.400489807128906,48.53587458272271,48.242535881164315,48.30458813327073,500500,TLT
2006-08-04,48.6938362121582,48.78409562068049,48.67691364901164,48.738965916419346,1246000,TLT
2006-08-07,48.722068786621094,48.73334906667204,48.614886759002275,48.69950392271146,1127600,TLT
2006-08-08,48.614933013916016,48.83493526659747,48.56416094586009,48.7277531369997,844400,TLT
2006-08-09,48.45693588256836,48.52462616890699,48.349753857455354,48.37231872083744,372400,TLT
2006-08-10,48.383567810058594,48.42869750772982,48.20305332317856,48.42869750772982,539000,TLT
2006-08-11,48.174888610839844,48.24822119973011,48.152323744148624,48.21437605159741,450800,TLT
2006-08-14,48.09029006958008,48.15798469588244,48.05644490833386,48.14670010626042,662300,TLT
2006-08-15,48.49643325805664,48.56412355827005,48.38925121097407,48.38925121097407,1093800,TLT
2006-08-16,48.82362365722656,48.87439138890501,48.77285162173905,48.83490394077431,838900,TLT
2006-08-17,48.80665588378906,48.9476829809269,48.75024590569501,48.9476829809269,922300,TLT
2006-08-18,48.94770812988281,49.02668730435992,48.8800178429134,48.91950527824811,1050700,TLT
2006-08-21,49.12260055541992,49.12260055541992,49.00413821129219,49.01541849481476,676400,TLT
2006-08-22,49.13948059082031,49.207175144777324,49.06050576310646,49.077428325644384,749300,TLT
2006-08-23,49.16205596923828,49.212823667722965,48.99846398999945,49.111283966947354,801700,TLT
2006-08-24,49.25230407714844,49.32564092514799,49.21281666045854,49.308718361395975,1206700,TLT
2006-08-25,49.325645446777344,49.41025827329375,49.19025631673903,49.21282117174542,569000,TLT
2006-08-28,49.370750427246094,49.370750427246094,49.21280081135457,49.308702481406634,582300,TLT
2006-08-29,49.43848419189453,49.43848419189453,49.066174702422536,49.2184821517957,1345600,TLT
2006-08-30,49.568241119384766,49.568241119384766,49.44977878948122,49.54567625124001,1180500,TLT
2006-08-31,49.68669891357422,49.75438920802074,49.49489970375674,49.49489970375674,1272400,TLT
2006-09-01,49.70370101928711,49.78299098779882,49.53945627851881,49.624411050775414,893400,TLT
2006-09-05,49.39216232299805,49.63569683847957,49.36384696876462,49.562071732301725,2271300,TLT
2006-09-06,49.32424545288086,49.32424545288087,49.114695208950224,49.21097528432268,1853400,TLT
2006-09-07,49.42049789428711,49.454478058687236,49.12598873289544,49.23359834813207,1716100,TLT
2006-09-08,49.460140228271484,49.61305528091355,49.46014022827149,49.5507554355098,540300,TLT
2006-09-11,49.41481399536133,49.55073892140666,49.24490459707304,49.55073892140666,557600,TLT
2006-09-12,49.66399383544922,49.67531910777594,49.273204965083494,49.35815963094219,820800,TLT
2006-09-13,49.6866455078125,49.856550507636626,49.64700057575618,49.856550507636626,797000,TLT
2006-09-14,49.57339096069336,49.76595522247192,49.51109113961576,49.64135558031672,672800,TLT
2006-09-15,49.53379440307617,49.81130930927305,49.52812959899639,49.703703957633955,1047200,TLT
2006-09-18,49.45446014404297,49.488440296133945,49.256235388552916,49.256235388552916,871400,TLT
2006-09-19,50.00950241088867,50.00950241088867,49.74897346331115,49.76030306328044,1229600,TLT
2006-09-20,50.083160400390625,50.11148009792599,49.918915660839644,50.054840702855245,827400,TLT
2006-09-21,50.54187774658203,50.56453262590443,50.03781856434391,50.03781856434391,1698600,TLT
2006-09-22,50.79106903076172,50.80239430813587,50.58717947022135,50.58717947022135,1428600,TLT
2006-09-25,51.14790344238281,51.14790344238281,50.8647238120811,50.881713898542685,2607600,TLT
2006-09-26,50.93265151977539,51.028931487177914,50.87035170063843,50.972296466410256,2200000,TLT
2006-09-27,50.78541564941406,51.13089502017007,50.762760768596664,51.1139049398012,1165400,TLT
2006-09-28,50.700496673583984,50.74014166272242,50.55890680937818,50.64952639654017,1796800,TLT
2006-09-29,50.63817596435547,50.819410727707975,50.456936880025374,50.79675584216671,1398000,TLT
2006-10-02,50.77690124511719,50.862189319124795,50.58925880599589,50.66317658285324,1211900,TLT
2006-10-03,50.708683013916016,50.85652295408124,50.6916253935419,50.83377801419785,854900,TLT
2006-10-04,51.07827377319336,51.089644072517316,50.79396857041012,50.79396857041012,1155500,TLT
2006-10-05,50.72005844116211,50.91338828063438,50.5779058061385,50.91338828063438,1241600,TLT
2006-10-06,50.19124221801758,50.66318992990339,50.16281429857656,50.657502610753816,2472400,TLT
2006-10-09,50.32771682739258,50.37888969034077,50.04341157593676,50.09458443888495,834900,TLT
2006-10-10,49.929664611816406,50.10024942189789,49.827314593397894,50.00926969968059,1398700,TLT
2006-10-11,49.78184127807617,50.054771835352994,49.707919151109245,50.009281963089194,1521600,TLT
2006-10-12,49.810272216796875,49.90693494760759,49.74204174241437,49.827329835392504,586400,TLT
2006-10-13,49.560062408447266,49.673782702388586,49.53163016588637,49.63398016569401,1414100,TLT
2006-10-16,49.78184127807617,49.7875242584944,49.67949123455911,49.69654885211979,897600,TLT
2006-10-17,49.82160186767578,50.06610430246123,49.7590544305342,49.969437320783754,730800,TLT
2006-10-18,49.923988342285156,49.96947387135488,49.78183576083008,49.86144085939272,499600,TLT
2006-10-19,49.8330192565918,49.90125407200614,49.67380902544509,49.804586998964126,797300,TLT
2006-10-20,49.78184127807617,49.867129365879556,49.78184127807617,49.81595651319753,280700,TLT
2006-10-23,49.58283233642578,49.58851965593355,49.400877155560416,49.55440441519433,1200600,TLT
2006-10-24,49.58283233642578,49.61126459581094,49.55440441519433,49.56577471605617,243400,TLT
2006-10-25,49.97516632080078,50.02065619269396,49.59988572306445,49.62262632085809,558400,TLT
2006-10-26,50.29930114746094,50.33341640067202,50.12303322166325,50.12303322166325,1558300,TLT
2006-10-27,50.53240966796875,50.6347597172586,50.435742599417665,50.6176977605826,1601500,TLT
2006-10-30,50.67456817626953,50.674568176269524,50.51535359581924,50.54378585543809,901200,TLT
2006-10-31,51.06690216064453,51.1010217369437,50.68593420750525,50.74848170287479,964600,TLT
2006-11-01,51.34943771362305,51.44076828459962,51.05832696223686,51.149657533213436,1440100,TLT
2006-11-02,51.13825607299805,51.24100082213924,51.07547172813438,51.161088723349735,853300,TLT
2006-11-03,50.53316116333008,50.710108602668804,50.40187898410422,50.61307319108814,1534100,TLT
2006-11-06,50.68162536621094,50.68162536621094,50.430470521457806,50.430470521457806,528000,TLT
2006-11-07,50.91561508178711,51.092566935654624,50.86995416116099,50.96128035729358,525900,TLT
2006-11-08,51.09830856323242,51.09830856323242,50.85286297453603,50.93848433894333,706300,TLT
2006-11-09,51.06977081298828,51.13826442034084,51.01839625259039,51.06977081298828,729600,TLT
2006-11-10,51.292381286621094,51.395126047605665,51.172513124619634,51.172513124619634,738100,TLT
2006-11-13,51.280982971191406,51.280982971191406,51.06978846899491,51.280982971191406,462400,TLT
2006-11-14,51.480712890625,51.59487172411817,51.44075686341435,51.5663298383047,916400,TLT
2006-11-15,51.286643981933594,51.40080718440672,51.2238553092936,51.40080718440672,1803200,TLT
2006-11-16,51.05264663696289,51.400836985336504,50.96131602203317,51.37229507945011,1494400,TLT
2006-11-17,51.343753814697266,51.49787314059483,51.0926033302712,51.12114088163054,1752000,TLT
2006-11-20,51.42363739013672,51.440765137307885,51.292355145991756,51.372267213266355,857200,TLT
2006-11-21,51.54924774169922,51.594913053628304,51.349467445614295,51.452212220012804,605100,TLT
2006-11-22,51.634849548339844,51.66339144620191,51.52639556232258,51.57777010749788,770300,TLT
2006-11-24,51.72618103027344,51.88600520934203,51.72618103027344,51.80038386916035,533400,TLT
2006-11-27,51.914554595947266,51.914554595947266,51.44079120131047,51.503579908108705,784500,TLT
2006-11-28,52.02299499511719,52.085783685484785,51.806091381499584,52.08007443502897,1466300,TLT
2006-11-29,51.903106689453125,52.148552105059984,51.89169254786043,52.11430532540149,1206400,TLT
2006-11-30,52.24561309814453,52.302692543779976,52.023000211748496,52.09720305558633,1428600,TLT
2006-12-01,52.37851333618164,52.596234745291994,52.223820456583866,52.298301565840035,1156000,TLT
2006-12-04,52.47024154663086,52.49315984383376,52.263981243023004,52.3098178374288,460700,TLT
2006-12-05,52.22385025024414,52.43583674799352,52.137907769786985,52.34416797439771,1833700,TLT
2006-12-06,52.1207160949707,52.24103380976823,52.07487952612904,52.15509133599406,936100,TLT
2006-12-07,52.080589294433594,52.18944563773782,51.99464685514097,52.13215213528075,739200,TLT
2006-12-08,51.702476501464844,52.12072763512321,51.6738319180084,52.05197276663756,2090300,TLT
2006-12-11,51.92589569091797,51.98891985942899,51.8571452316073,51.92589569091797,727700,TLT
2006-12-12,52.03476333618164,52.120705792968714,51.82277252560217,51.98320048483835,802800,TLT
2006-12-13,51.5706672668457,51.76546604028386,51.461806557445655,51.74254776613575,1217900,TLT
2006-12-14,51.3816032409668,51.507651583922076,51.33576668512587,51.46181502808115,687600,TLT
2006-12-15,51.41024398803711,51.943081843930734,51.33575850386254,51.89724529539467,1162100,TLT
2006-12-18,51.42743682861328,51.47326901059439,51.330033060269436,51.40451855201557,441400,TLT
2006-12-19,51.35869216918945,51.456091585606636,51.284211033908406,51.284211033908406,930700,TLT
2006-12-20,51.35296630859375,51.38161525549693,51.307134113250456,51.36442763584125,336800,TLT
2006-12-21,51.61077117919922,51.67379533789178,51.3357562711577,51.39878042985026,770700,TLT
2006-12-22,51.2154426574707,51.47899626407277,51.1123126052165,51.46753931213964,1433200,TLT
2006-12-26,51.37016677856445,51.3873544010571,51.19828181120537,51.24984467868331,496200,TLT
2006-12-27,50.99247360229492,51.35465520839891,50.99247360229492,51.32590910485302,840700,TLT
2006-12-28,50.877445220947266,51.14189243249465,50.62449380727801,51.10740065282523,1080200,TLT
2006-12-29,50.837215423583984,50.906203385343105,50.71073968671031,50.791223449077904,775500,TLT
2007-01-03,51.19942092895508,51.429376543789054,50.96946970015966,51.291404929304086,1870400,TLT
2007-01-04,51.509891510009766,51.538637624017326,51.29143595609238,51.29143595609238,1697000,TLT
2007-01-05,51.28564453125,51.394874413214275,51.0211971624228,51.0499432532674,1298400,TLT
2007-01-08,51.37762451171875,51.37762451171875,51.19366094833873,51.23390284076444,414200,TLT
2007-01-09,51.37762451171875,51.44086239782163,51.291390631938704,51.44086239782163,481500,TLT
2007-01-10,51.147674560546875,51.239654159288,51.09593247259928,51.2051623580148,519600,TLT
2007-01-11,50.84870910644531,51.04992289002024,50.739483654087515,51.04417279693744,1293500,TLT
2007-01-12,50.61305618286133,51.072963189188535,50.53257234710307,50.676294108962836,846300,TLT
2007-01-16,50.72224426269531,50.72798997047872,50.60726431648012,50.72224426269531,702800,TLT
2007-01-17,50.56700897216797,50.74522235882008,50.48652522425829,50.71073057715459,724200,TLT
2007-01-18,50.72224426269531,50.75098595972175,50.46354267323848,50.555526630210636,918300,TLT
2007-01-19,50.58427429199219,50.67625825981083,50.51529070216519,50.67625825981083,882500,TLT
2007-01-22,50.70500183105469,50.77973990417415,50.659014231485585,50.676260129578644,432000,TLT
2007-01-23,50.37156295776367,50.61876435887142,50.34281687478324,50.601514077461275,1096800,TLT
2007-01-24,50.36582565307617,50.41756335233467,50.302587763290745,50.39457174335595,463700,TLT
2007-01-25,50.00361633300781,50.285309414616236,49.946124189547746,50.27380923151032,1397000,TLT
2007-01-26,49.963401794433594,50.06113147411874,49.81393003453816,49.8886637214673,1576800,TLT
2007-01-29,49.85417175292969,50.072627104300445,49.78518377490028,50.049631111623974,1015300,TLT
2007-01-30,49.91165542602539,49.96339750179022,49.87716363287335,49.95189731338169,1295100,TLT
2007-01-31,50.331363677978516,50.36585549792269,49.84270616988849,49.84270616988849,2078000,TLT
2007-02-01,50.27073669433594,50.657482434240926,50.21878833751202,50.59398706219216,986200,TLT
2007-02-02,50.334228515625,50.44390313304437,50.26496404474595,50.26496404474595,814700,TLT
2007-02-05,50.403480529785156,50.48429198804201,50.311126464874825,50.44965976418741,395500,TLT
2007-02-06,50.680564880371094,50.69788099685905,50.311139715643534,50.33422493503058,770500,TLT
2007-02-07,50.830631256103516,50.86526788645382,50.703640553906276,50.73827718425658,836200,TLT
2007-02-08,50.87101364135742,50.97491467693462,50.74402740133417,50.79020221411877,980200,TLT
2007-02-09,50.582427978515625,50.74982442816909,50.53625314032097,50.73250831335923,878300,TLT
2007-02-12,50.46699523925781,50.593985980640646,50.4092733760554,50.50162747640009,467600,TLT
2007-02-13,50.357330322265625,50.50163721003315,50.33424069175522,50.50163721003315,1310600,TLT
2007-02-14,50.83638381958008,50.90565264785063,50.51890719487261,50.51890719487261,2262500,TLT
2007-02-15,50.98649597167969,51.13080281792316,50.98649597167969,51.101939687116285,893800,TLT
2007-02-16,51.16541290283203,51.211592130574374,51.073058851240894,51.13654978451968,1476700,TLT
2007-02-20,51.28086471557617,51.28663822093462,51.08460957233137,51.08460957233137,847400,TLT
2007-02-21,51.19429016113281,51.20005926327388,51.073072957748835,51.101931680138485,379800,TLT
2007-02-22,50.917232513427734,51.05576586745914,50.847963634464065,51.03268064503384,485200,TLT
2007-02-23,51.28086471557617,51.33859096137217,51.07883606697292,51.101925684512466,735700,TLT
2007-02-26,51.6214485168457,51.62722202415553,51.43673591799292,51.459825543336486,763400,TLT
2007-02-27,52.273685455322266,52.67774707298069,51.71954796049016,51.80035940324318,3243200,TLT
2007-02-28,52.03704071044922,52.221753265801965,51.88696038300802,52.04281421639938,1701900,TLT
2007-03-01,52.00402069091797,52.39803461782818,51.9460783765196,52.31111893587302,2423900,TLT
2007-03-02,52.26477813720703,52.4270228525328,51.95767980516567,52.12571565907285,1619800,TLT
2007-03-05,52.351680755615234,52.438596440488396,52.18364494371787,52.42700974550581,1505200,TLT
2007-03-06,52.19523239135742,52.357472634004246,52.14308121581234,52.18364127647404,837400,TLT
2007-03-07,52.39801788330078,52.43857793249737,52.13727534142472,52.19521763731787,915400,TLT
2007-03-08,52.351680755615234,52.39224081912732,52.212618312247386,52.316916249952115,574700,TLT
2007-03-09,51.80122756958008,52.09094360249639,51.679547366241124,51.789636452662556,1534700,TLT
2007-03-12,52.00402069091797,52.137291992677916,51.963460628767585,51.99243399632438,594400,TLT
2007-03-13,52.31690216064453,52.34587110065714,52.13727970213818,52.282137664343736,553800,TLT
2007-03-14,52.079341888427734,52.46176909600424,52.05616408002477,52.23579098996901,1698100,TLT
2007-03-15,52.073551177978516,52.125697931775704,51.95766213501538,52.00981330952754,394900,TLT
2007-03-16,52.06196594238281,52.10252600682138,51.946081307048466,51.95766800229571,623800,TLT
2007-03-19,51.95186996459961,51.97504335201613,51.870745425782246,51.905514348336794,693900,TLT
2007-03-20,51.9808349609375,52.119897378448336,51.969248268109325,52.096723992791986,768400,TLT
2007-03-21,52.00402069091797,52.201025444015464,51.38982420100786,51.78962926485726,1513400,TLT
2007-03-22,51.59260559082031,51.84755698553118,51.47092544899383,51.84755698553118,1484300,TLT
2007-03-23,51.4477424621582,51.685307166337985,51.441946907213385,51.67951603210632,1679700,TLT
2007-03-26,51.511478424072266,51.72586532136009,51.27970486258465,51.349238257244835,763600,TLT
2007-03-27,51.42457962036133,51.45934411871549,51.31448614795391,51.360841759569084,619800,TLT
2007-03-28,51.32023239135742,51.6331258380312,51.227525677922706,51.517241341060256,816900,TLT
2007-03-29,51.25074005126953,51.37821575236894,51.17541551003521,51.302891211134614,823000,TLT
2007-03-30,51.15225601196289,51.52309213656051,51.11749150675539,51.36664744241148,2015100,TLT
2007-04-02,51.23714828491211,51.30693941576016,51.184808264600356,51.242965321757545,579600,TLT
2007-04-03,51.17315673828125,51.277841180301124,51.16734414051725,51.19060340576831,617000,TLT
2007-04-04,51.22552490234375,51.37673238199324,51.120840411840476,51.27786492904559,576900,TLT
2007-04-05,51.03361511230469,51.24880118363874,51.01035139347663,51.237167105674374,436400,TLT
2007-04-09,50.6963005065918,50.777721308214396,50.67303678654235,50.76027462745254,1283900,TLT
2007-04-10,50.84749984741211,50.91729099023746,50.777708704586765,50.82423613313699,674400,TLT
2007-04-11,50.81260299682617,50.93473416053869,50.76025853403537,50.87076005996077,476200,TLT
2007-04-12,50.824241638183594,50.92892614521066,50.7602675262726,50.888215750094595,495100,TLT
2007-04-13,50.66720962524414,50.87076157081045,50.60323552276621,50.83586821931326,557800,TLT
2007-04-16,50.94637680053711,50.99290423775903,50.83006264458294,50.83006264458294,833600,TLT
2007-04-17,51.23133087158203,51.27204569210181,51.08593601120801,51.11501675812242,1254200,TLT
2007-04-18,51.48722457885742,51.504671251262785,51.38835714382783,51.39417418032921,450800,TLT
2007-04-19,51.39997863769531,51.59190087795036,51.29529418274692,51.562824574246854,1305900,TLT
2007-04-20,51.26624298095703,51.440714199900064,51.21389850930394,51.440714199900064,664500,TLT
2007-04-23,51.452327728271484,51.522114413137935,51.202248420936925,51.26040547069179,419000,TLT
2007-04-24,51.64426040649414,51.65589004395232,51.44070403563131,51.44070403563131,881300,TLT
2007-04-25,51.46398162841797,51.63845729704554,51.242982960310215,51.510509064998736,569000,TLT
2007-04-26,51.09177017211914,51.42908742614714,51.09177017211914,51.42908742614714,2048400,TLT
2007-04-27,51.080101013183594,51.20804914414408,51.05102027902091,51.18478544423334,428700,TLT
2007-04-30,51.61518859863281,51.61518859863281,51.32439880371094,51.37092623580247,485700,TLT
2007-05-01,51.65254592895508,51.74010340315461,51.43073752055998,51.70508219481805,487200,TLT
2007-05-02,51.623329162597656,51.646678103937205,51.53577174591318,51.62332916259766,443900,TLT
2007-05-03,51.506614685058594,51.582499902287836,51.37236376025856,51.582499902287836,427000,TLT
2007-05-04,51.71674346923828,51.740092420959385,51.6583733166141,51.670045565796066,262000,TLT
2007-05-07,51.856815338134766,51.86265368744669,51.757585666610595,51.77509626119066,210200,TLT
2007-05-08,51.740081787109375,51.9560562061237,51.740081787109375,51.9560562061237,488400,TLT
2007-05-09,51.53578186035156,51.75175627011317,51.51827126424907,51.74591792029364,634900,TLT
2007-05-10,51.658390045166016,51.710921863532015,51.5474836019152,51.600019873639816,519500,TLT
2007-05-11,51.47739791870117,51.77508687933124,51.44237228253214,51.74006569651709,1238400,TLT
2007-05-14,51.343177795410156,51.529964987279705,51.343177795410156,51.500782132731366,315200,TLT
2007-05-15,51.32567596435547,51.48911422850569,51.168076053455955,51.47744197536297,382400,TLT
2007-05-16,51.29063034057617,51.36651108328629,51.267281392044616,51.28479199010414,599500,TLT
2007-05-17,51.08050537109375,51.20308403753729,51.02213521374314,51.13303717670203,397000,TLT
2007-05-18,50.741939544677734,51.0746542571328,50.712752246616795,50.987096816306426,856500,TLT
2007-05-21,50.893714904785156,50.922897754894734,50.68357878922427,50.74194894280068,821100,TLT
2007-05-22,50.63103485107422,50.899541079469294,50.596013654913826,50.88786883186802,920200,TLT
2007-05-23,50.4851188659668,50.689416646118694,50.38005079998045,50.689416646118694,914500,TLT
2007-05-24,50.53179931640625,50.54347156265779,50.175735685427476,50.46759082863264,1598200,TLT
2007-05-25,50.41509246826172,50.5551817829469,50.39174350692102,50.43260307592749,754900,TLT
2007-05-29,50.40925598144531,50.53183469300431,50.09989002560224,50.49681347637579,1055700,TLT
2007-05-30,50.51433181762695,50.66025951373055,50.42677430929282,50.66025951373055,612000,TLT
2007-05-31,50.42092514038086,50.53766994424059,50.222465653857675,50.52599323717516,1725900,TLT
2007-06-01,50.15604019165039,50.88854460714372,50.12674269754194,50.3377043268722,1694300,TLT
2007-06-04,50.38453674316406,50.40797292734602,50.20287278439536,50.29663540451441,877700,TLT
2007-06-05,50.068145751953125,50.3611475328595,50.03298249806475,50.33184556642791,1145400,TLT
2007-06-06,50.04472351074219,50.12676368195349,49.962683339530884,50.021282823131244,1129200,TLT
2007-06-07,49.14813995361328,49.64038099597874,49.066099779885704,49.59349961931893,5010400,TLT
2007-06-08,49.10710525512695,49.29462623511589,48.84926223107236,48.995763136402864,5307600,TLT
2007-06-11,48.966468811035156,49.15985110926456,48.79067037970677,48.92544872997318,2043800,TLT
2007-06-12,48.25736999511719,48.88439333603469,48.16946860752402,48.58553487740833,9043900,TLT
2007-06-13,48.8316650390625,49.083646683220024,48.43318254297273,48.46248003084846,8751200,TLT
2007-06-14,48.70862579345703,49.054365806597325,48.667605716120846,48.72034389947318,3384700,TLT
2007-06-15,49.04264450073242,49.06608518208842,48.75549950726112,48.884421019292674,5827200,TLT
2007-06-18,48.94304656982422,49.019229942543795,48.19296225011123,49.00750736019223,17704600,TLT
2007-06-19,49.40009689331055,49.48799384172684,49.06021378992789,49.118813245822714,4620100,TLT
2007-06-20,49.00163650512695,49.27119770088931,48.984052636635866,49.23603443476105,3031700,TLT
2007-06-21,48.767208099365234,49.0484872532747,48.76134681299376,48.954729025588726,850400,TLT
2007-06-22,49.08365249633789,49.08950931209596,48.60898663968255,48.66759056407703,2118900,TLT
2007-06-25,49.35319900512695,49.42937782518234,49.20083689416576,49.3121789526586,1323500,TLT
2007-06-26,49.36497497558594,49.41185636789559,49.206755865110416,49.39427696349338,2187800,TLT
2007-06-27,49.41182327270508,49.65794371120004,49.34150123134109,49.58176485286188,6109300,TLT
2007-06-28,49.40009689331055,49.564177158156824,49.32977486372562,49.411814996148756,3612500,TLT
2007-06-29,49.909912109375,49.98609541822151,49.59933100028172,49.72239118666671,1962200,TLT
2007-07-02,50.172271728515625,50.21933320774377,49.88990734117643,49.88990734117643,2811700,TLT
2007-07-03,49.86640167236328,50.20170702638978,49.83110778921268,50.14876620166388,1387500,TLT
2007-07-05,49.30752182006836,49.66047383584557,49.248697232110224,49.59576544268311,4586800,TLT
2007-07-06,49.10752868652344,49.14870635642518,48.98987499535459,49.14282254985938,1437800,TLT
2007-07-09,49.2840461730957,49.372285397673934,49.22522151938801,49.336991503056,795400,TLT
2007-07-10,50.11933135986328,50.119331359863274,49.66637691993212,49.695791469343156,2258000,TLT
2007-07-11,49.60169219970703,50.05464685604502,49.60169219970704,49.97229146398357,1191300,TLT
2007-07-12,49.43107604980469,49.75461815469597,49.33695756621924,49.73697121952559,1941200,TLT
2007-07-13,49.56639099121094,49.73698556043012,49.37814948173315,49.67815644219264,725900,TLT
2007-07-16,50.042877197265625,50.066407947361945,49.7193349934808,49.7193349934808,952000,TLT
2007-07-17,49.93699264526367,50.05464191143463,49.70757343460803,49.91934570414121,734200,TLT
2007-07-18,50.125213623046875,50.31933887190663,49.88991069909838,49.96050292269192,1836800,TLT
2007-07-19,50.11347961425781,50.154657313272324,49.88406036431517,49.942885007474096,1021000,TLT
2007-07-20,50.5663948059082,50.63698701537877,50.189911998123385,50.22520585884412,1459900,TLT
2007-07-23,50.48405456542969,50.57229373164149,50.40758301499569,50.40758301499569,777900,TLT
2007-07-24,50.67224884033203,50.68401644515201,50.425182995427484,50.595777361107174,1351600,TLT
2007-07-25,50.77231216430664,50.81937366418987,50.58995446229872,50.63113215268862,881100,TLT
2007-07-26,51.195838928222656,51.44878879231139,50.97230361336544,51.02524441634606,2866400,TLT
2007-07-27,51.34287643432617,51.50758705449419,51.08992669963163,51.20758034834293,5367800,TLT
2007-07-30,51.195838928222656,51.38996418187845,51.125251190915165,51.28996189533944,1803900,TLT
2007-07-31,51.566410064697266,51.61935083437687,51.148745270875345,51.25463129826182,2467600,TLT
2007-08-01,51.45480728149414,51.6969358260089,51.431184654793526,51.53158194465996,2154700,TLT
2007-08-02,51.58472442626953,51.643778734462934,51.37212531232935,51.50204749368778,2079400,TLT
2007-08-03,51.92725372314453,51.927253723144524,51.5433939024053,51.5433939024053,1577600,TLT
2007-08-06,51.54933547973633,51.803273270495964,51.478467547817836,51.791459695730225,1298400,TLT
2007-08-07,51.5079345703125,51.79730372364201,51.33076720795792,51.631949921739434,1890800,TLT
2007-08-08,50.88198471069336,51.31308533591128,50.70481723107525,51.31308533591128,6453000,TLT
2007-08-09,50.952877044677734,51.29539863023099,50.622169034107,51.23043748450335,2637500,TLT
2007-08-10,50.83473587036133,51.20087536098306,50.77568154983097,51.07685993620255,1496400,TLT
2007-08-13,50.982337951660156,51.02367639741885,50.72840049755596,50.7402095511073,1312600,TLT
2007-08-14,51.11819839477539,51.24812060323412,50.793397379184405,50.79929965734645,1314700,TLT
2007-08-15,50.9351692199707,51.230445563274884,50.93516921997071,51.17139119572594,1101700,TLT
2007-08-16,51.46076965332031,51.73242339548912,51.23636121558788,51.30132238279783,2410200,TLT
2007-08-17,51.254051208496094,51.324919129380916,50.81704362693452,51.023736097567834,2114400,TLT
2007-08-20,51.283573150634766,51.53751088710673,51.27767087007235,51.354441067402874,1048700,TLT
2007-08-21,51.53160858154297,51.62019235107071,51.40759310642721,51.437118025898,1517200,TLT
2007-08-22,51.448917388916016,51.561119260809285,51.26584311430495,51.40757890862766,1137800,TLT
2007-08-23,51.62613296508789,51.779677979242436,51.395817696636584,51.43124942853339,1618800,TLT
2007-08-24,51.88005065917969,52.01587975441879,51.70878984586051,51.832805364700064,1614600,TLT
2007-08-27,52.15164566040039,52.25204292458727,52.05715968332086,52.13392982129512,1585400,TLT
2007-08-28,52.240234375,52.40558822992391,52.133934824612545,52.22251853419453,1298900,TLT
2007-08-29,52.09855651855469,52.423357779044984,52.06312480064356,52.25800375471403,2686700,TLT
2007-08-30,52.44700241088867,52.53558624835829,52.24621658448125,52.328893631303266,1806800,TLT
2007-08-31,52.488285064697266,52.67726161422009,52.28749945201015,52.317024362699016,2763200,TLT
2007-09-04,52.51321029663086,52.85120165467618,52.29974159428814,52.67331408537983,931000,TLT
2007-09-05,52.93423080444336,52.98166931177029,52.60810124553712,52.63182049920058,1271500,TLT
2007-09-06,52.79782485961914,53.064658415508184,52.74445543405162,52.957924088356,1768400,TLT
2007-09-07,53.54494857788086,53.66354022735426,53.18323816581112,53.218814755856855,2852200,TLT
2007-09-10,53.96005630493164,54.1201555803383,53.663572479080365,53.663572479080365,2495200,TLT
2007-09-11,53.91850280761719,54.12010946589949,53.78211837338245,53.88885264070258,3925400,TLT
2007-09-12,53.71686553955078,53.924407559206514,53.616062259361385,53.900688341989344,4458300,TLT
2007-09-13,53.236595153808594,53.562728927454195,53.11800352192697,53.544940635070034,2020600,TLT
2007-09-14,53.3137092590332,53.716922809675644,53.141748143856496,53.7109963920365,1357200,TLT
2007-09-17,53.568695068359375,53.598345260308506,53.224777271263804,53.26035388241546,1285400,TLT
2007-09-18,53.16546630859375,53.50938400799235,52.77410560116325,53.24848139368819,3132800,TLT
2007-09-19,52.67331314086914,52.7800474901266,52.40054858698538,52.602155400036246,3854700,TLT
2007-09-20,51.67711639404297,52.35309895418678,51.64746621067518,52.287872169963876,5903200,TLT
2007-09-21,52.11589431762695,52.25820519931462,51.93207590694783,51.93207590694783,2217600,TLT
2007-09-24,52.264163970947266,52.34717907313795,52.12778395619848,52.19893717294262,1943600,TLT
2007-09-25,52.08033752441406,52.54878240051006,52.08033752441406,52.47762467062785,2513500,TLT
2007-09-26,52.12779235839844,52.25824145145035,51.84316587359312,51.955831183576294,2646400,TLT
2007-09-27,52.489444732666016,52.643617442534875,52.27004980506249,52.32341467156717,1802900,TLT
2007-09-28,52.608070373535156,52.969780862666504,52.311586662705025,52.868977486740036,1254700,TLT
2007-10-01,52.90867233276367,52.968204177112156,52.640797199763774,52.795571820114105,1399400,TLT
2007-10-02,53.075416564941406,53.20042540779522,52.789678822956006,52.831348437240614,887800,TLT
2007-10-03,52.920589447021484,53.23608829207412,52.81939256118249,53.17656097932429,1164600,TLT
2007-10-04,53.12300109863281,53.170624781518804,52.926561354605745,52.986088687391046,1128700,TLT
2007-10-05,52.55147171020508,52.646718969370674,52.212161297296404,52.56932943588881,2184700,TLT
2007-10-08,52.50984573364258,52.68247812787232,52.24792009527427,52.24792009527427,280100,TLT
2007-10-09,52.44437026977539,52.599144941053154,52.25388011345029,52.4800902964663,901000,TLT
2007-10-10,52.4741325378418,52.640810845282836,52.259830559233826,52.37293564284449,855500,TLT
2007-10-11,52.4205207824707,52.4383785121684,52.05739847314998,52.09906802299136,1533400,TLT
2007-10-12,52.164581298828125,52.49198834900813,52.07529259572729,52.09909988879212,1133900,TLT
2007-10-15,52.176509857177734,52.218179448773995,52.02768923838467,52.07531292639322,553300,TLT
2007-10-16,52.19437026977539,52.37295683810351,52.11103108232763,52.1765125212716,855500,TLT
2007-10-17,52.76580810546875,52.95034411407156,52.24791101280767,52.24791101280767,2377000,TLT
2007-10-18,53.05753707885742,53.18254588121669,52.99205562881507,53.04563342505239,1374100,TLT
2007-10-19,53.84921646118164,53.932555589126714,53.34322760104603,53.35513124433453,2561800,TLT
2007-10-22,53.85518264770508,53.96233362793151,53.617068853686035,53.92066405460139,1866500,TLT
2007-10-23,53.7838020324707,53.884999022164685,53.63498132704513,53.7302287585083,1046600,TLT
2007-10-24,54.18263626098633,54.40289252304968,53.90880672908569,53.99810005379501,2829300,TLT
2007-10-25,53.998077392578125,54.27786090648269,53.992123295657,54.206425368364954,3062200,TLT
2007-10-26,53.873069763183594,54.17071103259345,53.77782237698268,53.79568466812936,1366500,TLT
2007-10-29,54.08142852783203,54.16476773655385,53.861176851201314,53.87308050602747,881000,TLT
2007-10-30,54.05160903930664,54.1766177180625,53.82539896586534,54.00993947972135,1439600,TLT
2007-10-31,53.563499450683594,53.99209886048326,53.426582533333665,53.87304422581278,2498500,TLT
2007-11-01,54.25944900512695,54.41490435115473,53.78710724876266,53.78710724876266,2563400,TLT
2007-11-02,54.432861328125,54.73181157406487,53.93660282507633,54.08009766587421,1927700,TLT
2007-11-05,54.408958435058594,54.642139320564965,54.28938013127785,54.5046247273791,1021500,TLT
2007-11-06,54.145870208740234,54.49863389134297,54.09804163346074,54.16978677718949,575800,TLT
2007-11-07,54.24150848388672,54.2654250399906,54.002347484464494,54.13388626222755,1456100,TLT
2007-11-08,54.145870208740234,54.373075328198645,54.06814478249442,54.19968362815581,2179600,TLT
2007-11-09,54.606204986572266,54.76165569336113,54.36704408786243,54.432813449048005,887200,TLT
2007-11-12,54.803531646728516,55.00083523554994,54.618179492552365,55.00083523554994,460600,TLT
2007-11-13,54.600257873535156,54.70189983469878,54.510571911842405,54.66004699412449,1116600,TLT
2007-11-14,54.6600227355957,54.71383611337558,54.361072703707805,54.3790089757626,684400,TLT
2007-11-15,55.174251556396484,55.34166294877586,54.70190966411561,54.77365935868606,1312900,TLT
2007-11-16,55.251949310302734,55.425336321565325,55.132366555757905,55.168239101313524,1333800,TLT
2007-11-19,55.61071014404297,55.85584690365854,55.251970863698205,55.329696263260715,1343900,TLT
2007-11-20,55.55092239379883,55.778122879241145,55.48515299192545,55.65854007509975,1367800,TLT
2007-11-21,55.873802185058594,55.95153217267304,55.7482436223187,55.84390989580756,1297800,TLT
2007-11-23,56.041194915771484,56.083047752656064,55.79007333284693,55.867803288216216,437400,TLT
2007-11-26,57.14732360839844,57.61368520915906,56.27438953694066,56.33417866700413,4427000,TLT
2007-11-27,56.60320281982422,56.94998598148089,56.196630558961616,56.776594400652556,3100300,TLT
2007-11-28,56.220558166503906,56.61517450977132,56.106955662542056,56.53744456006405,2088100,TLT
2007-11-29,56.704872131347656,57.051655460490025,56.597254437770445,56.692916130378435,1594500,TLT
2007-11-30,56.4298210144043,56.43580129384562,56.0471652392593,56.130870904971225,1952100,TLT
2007-12-03,56.87766647338867,57.087767755470516,56.595528503222575,56.88367067569514,1272700,TLT
2007-12-04,56.87166213989258,57.06375539447636,56.51749206232367,56.967711057116695,1721200,TLT
2007-12-05,56.19331741333008,56.709568742868036,56.163300990504084,56.55949578846428,1866000,TLT
2007-12-06,55.7010498046875,56.0312073875212,55.55097692707379,56.01920357245084,2270200,TLT
2007-12-07,55.07676696777344,55.43694109464196,54.854657375937634,55.33489259833734,2171000,TLT
2007-12-10,54.74657440185547,55.0407204883301,54.476445101066886,55.0107040860825,2242500,TLT
2007-12-11,55.821128845214844,55.9652021634775,54.974719854769184,55.06476453371769,2892400,TLT
2007-12-12,55.244834899902344,55.617017338528164,54.78861200414511,54.896664674722835,2225400,TLT
2007-12-13,54.644569396972656,55.11880053430212,54.566533100904614,54.99273978840901,1222100,TLT
2007-12-14,54.39242935180664,54.578518306573926,54.32639690078689,54.500482037124236,1354900,TLT
2007-12-17,54.878719329833984,54.95075605243722,54.58457739397076,54.66861794707454,2046200,TLT
2007-12-18,55.23286056518555,55.406945770698115,54.95672683295094,54.98073447935059,1417100,TLT
2007-12-19,55.96520233154297,56.163295129989415,55.15480479843539,55.46695907574593,2252400,TLT
2007-12-20,55.84516906738281,56.34941677442192,55.83916486447885,55.983238254984265,1659400,TLT
2007-12-21,55.028724670410156,55.7790890994706,55.02272505247761,55.767085283744485,1767600,TLT
2007-12-24,54.770652770996094,54.90872197631965,54.674608411529476,54.758648943512334,550300,TLT
2007-12-26,54.29043197631836,55.004776631887665,54.19438301900725,54.63859799690521,674700,TLT
2007-12-27,54.882232666015625,54.94250675330224,54.55074817727552,54.77374574647387,468600,TLT
2007-12-28,55.73808670043945,55.79835620106826,55.14743455843354,55.237841108510835,1967800,TLT
2007-12-31,56.07560729980469,56.22025504087416,55.81041594262001,55.91890289798931,1647600,TLT
2008-01-02,56.88323974609375,57.094189965189614,56.17204836854424,56.202185427920696,2959600,TLT
2008-01-03,56.80486297607422,56.88321285583734,56.45529348494495,56.65418694695997,1256700,TLT
2008-01-04,56.81690216064453,57.13031080521462,56.77471306598315,56.95552609925562,2420200,TLT
2008-01-07,57.06406784057617,57.12433737683312,56.67230895749974,56.76271556102059,1315500,TLT
2008-01-08,56.99773406982422,57.082112287090474,56.612003762816215,56.919384181867834,1604800,TLT
2008-01-09,57.106231689453125,57.43772088949099,57.027881786839096,57.13034041293486,2203500,TLT
2008-01-10,56.334774017333984,57.226773843681116,56.23833911812398,57.1785609923452,2681800,TLT
2008-01-11,56.77473449707031,56.82295193724608,56.29257389011719,56.364895452112656,1872900,TLT
2008-01-14,56.985713958740234,56.985713958740234,56.65422463486631,56.77476369903653,906100,TLT
2008-01-15,57.62458038330078,57.63663245064123,57.29911938586101,57.353365184569626,1435300,TLT
2008-01-16,57.20871353149414,57.79333766793413,57.09420279632217,57.666770266994135,3505100,TLT
2008-01-17,57.95000457763672,58.03438279024454,57.214704783539055,57.23278517220249,2940500,TLT
2008-01-18,57.552207946777344,57.7209643435879,57.38947987792915,57.58837331628456,2676800,TLT
2008-01-22,58.16696548461914,58.23326329379932,57.43769418190388,58.10669600307353,5423500,TLT
2008-01-23,58.03437805175781,59.16143636852086,57.787267164820186,59.05294944713047,7636600,TLT
2008-01-24,56.871158599853516,57.70891692150536,56.859101942960315,57.58837794217729,5676700,TLT
2008-01-25,57.82945251464844,57.85958955684944,56.73253131323052,56.768696683525135,4371100,TLT
2008-01-28,57.612483978271484,57.85959487187182,57.47386460725407,57.666729739562946,1633500,TLT
2008-01-29,57.2206916809082,57.449717435261235,57.003717977515066,57.42560873507706,3100200,TLT
2008-01-30,56.84709930419922,57.11831454260123,56.407122910451626,57.07010166791667,3468000,TLT
2008-01-31,57.250892639160156,57.51608406036689,57.03391867604008,57.43773413967849,11441000,TLT
2008-02-01,57.595008850097656,57.697823569196295,57.18979002698826,57.45590305453771,4163700,TLT
2008-02-04,57.0023193359375,57.25028919987874,56.92974177750929,57.0869908469781,1729600,TLT
2008-02-05,57.43778991699219,57.824861097545316,57.31682728916155,57.70390308396713,2594600,TLT
2008-02-06,57.262367248535156,57.365181967064395,57.06883176073011,57.23212545402656,1339800,TLT
2008-02-07,56.028560638427734,57.1716300048697,55.671731560148956,57.1716300048697,5419700,TLT
2008-02-08,56.66963577270508,56.68778360949026,56.30070820028642,56.397478206149344,2832800,TLT
2008-02-11,56.90552520751953,57.27445289866648,56.68780185275593,57.020438472901176,2960200,TLT
2008-02-12,56.56684875488281,56.63942629475956,56.22211351540596,56.43984152078609,2897700,TLT
2008-02-13,55.96808624267578,56.500307570591836,55.883414772649346,56.203957425499304,3697500,TLT
2008-02-14,55.14558792114258,55.70200204422944,54.83109438634392,55.52056506370186,7505000,TLT
2008-02-15,55.568946838378906,55.68386015881083,55.3149322909256,55.4056530905165,3687800,TLT
2008-02-19,55.0064811706543,55.46008053582489,54.81899490961088,55.12139448639128,2911600,TLT
2008-02-20,55.38751983642578,55.38751983642578,54.77062197941993,54.80691307434828,2550100,TLT
2008-02-21,55.9741325378418,56.15556941497207,55.67173312837588,55.68987635466403,4197200,TLT
2008-02-22,55.653629302978516,56.155613827119346,55.562913099792475,55.93788571096796,1959700,TLT
2008-02-25,55.085105895996094,55.72619149756363,54.82504208539303,55.61127818624448,3460900,TLT
2008-02-26,55.103240966796875,55.242342162176286,54.87341899246322,55.01252018784263,2618900,TLT
2008-02-27,55.15167236328125,55.38149453082555,54.80088751735491,55.29682296308531,2494400,TLT
2008-02-28,56.13140869140625,56.149551927967515,55.756436164469626,55.84715234727596,3410900,TLT
2008-02-29,56.9902229309082,57.12932414409566,56.56081149650062,56.63943833497717,3822000,TLT
2008-03-03,56.84332275390625,57.18326425510262,56.60657711823656,56.86153324413383,2036900,TLT
2008-03-04,56.2908821105957,57.13466825255587,56.16947120049369,57.02540074914039,3401100,TLT
2008-03-05,55.61710739135742,56.49124342826821,55.54426079188316,56.49124342826821,3871200,TLT
2008-03-06,55.914520263671875,56.1148448098372,55.647420868784785,55.73847790171021,1342600,TLT
2008-03-07,55.987361907958984,56.66724448064469,55.689908651056314,56.63082352320872,3601300,TLT
2008-03-10,56.81294631958008,57.14074890775005,56.2180489283986,56.27875208220332,3579000,TLT
2008-03-11,56.32730484008789,56.47299330544121,55.97522013674396,56.45478282619114,3309200,TLT
2008-03-12,57.413936614990234,57.474639786312224,56.43660027323443,56.53372442107859,4752900,TLT
2008-03-13,56.9647216796875,57.78423068388378,56.61264144138017,57.68710190686451,5763500,TLT
2008-03-14,57.66888427734375,58.16058591388558,57.438210407521964,57.438210407521964,6174800,TLT
2008-03-17,58.112056732177734,58.46413711209311,57.85709590563348,58.02706670242508,3329300,TLT
2008-03-18,57.887393951416016,58.37302830044109,57.63850507391875,57.85097299621247,4022300,TLT
2008-03-19,58.846527099609375,59.168257930465344,57.74171320786753,57.74171320786753,5206400,TLT
2008-03-20,58.99224090576172,59.33825406904312,58.80405968946894,58.88297334728575,3905900,TLT
2008-03-24,57.85100173950195,58.56731021296824,57.79029394219683,58.56731021296824,5596200,TLT
2008-03-25,58.09383773803711,58.16668434525096,57.838881559823456,57.89958475015673,2038200,TLT
2008-03-26,57.85100173950195,58.397334864410475,57.80850906020118,58.142378788605875,1652000,TLT
2008-03-27,57.4443244934082,57.88746674147009,57.38969299190701,57.45039620402773,2405700,TLT
2008-03-28,58.00273132324219,58.0087983946833,57.51709698952326,57.72348857097485,1745500,TLT
2008-03-31,58.20915603637695,58.470183828836916,58.07560628702234,58.34270578573157,2546300,TLT
2008-04-01,57.261775970458984,57.82262691128962,57.17033177007361,57.79824148111717,3821800,TLT
2008-04-02,57.38374710083008,57.82877343929109,57.29840034842098,57.29840034842098,3794200,TLT
2008-04-03,57.511722564697266,57.71289888958797,57.3776096658157,57.60926429229721,2839100,TLT
2008-04-04,58.036006927490234,58.25547119835175,57.907986877995405,58.017719013426166,1745200,TLT
2008-04-07,57.7312126159668,57.779983501575266,57.24351771302507,57.682446381405974,2231800,TLT
2008-04-08,57.529998779296875,58.060366656515185,57.46294002338859,58.0237908445813,1305200,TLT
2008-04-09,58.127479553222656,58.30427056064262,57.63978455269558,57.64587742633006,2883600,TLT
2008-04-10,57.93236541748047,58.21888843983335,57.651939916105185,58.103058796487524,1846500,TLT
2008-04-11,58.322532653808594,58.4749381460477,58.200610120435925,58.27985930202351,1987700,TLT
2008-04-14,57.98118591308594,58.34086089085639,57.90802955187257,58.12139645826604,3195300,TLT
2008-04-15,57.261775970458984,57.65803107143213,57.24348806059096,57.56048935074233,2821600,TLT
2008-04-16,56.70095443725586,57.34105486984747,56.34737249293993,57.182556468090105,4691100,TLT
2008-04-17,56.603424072265625,56.804600527782945,56.23155413366035,56.682677940162584,2020000,TLT
2008-04-18,56.55464172363281,56.62170052855817,55.9755025731476,56.08523474020295,2199700,TLT
2008-04-21,56.78020095825195,56.86554767856936,56.26812063634757,56.33517943817516,2805800,TLT
2008-04-22,56.97526931762695,57.10328937445865,56.639980021462,56.639980021462,1799700,TLT
2008-04-23,56.78628158569336,57.07889749656256,56.40831432885408,56.74970110855017,1221100,TLT
2008-04-24,56.30464553833008,56.365606761831096,55.96935183250963,56.24368431482905,3213600,TLT
2008-04-25,55.97548294067383,56.23762054497409,55.78040411777918,56.170561763568486,1742000,TLT
2008-04-28,56.14619827270508,56.29860380800072,55.72556215800163,55.798713838272924,1883900,TLT
2008-04-29,56.35955810546875,56.60950538487261,56.176674276413316,56.31688474691776,1269100,TLT
2008-04-30,56.76192855834961,56.81679232881868,55.99380321444181,56.34128771389199,2827500,TLT
2008-05-01,56.76557159423828,57.29786523347151,56.52083872558308,57.16938152770305,3226500,TLT
2008-05-02,56.04975128173828,56.53921718913824,56.006923364932746,56.1537612699956,2730800,TLT
2008-05-05,56.04975128173828,56.20882840182719,55.76219041123276,56.20270879431416,1309300,TLT
2008-05-06,55.645938873291016,56.33730978857856,55.54804849665378,56.29448187356989,4037500,TLT
2008-05-07,55.88452911376953,55.93959622053288,55.444015599116355,55.51131724744338,3876200,TLT
2008-05-08,56.38622283935547,56.41069191763623,55.933465537035055,55.945704744065225,2829500,TLT
2008-05-09,56.59428405761719,56.82066287428921,56.41685276907315,56.73500703401184,2064300,TLT
2008-05-12,56.508636474609375,56.99810249162555,56.50251686572585,56.75336948311746,1947400,TLT
2008-05-13,55.89065170288086,56.31893536673007,55.866177950555965,56.18433206288863,2123300,TLT
2008-05-14,55.915138244628906,56.294474490593586,55.5052133021798,56.28835488413989,2600900,TLT
2008-05-15,56.42299270629883,56.49029441475035,55.73162145909592,55.78056900485973,2164300,TLT
2008-05-16,56.19044494628906,56.83286808463681,56.1537366530889,56.21491869771945,1902600,TLT
2008-05-19,56.263916015625,56.447466979920115,55.86011042922865,56.447466979920115,1348200,TLT
2008-05-20,56.55759048461914,56.594298806334876,56.22720158549429,56.55759048461914,1466000,TLT
2008-05-21,56.56977844238281,56.69826213045713,56.20268152390039,56.318930670777874,1762100,TLT
2008-05-22,55.90288543701172,56.245508600216596,55.578611751389374,56.245508600216596,2855900,TLT
2008-05-23,56.14762878417969,56.47190255749348,56.10480087719738,56.184341752944356,1802000,TLT
2008-05-27,55.76830291748047,56.019150778858894,55.66429294246728,55.909021197111905,1985800,TLT
2008-05-28,55.27272033691406,55.46851041942803,55.15035620323532,55.3950891384853,3250700,TLT
2008-05-29,54.87502670288086,55.125874541334206,54.538518381659735,55.07081208943901,3302400,TLT
2008-05-30,55.23600769042969,55.333902723994946,55.10140435322352,55.14423226343529,2514600,TLT
2008-06-02,55.44908905029297,55.657865202888054,55.03153206024163,55.25259191879005,3076400,TLT
2008-06-03,55.84822082519531,56.13068984552686,55.14819949710329,55.30171302843682,2447700,TLT
2008-06-04,55.35084533691406,56.11841308862949,55.20347364034599,56.11841308862949,2813000,TLT
2008-06-05,55.019229888916016,55.28327325996142,54.92712086462397,55.154322499896395,2632200,TLT
2008-06-06,55.73155212402344,55.93418641906062,55.39382049085971,55.535054996963005,3864800,TLT
2008-06-09,55.73155212402344,56.11840452530648,55.38154147004514,55.559617723453194,1812000,TLT
2008-06-10,55.3692626953125,55.70085250516834,55.08065648942714,55.66401075458263,1935300,TLT
2008-06-11,55.24028015136719,55.70696235843999,55.08676669896181,55.29554743035969,2265400,TLT
2008-06-12,54.68766784667969,55.043820421985075,54.54029614425958,54.99469495955772,4413100,TLT
2008-06-13,54.571006774902344,54.98242202736888,54.454334959927884,54.63241126730799,1983600,TLT
2008-06-16,54.5832633972168,54.76133963151033,54.417470867280365,54.718356035981586,1756800,TLT
2008-06-17,54.693790435791016,54.8165993637402,54.39904244990854,54.742915880914815,1712200,TLT
2008-06-18,55.15430450439453,55.246413498633665,54.706043231021745,54.82885678495993,2590000,TLT
2008-06-19,54.828857421875,55.11132157192698,54.669202142329766,54.97008715447193,1700500,TLT
2008-06-20,55.14818572998047,55.307841074472314,55.074502251645775,55.228015744656396,4580900,TLT
2008-06-23,55.26484298706055,55.52888631317086,55.160454963562216,55.31396841630405,1594100,TLT
2008-06-24,55.633277893066406,55.76222863942976,55.35081368414775,55.49818529644029,3118400,TLT
2008-06-25,55.65784454345703,55.73153269724152,55.148178687381325,55.66398639415392,3251600,TLT
2008-06-26,56.03240203857422,56.149073744713235,55.749937889110676,55.87888860833155,4052300,TLT
2008-06-27,56.6894645690918,56.76315273496098,56.155235907475586,56.327174961170364,4144800,TLT
2008-06-30,56.701744079589844,56.99649206076368,56.5420934127784,56.744732357031644,3743000,TLT
2008-07-01,56.5673713684082,57.17131277494738,56.49958135517752,57.12201479403992,3805100,TLT
2008-07-02,56.86320877075195,56.93099882059369,56.61670462779849,56.67216664943348,2413700,TLT
2008-07-03,56.739967346191406,56.88171148657572,56.41334506390072,56.518109814490934,1405100,TLT
2008-07-07,56.99879455566406,57.40553489528401,56.4379914622141,56.73996235868716,3528400,TLT
2008-07-08,57.368568420410156,57.39938379917099,56.955668674908246,57.00497140021892,2176600,TLT
2008-07-09,57.62125015258789,57.7075275841616,57.26381239220114,57.27614042629304,1582000,TLT
2008-07-10,57.61503982543945,57.781435239562185,57.27609438862979,57.51643914079498,2723600,TLT
2008-07-11,56.79539108276367,57.76909317722964,56.610508379057656,57.63351315474689,5466000,TLT
2008-07-14,57.29460144042969,57.47332023847569,56.87553780750655,56.93099983012502,4135400,TLT
2008-07-15,57.27610778808594,57.57807862651893,57.12819967387146,57.356221156961915,4541400,TLT
2008-07-16,56.24076843261719,56.8447100443564,56.20995307003767,56.74610934727751,3435900,TLT
2008-07-17,55.95111846923828,56.45645936148628,55.80937439012887,56.240765938288476,5899900,TLT
2008-07-18,55.74161911010742,56.203821605885324,55.64918237236539,55.932666005563796,3475200,TLT
2008-07-21,55.957305908203125,56.01893195466436,55.61835560001741,55.74160769293987,3657200,TLT
2008-07-22,55.67998504638672,55.93265796460213,55.48277886460948,55.85870388327332,2675200,TLT
2008-07-23,55.569034576416016,55.692291330500815,55.31020244548456,55.59984994037832,2871900,TLT
2008-07-24,56.111351013183594,56.23460305698642,55.67995945634552,55.67995945634552,2613300,TLT
2008-07-25,55.55058288574219,55.981970047450545,55.46430545340051,55.80325586743382,3765300,TLT
2008-07-28,56.111351013183594,56.370183126227985,55.89565288388251,56.04972028951809,1275900,TLT
2008-07-29,55.883338928222656,56.07438103867165,55.6553174370225,55.87101560248219,1349100,TLT
2008-07-30,55.93879318237305,56.25925602832342,55.482754965035916,55.519729638890105,1667500,TLT
2008-07-31,56.49345016479492,56.72763569264867,56.246941309995606,56.52426553480684,3898700,TLT
2008-08-01,56.618412017822266,56.630780142847215,56.179270437148205,56.26586146889479,1804800,TLT
2008-08-04,56.488502502441406,56.680239034942154,56.29057955051487,56.34005674935495,2029900,TLT
2008-08-05,56.06791305541992,56.655495464690496,56.04935851685319,56.50086801816085,2191200,TLT
2008-08-06,55.8390998840332,55.91950922979013,55.55458575940161,55.91950922979013,3139500,TLT
2008-08-07,56.74828338623047,56.84106081510179,55.9318505061038,56.05555059869485,2765600,TLT
2008-08-08,56.90289306640625,56.95237497551083,56.61837916733676,56.83485662110109,1035400,TLT
2008-08-11,56.3586311340332,56.76684526744528,56.03700330154451,56.76684526744528,3939400,TLT
2008-08-12,56.884342193603516,56.92145126839452,56.717341919334245,56.785378369021004,1315000,TLT
2008-08-13,56.68645477294922,57.119409979573284,56.56893633735504,57.08848730416176,1940300,TLT
2008-08-14,57.05134201049805,57.27400591358582,56.946196478166385,57.063714848922494,2605300,TLT
2008-08-15,57.54615783691406,57.645116960530665,57.255457448221236,57.31730749033858,1964900,TLT
2008-08-18,57.774993896484375,57.85539845946835,57.49666169750067,57.57088456100057,1262200,TLT
2008-08-19,57.55233383178711,57.849215867715614,57.45337000724102,57.7935522555496,1944700,TLT
2008-08-20,57.71315002441406,57.96055489717218,57.61419090662409,57.75644552323257,2500000,TLT
2008-08-21,57.607975006103516,57.91104334273716,57.366756676293654,57.91104334273716,2267000,TLT
2008-08-22,57.57088088989258,57.626544494827094,57.29873512660135,57.58943542487075,1990000,TLT
2008-08-25,58.1461296081543,58.34405263024779,58.04716573767901,58.21416608939178,2028300,TLT
2008-08-26,58.19560241699219,58.263638893076816,57.960570320699546,58.1151978174634,1270900,TLT
2008-08-27,58.29458236694336,58.3193233395159,57.793590649208966,57.824513325781126,1555300,TLT
2008-08-28,58.300724029541016,58.393501425743885,57.94817369905363,58.08424658430392,1886500,TLT
2008-08-29,58.040985107421875,58.23891286812178,57.83688036220079,58.1523171133868,1739100,TLT
2008-09-02,58.58103942871094,58.60587036165034,57.63127400383944,57.71818463713546,2916000,TLT
2008-09-03,58.829341888427734,58.90383469054118,58.51275813548247,58.51896231697962,2105000,TLT
2008-09-04,59.301090240478516,59.31971224760633,58.85414312535489,58.972088818516404,3049800,TLT
2008-09-05,59.27009201049805,59.785318560257124,59.22663905483122,59.60529781934681,4167800,TLT
2008-09-08,59.51835250854492,59.51835250854492,58.698951075521634,58.91001153191375,5426200,TLT
2008-09-09,60.10808563232422,60.13912073582323,59.307306080222354,59.487326730169094,3890200,TLT
2008-09-10,59.73567199707031,60.00259869656699,59.481158400240034,59.58048216564242,2407900,TLT
2008-09-11,59.704586029052734,60.12670223399482,59.592849247273534,60.083249304192584,3592000,TLT
2008-09-12,58.93483352661133,59.797687755855534,58.816887856019655,59.72319500558503,4138200,TLT
2008-09-15,60.8467903137207,60.939905103605135,59.63631225326792,59.76667106470014,5889900,TLT
2008-09-16,60.83438491821289,62.60975612225831,60.778518878820364,62.51664132058855,6684400,TLT
2008-09-17,61.1385498046875,61.69102491069194,60.66677639606434,61.4054763519942,4371300,TLT
2008-09-18,60.244659423828125,61.138549112584336,60.163957727360405,60.80333870329511,4188300,TLT
2008-09-19,58.33271408081055,58.98450807850375,58.16510652710764,58.264430223526325,7169200,TLT
2008-09-22,58.32649612426758,58.32649612426758,57.48226377963593,57.687115319733415,4726300,TLT
2008-09-23,58.10302734375,58.41340676838116,57.81126992683445,58.10923625832659,2236000,TLT
2008-09-24,58.35757064819336,58.81693110594406,58.10305711629392,58.33273971317757,1014900,TLT
2008-09-25,58.2396354675293,58.717618029342106,57.82372788652086,58.717618029342106,1881200,TLT
2008-09-26,58.66176223754883,58.841783028610585,58.39483551094253,58.39483551094253,1992800,TLT
2008-09-29,60.36885452270508,60.7909711242326,59.07146958825669,59.077673772618695,4799800,TLT
2008-09-30,58.8975944519043,60.39362546399846,58.72378274208723,60.23843576080266,1358100,TLT
2008-10-01,59.63853454589844,60.33591733296078,59.12172421487541,59.80042791174947,1767800,TLT
2008-10-02,60.118038177490234,60.30483398986364,59.81915822694287,60.1304893314342,931900,TLT
2008-10-03,60.64731979370117,60.89015775399702,59.458032308194205,60.63486388517784,1903100,TLT
2008-10-06,61.74940872192383,62.179047156533194,61.40694736508443,61.481663788122205,2906200,TLT
2008-10-07,61.56260299682617,62.06072982213296,61.00843411273318,61.22013694461824,1972000,TLT
2008-10-08,60.67837905883789,62.22881006863099,60.19893165355135,62.06691670103366,3386300,TLT
2008-10-09,60.16781234741211,60.83406033126678,59.9125234613442,60.62858553290627,1785400,TLT
2008-10-10,59.74441909790039,60.34217881936258,59.470451038642295,60.155378312588866,2200000,TLT
2008-10-13,58.97856140136719,59.74443320885431,58.6921373737225,59.221399267208014,1532100,TLT
2008-10-14,58.59877395629883,59.314836851074375,58.46801538864147,58.68594633473707,2100000,TLT
2008-10-15,59.1591796875,59.177858806907714,58.16914360404021,58.605010309222514,1449500,TLT
2008-10-16,58.85403823852539,59.3210349614049,58.642335337744115,59.146690278282364,1063200,TLT
2008-10-17,58.44929122924805,59.09063241232461,57.92002466019138,58.95987394543339,1691800,TLT
2008-10-20,58.916255950927734,59.11550751906577,58.131700823026385,58.18151490269393,1146800,TLT
2008-10-21,59.227596282958984,59.769309046637154,58.990981742011854,59.20891243720037,1243700,TLT
2008-10-22,60.42937469482422,60.70334286095251,59.68217712679488,59.850298598579315,1069800,TLT
2008-10-23,60.87767028808594,61.57505353723435,60.28614320436401,60.98974965401096,1802000,TLT
2008-10-24,60.23009490966797,61.67467050111136,60.055745566284116,61.53145615667952,1495400,TLT
2008-10-27,60.27366256713867,61.15161321194824,59.95610372727749,60.8776405069282,1534100,TLT
2008-10-28,59.3957405090332,60.33596166036453,59.24630292720715,59.887644164351315,1505500,TLT
2008-10-29,59.09685516357422,59.78178244201704,58.797975300881106,59.63234013540335,1745800,TLT
2008-10-30,58.56142044067383,59.028417398731705,58.40575478798787,58.84161671529307,1326000,TLT
2008-10-31,57.80173110961914,59.10309278106133,57.68965172758535,58.92874813134997,2282500,TLT
2008-11-03,57.958003997802734,58.208066453470465,57.73294826465623,57.9642568708192,1111600,TLT
2008-11-04,59.04574966430664,59.20829091940548,57.88296370387448,58.11427222960965,1608800,TLT
2008-11-05,59.7459716796875,59.808486130058206,59.01454259430184,59.3208667398011,1931700,TLT
2008-11-06,59.31458282470703,59.42086258122279,58.645668539733485,59.139540547449556,919700,TLT
2008-11-07,58.9270133972168,59.089549992170205,58.48315465952798,59.089549992170205,1277100,TLT
2008-11-10,59.21458053588867,59.45213731033915,58.56441988157872,58.639440069611155,1352100,TLT
2008-11-11,59.3896369934082,59.896010266781154,59.36463025811796,59.52091877652167,696000,TLT
2008-11-12,59.770992279052734,60.05856263310427,59.48967480235282,59.7522384165458,1199400,TLT
2008-11-13,58.339351654052734,59.545898662885655,58.29559107941299,59.33334866307686,1631900,TLT
2008-11-14,59.495887756347656,59.67718293604099,59.25833102237629,59.45838005349564,1059300,TLT
2008-11-17,59.75846481323242,60.03353408219199,59.57092148675234,59.814731149858794,490300,TLT
2008-11-18,60.52737045288086,60.639898289973885,59.98973798338566,60.252301346754926,924800,TLT
2008-11-19,62.077781677246094,62.121542257701535,60.77120759871278,60.933748941638214,2090400,TLT
2008-11-20,65.28482818603516,65.29108106110354,63.20306435606021,63.653175970059785,5459800,TLT
2008-11-21,64.34082794189453,65.00349421308816,63.421851092901804,64.54712984055514,3249300,TLT
2008-11-24,63.33435821533203,63.94701131133435,63.14056197710293,63.85949012184075,1587300,TLT
2008-11-25,65.19727325439453,65.30980109962799,64.19077551912407,64.98471853804523,2632700,TLT
2008-11-26,65.28482818603516,66.02876292414814,65.07227335962594,65.46612340664866,2577600,TLT
2008-11-28,66.09125518798828,66.24754362542883,65.60363602630089,65.7974321624729,986400,TLT
2008-12-01,68.62227630615234,69.25581053554461,67.19839277572925,67.58729587621468,4031600,TLT
2008-12-02,68.88569641113281,69.23069134241919,67.8632642834516,68.0953474321222,3289300,TLT
2008-12-03,69.08013916015625,69.50667613356958,68.09534119316554,69.16795517359895,2951000,TLT
2008-12-04,70.44132995605469,70.56050615266341,69.23071744832826,69.70743180599524,2825400,TLT
2008-12-05,69.2997055053711,70.88039902395131,69.26206664105148,70.22177393293397,4557600,TLT
2008-12-08,69.14915466308594,69.78268872768702,68.8041644665877,69.29970053834349,2119500,TLT
2008-12-09,70.51660919189453,70.58560821499871,69.15545534632443,69.36245241563698,2055500,TLT
2008-12-10,70.34720611572266,70.34720611572266,69.70112911670077,69.85794410813769,2414900,TLT
2008-12-11,70.48526763916016,70.52290173964793,69.54437684202118,70.36608660679144,2416900,TLT
2008-12-12,70.48526763916016,70.60444388591081,69.21192474044624,70.59190078095423,2547100,TLT
2008-12-15,71.28814697265625,71.47005306689955,70.28453126788041,70.47270652061621,1707700,TLT
2008-12-16,73.05077362060547,73.32676983383202,71.48889596568566,73.05077362060547,4015100,TLT
2008-12-17,75.03288269042969,75.9800423467845,74.80706858789854,75.75422824425335,6407500,TLT
2008-12-18,76.60733795166016,77.24714646529185,75.55353991651862,75.73544607095828,4442000,TLT
2008-12-19,76.68880462646484,77.1467017207657,76.0740877553706,76.17445164682016,2668500,TLT
2008-12-22,76.0992202758789,76.77038861313885,75.72913899173746,76.77038861313885,2221400,TLT
2008-12-23,75.99883270263672,76.2120988302519,75.20848367109166,75.35902474856205,1746400,TLT
2008-12-24,75.83576965332031,76.09921782530512,75.66013753866378,75.72913655308116,717200,TLT
2008-12-26,76.08661651611328,76.50687943832679,76.02388670691272,76.26851764883477,454400,TLT
2008-12-29,75.99540710449219,76.7884040013482,75.90729687169124,76.42337315023141,1416000,TLT
2008-12-30,76.71915435791016,76.73173947297865,75.56742186246686,75.83175249372214,2590500,TLT
2008-12-31,75.11429595947266,76.78210493687355,74.79961520153465,76.41078394729742,2738000,TLT
2009-01-02,73.22620391845703,75.80658490916353,73.22620391845703,75.55484416989212,3464200,TLT
2009-01-05,71.338134765625,73.10664408623677,70.86611357643694,72.75419833318917,5395200,TLT
2009-01-06,70.6206283569336,71.28145961882508,69.85910178751935,70.24930750807805,4109300,TLT
2009-01-07,70.8975830078125,70.91646308696497,70.11088103214136,70.46332198071474,2565600,TLT
2009-01-08,70.84091186523438,71.06748233487275,70.48217608858127,70.8912619255198,2603600,TLT
2009-01-09,70.9478759765625,71.33807676934539,70.02900458318179,70.14858472375407,2727900,TLT
2009-01-12,71.68429565429688,71.77870086575999,70.2178818009623,70.2178818009623,2462800,TLT
2009-01-13,71.75978088378906,71.79754583089223,71.09265937193568,71.43251508598726,1767400,TLT
2009-01-14,72.94302368164062,73.03113393755172,72.15632153839957,72.15632153839957,2494800,TLT
2009-01-15,73.06251525878906,73.58488603455989,72.74154461004214,73.1317453520427,2827200,TLT
2009-01-16,71.93604278564453,73.06259598056404,71.34444126300075,71.38220142771465,2994800,TLT
2009-01-20,71.92346954345703,72.14374522478882,70.63328066614245,70.6710408396137,3268300,TLT
2009-01-21,69.65142822265625,71.14301653857055,69.48150274948338,70.44442496797178,2838100,TLT
2009-01-22,68.3108901977539,69.71436349792401,67.89550934910662,69.60737320720456,4016600,TLT
2009-01-23,67.77595520019531,68.1724512969164,67.14659357271209,67.92070568559349,2676200,TLT
2009-01-26,67.18435668945312,67.85777346841965,66.90114586528574,67.61232280703501,2240900,TLT
2009-01-27,68.76408386230469,68.97176964404886,67.73822087249867,67.84521604681272,3420800,TLT
2009-01-28,67.04586791992188,69.11017250505421,66.53608673198208,68.795491810939,4348100,TLT
2009-01-29,65.50397491455078,66.90744898859418,65.23964412055821,66.43542765575775,3724400,TLT
2009-01-30,65.29629516601562,66.00118220146207,65.10119451939701,65.79978659157024,2630000,TLT
2009-02-02,66.5111083984375,66.6941265447511,65.24891827065257,65.64650642755046,2700200,TLT
2009-02-03,64.92707824707031,66.1577168860129,64.84503759709068,65.82323717049059,2846400,TLT
2009-02-04,64.6998291015625,64.92071610725375,64.13184770084396,64.84498300688499,2305400,TLT
2009-02-05,64.75667572021484,65.55816446684405,64.50423668946877,65.15426394359994,2279500,TLT
2009-02-06,64.55467987060547,64.91440367055057,64.30855331353096,64.52943550387083,1667500,TLT
2009-02-09,64.7629623413086,64.79451419834514,63.77845099324885,64.17604387386088,2257300,TLT
2009-02-10,66.1702880859375,66.23970889836019,65.28675441272505,65.70327928726122,3782800,TLT
2009-02-11,67.02857971191406,67.21159778601736,66.59943504519254,66.71303230446797,2774200,TLT
2009-02-12,66.39750671386719,67.00966965583608,66.10089128302677,66.88345257733386,1818400,TLT
2009-02-13,64.63045501708984,65.60233728685733,64.51685770031688,65.60233728685733,2466800,TLT
2009-02-17,66.64364624023438,66.68151522298677,65.85477731027214,65.9809992279904,2813900,TLT
2009-02-18,66.07566833496094,67.2495058422645,65.8232340960834,66.9339582287931,2768600,TLT
2009-02-19,64.95231628417969,65.67176442096132,64.51686387394295,64.80716708572552,3219400,TLT
2009-02-20,65.58344268798828,66.36600456853706,65.1921665625904,65.80432514827362,4272000,TLT
2009-02-23,66.18928527832031,66.18928527832031,65.11011269830635,65.38148391888595,2688700,TLT
2009-02-24,66.11982727050781,67.32522114538743,66.11982727050781,66.70674586848423,4197100,TLT
2009-02-25,65.35618591308594,66.57419925540967,65.02170638846218,66.41642553135154,3908100,TLT
2009-02-26,64.66835021972656,65.16691619289554,64.35911480366643,64.92078935757968,2611100,TLT
2009-02-27,64.29597473144531,65.0091153611118,63.87314211952965,64.73143194319748,3267700,TLT
2009-03-02,65.36043548583984,65.36043548583984,64.60734603271413,64.68961923039366,3302000,TLT
2009-03-03,64.92376708984375,65.54395923297693,64.4301472352271,64.69594662699224,3084900,TLT
2009-03-04,64.6263427734375,64.7086111521394,64.01881018210693,64.22764604007942,3178400,TLT
2009-03-05,66.423583984375,66.72735250162127,65.4616591981959,65.8287065867293,4562400,TLT
2009-03-06,65.98058319091797,67.06275022082093,65.87299560708458,65.98058319091797,3125900,TLT
2009-03-09,65.59456634521484,66.1641293836227,65.25915834155174,66.13881493433374,2070500,TLT
2009-03-10,64.33517456054688,65.02497489639603,64.24024662424812,64.82246421880188,2602600,TLT
2009-03-11,65.03130340576172,65.03130340576172,63.87319322831498,64.10101833955812,3101500,TLT
2009-03-12,65.34143829345703,65.7970888051644,64.74656070003479,64.96806096362026,3558900,TLT
2009-03-13,65.0123519897461,65.74012192590132,64.75921231149144,65.02500680095183,2504000,TLT
2009-03-16,63.98712921142578,64.20229476846951,63.60109234427124,63.803603091939436,3265600,TLT
2009-03-17,63.639129638671875,64.7592721813416,63.53154674513069,64.37323490146585,3076200,TLT
2009-03-18,66.05025482177734,68.39178720502909,63.85427457048023,63.99350170764747,8578800,TLT
2009-03-19,66.1324234008789,66.86652726048835,65.95522724945124,66.84121283482254,3650900,TLT
2009-03-20,65.76541900634766,66.44889450864187,65.67682086659505,66.20841453334717,3479700,TLT
2009-03-23,65.19588470458984,66.08187131924379,65.16424525692565,65.99960296143054,2097000,TLT
2009-03-24,65.81605529785156,66.55015977065061,64.50606285187958,64.67060434203057,5477100,TLT
2009-03-25,64.93006896972656,65.63885899568545,64.74654285153443,65.36673472777808,2549600,TLT
2009-03-26,65.68318939208984,65.85405595423771,64.65165054094392,64.82884692487187,2385300,TLT
2009-03-27,66.17046356201172,66.40461862926706,65.53761672663444,65.9109988701909,1853900,TLT
2009-03-30,66.423583984375,66.9994767549872,65.77808252405224,66.72735250162127,2300100,TLT
2009-03-31,66.89820861816406,66.95516731868484,66.44888814438559,66.47420258592416,1094600,TLT
2009-04-01,67.50879669189453,67.62937881848498,66.97567968913447,67.3501316666319,2383400,TLT
2009-04-02,66.6837158203125,67.31837572336757,66.53774191209868,67.20413674713483,1766300,TLT
2009-04-03,65.31922149658203,66.74086371932444,65.15421334382212,66.58219868177422,3316800,TLT
2009-04-06,65.03997802734375,65.7444463794817,64.87496502311312,65.71271627540813,1418100,TLT
2009-04-07,65.20499420166016,65.56675035864629,65.03998601922686,65.07806408562323,1312600,TLT
2009-04-08,65.78253936767578,65.91581744619128,65.33827426388373,65.41443524106704,1007800,TLT
2009-04-09,64.95741271972656,65.48418137924521,64.72259175353467,65.03357361912512,1088800,TLT
2009-04-13,65.55404663085938,65.69367263679399,65.3255685924341,65.34460762195744,946600,TLT
2009-04-14,65.89675903320312,66.13792812691563,65.32556397749218,65.52865501484804,1336000,TLT
2009-04-15,65.78253936767578,66.19506952045637,65.2938482377119,66.08717359226159,1152500,TLT
2009-04-16,65.26204681396484,65.65553266091443,65.23031189763157,65.27473787525712,1055600,TLT
2009-04-17,64.54493713378906,65.18594525910066,64.33550295837301,65.0336281745964,2582800,TLT
2009-04-20,65.52227783203125,65.62382572645011,65.02089599799591,65.13513495818206,1714400,TLT
2009-04-21,64.87493896484375,66.13791087259668,64.87493896484375,66.03001984635172,909100,TLT
2009-04-22,64.4814453125,65.09071823961763,64.17046331515337,65.02090526277459,2278100,TLT
2009-04-23,64.47510528564453,64.57665320701938,64.06258017075558,64.32278824565367,1688300,TLT
2009-04-24,63.827754974365234,64.0879678943525,63.52946400445648,63.967380946839235,2830000,TLT
2009-04-27,64.10066223144531,64.22124918510602,63.504080261214455,64.14508823930899,2294600,TLT
2009-04-28,63.053470611572266,64.46876455510208,62.88845765427439,64.41799059253788,2332500,TLT
2009-04-29,62.49491882324219,63.51672095792254,62.29182798640266,63.25650825087354,3752600,TLT
2009-04-30,62.24745559692383,62.42515962685949,61.809538635959775,62.18399056367133,2778100,TLT
2009-05-01,61.81897735595703,61.93356323506103,61.475219718645036,61.82534458723349,2772200,TLT
2009-05-04,62.02273941040039,62.271008223277484,61.61532367353652,61.978178465955246,2246700,TLT
2009-05-05,61.946327209472656,62.27735542466496,61.596207003407365,62.04181630450033,1369000,TLT
2009-05-06,61.79990005493164,62.385559241367226,61.7489719021696,61.82536413131267,2045900,TLT
2009-05-07,60.291202545166016,61.55801033134249,60.04930103958163,61.07420732017372,5755200,TLT
2009-05-08,60.43764114379883,60.72410368197341,60.24666288049645,60.48856447147101,2193400,TLT
2009-05-11,61.29701232910156,61.39886380585597,60.97871857198095,61.144232685581315,2167400,TLT
2009-05-12,61.519775390625,61.761676734033244,60.98504457147814,61.226945914886386,2304800,TLT
2009-05-13,62.188255310058594,62.34103500145967,61.901787924805404,61.97818019889535,1917500,TLT
2009-05-14,62.430152893066406,62.544738868470624,61.93998252186857,62.13095590968992,1704600,TLT
2009-05-15,62.41107940673828,62.417446645749784,62.041857252556575,62.38561530747262,2306600,TLT
2009-05-18,61.4434700012207,62.45564742003048,61.34798568916581,62.391989593066924,2234700,TLT
2009-05-19,61.11876678466797,61.41159644969758,60.92778859336393,61.233352728094964,1624300,TLT
2009-05-20,61.76173400878906,61.85086075140592,61.00419797916316,61.067855775222185,2825700,TLT
2009-05-21,60.20846176147461,62.156418437621596,60.062044463389924,62.09912787974828,4771700,TLT
2009-05-22,59.540035247802734,60.151158738376466,59.42544928977156,59.72464622778508,4483400,TLT
2009-05-26,58.64249801635742,59.90293974521868,58.64249801635742,59.871113254018596,3633100,TLT
2009-05-27,57.604827880859375,58.935298890340725,57.5348028352667,58.71885651575081,7490200,TLT
2009-05-28,58.438743591308594,58.55332955351814,57.43930125411677,58.419641883625374,9824300,TLT
2009-05-29,59.94743347167969,59.98563201776471,58.33686814881292,58.37506183812158,4746700,TLT
2009-06-01,58.17515563964844,58.9990222227331,57.84305676097169,58.97347540551841,6987000,TLT
2009-06-02,58.48811721801758,58.60945854378274,57.977190472762636,58.507276118266894,5063600,TLT
2009-06-03,59.03737258911133,59.14594295880439,58.32846391454694,58.73081551123506,6727200,TLT
2009-06-04,57.817543029785156,58.57754544102224,57.63233215340974,58.392334564646816,5438600,TLT
2009-06-05,57.37687301635742,58.05385192939231,57.19166699863388,57.42158362984417,8439600,TLT
2009-06-08,57.229984283447266,57.945281004211964,57.146960728940755,57.740911208644945,4084000,TLT
2009-06-09,57.22357940673828,57.67702460407014,57.00005077038578,57.600388998782904,6046300,TLT
2009-06-10,56.32308578491211,57.11501802349665,55.920729303709635,56.75737214914743,12142000,TLT
2009-06-11,56.94899368286133,57.172522462731536,56.00378487867816,56.048490634652204,10692800,TLT
2009-06-12,57.459869384765625,57.89415557112626,57.10860670735717,57.10860670735717,6606800,TLT
2009-06-15,57.97718811035156,58.213492573100964,57.7855942431068,57.82391204204408,4518700,TLT
2009-06-16,58.98624038696289,59.03094609071591,57.98993906186336,58.09212143934616,5376000,TLT
2009-06-17,58.65420150756836,59.60580305295487,58.65420150756836,59.04378230184087,7197200,TLT
2009-06-18,57.76646423339844,58.48814901890382,57.54932341576543,58.27739125645209,6794000,TLT
2009-06-19,58.55839538574219,58.56477844024541,57.61318195527111,57.68982246235602,4750700,TLT
2009-06-22,59.12681198120117,59.33756976724906,58.794707917265995,59.03740047304056,3952300,TLT
2009-06-23,59.82291030883789,59.91232176494922,59.12677756160559,59.248118896294436,5356900,TLT
2009-06-24,59.222530364990234,60.07832644971851,59.17782467209481,59.81009229234592,6550400,TLT
2009-06-25,60.308250427246094,60.352956125770355,59.184215171064295,59.53547771129476,7140000,TLT
2009-06-26,60.4105110168457,60.60849782886912,60.16782332097166,60.42967480321855,4050400,TLT
2009-06-29,60.49991989135742,60.908659577118385,60.40412046163439,60.717060717672325,4334900,TLT
2009-06-30,60.39769744873047,60.74257227185942,59.91231752663506,60.15500992396205,3743700,TLT
2009-07-01,60.277889251708984,60.28429282063391,59.73969128056166,59.855019068077475,3379900,TLT
2009-07-02,60.41888427734375,60.61750258076687,60.226669546904596,60.43810477274294,2645100,TLT
2009-07-06,60.30351638793945,60.4124357150512,59.83579679472371,60.25866696570401,1886700,TLT
2009-07-07,60.707176208496094,60.79046661662132,59.97676835810068,59.98317681664004,2592400,TLT
2009-07-08,61.828372955322266,62.02699103478313,60.79683183412938,60.944196946393284,7912900,TLT
2009-07-09,61.091583251953125,61.335055725010264,60.51494435289705,61.09158325195313,5241400,TLT
2009-07-10,61.65541076660156,61.71948066978031,61.14284176473102,61.264578002524836,3981900,TLT
2009-07-13,61.30941390991211,61.89245625501242,61.2261186547412,61.71305861036617,2604300,TLT
2009-07-14,60.29072952270508,60.95065915945616,60.034444887248185,60.71359990444238,3629100,TLT
2009-07-15,58.740196228027344,59.58593183924912,58.73378776988029,59.36809314446261,4664200,TLT
2009-07-16,59.37447738647461,59.701240210506015,59.26555807453738,59.46417621844876,4225200,TLT
2009-07-17,58.45824432373047,59.17583962991077,58.45824432373047,58.88111429564514,3845700,TLT
2009-07-20,58.765830993652344,59.25917477897608,58.176379879487875,58.20841239695358,4436500,TLT
2009-07-21,59.93830871582031,60.03441112287203,58.490305494859975,58.59281635845517,3895300,TLT
2009-07-22,59.40013885498047,59.92552011066595,59.175891652228565,59.84222968913593,1986700,TLT
2009-07-23,58.310951232910156,59.457821397092125,58.029037593738984,59.43219244005622,3818800,TLT
2009-07-24,58.59283447265625,58.59283447265625,58.15715216918859,58.30451738592657,1765300,TLT
2009-07-27,57.92003631591797,58.08662185705177,57.62531105896852,57.81111706865298,2755900,TLT
2009-07-28,58.4326057434082,58.829846722170714,57.9392624125572,58.12506844029044,3324800,TLT
2009-07-29,58.75300598144531,59.13102678594487,58.26607072199051,59.05413995582094,2910200,TLT
2009-07-30,59.585880279541016,59.681987515699824,58.45182857987495,58.650446616577284,4040700,TLT
2009-07-31,60.7455940246582,60.77763141691947,59.76531043538849,60.13051422135603,5697000,TLT
2009-08-03,59.825035095214844,60.345759252425296,59.53574771150975,60.3071840045049,4029300,TLT
2009-08-04,59.34931564331055,60.24932791297222,58.93145227832417,60.1914674939816,3832200,TLT
2009-08-05,58.462158203125,59.625742552993,58.417157838894525,58.700015169198174,4458300,TLT
2009-08-06,58.661441802978516,59.0728750846202,58.1278625798686,58.43643999343566,3228500,TLT
2009-08-07,58.17285919189453,58.45572139404144,57.999287779913374,58.12785883288672,3543200,TLT
2009-08-10,58.89933395385742,58.91218910472641,58.1214673524195,58.185752916112676,3150100,TLT
2009-08-11,59.58074188232422,59.70288782946666,59.137163362425326,59.39431040156486,3677800,TLT
2009-08-12,58.944313049316406,59.83146527907719,58.55858999712512,59.754319687704466,4729200,TLT
2009-08-13,59.780025482177734,59.88288625449599,58.82215783715398,59.01501933291492,3922300,TLT
2009-08-14,60.011470794677734,60.55790528250882,59.92147005101957,59.97933047461278,4410400,TLT
2009-08-17,60.898643493652344,60.91149864401672,60.3457788391797,60.39720434531112,3569700,TLT
2009-08-18,60.54506301879883,60.92435124711374,60.435777078912196,60.85364056605524,2557900,TLT
2009-08-19,61.046485900878906,61.31006301776581,60.69291294257484,61.181487020013854,3518200,TLT
2009-08-20,61.54789352416992,61.631469112884176,60.930743714761135,61.31646173255779,3282700,TLT
2009-08-21,60.28146743774414,61.541487541503855,60.26861229184432,61.483627123274125,6258300,TLT
2009-08-24,61.37434768676758,61.37434768676758,60.08218712970452,60.10147230292337,4460200,TLT
2009-08-25,61.72147750854492,61.772902987231774,61.01432690371978,61.31004425102224,3359700,TLT
2009-08-26,62.00431442260742,62.06860483300412,61.65717171074769,61.830743066677556,3225800,TLT
2009-08-27,61.760066986083984,62.11364485042266,61.541495146073046,61.83078255895172,2514000,TLT
2009-08-28,62.042938232421875,62.04293823242188,61.27149684561262,61.35507248270424,2072500,TLT
2009-08-31,62.100826263427734,62.26797272041752,61.56082142424302,61.94653986718583,2899800,TLT
2009-09-01,61.95048522949219,62.285843524506866,61.3571650709981,61.795707127343114,3304200,TLT
2009-09-02,62.853397369384766,62.98238328475504,62.06660050670959,62.22138360515392,4345000,TLT
2009-09-03,62.466461181640625,62.63414044292125,62.266539125701364,62.453560127528775,2703800,TLT
2009-09-04,61.402347564697266,62.29877888975364,61.30560934480631,62.19559506343081,3643000,TLT
2009-09-08,60.970218658447266,61.50549888518994,60.85413384927786,60.93152536215988,2468900,TLT
2009-09-09,60.8992805480957,60.89928054809571,60.31240595168045,60.55102610411976,3182400,TLT
2009-09-10,62.02141571044922,62.369670071514186,61.20882712160397,61.22172324447023,4417300,TLT
2009-09-11,62.363243103027344,62.99526160891152,62.29875262372688,62.440634630372806,4826200,TLT
2009-09-14,61.744136810302734,62.34390772483841,61.68609684452947,61.92471215312052,2119500,TLT
2009-09-15,61.428131103515625,61.76348461494525,61.31204624949977,61.38943779228006,2187900,TLT
2009-09-16,61.53773498535156,61.879538852976715,61.0089053387735,61.48614064902523,3732300,TLT
2009-09-17,62.3116569519043,62.38259795896165,61.37652773174304,61.71188611425205,2832000,TLT
2009-09-18,61.75706481933594,62.2536472288567,61.69901990791541,62.040824087500134,2813300,TLT
2009-09-21,61.898948669433594,62.22785180233862,61.499099567086,61.976335326441195,3050200,TLT
2009-09-22,62.02787780761719,62.15041313909256,61.59578626651921,61.6860739043514,2068000,TLT
2009-09-23,62.214935302734375,62.28587632864591,61.395890701868375,61.873131225329566,5712000,TLT
2009-09-24,62.39544677734375,62.614715236313735,62.021395372895846,62.23421823269945,4658400,TLT
2009-09-25,63.1887321472168,63.24032157372069,62.408381182537255,62.788883339888315,3854500,TLT
2009-09-28,63.743350982666016,63.80139585001787,63.272566122281205,63.407997585692215,4263300,TLT
2009-09-29,63.68532180786133,63.95618478049926,63.29837400119169,63.40800831102489,3123200,TLT
2009-09-30,63.62727737426758,63.930383105955336,63.43380102439134,63.562781977436856,2744800,TLT
2009-10-01,64.49871826171875,64.73161273164703,63.91648702256688,64.0199929338301,5754400,TLT
2009-10-02,64.0523452758789,64.89334874879778,63.96824147361862,64.87394169771284,4827700,TLT
2009-10-05,64.05877685546875,64.47281511247446,63.89704493508104,64.34989727356653,2910100,TLT
2009-10-06,63.42478561401367,63.916451996168675,63.3859715355188,63.89057429861671,3936200,TLT
2009-10-07,64.1688003540039,64.25936989390627,63.78711020526985,63.832394975221035,3591000,TLT
2009-10-08,63.49595260620117,64.5375065630178,63.19189580772264,64.5051582048393,5871600,TLT
2009-10-09,62.04041290283203,63.211351318906736,61.78164064597661,63.153130152341156,8135900,TLT
2009-10-12,62.13737487792969,62.3185137489525,61.84625460464527,62.12443356676288,1939700,TLT
2009-10-13,62.460872650146484,62.65494800260209,62.27326302113933,62.506157392619464,2886500,TLT
2009-10-14,61.53577423095703,62.1697607122002,61.393449324977055,61.78807567858792,5421000,TLT
2009-10-15,61.25113296508789,61.729858222814265,61.05058689813524,61.17997050216893,3736900,TLT
2009-10-16,61.74925994873047,61.801015360151276,61.283476052946355,61.58106226511441,3716800,TLT
2009-10-19,62.23440170288086,62.24087235759813,61.703921536323406,61.839775671405555,3163800,TLT
2009-10-20,62.570858001708984,62.913728948172185,62.454410799545315,62.764933381536814,2912400,TLT
2009-10-21,62.19564437866211,62.24092913166337,61.788081601650724,62.20858569990127,3355200,TLT
2009-10-22,61.89154052734375,61.995051276037174,61.67158758986646,61.70393099708504,2572200,TLT
2009-10-23,61.4257698059082,61.72982654860766,61.37401935224929,61.38048507416566,2996200,TLT
2009-10-26,60.630043029785156,61.14111632127175,60.520066544895165,61.095831595983825,4127400,TLT
2009-10-27,61.4581413269043,61.52930378013622,60.759458114627726,60.791806479066764,4476300,TLT
2009-10-28,61.74925994873047,61.97568863977955,61.43226669119654,61.54871389905949,4585400,TLT
2009-10-29,61.07643508911133,61.4969340668365,60.77884405945077,61.341672829896964,4645300,TLT
2009-10-30,61.96275329589844,62.11154888416885,61.374051475121796,61.52284212772404,5118000,TLT
2009-11-02,61.68885040283203,62.03282740819756,61.52659672470947,61.98739657638682,3463800,TLT
2009-11-03,61.07230758666992,61.89006783397631,61.00740708009445,61.83814544807944,4470700,TLT
2009-11-04,60.51411819458008,61.05280148562376,60.22855514579085,60.75425537231466,5349500,TLT
2009-11-05,60.51411819458008,60.51411819458008,60.22855514579085,60.27398596843379,2852000,TLT
2009-11-06,60.57254409790039,60.650422694115676,60.00789951739316,60.60499186246034,3381100,TLT
2009-11-09,60.643943786621094,60.812684067501074,60.4427458338951,60.540099043073496,1697800,TLT
2009-11-10,60.53360366821289,61.07228710011254,60.29996291323371,61.039839333504965,2549900,TLT
2009-11-11,60.7867546081543,61.11126214729262,60.66993169600082,60.767279996468645,1771100,TLT
2009-11-12,60.6763916015625,60.741292090534294,60.00141562275809,60.514137903338074,3431300,TLT
2009-11-13,60.95547103881836,61.046332717987234,60.65043327949852,60.89706208146272,1594200,TLT
2009-11-16,61.669429779052734,61.9485065477525,61.3449221387783,61.42929729426958,5175700,TLT
2009-11-17,62.00039291381836,62.17562971058273,61.53310139123439,61.64992427188039,3174400,TLT
2009-11-18,61.636962890625,62.00040975062524,61.4876872436437,61.9420007702361,2413600,TLT
2009-11-19,61.74727249145508,62.188602787937405,61.59800184870406,61.81217298619859,2969800,TLT
2009-11-20,61.734291076660156,61.89654478065008,61.39030906486583,61.65640751617256,4136300,TLT
2009-11-23,61.65640640258789,61.72130689269367,61.228054255027764,61.35786018682931,3219300,TLT
2009-11-24,62.045806884765625,62.110707367120426,61.649907505335115,61.72779105511452,2895200,TLT
2009-11-25,62.33136749267578,62.454681860511066,61.636922016214356,61.97440745504144,2789300,TLT
2009-11-27,62.565025329589844,62.66886511881174,62.36382738216466,62.565025329589844,2249100,TLT
2009-11-30,62.71429443359375,62.77919987082135,62.30541691764398,62.43521788891988,3115800,TLT
2009-12-01,62.015655517578125,62.4583921546136,61.97659212728263,62.347709237196995,3979100,TLT
2009-12-02,62.067771911621094,62.47795260058607,61.84640100754935,62.041727983649636,2193900,TLT
2009-12-03,61.4232292175293,61.7487710428519,61.358121845939586,61.48182932912187,3947300,TLT
2009-12-04,60.77214050292969,60.97397979562541,60.492179325159626,60.739589303534245,6108100,TLT
2009-12-07,60.85023498535156,61.03253748570175,60.60933241424846,60.726527588383675,2774200,TLT
2009-12-08,60.94139862060547,61.44273556582546,60.7916522366152,61.234389099173036,2378600,TLT
2009-12-09,60.66140365600586,61.2343598915394,60.342374367727835,60.99996960743372,3494300,TLT
2009-12-10,59.964786529541016,60.4205479384783,59.86712301567069,60.34892835946491,4446300,TLT
2009-12-11,59.95823287963867,60.068920768151,59.450388919222824,59.795462124768505,3053400,TLT
2009-12-14,60.02989959716797,60.22522664350155,59.93224104137431,60.12756312033476,2380400,TLT
2009-12-15,59.76293182373047,59.899658709482814,59.567604862729425,59.61969271464583,2993900,TLT
2009-12-16,59.691322326660156,60.06243964119544,59.48297585126091,59.854093165796186,3301600,TLT
2009-12-17,60.674468994140625,60.7005129285254,60.02338553663894,60.225219818905245,4428900,TLT
2009-12-18,60.41404724121094,60.87631599654371,60.3228959355044,60.68098893153049,3789500,TLT
2009-12-21,59.33974075317383,60.02988756848195,59.33974075317383,59.93873628975719,3524000,TLT
2009-12-22,59.0076904296875,59.16395403193003,58.87096350325462,59.11837838978574,3078800,TLT
2009-12-23,59.020694732666016,59.50249492334663,58.92303125644638,59.222528940781395,2336000,TLT
2009-12-24,58.40870666503906,58.831911980436956,58.38266272606667,58.81238026805102,1698900,TLT
2009-12-28,58.24588394165039,58.35656685826133,58.14171324583098,58.24588394165039,3170900,TLT
2009-12-29,58.63015365600586,58.73469607918072,58.28384410493368,58.32305187558221,2617000,TLT
2009-12-30,59.0156364440918,59.12018380884684,58.715070248060144,58.75427301729692,1919100,TLT
2009-12-31,58.73462677001953,58.878376794212265,58.18576847956246,58.64968583985515,3242400,TLT
2010-01-04,58.68238830566406,58.87187663432002,58.53210772489369,58.701989687060895,2829100,TLT
2010-01-05,59.06136703491211,59.21818307668,58.806539097629745,58.839211391165264,2841600,TLT
2010-01-06,58.270721435546875,58.97640079899061,58.23151868816332,58.917591692825326,4099600,TLT
2010-01-07,58.3687629699707,58.571317247905775,58.2315482992638,58.29688790649197,2793200,TLT
2010-01-08,58.3426628112793,58.5190803602219,57.99635818865799,58.486413028615445,2910700,TLT
2010-01-11,58.02245330810547,58.38835906350528,58.00284694113016,58.14659705506352,2181300,TLT
2010-01-12,59.0156364440918,59.061374669898946,58.70199933491939,58.911094064429484,4321200,TLT
2010-01-13,58.32953643798828,58.98947772423316,58.29686913743789,58.76078668001688,4755000,TLT
2010-01-14,59.146305084228516,59.14630508422852,58.50597003747832,58.60398192812959,4188800,TLT
2010-01-15,59.51219940185547,59.67555084620503,59.446859821133735,59.47952711894936,4142800,TLT
2010-01-19,59.342350006103516,59.538373857239094,59.08098653295396,59.27701038408953,2496000,TLT
2010-01-20,59.9434814453125,59.96308283306089,59.63637974367165,59.669052046647984,2800500,TLT
2010-01-21,60.217891693115234,60.3681722623479,59.760504560239674,59.81931368500707,4363100,TLT
2010-01-22,60.11331558227539,60.31586972433496,59.96303009988048,60.172119693806565,3666900,TLT
2010-01-25,59.83891677856445,60.06107240382406,59.78010765211289,59.8127799429295,2419500,TLT
2010-01-26,59.85853576660156,60.18523883050176,59.66251193422419,60.126429686751294,3138100,TLT
2010-01-27,59.82583999633789,60.17214431060109,59.70169627062106,59.9499887071459,3325700,TLT
2010-01-28,59.79315948486328,59.91730318315542,59.49912391660382,59.544862118098834,3058200,TLT
2010-01-29,60.31587600708008,60.34854828472677,59.62326758975924,59.72781489015692,4930600,TLT
2010-02-01,59.768341064453125,60.148656442140116,59.7027706551592,60.135539358660395,3598500,TLT
2010-02-02,59.938865661621094,59.96508983959774,59.69624949234722,59.788049123379565,3047500,TLT
2010-02-03,59.24379348754883,59.65033820587265,59.19133513627407,59.545421503323126,5343700,TLT
2010-02-04,60.18145751953125,60.2076866917972,59.604430737789514,59.6634426233606,6095000,TLT
2010-02-05,60.31263732910156,60.60114838101542,59.807734233516996,59.912650981635416,6875800,TLT
2010-02-08,60.39130783081055,60.424095558728204,60.09623829037125,60.2404962888811,3386000,TLT
2010-02-09,59.788063049316406,60.47000689775666,59.76183386252572,60.1552616589743,4790000,TLT
2010-02-10,59.21759033203125,60.06346285787293,59.14546131801101,59.87986355044173,5068000,TLT
2010-02-11,58.89627456665039,59.197902628012656,58.607758593736705,59.14544426880936,5087500,TLT
2010-02-12,59.138885498046875,59.289697014043995,58.981510434348955,59.217568027191795,2833800,TLT
2010-02-16,59.250343322753906,59.30280166631767,58.837245123271046,58.837245123271046,2440900,TLT
2010-02-17,58.57498550415039,59.07332499042222,58.41105685670972,58.961854710811835,4368200,TLT
2010-02-18,58.33890914916992,58.686436969899866,58.03728113490047,58.660207794393344,5121800,TLT
2010-02-19,58.6536979675293,58.69304426482192,58.29305776085064,58.51599843377477,3502500,TLT
2010-02-22,58.411006927490234,58.56837689375732,58.306090281511494,58.43723608898492,3382600,TLT
2010-02-23,59.3224983215332,59.36839814161375,58.55531347045605,58.581537651040485,5474500,TLT
2010-02-24,59.466800689697266,59.59138314987833,59.13238460666615,59.37500098105483,4423200,TLT
2010-02-25,59.80121612548828,59.86023308689044,59.604504593802766,59.78810402445963,3707700,TLT
2010-02-26,60.109336853027344,60.3650650645808,59.93885471379422,59.97163743162962,4349100,TLT
2010-03-01,60.08301544189453,60.20799814474881,59.83305505476543,60.07644110280285,2415200,TLT
2010-03-02,60.00410079956055,60.043566919988194,59.66204436058445,59.780447740448345,2260600,TLT
2010-03-03,59.85280990600586,59.91201410944776,59.6620486127084,59.86596862614019,2156100,TLT
2010-03-04,60.16857147216797,60.306707962323856,59.747582639716846,59.833094271170665,2374700,TLT
2010-03-05,59.37916564941406,59.773846752064244,59.28050039233021,59.74753434398232,3823200,TLT
2010-03-08,59.07001876831055,59.18184276261922,59.00423522475979,59.13579729328154,2850400,TLT
2010-03-09,59.08319854736328,59.201601952010584,58.806925609380244,59.18844824864176,2573700,TLT
2010-03-10,58.93191146850586,59.004269393449526,58.66879721625547,58.866132905443266,3216200,TLT
2010-03-11,59.148948669433594,59.293664429838,58.78716428700214,58.80031798404819,2621000,TLT
2010-03-12,59.51731491088867,59.62913889607884,59.023968485965646,59.050275878945044,3099100,TLT
2010-03-15,59.43838119506836,59.5107390764938,59.23446626664012,59.43180183714433,1936800,TLT
2010-03-16,59.912017822265625,59.91859216415892,59.55680763534528,59.56996133771347,3932600,TLT
2010-03-17,60.16857147216797,60.16857147216796,59.90545219724033,60.06332175476381,3481200,TLT
2010-03-18,59.97124099731445,60.17516110494473,59.865996280529714,60.13568994488979,2750300,TLT
2010-03-19,60.03042221069336,60.240916582136784,59.77388235232738,60.03042221069337,2976300,TLT
2010-03-22,60.096187591552734,60.18169918607551,60.00409663788803,60.089608232410804,2452300,TLT
2010-03-23,59.813331604003906,60.06987138999436,59.80017790512913,59.90542255186816,2910000,TLT
2010-03-24,58.72138977050781,59.36603143358525,58.583253346687,59.09633292618724,8049300,TLT
2010-03-25,58.34644317626953,58.7016532531237,58.12937453367535,58.62929536606563,8268400,TLT
2010-03-26,58.5108757019043,58.622704689836176,58.208290539700975,58.24118230413599,4110700,TLT
2010-03-29,58.2872200012207,58.44508940861267,58.089879478047266,58.39904395568259,3245100,TLT
2010-03-30,58.47140121459961,58.510867311399245,58.063566479550964,58.228015240986686,3254600,TLT
2010-03-31,58.87269973754883,58.8858534399288,58.51091018982957,58.68851779273961,4263900,TLT
2010-04-01,58.728759765625,58.781580546715695,58.38543476306938,58.609915526804414,2912400,TLT
2010-04-05,57.751590728759766,58.19395336168482,57.711977668278735,58.08831685464672,5652000,TLT
2010-04-06,57.84407424926758,58.002531664572174,57.67240911094653,57.96952243157186,3584600,TLT
2010-04-07,58.5834846496582,58.70892765351146,57.639335007397136,57.73836763221162,6389900,TLT
2010-04-08,58.60991668701172,58.84760516935804,58.41845016698494,58.689147860216174,3797600,TLT
2010-04-09,58.74858474731445,58.80140050319472,58.372245411351564,58.504292356954366,2311300,TLT
2010-04-12,59.05888366699219,59.131510983612564,58.82119518301045,58.87401596551019,2939600,TLT
2010-04-13,59.25033187866211,59.38898260013982,59.105077302657335,59.34936954750764,3090900,TLT
2010-04-14,58.83442687988281,59.33621444363929,58.83442687988281,59.26358709741391,3570100,TLT
2010-04-15,58.90044403076172,59.09191564682702,58.550515056916666,58.6627554754578,3698000,TLT
2010-04-16,59.32958221435547,59.41541220191296,58.920228734758155,59.02587029230587,8303900,TLT
2010-04-19,59.184329986572266,59.44182499693235,59.10509881520497,59.3361884723762,3211500,TLT
2010-04-20,59.39562225341797,59.41542879167179,59.18434411659694,59.32299492164185,2285000,TLT
2010-04-21,59.884220123291016,59.97005519805831,59.59371574553837,59.600314568774586,4162200,TLT
2010-04-22,59.70591735839844,60.14167616026906,59.63989390808669,60.01623311585665,2841400,TLT
2010-04-23,59.49467849731445,59.65973975048927,59.33622110470213,59.56070199113044,4776000,TLT
2010-04-26,59.56070327758789,59.85121270137662,59.38243933670741,59.758778800583805,4753900,TLT
2010-04-27,60.399166107177734,60.68967024755584,59.8841711911916,59.98320886877607,13199200,TLT
2010-04-28,59.884220123291016,60.31338038531858,59.73897045304951,60.16812567780744,8379500,TLT
2010-04-29,60.13508605957031,60.22751991086088,59.76534561714095,59.98983142546597,4067200,TLT
2010-04-30,60.82835006713867,60.85476046294071,60.154902604624525,60.26714300883223,6924800,TLT
2010-05-03,60.74885940551758,60.96749579800868,60.47721305191271,60.56996911050313,4211800,TLT
2010-05-04,61.84202575683594,61.928159950395376,61.32524081477358,61.49087727337426,11054800,TLT
2010-05-05,62.20642852783203,62.84247192780266,61.848653167569125,62.31906010750083,12219100,TLT
2010-05-06,64.1278076171875,66.25457899639292,62.133543374045566,62.385314009318726,19578200,TLT
2010-05-07,63.32615661621094,64.98914366581023,63.120763890637605,63.52491741069494,18740600,TLT
2010-05-10,62.01432800292969,62.23959635649007,61.676428000002495,61.72281109014655,10240100,TLT
2010-05-11,61.85527801513672,62.292555626807356,61.61013424257275,62.266058242313875,7729100,TLT
2010-05-12,61.38488006591797,61.78903347865276,61.358377622726024,61.709526149076936,5530800,TLT
2010-05-13,61.78902816772461,61.98116707323321,61.086726120563306,61.78902816772461,6849700,TLT
2010-05-14,62.862342834472656,63.273123044655996,62.338931052969485,62.3588116727523,9796500,TLT
2010-05-17,62.630462646484375,63.41226700478865,62.59071151032749,62.75634798407989,6302200,TLT
2010-05-18,63.591129302978516,63.71700953047341,62.789444673807864,62.87557883742322,9904100,TLT
2010-05-19,63.80320358276367,64.2338545857824,63.55805965941751,63.564686537028635,14121200,TLT
2010-05-20,65.14810943603516,65.3071189631593,64.61807093919238,64.86984149986247,17666900,TLT
2010-05-21,65.21441650390625,66.08897720304677,64.83676540779616,65.99622114820049,18670600,TLT
2010-05-24,64.98917388916016,65.50596432673431,64.86329351056035,65.41983005972467,7721100,TLT
2010-05-25,65.30718231201172,66.18174314176296,65.19455066499546,66.02273346039728,12952700,TLT
2010-05-26,65.12165069580078,65.19453116438268,64.5319851262382,65.07527267532367,12644800,TLT
2010-05-27,63.6441535949707,64.26032144600437,63.52489513816342,64.15431673707775,7653200,TLT
2010-05-28,63.935672760009766,64.12118478411678,63.61764853666663,63.929045886342074,5805500,TLT
2010-06-01,64.3851089477539,64.6776190724163,63.98623473264387,64.63773317249355,5536200,TLT
2010-06-02,63.77345657348633,64.61109538576369,63.70032909381369,64.47813402637833,5656400,TLT
2010-06-03,63.30813217163086,63.7601908472508,63.22170598225856,63.29483349389998,8499500,TLT
2010-06-04,65.0100326538086,65.11639677298123,64.28540648709857,64.44496027380082,7479600,TLT
2010-06-07,65.50862884521484,65.54186541449764,64.70423083231327,64.83053791072767,5288200,TLT
2010-06-08,65.18280792236328,65.48861140053162,64.99001778074391,65.10303111729287,5510800,TLT
2010-06-09,65.10973358154297,65.22939635081441,64.62443316395299,64.88370165204768,5598000,TLT
2010-06-10,63.94630813598633,64.67757791028653,63.879824915811916,64.61774402652107,6075100,TLT
2010-06-11,64.75735473632812,65.02326732921595,64.22551940663728,64.5446165468857,6266700,TLT
2010-06-14,64.42498016357422,64.51140127755924,63.96627216728306,64.03275033742224,5310400,TLT
2010-06-15,64.1590805053711,64.65102518949176,63.85327677891984,64.55795471065706,4920100,TLT
2010-06-16,64.5246810913086,64.6310501983634,64.07927186742252,64.61110725878017,4011100,TLT
2010-06-17,65.04991149902344,65.30253576454847,64.53137442846817,64.58455901825887,5650900,TLT
2010-06-18,64.94351959228516,65.22273096122727,64.86374274174763,65.07647593788822,4171700,TLT
2010-06-21,64.75735473632812,64.8504251582304,64.09256311019335,64.12579964832553,5740900,TLT
2010-06-22,65.52854919433594,65.54849214341792,64.76403735710932,64.93688470242087,5658900,TLT
2010-06-23,65.97393035888672,66.19331284869888,65.52852111372272,65.55511339175678,9137800,TLT
2010-06-24,65.58172607421875,66.20662705058993,65.38228646289093,66.04707840470367,6184600,TLT
2010-06-25,65.84762573242188,66.03376661335695,65.25596147289599,65.36232551687662,5148300,TLT
2010-06-28,66.46588134765625,66.47917495098469,66.09359451899893,66.21325723678905,5436000,TLT
2010-06-29,67.19054412841797,67.2304300354177,66.58558589375455,66.69195000307442,7334200,TLT
2010-06-30,67.64249420166016,67.66908645420678,67.01094468752682,67.41646766294416,7205700,TLT
2010-07-01,67.74927520751953,68.45611166697783,67.60257320484969,67.72927131396641,12893400,TLT
2010-07-02,67.20915222167969,67.64258858540919,66.78905517911993,67.422535573252,6297600,TLT
2010-07-06,67.7625732421875,67.84925842392269,67.17576558903508,67.23578232058799,6620400,TLT
2010-07-07,66.96907043457031,67.68924088636348,66.90905368652496,67.65589768328734,5727800,TLT
2010-07-08,66.54226684570312,66.78899318372116,66.38223075243893,66.56227072142919,6260600,TLT
2010-07-09,66.16215515136719,66.44221948995995,66.13548163043636,66.28218345182894,4286000,TLT
2010-07-12,66.13553619384766,66.57563693366517,66.04218133729673,66.23556070799741,4062100,TLT
2010-07-13,65.56871032714844,65.94212959918741,65.46868585429341,65.91545606726234,5842500,TLT
2010-07-14,66.2288818359375,66.34224056205508,65.60873603944005,65.82878892246178,5417300,TLT
2010-07-15,66.88905334472656,67.07576308194798,66.4822906654404,66.50896421182328,6996100,TLT
2010-07-16,67.21576690673828,67.43581465145884,66.86234640924695,66.88901994230987,7512400,TLT
2010-07-19,66.8023910522461,67.1824803155453,66.66902836203816,67.0557821986254,4305800,TLT
2010-07-20,66.90239715576172,67.28248631419717,66.80237262197153,67.12911468405765,5076600,TLT
2010-07-21,68.03598022460938,68.20268604897133,66.95572973871701,66.98239819365187,7894200,TLT
2010-07-22,67.24913787841797,67.6959083288236,67.22913399070707,67.68924375789246,5759700,TLT
2010-07-23,66.53564453125,67.32916608267693,66.47563286137365,67.21580731460432,6259100,TLT
2010-07-26,66.42229461669922,66.55565729250672,66.01553184178837,66.43562884929598,4856400,TLT
2010-07-27,65.78215026855469,66.13556596853023,65.72880315866317,65.86883550653309,5328000,TLT
2010-07-28,65.99549102783203,66.14219294162353,65.52871174872658,65.67541366251808,5507200,TLT
2010-07-29,65.97553253173828,66.0288745564376,65.29536957035053,65.41539802898009,6305500,TLT
2010-07-30,67.00240325927734,67.08908845140625,66.58230135040729,66.81568847341414,7683200,TLT
2010-08-02,66.06180572509766,66.44981553049851,66.06180572509766,66.38960464846024,5769200,TLT
2010-08-03,66.4431381225586,66.6705941297068,66.1822361552434,66.36285863110939,4363500,TLT
2010-08-04,65.93473052978516,66.57026520287909,65.93473052978516,66.56357396735338,3820400,TLT
2010-08-05,66.24243927001953,66.55686088559976,66.12202258966786,66.45651280132077,3704200,TLT
2010-08-06,66.96495056152344,67.0385388287184,66.55687202668457,66.75756822883748,6042400,TLT
2010-08-09,66.7174301147461,66.88467524627377,66.63715061420291,66.72411624518742,2578500,TLT
2010-08-10,66.85790252685547,67.57371134767538,66.54348092355708,66.93817690801055,11251000,TLT
2010-08-11,67.75433349609375,67.8279217477561,67.10542169720684,67.10542169720684,6778300,TLT
2010-08-12,67.58708953857422,68.19586415734636,67.48005532775,67.95503080309754,7590100,TLT
2010-08-13,68.43000793457031,68.53704214798496,67.88813542635393,67.98179227706008,7843600,TLT
2010-08-16,70.14259338378906,70.16935321205465,69.62078949239869,69.71444633937053,7976200,TLT
2010-08-17,69.74122619628906,70.14930476268141,69.57398104953536,70.14261352771454,6756800,TLT
2010-08-18,69.92849731445312,70.6777569525586,69.90173749481573,70.24291881530019,7721600,TLT
2010-08-19,71.01896667480469,71.32000583426718,70.00211353758128,70.10246162537403,13128500,TLT
2010-08-20,70.93870544433594,71.46720074576463,70.8049062581987,71.18623011075202,7040300,TLT
2010-08-23,70.95208740234375,71.03905815494015,70.41021469919497,70.6778079848685,6360100,TLT
2010-08-24,72.0893325805664,72.33685207321078,71.36014125768189,71.60766585424189,9812100,TLT
2010-08-25,71.85521697998047,73.14634478707276,71.62776089572053,72.78509971287215,13299800,TLT
2010-08-26,72.53086853027344,72.57769696366395,71.77492236156465,71.95554486066624,7039900,TLT
2010-08-27,70.47712707519531,72.47069212800078,70.3767789332498,72.09605940499877,13514000,TLT
2010-08-30,71.82849884033203,71.8485674556698,70.79157614723616,71.05247835446819,5535300,TLT
2010-08-31,72.6245346069336,72.68474551688074,71.99569629364571,72.39708364559729,8397000,TLT
2010-09-01,71.12287902832031,71.82740016067444,70.51229336440018,71.80726674392507,12480700,TLT
2010-09-02,70.37139892578125,70.65321048527908,70.04933588506906,70.58610932595595,8167600,TLT
2010-09-03,69.49916076660156,69.74071067828922,68.90870315176453,68.92212543524786,9210700,TLT
2010-09-07,70.92161560058594,70.97529449626445,70.32445196369093,70.51232297946449,6018400,TLT
2010-09-08,70.35800170898438,70.59284047588328,70.0225162936713,70.51232213333172,6698400,TLT
2010-09-09,68.9691162109375,69.67363275594111,68.86846952762184,69.57969721660729,8588900,TLT
2010-09-10,68.65372467041016,68.90869170412282,68.33836760925742,68.6067569242236,6910300,TLT
2010-09-13,68.98918914794922,69.14351462104055,68.28466804934344,68.30480146512836,7054800,TLT
2010-09-14,69.65349578857422,69.66020693172219,69.0898826226009,69.13013924328403,5978100,TLT
2010-09-15,68.6201171875,69.28438134304001,68.53289290807885,68.94218512222511,7919100,TLT
2010-09-16,67.9424819946289,68.31822387927359,67.66738160115744,68.12364179783995,17116200,TLT
2010-09-17,68.21757507324219,68.54635433082292,67.98273640289814,68.32493281917036,9203600,TLT
2010-09-20,68.61346435546875,68.740945305883,68.23101126602575,68.5396571698657,5277800,TLT
2010-09-21,69.56620025634766,69.79432769904157,68.61342366786644,68.88851882635599,12664000,TLT
2010-09-22,70.19024658203125,70.49889249521605,69.6803074076345,70.14998997742897,8229400,TLT
2010-09-23,70.39156341552734,70.76059435919433,69.94200899749005,70.72704888382569,7412200,TLT
2010-09-24,69.4454574584961,69.85474993613693,69.4454574584961,69.75410332179747,8942500,TLT
2010-09-27,70.6531982421875,70.75383972553314,70.10300261713637,70.13654807188529,7061600,TLT
2010-09-28,71.13630676269531,71.33760000732195,70.68004651142813,70.70688595198502,8262900,TLT
2010-09-29,70.84107971191406,71.30404596149555,70.68675421598716,71.23694992291414,5507100,TLT
2010-09-30,70.79409790039062,70.8477716491266,69.80105932184541,70.72029073689274,10618400,TLT
2010-10-01,70.45198059082031,70.80892030494252,70.02769463334866,70.1960628108168,9368400,TLT
2010-10-04,70.63387298583984,70.66754870379616,70.31734487273896,70.45877363940782,4422700,TLT
2010-10-05,70.20952606201172,70.58666911414362,69.99401501248082,70.53279520540244,8491800,TLT
2010-10-06,71.09182739257812,71.45550352715927,70.62039822082069,70.64733776466291,6476100,TLT
2010-10-07,70.49910736083984,70.97053609471945,70.4923711965879,70.82910747455557,5780700,TLT
2010-10-08,70.18936920166016,71.02447442954323,70.18936920166016,70.62712775613323,6128700,TLT
2010-10-11,70.20281982421875,70.33078133068038,70.00078101938509,70.11527018927659,1474200,TLT
2010-10-12,69.50908660888672,70.55297089649817,69.48888325875782,70.3172565813498,6122400,TLT
2010-10-13,69.40138244628906,69.44852534243415,68.72117339774694,68.92994834664796,8168400,TLT
2010-10-14,68.36424255371094,69.80547429698663,68.33730301835548,69.56302361697848,10945000,TLT
2010-10-15,67.52912139892578,68.0544345457085,67.2732035619215,67.75136867585039,12694700,TLT
2010-10-18,68.07466125488281,68.32384301004936,67.87261727235521,68.15547473734033,5592200,TLT
2010-10-19,68.48545837402344,68.7548434137507,67.71769970678213,67.73790307094264,8017500,TLT
2010-10-20,68.63360595703125,68.88278756989105,68.16217197976509,68.26993007909073,5515800,TLT
2010-10-21,67.8187255859375,68.63363239598516,67.81199455577847,68.48546752143103,6836100,TLT
2010-10-22,68.27665710449219,68.33727231635702,67.62339293383155,67.6435962917236,4770700,TLT
2010-10-25,68.47199249267578,68.88954756471246,68.39117902841696,68.77505839821863,5632300,TLT
2010-10-26,67.4146728515625,68.06120656988473,67.38100227120212,67.92651397205674,8432000,TLT
2010-10-27,66.82199096679688,67.46178825275658,66.82199096679688,67.1317879259704,9245200,TLT
2010-10-28,67.00383758544922,67.23282111235187,66.78159536646301,67.0644528365851,8052600,TLT
2010-10-29,67.6301498413086,67.65708937486995,67.09137458465338,67.22606711426953,6753800,TLT
2010-11-01,67.33892822265625,68.10913328419629,67.21731662585715,68.10238080711382,5921000,TLT
2010-11-02,68.22399139404297,68.29830472278879,67.84564134595585,67.8726667175737,6537400,TLT
2010-11-03,66.83220672607422,69.09552854874669,66.50115497584217,68.73069895313868,25541800,TLT
2010-11-04,67.3524169921875,67.47402854114945,66.94028925151426,67.00109244871491,13246500,TLT
2010-11-05,66.1971206665039,66.75112777902697,66.1971206665039,66.4470962796834,12435000,TLT
2010-11-08,66.49439239501953,66.83220175100466,66.0890221987497,66.60924633895966,6795200,TLT
2010-11-09,65.02830505371094,66.56195735684052,64.9877695779425,66.5416896189563,15061700,TLT
2010-11-10,65.11613464355469,65.35935781105258,64.18378260452084,65.09586690535689,18540400,TLT
2010-11-11,65.0824203491211,65.28510308357491,64.95405100910334,65.16349138107576,3368100,TLT
2010-11-12,64.7310562133789,65.3593821038579,64.7310562133789,65.00130485044072,11739500,TLT
2010-11-15,63.379791259765625,64.67022550515902,63.379791259765625,64.4067346134562,14978700,TLT
2010-11-16,64.95401000976562,65.02832851185858,63.50142813417237,64.12300152936466,19901300,TLT
2010-11-17,64.59590911865234,65.37287171229072,64.41348916954458,64.72427833064951,9915600,TLT
2010-11-18,64.85942077636719,64.85942077636719,64.04868007848806,64.64322291329518,12424800,TLT
2010-11-19,65.25801086425781,65.25801086425781,64.71751897127427,64.9202014981824,8359500,TLT
2010-11-22,65.53507232666016,65.95395814975275,65.02160021360572,65.78505332416857,10413500,TLT
2010-11-23,65.8593521118164,66.17688875886545,65.6971998165894,65.98771623566527,9566900,TLT
2010-11-24,64.6837387084961,65.52826215940185,64.57564238715244,65.40665057628894,11467600,TLT
2010-11-26,65.58236694335938,65.61614997106082,65.23104716626955,65.34590121314831,4848900,TLT
2010-11-29,66.1430892944336,66.17686714565062,65.59583449726283,65.91337619516813,8950000,TLT
2010-11-30,66.4876708984375,67.06869851925907,66.28498312858143,67.0281630271135,11947600,TLT
2010-12-01,65.00972747802734,65.83684133125084,65.00972747802734,65.5249796635894,15441200,TLT
2010-12-02,64.84024047851562,65.45040689153774,64.76566429623314,65.05718796176393,9318700,TLT
2010-12-03,64.33170318603516,65.30796844310733,64.30458413195753,65.2740683324026,10194800,TLT
2010-12-06,65.2402572631836,65.2538142214351,64.61652856243023,64.75889990003907,7001800,TLT
2010-12-07,63.84360122680664,64.35207209705345,63.15886417902613,64.2164819339609,18533100,TLT
2010-12-08,63.22667694091797,63.59277669056169,62.44702035403418,63.53853854118456,19275900,TLT
2010-12-09,63.538516998291016,63.91139251085655,62.867336937726776,63.45715980180968,17477100,TLT
2010-12-10,63.15211868286133,63.633470757073404,63.145337619158035,63.24703288496308,7078500,TLT
2010-12-13,63.38941192626953,63.74873075986599,62.752126343702685,63.08433126404826,12399900,TLT
2010-12-14,62.467350006103516,63.06395405209666,61.99277919365828,62.643621381769144,23516400,TLT
2010-12-15,61.653812408447266,62.535159139814105,61.3351697174968,62.42668800365538,26084000,TLT
2010-12-16,62.08090591430664,62.08768697448285,61.40294472482096,61.714806251292366,17939000,TLT
2010-12-17,63.21311569213867,63.57243438497407,62.27753087839169,62.29108782970628,16849700,TLT
2010-12-20,63.14535140991211,63.88433234187966,62.80637056482028,63.55890845471913,13703500,TLT
2010-12-21,63.58598327636719,63.58598327636719,62.70463162372408,63.13852638958215,8985100,TLT
2010-12-22,63.131778717041016,63.42330237805824,63.00296437283185,63.36906421497691,6440900,TLT
2010-12-23,63.00296401977539,63.20635454397264,62.73177837832436,63.1724543991278,7091800,TLT
2010-12-27,63.5656623840332,63.647014441766636,62.57583935960812,62.88770098326794,5285900,TLT
2010-12-28,62.32071304321289,63.31392539318086,62.116626109732685,63.21868620826245,13972100,TLT
2010-12-29,63.375160217285156,63.620057297023344,62.22548040533291,62.42276307774848,13115400,TLT
2010-12-30,63.32756042480469,63.45681589330143,62.8649728326035,63.1847015760104,7029900,TLT
2010-12-31,64.02825927734375,64.42281960500588,63.56566647477343,63.61328609311968,8516000,TLT
2011-01-03,63.545196533203125,64.15744668617022,63.23226198772317,63.40233262802382,13799400,TLT
2011-01-04,63.62008285522461,63.79015365595945,63.205114876368626,63.545256477838315,10466900,TLT
2011-01-05,62.218692779541016,63.05544329068166,62.03501862302872,62.91938355423898,17568000,TLT
2011-01-06,62.490787506103516,62.66766251305273,62.01459155294788,62.27309718606856,9317500,TLT
2011-01-07,62.82415771484375,63.01463619628563,61.92618402365391,62.252722270518106,12694600,TLT
2011-01-10,63.16427230834961,63.25951150830739,62.708483967102055,62.98059819133021,8295200,TLT
2011-01-11,62.81053924560547,62.99421339711837,62.37515848113595,62.91938184164879,9495400,TLT
2011-01-12,62.32071304321289,62.70166978288655,62.2118652946511,62.409147946309616,9522900,TLT
2011-01-13,62.878543853759766,63.10983753082985,62.21186437899696,62.32751640767824,14502400,TLT
2011-01-14,62.47722244262695,63.198326346819506,62.42280371733809,63.116690473660846,8960700,TLT
2011-01-18,62.184654235839844,62.38873596502293,61.72206171682051,62.10301843007904,10663600,TLT
2011-01-19,62.6336784362793,62.63367843627929,62.15067795301316,62.184694191473156,8886900,TLT
2011-01-20,61.76967239379883,62.320699730280225,61.49075399030144,62.24586821666606,14203400,TLT
2011-01-21,62.25950622558594,62.25950622558594,61.57242404035158,61.69487520437867,9085600,TLT
2011-01-24,62.28671646118164,62.51801540472317,62.164265300518004,62.49760774297056,7700200,TLT
2011-01-25,62.878543853759766,63.1982776227712,62.123429477201846,62.54520671145148,13438100,TLT
2011-01-26,61.92618942260742,62.762940184920254,61.830950173583176,62.735728229463355,13322900,TLT
2011-01-27,62.205074310302734,62.347933106299465,61.68125353483441,61.95336775155784,10868700,TLT
2011-01-28,62.53163528442383,62.77653767038014,61.74930850651615,61.77652045941678,11993200,TLT
2011-01-31,62.05543518066406,62.57245187295624,61.93978828072275,62.35476145359359,8647600,TLT
2011-02-01,61.74821090698242,62.01445485809484,61.53658243517993,61.81648286032922,11508400,TLT
2011-02-02,61.76185607910156,62.123674448587145,61.37272997495811,62.05540771615138,13624600,TLT
2011-02-03,61.24984359741211,61.83011859618175,61.24301536210871,61.413684785771395,12785800,TLT
2011-02-04,60.628631591796875,61.20208382091757,60.60132384675114,61.09968107910104,17172200,TLT
2011-02-07,60.94266891479492,60.96315363193358,60.46479634996601,60.55354262388557,8554800,TLT
2011-02-08,60.38286209106445,61.12698375874305,60.32142357611764,60.969965539846676,10454200,TLT
2011-02-09,60.90852355957031,61.20890350467216,60.17123017163984,60.54670510301714,13078600,TLT
2011-02-10,60.20537567138672,60.8539177007805,60.19854743289482,60.69007643591406,10486800,TLT
2011-02-11,61.07236099243164,61.12014823449977,60.580832097777254,60.77880930303631,11333400,TLT
2011-02-14,61.11330795288086,61.3932083215572,60.96994625493117,60.96994625493117,8033500,TLT
2011-02-15,61.38640213012695,61.42053811217148,61.010932369735194,61.14063764298126,7298000,TLT
2011-02-16,61.188438415527344,61.6594879880625,60.99046113443896,61.352284915447854,8446300,TLT
2011-02-17,61.28400421142578,61.56390470262572,61.208914420178495,61.45467371822965,6732500,TLT
2011-02-18,61.092838287353516,61.13380249937362,60.81294308204538,61.045051047012194,6080700,TLT
2011-02-22,62.00764465332031,62.08273965079719,61.2430434101102,61.37958213662264,11905700,TLT
2011-02-23,62.232948303222656,62.49919238921722,61.946219495795,62.19198406877789,14522600,TLT
2011-02-24,62.62882995605469,62.83363528145635,62.4240298390688,62.55373501730179,12110900,TLT
2011-02-25,62.997520446777344,62.99752044677734,62.560606975075515,62.62887372845029,6841700,TLT
2011-02-28,63.07937240600586,63.1612903341333,62.86091591697678,63.01110572976181,9682500,TLT
2011-03-01,63.26228713989258,63.282832677765214,62.64589487764812,62.680135699031474,8048700,TLT
2011-03-02,62.2897834777832,63.00205872812499,62.282938445483396,62.89932576625748,8526400,TLT
2011-03-03,61.68027114868164,62.17338542498903,61.62548473759485,62.00216548044997,10607600,TLT
2011-03-04,62.19392776489258,62.22132358162775,61.63917684535407,61.70766377458314,9316200,TLT
2011-03-07,61.79670715332031,62.22817954973439,61.536449483073966,61.652877795964045,7522300,TLT
2011-03-08,61.41995620727539,61.87197368372919,61.39941067087468,61.71445442118193,8498700,TLT
2011-03-09,62.015777587890625,62.20069256526851,61.53635929154434,61.70072874090364,8904800,TLT
2011-03-10,63.05683898925781,63.07738453289056,62.07746134945178,62.23498589266046,13385800,TLT
2011-03-11,62.70073318481445,63.06371855828499,62.55005882785303,63.036322745635914,8407600,TLT
2011-03-14,62.67329406738281,62.95409180888591,62.54316535351777,62.65274852839641,6765200,TLT
2011-03-15,63.611576080322266,63.72800951157748,63.25544120736701,63.55678971732307,14893800,TLT
2011-03-16,64.33070373535156,65.0224331933183,63.74855745794788,63.94717305380818,24294200,TLT
2011-03-17,63.83761978149414,64.11157263603643,63.52942608589413,63.858165331171996,10528500,TLT
2011-03-18,64.00879669189453,64.02249719929304,63.481442111728825,63.52253318349918,7260900,TLT
2011-03-21,63.632118225097656,63.8170332787496,63.39925661934449,63.782787234452364,10542900,TLT
2011-03-22,63.84443664550781,63.892377978085456,63.515692346965885,63.56363367954353,6904700,TLT
2011-03-23,63.76224136352539,64.2964462103988,63.64581317386585,64.27590067401331,8358000,TLT
2011-03-24,63.282814025878906,63.61155298537517,63.27596377353603,63.52937085810688,9477600,TLT
2011-03-25,63.125362396240234,63.666418000848324,63.02262939342799,63.597931074046016,6447200,TLT
2011-03-28,63.214359283447266,63.46776127150458,63.00889341050125,63.091080804722495,3996800,TLT
2011-03-29,62.728057861328125,63.35130018749035,62.714362582002266,62.995165447691576,6487200,TLT
2011-03-30,63.228031158447266,63.228031158447266,62.7075216382034,62.81710478992307,5048300,TLT
2011-03-31,63.097938537597656,63.502020109013486,62.74180354137368,63.46777404822367,9654300,TLT
2011-04-01,63.404693603515625,63.45971050027234,62.87511465052868,62.93013679448585,7860400,TLT
2011-04-04,63.473453521728516,63.67290481060468,63.36340926005924,63.41155231273975,4469100,TLT
2011-04-05,63.218963623046875,63.535332922080826,63.04702344440682,63.38402997252376,9951600,TLT
2011-04-06,62.26985549926758,63.129556389338326,62.269855499267585,63.115798236666414,9090900,TLT
2011-04-07,62.14606475830078,62.421170120881335,61.987877469477496,62.26298283205805,9265100,TLT
2011-04-08,61.81592559814453,62.118541964545635,61.795293618107614,61.85031572967097,7605700,TLT
2011-04-11,61.8709716796875,62.0497909879477,61.657767473776865,61.7815646491571,5734000,TLT
2011-04-12,62.53807067871094,62.75127478257654,62.283597371338175,62.31798749972799,7686500,TLT
2011-04-13,62.93014144897461,62.93014144897461,62.201116352823,62.26989141425602,7959300,TLT
2011-04-14,62.881961822509766,63.115797944873,62.73753270330934,62.957615920262064,7609600,TLT
2011-04-15,63.7348518371582,63.76236292461758,63.322196019674394,63.452872373305574,10222900,TLT
2011-04-18,63.87920379638672,64.03051197067967,62.8957059106796,63.26709727107219,12036700,TLT
2011-04-19,64.15434265136719,64.15434265136719,63.79670925456822,63.86548430235266,5295100,TLT
2011-04-20,63.74164962768555,64.1405520162998,63.69350659783188,64.00987582932696,6754100,TLT
2011-04-21,63.68663024902344,64.11992278345012,63.659119195472776,63.886081451868,3365600,TLT
2011-04-25,63.92738342285156,63.94114158140662,63.61789306896366,63.707300110771264,3626900,TLT
2011-04-26,64.54639434814453,64.56015251202204,64.0855955550875,64.14749155093004,7506300,TLT
2011-04-27,63.88610076904297,64.35377832642145,63.78981467610021,64.26437131074562,8869300,TLT
2011-04-28,64.3744125366211,64.3744125366211,63.94112510339876,64.11306531062648,8110200,TLT
2011-04-29,64.5738525390625,64.59448452077793,64.20246112659152,64.284994300651,5900000,TLT
2011-05-02,64.67750549316406,64.70513427841198,64.35287385356604,64.45648048083272,5285100,TLT
2011-05-03,65.04357147216797,65.04357147216797,64.63605878534537,64.89852431568951,6486600,TLT
2011-05-04,65.33363342285156,65.4234282392771,65.112608541083,65.14023731001019,7406300,TLT
2011-05-05,65.95529174804688,66.0519898399453,65.48561304326134,65.5615908682745,9600000,TLT
2011-05-06,65.66521453857422,65.95530888966428,65.16790692547573,65.27842207045414,9451500,TLT
2011-05-09,65.59613800048828,65.75499691687509,65.5063431376464,65.54778894728557,3731200,TLT
2011-05-10,65.12644958496094,65.54087073244727,65.12644958496094,65.4096353490438,5458300,TLT
2011-05-11,65.49940490722656,65.67898399768403,65.05044664178534,65.14714469653899,6078700,TLT
2011-05-12,65.08503723144531,65.69285482628639,64.86401217244374,65.58233966195907,8015800,TLT
2011-05-13,65.67210388183594,65.95528963628546,65.29221476893345,65.37510110347144,8380000,TLT
2011-05-16,66.03814697265625,66.16247378504447,65.4510501856862,65.63753776944438,6053600,TLT
2011-05-17,66.71505737304688,66.72196588446388,66.29373303031326,66.32826504809788,9826900,TLT
2011-05-18,65.83100128173828,66.57696292003055,65.81028100339466,66.4940765370024,7707600,TLT
2011-05-19,65.80326843261719,65.83780568834521,65.24380072341171,65.24380072341171,8052400,TLT
2011-05-20,65.83786010742188,65.90002616518734,65.42343904436771,65.63064694106993,5602300,TLT
2011-05-23,66.15554809570312,66.43873892190675,66.02431280847247,66.12101609934822,6300000,TLT
2011-05-24,66.40423583984375,66.40423583984375,65.93455723652852,66.05888408063106,5549100,TLT
2011-05-25,66.0933837890625,66.50089610382311,65.98977726627105,66.41110659454874,5664500,TLT
2011-05-26,66.6597900390625,66.68741880884181,66.23155201195667,66.28680955151529,8307900,TLT
2011-05-27,66.63215637207031,66.65978513981902,66.22463863483772,66.39731448103065,5390600,TLT
2011-05-31,66.78408813476562,66.83243714366527,66.36966203602944,66.43182805869856,7003900,TLT
2011-06-01,67.68669891357422,67.74215835524754,67.16677854791962,67.18757451632125,12746400,TLT
2011-06-02,66.39730072021484,67.18065084524774,66.39730072021484,66.88949140014412,15738700,TLT
2011-06-03,66.77854919433594,66.9657181320355,66.25169526433108,66.95185592101765,10644100,TLT
2011-06-06,66.27254486083984,66.5429031501569,66.0021865715228,66.18242719403611,8776900,TLT
2011-06-07,66.57757568359375,66.5914379077137,65.93980759594453,66.0160630508707,7399200,TLT
2011-06-08,67.09748840332031,67.13214660396613,66.66768546184579,66.73007868525778,7401800,TLT
2011-06-09,66.82707214355469,67.47177335210006,66.5012546644434,67.31232884293235,9963000,TLT
2011-06-10,67.34007263183594,67.51337938769076,67.10437798254657,67.18063337823489,7710800,TLT
2011-06-13,67.00038146972656,67.44404626610378,66.9934477197796,67.06276935254449,5540000,TLT
2011-06-14,65.98827362060547,66.48046410967916,65.94667640806139,66.36954526143066,8672400,TLT
2011-06-15,67.18756103515625,67.2014285372438,66.11306233507668,66.11999079721805,12979100,TLT
2011-06-16,67.49259185791016,67.61043919728249,67.10438636872927,67.31235132840341,10961200,TLT
2011-06-17,67.1737060546875,67.34701282712534,66.99346553045932,67.14597633642909,9622900,TLT
2011-06-20,67.25689697265625,67.49259695811514,66.9588090812516,67.47180098946656,6613800,TLT
2011-06-21,66.95880889892578,67.26383054201725,66.73697641910567,67.03506430969865,7894900,TLT
2011-06-22,67.00038146972656,67.28460175073312,66.83400849331049,67.2152801179682,5503700,TLT
2011-06-23,67.5134048461914,67.75603333809997,67.34703177872616,67.40941969568645,8586800,TLT
2011-06-24,67.22916412353516,67.72135471257744,67.22916412353516,67.49258850827665,7960900,TLT
2011-06-27,66.3071517944336,67.15288942998052,66.23783016456446,67.13902193066589,9331300,TLT
2011-06-28,65.7734146118164,66.32799865415616,65.6625009766917,66.18935528802392,12634300,TLT
2011-06-29,65.33666229248047,65.99522600373975,65.17721771255361,65.82191920720797,11084900,TLT
2011-06-30,65.23268127441406,65.37825835802147,64.56718376839278,65.32280419919772,11555600,TLT
2011-07-01,65.12835693359375,65.54571689106906,64.9405491982917,65.4761533601883,6637200,TLT
2011-07-05,65.27440643310547,65.50395326265107,65.1700717896305,65.41352813598931,4615600,TLT
2011-07-06,65.60828399658203,65.69870911054107,65.27439726351476,65.51785888262299,5652700,TLT
2011-07-07,65.41351318359375,65.4830713656607,65.07267437660126,65.26743940916839,6823700,TLT
2011-07-08,66.3386459350586,66.50558661715213,65.96302542013667,65.96997752280198,12129300,TLT
2011-07-11,67.3333511352539,67.3333511352539,66.60297694157445,66.80469938846639,9760800,TLT
2011-07-12,67.56292724609375,67.6881341632847,67.16643955948106,67.68118205623938,9083900,TLT
2011-07-13,67.75074005126953,67.77160698624034,66.85342469886092,67.27077931913304,13112200,TLT
2011-07-14,66.78379821777344,68.09846684668251,66.78379821777344,67.20810981831515,11471500,TLT
2011-07-15,66.89514923095703,66.91601616301504,66.24824780240259,66.28302956046673,7086200,TLT
2011-07-18,66.24827575683594,66.89517745836007,66.22045140003397,66.81866180389298,8206500,TLT
2011-07-19,67.6255111694336,67.66028761410544,66.19954426413284,66.30388421204879,15249400,TLT
2011-07-20,66.8255844116211,67.36118840695109,66.68646800702777,67.27772068697536,9673300,TLT
2011-07-21,66.31083679199219,66.67949998174218,66.01173179346769,66.24823070502435,11099200,TLT
2011-07-22,66.81170654296875,66.83952559150491,66.44999522856068,66.56129265051798,4974500,TLT
2011-07-25,66.08128356933594,66.81165777367148,65.9630341250376,66.06041664468908,10869400,TLT
2011-07-26,66.53341674804688,66.68644793120018,66.24822130545226,66.2899604598253,7682800,TLT
2011-07-27,66.54039764404297,66.6655992305054,66.1508621384508,66.31780289401834,11224200,TLT
2011-07-28,66.79078674316406,66.99250919662666,66.57515477533653,66.85339282517974,7081600,TLT
2011-07-29,68.11246490478516,68.53677705696455,67.31948931378345,67.3960049679111,19582400,TLT
2011-08-01,68.79987335205078,69.05112102844356,67.9414429036049,67.96935990371779,14348200,TLT
2011-08-02,70.86567687988281,70.8866132968739,69.0162170594091,69.24652829555679,20850600,TLT
2011-08-03,71.00524139404297,72.17772841700125,70.74003796103185,70.88659817332392,21179700,TLT
2011-08-04,73.5317153930664,73.66431984793103,71.37517314772083,71.4519435874188,34076600,TLT
2011-08-05,71.41006469726562,73.62941602845424,71.382147692044,72.19172486959833,41677700,TLT
2011-08-08,73.66425323486328,73.8317498042748,71.84968665519538,72.01020797248721,38259500,TLT
2011-08-09,73.88768005371094,76.33036328294452,71.88467788887374,73.2874774628434,39881400,TLT
2011-08-10,76.08602142333984,76.12091899611939,74.63437504413403,75.1159285358352,46221000,TLT
2011-08-11,72.2475357055664,75.2415658869056,72.0242050435949,74.9135478123737,37790100,TLT
2011-08-12,73.67822265625,73.74103720925513,72.63135958621257,72.88958772701866,15590800,TLT
2011-08-15,72.93146514892578,73.615418074017,72.910528738143,73.23854670606322,10051700,TLT
2011-08-16,74.13887786865234,74.42501779932658,73.02221917196502,73.04316091534211,15993200,TLT
2011-08-17,75.43698120117188,75.44396178206144,73.81783253529457,74.20168461487408,15906600,TLT
2011-08-18,76.98633575439453,78.26351043044235,76.26749037678091,76.83279493109399,27274600,TLT
2011-08-19,77.60747528076172,77.75404085002903,76.93050805301064,77.22362854229951,15708400,TLT
2011-08-22,77.41207885742188,77.64937072869675,77.04218787315793,77.09104129891686,13157700,TLT
2011-08-23,76.34426879882812,77.58654602733579,76.31635179851496,76.60249705825744,16017800,TLT
2011-08-24,74.17373657226562,76.35819423423602,74.08301035716502,76.27444327248254,14621600,TLT
2011-08-25,74.97636413574219,75.3043822179127,74.22960171820165,74.45991296627327,10565900,TLT
2011-08-26,75.71612548828125,76.26049350945226,74.90655403553558,75.85571044539027,11504800,TLT
2011-08-29,74.66923522949219,74.95538029447275,74.39705131747738,74.46684110844686,6764300,TLT
2011-08-30,75.86968231201172,76.17676395792418,75.54864482974997,75.67426865538481,9508700,TLT
2011-08-31,74.69723510742188,76.04420033396916,74.69723510742188,75.93951286902623,12186000,TLT
2011-09-01,76.2806167602539,76.28761840393595,74.25757433197451,75.23059451689687,10686600,TLT
2011-09-02,78.75871276855469,78.80771361962455,77.46368569825789,77.9746938107447,16557100,TLT
2011-09-06,79.5777359008789,80.45275498610995,79.3747308322222,80.09574570394174,14016200,TLT
2011-09-07,78.05863189697266,78.66064489839464,77.91862576833515,78.59764080533583,11524300,TLT
2011-09-08,78.75871276855469,78.84271117570746,77.93969091396956,78.6117102153451,11480900,TLT
2011-09-09,79.59867095947266,79.92767872324465,78.5486489086369,78.77965504158597,11492700,TLT
2011-09-12,79.68270874023438,79.97671375849987,79.1716954402762,79.50070334482166,7602200,TLT
2011-09-13,78.54862976074219,79.51464788937587,78.47862937588822,79.38164876035943,9282400,TLT
2011-09-14,79.21369171142578,79.34669091590094,78.27566893198542,78.38067223918479,11948500,TLT
2011-09-15,78.00267028808594,78.74468446597986,78.00267028808594,78.3876806675727,8884000,TLT
2011-09-16,78.56965637207031,78.81466047369031,77.87664324443408,77.91864242165784,10053500,TLT
2011-09-19,80.06770324707031,80.63471895416761,79.8857032163037,79.94170035001424,13033500,TLT
2011-09-20,80.40372467041016,80.4107263159205,79.83671421995918,80.06071881007357,6360600,TLT
2011-09-21,83.06376647949219,83.15476648933236,79.94169548046753,80.24270208617217,18687100,TLT
2011-09-22,86.18582153320312,86.71083261757542,84.86279402784007,84.98879690171698,25041400,TLT
2011-09-23,84.58283996582031,86.35387761061152,84.58283996582031,86.18587545389765,15173800,TLT
2011-09-26,83.22479248046875,84.40081802915381,83.00778951456863,84.0858133792542,15110100,TLT
2011-09-27,81.95074462890625,82.11175040679119,81.38373426547076,81.72674007316841,13589600,TLT
2011-09-28,81.92273712158203,81.9787395914026,81.03372061111081,81.83173711364071,12642600,TLT
2011-09-29,82.48977661132812,83.17579375749304,81.9647652876592,82.32877612952349,12341800,TLT
2011-09-30,84.56180572509766,84.63880779469368,83.29477506945682,84.01578959322858,13546400,TLT
2011-10-03,86.88890838623047,86.88890838623047,84.99407119937169,85.53444894831269,15882000,TLT
2011-10-04,85.78711700439453,87.74511879730565,85.74501116613366,87.28193851367996,17301400,TLT
2011-10-05,85.1695556640625,85.46430728938294,84.67830295519508,85.38009559886451,14275000,TLT
2011-10-06,83.59754180908203,84.92392947993699,83.59754180908203,84.6642642737275,9681600,TLT
2011-10-07,82.97996520996094,83.54842092320102,82.00447381044496,82.63608829501547,11564600,TLT
2011-10-10,81.80794525146484,82.04655746741889,81.26756742368154,81.98339336304079,3567600,TLT
2011-10-11,81.5343017578125,82.36241761857849,81.33780059665703,82.31329232828962,7520200,TLT
2011-10-12,80.34817504882812,80.7903074931493,79.63936889154118,80.49555074551893,14033400,TLT
2011-10-13,81.14830780029297,81.79396131127693,80.67810786143065,80.72723314826321,11263300,TLT
2011-10-14,79.96929931640625,80.43248520336263,79.73069229894746,79.92017402726738,8411000,TLT
2011-10-17,81.35179901123047,81.38689078383919,80.15875370207212,80.214898396545,9664000,TLT
2011-10-18,80.84651184082031,81.98341787123063,80.2149027337343,81.50619865091367,12495600,TLT
2011-10-19,80.81845092773438,81.22548662966763,80.11665821882771,80.383337520681,6629300,TLT
2011-10-20,80.24300384521484,81.17638975969469,80.05352210337756,80.32722092728439,7832100,TLT
2011-10-21,79.3938217163086,80.14473983767195,79.3938217163086,79.90613284315202,9906300,TLT
2011-10-24,79.52717590332031,80.06054003796264,79.33769416501927,79.95527002590418,6344500,TLT
2011-10-25,81.54830932617188,81.65357930167127,79.54820120869691,79.56925413294611,11791200,TLT
2011-10-26,80.1236572265625,81.55531472607227,80.05347903971693,80.97984502713473,12747000,TLT
2011-10-27,77.40774536132812,79.19731372819595,77.07088247285964,78.96572082701474,19471400,TLT
2011-10-28,78.22184753417969,78.5727440359592,77.73059457339065,77.82884516554844,10127900,TLT
2011-10-31,81.32373046875,81.32373046875,79.62539353838412,79.73066350688265,15242100,TLT
2011-11-01,84.04598999023438,84.07413495994474,82.44176429347222,83.52532147085284,24400600,TLT
2011-11-02,82.99765014648438,83.27909459342085,81.91409251504804,82.06184964186576,13181100,TLT
2011-11-03,81.85777282714844,82.5684185897834,81.61151103854357,81.85777282714844,8386700,TLT
2011-11-04,81.9562759399414,82.35733235244463,81.2878450070334,81.42153226723579,7583700,TLT
2011-11-07,82.4769058227539,83.27198069120276,81.8436577395152,82.06881201709992,9279700,TLT
2011-11-08,81.42150115966797,82.70206723035182,81.26670657396411,82.14621638537065,7539400,TLT
2011-11-09,83.1102294921875,83.82087013980984,82.37143849515111,83.20873424271151,13004500,TLT
2011-11-10,81.87187957763672,82.75139013912894,81.06272878744258,82.16739383795255,11644600,TLT
2011-11-11,81.37228393554688,81.7381578129948,81.26674163901822,81.49893361776043,2483900,TLT
2011-11-14,82.68099212646484,82.74431428091361,81.7662994183313,81.89294909533281,9252600,TLT
2011-11-15,82.56838989257812,83.34939512792731,82.12511882715123,82.81465159559306,7587500,TLT
2011-11-16,83.32127380371094,83.32831138810856,82.4488012220465,82.99761470677258,7470000,TLT
2011-11-17,83.98970031738281,84.54555135716592,83.05390026174403,83.05390026174403,9907900,TLT
2011-11-18,83.9686050415039,84.11636749628772,83.25092699647693,83.85603051417442,6792600,TLT
2011-11-21,84.46818542480469,84.94663932240057,84.36968068425016,84.7003721029085,7345600,TLT
2011-11-22,85.41094970703125,85.42502486905182,84.32739305980958,84.67919695690357,7866300,TLT
2011-11-23,86.24832153320312,86.57901834996505,85.15772633342735,85.24919886374394,10129300,TLT
2011-11-25,84.99586486816406,85.74872535800436,84.95364472974688,85.69947300327104,4311900,TLT
2011-11-28,84.95364379882812,85.24212570775076,83.43385303506498,83.46903022057242,7661900,TLT
2011-11-29,84.2571029663086,85.08032347729997,83.78568664306798,84.45411245255208,8952800,TLT
2011-11-30,82.94131469726562,83.41976838423487,82.50508114345186,83.26497375490608,11806800,TLT
2011-12-01,82.52513122558594,82.69441203927347,81.67872177580826,82.0243383399778,9647200,TLT
2011-12-02,83.68193817138672,83.71015255234744,82.21482264948732,82.25714691159985,7764900,TLT
2011-12-05,83.51264953613281,83.81594737670527,82.44052468424496,82.52516781929161,7862800,TLT
2011-12-06,82.71564483642578,83.43509835009232,82.3629730226447,83.09653104107075,8506300,TLT
2011-12-07,83.01187133789062,83.39980700184289,82.41938004883394,82.75794726848682,6588300,TLT
2011-12-08,84.04874420166016,84.1686513196303,82.81439292746936,83.0330477168672,8800500,TLT
2011-12-09,82.3205795288086,84.02750826918194,82.2641507982161,83.98518941190754,9855100,TLT
2011-12-12,83.23759460449219,83.57615649803967,82.95545610563977,83.16706132511514,5734600,TLT
2011-12-13,84.013427734375,84.38020382513577,82.6380106673453,82.7226484060293,8901800,TLT
2011-12-14,85.60052490234375,85.62168435555179,84.28153004513219,84.49313533990492,11247700,TLT
2011-12-15,85.28305053710938,85.57223845637988,84.9021645560147,85.10671473371416,5438700,TLT
2011-12-16,86.27763366699219,86.48923891113147,85.55113058017616,85.614608924611,9321900,TLT
2011-12-19,87.37088775634766,87.47668495989406,86.23528446664352,86.27760334806209,7845100,TLT
2011-12-20,85.19140625,86.52450533464241,85.07149911952519,86.51745577262275,13945400,TLT
2011-12-21,84.00639343261719,85.22663981804338,83.98523399274818,85.0855679166787,11600100,TLT
2011-12-22,84.35903930664062,84.93742047193871,84.18270351988706,84.64117764171458,5247400,TLT
2011-12-23,83.42091369628906,83.73126633628686,83.04708276974988,83.62546381071125,5409700,TLT
2011-12-27,83.81722259521484,83.81722259521484,83.22990465054926,83.45634185057048,4270300,TLT
2011-12-28,85.36690521240234,85.657030742385,83.81722242247936,84.0224319781208,8302300,TLT
2011-12-29,85.52262878417969,85.68537774271796,84.9565327749444,85.25373614907333,4305000,TLT
2011-12-30,85.798583984375,86.1594702616334,85.54384136497974,85.69951801002026,5948800,TLT
2012-01-03,84.51070404052734,85.055566790658,84.15689551744026,84.5036263584325,9076900,TLT
2012-01-04,83.50585174560547,84.40452261649396,83.27233692922559,84.39037265732877,8417100,TLT
2012-01-05,83.35735321044922,84.27725282663421,83.19459879137608,83.61916826028406,6465800,TLT
2012-01-06,84.01532745361328,84.17807626028211,83.29355544542706,83.32186075934482,7348500,TLT
2012-01-09,83.86678314208984,84.58855566609785,83.71111190232014,83.83140552342465,5582400,TLT
2012-01-10,83.72526550292969,84.11445711596734,83.27239093431716,83.30777395320811,8932500,TLT
2012-01-11,84.81497192382812,84.95649316080156,84.19227092298027,84.23472621433447,8634500,TLT
2012-01-12,84.69467163085938,85.04848009398611,84.37624077483208,84.87864814462941,7205400,TLT
2012-01-13,85.53675079345703,86.07454128656033,85.4872178137429,85.6924274150414,9819000,TLT
2012-01-17,85.93302154541016,86.06746512203968,85.5013746865644,85.5862852826062,5449900,TLT
2012-01-18,84.892822265625,86.05331384922542,84.85036696824861,85.9967031869303,5804000,TLT
2012-01-19,83.72526550292969,84.60270930478012,83.44221754787418,84.43996037473943,8625700,TLT
2012-01-20,82.77703094482422,83.47049251377953,82.769953263883,83.2935882810701,6548200,TLT
2012-01-23,82.25341796875,82.53646591524786,81.765165794699,82.17557964849583,7274800,TLT
2012-01-24,82.40199279785156,82.58597471900706,81.9278907305364,82.58597471900706,5776500,TLT
2012-01-25,82.20384216308594,83.87381823897424,82.00571032335134,82.12600388337766,12867600,TLT
2012-01-26,83.29359436035156,83.29359436035156,82.50106139644137,82.54352208649902,7638500,TLT
2012-01-27,83.55543518066406,83.7323394698853,82.79828503874475,83.37853089144282,5165300,TLT
2012-01-30,84.5390396118164,85.19004623149148,84.4470459077441,84.80085455739685,8388400,TLT
2012-01-31,85.51553344726562,85.55799414834308,84.34089175880625,84.39042474448785,7998300,TLT
2012-02-01,84.53589630126953,85.04660236247352,84.27344862769887,84.94020436445153,7925200,TLT
2012-02-02,84.50047302246094,84.74873695253477,84.15291109663933,84.3798910865924,5596900,TLT
2012-02-03,82.68464660644531,82.84779103756942,82.2590597322325,82.60662171481604,12467400,TLT
2012-02-06,83.50750732421875,83.55715906856214,82.52155626659814,82.76982039994942,6180600,TLT
2012-02-07,82.4718246459961,82.90450603262504,82.11716812657099,82.72008853889687,8794800,TLT
2012-02-08,82.53571319580078,82.84071819473456,82.26617603389992,82.42222044660117,7613400,TLT
2012-02-09,81.9185791015625,82.30870352216098,81.30148008741787,82.18102693102242,11477700,TLT
2012-02-10,82.9825668334961,83.22373618518502,82.64918869501422,82.84780097766507,7193100,TLT
2012-02-13,83.08894348144531,83.25208789005359,82.58533178510754,82.70591372402716,6422900,TLT
2012-02-14,83.52872467041016,83.89756515648611,83.15278953701632,83.30174466091027,8271200,TLT
2012-02-15,83.37979125976562,83.89049235541125,83.33722877640471,83.45781616569032,6846100,TLT
2012-02-16,82.71299743652344,83.41521585981074,82.37252478217336,83.18114124817188,9036200,TLT
2012-02-17,82.69170379638672,82.71298231871396,82.11006740238669,82.1809976140202,6338000,TLT
2012-02-21,81.77671813964844,82.22358350015148,81.53554884154588,82.11718543956594,8338300,TLT
2012-02-22,82.80522918701172,82.81941848284998,82.14556763293204,82.2023139930236,7736800,TLT
2012-02-23,82.80522918701172,83.14570193593025,82.23068717306937,82.37964230958661,5163900,TLT
2012-02-24,83.34432220458984,83.4010685738186,82.95419768068167,83.15280997298233,5676900,TLT
2012-02-27,84.08197784423828,84.30186317958615,83.7840676328064,84.05360467005958,8180700,TLT
2012-02-28,83.8053207397461,84.50753899986772,83.65636567921291,84.31602689679018,6615700,TLT
2012-02-29,83.29468536376953,83.9969042206135,82.96130714953709,83.96144179223441,14235000,TLT
2012-03-01,82.51045989990234,82.95123805633699,82.14077901873436,82.58866256352721,12265600,TLT
2012-03-02,83.28543853759766,83.52004670541342,82.85888168409198,82.8944249245714,6669600,TLT
2012-03-05,82.62425994873047,83.49159514868215,82.62425994873047,83.15034646753449,6921900,TLT
2012-03-06,83.62664794921875,83.96789654806255,83.49157501181102,83.49868040264764,6299700,TLT
2012-03-07,83.11481475830078,83.61246350402041,83.04371743122839,83.50582293737634,5567500,TLT
2012-03-08,82.28299713134766,82.87307004947638,82.2119052503116,82.6953376349048,7982100,TLT
2012-03-09,82.44654083251953,82.46075704388224,81.68584606144489,82.10529209620316,6975600,TLT
2012-03-12,82.43228912353516,82.83751879909134,82.37541887486753,82.69533504147827,5280000,TLT
2012-03-13,80.98197937011719,82.04837358616427,80.96775774315148,81.94883846928866,14413600,TLT
2012-03-14,78.9416275024414,80.15731653020582,78.87764101468397,80.12176787878917,24515300,TLT
2012-03-15,79.0625,79.43929191469402,78.8278918713915,78.84211350437832,14154000,TLT
2012-03-16,79.21888732910156,79.22599814397118,78.3444415148641,78.55772256925252,13427200,TLT
2012-03-19,78.27337646484375,79.25446314252517,77.98189804284064,79.16914960673763,14011400,TLT
2012-03-20,78.58617401123047,78.82078212688542,78.09563075558165,78.50797130601215,9443800,TLT
2012-03-21,79.4748306274414,79.54592251158749,78.77811714529845,78.81366579935303,10242000,TLT
2012-03-22,79.73079681396484,79.8872022744022,79.53173729121373,79.8303265753404,8009800,TLT
2012-03-23,80.48433685302734,80.61230439399169,80.09332883960903,80.11465585910938,8465300,TLT
2012-03-26,80.072021484375,80.34217827992447,79.48195387212331,80.21421069886523,8118600,TLT
2012-03-27,80.64784240722656,80.8326801678294,80.12175068377121,80.17862634424664,6972300,TLT
2012-03-28,80.53414154052734,81.00335789746906,80.22844145390424,80.2782063320073,7886000,TLT
2012-03-29,81.13837432861328,81.18103378293573,80.74736639439205,81.0601716569768,7692900,TLT
2012-03-30,79.76628875732422,81.23791262431139,79.75918336748512,81.19525858943,9467500,TLT
2012-04-02,80.20819854736328,80.75703580176506,79.97298258119109,80.5432021165146,8944000,TLT
2012-04-03,78.81832885742188,80.85685720709144,78.8111996147954,80.55036503037834,14774300,TLT
2012-04-04,79.90174865722656,79.91600714404191,79.40993962248444,79.66653256694764,10095600,TLT
2012-04-05,80.47911834716797,80.59315908079923,80.0657091319605,80.54326524020665,6364100,TLT
2012-04-09,82.36080169677734,82.51760695917282,82.1398386925493,82.35367245457167,14374600,TLT
2012-04-10,83.2945327758789,83.6010249402297,82.52473774383246,82.64590767350127,14421300,TLT
2012-04-11,82.29664611816406,82.72430818717254,82.21824077107705,82.47483910008579,8713000,TLT
2012-04-12,81.95451354980469,82.50334550731989,81.84046743820689,82.44632245152098,9008500,TLT
2012-04-13,83.28025817871094,83.32302818645104,82.76706702798722,82.78844931284851,8607700,TLT
2012-04-16,83.1590805053711,83.82195846424568,83.08780441648483,83.18046278823527,7735000,TLT
2012-04-17,83.10922241210938,83.27316238120953,82.85975327479987,83.05932858464747,5398600,TLT
2012-04-18,83.35155487060547,83.47985404112329,83.20187341133776,83.42996022136738,4074400,TLT
2012-04-19,83.43000030517578,83.72936336753969,83.40861256813169,83.57255259067637,5374300,TLT
2012-04-20,83.44422149658203,83.48698607829897,82.91677171600334,83.08070623793095,5043300,TLT
2012-04-23,84.05007934570312,84.39934156771625,83.95742093632248,84.18550777619879,5170100,TLT
2012-04-24,83.4584732055664,83.93603459182656,83.45134940074055,83.82911770123043,4336600,TLT
2012-04-25,83.03079986572266,83.62240186749348,82.46058558959724,82.97378224472287,8859500,TLT
2012-04-26,83.52977752685547,83.72222363197106,83.10210984789562,83.69371209083904,5133000,TLT
2012-04-27,83.60104370117188,83.65093753270388,83.24465763650903,83.40859218096287,3112900,TLT
2012-04-30,83.6224136352539,83.92890582308401,83.52975522982395,83.80060664124771,4198400,TLT
2012-05-01,83.18870544433594,84.0389567740337,82.93148664629574,83.90320089418812,7214300,TLT
2012-05-02,83.77458953857422,83.82460400084905,83.45306877411707,83.75315554776608,3565700,TLT
2012-05-03,83.75316619873047,83.8603416175683,83.28159653631134,83.33875748651394,3522900,TLT
2012-05-04,84.41053771972656,84.44626469203322,83.8818123268457,83.93897330206813,6367300,TLT
2012-05-07,84.42475891113281,84.63910420922444,84.32472456395752,84.53907531321515,3228200,TLT
2012-05-08,84.87496185302734,85.3893997322287,84.78207935584904,84.80351335895398,6051600,TLT
2012-05-09,84.93212890625,85.43227385172318,84.62489545369617,85.34653238199732,5828900,TLT
2012-05-10,84.6820068359375,84.75346074904425,83.91035581536596,84.32475907507667,6300000,TLT
2012-05-11,85.38219451904297,85.45364296397196,84.99636637502608,85.3750480392,5234300,TLT
2012-05-14,86.57540893554688,86.66829682911123,86.16814676324134,86.36106357974617,8789400,TLT
2012-05-15,86.92559051513672,86.97560501970122,86.32541100919067,86.51832254074738,6766400,TLT
2012-05-16,87.17559051513672,87.29705343215029,86.25389073964946,86.43966108113163,6462300,TLT
2012-05-17,88.71892547607422,88.79752043537208,87.18275870502886,87.18990518801121,14863400,TLT
2012-05-18,88.74036407470703,88.91184696815817,87.96156637550241,88.07588285330023,10137700,TLT
2012-05-21,88.55459594726562,88.91898481767518,88.325957548684,88.52601546604674,9583500,TLT
2012-05-22,87.56857299804688,87.79721135635111,87.21132522249849,87.70432889712917,12475500,TLT
2012-05-23,88.17589569091797,88.96898071159826,88.1401687340653,88.27592462870354,11744900,TLT
2012-05-24,87.84004211425781,88.44736194735637,87.70428628114001,88.0472463775344,10256200,TLT
2012-05-25,88.16876220703125,88.26879115956294,87.98299181611422,88.19019620383531,4723600,TLT
2012-05-29,87.89726257324219,88.46171485579818,87.88297505711348,88.16162795656683,5874100,TLT
2012-05-30,90.12647247314453,90.25508189623062,89.5262987995219,89.54058631267871,17170800,TLT
2012-05-31,91.16957092285156,92.22702603750332,90.50509028182559,90.76230894616886,31174500,TLT
2012-06-01,93.33399963378906,93.34832211576054,92.02377111714445,92.26719868639573,23526000,TLT
2012-06-04,92.59657287597656,93.20514194798857,92.31734449591094,92.58225039050114,11681200,TLT
2012-06-05,91.35785675048828,92.1024669056396,91.35069551428242,92.02370969464323,12482800,TLT
2012-06-06,89.53221130371094,91.35793480156666,89.53221130371094,91.32929529469793,20806700,TLT
2012-06-07,89.66822814941406,90.02621373580376,89.05965374503687,89.24580777943895,18898200,TLT
2012-06-08,89.64678955078125,90.89257841311421,89.18856823446501,90.74938630017624,11239600,TLT
2012-06-11,90.05484771728516,90.36271552120316,89.33171534763102,89.34603782916741,10693800,TLT
2012-06-12,89.23151397705078,89.94748537995157,89.13843966114787,89.47494709449977,10921700,TLT
2012-06-13,90.11212921142578,90.41283578289429,89.05248950789336,89.38899682176704,11100000,TLT
2012-06-14,89.99759674072266,90.41286143576981,89.63245528423477,90.17658957868147,7688200,TLT
2012-06-15,90.4987564086914,90.82094124818515,90.31260237618814,90.6276314369742,6421400,TLT
2012-06-18,90.98563385009766,91.17178245460791,90.39853760430395,91.03575162245464,6698400,TLT
2012-06-19,89.7971420288086,90.4773182146761,89.73270721734615,90.41287794078474,8227900,TLT
2012-06-20,90.24104309082031,90.57755054958044,88.84489547228968,89.18856417509946,13720300,TLT
2012-06-21,90.72071838378906,91.10734352259824,90.13362216465526,90.17657869260276,9776600,TLT
2012-06-22,89.5107192993164,90.36988803864537,89.5035635200815,90.14077746730969,7830400,TLT
2012-06-25,90.81376647949219,90.94264148857785,90.40566319445855,90.47010343021422,6113800,TLT
2012-06-26,90.45580291748047,90.89254580642223,90.16941879434167,90.29113259291836,5359700,TLT
2012-06-27,90.59900665283203,90.77799947327881,90.23385976964094,90.61332367499972,5860700,TLT
2012-06-28,90.82095336914062,91.27201875954279,90.77799684145555,91.14314371406034,5257800,TLT
2012-06-29,89.63958740234375,89.94745522086113,89.23148405802316,89.51787361564364,8881900,TLT
2012-07-02,90.5644760131836,91.27481222709065,89.95459116390222,90.01198803355346,7818500,TLT
2012-07-03,89.86848449707031,90.40661913477733,89.83978332615665,90.37074130258807,5773100,TLT
2012-07-05,90.3276596069336,90.63619023990768,89.86845198681216,89.94020215104614,5974700,TLT
2012-07-06,91.16716003417969,91.27478803180236,90.84428151549902,90.88733052487315,5818300,TLT
2012-07-09,91.97083282470703,92.02823519208127,91.2030994263887,91.39682557353791,5647000,TLT
2012-07-10,92.15734100341797,92.37259702192765,91.64073093834509,91.74118228719949,4288000,TLT
2012-07-11,92.27218627929688,92.89641915414282,92.02822351182472,92.26500414154783,5960900,TLT
2012-07-12,92.92512512207031,92.96100296963546,92.48744165789206,92.59507520058752,6421000,TLT
2012-07-13,92.68109893798828,92.73133007396628,92.27212245924852,92.72414794118477,4175300,TLT
2012-07-16,93.11164093017578,93.71434906627263,92.99683625233543,93.49192184569236,5283500,TLT
2012-07-17,92.37976837158203,93.14751228433717,92.30084152960137,92.74569593983277,5590900,TLT
2012-07-18,92.43001556396484,92.80311438320196,92.40848010479942,92.74571203830907,4011000,TLT
2012-07-19,92.19324493408203,92.63092828123601,91.9205865035464,92.17172042097437,5246300,TLT
2012-07-20,93.3197021484375,93.49190914179815,92.86049444785094,92.98965242996523,6365900,TLT
2012-07-23,93.8435287475586,94.30991880781059,93.64262596567112,94.2166386060841,6141100,TLT
2012-07-24,94.58250427246094,94.74034695207362,93.47752887656792,93.52776000745943,6748800,TLT
2012-07-25,94.82653045654297,94.8624082999074,94.33861587322407,94.44624940331737,5328000,TLT
2012-07-26,93.95836639404297,94.55390375920065,93.92248853862203,94.37452543048029,6606200,TLT
2012-07-27,92.18601989746094,93.28381334859445,91.09540310542008,93.19771533623069,14685100,TLT
2012-07-30,92.8748779296875,92.90357363037921,92.02103576809094,92.12148714308002,6025300,TLT
2012-07-31,93.06139373779297,93.1905517151957,92.25778302817525,93.14032057165718,7448600,TLT
2012-08-01,92.59619140625,93.28646137263566,92.143201397951,92.4164348596512,7972000,TLT
2012-08-02,93.12115478515625,93.96961209488947,92.84793206802014,93.17867824441596,7972000,TLT
2012-08-03,91.61832427978516,92.05693073507607,91.15095611594819,91.92031399091611,9084800,TLT
2012-08-06,91.65422821044922,92.13597422511171,91.58232672084365,91.79803118966035,3673600,TLT
2012-08-07,90.47509765625,90.6908022953645,90.18748598502762,90.56856911795931,6613600,TLT
2012-08-08,89.99333190917969,90.87773116226796,89.90704678064674,90.71235818974877,7250700,TLT
2012-08-09,89.92864990234375,90.09402842167304,88.9795350809102,89.71293974421637,7553500,TLT
2012-08-10,90.38160705566406,90.82740535300279,90.30970552015408,90.74112021894949,4670500,TLT
2012-08-13,90.23062133789062,90.8705543945913,90.23062133789062,90.67641968044879,3543700,TLT
2012-08-14,89.0082015991211,89.45399955575444,88.97943990975139,89.13043466464381,7994000,TLT
2012-08-15,87.75714874267578,88.584024473143,87.64929371695652,88.45459953942678,11191000,TLT
2012-08-16,87.00936126708984,88.08070876008439,86.65703448232065,87.87219050554788,13240000,TLT
2012-08-17,87.43356323242188,87.80745983610497,87.23223682385401,87.28976022222574,6341100,TLT
2012-08-20,87.61336517333984,87.85783700033348,87.36170703212292,87.39766054618364,4427100,TLT
2012-08-21,88.0016098022461,88.04474961568498,86.75769763839554,87.34010706275711,9532700,TLT
2012-08-22,89.45402526855469,89.52592676978075,88.59119079664325,88.8140870961639,11384400,TLT
2012-08-23,89.82794189453125,89.97893673573701,89.62661543959025,89.69132516336366,7139100,TLT
2012-08-24,89.74163055419922,90.2809000376719,89.64096735614294,90.21619033280695,5001400,TLT
2012-08-27,90.26655578613281,90.45350414652317,90.07241562726036,90.12274724516527,3906100,TLT
2012-08-28,90.48226165771484,90.85615838382093,90.30250509324632,90.41755192765898,3412600,TLT
2012-08-29,90.08684539794922,90.33131181429215,89.84237349586856,90.3169336956934,3762700,TLT
2012-08-30,90.5541763305664,90.91368948990868,90.40318146193091,90.79145084657335,3886400,TLT
2012-08-31,91.83403778076172,91.83403778076172,90.40317701300107,90.43912503572494,9192600,TLT
2012-09-04,91.74180603027344,91.96517813173851,91.33829371860931,91.45358059446637,6009300,TLT
2012-09-05,91.30944061279297,91.6481049762425,91.18694662950645,91.38149557370026,3466700,TLT
2012-09-06,89.78910827636719,90.4520230889896,89.74587637476614,90.4520230889896,6505100,TLT
2012-09-07,89.37117004394531,90.92037712171026,89.29190790293569,90.8915540252119,7335300,TLT
2012-09-10,89.5873031616211,89.5873031616211,88.99644367339815,89.12614480483447,4912100,TLT
2012-09-11,89.02527618408203,89.42158126839158,88.8379288638503,89.36393509332923,3523300,TLT
2012-09-12,87.91563415527344,88.20385960560543,87.67784774644132,88.06695127977301,7040900,TLT
2012-09-13,87.56977081298828,88.69384412860612,86.66186248251955,88.18945366581445,12280200,TLT
2012-09-14,85.24231719970703,86.35918277910501,85.0621770581163,86.29433496690396,16871600,TLT
2012-09-17,86.26558685302734,86.3952880875862,85.60267187525793,85.65311093883939,5573300,TLT
2012-09-18,86.69790649414062,87.11583322820604,86.43850407282034,86.9789248676635,5366200,TLT
2012-09-19,87.26715850830078,87.46170759366484,86.90687794489352,87.43288448889885,5903300,TLT
2012-09-20,87.48326873779297,88.13897605250384,87.17342744695735,88.00927491919029,4604200,TLT
2012-09-21,87.58419036865234,87.64903821885714,86.95009318028144,87.00773937875954,4144300,TLT
2012-09-24,88.26870727539062,88.41281725155685,88.03812801505876,88.08856705646126,3627400,TLT
2012-09-25,89.14060974121094,89.16222569382434,88.00212192571695,88.48490202301028,5893500,TLT
2012-09-26,90.09890747070312,90.13493220599172,89.67377381374094,89.7530359277942,7193400,TLT
2012-09-27,89.4576416015625,89.92600731100974,89.18382492660741,89.7458670764103,5147700,TLT
2012-09-28,89.508056640625,90.24302618179112,89.21262409634619,89.88995295595736,7173400,TLT
2012-10-01,89.84025573730469,89.87636156453246,89.08929970456839,89.51532532815784,4842600,TLT
2012-10-02,89.71748352050781,89.91244061809255,89.39976994476658,89.47198158214374,3540100,TLT
2012-10-03,89.7463607788086,89.75358304383464,89.26257369257168,89.43586949037798,3800900,TLT
2012-10-04,88.62713623046875,89.39253647355098,88.50438528423874,89.14702907211752,6214800,TLT
2012-10-05,87.47908020019531,87.86177772505017,87.313001109365,87.78234931321512,8340700,TLT
2012-10-08,88.215576171875,88.28778230384778,87.86898453481578,88.07838617381915,1568400,TLT
2012-10-09,88.05672454833984,88.22280361970948,87.64514351204775,87.71013289092286,4752700,TLT
2012-10-10,88.67768096923828,88.7859928959643,87.55847241699861,87.702884646651,5429800,TLT
2012-10-11,89.29145050048828,89.29145050048828,88.01337962712856,88.06392446054555,5194100,TLT
2012-10-12,89.51532745361328,90.10020440755525,89.37813191766111,89.58753360080752,4934900,TLT
2012-10-15,89.31310272216797,89.63803297416675,89.12536242753797,89.37808656897847,3036100,TLT
2012-10-16,88.0783920288086,88.77158085798133,88.04950847230451,88.74269730147725,5398700,TLT
2012-10-17,87.26242065429688,87.55847288834346,87.06024132810577,87.49348352836863,6932500,TLT
2012-10-18,86.7281265258789,87.75346813138208,86.55483067216836,87.45742127750056,8558600,TLT
2012-10-19,87.9050521850586,87.955597009557,86.85082762482553,86.89415018611768,7616700,TLT
2012-10-22,87.34180450439453,87.97722570689272,87.32736549230235,87.68117913275255,6910600,TLT
2012-10-23,88.59101867675781,88.61990221888883,88.10722623227883,88.16499331654086,5760600,TLT
2012-10-24,87.71735382080078,88.30223067689035,87.71735382080078,87.99173933782336,6824500,TLT
2012-10-25,87.26968383789062,87.76069336414142,86.8869862897347,87.0530598817009,5292500,TLT
2012-10-26,88.554931640625,88.56215390493156,87.56569077161957,87.6884472289371,5889400,TLT
2012-10-31,89.07486724853516,89.32036926306785,88.54775188060293,88.58385771049359,5025600,TLT
2012-11-01,88.34552001953125,88.7282173497368,88.15056297717153,88.64878897830097,3659700,TLT
2012-11-02,88.28054809570312,88.31664840006586,87.54403137184053,87.57291492071491,3527800,TLT
2012-11-05,88.77879333496094,88.99541724380964,88.66326462348984,88.68492591257974,2935700,TLT
2012-11-06,87.94116973876953,88.71378673585974,87.93394747459857,88.48994612732074,4484600,TLT
2012-11-07,89.53694915771484,89.91964652671125,89.363653379277,89.50084334559412,10071000,TLT
2012-11-08,90.86555480957031,90.879999337293,89.1253638291645,89.38531023844081,8579500,TLT
2012-11-09,90.96668243408203,90.96668243408203,90.38902231647303,90.71395268951862,5036900,TLT
2012-11-12,91.11834716796875,91.25553722190378,90.8295170134589,90.86561733966201,2072200,TLT
2012-11-13,91.42158508300781,91.57321962274338,90.97389822118726,91.558780598996,2863800,TLT
2012-11-14,91.5082015991211,91.55152416316923,90.69225658306077,90.77890722013011,4694600,TLT
2012-11-15,91.32769775390625,91.71761190884109,90.98110066077382,91.0533067817257,5549600,TLT
2012-11-16,91.24826049804688,91.84035944665328,91.183271139226,91.24103823396159,4591100,TLT
2012-11-19,90.73562622070312,90.84393268043704,90.47567969939061,90.59120842609863,3621600,TLT
2012-11-20,89.82582092285156,90.74285058228428,89.81137638769297,90.60566055213395,4659300,TLT
2012-11-21,89.7752456665039,89.84022952578347,89.55139951915682,89.6741559905307,2422800,TLT
2012-11-23,89.68855285644531,89.86184857537926,89.61634676597048,89.75354219415277,987200,TLT
2012-11-26,90.11461639404297,90.63450377144981,90.0785105789989,90.37456283723336,2799000,TLT
2012-11-27,90.46846008300781,90.5406662279378,90.04243446266209,90.21573582126496,2544400,TLT
2012-11-28,90.33843994140625,91.12549587799408,90.32399541453016,90.95942238172917,3569700,TLT
2012-11-29,90.3528823852539,90.57672848853798,90.01351311641803,90.15792533681743,2761000,TLT
2012-11-30,90.10740661621094,90.64896086307648,90.04963950772469,90.60563828619912,3702300,TLT
2012-12-03,90.19060516357422,90.28465723008264,89.4381720720726,89.5105202401415,5427800,TLT
2012-12-04,90.71150207519531,90.73321149028469,90.32081540074549,90.45104429222876,2586300,TLT
2012-12-05,90.66808319091797,91.02259298331994,90.55955820799207,90.72596391778643,1978200,TLT
2012-12-06,90.86344909667969,91.21796450780701,90.80557387347305,91.05879522441295,2301200,TLT
2012-12-07,90.024169921875,90.40762005487177,89.95905272807407,90.0748141749159,4020900,TLT
2012-12-10,90.4221420288086,90.49449021241216,90.1038033971778,90.40766908020034,2134300,TLT
2012-12-11,89.73477935791016,89.93735638708031,89.59008305702005,89.90118507176282,3777900,TLT
2012-12-12,88.69297790527344,89.95909027961775,88.67851047828388,89.59011293335912,7119700,TLT
2012-12-13,88.7580795288086,89.11982585790876,88.36015635887405,88.47591783369535,6381500,TLT
2012-12-14,89.42367553710938,89.5032601569346,89.04746185050733,89.12704647033256,3832800,TLT
2012-12-17,88.08527374267578,89.3658539383893,88.056333359972,89.35138650694421,6870000,TLT
2012-12-18,87.18809509277344,88.10692826944207,86.7467641635626,87.83200306756095,12024200,TLT
2012-12-19,87.47747039794922,88.01285323858947,87.34000507299478,87.52087817643627,4880500,TLT
2012-12-20,87.49198150634766,88.00566071424845,87.26770051242511,87.7524393469469,4567900,TLT
2012-12-21,88.44698333740234,88.57721224531736,88.2299333176069,88.49039113343692,6087700,TLT
2012-12-24,88.28779602050781,88.32397285635275,88.17204008146231,88.26609212692492,1071100,TLT
2012-12-26,88.6054458618164,88.61269826576407,88.32266295945453,88.42417448686837,2247800,TLT
2012-12-27,88.90265655517578,89.39571448917397,88.3370912404046,88.37334216481182,4262700,TLT
2012-12-28,89.41023254394531,89.43198420955291,89.02593836631853,89.28696941752912,3928200,TLT
2012-12-31,87.86578369140625,89.16368625664025,87.67001321296645,89.09117887692027,6423000,TLT
2013-01-02,86.69116973876953,86.93770154072384,86.58241140316038,86.83619007284857,7472700,TLT
2013-01-03,85.51657104492188,86.64045005892889,85.48756696603647,86.56069022498463,10004300,TLT
2013-01-04,85.85009765625,85.87910173108197,85.09600830650369,85.31353610176265,9574600,TLT
2013-01-07,85.88631439208984,86.08934283504689,85.56002836112356,85.8283117974901,4193100,TLT
2013-01-08,86.45188903808594,86.4953923688925,86.15460152568207,86.31412111458565,4380900,TLT
2013-01-09,86.37210845947266,86.6766427657562,86.19083724878602,86.4663674975247,3870300,TLT
2013-01-10,86.13285064697266,86.50264555808485,85.82106386543877,86.01683438781599,5602800,TLT
2013-01-11,86.90145111083984,86.90870351103761,85.81382342351529,85.93708656707489,4770700,TLT
2013-01-14,86.66220092773438,87.21326735749848,86.55344254788031,87.03924841776963,3064600,TLT
2013-01-15,87.06094360351562,87.51774509839025,86.98843622000582,87.45249011281906,5357800,TLT
2013-01-16,87.24222564697266,87.50325668554478,87.01745107063088,87.46700022331443,4286100,TLT
2013-01-17,86.37210845947266,86.683895163132,86.10382507615144,86.52437561261442,7019200,TLT
2013-01-18,87.03923797607422,87.16250114642975,86.61868718454888,86.69844700818167,4660000,TLT
2013-01-22,87.20598602294922,87.2277432236641,86.56066070075391,86.68392937696287,3874100,TLT
2013-01-23,87.0754623413086,87.43075800429612,86.97395087530072,87.25673360660264,2848800,TLT
2013-01-24,86.77094268798828,86.98847045608892,86.47366063900907,86.91596304404236,4178900,TLT
2013-01-25,85.58174896240234,85.99504703319457,85.39322538549227,85.86453156178874,8750700,TLT
2013-01-28,85.27000427246094,85.35701647353685,84.83495433100168,84.84945359853425,6059900,TLT
2013-01-29,84.79872131347656,85.61807122062443,84.74071869534674,85.2845326555408,5553900,TLT
2013-01-30,84.6536865234375,84.80595373257803,84.2258889642275,84.59567838701433,9586800,TLT
2013-01-31,85.06697845458984,85.08147772163143,84.50866539614951,84.85670312474714,6789200,TLT
2013-02-01,83.96238708496094,85.64105168287594,83.9405871100653,85.5538517832934,10928600,TLT
2013-02-04,85.03791809082031,85.22686050236084,84.60190183239777,84.72543875583878,9291900,TLT
2013-02-05,84.28215026855469,84.60916104036349,84.1949448087571,84.49288709396673,6676500,TLT
2013-02-06,84.97250366210938,85.00157214694872,84.33301362838367,84.67455585069109,5892000,TLT
2013-02-07,84.78355407714844,85.4521125388937,84.74722263237196,84.85622251094752,5951700,TLT
2013-02-08,85.11058044433594,85.13964893015388,84.46382188156521,84.87803810203913,5603400,TLT
2013-02-11,85.04520416259766,85.29954657051616,84.96526718521632,85.05974118262081,3679900,TLT
2013-02-12,84.83441162109375,85.03788542725223,84.63093781493527,84.79808018099139,4513700,TLT
2013-02-13,84.14411926269531,84.49293019130992,83.96971379838801,84.1513877741143,6586400,TLT
2013-02-14,84.90711212158203,85.05245456963485,84.28942196403818,84.50743286399366,7096000,TLT
2013-02-15,84.66002655029297,84.83443191955256,84.34754726056923,84.77630049263051,5861800,TLT
2013-02-19,84.23855590820312,84.95072006345923,84.18041892731534,84.92165157301534,7383600,TLT
2013-02-20,84.4928970336914,84.5655710308622,83.98421231898129,84.0714177890377,9603900,TLT
2013-02-21,84.98704528808594,85.24865613865506,84.83443988262849,84.95071383588021,8297400,TLT
2013-02-22,85.04520416259766,85.27047807471853,84.93619868941867,85.0088727010371,5316900,TLT
2013-02-25,86.71662139892578,86.7311528771746,84.50746524038152,84.55106521937758,15948700,TLT
2013-02-26,86.21516418457031,86.96365975371927,86.1788271874428,86.28056967055036,9822100,TLT
2013-02-27,85.96082305908203,86.86919255770589,85.7500806700916,86.83285556006196,7459600,TLT
2013-02-28,86.1207046508789,86.22971010927513,85.73555683622708,86.06256766716785,6023400,TLT
2013-03-01,86.58970642089844,86.81546417737741,86.32753361381987,86.54600724894759,7786800,TLT
2013-03-04,86.13089752197266,86.64068042763468,86.12361895709142,86.50959402973946,4511400,TLT
2013-03-05,85.88330078125,86.0799276179022,85.70123663184144,85.98525626042624,6539300,TLT
2013-03-06,85.10405731201172,85.57014103999236,85.09677319109306,85.28612144188403,6514900,TLT
2013-03-07,84.4486312866211,84.84917462303986,84.41222179177365,84.77635007718827,8526700,TLT
2013-03-08,83.56739044189453,84.01162712315852,83.47271914574853,83.65478317721235,15423600,TLT
2013-03-11,83.64753723144531,83.9169941211893,83.5601444562472,83.83688546629665,5815800,TLT
2013-03-12,84.25196075439453,84.3247852624709,83.91696357232016,83.93152625147391,9264200,TLT
2013-03-13,84.16458892822266,84.28839117833614,83.77132981948998,83.9242629913046,7371500,TLT
2013-03-14,83.90968322753906,84.21554950890493,83.73490328906628,83.81500636224433,9352100,TLT
2013-03-15,84.30290985107422,84.39029700864288,83.96791278270653,83.98975957209869,9673400,TLT
2013-03-18,84.94384765625,85.1186276809803,84.58700348521324,85.0822181854131,9152200,TLT
2013-03-19,85.51917266845703,85.85417003735864,84.9875429063186,85.04580476773373,11986200,TLT
2013-03-20,84.56509399414062,85.19867319771647,84.53596308558559,84.99476239398389,8543900,TLT
2013-03-21,85.38077545166016,85.38805957109969,84.86371409455673,85.10404003066479,6119400,TLT
2013-03-22,85.44637298583984,85.57017531025748,85.0385453934074,85.42452617049067,6323800,TLT
2013-03-25,85.36621856689453,85.77404038472436,84.96567531284342,85.03849984371936,5839800,TLT
2013-03-26,85.46819305419922,85.86873639744702,85.04580290243912,85.11134888413277,5093200,TLT
2013-03-27,86.19642639160156,86.49500862100773,86.06534001972304,86.15273278636049,7742900,TLT
2013-03-28,85.75948333740234,86.26197652278084,85.7012214864102,86.02165611071109,5826400,TLT
2013-04-01,86.40538787841797,86.4272820939293,85.74853357200993,85.77042778752129,6113800,TLT
2013-04-02,86.0550537109375,86.22291304493751,85.93827715840489,86.17182469525761,5438000,TLT
2013-04-03,86.82868957519531,87.06223714080812,86.30320616051317,86.34699458899895,9527400,TLT
2013-04-04,87.86508178710938,87.87968164627362,87.1936330391387,87.281209921265,9365700,TLT
2013-04-05,89.63855743408203,90.08375833688035,89.4998866573443,89.68234586117269,18626200,TLT
2013-04-08,88.9525375366211,89.67508022431933,88.87955494535662,89.52910947357559,8020300,TLT
2013-04-09,88.73355865478516,89.21524804283277,88.58758795521555,89.06198298444431,7176100,TLT
2013-04-10,87.51475524902344,88.06213298592786,87.50745532009805,88.01103905166441,10765200,TLT
2013-04-11,87.68257904052734,87.93802076707217,87.50011986896504,87.7044732502009,7501800,TLT
2013-04-12,88.98897552490234,88.99627544989194,88.2372447291005,88.551074685118,9253000,TLT
2013-04-15,89.76261138916016,89.79180552443991,88.94519787417485,89.13495140117533,12948400,TLT
2013-04-16,89.02545928955078,89.41956610204674,88.95247118451536,88.9816653128874,6553500,TLT
2013-04-17,89.61669921875,90.15677711992677,89.25908059469386,89.25908059469386,9020900,TLT
2013-04-18,89.83563232421875,89.93051469646805,89.47801375862535,89.63127885816539,7009500,TLT
2013-04-19,89.64585876464844,89.75533540230181,89.4998880583729,89.7261412610467,5474300,TLT
2013-04-22,89.71154022216797,89.98158184905348,89.52908101789174,89.65315194042846,4519400,TLT
2013-04-23,89.3977279663086,90.3465182447252,89.31744545498654,89.959705545563,8042900,TLT
2013-04-24,89.62395477294922,89.63854905787801,89.25903639939196,89.38310731003043,3673600,TLT
2013-04-25,89.23710632324219,89.3100944277438,89.11303545472639,89.22251204326821,4297800,TLT
2013-04-26,90.05452728271484,90.14210966920912,89.7771914111324,89.91585656281826,4898800,TLT
2013-04-29,89.72613525390625,90.30270697661383,89.59476441116006,90.1932303462899,4916000,TLT
2013-04-30,89.77722930908203,90.27351857229496,89.52908189336902,89.95968851514247,4477400,TLT
2013-05-01,90.69947814941406,90.88232525163768,90.27527153304311,90.29721229250184,10724600,TLT
2013-05-02,90.58248901367188,90.67025766613696,90.33381953510016,90.39232639002397,4171800,TLT
2013-05-03,88.44686126708984,89.36841285774706,88.37372349197044,89.3464720832167,11283600,TLT
2013-05-06,88.22742462158203,88.68088766423074,88.00069589028439,88.60774990381732,5121900,TLT
2013-05-07,87.8836441040039,88.13231351350116,87.80319092327213,87.90558486601233,5049200,TLT
2013-05-08,88.02265930175781,88.37372845411971,87.89100906712896,87.964146846355,5732900,TLT
2013-05-09,87.79589080810547,88.73206735096254,87.75200927642541,88.13964435307226,7527000,TLT
2013-05-10,86.85236358642578,87.61300811396765,86.19411297797127,87.59106735702751,11689000,TLT
2013-05-13,86.18679809570312,86.442788475145,86.03320721606808,86.21605429849791,8050800,TLT
2013-05-14,85.25067138671875,86.62568581557122,85.23604606686118,86.55985792607876,9236100,TLT
2013-05-15,85.82115173339844,86.09908302473215,85.14827543447522,85.9601173790653,14608600,TLT
2013-05-16,86.71343231201172,86.99136355663502,86.25265949389477,86.2819157080684,8458400,TLT
2013-05-17,85.6163101196289,86.41352624504357,85.55780329817028,86.26724524127266,7435500,TLT
2013-05-20,85.51394653320312,86.06248793676379,85.41886803207123,86.03323172563435,5839800,TLT
2013-05-21,86.18679809570312,86.20874443283681,85.14822800671368,85.52123761728458,7781800,TLT
2013-05-22,84.90690612792969,86.70612712644241,84.69480832880716,86.31848645274489,18361500,TLT
2013-05-23,85.30918884277344,85.7480210049992,84.67287858051117,85.6821986916895,9207100,TLT
2013-05-24,85.42618560791016,85.87964294158324,85.36035773621616,85.5578357712463,5357600,TLT
2013-05-28,83.26130676269531,85.0385819502503,83.24668144043481,84.90693172968867,13567500,TLT
2013-05-29,84.19746398925781,84.24134552294976,83.71474479843603,83.83176966168467,11298600,TLT
2013-05-30,83.99266052246094,84.38030115098347,83.76593185185783,84.29253251395069,10011800,TLT
2013-05-31,83.70743560791016,84.12432694931059,82.7712589521375,84.08776086185094,18158800,TLT
2013-06-03,84.15098571777344,84.67152172973118,83.3591820967,83.41783545977786,15564500,TLT
2013-06-04,83.37380981445312,83.93833279183328,83.3298226091609,83.54976422911201,7504300,TLT
2013-06-05,84.52493286132812,84.54692648424299,83.67447548531916,83.7917822655253,8056100,TLT
2013-06-06,84.4735336303711,85.62457876676514,83.87968399244822,84.22425975204587,8925200,TLT
2013-06-07,82.96330261230469,84.18766244765698,82.96330261230469,83.74044025260122,10459300,TLT
2013-06-10,82.56735229492188,82.93392728285149,82.39139227340256,82.6260000419379,7892600,TLT
2013-06-11,83.54981994628906,83.54981994628906,82.20082587847901,82.31079396504438,12841200,TLT
2013-06-12,82.35481262207031,83.45453858058048,82.31081978015298,82.84602220776594,10193200,TLT
2013-06-13,83.64509582519531,83.70374917815838,82.76531790471584,82.89728515213693,12506300,TLT
2013-06-14,83.44718170166016,84.06303097135005,83.44718170166016,83.65246292705882,6679100,TLT
2013-06-17,83.00724029541016,83.63774971554783,82.84594640744606,83.59375691388193,5982100,TLT
2013-06-18,83.0512924194336,83.34455375463817,82.64072990624403,82.73603746295026,5192700,TLT
2013-06-19,82.19344329833984,83.42513546739607,81.83420138046647,83.38847573162742,17138200,TLT
2013-06-20,80.84445190429688,81.53361472716496,80.1186349357706,81.1963663822589,27898500,TLT
2013-06-21,79.47346496582031,80.94709810333278,79.45147135971415,80.75647752792791,19781000,TLT
2013-06-24,79.80341339111328,80.19931524593649,79.00428220538188,79.05560250544268,24588900,TLT
2013-06-25,79.0922622680664,79.92805326739045,79.07760172136493,79.8400788001944,11078000,TLT
2013-06-26,79.60540771484375,79.9499890205133,79.20950614621209,79.91332929261644,13582200,TLT
2013-06-27,80.41921997070312,80.6245010621666,79.87668497927508,80.30924635927904,12026000,TLT
2013-06-28,80.9691162109375,80.99844289245036,79.70809687334781,79.92071111919655,12017000,TLT
2013-07-01,81.13224792480469,81.1983796606609,80.4121150320896,80.63256536418,5500400,TLT
2013-07-02,81.08075714111328,81.41878228057523,81.00727560890563,81.19833207767074,5333900,TLT
2013-07-03,80.83831787109375,81.30860669113794,80.83831787109375,81.05876260195417,3839000,TLT
2013-07-05,78.08271789550781,78.99390179764643,78.0165805508276,78.8322389620782,14511900,TLT
2013-07-08,78.839599609375,79.03800045804299,78.58975548207869,78.67793675164546,8044200,TLT
2013-07-09,78.92045593261719,79.08211884134107,78.67796156953136,78.98658770093827,4700400,TLT
2013-07-10,78.30318450927734,78.9130924297836,78.11213347411775,78.9130924297836,10792200,TLT
2013-07-11,79.22172546386719,79.26581891194127,78.58242933280779,78.9571872005712,10035500,TLT
2013-07-12,79.15554809570312,79.70666822566064,78.87631030850298,79.61113714844632,4730800,TLT
2013-07-15,79.57440948486328,79.59645339591354,79.14085867783109,79.21434585637813,4574800,TLT
2013-07-16,79.84624481201172,79.91972633581445,79.5596573385036,79.67723226161266,3650200,TLT
2013-07-17,79.99323272705078,80.36064606656277,79.84626963375905,80.23572687663652,5932000,TLT
2013-07-18,78.99390411376953,79.8536503758249,78.97921004023479,79.80956254893546,9066400,TLT
2013-07-19,80.24310302734375,80.25045286681687,79.5450196470888,79.58910747135776,8523800,TLT
2013-07-22,80.36067199707031,80.60316622490326,80.19165933959401,80.36067199707031,3972600,TLT
2013-07-23,80.02264404296875,80.09612560575395,79.59644313001715,79.8536314029073,5015500,TLT
2013-07-24,79.00857543945312,79.28046337498922,78.47215501245837,79.10410651192225,8853100,TLT
2013-07-25,78.9791488647461,79.06732445022614,78.48681088526544,78.60438580761333,6443400,TLT
2013-07-26,79.4642105102539,79.56708586658016,79.09679692157832,79.39072891377607,6795500,TLT
2013-07-29,78.8836441040039,79.22901354554452,78.67789352766893,79.10409435366725,6397800,TLT
2013-07-30,78.85430145263672,79.18497704137351,78.66325042584981,79.14823344052952,3635400,TLT
2013-07-31,79.14088439941406,79.30254727470424,77.78145524873479,77.93576828252456,10483100,TLT
2013-08-01,77.61595153808594,78.44839090360776,77.35074852209446,78.44839090360776,13568600,TLT
2013-08-02,78.47052764892578,78.53683124473821,78.07272855556205,78.09482788070696,9568400,TLT
2013-08-05,77.86639404296875,78.2715667543169,77.74852919445048,78.2273681386692,6611800,TLT
2013-08-06,78.09476470947266,78.09476470947266,77.60118915885533,77.74115893205446,4589000,TLT
2013-08-07,78.6767578125,78.77989168664352,78.21264975847953,78.21264975847953,7183400,TLT
2013-08-08,78.890380859375,79.26608600590774,78.66938212993594,78.80935192617588,5510900,TLT
2013-08-09,79.01567077636719,79.02303347118345,78.44106583954637,78.52946314036328,3623400,TLT
2013-08-12,78.47785186767578,79.28819184980222,78.43365324222101,79.27346084810881,7562800,TLT
2013-08-13,77.34337615966797,77.61594747304333,77.20341196771822,77.5938481595973,11485600,TLT
2013-08-14,77.46125793457031,77.615958771587,77.25499015188139,77.30655709755362,6431600,TLT
2013-08-15,76.4151840209961,77.07818601648412,76.3857163913604,76.68774975946874,11846300,TLT
2013-08-16,76.14994049072266,76.59194345952258,75.63426567681218,76.58457515093698,10175900,TLT
2013-08-19,75.4869613647461,75.88476587105758,75.29542461273505,75.82583062115037,9022000,TLT
2013-08-20,76.06890869140625,76.14257491879178,75.76686985264085,75.79633746766963,10050100,TLT
2013-08-21,75.23649597167969,76.02473674221046,75.22176496809628,75.70796677160229,13248800,TLT
2013-08-22,76.00260925292969,76.04681348804418,75.3175026225735,75.4795717037892,8751200,TLT
2013-08-23,76.82770538330078,76.90137163357512,75.68585883273721,75.88476389089004,17441200,TLT
2013-08-26,77.2107925415039,77.2697278045932,76.85719220372022,77.02662405963189,5879100,TLT
2013-08-27,78.18321990966797,78.2716228246646,77.38024784153016,77.5644163658235,11573300,TLT
2013-08-28,77.54962921142578,77.77063354474022,77.3065311892283,77.65276868857987,7497900,TLT
2013-08-29,78.16842651367188,78.31575896736807,77.19601770630759,77.26231562435902,6672400,TLT
2013-08-30,78.0800552368164,78.58836196220935,77.89588678505085,78.10215455176825,8987600,TLT
2013-09-03,76.97877502441406,77.31115089694022,76.45435687865508,77.25206009975957,12084300,TLT
2013-09-04,76.80890655517578,77.29639728169204,76.77936115036785,77.14867025765237,4579600,TLT
2013-09-05,75.7378921508789,76.52082544575087,75.73050439284948,76.42480713220131,12290600,TLT
2013-09-06,76.11457824707031,76.68331156102492,75.93730589046507,76.26229957570054,9478400,TLT
2013-09-09,76.15155029296875,76.6759686420413,76.13678040555169,76.66858651593816,6874900,TLT
2013-09-10,75.61971282958984,76.32878547104342,75.60494294829658,75.87823365149357,8069000,TLT
2013-09-11,76.29182434082031,76.30659421560689,75.47934598261554,76.01853375801798,8962400,TLT
2013-09-12,76.18846893310547,76.8162932799865,76.12199036438105,76.70549942225226,6254400,TLT
2013-09-13,76.48388671875,76.6906988316036,76.24752921331626,76.45434132616985,6106200,TLT
2013-09-16,75.97427368164062,77.11913422376446,75.96688592127833,77.0600434112862,8231600,TLT
2013-09-17,76.60211181640625,76.62426946626009,76.05553579090456,76.35098427111477,8795300,TLT
2013-09-18,77.54750061035156,77.9611305135893,76.06288251894144,76.5429797006725,19749200,TLT
2013-09-19,77.08954620361328,77.62134631631672,76.93443713300725,77.59180656161674,11627800,TLT
2013-09-20,77.49581909179688,77.68786139893028,77.1486676410898,77.32594006392506,8421000,TLT
2013-09-23,78.06456756591797,78.09411297324837,77.63616761244246,77.71002831316335,10242100,TLT
2013-09-24,78.90660095214844,78.9139830784154,78.17536471653486,78.28615859785913,11446600,TLT
2013-09-25,79.0690689086914,79.23894791393252,78.58157826365066,78.69237210436071,8130900,TLT
2013-09-26,78.51506805419922,78.75142550570571,78.43381965194328,78.64801947287201,5117100,TLT
2013-09-27,78.70712280273438,78.89916503747646,78.47815305356212,78.50769844623072,6460000,TLT
2013-09-30,78.5889892578125,78.95829841256236,78.42649232808888,78.78103159614137,8438800,TLT
2013-10-01,78.35050964355469,78.52083366953521,78.15055716961287,78.42456381354496,7592500,TLT
2013-10-02,78.46898651123047,78.8540771925638,78.3208781876225,78.44677082768631,5967200,TLT
2013-10-03,78.3431167602539,78.80226173753715,78.27646404017749,78.3134939568835,6648900,TLT
2013-10-04,78.28385925292969,78.33569773845448,78.0172597130961,78.2542364540625,5545300,TLT
2013-10-07,78.60228729248047,78.76520984056643,78.48380176203551,78.64671866015101,5761100,TLT
2013-10-08,78.62451171875,78.8763026801447,78.37272640732637,78.48381048882489,5904000,TLT
2013-10-09,77.9950180053711,78.45416275967384,77.98020943586359,78.40232429144362,8439000,TLT
2013-10-10,78.12095642089844,78.15057922724964,77.39521744019798,77.60997854876477,9944100,TLT
2013-10-11,78.09867095947266,78.66889958486973,78.06164672208857,78.61706113255795,6500800,TLT
2013-10-14,77.46927642822266,78.23204537658825,77.26192242089682,78.04690706290833,4205600,TLT
2013-10-15,77.41740417480469,77.98022598501122,77.40999706349433,77.86914191523788,8291000,TLT
2013-10-16,78.38751983642578,78.39492694708686,77.21744495065552,77.36555891402708,14460200,TLT
2013-10-17,79.09844207763672,79.32801728563545,78.71335711094537,78.8836810894931,11303400,TLT
2013-10-18,79.26878356933594,79.59462865528036,79.22435220305998,79.32062204664798,9487800,TLT
2013-10-21,79.01697540283203,79.17989791025558,78.83924432653774,79.17249645080473,6161600,TLT
2013-10-22,79.89824676513672,80.06857640711515,79.65386296793852,79.68348576002042,9708500,TLT
2013-10-23,80.20931243896484,80.52034906591143,80.00936556804493,80.03158125926133,9163100,TLT
2013-10-24,79.89824676513672,80.47587708580893,79.88343819408072,80.43144572267103,7631400,TLT
2013-10-25,80.19447326660156,80.3129587912099,80.0389578374449,80.07598209202305,4429500,TLT
2013-10-28,79.92049407958984,80.26114784840905,79.91309261611725,79.98714680064802,6466400,TLT
2013-10-29,80.02417755126953,80.03158466531434,79.61687667836584,79.6983379829411,5270500,TLT
2013-10-30,79.54279327392578,80.13523223055509,79.39467929729058,79.9278783132363,10199300,TLT
2013-10-31,79.71312713623047,79.98713378939183,79.34285062383626,79.91307961690723,11452100,TLT
2013-11-01,78.85028076171875,79.45173601591432,78.81315151622107,79.4294607346667,11349500,TLT
2013-11-04,78.92454528808594,79.20670833426531,78.87256773576004,79.05820266051371,4733200,TLT
2013-11-05,77.9815444946289,78.58300571751077,77.9592692021389,78.55330343914731,8753400,TLT
2013-11-06,78.0186538696289,78.07063142723177,77.73649079480322,77.92212573840328,5643000,TLT
2013-11-07,78.67945861816406,78.74629009684158,77.94434634346096,78.00375084336876,7893700,TLT
2013-11-08,76.78601837158203,77.30579379585726,76.7711644079586,77.20183871100221,16889900,TLT
2013-11-11,76.49644470214844,76.91227082612205,76.4518941287376,76.87514157152711,4927200,TLT
2013-11-12,76.85286712646484,76.91969298731293,76.61525462379011,76.63752991073946,4839500,TLT
2013-11-13,77.135009765625,77.25381881804762,77.03105467731893,77.12758844869417,5782900,TLT
2013-11-14,77.61024475097656,78.05577309044783,77.33550869544787,77.4543120982129,8895500,TLT
2013-11-15,77.76622009277344,77.77364141420387,77.45434897363845,77.71424251710609,6344800,TLT
2013-11-18,78.23399353027344,78.27112278620598,77.70679095377993,77.70679095377993,5451300,TLT
2013-11-19,77.6399917602539,78.07066638186322,77.52861527633031,77.9295819487181,7251100,TLT
2013-11-20,76.31819152832031,77.84782073723112,76.22166345474237,77.53595557786348,14190900,TLT
2013-11-21,76.44445037841797,76.62266396323189,75.85784907340361,76.11773680318105,8903000,TLT
2013-11-22,77.1573257446289,77.3206797681888,76.83803335267959,76.84545467298004,7950700,TLT
2013-11-25,77.38005828857422,77.53599093937359,77.10531657137832,77.10531657137832,3755500,TLT
2013-11-26,77.66963195800781,77.9146713570268,77.5805308420932,77.58795215833482,6659200,TLT
2013-11-27,77.53598022460938,77.74389039694391,77.19441270361303,77.7290420982603,6063000,TLT
2013-11-29,77.55829620361328,77.66967833013335,77.1870262252999,77.28356004534476,5084400,TLT
2013-12-02,76.95503234863281,77.38698878800321,76.87310937971799,77.3050658190884,7527800,TLT
2013-12-03,77.238037109375,77.42422464623552,77.05184957251448,77.23058801694262,5076900,TLT
2013-12-04,76.500732421875,76.74650132253926,76.24751442913207,76.52307401611858,8502700,TLT
2013-12-05,76.28474426269531,76.59753790531306,76.12834744138644,76.32198403624147,7445700,TLT
2013-12-06,76.64968872070312,76.7018210070836,76.2326304296594,76.38157819589128,7352000,TLT
2013-12-09,76.82843780517578,76.88057009491278,76.58266886127556,76.63480115101257,5678800,TLT
2013-12-10,77.37953186035156,77.41676595391091,77.04439092636542,77.33484299329155,7040400,TLT
2013-12-11,76.78376770019531,77.28274912139064,76.72418630250174,77.11890880072555,8190900,TLT
2013-12-12,76.49325561523438,76.82839645343924,76.43367426417701,76.73157533747344,6208600,TLT
2013-12-13,76.86568450927734,76.93271499678139,76.55289071957678,76.81355221099392,6471300,TLT
2013-12-16,76.58261108398438,77.2230962643965,76.50813725225976,77.1411733449027,6376400,TLT
2013-12-17,76.92525482177734,77.00717780470737,76.40392623204141,76.41882441911608,6014400,TLT
2013-12-18,76.53793334960938,77.24544905866908,76.30706273315315,76.5826222007225,12973200,TLT
2013-12-19,76.46349334716797,76.71671134224127,76.29964741188392,76.60499768800283,6708400,TLT
2013-12-20,77.64026641845703,77.67005713057718,76.93275547209497,77.24554942636047,12425700,TLT
2013-12-23,77.20075988769531,77.75932218627004,77.20075988769531,77.49121182839501,6378600,TLT
2013-12-24,76.58261108398438,76.96987841814585,76.5602695026659,76.88051209287197,4897000,TLT
2013-12-26,76.2874984741211,76.48176794392894,76.2202546387429,76.4742945064772,4645300,TLT
2013-12-27,76.07085418701172,76.44444644715901,75.98119569293829,76.26512375844665,4755000,TLT
2013-12-30,76.59386444091797,76.64616711406734,76.27257496283936,76.32487763598871,4491700,TLT
2013-12-31,76.1081771850586,76.62373606738726,75.59261830272993,76.4294665942462,7218600,TLT
2014-01-02,76.3398666381836,76.50424819979371,75.98122114064097,76.00363577166647,8580800,TLT
2014-01-03,76.3398666381836,76.54907746184469,76.03352384655625,76.07087966474293,4083800,TLT
2014-01-06,76.66107940673828,76.95995415522042,76.4892302742402,76.49669801004504,7796200,TLT
2014-01-07,76.85537719726562,76.95250910361175,76.63121962808069,76.82548914133672,4428100,TLT
2014-01-08,76.64617156982422,76.72836230391758,76.28752057554742,76.54903395649708,8513000,TLT
2014-01-09,77.09445190429688,77.11686651411321,76.59383994985855,76.93754393502047,6991100,TLT
2014-01-10,78.01353454589844,78.11066647640976,77.47556080646453,77.53533123262869,13197400,TLT
2014-01-13,78.40203857421875,78.5589465726319,78.05833452523333,78.08822257739246,9667400,TLT
2014-01-14,78.0434341430664,78.32736795744954,77.99860488840231,78.19287449289081,10343100,TLT
2014-01-15,77.9612045288086,78.08823018800581,77.65486194030618,77.73705266661347,7507500,TLT
2014-01-16,78.4842529296875,78.50666755041672,78.24515414096791,78.3422860643161,7137700,TLT
2014-01-17,78.81301879882812,78.84290116052227,78.2974597008466,78.34976238465886,7588600,TLT
2014-01-21,78.8727798461914,79.00727326008617,78.75323331193181,78.79058910989104,6436000,TLT
2014-01-22,78.67845153808594,79.01468194699824,78.63361663648722,78.73075417281807,4646700,TLT
2014-01-23,79.79178619384766,80.01593799078675,79.11184596517319,79.11184596517319,12960600,TLT
2014-01-24,80.30736541748047,80.31483315554868,79.94124103185483,80.09068130167041,11122200,TLT
2014-01-27,79.74697875976562,80.39702541908623,79.7245584434412,80.11309745184211,9218200,TLT
2014-01-28,79.94125366210938,79.94125366210938,79.61249641770016,79.88148324530317,5661500,TLT
2014-01-29,80.59878540039062,80.80799612580367,79.94125946273277,80.22519319056312,11709400,TLT
2014-01-30,80.36711120605469,80.449301904135,80.0308806779528,80.29986738065898,5956900,TLT
2014-01-31,80.90513610839844,81.00227374099244,80.58384654791544,80.84535998073525,14690900,TLT
2014-02-03,81.89095306396484,81.90593242879616,80.61000305338226,80.74484019739798,20780300,TLT
2014-02-04,81.02198791503906,81.40402163703008,80.87965826461175,81.29165642433126,9573500,TLT
2014-02-05,80.27288055419922,80.73731497268903,80.16051536048579,80.66989928553967,10312200,TLT
2014-02-06,79.92828369140625,80.16799341137447,79.79344661672846,80.13054216098818,5708700,TLT
2014-02-07,79.99569702148438,80.31780746101136,79.7335154346903,79.74849479030856,7039200,TLT
2014-02-10,80.22046661376953,80.24294423249158,79.8309402829182,79.8609047260811,4370500,TLT
2014-02-11,79.75603485107422,79.9208364367275,79.52381755227191,79.86090754828388,5904900,TLT
2014-02-12,79.34400177001953,79.5612396245577,79.11927709352337,79.53127519133196,6723300,TLT
2014-02-13,79.79344940185547,79.9507640904126,79.6286536071688,79.84588572633093,6874600,TLT
2014-02-14,79.83837890625,79.88332268307644,79.60615605734496,79.83088637173582,4989100,TLT
2014-02-18,80.01818084716797,80.3028343674104,79.86836440812056,79.8983288389562,4855800,TLT
2014-02-19,79.68111419677734,80.28787838121742,79.62867785633354,80.28787838121742,5522500,TLT
2014-02-20,79.48628997802734,79.8758159767139,79.17167216580418,79.64359888413892,5103200,TLT
2014-02-21,79.90583801269531,79.91333055128284,79.3664895370412,79.3664895370412,5250700,TLT
2014-02-24,79.70358276367188,79.9582719165646,79.53128867220215,79.92830747825977,3816700,TLT
2014-02-25,80.41524505615234,80.42273759688351,80.07066247926119,80.08564756072352,6225400,TLT
2014-02-26,80.84220886230469,80.84220886230469,80.33282480346331,80.3852611456176,7203900,TLT
2014-02-27,81.28412628173828,81.32157752259057,80.97699524505254,81.11183228540473,5394700,TLT
2014-02-28,81.3291015625,81.4564461179615,80.73731686254615,81.11186370693736,8462600,TLT
2014-03-03,81.87198638916016,81.98462440642703,81.57913098167077,81.75934837189327,11089400,TLT
2014-03-04,80.64048767089844,81.36136293652353,80.61796121400505,81.36136293652353,8068100,TLT
2014-03-05,80.81322479248047,80.93336784235696,80.49783711241037,80.6029644294307,4798500,TLT
2014-03-06,80.01728057861328,80.32515763211289,79.98724337371007,80.16746660312933,7418200,TLT
2014-03-07,79.5141372680664,79.7243918860684,79.29637191970471,79.32640911213481,8270300,TLT
2014-03-10,79.62679290771484,79.67935657383374,79.43155397826898,79.55170277454641,3744300,TLT
2014-03-11,79.8370361328125,79.8520518656907,79.43154259699182,79.58172857081935,3815700,TLT
2014-03-12,80.39266204833984,80.54284793274797,80.18240753917416,80.287534793757,6430500,TLT
2014-03-13,81.47403717041016,81.49656363731799,80.08484966399777,80.12239186584087,11815500,TLT
2014-03-14,81.489013671875,81.83443842818762,81.33883347878815,81.82692769983115,9232800,TLT
2014-03-17,80.8808364868164,81.32387812464187,80.85079928009846,81.23376650448803,7381900,TLT
2014-03-18,81.17363739013672,81.21118530548439,80.7981811526902,80.85825552564344,4819500,TLT
2014-03-19,80.5428695678711,81.08352743895846,80.20495553393788,81.03846879702968,11557600,TLT
2014-03-20,80.40020751953125,80.82071671958447,80.34013313980702,80.41522324995822,5224400,TLT
2014-03-21,81.27127075195312,81.33885013397783,80.62548547723384,80.65552266780314,8986200,TLT
2014-03-24,81.84947204589844,81.91705142885635,81.06101153733918,81.1361073793036,7536400,TLT
2014-03-25,81.54163360595703,81.71434610334823,81.22625154534119,81.40647477627402,5032000,TLT
2014-03-26,82.17991638183594,82.20995358779264,81.45904062590894,81.51160430408034,7147200,TLT
2014-03-27,82.5928726196289,82.89323879579243,82.1648526805236,82.33005436386395,9772200,TLT
2014-03-28,82.1273193359375,82.51779139670614,81.86449532285268,82.49526493364377,6027000,TLT
2014-03-31,81.92454528808594,83.4038436976213,81.35385023492859,81.65421635390652,7488400,TLT
2014-04-01,81.22444152832031,81.57827957526818,81.18679698316583,81.50299622871039,9067300,TLT
2014-04-02,80.7576904296875,80.96849188003779,80.68240706929565,80.84803390840905,6887200,TLT
2014-04-03,81.11148834228516,81.26206073219643,80.88563837304228,80.94586158525743,4937400,TLT
2014-04-04,81.6535415649414,81.82669838611034,81.19430580417777,81.20936591580097,8977500,TLT
2014-04-07,82.14287567138672,82.27838793063111,81.75892331290285,81.77398342156809,7562500,TLT
2014-04-08,82.33868408203125,82.41396745555754,81.84933353848055,82.082713719538,4213800,TLT
2014-04-09,81.93211364746094,82.32359047682048,81.78907127531471,81.96975244703827,5771500,TLT
2014-04-10,82.6924819946289,82.97856673586632,81.98481168637244,81.99986605729244,12706400,TLT
2014-04-11,83.36249542236328,83.4076642659648,82.9107840113514,83.21945309262624,10267000,TLT
2014-04-14,83.14422607421875,83.33996169153632,83.03882820527758,83.17434057159524,4142600,TLT
2014-04-15,83.66365814208984,83.94974290222397,83.07643999365843,83.27218129105263,7752000,TLT
2014-04-16,83.76905822753906,83.76905822753906,83.09902665619741,83.13667120262166,5523000,TLT
2014-04-17,82.8505859375,83.90456423296722,82.58708561988226,83.8443410044769,8622500,TLT
2014-04-21,82.78285217285156,83.27973272986183,82.69250868691715,83.09152144197964,4316300,TLT
2014-04-22,83.06136322021484,83.18181539429774,82.51931407746764,82.55695861272773,5748700,TLT
2014-04-23,83.53562927246094,83.60338826765036,83.21190589127323,83.26460477919923,5748600,TLT
2014-04-24,83.69378662109375,83.72390111370808,83.15173724154013,83.15173724154013,6337800,TLT
2014-04-25,83.81420135498047,84.31107586741778,83.80667129977331,83.93465351954892,5976500,TLT
2014-04-28,83.40766143798828,83.7765537169746,83.22698032595912,83.6485715019435,7606000,TLT
2014-04-29,83.29473114013672,83.3624901449986,82.8430255014698,82.9408932376605,5235200,TLT
2014-04-30,83.64105987548828,83.76151780588064,83.09901067622314,83.35498090643179,7721400,TLT
2014-05-01,84.5383529663086,84.58363720049873,83.64783979643985,83.67802736666985,11556500,TLT
2014-05-02,85.05908203125,85.3534036561786,83.99499748520593,84.17611715646417,12702100,TLT
2014-05-05,84.54589080810547,85.13453396032763,84.44023720425481,85.0968038204893,8043000,TLT
2014-05-06,84.88551330566406,85.05153631744267,84.5534557667254,84.60628257903922,6522600,TLT
2014-05-07,84.5836410522461,84.95342872844478,84.47798743047504,84.75721239185972,8199200,TLT
2014-05-08,84.22140502929688,85.09682742712636,84.11575139613693,84.77986076995533,10878800,TLT
2014-05-09,83.94970703125,84.37986981718421,83.75349646762395,84.16856259008532,6000600,TLT
2014-05-12,83.61009979248047,83.86668547264296,83.42143181905878,83.7761285303219,4563800,TLT
2014-05-13,84.33464813232422,84.33464813232422,84.01768707823722,84.10070151016866,5501000,TLT
2014-05-14,85.24776458740234,85.45152929033165,84.94589457864618,84.99872139835163,8851400,TLT
2014-05-15,85.92696380615234,86.34203575475877,85.73074745247558,85.86658865768395,12627900,TLT
2014-05-16,85.68545532226562,86.03260373412965,85.59489261398757,85.73828212933863,5019200,TLT
2014-05-19,85.05152130126953,86.00240951272589,84.99115192477699,85.97977027682998,7403300,TLT
2014-05-20,85.24020385742188,85.6401848715276,84.96852146482097,84.9760697973073,6549800,TLT
2014-05-21,84.719482421875,84.82513604386587,84.4251607952304,84.68929485020753,8224600,TLT
2014-05-22,84.59874725341797,84.82515120253821,84.3648007283009,84.71949756166653,6495700,TLT
2014-05-23,85.05152130126953,85.21000746792035,84.8628533252173,84.91568012820434,3835000,TLT
2014-05-27,85.54962158203125,85.57980915408378,84.82513712584263,85.16473723547489,6658300,TLT
2014-05-28,86.606201171875,86.66657058449788,86.10056631759485,86.10811465330764,10361000,TLT
2014-05-29,86.1458511352539,86.93071108139446,86.13075446373,86.6892161562507,10692000,TLT
2014-05-30,86.10807800292969,86.33448191640333,85.889222421956,86.00242437869284,6518900,TLT
2014-06-02,85.46800994873047,86.0127786455515,85.15779796849836,85.52854108672548,11728200,TLT
2014-06-03,84.41626739501953,85.15019123336627,84.3708719485451,85.05183250848354,12694100,TLT
2014-06-04,84.39358520507812,84.60543835770456,84.18929411321302,84.56004290287474,7882000,TLT
2014-06-05,84.43141174316406,84.71893168023804,84.0001376101185,84.08336645794883,6915600,TLT
2014-06-06,84.43141174316406,85.05184707155931,84.35575072856342,84.83998814908598,7832800,TLT
2014-06-09,84.31036376953125,84.46925364797214,84.13633822310591,84.32549366494973,5162800,TLT
2014-06-10,84.0000991821289,84.18925451837926,83.85634505192131,84.01523484166407,5986000,TLT
2014-06-11,84.15143585205078,84.39355447726315,83.87148384654509,84.18170140177274,5569700,TLT
2014-06-12,84.9005355834961,85.00646217880393,83.98502385401169,84.21201271399508,9775900,TLT
2014-06-13,84.85511779785156,85.21073089107738,84.38601030449081,84.4162758626978,5412500,TLT
2014-06-16,85.0669937133789,85.21831577237235,84.81730712072984,84.90053598494619,5184600,TLT
2014-06-17,84.39358520507812,84.80972367700419,84.34818975024831,84.79459378291607,6668800,TLT
2014-06-18,85.04423522949219,85.31661935915298,84.40867033609618,84.59026360424498,11256500,TLT
2014-06-19,83.95469665527344,85.16528955047953,83.78823904982718,85.12746194996319,14215500,TLT
2014-06-20,84.59028625488281,84.59028625488281,83.90932574839084,83.96228902264222,7319100,TLT
2014-06-23,84.32548522949219,84.87782160435249,84.29522544168226,84.80216058969687,5821700,TLT
2014-06-24,85.18048095703125,85.23344425046697,84.60544679075336,84.85513336233579,9698300,TLT
2014-06-25,85.39990234375,85.77064539944494,85.26371019251589,85.57392212042544,5699300,TLT
2014-06-26,85.8084487915039,86.10353072056434,85.6571210249575,85.6571210249575,6628900,TLT
2014-06-27,85.6798324584961,86.11867439286428,85.62686917486992,86.01274782561195,7216500,TLT
2014-06-30,85.89167785644531,86.10353674443209,85.56633035131405,85.921943411872,5593100,TLT
2014-07-01,85.17253875732422,85.5214814922417,85.11185155452547,85.33942567129567,8019200,TLT
2014-07-02,84.26226043701172,84.70981557079571,84.17881697351798,84.67947196702974,9382500,TLT
2014-07-03,83.95879364013672,84.09533690392192,83.70087601412108,83.73121960467869,6173900,TLT
2014-07-07,84.57324981689453,84.81599279519082,84.37602512590007,84.40636293416912,5928900,TLT
2014-07-08,85.52152252197266,85.61255336984367,85.14223600368962,85.14223600368962,6352100,TLT
2014-07-09,85.58975982666016,85.82491551359011,85.24839863641134,85.4608038555986,6395200,TLT
2014-07-10,85.6125259399414,86.21938648973982,85.58218233370637,86.12835567103473,7196900,TLT
2014-07-11,86.15870666503906,86.23456279340544,85.93113249248829,85.98423236108992,4676500,TLT
2014-07-14,85.7870101928711,86.0297590873226,85.66564153309753,85.93114090208863,4743300,TLT
2014-07-15,85.6125259399414,86.07525580698619,85.33943927127723,85.58976968212791,7720000,TLT
2014-07-16,86.06768035888672,86.15871119017838,85.67322499819336,85.71873752011324,4615800,TLT
2014-07-17,87.1524429321289,87.27381737816424,86.4318009680135,86.65178781086345,10901000,TLT
2014-07-18,86.87176513671875,87.20553906153435,86.56075326014665,87.14485184112209,6677900,TLT
2014-07-21,87.30415344238281,87.71378350831675,87.24347200804047,87.24347200804047,5724100,TLT
2014-07-22,87.4862060546875,87.58481843930991,86.97037629771752,87.30414440814415,5753200,TLT
2014-07-23,87.3724136352539,87.71376907363076,87.36482628691523,87.62274404337083,3489600,TLT
2014-07-24,86.72001647949219,86.91724696933473,86.66691663077874,86.87172867940217,6609000,TLT
2014-07-25,87.74411010742188,87.75169745553814,87.35724216525563,87.4937797066431,7041800,TLT
2014-07-28,87.62277221679688,87.91861523516641,87.32692919842732,87.6834536606641,5138300,TLT
2014-07-29,87.94137573242188,88.04757549861677,87.55450184845296,87.89586320046784,6579300,TLT
2014-07-30,86.72001647949219,87.52410155642413,86.60622943583498,87.34963310527259,12251200,TLT
2014-07-31,86.46214294433594,86.91728553345646,86.07526913923007,86.12078166190652,18254000,TLT
2014-08-01,87.13141632080078,87.36719837100901,85.98295295818635,86.38605653074721,14951200,TLT
2014-08-04,86.9032974243164,87.3216101748681,86.9032974243164,87.10865011237247,5183800,TLT
2014-08-05,87.1847152709961,87.31401743864694,86.4621712997378,86.75879510290507,8032000,TLT
2014-08-06,87.23796844482422,87.82361456697397,87.16191208944485,87.82361456697397,7289200,TLT
2014-08-07,88.05171966552734,88.05171966552734,87.13903245856578,87.34438504917883,9745500,TLT
2014-08-08,87.8615951538086,88.54611360950861,87.75511514989137,88.17343359579833,9536700,TLT
2014-08-11,87.85399627685547,88.08977260665252,87.68666889336394,87.9604762840364,6668800,TLT
2014-08-12,87.28353881835938,87.80072975534497,87.26072250981527,87.77791344680087,8122400,TLT
2014-08-13,87.85399627685547,87.8615978468504,87.29877412279042,87.36722887182113,8210500,TLT
2014-08-14,88.56133270263672,88.60696533434884,87.76272683132287,88.17343792490782,9028200,TLT
2014-08-15,89.52723693847656,90.02161159713212,88.75145338694732,88.76666232599841,17606700,TLT
2014-08-18,88.63738250732422,89.2154209449957,88.5232951337052,89.14696619973434,7595300,TLT
2014-08-19,88.36359405517578,89.10135265281814,88.21148139292474,89.04811264075767,5936900,TLT
2014-08-20,88.21903991699219,88.31031095144209,87.89960000050243,88.25707096536047,7275600,TLT
2014-08-21,88.71345520019531,88.80472627648571,88.2418966767838,88.27992774258628,6790700,TLT
2014-08-22,89.20782470703125,89.31430472163917,88.38640247771959,88.78950621912469,10149900,TLT
2014-08-25,89.5424575805664,89.58048283206168,89.14695550649121,89.32949180075136,5760700,TLT
2014-08-26,89.25347900390625,89.74024656103661,89.14699896345442,89.70222129100496,5487600,TLT
2014-08-27,90.0140151977539,90.05965362591749,89.29147154892073,89.51964047884066,7265800,TLT
2014-08-28,90.4855728149414,90.78980385490634,90.2573980842866,90.60726174929272,9463600,TLT
2014-08-29,90.54644012451172,90.83545648463,90.318265343606,90.44756167818058,8512900,TLT
2014-09-02,88.98445892333984,89.47995582661052,88.9615847353432,89.40372598118152,10506000,TLT
2014-09-03,89.4799575805664,89.4799575805664,88.66428600496239,88.73289693836846,6553900,TLT
2014-09-04,88.38983917236328,89.09878768092969,88.37459553190493,88.90059127515329,12528900,TLT
2014-09-05,88.22212982177734,88.88533573162344,88.0010592465076,88.76336916841854,6886000,TLT
2014-09-08,88.26024627685547,88.90820857994623,88.00868259411419,88.74050527408215,9326400,TLT
2014-09-09,88.19168853759766,88.34414828516122,88.0087298613615,88.03922297406753,5353100,TLT
2014-09-10,87.63516998291016,87.75714239277892,87.50557865939807,87.64279471251811,8729400,TLT
2014-09-11,87.345458984375,88.07727570036249,87.33783425784407,87.86382988519476,9274800,TLT
2014-09-12,86.43070220947266,86.842350290734,86.30873563870828,86.66702225476706,11114900,TLT
2014-09-15,86.560302734375,86.9567013749296,86.41546197342056,86.78899224455365,5510700,TLT
2014-09-16,86.20966339111328,86.79664554062403,86.20204447610764,86.60606797810131,9304700,TLT
2014-09-17,85.98857116699219,86.77374954411374,85.9352096991091,86.54505421549256,12917000,TLT
2014-09-18,86.26298522949219,86.50692414832157,86.02666522165312,86.27822886743539,7031200,TLT
2014-09-19,87.36071014404297,87.42169632961729,86.29347516034316,86.58315663383988,13236900,TLT
2014-09-22,87.4674301147461,87.69612539496558,87.23874065048919,87.40644974718846,6617200,TLT
2014-09-23,88.00869750976562,88.02394696849629,87.49032641624716,87.59705517946853,6362400,TLT
2014-09-24,87.52081298828125,88.08492659994175,87.39122167856085,87.88672436298093,5223300,TLT
2014-09-25,88.55757141113281,88.56519614133386,87.90198419700488,87.90198419700488,8947800,TLT
2014-09-26,88.42794036865234,88.64901091748946,88.13826472670841,88.44318400624414,7799600,TLT
2014-09-29,89.1369400024414,89.31989283856308,88.93111878880026,89.19030148864213,6791800,TLT
2014-09-30,88.63375091552734,89.22073267229739,88.52702801719856,88.9310570648281,7277500,TLT
2014-10-01,90.35247802734375,90.37540337598884,89.28258372375196,89.32843442104215,17194900,TLT
2014-10-02,89.56536102294922,90.32957060789062,89.5195103135988,90.04681679295442,8251800,TLT
2014-10-03,89.94747924804688,90.0009736937633,89.28262054135092,89.41253479088263,8561500,TLT
2014-10-06,90.00098419189453,90.3219567340901,89.68766121056726,89.88635738802967,4485500,TLT
2014-10-07,91.21605682373047,91.26955126163328,90.31428927732851,90.41363442473188,8837700,TLT
2014-10-08,91.23897552490234,91.338320665061,90.56647323595817,91.28482623105927,9391300,TLT
2014-10-09,90.8415756225586,91.45293965872544,90.77279374309741,91.14725472541444,10291700,TLT
2014-10-10,91.74337768554688,91.7663030438907,91.1778583042649,91.33834164312903,8774400,TLT
2014-10-13,92.30126190185547,92.59930326772171,91.74339199362718,91.8274555409698,6450700,TLT
2014-10-14,92.90495300292969,93.06543630573931,92.22480698273154,92.70625689116042,11285400,TLT
2014-10-15,93.63856506347656,97.57424414421035,93.11125877809943,95.20519646847731,37407500,TLT
2014-10-16,93.04249572753906,94.86131202554888,92.80559267603182,94.85367412937163,18096600,TLT
2014-10-17,92.5228271484375,93.01192067328104,92.0719464238446,92.6145343707662,8524300,TLT
2014-10-20,92.85909271240234,93.11892112905126,92.42349355531911,93.06542670030264,7742500,TLT
2014-10-21,92.1177749633789,92.65271905549331,92.11013123907632,92.3470342183765,9754700,TLT
2014-10-22,92.21715545654297,92.35471339452668,91.87326352681143,92.0643158945413,9260200,TLT
2014-10-23,91.39946746826172,91.84271043787166,90.9867935824652,91.73572155975293,10936300,TLT
2014-10-24,91.49116516113281,92.01847159852505,91.30011278010153,91.65164846154437,5704900,TLT
2014-10-27,91.6593017578125,91.91148649595334,91.44532400159285,91.62108894543475,3391900,TLT
2014-10-28,91.08610534667969,91.43764091350081,91.00204185999918,91.3077267360688,5141300,TLT
2014-10-29,91.29248046875,91.56759639827565,90.49770176461553,90.910375658904,9105100,TLT
2014-10-30,91.368896484375,92.05668627973284,91.33068950324517,91.94969740383901,7024400,TLT
2014-10-31,91.1319580078125,91.48349358223426,90.81099150470406,91.20073404542681,6664200,TLT
2014-11-03,91.13195037841797,91.28516832886284,90.55739621475091,91.0859879156181,9726600,TLT
2014-11-04,91.41545104980469,91.85977459109351,91.22393288662886,91.48439478310614,3664800,TLT
2014-11-05,91.28521728515625,91.44609183590003,91.02474955204464,91.09369912788931,4799600,TLT
2014-11-06,90.6953125,91.10899230434605,90.63402530424459,90.85618700535646,5901900,TLT
2014-11-07,91.7372055053711,91.7372055053711,90.91750795301391,90.94815156226764,8550500,TLT
2014-11-10,90.8945083618164,91.60695606032616,90.82555879374401,91.60695606032616,4787300,TLT
2014-11-11,90.95578002929688,91.01706138029581,90.6570064115845,90.76426192633713,2416500,TLT
2014-11-12,90.879150390625,91.56861659576549,90.7412571495969,91.31581134643605,4040800,TLT
2014-11-13,91.0936508178711,91.30048774637189,90.73359593801118,90.9327705077772,4475900,TLT
2014-11-14,91.53800964355469,91.6146157315293,90.91749273288956,91.04006130471495,5191200,TLT
2014-11-17,91.30815887451172,91.76780108339955,91.07067248826324,91.76013872392888,4726200,TLT
2014-11-18,91.56098175048828,91.60695007442271,91.28520103022818,91.40776958982497,4471200,TLT
2014-11-19,90.978759765625,91.60693889918313,90.978759765625,91.07068471294124,5792500,TLT
2014-11-20,91.45369720458984,91.89035812515013,91.20855433418173,91.85205802191993,5683600,TLT
2014-11-21,92.00530242919922,92.0512707517498,91.56097899411462,91.59928495546193,3640100,TLT
2014-11-24,92.0819091796875,92.13553401916387,91.58396674655086,91.67589170298511,4033900,TLT
2014-11-25,92.84796142578125,92.90158625357421,92.16615753898466,92.21212585185567,6770000,TLT
2014-11-26,93.10079956054688,93.36126727655083,93.05483707611616,93.18506801178316,4339100,TLT
2014-11-28,93.83619689941406,93.97409015088766,93.56041039646686,93.56041039646686,4562200,TLT
2014-12-01,93.28878784179688,94.29461569625717,93.25807478070956,94.19480264116147,7728600,TLT
2014-12-02,92.38275909423828,92.78969684084909,92.3597257663798,92.7820171122574,5757200,TLT
2014-12-03,92.74363708496094,92.75131681412395,92.23688040270687,92.3674123668104,4868600,TLT
2014-12-04,93.51912689208984,93.51912689208984,92.61311215064894,92.71292519936334,4250500,TLT
2014-12-05,92.9739990234375,93.36558329587838,92.536348080563,93.34254996066159,8030700,TLT
2014-12-08,94.11029815673828,94.31760389748693,93.01233164438295,93.22731711120812,6021800,TLT
2014-12-09,94.59403228759766,95.1852482844727,94.4097598343775,94.90115694824172,6639700,TLT
2014-12-10,95.28507232666016,95.51541731325516,94.50190991648655,94.5786896260461,6439200,TLT
2014-12-11,95.67668914794922,95.67668914794922,94.66318140492307,95.0086931449408,7863500,TLT
2014-12-12,96.97427368164062,97.01266061476761,95.99147329532688,96.32163138138978,9317400,TLT
2014-12-15,96.77466583251953,97.28141682468728,96.30630178304631,96.46754100136873,9387400,TLT
2014-12-16,97.9723892211914,98.06452837429751,97.02030807075695,97.7881167728947,7426400,TLT
2014-12-17,97.08942413330078,97.65760688474984,96.51356751125768,97.44262134978706,11558800,TLT
2014-12-18,95.36184692382812,96.05287598865043,95.36184692382812,95.92234990360511,12758200,TLT
2014-12-19,96.64409637451172,96.70551662688283,95.54612954926874,95.65362231331355,7894500,TLT
2014-12-22,96.77466583251953,96.88983837644095,96.22184230803187,96.32165538854034,4118800,TLT
2014-12-23,94.85509490966797,96.43677908067347,94.81670212850308,96.32160659509475,7406100,TLT
2014-12-24,95.37138366699219,95.45602191363791,94.58656322665324,94.68658757708995,4871400,TLT
2014-12-26,95.725341796875,95.86383436100104,95.42525696364515,95.83306214918565,2921300,TLT
2014-12-29,96.44094848632812,96.6871732411704,96.03314900918281,96.11009718023165,4070700,TLT
2014-12-30,96.70252990722656,97.11032926019679,96.5871135561189,96.9333626094419,4372600,TLT
2014-12-31,96.88724517822266,97.07960391112272,96.67950032963257,96.71796855401898,4993300,TLT
2015-01-02,97.96437072753906,98.22598143111898,97.06413404321742,97.17185437106869,9432000,TLT
2015-01-05,99.50328826904297,99.74181111692775,98.45685087139843,98.4953190792688,9789500,TLT
2015-01-06,101.29606628417969,101.94240030865106,100.17269827761362,100.56510571980189,18331300,TLT
2015-01-07,101.09599304199219,101.54226643683982,100.15728206328477,100.56508138707623,9762900,TLT
2015-01-08,99.75717163085938,100.31116537346962,99.58020499494269,100.30347525560819,8055300,TLT
2015-01-09,100.84977722167969,100.88054943325729,99.28781451428904,99.41092684187493,9398800,TLT
2015-01-12,101.42683410644531,101.8038493958884,100.73433619858463,100.79589235088129,6658100,TLT
2015-01-13,101.42683410644531,102.03468203184197,100.90361268224154,101.09597125543024,8260800,TLT
2015-01-14,102.1962890625,103.19654445281671,102.10394894506678,102.88877536974049,12324500,TLT
2015-01-15,103.80442810058594,103.89675649860236,102.08858043317662,102.21939465122072,11454200,TLT
2015-01-16,102.48097229003906,103.62742206196236,102.35785996507195,103.35812705931401,9390500,TLT
2015-01-20,103.84288787841797,103.9582983600438,103.15809162594692,103.20425581859726,7758700,TLT
2015-01-21,102.6425552368164,104.3276186314612,102.30401392675968,104.02753965300654,9803900,TLT
2015-01-22,102.27326202392578,103.24274554876415,101.78082427058281,103.10425293406244,10200000,TLT
2015-01-23,103.69671630859375,103.96601140531901,103.21965881784791,103.33508106556583,7334600,TLT
2015-01-26,103.38121795654297,104.01984998847811,103.14269514450521,103.75054322225827,5966500,TLT
2015-01-27,103.5427474975586,104.74306275738552,103.21957485932944,104.43528208779395,8079600,TLT
2015-01-28,105.2355728149414,105.72801048597266,103.64283756824706,103.68131164611391,12230300,TLT
2015-01-29,104.54300689697266,105.1585565220785,104.22754784040151,104.7353654210287,8881400,TLT
2015-01-30,106.39738464355469,106.56666114563625,105.55100213314688,105.95881315407925,14871200,TLT
2015-02-02,105.99571990966797,106.3349574495883,105.36351411976028,105.39434854867314,13689900,TLT
2015-02-03,103.75213623046875,104.69273326421052,103.59792880963042,104.58479512824837,14008700,TLT
2015-02-04,103.92948150634766,104.07597152692065,102.63421185046046,102.91948622476777,11360400,TLT
2015-02-05,102.78836822509766,103.48996001884537,102.62645518692756,103.31263565465603,8334600,TLT
2015-02-06,100.96884155273438,102.04051703331412,100.68356729258203,101.80921771256459,13685600,TLT
2015-02-09,100.80696868896484,101.75528334130588,100.80696868896484,101.74757767447856,8025500,TLT
2015-02-10,100.00514221191406,100.59109051815432,99.79697156764878,100.33666234502488,8290700,TLT
2015-02-11,100.19013977050781,100.43686219677944,99.42686726352211,99.99739228662288,6506400,TLT
2015-02-12,99.8586196899414,100.6450209534089,99.80464474758452,99.96655781028241,12548300,TLT
2015-02-13,98.83318328857422,99.86630678608952,98.75607960364954,99.85088369623047,8325200,TLT
2015-02-17,97.34516906738281,98.63272055912758,97.0830294893774,98.53249400758187,14968800,TLT
2015-02-18,97.92342376708984,98.48624307087428,97.50708853682126,97.77693381138816,14009200,TLT
2015-02-19,97.27579498291016,98.26266112097993,97.27579498291016,97.74609929592562,8584800,TLT
2015-02-20,97.56109619140625,98.69444679299306,97.14476079641616,97.9543028225949,12502500,TLT
2015-02-23,98.67901611328125,98.81779455934188,98.03909883406754,98.06222759471308,7500500,TLT
2015-02-24,99.97425079345703,100.06676580933652,98.0544877455442,98.41685391023391,11958300,TLT
2015-02-25,100.40605926513672,100.52942053141523,99.51942516306296,99.81240522937993,8019800,TLT
2015-02-26,99.0336685180664,100.46000480117111,98.99511666310084,99.99740607033326,11020500,TLT
2015-02-27,99.86629486083984,99.93568111036413,98.89485207439223,99.47309434916636,9225100,TLT
2015-03-02,98.00615692138672,99.70564450076601,97.9289029317748,99.65156435057689,11324000,TLT
2015-03-03,97.65082550048828,98.39241794066449,97.6276457639632,98.02161877374998,8599000,TLT
2015-03-04,97.68170928955078,98.13748309265826,97.45769157064532,98.06023499369236,6478900,TLT
2015-03-05,97.55815124511719,98.01391933086214,97.25687941706268,97.74354793307661,6045000,TLT
2015-03-06,95.40287017822266,96.4302871176956,94.9934498969605,96.30668542859227,20022900,TLT
2015-03-09,96.28349304199219,96.46116896244625,95.88952010091701,96.31439345831689,8889100,TLT
2015-03-10,97.5504150390625,97.67401674794293,97.14872127250884,97.310944095174,9277900,TLT
2015-03-11,98.26111602783203,98.46196587601263,97.42682799241726,97.53497655059425,6663100,TLT
2015-03-12,98.19159698486328,99.03361162266683,97.89032515173591,99.03361162266683,10295900,TLT
2015-03-13,97.89030456542969,98.5623696393843,97.71262859917013,97.92120498972062,7247200,TLT
2015-03-16,98.8327407836914,98.99495768732193,98.3151660758027,98.8327407836914,6374600,TLT
2015-03-17,99.6515884399414,99.7365631341344,99.09539258473394,99.30396897726342,6314000,TLT
2015-03-18,101.57511901855469,101.60601355524322,99.350335183095,100.3545785414516,13981900,TLT
2015-03-19,101.05745697021484,101.67544143312864,100.63258381148806,101.35099605390948,9543800,TLT
2015-03-20,101.59051513671875,101.73729064204882,101.30469659726778,101.36649743042274,5953800,TLT
2015-03-23,101.4669418334961,101.77593426244466,101.18884393252016,101.73730726199969,5555500,TLT
2015-03-24,102.44798278808594,102.46343594323766,101.56734154129708,101.83771871358555,6713000,TLT
2015-03-25,101.58280944824219,102.55614619268133,101.55191492075596,102.5252516651951,5635800,TLT
2015-03-26,99.99918365478516,101.30469828204923,99.79060731283134,101.23517676383257,9536300,TLT
2015-03-27,101.24292755126953,101.29700771749849,100.40863372269057,100.44726072895307,7907900,TLT
2015-03-30,100.74082946777344,101.19659757445987,100.49362601426317,101.11934354841055,7010600,TLT
2015-03-31,100.95714569091797,101.16572217085361,100.3546018931587,100.60952608256633,6844300,TLT
2015-04-01,102.28314208984375,102.55407346030015,101.64062947285042,101.66385182426156,9273900,TLT
2015-04-02,101.19938659667969,102.15928715038469,101.10649718605598,102.12831613885679,6663400,TLT
2015-04-06,100.63428497314453,101.77996429471533,100.41753515046842,101.741256438099,5923800,TLT
2015-04-07,101.47808074951172,101.5787188329996,100.51819187432879,100.81234565286148,4764900,TLT
2015-04-08,101.50901794433594,101.68705988412499,100.64975562695027,101.42386539713637,5378900,TLT
2015-04-09,100.193115234375,101.34654411890257,99.9608915365408,101.30783623193398,6484200,TLT
2015-04-10,100.34013366699219,100.98264637960709,100.28595210962911,100.88202011250964,4843000,TLT
2015-04-13,100.47946166992188,100.61879577425019,100.16207379409093,100.2704487014504,4010600,TLT
2015-04-14,101.19166564941406,102.07415062493875,101.0058749869945,101.64838773938257,6075500,TLT
2015-04-15,101.10651397705078,101.6174294442901,100.88202726010245,101.44712428854366,4425200,TLT
2015-04-16,100.60332489013672,101.30001905518478,100.17756209506098,101.27679670381512,7085500,TLT
2015-04-17,101.7567138671875,101.95024128489305,100.40202194324858,100.45621528995471,7268800,TLT
2015-04-20,100.85877227783203,101.41613234307647,100.5800922452098,101.36195079305578,4949400,TLT
2015-04-21,100.4020767211914,100.98265929106567,100.29370178062752,100.81235412561061,4563800,TLT
2015-04-22,98.86933135986328,100.28595409470847,98.72999132191146,100.24724623183658,9707600,TLT
2015-04-23,99.29508972167969,99.74407492426052,98.7841743037104,98.93125708876042,6843400,TLT
2015-04-24,99.91437530517578,100.19304354318116,99.54279403054146,99.5815018898134,4773000,TLT
2015-04-27,99.91437530517578,100.24723690855794,99.37248889932911,99.91437530517578,4334900,TLT
2015-04-28,98.53643035888672,99.65889303511206,98.51320801144563,99.21764480977652,7464300,TLT
2015-04-29,97.32886505126953,97.87848251117676,96.98051196417926,97.39078937044864,11554800,TLT
2015-04-30,97.49911499023438,97.66942007030627,96.38440103101637,96.7946782297414,12876000,TLT
2015-05-01,96.1866683959961,96.99339600239416,95.94620361880233,96.75293122520041,12378500,TLT
2015-05-04,95.27909851074219,96.59778429015228,95.19377115721544,96.4193768550422,9144700,TLT
2015-05-05,95.14720916748047,95.4342139103057,94.39478045165237,95.302346546407,13935500,TLT
2015-05-06,93.51824951171875,94.68179776245094,93.37087075760914,94.62749908080794,14355000,TLT
2015-05-07,94.77490234375,95.07742447483307,94.13107076503941,94.19312810426506,11933700,TLT
2015-05-08,95.03087615966797,95.83760374505744,94.87573282510475,95.70573043115043,11716400,TLT
2015-05-11,92.71928405761719,94.36376777610371,92.69601403864777,94.34049775713429,13738600,TLT
2015-05-12,92.9597396850586,93.57254243624793,92.16852952720993,92.41675290203618,15861700,TLT
2015-05-13,92.21507263183594,93.64236152320734,92.02890657404393,93.58806284309667,15760000,TLT
2015-05-14,92.4632568359375,92.95195066797409,92.06765487051996,92.24606220752557,9128400,TLT
2015-05-15,94.31723022460938,94.5654595640365,93.30882516469602,93.378635227825,12630600,TLT
2015-05-18,92.73486328125,93.41747660538567,92.67280591047859,93.33214920010414,10208300,TLT
2015-05-19,91.91253662109375,92.95972867466891,91.63328461772554,91.74188196146747,8435300,TLT
2015-05-20,92.06769561767578,92.6572224648171,91.67208755906098,92.12974702603482,7789700,TLT
2015-05-21,93.35538482666016,93.55706824827456,92.65725445808293,92.75809912794735,11760700,TLT
2015-05-22,93.39415740966797,93.66565086623727,92.9287392101044,93.58808215266225,5417900,TLT
2015-05-26,94.99209594726562,95.06191193256616,93.65789276085418,93.7354614748776,10469700,TLT
2015-05-27,95.20928192138672,95.30236792048662,94.33274428945295,94.77489242847979,6490300,TLT
2015-05-28,94.9765396118164,95.43419895058776,94.80588497088108,95.02307963457669,6237600,TLT
2015-05-29,95.18597412109375,95.85307538791632,95.03083676894876,95.58934070564771,7912000,TLT
2015-06-01,94.16300201416016,95.13471633089914,93.82096260766203,94.92482864806787,13108100,TLT
2015-06-02,92.84925079345703,93.48669516518368,92.59271678351402,93.41672864843846,10076200,TLT
2015-06-03,91.35665893554688,92.19622123768936,91.1079003938978,92.03297400075134,14810900,TLT
2015-06-04,92.54606628417969,92.73263375699882,91.83865547297789,91.93194217482397,10859300,TLT
2015-06-05,91.41885375976562,92.172904787766,91.24783114341028,91.60542119084796,11200200,TLT
2015-06-08,91.31780242919922,91.85419049394112,91.24006648974132,91.69871268415332,5334000,TLT
2015-06-09,90.5948715209961,91.05351783993514,90.26060155278469,90.99910207445298,12393900,TLT
2015-06-10,89.80191802978516,90.27611493422384,89.59980578887836,90.11286769462764,12183600,TLT
2015-06-11,91.69091796875,91.70646871188436,90.36161411255895,90.61037262487183,13849300,TLT
2015-06-12,91.69091796875,92.56157572728043,91.37997427651197,91.41106390103917,7863100,TLT
2015-06-15,91.83863067626953,92.55381073803629,91.52768101827964,92.4216590609238,8194200,TLT
2015-06-16,92.5616226196289,92.56939799513515,91.68319497538464,92.20403244770097,7046400,TLT
2015-06-17,91.846435546875,92.21957051160487,91.14680007441486,92.11851436092248,13626100,TLT
2015-06-18,91.3955078125,91.52765945848351,90.75806383266597,91.24003598556293,10123300,TLT
2015-06-19,92.56937408447266,92.65488540033239,92.11072194205474,92.12627268905045,10439200,TLT
2015-06-22,90.68037414550781,91.83865585999757,90.63372782895169,91.6054420698361,9769000,TLT
2015-06-23,90.13619232177734,90.92133892973553,89.93408007091432,89.96517563201752,8945100,TLT
2015-06-24,90.91357421875,91.08459685943858,90.29945609027382,90.5715348682454,8600400,TLT
2015-06-25,90.5948715209961,91.01465282508995,90.32279269358533,90.63373653584127,8287800,TLT
2015-06-26,89.57646179199219,90.07397875114874,89.3043772007819,89.91850099461858,11673000,TLT
2015-06-29,91.94747924804688,92.25065358991817,90.53266367569,90.92134933766576,17132900,TLT
2015-06-30,91.31000518798828,92.27394365432917,91.20894908398233,91.26336482165793,13469000,TLT
2015-07-01,90.07752227783203,90.65404167305596,89.92949469832983,90.23333640283487,12451500,TLT
2015-07-02,90.37353515625,90.8877322610853,90.2800431524821,90.6228412223723,6682100,TLT
2015-07-06,92.04862213134766,92.43816348108344,91.19941889808047,91.97071505018637,10605800,TLT
2015-07-07,92.91337585449219,93.87164395180206,92.67185624999398,93.2250100273132,16160100,TLT
2015-07-08,93.71582794189453,93.93397007527894,93.10035209760144,93.50547235332574,9951800,TLT
2015-07-09,91.86943054199219,92.80433334819239,91.81489499075853,92.4771140968612,11108900,TLT
2015-07-10,90.41253662109375,90.93452052796894,90.18660195753694,90.40474413092188,13636600,TLT
2015-07-13,90.13204956054688,90.73194042518287,89.89832245052243,89.89832245052243,8006700,TLT
2015-07-14,90.42809295654297,90.58390705729441,90.10867226682443,90.38913645939164,4227800,TLT
2015-07-15,91.3863754272461,91.581146043294,90.40472985806497,90.45926539280129,8720400,TLT
2015-07-16,92.0174331665039,92.05638966848908,91.05137254533395,91.06695157977141,7306500,TLT
2015-07-17,92.49267578125,92.62511838032337,92.21220560443119,92.21999809376722,7404900,TLT
2015-07-20,92.10311126708984,92.43811689679333,91.85380516665421,92.15764679081245,5941000,TLT
2015-07-21,92.60176086425781,92.65629641000405,91.66686409605701,91.68244313315793,5627500,TLT
2015-07-22,93.17828369140625,93.41201086382779,92.67187878044551,92.71862778128715,6228900,TLT
2015-07-23,94.33908081054688,94.42478034628894,93.06138620629922,93.17824974994083,9087700,TLT
2015-07-24,94.5728530883789,94.69750917954256,94.20668325049763,94.65855266507153,7307900,TLT
2015-07-27,95.07923889160156,95.2740095368374,94.64295454833035,95.19610246752875,8172000,TLT
2015-07-28,94.38587951660156,94.71309285603184,94.19110882256976,94.3936720086632,9128200,TLT
2015-07-29,94.03523254394531,94.4014021810805,93.81709044793107,94.28453864566535,6706400,TLT
2015-07-30,94.75981903076172,95.00133869018555,94.38586269347452,94.43260574965322,6146600,TLT
2015-07-31,95.46099853515625,95.7492612626626,95.09482872949194,95.3908839479928,9178400,TLT
2015-08-03,96.4658432006836,96.62199758168886,95.50547648246858,95.50547648246858,11753700,TLT
2015-08-04,95.70065307617188,96.28624082183424,95.6147663969222,96.16131853368437,6448800,TLT
2015-08-05,94.98234558105469,95.18535102655812,94.62318576633774,95.07603581981985,7574400,TLT
2015-08-06,95.82562255859375,95.93493184160475,95.25564761982851,95.25564761982851,6118100,TLT
2015-08-07,97.08267211914062,97.20760040870091,96.22381097759408,96.27066206463356,8317000,TLT
2015-08-10,95.88027954101562,96.48148061225447,95.66165501274675,96.35655826729585,7461700,TLT
2015-08-11,97.40279388427734,97.69948962897683,96.94213423143535,97.05144350353035,11145700,TLT
2015-08-12,96.87187957763672,98.15236497920192,96.81722493087149,97.54335435612941,8455200,TLT
2015-08-13,96.55955505371094,97.14514304887975,96.2082046393733,96.68448335199666,7691400,TLT
2015-08-14,96.78598022460938,97.106104511686,96.19258273936305,96.4033977471718,4324700,TLT
2015-08-17,97.22323608398438,97.67609230362766,97.12173629278574,97.37158697312168,7880300,TLT
2015-08-18,96.45803833007812,97.04362622235136,96.33311005374395,96.66104380066712,5024300,TLT
2015-08-19,97.41059875488281,97.54333058512208,96.02860794831925,96.08326258176533,10736000,TLT
2015-08-20,98.39441680908203,98.4568809712783,97.73856097675242,97.88691187274095,9078300,TLT
2015-08-21,98.69110107421875,98.95656478104281,98.05866196889147,98.50371457781885,10718300,TLT
2015-08-24,98.65989685058594,100.65870259487716,98.2382726469787,100.18242373285291,16663400,TLT
2015-08-25,97.07489776611328,97.43405777126125,96.47369061636847,97.24667123746895,15354800,TLT
2015-08-26,95.20098114013672,96.43462113146897,94.75593455553057,96.03641967463976,16429900,TLT
2015-08-27,95.25566101074219,95.93494532801131,94.98238776479829,95.11511963326961,9127000,TLT
2015-08-28,95.53675079345703,96.40342169213936,95.43525099661431,96.15357099790998,9946200,TLT
2015-08-31,94.80278015136719,96.4033895366104,94.74031600941727,96.31750283065638,8617600,TLT
2015-09-01,95.48588562011719,95.53283243708577,94.66428647396988,95.18071937014255,15298200,TLT
2015-09-02,94.66426849365234,95.44674713365006,94.57036890771084,95.00855503576133,9515200,TLT
2015-09-03,95.12596130371094,95.20420800111616,94.45302896031345,94.97728839975278,7042500,TLT
2015-09-04,95.99454498291016,96.19016477575356,95.32161241794145,95.81457214676361,7951300,TLT
2015-09-08,94.57823181152344,95.11813822168557,94.49215865036821,94.97729177341706,7049500,TLT
2015-09-09,95.03207397460938,95.23552019004518,93.5531891139899,93.60796240624094,7441900,TLT
2015-09-10,94.39039611816406,94.82858821570174,94.24954972428378,94.69556230993163,6789700,TLT
2015-09-11,94.98512268066406,95.52503508594016,94.93817585232382,95.04772243167827,5890900,TLT
2015-09-14,95.1337661743164,95.5797788151304,94.89902016553474,95.42327948599629,4221700,TLT
2015-09-15,93.3105697631836,94.71903358150637,93.20884969790829,94.59383414439424,11895000,TLT
2015-09-16,92.95848846435547,93.45927444374564,92.7628687545987,93.08368197428312,6949800,TLT
2015-09-17,94.09308624267578,94.18698585833899,92.90372096014252,93.02108801742135,19843600,TLT
2015-09-18,95.54068756103516,95.61893426940517,94.78168195317954,94.84428170781203,14963300,TLT
2015-09-21,93.98355865478516,94.76603770046992,93.72533913694726,94.68779098986971,10085600,TLT
2015-09-22,95.29027557373047,95.76758816071684,94.78948957588246,95.02423562417871,9968200,TLT
2015-09-23,95.28247833251953,95.51722445280228,94.67214558359457,95.16511124222,6769900,TLT
2015-09-24,95.93191528320312,96.77699395736242,95.8458421236217,96.3779280329249,9605800,TLT
2015-09-25,95.10245513916016,95.40762133283262,94.8911825621018,95.18852826761528,8383700,TLT
2015-09-28,96.73003387451172,96.84740092163634,95.61890941306841,95.61890941306841,9833400,TLT
2015-09-29,97.00389099121094,97.25428395086483,96.4405053395299,96.6674248920036,9006100,TLT
2015-09-30,96.66743469238281,96.87088085830217,96.3387950188636,96.56571459434296,9832600,TLT
2015-10-01,97.07987976074219,97.6365926846579,96.96226898840808,97.29159111541682,9069400,TLT
2015-10-02,97.66798400878906,98.96175669506592,97.37002666776752,98.47561010285766,13000400,TLT
2015-10-05,96.34281158447266,97.09555032337684,96.27223914963767,97.00929844870947,11362700,TLT
2015-10-06,96.7583999633789,96.91521831402872,95.98213895786007,96.09191299976227,5687800,TLT
2015-10-07,96.4369125366211,96.70351090579499,96.06054611009338,96.29577363111407,6712800,TLT
2015-10-08,95.62932586669922,96.73491540990433,95.39409824929143,96.67218565236668,12882300,TLT
2015-10-09,95.88019561767578,96.16247341688715,95.58223837727986,95.63712539478007,9038100,TLT
2015-10-12,96.60940551757812,96.78190926973463,96.37417802283039,96.46826662783516,4241000,TLT
2015-10-13,96.77405548095703,96.915194354544,96.28791512478482,96.86030734716212,6147200,TLT
2015-10-14,97.62091827392578,97.66012585488237,96.67999615333693,96.99363287204191,9738100,TLT
2015-10-15,97.14258575439453,97.5895245267509,97.05633388760339,97.4719078009234,6924300,TLT
2015-10-16,97.17398071289062,97.59739746768108,97.1269364008818,97.42489368066603,8048300,TLT
2015-10-19,96.9073715209961,97.20533474981458,96.37418675834482,97.06419584727855,6238400,TLT
2015-10-20,96.31150817871094,96.42128227429131,96.09195998755018,96.28798601283508,6431300,TLT
2015-10-21,97.26805114746094,97.40134731985239,96.81326963693482,96.92304365916725,6603800,TLT
2015-10-22,97.43270111083984,97.84043229248736,96.84462349473763,97.3072416812653,6934100,TLT
2015-10-23,96.60157775878906,96.80544640491469,96.32714264798732,96.52316858173667,7058200,TLT
2015-10-26,97.24449920654297,97.38563805517735,97.07983821350852,97.1268884845427,5859800,TLT
2015-10-27,97.48764038085938,97.93457936942089,97.35434415214971,97.6287793236808,7156800,TLT
2015-10-28,97.09554290771484,97.49543140637405,96.67996898818551,97.44054439779914,8468700,TLT
2015-10-29,95.55088806152344,96.61726969152868,95.42542858399945,96.58590482214768,12108000,TLT
2015-10-30,96.27223205566406,96.29575420479722,95.67631168793787,95.8488154245614,11861400,TLT
2015-11-02,95.82984161376953,96.01058114486551,95.61767485535391,95.6962549142014,8751000,TLT
2015-11-03,95.04402160644531,95.66481421478761,94.91829472117055,95.59409396593438,8921600,TLT
2015-11-04,95.15404510498047,95.50766437306937,94.84757866980138,95.16190490967784,5980800,TLT
2015-11-05,94.90254974365234,95.13043603227152,94.53322299513725,95.12258222579204,7268400,TLT
2015-11-06,93.5116958618164,93.92817556481424,93.30738291487013,93.89674234257066,10604700,TLT
2015-11-09,92.98516845703125,93.43308121646278,92.72584896597301,92.8044289948559,9159500,TLT
2015-11-10,93.26021575927734,93.67669537153114,93.02446964145267,93.11876928763711,6712500,TLT
2015-11-11,93.06377410888672,93.18164718230064,92.93804123183892,93.00090767036282,2857900,TLT
2015-11-12,93.5116958618164,93.85745531122177,93.27594969262654,93.31524271924957,6805700,TLT
2015-11-13,94.04605102539062,94.21893075446094,93.68457795336826,93.76315801332542,7906600,TLT
2015-11-16,93.95960998535156,94.29750963468682,93.61385053153663,94.13248971225903,5485300,TLT
2015-11-17,94.11674499511719,94.39963792817386,93.24449877934383,93.5116721076348,5122900,TLT
2015-11-18,94.313232421875,94.44682512992661,93.79459918598124,93.96747892970409,5233900,TLT
2015-11-19,94.94184875488281,95.20116827161817,94.83183550449917,94.98899557782651,6643000,TLT
2015-11-20,94.65113067626953,95.11476325428464,94.51754396550785,95.02832338372716,5971000,TLT
2015-11-23,94.94184875488281,95.17759486014633,94.54894257629196,94.71396245186742,5436300,TLT
2015-11-24,94.93399810791016,95.24046447714433,94.75326460568134,95.00472434441893,3371500,TLT
2015-11-25,95.15404510498047,95.41336470252412,95.04403182031487,95.21691155201064,3280900,TLT
2015-11-27,95.05973815917969,95.33477133244851,95.05187835557957,95.27976469779475,2570600,TLT
2015-11-30,95.43693542480469,95.49980187005858,95.1304689982847,95.16190222091164,5179800,TLT
2015-12-01,96.72605895996094,96.74180589839136,95.48971701756186,95.48971701756186,12766600,TLT
2015-12-02,96.75753021240234,96.89140017740678,96.22204434439769,96.59216037186977,7345800,TLT
2015-12-03,94.12735748291016,95.59994527525637,93.7021181309815,95.56844539644823,16612200,TLT
2015-12-04,94.9542007446289,95.22981713928259,94.08009874445099,94.1273455526811,11843800,TLT
2015-12-07,95.87557220458984,96.43468159669293,95.12746952692797,95.13533999150125,9016700,TLT
2015-12-08,95.92278289794922,96.41102187708483,95.63929007238478,96.292898865102,7257500,TLT
2015-12-09,95.8204116821289,96.19052764486663,94.89906301402813,95.5605422604638,8993900,TLT
2015-12-10,95.94642639160156,96.09604930531253,95.67080997791336,95.9070560513531,5606900,TLT
2015-12-11,97.45838928222656,97.72612922146962,96.75753354951718,96.88352704798828,12300000,TLT
2015-12-14,96.19844055175781,96.9780431040598,95.87557126776102,96.92291981264427,10661100,TLT
2015-12-15,95.63143157958984,95.75742506895062,95.15106900992923,95.300685903046,8795500,TLT
2015-12-16,95.42671203613281,96.20631461761825,94.89122603891317,95.3400888595246,10988600,TLT
2015-12-17,96.50552368164062,96.68664043054288,95.78891513184739,95.8991616767408,9923000,TLT
2015-12-18,97.04104614257812,97.26940978044269,96.71817684768621,96.92292308327649,10171700,TLT
2015-12-21,97.01737976074219,97.47411887843063,96.79688667164737,97.19850251706211,7494900,TLT
2015-12-22,96.3165054321289,96.70237427103147,96.06451252100118,96.58425127969365,5445800,TLT
2015-12-23,95.59207916259766,95.7653255108229,95.18259270969199,95.46608564169907,7287100,TLT
2015-12-24,96.13973236083984,96.17129829086683,95.80040613878161,95.85564501118246,3364600,TLT
2015-12-28,96.42382049560547,96.8025996178424,96.15551309848418,96.26599084418542,7586600,TLT
2015-12-29,94.8218765258789,96.06869751901664,94.70350580573829,96.02924462602637,7787500,TLT
2015-12-30,94.72718048095703,95.12174554159718,94.43520016867271,94.63248269899279,5508900,TLT
2015-12-31,95.15332794189453,95.37428345081129,94.89291351184859,95.14543495355147,7897700,TLT
2016-01-04,95.83983612060547,96.62896612084293,95.73725138798488,96.21862116977647,10591900,TLT
2016-01-05,95.45317077636719,95.87930172874286,95.21643537210373,95.39003892699645,6242600,TLT
2016-01-06,96.73945617675781,96.76313513707544,96.31333122039835,96.51061374561786,8916900,TLT
2016-01-07,96.9130859375,97.00778373673,96.10817571609645,96.81050117044043,10202200,TLT
2016-01-08,97.34711456298828,97.43391937787894,96.45539948889554,96.61322314110413,9577200,TLT
2016-01-11,96.28179168701172,96.89731237113179,96.1634209353148,96.3054646332338,10040300,TLT
2016-01-12,97.67062377929688,98.10464771565215,96.39223694964043,96.54216756535767,12897700,TLT
2016-01-13,98.63338470458984,99.03584280333956,97.27607976024638,97.48125530361094,15577600,TLT
2016-01-14,97.71014404296875,98.61764537571152,97.33135873152726,98.22308010239625,12873800,TLT
2016-01-15,99.23308563232422,99.39880219003543,98.70437004049558,98.95689136947219,13976300,TLT
2016-01-19,98.92532348632812,99.48560498572574,98.60177734156686,98.74382096258198,8926600,TLT
2016-01-20,99.96698760986328,100.94550711400827,99.76181212621572,100.20372901565541,17283300,TLT
2016-01-21,99.28833770751953,100.44835978656617,99.16996700179523,100.17216548693226,11001600,TLT
2016-01-22,98.9095458984375,99.05948251682086,98.26245957466519,98.57022579676361,10164300,TLT
2016-01-25,99.44617462158203,99.64345715068582,99.15420033168282,99.39093575425636,5738200,TLT
2016-01-26,99.49352264404297,99.7933899091805,99.2331082708372,99.42249780563014,5692600,TLT
2016-01-27,99.46986389160156,99.65925345340608,98.79121143950096,99.23312242390669,7957800,TLT
2016-01-28,99.61189270019531,99.7539363554939,99.00425916674617,99.06739101811992,10575400,TLT
2016-01-29,100.45626831054688,100.89817925831389,100.15639500691773,100.54307310679899,13170700,TLT
2016-02-01,100.14868927001953,100.4649411773524,99.84825327565518,100.24356665182042,9948400,TLT
2016-02-02,102.00669860839844,102.02250246226284,101.2002556929225,101.27932321828682,10400000,TLT
2016-02-03,101.16070556640625,102.73405738016936,101.13698772543569,101.4216138810911,13309000,TLT
2016-02-04,101.65088653564453,101.66669038448148,100.81281808302576,101.37416234890998,9953500,TLT
2016-02-05,101.76948547363281,101.99086001863013,100.87607330445995,101.11326376381649,9200800,TLT
2016-02-08,103.95950317382812,104.07019042293047,102.52845879499768,102.56009061702997,14452200,TLT
2016-02-09,104.07019805908203,104.41016175483931,103.54047960922377,104.39434584266267,15232100,TLT
2016-02-10,104.98729705810547,105.02683079945749,103.65905020950723,104.12551699105036,12797100,TLT
2016-02-11,105.72262573242188,106.93228387509336,105.16127534809308,106.29187804238595,21620200,TLT
2016-02-12,103.9674072265625,105.25613256065111,103.51674423341288,104.86872114885612,13888400,TLT
2016-02-16,102.86843872070312,103.37443931778635,102.63124830181908,103.35072148229854,11766000,TLT
2016-02-17,102.23596954345703,102.64709893766876,101.7616006092219,102.49687788609083,13157300,TLT
2016-02-18,103.49308013916016,103.57214767291217,102.27551974185755,102.31505350873356,10196700,TLT
2016-02-19,103.58003234863281,104.22045031172907,103.35865776781307,103.5246947354328,8188700,TLT
2016-02-22,103.52469635009766,103.65910148597668,103.3349415361455,103.6511995593991,5054300,TLT
2016-02-23,103.94371032714844,104.15718294921572,102.60754905392528,102.68661656254517,8320700,TLT
2016-02-24,103.73812866210938,105.46168897847929,103.53255801094227,104.67896424735407,9091200,TLT
2016-02-25,104.10977172851562,104.80552744362387,103.82515755125743,103.95164871981254,6097200,TLT
2016-02-26,103.10568237304688,103.42192838549951,102.81314214431552,103.02661483792768,9245000,TLT
2016-02-29,103.5562744140625,103.70649540660656,103.11352542383065,103.15305916881675,8016100,TLT
2016-03-01,101.7328109741211,103.64976793619185,101.64568865364664,103.62600510571838,13729100,TLT
2016-03-02,102.15265655517578,102.16057347027423,101.55856157667309,101.64569599032922,7047700,TLT
2016-03-03,102.52495574951172,102.92894811303988,102.00216129942544,102.23980173322532,6394800,TLT
2016-03-04,101.86752319335938,102.28734947936294,101.20213346117649,101.9863373924558,8687000,TLT
2016-03-07,101.83580780029297,101.92294222178027,101.43182752988515,101.74867337880568,5493300,TLT
2016-03-08,102.96062469482422,103.76068039443055,102.93686186086504,103.25371979181108,7175400,TLT
2016-03-09,102.33484649658203,102.73090983183506,102.03383449398372,102.2477120793506,7194700,TLT
2016-03-10,101.9150161743164,102.84971980570793,101.32883811075158,102.58039964956731,10091600,TLT
2016-03-11,100.88524627685547,102.08928211726227,100.76642607579018,102.04175645421473,8927000,TLT
2016-03-14,101.2021255493164,101.70116327685297,101.12291407496193,101.24965122523948,5177000,TLT
2016-03-15,101.29714965820312,101.91501349627463,101.08327813062003,101.7882703366354,6413200,TLT
2016-03-16,101.5981674194336,101.80412809953677,100.89318117483047,101.19418714882984,9728900,TLT
2016-03-17,102.01799011230469,102.4536622050216,101.78036177708998,101.79619560817498,7805500,TLT
2016-03-18,102.23187255859375,102.58832716524726,101.94670645589204,102.21602663986184,8198600,TLT
2016-03-21,101.44768524169922,101.88334531288686,101.1941988635795,101.59026226421973,5514800,TLT
2016-03-22,101.42388153076172,102.20017427824777,101.32883020939295,102.049668294819,4997900,TLT
2016-03-23,102.57247161865234,102.83387483136399,101.6219100862857,101.71697349165754,10628200,TLT
2016-03-24,102.6120834350586,103.48342760614943,102.18434035181912,103.4359019398888,6343300,TLT
2016-03-28,102.74676513671875,103.10321975363411,102.4061443520966,102.4853618611422,5058700,TLT
2016-03-29,103.82404327392578,103.83987710397462,102.99230789442136,103.27747396491164,9396700,TLT
2016-03-30,102.73088073730469,103.03189265465308,102.16846564229434,103.0002008281478,8478700,TLT
2016-03-31,103.45967102050781,103.61809394657433,102.81012131067223,102.9606273208485,7832300,TLT
2016-04-01,103.72953796386719,104.08674305209568,103.11040024177089,103.9676706520423,9341400,TLT
2016-04-04,103.79304504394531,103.95974156602881,103.40410667897069,103.81685710253836,5145100,TLT
2016-04-05,104.92814636230469,105.06308540779207,104.60269872275296,104.78526188877318,6482800,TLT
2016-04-06,104.16608428955078,104.51534385589483,103.77714604588175,104.40421691314248,6393700,TLT
2016-04-07,105.45199584960938,105.56312279261194,104.78522207966564,104.92810649891372,5963300,TLT
2016-04-08,104.78523254394531,105.09480135264783,104.49154247495126,104.91223823775394,5584800,TLT
2016-04-11,104.65033721923828,104.92021534728654,104.07089015326768,104.23758670996493,4805500,TLT
2016-04-12,103.9280014038086,104.42014562460932,103.61049916168838,104.04707382855429,4276000,TLT
2016-04-13,104.29315948486328,104.44397731739352,103.60258531689479,103.73752440075435,5207900,TLT
2016-04-14,103.79304504394531,104.22961963803816,103.57873651660783,103.91211744884271,6967000,TLT
2016-04-15,104.68203735351562,104.90429123270937,104.18196006936572,104.21370543270994,5831100,TLT
2016-04-18,104.2295913696289,104.33278500349945,103.71364742413391,104.2454701083618,4486600,TLT
2016-04-19,103.90418243408203,104.22963008337791,103.41998367427925,104.04706691189162,5212200,TLT
2016-04-20,102.76116180419922,104.4995027245689,102.61034401791798,104.11056434093065,10920700,TLT
2016-04-21,102.14995574951172,102.45159131736843,101.83244143810136,101.95151384685494,11154200,TLT
2016-04-22,101.88800811767578,102.32458271362299,101.79275988289902,102.2769585962346,5826400,TLT
2016-04-25,101.46730041503906,102.01500192490691,101.46730041503906,101.64986354768476,5539500,TLT
2016-04-26,101.00689697265625,101.41172002358014,100.90370939558186,101.41172002358014,7840000,TLT
2016-04-27,102.01499938964844,102.25313205479435,101.30060745017592,101.5387340593566,8380100,TLT
2016-04-28,102.43572235107422,102.50715853598527,101.6340092361823,101.76896040137032,7974600,TLT
2016-04-29,102.69769287109375,102.9596377266628,101.76104046827679,101.95948243959243,7416300,TLT
2016-05-02,101.6636734008789,102.52266399745663,101.64776875219583,102.3317839406177,11035200,TLT
2016-05-03,102.94420623779297,103.41348135892683,102.88058764351402,103.03965840185322,10736700,TLT
2016-05-04,103.50886535644531,103.53272535046453,102.75327056110328,103.14299188762672,7211200,TLT
2016-05-05,104.20088958740234,104.24862173930018,103.15896212624463,103.44529435602487,7870400,TLT
2016-05-06,103.75547790527344,104.08158083283386,103.62821645017858,104.07363154301056,7232500,TLT
2016-05-09,104.08158874511719,104.10544875272127,103.65209647192249,103.76344721951529,4950800,TLT
2016-05-10,104.0895004272461,104.28834184298475,103.91451901049074,104.07360185213516,4331900,TLT
2016-05-11,104.67808532714844,104.98827747970392,103.92249030285356,104.05770102203743,9256000,TLT
2016-05-12,104.20088958740234,104.32815105315386,103.86683734204561,103.92251878443241,6087400,TLT
2016-05-13,105.21099853515625,105.24281996696766,104.37586192675094,104.57470339845123,8707300,TLT
2016-05-16,104.30428314208984,104.71787680628306,104.17702168598109,104.70196609018936,5137000,TLT
2016-05-17,104.47925567626953,104.85307858642359,104.35995565656904,104.35995565656904,4449100,TLT
2016-05-18,102.99192810058594,104.07362614009584,102.53061445205617,104.04180470981395,12681000,TLT
2016-05-19,103.4373779296875,103.66007949734879,103.11922416422479,103.14308417959384,6209400,TLT
2016-05-20,103.51689147949219,103.71573300145535,103.03967910857463,103.11920843556587,5348900,TLT
2016-05-23,103.74752807617188,103.97817884305208,103.33393441742363,103.6838973489552,6979700,TLT
2016-05-24,103.28618621826172,103.54865834527912,102.79306338731098,103.37367692726752,5968200,TLT
2016-05-25,102.896484375,103.59641026270076,102.8487643619878,103.26235803529468,6367400,TLT
2016-05-26,103.42935943603516,103.75546231459415,103.23847941839556,103.24642870702438,5419300,TLT
2016-05-27,103.27830505371094,103.60439596935437,103.15899284292192,103.45328658714155,5267600,TLT
2016-05-31,103.52484130859375,103.74754281733493,102.58630311919421,102.6181245554841,8344300,TLT
2016-06-01,103.94483947753906,104.62229499989236,103.6977711834212,104.11221499102322,9874900,TLT
2016-06-02,104.69402313232422,104.95703484954117,104.30348837137781,104.32739742191873,5835400,TLT
2016-06-03,106.1844253540039,106.1844253540039,105.68232306209423,105.88953891579756,11077200,TLT
2016-06-06,105.3954086303711,105.91345437660148,105.28382898527828,105.82578378679504,7573700,TLT
2016-06-07,105.65042114257812,105.98516000984893,105.63447772186997,105.714182664144,4680200,TLT
2016-06-08,106.21630096435547,106.34381185092478,105.76998245819489,105.8974933447642,5313200,TLT
2016-06-09,106.90172576904297,107.22848686845937,106.74231587320948,107.05315787332422,6820300,TLT
2016-06-10,107.41976165771484,107.85811450877537,107.00531785659702,107.42772728727358,6984600,TLT
2016-06-13,107.89797973632812,107.90594536682866,107.41180872790015,107.66684267786495,7283300,TLT
2016-06-14,107.8182601928711,108.56744284162924,107.77044209380419,108.5435337920958,9012500,TLT
2016-06-15,108.23273468017578,108.57543926151894,107.84219982493545,108.00957538040123,7953200,TLT
2016-06-16,108.7587890625,109.63548308540993,108.53561753821168,108.98194842551513,10372700,TLT
2016-06-17,108.081298828125,108.60732237145544,107.80234363237632,108.55152646779797,8489900,TLT
2016-06-20,106.92562866210938,107.23645848305232,106.80607124712091,106.98939018451651,7365900,TLT
2016-06-21,106.43152618408203,107.26041417453857,106.36777679522125,107.02927703514749,6005800,TLT
2016-06-22,106.60685729980469,106.7901762995346,106.20039113767305,106.39964140247169,5773700,TLT
2016-06-23,105.3873519897461,106.25609160650359,105.26780680275476,105.69021601180431,9029100,TLT
2016-06-24,108.21676635742188,108.87827847286587,107.83420938314993,108.87827847286587,17155000,TLT
2016-06-27,110.91858673095703,111.25332556793288,110.30489278253515,110.3367796210656,16577100,TLT
2016-06-28,111.14971923828125,111.5003893190355,110.68745738846157,111.13377581966259,14006400,TLT
2016-06-29,110.29695892333984,111.6837449284871,110.1933449101695,111.32508477867255,12999800,TLT
2016-06-30,110.70342254638672,111.53231031067375,110.05785374918885,110.6316953825356,14698500,TLT
2016-07-01,112.24044799804688,112.44006463415327,111.13856026797716,112.43207217118417,15430200,TLT
2016-07-05,113.64579010009766,114.10890234278529,113.14275207752297,113.26252941718417,8840800,TLT
2016-07-06,113.82936096191406,114.18068810546546,113.35028846185911,114.01300481108699,14352800,TLT
2016-07-07,113.82145690917969,114.33247522830467,113.20663399622629,113.45415678122839,9676400,TLT
2016-07-08,114.65985870361328,114.67581927036694,113.66975530114263,114.1168948430201,10355300,TLT
2016-07-11,113.65373229980469,114.55600345164437,113.57389295042037,114.22064894351016,8099000,TLT
2016-07-12,111.785400390625,112.47208262322737,111.4979517308463,112.12075512975987,15810600,TLT
2016-07-13,113.10285949707031,113.19868383365439,112.54393496550082,112.87928968444253,8181700,TLT
2016-07-14,111.45794677734375,111.65756342198415,111.05871348806295,111.21042408737094,10817000,TLT
2016-07-15,110.49980926513672,111.0747062801613,110.33212589257317,110.8990426264796,9958600,TLT
2016-07-18,110.39599609375,111.19446275424369,109.97280973837908,111.04276432300274,5955900,TLT
2016-07-19,111.018798828125,111.23438823732029,110.50778065407141,110.938959472462,8073900,TLT
2016-07-20,110.41197967529297,110.59562361381352,110.11655088067701,110.3720539016227,6942500,TLT
2016-07-21,110.63555145263672,110.68345750848104,109.38196498471241,109.42187857549217,10398400,TLT
2016-07-22,110.82717895507812,111.17850624788962,110.0845985982475,110.13250465024274,5811400,TLT
2016-07-25,110.747314453125,111.19445379760319,110.65948264020011,110.93895082231566,4243800,TLT
2016-07-26,110.92298126220703,111.40206610711564,110.55569344025965,111.40206610711564,5243400,TLT
2016-07-27,112.30427551269531,112.30427551269531,111.30619267954435,111.42596992969946,8508100,TLT
2016-07-28,112.09672546386719,112.45603299706747,111.55377402412161,111.62563309403498,7336100,TLT
2016-07-29,113.03091430664062,113.1267263866205,111.9609721347595,112.14461601593152,8766700,TLT
2016-08-01,111.80542755126953,112.3893688972897,111.67743672845296,111.81342240049182,9809300,TLT
2016-08-02,110.65361785888672,111.39754219052335,109.9896786973166,110.25365539089647,10051200,TLT
2016-08-03,110.71754455566406,111.01351269227787,110.31758233607641,110.8695321520479,4930600,TLT
2016-08-04,111.54950714111328,112.11745910046803,111.40552654081351,111.55751420060774,5646000,TLT
2016-08-05,110.38959503173828,111.33350020289706,110.24561446225879,111.22951830467767,7778600,TLT
2016-08-08,110.59757995605469,110.8215578861229,109.84566102275811,110.06963895282632,5185200,TLT
2016-08-09,111.68549346923828,111.7654908292991,110.88556869216393,110.95757119857204,5503200,TLT
2016-08-10,112.11742401123047,112.39739027059825,111.56547413772427,111.90943582360231,5843500,TLT
2016-08-11,111.11748504638672,112.05339499250057,110.82150476177314,112.0373930892003,7624600,TLT
2016-08-12,112.05343627929688,112.67737647326749,111.88544674743692,112.31741285457373,7989600,TLT
2016-08-15,110.99755096435547,111.69349377835017,110.98955611118595,111.46150877172437,5108600,TLT
2016-08-16,110.70158386230469,111.309522268291,110.57359297497615,111.1735365277105,6182700,TLT
2016-08-17,111.36555480957031,111.54153927866643,110.78960785723508,110.89360200876088,5002000,TLT
2016-08-18,111.54145812988281,111.79742758587173,111.0214999564208,111.34947188348303,3805200,TLT
2016-08-19,110.95752716064453,111.22949854749508,110.46957275205804,110.90152658965134,5516300,TLT
2016-08-22,111.8934555053711,112.10143150456169,111.48548615288877,111.70946406151882,5549700,TLT
2016-08-23,112.013427734375,112.46138350533685,111.72545442363105,112.20541401016408,6841400,TLT
2016-08-24,111.74950408935547,112.14147167746094,111.50152932773398,112.06948136716149,6027800,TLT
2016-08-25,111.32552337646484,111.81347795073245,111.15754601820707,111.39751367286102,5855500,TLT
2016-08-26,110.67759704589844,112.54142331531219,110.56560806088956,111.77349012819134,12962500,TLT
2016-08-29,112.15740203857422,112.2693909628883,111.35747766322304,111.49346334232746,7310400,TLT
2016-08-30,111.7254867553711,112.19743942164794,111.7254867553711,112.12544912459884,5161800,TLT
2016-08-31,111.88544464111328,112.12542445101812,111.46148559949613,111.717467318296,7349700,TLT
2016-09-01,112.00883483886719,112.27329158538824,111.04718172393423,111.08724092315757,9149100,TLT
2016-09-02,111.09528350830078,111.43186155063287,110.7266434268408,111.3597403047228,8397000,TLT
2016-09-06,111.90469360351562,112.25730273131269,110.99913036422659,111.15941613365244,8542600,TLT
2016-09-07,111.82456970214844,112.52978807746047,111.82456970214844,112.48971662830147,5421800,TLT
2016-09-08,110.42213439941406,111.60818549171339,109.99740401774174,111.27961678797827,14301500,TLT
2016-09-09,108.60303497314453,109.08385569804948,108.51488267269846,109.04379647537485,13347700,TLT
2016-09-12,108.6590805053711,108.85141605303536,108.31449307240146,108.44271677084431,9096600,TLT
2016-09-13,107.42497253417969,108.98766081346133,106.87201847502936,108.88347751881382,15645400,TLT
2016-09-14,107.58525085449219,108.11416451969085,107.42497732118292,107.42497732118292,7037700,TLT
2016-09-15,107.12044525146484,107.4249735136195,106.60756262620171,107.07236441598491,9874500,TLT
2016-09-16,107.98595428466797,108.03403512785533,107.56122386572859,107.84972115294103,7507900,TLT
2016-09-19,107.63327026367188,108.08204079205211,107.58518945392825,107.80156532585436,7105900,TLT
2016-09-20,108.0099868774414,108.65109327234327,107.9218345952913,108.30649354099747,6054800,TLT
2016-09-21,108.88347625732422,108.89950727818108,107.52914235494227,107.86573265250597,10698100,TLT
2016-09-22,109.7490005493164,110.0214668443542,109.38838195552054,109.52461510303944,12426200,TLT
2016-09-23,109.64482116699219,110.06152997682106,109.55666887489592,109.81310412493764,5928800,TLT
2016-09-26,110.34199523925781,110.45418793089976,109.80507219867951,109.84514363742726,8661300,TLT
2016-09-27,111.15139770507812,111.23154059209598,110.55036273670738,111.06324542059357,9450400,TLT
2016-09-28,110.91094207763672,111.51197683360964,110.76669960568324,110.99108493633314,7958700,TLT
2016-09-29,111.1914291381836,111.4478765018922,110.14963312226321,110.23778537502763,8319800,TLT
2016-09-30,110.19772338867188,111.1032864057501,109.6848408453896,111.03116516405831,11747100,TLT
2016-10-03,109.83403778076172,110.60475202359703,109.79389424466108,110.53248875858097,7588800,TLT
2016-10-04,108.54955291748047,109.85814426547373,108.50940937304367,109.68152247002362,12048700,TLT
2016-10-05,108.04376983642578,108.44518077551932,107.67446638242028,108.39701342284245,8917700,TLT
2016-10-06,107.44164276123047,108.13206999793094,107.32121214140467,107.55403732301481,7839900,TLT
2016-10-07,107.51390838623047,107.81094857198724,106.84756473297084,107.52193219527331,9953200,TLT
2016-10-10,106.87970733642578,106.90379101879718,106.3819493172005,106.65491813423091,6089100,TLT
2016-10-11,106.63882446289062,107.21685715677918,106.43009519846542,106.66290813762858,9670400,TLT
2016-10-12,106.74321746826172,106.79138482777698,106.1651846538958,106.51039223048275,7582400,TLT
2016-10-13,107.14461517333984,107.52193019276822,107.0723518929396,107.28911723396051,7080600,TLT
2016-10-14,105.64331817626953,106.73515631896824,105.59515082807657,106.18924337266316,11415100,TLT
2016-10-17,106.31771087646484,106.5665959848949,106.04475433829293,106.05279039829836,10595900,TLT
2016-10-18,106.66292572021484,106.68700939892281,105.83602008433233,105.86010376304029,7151000,TLT
2016-10-19,106.751220703125,106.99206970437193,106.22939140883088,106.26952270063114,6941300,TLT
2016-10-20,106.86359405517578,107.377399439124,106.69499611274726,107.28908856453509,6082300,TLT
2016-10-21,107.02425384521484,107.3534139743475,106.67101002371616,107.19285194187479,9222700,TLT
2016-10-24,106.55853271484375,107.1365653834239,106.20528916736829,107.10445790187538,6507500,TLT
2016-10-25,106.8395004272461,107.22485136677034,106.36583862136362,106.39794609545503,5134700,TLT
2016-10-26,106.11701202392578,106.61477002186913,105.9644861254592,106.3418134666019,5842500,TLT
2016-10-27,104.96092987060547,105.22586254301777,104.4150046592468,105.22586254301777,10044700,TLT
2016-10-28,104.72810363769531,105.11345468005146,104.63176893962847,104.67993628866189,7541000,TLT
2016-10-31,105.37037658691406,105.40248407354845,104.93685814185334,105.08136020684348,7047500,TLT
2016-11-01,105.37840270996094,105.8529808509074,104.46949112572142,104.694709241592,12622400,TLT
2016-11-02,105.8369140625,106.2632207540723,105.39451685233925,105.6116958961399,8666200,TLT
2016-11-03,105.02452087402344,105.41060740598779,104.91995091336806,105.16929872095899,6085400,TLT
2016-11-04,105.9655990600586,106.00580694078393,105.47494263522447,105.5875517028847,7622600,TLT
2016-11-07,105.06472778320312,105.37038626629497,104.919949937614,105.169297742886,5386700,TLT
2016-11-08,104.63844299316406,105.53932811252385,104.332796719579,105.38649883899532,7576500,TLT
2016-11-09,100.1983642578125,102.45055761408072,99.91684162246229,102.32990330272114,31233500,TLT
2016-11-10,98.71839141845703,100.51209780704446,98.71034615835427,99.71578888546146,22961200,TLT
2016-11-11,98.16336059570312,98.97575983494802,97.84966303399413,98.9033647855431,10040200,TLT
2016-11-14,97.57620239257812,98.66208543139551,97.1096816379274,97.55207274935734,21174400,TLT
2016-11-15,98.05883026123047,98.7827441819954,97.95426028047503,98.30817811675011,11963700,TLT
2016-11-16,98.94355773925781,99.0481215188378,98.26789738973406,98.37246730604622,9149500,TLT
2016-11-17,97.48773193359375,98.21969724138326,97.31881827873521,98.09099761668959,11221600,TLT
2016-11-18,97.2061996459961,98.10707852032748,96.79597730342056,97.83359491303204,13577700,TLT
2016-11-21,97.44749450683594,97.71293281648448,97.23836073528851,97.49575378614135,6488100,TLT
2016-11-22,97.41531372070312,97.9381450496051,97.23030959998987,97.85771087671264,9989900,TLT
2016-11-23,97.03726959228516,97.25444861674153,95.91921798262972,96.51443824595542,13563500,TLT
2016-11-25,97.18203735351562,97.56008466606272,96.84421019041392,97.47965050390515,3126300,TLT
2016-11-28,97.89791870117188,97.9140092167728,97.39921704201514,97.65661619776078,8555000,TLT
2016-11-29,98.30815887451172,98.45294285767277,97.49575951695614,97.68076365972544,8363000,TLT
2016-11-30,96.71552276611328,97.33487877963863,96.10421814756788,96.49834988734419,21163500,TLT
2016-12-01,95.69436645507812,95.90391761241003,94.81584176768888,95.5170492072108,21715700,TLT
2016-12-02,96.39556121826172,96.8872113179985,96.02480979289926,96.04898829794172,12487500,TLT
2016-12-05,96.29075622558594,97.04032039868719,95.46865041035998,95.85552482031811,12100100,TLT
2016-12-06,96.21822357177734,96.66957811708555,96.00867247308642,96.18598352217242,11526600,TLT
2016-12-07,97.04036712646484,97.21768439353077,96.57289544950252,96.57289544950252,10392200,TLT
2016-12-08,95.89585876464844,96.16182847773226,95.7346584773044,96.03287439701923,12041100,TLT
2016-12-09,94.70304870605469,95.79918661279841,94.52573137567478,95.6218692824185,14646400,TLT
2016-12-12,94.88028717041016,94.94476726407238,94.20325848527723,94.51759125543032,9496300,TLT
2016-12-13,95.21884155273438,95.50093440378576,94.6546558506316,95.42839887744239,12189200,TLT
2016-12-14,94.15491485595703,96.08121334616416,94.13879790483358,95.97643779095912,16618400,TLT
2016-12-15,94.6304931640625,95.33975618660371,94.32421560385743,94.75138572818135,12400500,TLT
2016-12-16,94.41282653808594,95.041492150459,94.1387953323483,94.79163944532634,14924600,TLT
2016-12-19,95.42835998535156,95.57343712807469,94.8964084123133,95.0898487020511,10868300,TLT
2016-12-20,94.95283508300781,95.02537673515575,94.60626222069456,94.80775792787294,7030600,TLT
2016-12-21,95.37196350097656,95.42838206124487,94.88837496308219,95.04150754143224,4624700,TLT
2016-12-22,95.20147705078125,95.35501676252035,94.95097008132323,94.97521189575296,5177800,TLT
2016-12-23,95.3953857421875,95.67013441618616,95.31457150606026,95.54891922725591,4461600,TLT
2016-12-27,95.08830261230469,95.11254441606239,94.73274588175775,94.88627936064333,5276600,TLT
2016-12-28,95.7833023071289,96.06613374220042,95.11258335734294,95.24188125066871,7578600,TLT
2016-12-29,96.12265014648438,96.38123963367835,95.8883086256527,96.00144114097134,8581400,TLT
2016-12-30,96.26813507080078,96.68834696279112,95.93682008409829,95.98530370038121,10613900,TLT
2017-01-03,96.6802749633789,96.96310636497884,95.50045957008903,95.68632372843308,13217300,TLT
2017-01-04,97.05195617675781,97.16508868967671,96.52669455805747,96.77720754974322,6699600,TLT
2017-01-05,98.57117462158203,98.61157556741271,97.10852228069717,97.33478730617958,13265800,TLT
2017-01-06,97.66614532470703,98.21564895114052,97.57725457886765,97.88432777750977,8369300,TLT
2017-01-09,98.44998931884766,98.58736367381236,98.15099263575264,98.49039027693416,8839100,TLT
2017-01-10,98.38533782958984,98.51463568873237,98.00553307493524,98.22372167092294,8417900,TLT
2017-01-11,98.7166519165039,99.1449402551056,98.11058211691416,98.53887045551585,9402500,TLT
2017-01-12,98.49849700927734,99.50861368725029,98.45001338161877,99.23386491016785,9977600,TLT
2017-01-13,98.02973937988281,98.38530219849332,97.47215951873156,98.04590468905185,9820000,TLT
2017-01-17,99.05608367919922,99.3469977765305,98.5793053998596,99.24194169594463,7853300,TLT
2017-01-18,97.78736877441406,98.55505491830608,97.70656068009845,98.40151522342272,9064700,TLT
2017-01-19,97.11663055419922,97.43986903240902,96.6075341125701,97.36713744631275,11795600,TLT
2017-01-20,96.92269897460938,97.22168950850367,96.39743716917816,96.84188472357246,16953200,TLT
2017-01-23,97.89240264892578,98.4823133548203,96.98733611112885,97.24592566974778,13118400,TLT
2017-01-24,97.22166442871094,97.88430042554918,96.80954144799239,97.59338645959481,8395000,TLT
2017-01-25,96.00147247314453,96.64794331948947,95.80752567050553,96.38935374789915,11115100,TLT
2017-01-26,96.32469940185547,96.37318918242177,95.62166231888847,96.09035781770737,7827900,TLT
2017-01-27,96.67215728759766,96.83377957658408,96.36508418641336,96.48629936183818,7197800,TLT
2017-01-30,96.38130187988281,96.87423937152334,96.32473558569113,96.51868245028862,6569500,TLT
2017-01-31,97.05195617675781,97.2943865131609,96.36507844396178,96.42972735570387,13298500,TLT
2017-02-01,96.4518814086914,96.80011263431588,96.03076759515213,96.4518814086914,10975500,TLT
2017-02-02,96.41140747070312,97.29412967465181,96.37091301900868,97.12406409898975,6978600,TLT
2017-02-03,96.37091064453125,97.075473307988,95.94169665292344,96.72724203918787,10275600,TLT
2017-02-06,96.95399475097656,97.28602576332575,96.4680922424785,96.98638907535451,8433800,TLT
2017-02-07,97.6666259765625,97.99866308123003,96.75150972033967,97.00255794581142,8418400,TLT
2017-02-08,98.99481201171875,99.01910621630786,98.32264969660048,98.33074364573876,15734200,TLT
2017-02-09,97.8529052734375,98.46837882602199,97.71523404551083,98.32261365192423,16890600,TLT
2017-02-10,97.79623413085938,97.95009945704732,97.26983714273612,97.26983714273612,7978500,TLT
2017-02-13,97.48847198486328,97.51277235867805,97.08355225480366,97.3831950793383,11536800,TLT
2017-02-14,96.783935546875,97.42370959359633,96.23324435340513,97.3751150145408,13210500,TLT
2017-02-15,96.33850860595703,96.54906861126621,96.08746033177873,96.17654317331011,8481000,TLT
2017-02-16,96.86490631103516,97.35080879147938,96.46808667284067,96.54906938981716,10005800,TLT
2017-02-17,97.43991088867188,97.74764774542803,97.28603937100056,97.67476513932255,7886400,TLT
2017-02-21,97.26982116699219,97.67474091003068,96.85680129908916,96.9215899408357,8703800,TLT
2017-02-22,97.43182373046875,97.84484375580097,96.84873808966734,97.82864967848417,8101500,TLT
2017-02-23,97.72335815429688,97.78004668791583,97.44801561345821,97.6423754174965,5330800,TLT
2017-02-24,98.80852508544922,98.91380200250924,98.20114542381015,98.27402801748582,11336000,TLT
2017-02-27,98.2254409790039,98.71944360491676,98.1768525825487,98.64655483164846,11039800,TLT
2017-02-28,98.58987426757812,98.86522295308272,98.249743107766,98.39551448748348,8410500,TLT
2017-03-01,96.9378433227539,97.002756731016,96.51591235953362,96.91350234227646,10717100,TLT
2017-03-02,96.58892822265625,96.72686455340187,96.24814216182034,96.56458724552262,8201200,TLT
2017-03-03,96.8404769897461,96.8404769897461,96.19136145324215,96.74311306403646,9515200,TLT
2017-03-06,96.37799835205078,96.65387730587689,96.1670328215349,96.65387730587689,4489200,TLT
2017-03-07,96.08588409423828,96.29684960270293,95.94794772698545,96.1345722518742,7080100,TLT
2017-03-08,95.56658935546875,95.70452572302824,95.12032354445552,95.18523077064084,11336300,TLT
2017-03-09,94.80386352539062,95.32316462082352,94.7470658386144,95.2095630567875,10575400,TLT
2017-03-10,95.13655090332031,95.19334859653875,94.67405363268901,95.04729650105074,9218500,TLT
2017-03-13,94.5361099243164,95.00671669281941,94.51987847580855,94.79575738608779,6993100,TLT
2017-03-14,94.99048614501953,95.21767688760735,94.69838199298279,94.74706395482777,9869200,TLT
2017-03-15,96.15078735351562,96.4185505255326,95.28259061828044,95.38807026612797,14600500,TLT
2017-03-16,95.66399383544922,95.86684369252588,95.44491252313406,95.73701681256335,8018200,TLT
2017-03-17,96.26439666748047,96.3536510710798,95.76944268042396,95.83435609949336,7266800,TLT
2017-03-20,96.67820739746094,96.74312081345616,96.15079672584682,96.19136915846485,5497800,TLT
2017-03-21,97.48148345947266,97.61131028168516,96.57271427543596,96.59706144746352,12540700,TLT
2017-03-22,97.87100982666016,98.31727583694891,97.71684194084914,97.95214853848657,11661400,TLT
2017-03-23,97.73304748535156,98.19554485896984,97.41660223974357,98.04138319475418,6746500,TLT
2017-03-24,98.08192443847656,98.26043323724944,97.69245632341217,97.79793598155793,5819600,TLT
2017-03-27,98.52819061279297,98.96634685921022,98.33345656676877,98.85275148315579,6878500,TLT
2017-03-28,97.87100982666016,98.84468674955097,97.7655239298476,98.82034575505173,6811200,TLT
2017-03-29,98.45520782470703,98.48766454607083,98.08196481475329,98.1306529920423,6291000,TLT
2017-03-30,97.65998840332031,98.25230623253613,97.62753169904387,98.2360809756396,7042400,TLT
2017-03-31,97.94401550292969,98.02515420041846,97.53831582499998,97.59511353229071,5144800,TLT
2017-04-03,98.93195343017578,99.09458056799411,97.89929747029105,97.9399496020524,12996500,TLT
2017-04-04,98.39527893066406,98.86688202332638,98.34648769766544,98.68800151429706,6976700,TLT
2017-04-05,98.69613647460938,98.80997235514788,97.86675988731595,98.02938080134517,8555200,TLT
2017-04-06,98.54975891113281,98.72051890735764,97.9968392096316,98.58228432929043,6497000,TLT
2017-04-07,98.15135955810547,99.40356057480798,98.13509994648712,99.07017960251856,10270000,TLT
2017-04-10,98.60668182373047,98.89127769609047,98.38714299456166,98.50097886206986,5314500,TLT
2017-04-11,99.54173278808594,99.72875233586154,98.97255364892078,99.03760446585034,11297400,TLT
2017-04-12,100.08655548095703,100.16787213320939,99.43606568806534,99.61495239727716,11532500,TLT
2017-04-13,100.39554595947266,100.61508479578825,99.94020247461681,100.37928014724797,8396700,TLT
2017-04-17,100.08655548095703,100.46059471126699,99.89954206939163,100.38741096495781,8015000,TLT
2017-04-18,101.39570617675781,101.62338418989414,100.46062641664048,100.71269074812342,11529700,TLT
2017-04-19,100.84275817871094,100.96472695802142,100.5825610111905,100.9078090214885,7344000,TLT
2017-04-20,100.45246124267578,100.76144342729947,100.1272132462569,100.43619543088059,7932900,TLT
2017-04-21,100.45246124267578,101.02164058371666,100.41180291677733,100.68013297909214,9798500,TLT
2017-04-24,99.95646667480469,100.14348630244118,99.5743007166358,99.6474844678292,8066400,TLT
2017-04-25,98.7530746459961,99.57432469834717,98.6961566940663,99.37104541237058,8122300,TLT
2017-04-26,99.2978286743164,99.31408828119989,98.73677608120602,98.80995361756526,5766200,TLT
2017-04-27,99.26529693603516,99.48483573472234,98.85873855035702,98.9969669126263,4978300,TLT
2017-04-28,99.4848403930664,99.55802413178138,98.83435066767562,98.87500278599377,8166300,TLT
2017-05-01,98.65777587890625,99.52147756363077,98.35629216983095,99.15481339618373,8795900,TLT
2017-05-02,99.16297912597656,99.22816581539192,98.54372422616518,98.56816768055972,6727800,TLT
2017-05-03,99.22819519042969,99.725232965409,99.0407911735634,99.58671587180406,8932900,TLT
2017-05-04,98.73926544189453,98.77185878243115,98.32370812073283,98.60074840702198,9707200,TLT
2017-05-05,98.82890319824219,98.9755701336993,98.50297598427699,98.90223355769848,5605400,TLT
2017-05-08,98.29115295410156,98.70671043665573,98.2096726793871,98.68226697589604,8057800,TLT
2017-05-09,98.28302764892578,98.29117132633688,97.89191355402565,98.0874674932019,5536700,TLT
2017-05-10,98.16893005371094,98.64151810673125,97.90818945956156,98.51930080990039,6517000,TLT
2017-05-11,98.16893005371094,98.24226043180947,97.70448567611527,97.77781605421379,7479800,TLT
2017-05-12,98.91040802001953,98.99188828961692,98.57633704970637,98.60078050893098,7463900,TLT
2017-05-15,98.64151000976562,98.76373351310993,98.38891932832085,98.64151000976562,5173200,TLT
2017-05-16,99.00819396972656,99.31782149925445,98.68226665538083,98.68226665538083,6722700,TLT
2017-05-17,100.45040130615234,100.6622549659789,99.72521638777425,99.92077026485879,11236400,TLT
2017-05-18,100.56446075439453,100.98816801436736,100.37705679507734,100.83335118285288,8350500,TLT
2017-05-19,100.80078125,100.85781806171904,100.23041313280967,100.51559719140484,11277400,TLT
2017-05-22,100.52375030517578,100.67856096106249,100.43412013866673,100.55634365813783,4062900,TLT
2017-05-23,99.84747314453125,100.72747520929877,99.79858621311564,100.63784502400499,7901300,TLT
2017-05-24,100.4096450805664,100.43408853345933,99.84742079785136,100.05927441716412,7355200,TLT
2017-05-25,100.4422378540039,100.4503877442746,100.02668669837134,100.23853411305055,6464800,TLT
2017-05-26,100.6133804321289,100.82522790147932,100.42597020680738,100.67041724565347,2963800,TLT
2017-05-30,101.11040496826172,101.15114821076384,100.82522092038491,101.06151805049598,4819400,TLT
2017-05-31,101.36302947998047,101.56673331486124,101.06154556639976,101.07784535445693,8000200,TLT
2017-06-01,101.37361145019531,101.40627385227734,100.973507926694,101.0061640990598,9037300,TLT
2017-06-02,102.57394409179688,102.69642033137424,102.10851569225139,102.24732625025051,13245000,TLT
2017-06-05,101.93701934814453,102.19831856119596,101.88802886055545,101.98601606544973,6775500,TLT
2017-06-06,102.49225616455078,102.77805058918489,102.39427520041605,102.63107291326736,12841500,TLT
2017-06-07,102.00238800048828,102.49231177613731,101.89623982184195,102.26368109614901,12852400,TLT
2017-06-08,101.7328872680664,101.96968501519024,101.4960957506589,101.96968501519024,8758600,TLT
2017-06-09,101.57776641845703,101.7737346390992,101.23482047490387,101.31647338102833,5130500,TLT
2017-06-12,101.54512023925781,102.05953923680327,101.36548007924303,101.42263774563696,4335800,TLT
2017-06-13,101.56143951416016,101.67575483702377,101.24298879622327,101.25932311647114,4742600,TLT
2017-06-14,103.129150390625,103.46392902479559,102.66372218136321,102.81886076464073,20212300,TLT
2017-06-15,102.96588897705078,103.15369627602735,102.74542549798217,102.95772181716893,5863700,TLT
2017-06-16,103.16999816894531,103.24349012978543,102.89237710063317,102.9495347458572,6672500,TLT
2017-06-19,103.0230712890625,103.27620346823025,102.90875594223287,103.1455537977283,5641300,TLT
2017-06-20,103.94573211669922,104.02738501814373,103.5292942207001,103.5292942207001,8405700,TLT
2017-06-21,104.15800476074219,104.22332955894967,103.62725790702439,103.79056367282746,5914800,TLT
2017-06-22,104.38668060302734,104.41118208526953,103.95391452919057,104.28053243218459,6608100,TLT
2017-06-23,104.3376693725586,104.43565659290833,104.02738585269346,104.08454350713485,4329900,TLT
2017-06-26,104.72962951660156,104.98276789879733,104.64798282572549,104.73780290729509,5541600,TLT
2017-06-27,103.61091613769531,104.10083962956962,103.39045274675219,104.05184914929674,8354200,TLT
2017-06-28,103.26799774169922,103.46396594455007,102.86789417721134,103.43130353912211,7357900,TLT
2017-06-29,102.40249633789062,102.65562226829232,101.98605833165017,102.07587841593181,9115800,TLT
2017-06-30,102.1656494140625,102.38611282337337,101.94517977503592,102.22280705571463,10189800,TLT
2017-07-03,101.83668518066406,102.31125905426047,101.47666276033767,102.2785291758139,11021100,TLT
2017-07-05,101.86131286621094,101.99223248518062,101.55857217187781,101.62402573877164,11394500,TLT
2017-07-06,101.01850128173828,101.165782678093,100.58484112652405,101.06759299966026,10853100,TLT
2017-07-07,100.41304779052734,100.66669674225804,100.30667404231188,100.5112312595375,9401800,TLT
2017-07-10,100.56031036376953,100.72395360980161,100.38029904758045,100.5357645011237,3859200,TLT
2017-07-11,100.73212432861328,100.91213562100582,100.40483163722587,100.52756717681976,4425600,TLT
2017-07-12,101.42761993408203,101.4930797225152,101.04305148027343,101.37034417985026,7839900,TLT
2017-07-13,100.78939819335938,101.17396663034144,100.4866513670442,101.13305270371362,7449300,TLT
2017-07-14,100.91213989257812,101.59127116350133,100.74031262690883,101.54217320003217,6566800,TLT
2017-07-17,101.19034576416016,101.45217870863432,100.86305302292001,100.91215099178942,4737300,TLT
2017-07-18,102.07404327392578,102.09040510326201,101.64856704269006,101.81221030641372,9163000,TLT
2017-07-19,102.11491394042969,102.28674116730564,101.94308047096601,102.09854587543899,5140900,TLT
2017-07-20,102.40948486328125,102.87587487136055,102.25401944639208,102.67949553131479,12239100,TLT
2017-07-21,102.84317779541016,103.12137258535596,102.744988094058,102.87590769586087,6201500,TLT
2017-07-24,102.44222259521484,102.8186132607574,102.40949894329634,102.64677975394538,5378500,TLT
2017-07-25,101.1085205078125,101.61582455064253,101.02669888608885,101.5749106184859,9743300,TLT
2017-07-26,101.27214813232422,101.53398102701188,100.70757465969093,100.86303384421295,8459500,TLT
2017-07-27,100.77304077148438,100.9530458257813,100.49483979195458,100.73212684306884,6390800,TLT
2017-07-28,101.3703384399414,101.45216004955536,100.85485668104369,100.86303447219302,5491800,TLT
2017-07-31,101.49308776855469,101.50127180340489,100.96942190475285,101.01851362867504,5464600,TLT
2017-08-01,102.20565795898438,102.26305819086396,100.99205126891424,101.00844865395581,9676800,TLT
2017-08-02,102.2630615234375,102.64026395324659,102.23846231699548,102.31225993632157,5745600,TLT
2017-08-03,103.32087707519531,103.33727446170468,102.71407367584263,102.738672883685,10324500,TLT
2017-08-04,102.44345092773438,102.64845263004264,102.0416493429337,102.62385342675053,8485500,TLT
2017-08-07,102.55828857421875,102.582887786432,102.1810860559143,102.36968418698767,4684600,TLT
2017-08-08,102.18925476074219,102.48445772394585,101.803850544551,102.3942564709583,6197400,TLT
2017-08-09,102.74686431884766,103.27986378463835,102.66485862612048,103.26346639978651,9221800,TLT
2017-08-10,103.6242904663086,103.6816907080698,102.92727948700622,103.00928519479977,10378200,TLT
2017-08-11,103.67350006103516,103.69809927356192,102.95189605023295,103.13229236081514,5717800,TLT
2017-08-14,103.14048767089844,103.55049120354226,103.0994910713285,103.31268840386996,5111000,TLT
2017-08-15,102.70586395263672,102.94366670374484,102.26305947707225,102.2794631184762,7473200,TLT
2017-08-16,103.08308410644531,103.33728428652677,102.34507652022488,102.36148016445046,5283800,TLT
2017-08-17,103.85391235351562,103.87851156834606,102.91910465300866,103.07490176565422,9364700,TLT
2017-08-18,103.82928466796875,104.26388736055775,103.53408165863345,104.12448767730405,8382500,TLT
2017-08-21,104.08350372314453,104.15730136079826,103.7309004122085,103.95229958132748,7669800,TLT
2017-08-22,103.68170928955078,103.9851079405953,103.54230331501216,103.96871054979218,6140700,TLT
2017-08-23,104.38688659667969,104.39508216169666,103.94408209565907,104.17368303926462,7446400,TLT
2017-08-24,104.00150299072266,104.3951028990447,103.911301708366,104.04249959242077,5569400,TLT
2017-08-25,104.40327453613281,104.50987317711672,104.0342739467489,104.15726997243958,7303300,TLT
2017-08-28,104.33769226074219,104.46069456590217,103.91949318181821,104.07529026260755,4448500,TLT
2017-08-29,104.67386627197266,105.38727441974706,104.39506071476056,105.33807601512648,7659400,TLT
2017-08-30,104.64112091064453,104.74771959607591,104.41971545977204,104.51811857751076,4735200,TLT
2017-08-31,104.95269012451172,104.98549115398362,104.60828869929178,104.66568893682843,7978400,TLT
2017-09-01,104.14988708496094,104.63468433917672,103.886944820005,104.6100344813743,14128600,TLT
2017-09-05,105.8014907836914,105.83436561964517,104.92228326211007,104.92228326211007,15215700,TLT
2017-09-06,105.15238189697266,105.99872732137607,104.96338915965013,105.76865356744577,9066400,TLT
2017-09-07,106.228759765625,106.46705840686398,105.44815179420029,105.44815179420029,13618900,TLT
2017-09-08,105.99870300292969,106.13017727160653,105.64538001119656,106.08908999538546,9808500,TLT
2017-09-11,104.73330688476562,105.21811048599548,104.56897029362551,105.07020504635372,17856700,TLT
2017-09-12,104.18273162841797,104.42923641863916,103.96908912833027,104.39637412850566,7557400,TLT
2017-09-13,103.77191925048828,104.2895851277215,103.7637005406481,104.2813726869201,6740000,TLT
2017-09-14,104.19918060302734,104.21561801994336,103.80477036357115,103.83763892836545,6674500,TLT
2017-09-15,104.24031829833984,104.36357390867899,103.97737592183533,104.35535519624551,9769200,TLT
2017-09-18,103.64044952392578,104.00199754431736,103.40215708039852,103.94447911098588,6863000,TLT
2017-09-19,103.38571166992188,103.788340647711,103.31176209542595,103.76369078954569,5554900,TLT
2017-09-20,103.45967864990234,103.57471551308186,102.98309377727931,103.50897837153961,8037000,TLT
2017-09-21,103.40217590332031,103.99379776473428,103.38574474896556,103.66512452531781,6147800,TLT
2017-09-22,103.69793701171875,104.13344075588151,103.58290017938509,103.94444809188354,5660700,TLT
2017-09-25,104.34709930419922,104.57717301803366,103.69795917214431,103.79656487908986,9679000,TLT
2017-09-26,104.15813446044922,104.26495263000436,103.88697341191714,104.16634690261819,7251900,TLT
2017-09-27,102.58869171142578,102.95845848313681,102.39148652793708,102.60512913365636,12145700,TLT
2017-09-28,102.2846450805664,102.42433179253618,101.86557867561874,102.06278381422538,8883700,TLT
2017-09-29,102.51467895507812,102.73653386617919,102.1120438560254,102.51467895507812,11285500,TLT
2017-10-02,102.32701873779297,102.91983800980599,102.29408363582242,102.763397845878,7860700,TLT
2017-10-03,102.42578887939453,102.5163588082874,102.03057407315956,102.03057407315956,6219800,TLT
2017-10-04,102.43407440185547,102.58227295984958,101.99768894808757,102.5328734405182,7447000,TLT
2017-10-05,102.04708099365234,102.34349063314447,101.84124131521217,102.31878459507973,8180300,TLT
2017-10-06,101.75887298583984,102.1787875755393,101.29779424058664,101.5118692073371,10375000,TLT
2017-10-09,102.0799789428711,102.14584284188642,101.8000338155828,101.91530349101734,3590900,TLT
2017-10-10,102.24468994140625,102.8128094896992,102.1129495260281,102.21175483756171,6666800,TLT
2017-10-11,102.4422836303711,102.63989423288994,102.31054951041995,102.56578868651334,4385900,TLT
2017-10-12,102.87863159179688,102.90333762093296,102.29404787010033,102.54929325069689,7141600,TLT
2017-10-13,103.61969757080078,103.69380312489959,103.05981336877709,103.39739347196183,7746900,TLT
2017-10-16,103.54557037353516,103.66084006506547,103.23269011218684,103.35619514789133,5737300,TLT
2017-10-17,103.67728424072266,103.81725365573566,103.24090531054928,103.24090531054928,4969600,TLT
2017-10-18,102.99393463134766,103.06804017930922,102.65636083784877,102.96100581195167,5943800,TLT
2017-10-19,103.175048828125,103.7514035315381,103.14211373521054,103.52909322479715,8966500,TLT
2017-10-20,102.0799789428711,102.32698269806247,101.8000338155828,102.09644334719339,12326900,TLT
2017-10-23,102.26112365722656,102.49989837713102,102.11291887527645,102.22819484499486,6871100,TLT
2017-10-24,101.62715148925781,101.84122648254059,101.3966120880583,101.57775198378008,6842800,TLT
2017-10-25,101.14136505126953,101.25664103177196,100.79555595494462,100.88612590137173,9961400,TLT
2017-10-26,100.80379486083984,101.32250852365239,100.80379486083984,101.32250852365239,8179400,TLT
2017-10-27,101.47071075439453,101.54481629390644,101.06726680464868,101.22370694671906,10480900,TLT
2017-10-30,102.4422836303711,102.4752187307909,101.73419467566545,101.98120478794996,9051600,TLT
2017-10-31,102.47522735595703,102.63990287191653,102.4258278420335,102.5328622161107,4424300,TLT
2017-11-01,102.93148040771484,103.25326970258153,102.56018700441608,102.60143832976647,8940400,TLT
2017-11-02,103.38530731201172,103.56682450666588,103.07176444981876,103.13777413607309,7222700,TLT
2017-11-03,103.66583251953125,103.71533663359504,103.25328144892023,103.52556666633065,10984100,TLT
2017-11-06,104.05363464355469,104.1443963854046,103.73184530246134,103.90511600189392,6246700,TLT
2017-11-07,104.49092864990234,104.6064424394261,104.07012481947757,104.15264006487689,6422700,TLT
2017-11-08,104.25990295410156,104.62294989632218,104.1361363787964,104.44967291387724,3356200,TLT
2017-11-09,103.96285247802734,104.16087519632983,103.59155909433159,103.85559148374448,6280400,TLT
2017-11-10,102.3951644897461,103.00573825215062,102.2796507048325,102.89847725045348,11981000,TLT
2017-11-13,102.60969543457031,102.98098885350726,102.56843781245318,102.97274236510728,5880800,TLT
2017-11-14,103.30274200439453,103.33574683153017,102.94794798147016,102.94794798147016,6195900,TLT
2017-11-15,104.42493438720703,104.51569613452135,103.66584185969661,104.01238327942568,9568200,TLT
2017-11-16,103.51734161376953,104.2351829351473,103.50908882753812,103.97115043102526,5894900,TLT
2017-11-17,104.2846450805664,104.32590270008289,103.92985095582283,104.02061268273599,6938800,TLT
2017-11-20,104.24341583251953,104.27642067810973,103.88862790624381,103.88862790624381,4232300,TLT
2017-11-21,104.57344055175781,105.02724923414476,104.218646389627,104.86222503371788,5818400,TLT
2017-11-22,104.91170501708984,104.95295633396154,104.38364031892114,104.47440202907774,4140700,TLT
2017-11-24,104.62296295166016,104.81273293511622,104.53220120477933,104.73022397296009,3141400,TLT
2017-11-27,104.47442626953125,104.82922041109256,104.30940207867181,104.67244900353339,6079900,TLT
2017-11-28,104.61466217041016,104.93645138170545,104.3506298356287,104.5981566085334,5983000,TLT
2017-11-29,103.58333587646484,103.69884968636367,103.22028887676541,103.59983515143732,14547100,TLT
2017-11-30,103.23677825927734,103.56681406722133,102.67570857273124,103.39354337954188,9630000,TLT
2017-12-01,104.62992858886719,105.57246554543671,103.43108329646834,104.06771300881817,24583100,TLT
2017-12-04,104.67951965332031,104.72912486289056,104.01808742225253,104.10903451172149,9609200,TLT
2017-12-05,105.20037078857422,105.41533716390025,104.54720833469104,104.56374760626899,10958900,TLT
2017-12-06,105.56417846679688,106.01890759260755,105.54764550006477,105.7212700362345,11834200,TLT
2017-12-07,104.73735809326172,105.91140021069887,104.42318136205067,105.77084165263322,13056800,TLT
2017-12-08,104.74566650390625,104.78700207685335,104.37360850006993,104.66298274224125,4786100,TLT
2017-12-11,104.53065490722656,105.07633091267881,104.51412194676914,104.88617348194646,3863800,TLT
2017-12-12,104.48937225341797,104.51418116998613,103.90235405236287,104.31574768475825,7502400,TLT
2017-12-13,105.27481079101562,105.32441600218385,104.66298374980876,104.84487793460619,8532900,TLT
2017-12-14,105.72132110595703,105.8122682366291,104.82838908184314,105.04335560051237,6885000,TLT
2017-12-15,106.11811828613281,106.31653909538765,105.46494948028592,105.67164623377214,7239400,TLT
2017-12-18,105.1507797241211,105.8287448686203,104.92754999088314,105.80394226580329,7239700,TLT
2017-12-19,103.78659057617188,104.48935839646859,103.40626924175112,104.43975318568319,11045800,TLT
2017-12-20,102.63735961914062,103.10862805758201,102.48026803703165,102.77791192529837,10005800,TLT
2017-12-21,103.23554229736328,103.45096333958585,102.73842216404043,102.76327722252276,7026900,TLT
2017-12-22,103.37641143798828,103.43440869251562,103.17756461121267,103.31841418346096,3974300,TLT
2017-12-26,103.6830062866211,104.006134857549,103.54215666775072,103.55044379863389,3168400,TLT
2017-12-27,105.03350067138672,105.20749878534164,104.14696744869416,104.15525457822243,9059700,TLT
2017-12-28,104.94233703613281,105.08318659104499,104.70206091945714,104.83462334724923,5297100,TLT
2017-12-29,105.10801696777344,105.32343797372556,104.7931757446314,104.80974367375491,7580500,TLT
2018-01-02,103.97294616699219,104.81805614480741,103.62496268023341,104.80148189045171,16238200,TLT
2018-01-03,104.47006225585938,104.56120168757778,103.97294210544808,104.39549707784924,8605100,TLT
2018-01-04,104.45349884033203,104.5280703427926,103.87352635997632,104.10551535211862,9217900,TLT
2018-01-05,104.15521240234375,104.54462515652571,103.86522619855671,104.28778113620363,10915400,TLT
2018-01-08,104.08892822265625,104.42034373667697,103.70780259396125,104.38720155315238,8850600,TLT
2018-01-09,102.697021484375,103.42613711633655,102.58102696496788,103.40956285857713,16226400,TLT
2018-01-10,102.57270050048828,102.68040784307335,101.62817050789805,101.75244577964065,14302600,TLT
2018-01-11,102.99531555175781,103.22730463706203,102.16677949211216,102.33249049677838,12511000,TLT
2018-01-12,103.1692886352539,103.39299687063175,102.66388754615632,102.82130507047431,9987100,TLT
2018-01-16,103.60009765625,103.79894444081306,103.20239776589857,103.70780501429972,9125900,TLT
2018-01-17,103.45926666259766,104.09723644134417,103.23555845878454,103.63325842043761,8327000,TLT
2018-01-18,102.4981918334961,102.96216998895495,102.35734222505012,102.680470772063,10843900,TLT
2018-01-19,101.9595947265625,102.37386255018251,101.89331667891456,102.24130013366128,11374300,TLT
2018-01-22,102.05907440185547,102.4981975120612,101.90165052414827,102.2827763617085,8984700,TLT
2018-01-23,102.4981918334961,102.9041727195226,102.108778886781,102.5810441725097,12325700,TLT
2018-01-24,101.94303894042969,102.01760412337681,101.5287710674539,101.78561512590655,9038900,TLT
2018-01-25,102.77985382080078,102.86270612470746,101.74418421890324,102.04245756994779,12173300,TLT
2018-01-26,102.39875793457031,102.66389551447911,101.99277707748365,102.63903412544178,6462900,TLT
2018-01-29,101.68620300292969,101.88504982789524,101.32993235086867,101.88504982789524,12223000,TLT
2018-01-30,101.08969116210938,101.38796466330952,100.83284067310278,101.31339312739509,12064400,TLT
2018-01-31,101.68620300292969,101.85190763686322,101.03165895280704,101.80219751092848,18045100,TLT
2018-02-01,100.21248626708984,101.7318652066101,100.15436825852618,101.69035596300053,18632800,TLT
2018-02-02,99.28258514404297,99.8471627252674,99.00029318623724,99.7558335331291,23944400,TLT
2018-02-05,100.22075653076172,101.14234630594838,98.50211733759471,98.94215444325604,28606200,TLT
2018-02-06,99.59809875488281,100.35363922918918,99.39883790860816,99.98001801623761,10935400,TLT
2018-02-07,98.65160369873047,99.90529947982996,98.4357340827558,99.73924349277706,16271100,TLT
2018-02-08,98.54366302490234,98.95048907071074,97.84624061198603,97.97908538945109,15155100,TLT
2018-02-09,97.92096710205078,98.87576201619495,97.7964267071314,98.06210992691186,15661600,TLT
2018-02-12,98.35267639160156,99.05009863540174,98.12850880197165,98.43570119019094,10944600,TLT
2018-02-13,98.79271697998047,98.80932574091084,98.294561836637,98.47722020055308,8157600,TLT
2018-02-14,97.69681549072266,98.41914487911282,97.53076581574032,98.35272247536426,12043300,TLT
2018-02-15,98.02888488769531,98.63497801236238,97.96246250853436,98.12851845643677,8222400,TLT
2018-02-16,98.56031036376953,98.97544098092013,98.25311142669749,98.83429809134265,8454100,TLT
2018-02-20,98.12850189208984,98.39418502949897,97.788092007142,98.20322230524289,8268800,TLT
2018-02-21,96.92463684082031,98.211543519276,96.73368041821801,98.17002794859548,12054300,TLT
2018-02-22,97.21522521972656,97.6884799138416,97.14050479500521,97.33976559531543,9317900,TLT
2018-02-23,98.07872009277344,98.22816731158676,97.7383164098247,97.87115486299871,9072900,TLT
2018-02-26,98.11196899414062,98.72636687114665,98.0040373135593,98.53540399923601,8771600,TLT
2018-02-27,97.97075653076172,98.51873159932045,97.35636542445114,98.40248928088606,12525700,TLT
2018-02-28,98.5934829711914,98.65990536418302,98.17835251657587,98.36101093010879,9311600,TLT
2018-03-01,99.26651763916016,99.5161007627378,98.2931548820998,98.52609574561895,12287700,TLT
2018-03-02,98.45954895019531,98.9420729840965,98.26820737109999,98.87551663173156,10064300,TLT
2018-03-05,98.19332122802734,98.83391495550921,97.86054584271388,98.79231565215908,5658200,TLT
2018-03-06,98.28482818603516,98.73407397473588,98.26819227408126,98.46785495333864,5452000,TLT
2018-03-07,98.17662811279297,98.73402290881087,98.13502883368047,98.64250957249045,4461800,TLT
2018-03-08,98.74239349365234,98.99197025186255,98.38466109443853,98.42625404722588,7086700,TLT
2018-03-09,98.09347534179688,98.39296615261836,97.82725000389085,98.16002532911199,6570400,TLT
2018-03-12,98.65922546386719,98.71746704070762,98.32645634980985,98.42628454516145,5801300,TLT
2018-03-13,99.15835571289062,99.30810429853919,98.32642053643455,98.42624869542581,7455300,TLT
2018-03-14,100.03189849853516,100.16501119291206,99.30811885113927,99.3330758945443,10175000,TLT
2018-03-15,100.03189849853516,100.2398823231271,99.77400058713319,99.97366328153592,6757900,TLT
2018-03-16,99.67414093017578,99.84053175618588,99.45784237710417,99.66582614924603,6084300,TLT
2018-03-19,99.35800170898438,99.8072473905612,99.1666538577503,99.17497498532411,8491200,TLT
2018-03-20,98.95867919921875,99.1833052342451,98.85885104779477,98.9254073801849,5446000,TLT
2018-03-21,99.06682586669922,99.34968073303448,98.25984786414412,98.71741467399308,9742400,TLT
2018-03-22,100.04853820800781,100.51441993212329,99.55769309396119,100.09013116356815,12136600,TLT
2018-03-23,99.9736328125,100.0901032110017,99.51607234614633,99.565986417744,7250400,TLT
2018-03-26,99.59099578857422,100.20662626804838,99.55771760763453,99.83225784001394,8237900,TLT
2018-03-27,100.65581512451172,100.76397073803932,99.67413155841747,99.69077381303421,9168500,TLT
2018-03-28,100.92205810546875,101.19659824757473,100.62256092265531,101.03852852687821,7412500,TLT
2018-03-29,101.41292572021484,101.7373800158528,101.08847142457688,101.1134284708316,9694300,TLT
2018-04-02,101.61302185058594,102.0132072189449,101.01275333914346,101.17115461432813,12036500,TLT
2018-04-03,100.82930755615234,101.27951358635885,100.73759856699571,101.17946568162554,9855000,TLT
2018-04-04,100.62085723876953,101.2628136620775,100.54581973640873,101.17110469292959,6654300,TLT
2018-04-05,99.87052917480469,100.27070804570039,99.8538513447591,100.12897829395519,7603700,TLT
2018-04-06,100.96269226074219,101.00438047536095,100.22902675284274,100.59586268715671,8831200,TLT
2018-04-09,101.1294174194336,101.1294174194336,100.33738603390096,100.57916363407026,6307500,TLT
2018-04-10,100.94602966308594,101.19613989059427,100.69591307484855,101.04607120979765,6046000,TLT
2018-04-11,101.30452728271484,101.62133611696274,101.10443146670967,101.5879868142952,5901300,TLT
2018-04-12,100.56249237060547,100.93766078085227,100.38741335510848,100.91265040159945,6622800,TLT
2018-04-13,100.79593658447266,100.98768707640929,100.46245000112012,100.47912146796035,4964000,TLT
2018-04-16,100.82930755615234,100.85431794215344,100.19568354763257,100.237371764787,4491300,TLT
2018-04-17,101.10440826416016,101.36286371033805,100.72923982652414,100.81260988369573,5590400,TLT
2018-04-18,100.29574584960938,101.16280237217985,100.27906801606197,101.12112050977098,8138400,TLT
2018-04-19,99.47867584228516,99.65375488104532,99.05348025630876,99.5620459044479,9875800,TLT
2018-04-20,98.76167297363281,99.32025933667275,98.73666259330676,99.1201699333369,7579400,TLT
2018-04-23,98.78669738769531,98.895084198809,98.44487820680105,98.65330655343094,7073200,TLT
2018-04-24,98.33647155761719,98.7533281667817,98.17807037142909,98.55323877538632,8190800,TLT
2018-04-25,97.67786407470703,98.08638185584513,97.49444611072262,97.88629242273869,6603800,TLT
2018-04-26,98.36151885986328,98.48657079288685,98.03636475181486,98.15309049051861,6528600,TLT
2018-04-27,99.12020111083984,99.1702218872256,98.7450325664878,98.77004295468068,5401800,TLT
2018-04-30,99.29528045654297,99.6787879182361,99.16188959891163,99.2786089846126,8321100,TLT
2018-05-01,98.93763732910156,99.29691828590326,98.78723783275979,99.23842994703429,7979200,TLT
2018-05-02,98.82904052734375,99.3220192777318,98.8123323005225,99.12983960814768,4644000,TLT
2018-05-03,99.27185821533203,99.68963390868802,99.1632388299699,99.2969237369732,6345300,TLT
2018-05-04,99.42224884033203,99.62278574505342,99.0044731842884,99.62278574505342,4283500,TLT
2018-05-07,99.26353454589844,99.4473505466541,99.21339711409877,99.40557679069947,3647800,TLT
2018-05-08,99.1716079711914,99.43062689208209,98.8457434014412,99.05463127306322,6091200,TLT
2018-05-09,98.5783462524414,98.94598449361476,98.5783462524414,98.69532292573527,7832500,TLT
2018-05-10,99.37215423583984,99.41393436666293,98.88753276720502,99.05464691574441,7101500,TLT
2018-05-11,99.62281036376953,99.7314297662726,99.28023118127554,99.69800694055961,4273400,TLT
2018-05-14,99.0964126586914,99.42227725355202,99.08805535825198,99.26352679371765,4996200,TLT
2018-05-15,97.96842956542969,98.24416313593838,97.50887361458186,98.22744853331494,12901000,TLT
2018-05-16,97.5923843383789,98.20233315469699,97.58402704130953,98.11042201118332,6518000,TLT
2018-05-17,97.09941864013672,97.60910545798284,96.99915018630199,97.4503486664322,7330300,TLT
2018-05-18,97.93497467041016,98.00182030951198,97.35009126514662,97.35009126514662,9606500,TLT
2018-05-21,97.98511505126953,98.0770262201068,97.71773884412971,97.86813835906784,4448500,TLT
2018-05-22,97.83473205566406,98.05197725275676,97.63420146013765,98.00184619756332,4700700,TLT
2018-05-23,98.54492950439453,98.68697170574953,98.31097614339782,98.38617270596777,9634000,TLT
2018-05-24,99.33035278320312,99.48075229722802,99.1298222227538,99.17160234460854,8204100,TLT
2018-05-25,99.94866943359375,100.13248540274896,99.8233354377706,99.89853201041339,8482800,TLT
2018-05-29,102.13783264160156,102.3717860853144,100.62548618420566,100.92628529033735,21668100,TLT
2018-05-30,101.45269012451172,101.50282756343977,100.88451468977335,101.10175992578463,11616300,TLT
2018-05-31,101.28553771972656,101.92055854352685,101.05993528079375,101.5696221246037,10769900,TLT
2018-06-01,100.75042724609375,101.09379611074334,100.37355149954792,100.64154904862768,8718800,TLT
2018-06-04,100.02178955078125,100.61640881584788,99.97154201528858,100.59128504810154,7156500,TLT
2018-06-05,100.25627899169922,100.63315464810327,100.18090769415684,100.46565222651346,5635900,TLT
2018-06-06,99.44389343261719,99.74539135223607,99.17589599179628,99.72864430761858,7813300,TLT
2018-06-07,100.406982421875,100.90947667953559,99.39361719188385,99.40199390655384,13238300,TLT
2018-06-08,100.10550689697266,100.37350432008317,100.03013561683028,100.1306306570201,6790600,TLT
2018-06-11,99.92127227783203,99.98827324092915,99.61140400524403,99.7202757781042,6844200,TLT
2018-06-12,99.9464111328125,100.04691259263319,99.56954184022274,99.60304232682964,6048200,TLT
2018-06-13,99.8961410522461,100.197638974099,99.35176944948041,100.03851329602023,8834700,TLT
2018-06-14,100.72526550292969,100.75039565647248,100.06365175293175,100.31489578228748,10078800,TLT
2018-06-15,100.81739044189453,101.41200961904886,100.75039586766404,101.1942660710635,7992800,TLT
2018-06-18,100.72526550292969,100.9681392040014,100.53264571937999,100.90114462991136,4893700,TLT
2018-06-19,101.3115463256836,101.52929633150057,101.0854195993752,101.3115463256836,6133300,TLT
2018-06-20,100.42381286621094,101.16080458334112,100.41543614511683,101.14405114115291,6879100,TLT
2018-06-21,100.95138549804688,101.12725822386253,100.68338805067589,100.80063653455299,7235800,TLT
2018-06-22,100.94303894042969,101.0184166394795,100.54941617428034,100.57453994410858,4082500,TLT
2018-06-25,101.16917419433594,101.42879502391284,101.035172224512,101.05192566552279,8363700,TLT
2018-06-26,101.3115463256836,101.36179386950074,101.05192549654083,101.14404386368375,5450000,TLT
2018-06-27,102.2662582397461,102.32488248699707,101.79726426173836,101.96476028543721,8173400,TLT
2018-06-28,102.29135131835938,102.38347602062673,102.03173064263966,102.28297460281821,7109500,TLT
2018-06-29,101.93962097167969,102.5928643098532,101.88099673337085,102.31649016229895,11164700,TLT
2018-07-02,101.85987091064453,102.19562784762361,101.8095096115085,102.18723216309063,9662000,TLT
2018-07-03,102.4054946899414,102.43067534431837,102.01098069394976,102.01098069394976,3808800,TLT
2018-07-05,102.69927215576172,102.85036247500906,102.41388288831209,102.45584850786145,3860400,TLT
2018-07-06,103.03504180908203,103.17773646036308,102.80840950434347,103.03504180908203,4679900,TLT
2018-07-09,102.37193298339844,102.58178033858023,102.3215716674454,102.46426633200107,5952700,TLT
2018-07-10,102.36351776123047,102.51460808428894,102.24600377707743,102.29637148745147,5759700,TLT
2018-07-11,102.75800323486328,102.86712790704436,102.48100331875293,102.78318388104967,6869100,TLT
2018-07-12,102.7496566772461,102.80001799055835,102.52301795927553,102.54819861593167,4824700,TLT
2018-07-13,103.00984954833984,103.13575921635736,102.80000223632123,102.91751621872912,4079000,TLT
2018-07-16,102.58175659179688,102.64890926687772,102.1033049889011,102.58175659179688,5517100,TLT
2018-07-17,102.38871765136719,102.73286396122573,102.32156496513974,102.64892630545773,3764300,TLT
2018-07-18,101.9773941040039,102.43906073462155,101.89345646317292,102.42226936403645,6330000,TLT
2018-07-19,102.62371063232422,102.7831902026567,102.21240537254936,102.23759242431491,6166700,TLT
2018-07-20,101.3646469116211,102.0613351171667,101.31427920223304,102.05294583562845,10469500,TLT
2018-07-23,100.11397552490234,101.04569831407896,100.03843354936363,101.04569831407896,11571800,TLT
2018-07-24,100.4581069946289,100.57562097882528,100.00483602528637,100.12235000948274,9053500,TLT
2018-07-25,100.29861450195312,100.9449477772827,100.1055585706957,100.7434897567992,7357900,TLT
2018-07-26,100.10555267333984,100.62596985218518,100.0216150384323,100.48327523243927,6821100,TLT
2018-07-27,100.2734603881836,100.61761312790078,100.2230990717501,100.60082175306755,4542000,TLT
2018-07-30,99.92931365966797,100.23149436514727,99.86216096866522,99.87894593939936,7111200,TLT
2018-07-31,100.47488403320312,100.60918937827576,100.35737005828022,100.55043239081431,6797400,TLT
2018-08-01,99.65634155273438,99.97602023219069,99.32824841850729,99.51332791337352,13312600,TLT
2018-08-02,99.7993392944336,99.89187902712548,99.52172651470534,99.79093125935061,4451100,TLT
2018-08-03,100.29571533203125,100.35460368460241,99.95079325386513,99.96762216508493,6162400,TLT
2018-08-06,100.35462188720703,100.81731433609087,100.33779297293476,100.56493838715883,4200200,TLT
2018-08-07,99.83301544189453,100.1947600089208,99.74889014177542,100.13587165700253,5346900,TLT
2018-08-08,99.93392944335938,100.13583136607723,99.78250139673438,99.8245672390427,5640900,TLT
2018-08-09,100.77523803710938,100.80888944167705,100.21159145188642,100.30413120986023,7144100,TLT
2018-08-10,101.50716400146484,101.83525724532363,101.18747879683792,101.26319607837871,8457900,TLT
2018-08-13,101.29682922363281,101.54079068437512,101.1285721940785,101.16222359998936,7923200,TLT
2018-08-14,101.06968688964844,101.42301703485556,100.9771471251871,101.40619454056696,4251200,TLT
2018-08-15,101.6585693359375,101.90253721968509,101.4314303646412,101.50714763397299,7649800,TLT
2018-08-16,101.6501235961914,101.73424887219738,101.18742495063783,101.63329468998192,5400400,TLT
2018-08-17,101.77632141113281,102.12123699093952,101.58282748708449,101.86885472798042,3537600,TLT
2018-08-20,102.45777130126953,102.55872551649574,102.2474548333102,102.33158013682409,5603700,TLT
2018-08-21,102.11285400390625,102.2390451742723,101.85206362527276,102.10444596600485,4695000,TLT
2018-08-22,102.51663970947266,102.67648224789383,102.2810863381244,102.63441639514679,5309600,TLT
2018-08-23,102.676513671875,102.74381007117904,102.44936826688027,102.63444780625376,5328700,TLT
2018-08-24,102.87841796875,102.91206937831699,102.20540261411061,102.31477129979082,6092200,TLT
2018-08-27,102.28951263427734,102.52507246602472,102.23062428092778,102.44935520123292,6407400,TLT
2018-08-28,101.67542266845703,101.86891027967148,101.52399451177348,101.79319941050524,4929300,TLT
2018-08-29,101.81001281738281,101.91938150976925,101.47351153777976,101.7427164124725,5613300,TLT
2018-08-30,102.0287094116211,102.18013750376845,101.86045882850105,102.05394635725426,5302900,TLT
2018-08-31,101.79314422607422,102.56710708805086,101.7006044905827,102.54187014534365,9677500,TLT
2018-09-04,101.20464324951172,101.26366427937347,100.96855913006469,101.14562221964997,18343600,TLT
2018-09-05,100.93482208251953,101.09502476203882,100.79991964145789,100.97698271380645,9422600,TLT
2018-09-06,101.30582427978516,101.51661458980018,100.91797088129468,100.9769919107865,9566000,TLT
2018-09-07,100.44580078125,100.67345792879449,100.3277587168973,100.61443689661816,11212600,TLT
2018-09-10,100.81676483154297,100.84205863337726,100.47949913053338,100.47949913053338,6386400,TLT
2018-09-11,100.04949951171875,100.47950704237716,99.99890547125817,100.40362563089934,5440000,TLT
2018-09-12,100.28559112548828,100.47951459126217,100.25186390691692,100.37833936835725,3347200,TLT
2018-09-13,100.4373550415039,100.8167749728008,100.31931299919782,100.62284508455002,4833000,TLT
2018-09-14,99.95677185058594,100.26031042459401,99.74598153156978,99.83872978656169,5579500,TLT
2018-09-17,99.95677185058594,100.18442256468697,99.59421224456574,99.6447998626304,5433000,TLT
2018-09-18,98.9112319946289,99.55203626687823,98.78476296895585,99.54360285423036,10182300,TLT
2018-09-19,98.32100677490234,98.74258728369352,97.9668806913917,98.74258728369352,13379600,TLT
2018-09-20,98.77633666992188,98.9028121375124,98.20298679194637,98.29573503932545,8657300,TLT
2018-09-21,98.73416137695312,98.885930628966,98.51493769453262,98.54023793054189,6173800,TLT
2018-09-24,98.48118591308594,98.87746609317385,98.41373150391102,98.43059188980149,5505500,TLT
2018-09-25,98.38003540039062,98.4306230068609,98.14395132645126,98.21140575695067,6650900,TLT
2018-09-26,99.07141876220703,99.13887318694033,98.36316660093144,98.5908172433963,9512700,TLT
2018-09-27,99.13888549804688,99.19790651881576,98.73416533219678,98.85220737373456,5758500,TLT
2018-09-28,98.87747955322266,99.41710846727432,98.83532536635484,99.36651443710258,12807700,TLT
2018-10-01,98.15164184570312,98.72627073534383,98.12629161408303,98.58261512472356,22442400,TLT
2018-10-02,98.7515869140625,98.97974536712617,98.53187423718673,98.59102690628896,8266900,TLT
2018-10-03,97.03618621826172,98.32909960408571,96.53760802505374,98.2530424623057,20829200,TLT
2018-10-04,96.35167694091797,96.66434477248725,96.08971600864746,96.44463206794781,16207400,TLT
2018-10-05,95.52352905273438,96.09815775391307,95.16861303213629,95.81929240323278,18096500,TLT
2018-10-08,95.20240783691406,95.58267405029363,95.18550339129537,95.48126671805248,5855900,TLT
2018-10-09,96.1657485961914,96.20799681314234,95.5488653148674,95.60801797632395,11530800,TLT
2018-10-10,95.9037857055664,95.97984281503545,95.31225906372654,95.60802238464647,15290100,TLT
2018-10-11,97.0699462890625,97.30655694299722,96.15729966917995,96.33475765963098,16086800,TLT
2018-10-12,96.73194122314453,97.18826459402074,96.57138120918134,96.6643363280908,6794100,TLT
2018-10-15,96.689697265625,97.02771533119001,96.57984413435867,96.89251197325902,7146300,TLT
2018-10-16,96.90943145751953,96.94323391628495,96.47001238788852,96.66436846684,4762300,TLT
2018-10-17,96.33477020263672,97.00235403296303,96.31787220250843,96.89250091423501,5880700,TLT
2018-10-18,96.30099487304688,96.66436322612529,95.9545309720146,96.01368365985715,5728800,TLT
2018-10-19,96.08970642089844,96.29251465638286,95.8361977383323,96.20801176219415,10892400,TLT
2018-10-22,95.96297454833984,96.40240003122125,95.93762431801193,96.29254043692126,3244200,TLT
2018-10-23,96.26715087890625,97.19669547842196,96.1995459942107,96.97698927389636,10330700,TLT
2018-10-24,96.99390411376953,97.02770656198686,96.53758073357226,96.63898807822424,16008000,TLT
2018-10-25,96.5882797241211,96.9600937297647,96.52912705637162,96.79108794966827,12613200,TLT
2018-10-26,97.17134094238281,97.45020624399814,97.0023351853073,97.12064050469144,18582500,TLT
2018-10-29,96.95164489746094,97.19670133672841,96.55447423488177,97.04459356057377,7679900,TLT
2018-10-30,96.46997833251953,96.79109190669345,96.35166654502649,96.5544812260224,9939500,TLT
2018-10-31,95.97987365722656,96.30098730210395,95.66720579054882,96.11507702716901,8706400,TLT
2018-11-01,96.06881713867188,96.19587591433515,95.58596793992548,95.59444067923853,6100200,TLT
2018-11-02,94.87442016601562,95.94175920246926,94.78971215485736,95.86551746846193,11314800,TLT
2018-11-05,95.24713897705078,95.4758512433893,95.17089724640013,95.28102347258366,4760200,TLT
2018-11-06,95.18779754638672,95.492751398635,95.1539130669365,95.3826252247209,3159900,TLT
2018-11-07,95.31488037109375,96.0603261819155,95.2217061075463,95.8824374669163,9313100,TLT
2018-11-08,95.30644989013672,95.69611195449895,95.2217418696767,95.68763921361064,6905100,TLT
2018-11-09,96.0179672241211,96.14503243620133,95.48430108875027,95.50971283860528,6465300,TLT
2018-11-12,96.64484405517578,96.83120556231293,96.49237350876227,96.52625154387161,6840000,TLT
2018-11-13,96.58551788330078,96.58551788330078,96.12809346012777,96.3229211842931,6525800,TLT
2018-11-14,96.64484405517578,97.00909432926917,95.97564622544822,96.12812323466888,8690800,TLT
2018-11-15,96.6025161743164,97.02606280444083,96.29756208360212,96.94135477097768,7879600,TLT
2018-11-16,97.16155242919922,97.25473316463324,96.50082100543499,96.73800598188308,9236700,TLT
2018-11-19,97.43262481689453,97.43262481689453,96.91590408146484,96.91590408146484,7027200,TLT
2018-11-20,97.46653747558594,97.80537603407377,97.35641769077077,97.61901450376507,6332600,TLT
2018-11-21,97.43262481689453,97.49192106278359,97.02602383445706,97.32250506390231,4951100,TLT
2018-11-23,97.5342788696289,98.0594788097507,97.49192163825552,97.98323708583983,3027900,TLT
2018-11-26,97.31401062011719,97.46648757022417,97.2293026395699,97.29707160912959,6599000,TLT
2018-11-27,97.42411804199219,97.62741844869953,97.21234490002104,97.25469565073323,5967200,TLT
2018-11-28,96.94978332519531,97.43262603714075,96.8735480635858,97.28862179000755,7814000,TLT
2018-11-29,97.33097839355469,97.6274596247998,97.06837519204663,97.34791740842321,7295600,TLT
2018-11-30,97.69522857666016,97.77146383775178,97.39874734551589,97.67828309899127,9127800,TLT
2018-12-03,98.38888549804688,98.38888549804688,97.35303968678826,97.37001800463119,9763800,TLT
2018-12-04,100.03607940673828,100.75777788809144,99.02569764616221,99.17852844626782,18100500,TLT
2018-12-06,100.35025024414062,101.20779487069599,100.2993023170217,100.64741949481841,15319400,TLT
2018-12-07,100.53704071044922,100.63892360554786,99.78137253091397,100.02760032374167,8608400,TLT
2018-12-10,100.95305633544922,101.27569623149053,100.56249020514589,100.92758561705152,8777700,TLT
2018-12-11,100.93607330322266,101.36060255808148,100.70683035583194,101.01249193755447,8071900,TLT
2018-12-12,100.4860610961914,100.80021503855018,100.39266415326857,100.68134737988504,6182200,TLT
2018-12-13,100.24835205078125,100.68137376528647,100.17193988352912,100.57948439781369,5564200,TLT
2018-12-14,100.596435546875,100.84265676641363,100.37567856343229,100.65586937190174,8169200,TLT
2018-12-17,101.18234252929688,101.29272432660602,100.68140091254155,100.68988683709995,9726800,TLT
2018-12-18,101.78829193115234,101.94999781928139,101.22658733492764,101.33722444654951,10018800,TLT
2018-12-19,103.1329345703125,103.54145210356464,102.06058172704583,102.22228753087816,23046300,TLT
2018-12-20,102.75847625732422,103.85636039510355,102.69890145108039,103.83934180467685,18543700,TLT
2018-12-21,102.74147033691406,103.15849403204798,102.46061486148669,103.09891921845741,9945100,TLT
2018-12-24,103.25210571289062,103.33721165623922,102.90316939721122,103.09039987531122,8377500,TLT
2018-12-26,102.14572143554688,103.31169313053431,102.10317170526352,102.97126282242714,11700400,TLT
2018-12-27,102.1627197265625,103.3031534924609,102.11165746634805,103.20102897203199,12146500,TLT
2018-12-28,103.0223159790039,103.0223159790039,102.37549914092439,102.46911762379776,9879100,TLT
2018-12-31,103.41382598876953,103.45637571980086,102.52019722592564,102.68190308608189,17409000,TLT
2019-01-02,103.95853424072266,103.96704678602603,103.26916092088031,103.54151042523156,19841500,TLT
2019-01-03,105.14148712158203,105.41383003515605,104.02658433369581,104.07764660087618,21187000,TLT
2019-01-04,103.92446899414062,104.30744904214079,103.53297640260297,104.12021204332534,12970200,TLT
2019-01-07,103.61808776855469,104.3840543977157,103.50745066946365,104.35852325893843,8498100,TLT
2019-01-08,103.34573364257812,103.77978243443812,103.31168996349422,103.5670143100396,7737100,TLT
2019-01-09,103.18405151367188,103.3457574032069,102.80958394398931,103.20107660371207,9349200,TLT
2019-01-10,102.52015686035156,103.32867934962263,102.41802585838605,103.21803580753526,8222900,TLT
2019-01-11,102.92020416259766,103.20956571408969,102.70743602420588,102.8350982058746,5786900,TLT
2019-01-14,102.5372085571289,102.9882759031912,102.33294650017568,102.89465741704612,6730500,TLT
2019-01-15,102.1627197265625,102.61378700690041,102.08611984307447,102.60527446580922,8997400,TLT
2019-01-16,102.2648696899414,102.46061271914574,101.71167129350003,101.77975215534596,6048400,TLT
2019-01-17,102.29041290283203,102.57977445605471,102.03508853796752,102.31594404068481,8153400,TLT
2019-01-18,101.75422668457031,102.23083170302701,101.6095459169888,101.9925259472147,14106400,TLT
2019-01-22,102.44364166259766,102.74151586254101,102.18831720940588,102.39257287605696,8881100,TLT
2019-01-23,102.40100860595703,102.6563328676158,101.98398503886901,102.02653475370168,5776800,TLT
2019-01-24,103.0733642578125,103.20102639833124,102.73293404748458,102.90315239923163,7121900,TLT
2019-01-25,102.57977294921875,102.76700994827988,102.40104849370627,102.63083522417425,6460800,TLT
2019-01-28,102.4776611328125,102.92872859941603,102.4776611328125,102.58829824001953,6435800,TLT
2019-01-29,102.99677276611328,103.01379784925791,102.46059952405855,102.57974913340405,5750100,TLT
2019-01-30,102.92020416259766,102.96276038754333,102.40956192909104,102.8436042563291,10571300,TLT
2019-01-31,103.80531311035156,103.984037554874,103.40530799934847,103.44786422130669,11843400,TLT
2019-02-01,103.1783676147461,103.69869555535826,103.0760057794672,103.62192905978004,12024600,TLT
2019-02-04,102.71775817871094,102.82865180367222,102.37655853885792,102.7348217400166,8966200,TLT
2019-02-05,103.18687438964844,103.4086550584219,102.92244784739066,102.98215727654046,6983300,TLT
2019-02-06,103.23808288574219,103.56222546183461,102.98218804486261,103.5195730677672,5184000,TLT
2019-02-07,103.92047119140625,103.98871241158538,103.40867505574457,103.60486042895842,8781000,TLT
2019-02-08,104.36406707763672,104.46642894809017,104.12522922108883,104.28730055567925,5885400,TLT
2019-02-11,103.95458221435547,104.2190087833619,103.85222039352699,103.94605043565967,4352800,TLT
2019-02-12,103.69013977050781,103.85221101188519,103.38306084360319,103.77544453407891,7939600,TLT
2019-02-13,103.29774475097656,103.54511420537085,103.1356800454234,103.34039712539712,4757700,TLT
2019-02-14,103.8863754272461,104.23610037558433,103.70724706231542,104.18492270213056,5868900,TLT
2019-02-15,104.04843139648438,104.08254550186223,103.67311115891248,103.69016821160142,5527200,TLT
2019-02-19,104.3128433227539,104.52609224446012,104.02282140515632,104.42373041921851,5872800,TLT
2019-02-20,104.0142822265625,104.13370108612368,103.71572856981982,104.02280749664563,4455800,TLT
2019-02-21,103.08456420898438,103.34899739152297,102.95661350876802,103.27222436825598,7382500,TLT
2019-02-22,103.69867706298828,104.02281305514039,103.57072641866715,103.6133788027209,6374600,TLT
2019-02-25,103.39160919189453,103.46838218984483,103.1442396551404,103.35748858256561,6293500,TLT
2019-02-26,103.90341186523438,103.91194364506457,103.51956637481135,103.83517715011645,6028900,TLT
2019-02-27,102.72625732421875,103.32335162338903,102.59830668644233,103.31482635328643,7737300,TLT
2019-02-28,102.37654876708984,102.88835143193909,102.11212216266796,102.83716726074944,9533400,TLT
2019-03-01,101.43030548095703,102.17397535943225,101.41320587364187,102.00301841581687,13541100,TLT
2019-03-04,102.2252426147461,102.3791064447552,101.77220092682711,101.9688072457897,9808500,TLT
2019-03-05,102.4389419555664,102.4645913618762,101.95170758109133,101.96025738319459,5595200,TLT
2019-03-06,102.8150863647461,103.02023602671188,102.48171571845536,102.50735861100232,7766700,TLT
2019-03-07,103.48179626464844,103.65275969908087,103.09713994995478,103.1227828347226,8187200,TLT
2019-03-08,103.91773223876953,104.02031028696014,103.30227699280064,103.53307597083267,7517600,TLT
2019-03-11,103.61001586914062,103.78952258178033,103.41341607407297,103.77242949935241,5157800,TLT
2019-03-12,104.33661651611328,104.48193709731667,103.65278219473625,103.68697488904354,6422300,TLT
2019-03-13,104.13999938964844,104.25112073650992,103.96049266552365,103.99468535415531,4386300,TLT
2019-03-14,103.38775634765625,104.08014676625136,103.36211346578004,104.02031120134437,8188400,TLT
2019-03-15,104.07161712646484,104.24257405315004,103.77243924397139,104.06306732365397,4302000,TLT
2019-03-18,104.01177215576172,104.17418578655577,103.87500140949554,103.91774389810075,3893300,TLT
2019-03-19,103.7809829711914,103.9604896901787,103.33648455328996,103.50744146996692,5220200,TLT
2019-03-20,104.8666000366211,105.01191410529896,104.05454469133659,104.06308797425409,10123700,TLT
2019-03-21,105.09735870361328,105.2170298417782,104.91785199636591,105.10590850536447,7182600,TLT
2019-03-22,106.73004150390625,107.08905497326371,106.0462007342444,106.17442169375461,13077000,TLT
2019-03-25,106.9009780883789,107.65320409614874,106.43084335511044,106.68727870373297,9736300,TLT
2019-03-26,106.8240737915039,107.09760880534128,106.52489588911759,106.59327475138507,7502000,TLT
2019-03-27,107.80704498291016,107.99509492326588,107.11465468925225,107.20868292022324,14207200,TLT
2019-03-28,108.18316650390625,108.29429434963107,107.71303180493578,107.91818137318495,9143200,TLT
2019-03-29,108.08062744140625,108.10627032994056,107.3967866464087,107.43097933831748,10841400,TLT
2019-04-01,106.54544830322266,107.39356090180065,106.391245418394,107.33359347636502,16501500,TLT
2019-04-02,106.74248504638672,106.86241990143535,106.44264790876518,106.63968747689329,9725000,TLT
2019-04-03,105.8172607421875,106.11710439603809,105.68876378877607,105.89436545019333,10407000,TLT
2019-04-04,106.1170883178711,106.13421906374408,105.74871519000088,105.88578076485878,7503400,TLT
2019-04-05,106.25415802001953,106.37409285366314,105.86865413130198,105.90292216033706,6321800,TLT
2019-04-08,105.8772201538086,106.18562589057623,105.81725273476813,106.082828335626,4446400,TLT
2019-04-09,106.21133422851562,106.51973343633198,106.03142543134803,106.41693587904606,7020300,TLT
2019-04-10,106.46834564208984,106.67394731383233,106.31414275429316,106.45977699944578,7519900,TLT
2019-04-11,105.84295654296875,106.24559118506997,105.72302170728612,106.168493020399,8679300,TLT
2019-04-12,105.08907318115234,105.4231783006692,105.05480515146364,105.277544076461,7005500,TLT
2019-04-15,105.35465240478516,105.36321451053337,105.13191347211851,105.18331225044213,3070000,TLT
2019-04-16,104.69500732421875,105.05481185497153,104.63503990242661,104.95201429530432,8927300,TLT
2019-04-17,104.73782348632812,105.00339251140475,104.60932002595129,104.62645077055471,6118500,TLT
2019-04-18,105.2861099243164,105.45744353225555,105.18330583797801,105.20900522557307,27589400,TLT
2019-04-22,104.78067016601562,105.00340909678678,104.72070274649553,104.91774228832358,6241200,TLT
2019-04-23,105.00341033935547,105.11477653807965,104.84920746791352,105.03767837033797,6239700,TLT
2019-04-24,105.86009216308594,105.87722291070422,105.44888232470225,105.46601960827918,7302000,TLT
2019-04-25,105.70588684082031,105.90292638163639,105.45744852238201,105.79155364884355,5380900,TLT
2019-04-26,106.06573486328125,106.24563719471186,105.92010057630807,106.21137568621562,5950700,TLT
2019-04-29,105.38892364501953,105.67163002385847,105.24328940233009,105.56883245770554,10246000,TLT
2019-04-30,105.92861938476562,106.00571754655128,105.31180794664797,105.32893869283653,7957400,TLT
2019-05-01,106.36558532714844,106.83774500678092,106.10803892031095,106.18530546223307,14371900,TLT
2019-05-02,105.85910034179688,106.28834007270959,105.62731376896255,106.17674010055654,6612800,TLT
2019-05-03,106.15953826904297,106.34839818642808,105.91057852152345,106.15953826904297,6191700,TLT
2019-05-06,106.45146942138672,106.77768930850313,106.39137611192635,106.71759599904274,4482500,TLT
2019-05-07,107.26698303222656,107.43009619073946,106.78623673304381,106.90642330783949,8984900,TLT
2019-05-08,106.80343627929688,107.56748249988131,106.70900301161308,107.43870926670533,6907600,TLT
2019-05-09,107.2412338256836,107.56746015525401,106.7175609226465,107.4043469904688,9411900,TLT
2019-05-10,107.09528350830078,107.69621634699371,106.95792368821286,107.21547007603937,6037800,TLT
2019-05-13,107.93656158447266,108.10825475511042,107.52448880539752,107.65326195821316,10501600,TLT
2019-05-14,107.61895751953125,107.86791728386444,107.48159769796392,107.74773071483143,5690400,TLT
2019-05-15,108.280029296875,108.40021591657515,107.9709761177376,108.34870923661211,9566300,TLT
2019-05-16,107.91944885253906,108.02246874249406,107.76492229244575,108.00529548599575,7666400,TLT
2019-05-17,108.15983581542969,108.42596892760737,107.90229588227344,108.4087956689228,4747100,TLT
2019-05-20,107.93656158447266,108.49456766388272,107.8678816963477,108.27136785198854,6043100,TLT
2019-05-21,107.76490783691406,107.92802100337663,107.56746126141692,107.82500112724067,4021800,TLT
2019-05-22,108.3830337524414,108.45171368238563,107.92804067849855,107.97096072245472,5675300,TLT
2019-05-23,109.60208129882812,109.9626411337017,108.92388167627313,108.9324683055832,9743700,TLT
2019-05-24,109.696533203125,109.696533203125,109.3617266496388,109.50766662430094,4981900,TLT
2019-05-28,110.48627471923828,110.6579679460484,109.96260186288764,110.11713493656421,8098600,TLT
2019-05-29,110.82109069824219,111.51645684165204,110.74383070438657,111.31901026868059,13260600,TLT
2019-05-30,111.77399444580078,111.79974777505656,110.64938873711957,111.02712169867586,13024800,TLT
2019-05-31,113.17332458496094,113.23341132264754,112.29767205517332,112.37493204620789,18933600,TLT
2019-06-03,113.93032836914062,114.05076159278983,113.16471434889141,113.4744016563089,17822400,TLT
2019-06-04,112.63140869140625,113.34541068237579,112.30452586061087,113.02712554078136,14250000,TLT
2019-06-05,111.99480438232422,112.64858297152917,111.93458119748529,112.278685554624,8815200,TLT
2019-06-06,112.35616302490234,113.19919617100555,112.10669872063312,112.66585054558765,9621100,TLT
2019-06-07,113.32821655273438,113.61209781441009,113.0701414851889,113.37121812545595,11378500,TLT
2019-06-10,112.26146697998047,112.43351257998957,112.10662987784364,112.41630408211729,8288700,TLT
2019-06-11,112.33030700683594,112.48514413538528,112.10664900129571,112.1926652528542,5115100,TLT
2019-06-12,112.41634368896484,112.47656688961689,112.08946087165064,112.16687944999539,5278700,TLT
2019-06-13,112.80345916748047,112.90668393525237,112.51096711505659,112.51957792986565,5560400,TLT
2019-06-14,113.08731842041016,113.30237872895432,112.76902023792191,112.77763105105697,5838800,TLT
2019-06-17,113.28517150878906,113.3453815702171,112.80343851240596,113.02709651037249,6046400,TLT
2019-06-18,113.85291290283203,114.29163113093927,113.50880859293073,114.1884064010875,10320700,TLT
2019-06-19,114.01637268066406,114.17122293562927,113.19054840831673,113.43141491493805,11962500,TLT
2019-06-20,114.31742858886719,114.8507738207135,114.05935365769642,114.33463708460823,10721500,TLT
2019-06-21,113.06150817871094,114.00777886272492,113.01850661454351,113.9905703613136,14495000,TLT
2019-06-24,113.90450286865234,114.00772757820516,113.62062179114744,113.6894426395942,6378800,TLT
2019-06-25,114.25727844238281,114.48953418858369,114.17124904481298,114.23145912211734,9604600,TLT
2019-06-26,113.5260238647461,114.15399621921449,113.44860531273726,114.13678772113317,12766800,TLT
2019-06-27,114.32604217529297,114.48949009197638,113.54323271438314,113.8185030533462,9724200,TLT
2019-06-28,114.24861145019531,114.48088020843147,113.93892414795931,114.0507596845613,8149200,TLT
2019-07-01,113.9814224243164,114.42100119702565,113.42116104327219,114.26586038971097,14131200,TLT
2019-07-02,114.86060333251953,114.97265826191735,114.17107095711239,114.26588363152892,10494300,TLT
2019-07-03,115.679443359375,115.74838607372594,115.07608281691722,115.08471052020111,5380300,TLT
2019-07-05,114.14520263671875,114.24864301610388,113.49014160988652,114.24001531249593,12180100,TLT
2019-07-08,114.30035400390625,114.82613098441205,114.30035400390625,114.67960469830216,6490000,TLT
2019-07-09,114.25727844238281,114.38657565223987,113.91251218674323,114.36070568867676,6215700,TLT
2019-07-10,113.6280746459961,114.15385173713167,113.35225111858544,114.07628130204355,9470000,TLT
2019-07-11,112.11109924316406,113.26608082203232,111.84389023432912,113.17988267053829,14126800,TLT
2019-07-12,112.24034118652344,112.43858107815633,111.77489238635837,111.9817599810969,6992000,TLT
2019-07-15,112.88676452636719,112.95572037717099,112.43855807213434,112.43855807213434,6055500,TLT
2019-07-16,112.5506591796875,112.56790143746294,112.01626755655117,112.19726523123128,6172700,TLT
2019-07-17,113.76596069335938,113.7918174992106,112.95574570472357,112.96436025601173,9662200,TLT
2019-07-18,113.77455139160156,114.05037479883653,113.11949052739445,113.31773038135461,5724900,TLT
2019-07-19,113.50733947753906,113.71419385144354,113.35218554512863,113.42114138709081,5804800,TLT
2019-07-22,113.72288513183594,114.19694859037642,113.5505020065456,114.17970633225056,5204100,TLT
2019-07-23,113.10226440429688,113.55047092897387,112.8867822686618,113.42980145909765,8108900,TLT
2019-07-24,113.5935287475586,113.68834138987424,113.31771852117471,113.4297734126339,6389700,TLT
2019-07-25,113.05056762695312,113.26604979466903,112.49030609969908,113.12813805085378,8893100,TLT
2019-07-26,113.31775665283203,113.58495242054734,113.12813130439143,113.51599655275194,6188400,TLT
2019-07-29,113.35223388671875,113.73148460325966,113.25742120758353,113.61944282027271,6231800,TLT
2019-07-30,113.6280746459961,113.86079910325012,113.28329523673278,113.77460096293687,5678500,TLT
2019-07-31,114.54170227050781,114.92095299571909,113.48153367193115,113.51600503241038,15798700,TLT
2019-08-01,116.8165054321289,116.92878339099354,115.08921709594277,115.20149505480741,26664800,TLT
2019-08-02,117.8961181640625,117.8961181640625,116.93747214262679,117.16202816991752,15143100,TLT
2019-08-05,119.93428802490234,119.95156460198464,118.88928572934852,119.30383133215359,18543000,TLT
2019-08-06,120.89292907714844,120.89292907714844,119.26064182795207,119.3556432309494,12747400,TLT
2019-08-07,120.93612670898438,123.5529682393386,120.72021560464381,122.98295976111919,32582000,TLT
2019-08-08,121.1951904296875,121.28154694155052,119.16562131752151,120.16745173791683,14746000,TLT
2019-08-09,120.953369140625,122.24883540094265,120.79790633674146,121.4888243112104,10626000,TLT
2019-08-12,123.47525024414062,123.87251931835893,122.21432352655191,122.3956946626385,14094300,TLT
2019-08-13,123.05210876464844,124.28712769485357,122.5943780698786,124.2007579426361,15974900,TLT
2019-08-14,125.82432556152344,125.85886553111862,124.97795793571213,125.36659518994026,15068900,TLT
2019-08-15,127.2234115600586,128.33751984019287,125.72931094170579,126.04885504495265,23588700,TLT
2019-08-16,126.20436096191406,126.53253687424976,125.09025230108269,126.1438995281191,17150500,TLT
2019-08-19,124.39934539794922,124.93481393798314,123.9416148767094,123.9934446152951,13614700,TLT
2019-08-20,125.68607330322266,125.76379807760608,125.09015700996748,125.47016236671905,7451500,TLT
2019-08-21,124.84835815429688,125.91063644506544,124.6151706150004,124.98654433892885,9372000,TLT
2019-08-22,124.01929473876953,124.96929531665079,123.91564848837021,124.36474709833311,13878800,TLT
2019-08-23,126.05751037597656,126.32523796340786,123.87247847554241,123.95021646718727,16191800,TLT
2019-08-26,125.54795837402344,126.34250948978713,125.47886525376157,125.97978049203623,12174500,TLT
2019-08-27,127.48251342773438,127.57751481130065,126.50659132184117,126.63614585115731,11332300,TLT
2019-08-28,127.64662170410156,128.59662246415309,127.52571203725263,128.4929893720441,10095900,TLT
2019-08-29,127.16297912597656,127.24933564068984,126.20433351895429,127.1716108239984,8884900,TLT
2019-08-30,127.19757080078125,127.37029707858423,126.4030193803513,126.6189305221476,13550800,TLT
2019-09-03,127.3619613647461,128.62510494747784,126.80825187612213,127.25813175961467,15660800,TLT
2019-09-04,127.5522232055664,127.7166078967408,126.73031295116333,126.77357416486221,7962200,TLT
2019-09-05,125.24221801757812,126.1420037447536,124.4895230585031,126.02088026626487,19382900,TLT
2019-09-06,126.13335418701172,126.34100011108195,125.51908978069297,125.67481432264303,9466400,TLT
2019-09-09,123.8926010131836,124.58474110405652,123.88395404758208,124.43766347998557,15862700,TLT
2019-09-10,121.72098541259766,123.9704234834773,121.69503132265646,123.58109893288947,13851400,TLT
2019-09-11,121.50469970703125,122.11896414055558,121.46143848741683,121.47008545075141,10941700,TLT
2019-09-12,120.70875549316406,122.68134585115607,120.31077071500299,122.4217917090051,19163300,TLT
2019-09-13,118.13055419921875,120.00798866122881,118.13055419921875,119.635957914791,18922200,TLT
2019-09-16,119.63591766357422,119.8868247991563,118.74479204713408,119.28985433346013,10971600,TLT
2019-09-17,120.28482818603516,120.7779824236848,119.4110094649658,119.70516469366558,9081200,TLT
2019-09-18,120.79527282714844,121.69505881998535,120.71741053973166,121.06347395145482,10984600,TLT
2019-09-19,121.15861511230469,121.98053862602916,121.09805997003912,121.7815396693012,13176200,TLT
2019-09-20,122.75923919677734,122.83710149868355,121.50474259398966,121.79025090245452,11519800,TLT
2019-09-23,122.73326110839844,123.85798698818574,122.59483046441508,123.0620305874907,15246700,TLT
2019-09-24,124.21273040771484,124.45497747265196,123.20912788070399,123.21777484678212,12421600,TLT
2019-09-25,122.39584350585938,124.19540225618766,122.11033525589899,123.94449506615913,14147100,TLT
2019-09-26,123.18314361572266,123.71089884969994,122.76785171912069,123.08797420626867,9636500,TLT
2019-09-27,123.48597717285156,123.70227014011364,122.97552893846708,123.13126673966279,10386900,TLT
2019-09-30,123.78877258300781,123.7974195477685,122.71595488640047,122.75056914838908,8006900,TLT
2019-10-01,124.1614990234375,124.72485316410695,122.32412793754227,122.42812608215188,16613700,TLT
2019-10-02,124.46480560302734,125.03682166843085,124.14413594117168,124.33480796297286,12891500,TLT
2019-10-03,125.60015869140625,126.2501733216075,124.73347251780456,124.78547157228762,13470500,TLT
2019-10-04,126.52748107910156,126.56214269677442,125.84279180272085,125.97280262429344,11516200,TLT
2019-10-07,125.47882843017578,126.12884308769827,125.41816727225635,125.80817342185344,11013900,TLT
2019-10-08,125.81682586669922,126.47550257491922,125.34014584285136,126.3801797947307,14529700,TLT
2019-10-09,125.10608673095703,125.33142025327405,124.6294069485803,125.32275815707605,8608800,TLT
2019-10-10,123.24272918701172,124.09207764443458,122.83538576645059,124.0400786076952,15054200,TLT
2019-10-11,121.71737670898438,122.28939260882596,121.0846996695355,122.18538130230507,26294000,TLT
2019-10-14,122.60140228271484,122.64472600125094,122.2720573845393,122.61872648029797,5936900,TLT
2019-10-15,121.1193618774414,122.15938237565943,120.94602733183476,121.9167113668945,11832300,TLT
2019-10-16,121.2667465209961,121.38808207502528,120.77274220265711,121.02407541293773,7729500,TLT
2019-10-17,120.97200775146484,121.66535904899227,120.72933678101666,120.9200087184511,6219300,TLT
2019-10-18,120.97200775146484,121.53534824188185,120.85933436355103,121.17134178620957,6456100,TLT
2019-10-21,120.0620346069336,120.46071606572531,119.80202610985913,120.09670945965367,8038000,TLT
2019-10-22,120.76402282714844,120.92869528139163,120.15734527828828,120.79869767255686,6683300,TLT
2019-10-23,120.88536071777344,121.60471169151059,120.78136262865736,121.36204066718709,5995400,TLT
2019-10-24,120.64266204833984,121.54402269606348,120.49532704766071,121.05866753405601,6161700,TLT
2019-10-25,120.05335235595703,120.94603790723605,119.87134247117949,120.92870048378597,5669800,TLT
2019-10-28,118.96131896972656,119.23866484538256,118.72732326479345,119.23866484538256,11402100,TLT
2019-10-29,119.03933715820312,119.37734419695684,118.88332678861991,119.27333287570805,5296600,TLT
2019-10-30,120.7813949584961,120.85939354621121,119.4033670105322,119.4033670105322,10914100,TLT
2019-10-31,122.41072082519531,122.79205151114338,121.7086941401406,121.75203107989616,15834100,TLT
2019-11-01,122.03398132324219,122.650408098743,121.3654647563922,122.18157348128425,11425500,TLT
2019-11-04,120.42781829833984,120.80113728992075,120.2715356814598,120.65354513643591,11124300,TLT
2019-11-05,119.0733871459961,119.32517206237891,118.70874546318873,119.13416738362444,13493000,TLT
2019-11-06,119.7939682006836,120.16730026645402,119.23832195553227,119.82870354280949,9351900,TLT
2019-11-07,117.62347412109375,118.38749268342156,116.72923114366533,118.37881547163205,19209800,TLT
2019-11-08,117.12860107421875,118.03152120930676,117.0157310894637,117.33696012588864,10222900,TLT
2019-11-11,117.20673370361328,117.54533040440658,116.89418188383095,117.53665319328644,4577000,TLT
2019-11-12,117.74501037597656,118.03151731020887,117.02440443490447,117.44982623076159,5772900,TLT
2019-11-13,118.5090560913086,118.90843309831273,118.22254909125954,118.77819541775222,6672400,TLT
2019-11-14,119.73323822021484,120.19338228817857,119.52486584602812,119.6377358713362,10213300,TLT
2019-11-15,119.60294342041016,119.95023054492758,119.31643651055175,119.35984905707258,4657600,TLT
2019-11-18,119.82001495361328,120.34093911242078,119.75055751592883,119.99366517165022,5943900,TLT
2019-11-19,120.8185043334961,120.88796180200434,120.13262011176313,120.13262011176313,7893100,TLT
2019-11-20,122.06866455078125,122.06866455078125,121.34805850033091,121.46960571078927,7905500,TLT
2019-11-21,121.30460357666016,121.61715532977009,120.78367957226104,121.23514615956375,5980900,TLT
2019-11-22,121.4609146118164,121.79083414460433,121.26990996100785,121.63456483811677,4664800,TLT
2019-11-25,121.8169174194336,122.007922130437,121.704047386298,121.80824020444489,4157300,TLT
2019-11-26,122.52877807617188,122.68504734466973,122.36381834988029,122.41590810604625,4281100,TLT
2019-11-27,122.17285919189453,122.33781897954856,121.91239706652784,122.06867964080945,4095700,TLT
2019-11-29,121.91241455078125,122.13814135972319,121.35676811921533,122.08605157671012,6251100,TLT
2019-12-02,120.28692626953125,120.60001547232731,119.9738370667352,120.13908043354809,17702200,TLT
2019-12-03,122.80902099609375,123.29604563076043,121.69580476916504,121.7914712702907,13062400,TLT
2019-12-04,121.58274841308594,122.191529178395,121.06963414449869,122.05237549763139,8586300,TLT
2019-12-05,120.99140167236328,121.26970914836653,120.53917192950429,120.59135126364718,7273800,TLT
2019-12-06,120.32173156738281,120.99138395137722,119.89557828358089,120.04342413214182,7931100,TLT
2019-12-09,120.5826644897461,120.98272823069865,120.5131008804293,120.87836954629056,4016900,TLT
2019-12-10,120.5913314819336,121.19142026700047,120.37390877838348,121.04356115060916,4947600,TLT
2019-12-11,121.53923034667969,121.87840906334192,121.08698763432271,121.1478723305959,6256700,TLT
2019-12-12,119.53899383544922,121.13052953903808,118.80845677261671,121.05226055454061,14857000,TLT
2019-12-13,120.92176055908203,121.41749051092587,119.34762288674783,120.12164689630976,11335100,TLT
2019-12-16,119.83466339111328,120.41736777816803,119.52157424049194,120.36517519437649,9156600,TLT
2019-12-17,119.66944885253906,120.31301149480593,119.33027000121731,120.19996072465023,6179700,TLT
2019-12-18,118.6866683959961,119.53896140474178,118.52142507104628,119.40851313263637,6244700,TLT
2019-12-19,118.87657165527344,119.21629313233328,118.25809753464777,118.46716201732214,6591100,TLT
2019-12-20,119.03339385986328,119.06824459603715,118.4062135253478,118.58044062289429,5455700,TLT
2019-12-23,118.85914611816406,119.31211251746672,118.46716184392378,119.17273619588781,5175000,TLT
2019-12-24,119.19889831542969,119.39053748407676,118.37137279172333,118.39750419729693,4667400,TLT
2019-12-26,119.48633575439453,119.52989251980121,118.91141835100723,119.25985918260196,5290200,TLT
2019-12-27,119.61705017089844,119.88708360769846,119.59090546868413,119.7215758131014,7300500,TLT
2019-12-30,119.18145751953125,119.25113238983015,118.17099910864563,118.37134426698505,7979700,TLT
2019-12-31,118.01424407958984,118.86791443232441,117.92714381145124,118.65014382448331,10707400,TLT
2020-01-02,119.34696197509766,119.79992842003234,119.0507972306499,119.15532283653523,11034100,TLT
2020-01-03,121.18498992919922,121.21984067160585,120.10485616454187,120.44457779885569,12366000,TLT
2020-01-06,120.49681854248047,121.69891639363992,120.34001681370859,121.68149102562941,11369800,TLT
2020-01-07,119.90447235107422,120.61876621154765,119.89576631313953,120.40099563823175,8381200,TLT
2020-01-08,119.11182403564453,120.47941662831974,118.74597098617096,120.14840102998768,10621700,TLT
2020-01-09,119.52992248535156,119.72156166785697,118.38880672058151,118.46720094297136,7411500,TLT
2020-01-10,120.5926284790039,120.61875988309792,119.88705398514519,119.92189142671711,8776000,TLT
2020-01-13,120.22679138183594,120.28776023554056,119.67800524018423,120.10484038276468,5966900,TLT
2020-01-14,120.84520721435547,120.92361469930786,120.33127200276553,120.3661094359,13920300,TLT
2020-01-15,121.64659881591797,121.74241836981541,121.09782618146603,121.53336719160774,6290500,TLT
2020-01-16,121.26331329345703,121.54205258093782,120.85390375013608,121.3068567537492,6798600,TLT
2020-01-17,120.22679138183594,120.33131701199359,119.65187383264481,119.84351301570852,9693100,TLT
2020-01-21,121.4898452758789,121.646633704502,120.8800903451325,120.91492778760632,6794900,TLT
2020-01-22,121.91670227050781,122.07349072729144,121.59439273434755,121.70763770313329,6317000,TLT
2020-01-23,122.77034759521484,123.15362595294474,122.63097123028366,122.6919533743142,9747400,TLT
2020-01-24,123.76333618164062,124.17274579829328,123.08389326286745,123.18841885293811,8585000,TLT
2020-01-27,125.68844604492188,125.68844604492186,125.00029694837951,125.39228128396236,10935200,TLT
2020-01-28,124.7041015625,125.514201437649,124.40793687427282,125.37482512848689,10612900,TLT
2020-01-29,125.92366790771484,126.04561891039265,124.93934055574665,124.94805988629234,9566800,TLT
2020-01-30,125.94110107421875,126.89057774611159,125.68847972267753,126.21984054402675,14711800,TLT
2020-01-31,127.09085845947266,127.16926594111686,126.38528416627018,126.45497232125588,14538100,TLT
2020-02-03,126.98793029785156,127.17988784195538,125.74894007647242,126.4731411176381,15309000,TLT
2020-02-04,125.27777099609375,125.7663853226657,124.824051986959,125.63551124009888,11388300,TLT
2020-02-05,123.90792083740234,124.50996837767785,123.81194205107226,124.16096187124747,10782600,TLT
2020-02-06,124.46633911132812,124.66703050038224,123.89920021051033,124.05624914412333,6683100,TLT
2020-02-07,126.01937866210938,126.28987388197395,125.53076446862465,125.83615499642173,11374800,TLT
2020-02-10,126.368408203125,126.73486887692765,126.23752083222023,126.60399481976216,6699300,TLT
2020-02-11,125.73149108886719,126.27245505312825,125.59188319043145,126.15902197143146,7784100,TLT
2020-02-12,125.09455871582031,125.25162095971599,124.76300653647519,125.09455871582031,5595500,TLT
2020-02-13,125.57440185546875,125.81870896829398,125.00726319649715,125.15559156401682,7883400,TLT
2020-02-14,126.12413787841797,126.5865774336181,126.03687960569437,126.30736161189711,7137400,TLT
2020-02-18,126.98793029785156,127.43292883815714,126.44696629923692,126.81342707059615,6909200,TLT
2020-02-19,126.97920227050781,127.05772672105735,126.4993084386906,126.6214620219039,5707700,TLT
2020-02-20,127.97391510009766,128.2095018204355,127.38932186453312,127.45912583032748,9332900,TLT
2020-02-21,129.16921997070312,129.90215463451213,128.82893410718938,128.95982147853425,13860300,TLT
2020-02-24,131.09759521484375,131.7170971967032,130.8794627768823,131.60366406856406,15929300,TLT
2020-02-25,131.7955780029297,132.41506646574751,131.00157299657832,131.06265644956366,20802900,TLT
2020-02-26,131.09759521484375,132.380215015157,130.5130018787567,130.8358336265405,22589500,TLT
2020-02-27,132.519775390625,133.56680805416218,131.60361681737646,133.23524260710738,30687900,TLT
2020-02-28,135.51251220703125,136.0971051918688,134.50910892079685,134.76213653875303,44935200,TLT
2020-03-02,134.51553344726562,136.75250520091367,134.3582392874667,135.70392635806658,28152400,TLT
2020-03-03,136.6039581298828,139.54872027722607,133.13489989297065,134.4019332204582,38608000,TLT
2020-03-04,135.15341186523438,137.495250751063,134.73398301008703,136.6738597985724,23463700,TLT
2020-03-05,138.51759338378906,138.77974137531862,137.023359165451,137.30298724532275,17786200,TLT
2020-03-06,145.72662353515625,147.96359535811442,143.40226458366848,146.18974598287477,76288300,TLT
2020-03-09,149.67628479003906,157.0250976369893,148.84616032656712,156.50081481798836,41552800,TLT
2020-03-10,142.00416564941406,151.1093480755156,141.58473672129605,148.23449257504478,37728300,TLT
2020-03-11,136.77871704101562,145.95380513997893,135.99228625160865,144.55569114391847,29519300,TLT
2020-03-12,137.62631225585938,145.36833898974731,136.01849060158526,142.877952767947,24361800,TLT
2020-03-13,134.51553344726562,138.237993006064,132.9863520792043,135.44177831400395,19812900,TLT
2020-03-16,143.2275848388672,145.184929626642,137.89728697913466,140.14300678782223,30496700,TLT
2020-03-17,133.6766815185547,144.73048784803072,133.44076024517196,142.86925113535747,18570900,TLT
2020-03-18,126.1356201171875,134.6902915538061,121.46942236381062,133.55432560885063,47061000,TLT
2020-03-19,129.5697784423828,134.08741752258558,126.92211001949231,128.4075984855687,21175300,TLT
2020-03-20,139.31275939941406,139.31275939941406,132.9164203147687,133.9562655849211,20863100,TLT
2020-03-23,145.05377197265625,145.65670845938106,136.8136755431587,137.6263197933335,19971800,TLT
2020-03-24,142.35366821289062,144.57315967068388,140.1691236021719,140.9031273913569,11948600,TLT
2020-03-25,142.03038024902344,145.64798644953174,141.22646924151107,142.94789186994043,10750600,TLT
2020-03-26,142.72943115234375,144.7741621043073,141.79445281109057,143.30615424138108,10576200,TLT
2020-03-27,146.53929138183594,147.0198939991831,143.82171658200662,144.63437434104927,12550000,TLT
2020-03-30,145.33340454101562,148.6451686295509,145.0013494608731,147.063560309341,13473200,TLT
2020-03-31,144.15380859375,145.85775164251822,143.79553988432943,144.79169223079464,11464800,TLT
2020-04-01,146.1734619140625,147.85362846658785,145.61341084744427,147.43358015212118,11334700,TLT
2020-04-02,147.1010284423828,148.08111426990666,146.36595071907198,147.73983342977476,5771200,TLT
2020-04-03,147.45106506347656,149.05246398963163,147.13603554763182,147.49482175925172,6570800,TLT
2020-04-06,147.06602478027344,147.24979755805685,145.7271527009054,146.1384415987681,9434800,TLT
2020-04-07,145.52586364746094,145.63086901572154,143.2594087647272,144.35325919299635,13811400,TLT
2020-04-08,144.46701049804688,145.42960421559263,143.62694084697634,144.48451584363852,10147100,TLT
2020-04-09,144.7295379638672,145.07956476137724,143.32065807198958,143.75819824521037,14259100,TLT
2020-04-13,143.40811157226562,145.00950953996158,143.40811157226562,144.16942688295387,8750300,TLT
2020-04-14,143.37313842773438,144.16071862847565,143.05810901797074,143.37313842773438,9019100,TLT
2020-04-15,147.17098999023438,147.53853544546593,145.9108856468624,145.96338832541977,10027800,TLT
2020-04-16,148.8424530029297,149.04373115073264,147.90612372348252,148.11613451747516,8265400,TLT
2020-04-17,146.8472442626953,149.4987368872853,146.37470670746848,148.60616446600486,8612100,TLT
2020-04-20,148.02862548828125,148.14237687723465,146.97853152402928,147.39856643919623,6462600,TLT
2020-04-21,149.89256286621094,150.64513278041932,149.44627652915895,150.45261396380755,7850700,TLT
2020-04-22,148.36109924316406,149.10492279439038,147.63479438829376,148.73739069286623,6230200,TLT
2020-04-23,149.14871215820312,149.57749302760175,148.42239379151974,148.6499098986972,5968600,TLT
2020-04-24,149.49874877929688,149.49874877929688,148.38740616294675,148.42240350762359,6211800,TLT
2020-04-27,146.71595764160156,148.54487215599605,146.52343891875321,148.46611813828488,9039500,TLT
2020-04-28,148.4049072265625,148.63243671520462,147.40731593396035,147.4948293300026,9905400,TLT
2020-04-29,147.63485717773438,148.99122145570084,146.97854671316844,148.35241634227108,8619600,TLT
2020-04-30,145.91091918945312,148.08986096647803,145.88466784413967,147.66108009124625,11606100,TLT
2020-05-01,147.160400390625,147.30059808879605,145.83731971035502,146.7661060632587,10209400,TLT
2020-05-04,146.4682159423828,146.92383846854707,145.87238232895155,146.8186968655846,8300900,TLT
2020-05-05,145.5305633544922,145.68828902553744,144.81207392189913,145.07494112698691,7831800,TLT
2020-05-06,143.18234252929688,143.3838683006864,141.9906892102378,143.0246168260472,14721500,TLT
2020-05-07,145.574462890625,145.77598874006907,143.12105647525726,143.31382498167832,9164800,TLT
2020-05-08,143.6818084716797,144.92603282987236,143.41894115769824,144.12868691644422,8129800,TLT
2020-05-11,142.56024169921875,143.8920928395406,142.0345204856606,143.401414358892,8713500,TLT
2020-05-12,144.0235595703125,144.51423818645443,142.93706074028097,142.96334613971788,10057300,TLT
2020-05-13,145.03115844726562,145.7058345937251,144.42656775837304,144.65437892042613,13305600,TLT
2020-05-14,146.45066833496094,147.3356412384006,146.37181214326588,146.60839408833945,10080000,TLT
2020-05-15,146.07386779785156,147.63353006103904,145.74090168436706,147.46704700429677,7225600,TLT
2020-05-18,142.86692810058594,144.62811629632947,142.31490810297072,144.5142040123806,10073100,TLT
2020-05-19,143.4014129638672,143.43645569643581,142.36747185828517,142.40252796083954,8639100,TLT
2020-05-20,143.8307342529297,144.31265533558025,142.71795046297248,142.9720470138332,10927300,TLT
2020-05-21,144.18997192382812,144.8909467614758,143.95339007500067,144.45283915919387,8920000,TLT
2020-05-22,145.0574188232422,145.17131769963635,144.23377445402218,144.3301586540369,4956700,TLT
2020-05-26,143.11227416992188,143.5153257985079,142.8055934077476,143.44524032656972,8098900,TLT
2020-05-27,142.849365234375,143.62043890090368,142.46382840111067,142.63906876987178,8047400,TLT
2020-05-28,142.32373046875,142.4464135198148,141.6490539078486,141.91192133014425,10272600,TLT
2020-05-29,143.340087890625,143.77819563284464,142.25358924671212,142.56902735590975,14632700,TLT
2020-06-01,142.37503051757812,142.5154084227242,141.83985146798582,142.21711541466917,13341400,TLT
2020-06-02,141.85736083984375,142.20829211358085,141.47132840643096,141.8398102600059,11517100,TLT
2020-06-03,139.97108459472656,140.66419201308716,139.44468762332477,140.53258272985806,12255700,TLT
2020-06-04,137.94442749023438,139.50609459711973,137.90933971367167,139.427137059475,14038600,TLT
2020-06-05,136.9617462158203,137.00561595676,134.37359214636348,135.64573431062206,17778500,TLT
2020-06-08,137.4882049560547,137.61103224182497,136.03181471965698,136.0493652996728,10346700,TLT
2020-06-09,139.0498809814453,140.05881850995362,138.88318392833136,139.54119015662053,9095300,TLT
2020-06-10,141.1116180419922,141.16425639541484,139.54118248714508,139.707879531097,13135500,TLT
2020-06-11,143.77877807617188,144.08583967303122,142.68210082915976,143.22604845978228,17086400,TLT
2020-06-12,142.39256286621094,143.58574813279293,142.1732274377008,142.48907099024228,9716100,TLT
2020-06-15,142.4714813232422,144.07701782594893,142.2521459549025,143.78749353328033,7759800,TLT
2020-06-16,140.286865234375,141.4537307425465,139.2340583764292,139.85697657521456,13698900,TLT
2020-06-17,140.8660430908203,141.0502908191138,139.7956846756509,140.61161977641086,7113900,TLT
2020-06-18,142.35743713378906,142.55045334854236,141.78717047294418,142.16442091903576,7691400,TLT
2020-06-19,142.4714813232422,142.5679894207984,141.1730196910784,141.25197721076026,8565500,TLT
2020-06-22,142.48904418945312,143.37515433458344,142.19075127570662,143.17336952671607,9319700,TLT
2020-06-23,141.5152587890625,142.18203384968442,141.35733027720357,141.6731739137457,9088600,TLT
2020-06-24,143.03298950195312,143.08562785215088,141.70820860235528,141.71697719833176,11436500,TLT
2020-06-25,143.44534301757812,144.1910886878279,143.35760350795948,144.0682614066635,10968000,TLT
2020-06-26,144.98069763183594,145.04211796892866,144.04193570544317,144.10335604253586,12119300,TLT
2020-06-29,144.52452087402344,144.99829297532182,144.2174592552757,144.62981100051996,7274400,TLT
2020-06-30,143.82264709472656,145.01583257981383,143.42784592854375,144.9631942092794,14841700,TLT
2020-07-01,143.54330444335938,143.66627577633793,142.42777016378017,143.00749790619489,13181000,TLT
2020-07-02,143.692626953125,143.82439056991572,142.50683481922974,142.9108777438328,7599800,TLT
2020-07-06,143.10414123535156,143.19198365938016,142.07644920800308,142.58590578105031,7972700,TLT
2020-07-07,145.11557006835938,145.22974909884513,143.35003710347777,143.5432796509063,12791900,TLT
2020-07-08,144.53587341308594,144.86086622031456,143.90344555916434,144.33385194396033,7253900,TLT
2020-07-09,146.83717346191406,147.08311609381616,144.57976857562662,144.6324686534816,13373100,TLT
2020-07-10,146.09933471679688,147.75067518225435,145.950013373007,147.5222903246851,8478000,TLT
2020-07-13,146.58245849609375,146.65272973732735,145.13313927602968,145.3703030398345,8054000,TLT
2020-07-14,146.79330444335938,147.6892462939793,146.67033308369568,147.50478255304728,11344600,TLT
2020-07-15,146.10812377929688,146.64393023982876,145.66015971670194,145.73920983312433,7840300,TLT
2020-07-16,146.80201721191406,147.36417360914905,146.72295370698382,147.0391675181076,9107400,TLT
2020-07-17,146.4945831298828,147.03916837331562,146.22229050816642,146.92498935951357,8549900,TLT
2020-07-20,146.85476684570312,147.232459729399,146.51220288493724,147.13583843775373,6907200,TLT
2020-07-21,146.94259643554688,147.32030272360663,146.75814613441213,146.95138871846683,8454400,TLT
2020-07-22,147.38177490234375,147.9702949103248,147.29394589728113,147.79461009446018,6592100,TLT
2020-07-23,149.1033935546875,149.21758600950943,147.98785925805788,148.37434442557495,10471800,TLT
2020-07-24,149.09457397460938,149.25267418932413,148.33038272822142,148.45335402951068,7520700,TLT
2020-07-27,148.54122924804688,149.5864922414635,148.4358290816081,149.54257103782413,6146400,TLT
2020-07-28,149.56895446777344,149.6216545627571,148.82233404784472,148.91895535627228,8520700,TLT
2020-07-29,149.31419372558594,149.6655365352732,148.42703101639168,149.36689380675213,6733700,TLT
2020-07-30,150.29800415039062,150.42975438822552,149.98179017671427,150.24530405525667,9376100,TLT
2020-07-31,150.20130920410156,150.60536540682395,149.27023890554057,149.45468914808097,8886000,TLT
2020-08-03,149.4451141357422,149.48029555186235,148.58335728970226,148.82078488628733,9066200,TLT
2020-08-04,150.86962890625,150.87841754921246,150.1221783034001,150.2189070470892,9878900,TLT
2020-08-05,149.55062866210938,149.98150032926569,149.21647233429232,149.54182660014953,6954100,TLT
2020-08-06,150.38601684570312,151.46761053989542,150.03426978652547,150.70258249007384,9481800,TLT
2020-08-07,149.38357543945312,150.8081142659434,149.11976847438243,150.61465671941022,8176900,TLT
2020-08-10,148.7152099609375,149.70887669613282,148.67125333048892,149.68249735075372,6408500,TLT
2020-08-11,146.9477996826172,147.28195611367454,145.86620573180195,147.00055839956698,19234200,TLT
2020-08-12,145.61111450195312,146.03321086186727,145.08351417872265,145.70784324054492,11744800,TLT
2020-08-13,144.05470275878906,145.60234940879548,143.48311887729105,145.3649218451647,12744700,TLT
2020-08-14,143.49191284179688,144.34488095593397,143.47433555330355,144.04590603821802,6398100,TLT
2020-08-17,143.85243225097656,144.6174735827785,143.71173345228013,144.18658854343664,6901500,TLT
2020-08-18,144.88128662109375,144.9780153810366,144.2921254169973,144.52955299463483,8140600,TLT
2020-08-19,143.97557067871094,145.62874836725203,143.59745767254992,145.4177001247429,12497700,TLT
2020-08-20,145.27696228027344,145.66386379189666,145.03073271066017,145.4352383416956,10319900,TLT
2020-08-21,146.1475372314453,146.2618566887256,145.10111166403036,145.76942428471307,6836000,TLT
2020-08-24,145.91014099121094,146.82467001019378,145.84859363638722,146.25309943666417,6490600,TLT
2020-08-25,144.79336547851562,145.17147847057677,144.06350542872266,144.5207698948849,10518300,TLT
2020-08-26,144.2393798828125,144.50318683562924,143.5798692096602,144.2569705910747,8276600,TLT
2020-08-27,141.78594970703125,144.9340143453106,141.71560031973314,144.88124224150678,19860100,TLT
2020-08-28,141.68045043945312,142.49825050819288,141.25836743952945,142.25203430675603,8415400,TLT
2020-08-31,142.62136840820312,143.55347458022572,142.06737520801786,142.10255662079848,11388100,TLT
2020-09-01,144.25270080566406,144.43757835692625,141.89337954786862,142.40397902480152,10587000,TLT
2020-09-02,145.6259765625,145.74922373975414,143.92692523085827,143.94452237551255,15167700,TLT
2020-09-03,146.0397186279297,147.22818394970187,145.64356799831663,145.9164714668738,16416600,TLT
2020-09-04,143.2666778564453,144.99213843723567,143.0113714819922,144.7368454957182,13780300,TLT
2020-09-08,144.1470184326172,145.48512687906086,144.1470184326172,144.7016240445625,13790400,TLT
2020-09-09,143.7596435546875,144.5959645596176,143.28425203917203,144.3230610832341,9558900,TLT
2020-09-10,144.4902801513672,144.68395612204503,142.57113101454013,143.02011323426106,8847700,TLT
2020-09-11,144.79843139648438,144.87767226677417,144.44630049738677,144.64877509272125,5458200,TLT
2020-09-14,144.78968811035156,145.3266966679268,144.57840143045811,145.07139025060496,4274900,TLT
2020-09-15,144.43753051757812,144.7896614863794,144.19102271989476,144.52555654331073,6928500,TLT
2020-09-16,144.00613403320312,145.15937820666178,143.4779242374064,145.0625401918635,8815200,TLT
2020-09-17,144.44631958007812,145.22102377995768,144.1998252315591,145.16819204847403,7813900,TLT
2020-09-18,143.99737548828125,144.5872023122102,143.7948873982791,144.52557199796516,7246300,TLT
2020-09-21,144.72804260253906,145.60838352696555,144.4991587980453,145.15941449136517,11086900,TLT
2020-09-22,144.61361694335938,145.15062547995308,144.26147249062896,144.7632732984183,10524100,TLT
2020-09-23,144.8073272705078,144.84253500763623,143.91817407096374,144.64006029503156,6224800,TLT
2020-09-24,145.36187744140625,145.36187744140625,144.9217070146259,145.22103311386743,8278100,TLT
2020-09-25,145.36187744140625,145.62598238406153,145.00094790047726,145.35307886872738,5140300,TLT
2020-09-28,144.94810485839844,145.16819005462008,144.70161051326494,145.14178090570823,4470100,TLT
2020-09-29,145.1154022216797,145.46754666932256,144.86890782479827,145.08019449338397,10297600,TLT
2020-09-30,143.7244873046875,144.3759445733768,143.09945262806596,144.3759445733768,12971000,TLT
2020-10-01,143.9615020751953,144.29638254484027,142.85112804769238,143.21243158683833,11523900,TLT
2020-10-02,143.42388916015625,144.23464009969763,142.9215686238169,144.181767084683,8828800,TLT
2020-10-05,140.6216278076172,141.83774849684863,140.5775624431327,141.83774849684863,14726000,TLT
2020-10-06,141.37945556640625,142.24309345222335,139.83726234483564,140.41008503810508,22419400,TLT
2020-10-07,140.34835815429688,141.37061493594604,139.99586230738214,140.61273676291023,9429200,TLT
2020-10-08,141.106201171875,141.22076834466338,140.70083239360284,140.97401862392783,8431500,TLT
2020-10-09,141.0797882080078,141.2384207388709,139.95178545442806,140.577480995124,8441500,TLT
2020-10-12,141.52920532226562,141.59969371316836,141.09738660859537,141.37938051275813,3962000,TLT
2020-10-13,142.5426788330078,142.6131806896389,142.04035814708155,142.06680810931564,7914300,TLT
2020-10-14,142.86871337890625,143.42390699931556,142.73653082492874,143.05378240132666,6954800,TLT
2020-10-15,142.62191772460938,143.81161411474855,142.44566989377145,143.67941815648445,9458800,TLT
2020-10-16,142.22544860839844,143.045021049094,141.96989110564334,142.46339072948504,8416300,TLT
2020-10-19,141.68788146972656,141.86412941170934,141.04457043040418,141.44113166157945,9286600,TLT
2020-10-20,140.33949279785156,141.00924001052664,140.07511429787354,140.87705748396218,11189000,TLT
2020-10-21,139.8548583984375,140.4452963369815,139.56404327404636,139.93416794685655,10453700,TLT
2020-10-22,138.4008331298828,139.79321495424128,138.3303312524251,139.49357861333155,12664900,TLT
2020-10-23,139.2467803955078,139.42304175135322,138.13640646669066,138.1892794947029,8783800,TLT
2020-10-26,140.54220581054688,141.01808989690917,140.1280158803934,140.30427721421756,7227300,TLT
2020-10-27,141.48519897460938,141.61738157121903,140.9123763466364,141.20319150603385,6062300,TLT
2020-10-28,141.6173553466797,142.28711623709293,141.17672884376728,142.2166143830045,11765800,TLT
2020-10-29,140.24258422851562,141.731903762538,139.65214640646184,141.64377309489035,11932400,TLT
2020-10-30,138.85903930664062,140.42766854425676,138.85903930664062,140.14566113455552,13095400,TLT
2020-11-02,139.89918518066406,140.43732736355298,139.67863532638657,140.00504480310292,10810500,TLT
2020-11-03,139.08753967285156,139.36983643843348,138.54056697360542,139.2551596873967,16228700,TLT
2020-11-04,142.10464477539062,143.0662386457761,141.6282496823965,142.5986741597615,21570800,TLT
2020-11-05,142.3516845703125,142.68692462366334,141.66357016912445,142.59869930605728,18537500,TLT
2020-11-06,140.6313934326172,141.08131022887636,140.21675868533612,140.81664774701503,12408400,TLT
2020-11-09,137.67596435546875,137.75535902932103,136.41442633330183,137.59656968161647,23245000,TLT
2020-11-10,136.88201904296875,137.45544308793166,136.54677906889117,136.7055819107717,12561000,TLT
2020-11-11,137.3760528564453,137.57013774654854,136.7144034932636,136.7585161430672,5888200,TLT
2020-11-12,139.71383666992188,139.7403015602433,138.249396714084,138.4522986936439,15999700,TLT
2020-11-13,139.528564453125,139.8285088122978,139.3080147546829,139.70500151962162,7344600,TLT
2020-11-16,139.19337463378906,139.63447418921652,139.04340240029853,139.1492619859883,6310400,TLT
2020-11-17,140.10203552246094,140.41081058890305,139.90795064548988,140.06675348177978,7444600,TLT
2020-11-18,140.5078887939453,140.7725512809389,139.69626703878,140.65786106227324,10333300,TLT
2020-11-19,141.2312774658203,141.78706731181117,141.01072764900394,141.12541786136205,10637200,TLT
2020-11-20,142.4840087890625,142.5104736920306,141.4959498481386,141.61945721575407,7246800,TLT
2020-11-23,141.83116149902344,142.02524638945266,141.39887906828727,141.87527414890113,11300000,TLT
2020-11-24,140.41961669921875,141.1694912523426,140.27846162500668,141.1430263585889,10891700,TLT
2020-11-25,139.9873809814453,141.07249583210134,139.9344511762998,140.4902410529142,9145800,TLT
2020-11-27,141.34596252441406,141.3900751784274,140.78135555240257,140.8078204525522,4708200,TLT
2020-11-30,141.16949462890625,141.6194112947686,140.94011426250302,141.1783117732721,13071600,TLT
2020-12-01,139.08802795410156,140.1830750569361,138.3638806421428,140.0152841687986,13662800,TLT
2020-12-02,137.9842071533203,138.58470795484186,137.3042172074631,138.540563788569,12114300,TLT
2020-12-03,139.0968475341797,139.37061940324838,138.27557235201698,138.5934883685026,9626500,TLT
2020-12-04,137.05686950683594,137.5778943308168,136.677143661396,137.4895925754879,12734500,TLT
2020-12-07,138.2932891845703,138.54055579151432,137.9223757991348,138.0725144658689,9316100,TLT
2020-12-08,138.94677734375,139.59144924114852,138.82314403706067,139.14989979225518,7397200,TLT
2020-12-09,138.48753356933594,138.9290828841597,137.77221236030823,138.2490931663267,7750100,TLT
2020-12-10,139.71507263183594,139.78570868062818,138.49639192737746,138.85846568377727,10025100,TLT
2020-12-11,140.20957946777344,140.7570963306171,139.8121877616767,140.10359846446903,8135900,TLT
2020-12-14,139.82098388671875,140.1388998783631,138.7436026636469,139.07918439788637,7535900,TLT
2020-12-15,139.35304260253906,139.8740678447404,138.92031918654538,139.3353768472883,6847500,TLT
2020-12-16,138.98211669921875,139.43249231153249,138.10784388999977,138.27563484606387,9954200,TLT
2020-12-17,138.61431884765625,140.08179507488535,138.28722232192706,139.7900668979731,9422700,TLT
2020-12-18,138.19883728027344,139.12706090461964,138.06622619732477,138.8972070898047,6505000,TLT
2020-12-21,138.74693298339844,139.09170023558872,138.3049229939712,138.96793797811205,8988200,TLT
2020-12-22,139.46298217773438,139.52487004886643,138.861855087689,139.28618088590184,7370800,TLT
2020-12-23,138.49940490722656,138.5170890832898,137.42974831419824,138.45520121160558,9266600,TLT
2020-12-24,139.0474395751953,139.17120178197024,138.65848227466617,138.70267246424595,3117100,TLT
2020-12-28,139.1094207763672,139.18897935788345,137.99556016790567,138.24308474756378,7791100,TLT
2020-12-29,138.93255615234375,139.0474695547237,138.22533760869092,138.25185712378413,9030900,TLT
2020-12-30,139.23312377929688,139.2596432951767,138.50822104105637,138.63199676725836,9097300,TLT
2020-12-31,139.4364776611328,139.74589007193651,139.18895312811998,139.19780196156174,7742100,TLT
2021-01-04,139.2685089111328,139.83428118800785,138.38448888544838,138.4994158052914,13152900,TLT
2021-01-05,138.23419189453125,138.74692507171852,137.60654529921612,138.74692507171852,10458100,TLT
2021-01-06,135.39654541015625,136.0065215439848,134.62743861620442,135.98000201547734,22827300,TLT
2021-01-07,134.20314025878906,134.52138815537845,133.71692632107178,134.1854560731226,14651900,TLT
2021-01-08,133.7698974609375,134.33566965618263,133.18644109078912,133.9113303929439,13622500,TLT
2021-01-11,133.5489044189453,133.67266667617977,133.03617121352423,133.4870165457909,8370700,TLT
2021-01-12,133.4427947998047,133.62844490508272,132.54109076816036,133.3013483852188,12186300,TLT
2021-01-13,134.94566345214844,135.31696376613903,133.9909336104124,134.0704921823777,12533300,TLT
2021-01-14,133.68148803710938,134.93679465463498,133.30135247238852,134.88375561980718,14835500,TLT
2021-01-15,134.21194458007812,134.68930952208672,133.90253213440874,134.53902771647148,11624700,TLT
2021-01-19,134.6450653076172,134.68926899928175,133.93784670820264,134.03508943423554,9575600,TLT
2021-01-20,134.77772521972656,134.79539591153716,134.18541981712883,134.3622346478565,5368900,TLT
2021-01-21,133.83177185058594,134.1500195535048,133.57541201529696,133.8759755433111,8162700,TLT
2021-01-22,134.26492309570312,134.37983648990675,133.8582680780888,134.23840358249683,9507200,TLT
2021-01-25,135.847412109375,135.86509629416923,134.93687218414206,135.0429503147461,8712600,TLT
2021-01-26,135.5909881591797,135.78547363291634,135.18433303525552,135.34346364516475,7690300,TLT
2021-01-27,135.9357452392578,136.58107599615022,135.72357560494495,136.20095390988052,7895200,TLT
2021-01-28,135.184326171875,135.66170448829158,134.51247588066954,135.60865196163246,10667800,TLT
2021-01-29,134.3710174560547,134.8041920394462,133.75220625768998,133.85828432338894,14965900,TLT
2021-02-01,134.52674865722656,134.84536518107666,134.0753808753997,134.22583680267533,8165500,TLT
2021-02-02,133.65943908691406,133.72138518637905,133.2169167875312,133.41162767963638,9177500,TLT
2021-02-03,132.47354125976562,133.27893552471664,132.38504485448337,133.13732507060556,9633100,TLT
2021-02-04,132.1194610595703,132.30532637362384,131.69464341921704,132.01326002565932,8262600,TLT
2021-02-05,131.0131378173828,132.37611392627684,131.00429223397194,131.96014192593844,10258900,TLT
2021-02-08,131.5885009765625,132.1018287628947,131.02207264418155,131.25219301668164,11574800,TLT
2021-02-09,131.68580627441406,132.46464999877483,131.57075963674188,132.0663825505309,5218300,TLT
2021-02-10,132.56201171875,132.56201171875,131.99558357559332,132.11948930988657,8079800,TLT
2021-02-11,131.8362579345703,132.57083311509933,131.65039261468908,132.4734776627253,11962700,TLT
2021-02-12,130.198974609375,131.05746936691293,130.12816938656908,130.72114793476374,14088400,TLT
2021-02-16,128.21640014648438,128.9155929063993,128.0305483528824,128.52617114209855,17789100,TLT
2021-02-17,129.03067016601562,129.5528568402127,128.31378606812652,129.1722805693474,11199100,TLT
2021-02-18,128.50852966308594,128.862555761408,127.72969925620698,127.98635636086503,10755300,TLT
2021-02-19,126.80036926269531,127.729668981544,126.42865207609816,127.49954869599938,12741700,TLT
2021-02-22,125.83564758300781,127.21632864381502,125.42853458811267,126.58794097163744,13203900,TLT
2021-02-23,125.47282409667969,126.11890311729398,124.91524146665266,125.25156286314058,12658500,TLT
2021-02-24,124.64970397949219,124.9506159645401,123.16283522651771,123.33099589601852,17363100,TLT
2021-02-25,122.61408996582031,123.83545600490312,120.9059601329217,123.48144351763514,52621700,TLT
2021-02-26,126.66764068603516,126.82695581428204,123.62308361453479,124.58779296320954,45423300,TLT
2021-03-01,124.99462890625,125.30477270166362,124.13510143766321,124.64019044374356,22048000,TLT
2021-03-02,125.00350189208984,125.05666631074588,124.31232388667839,124.40979649453479,12482200,TLT
2021-03-03,123.64774322509766,124.1882706900893,122.95657873162786,123.50597594715191,19763700,TLT
2021-03-04,122.85030364990234,124.00224948340883,122.24775527232586,123.72755751592737,22366600,TLT
2021-03-05,123.08949279785156,123.47051345132047,122.2742735551404,122.4337667995804,20598000,TLT
2021-03-08,122.13251495361328,123.08064540558499,122.13251495361328,123.0186247506901,15236600,TLT
2021-03-09,123.82501220703125,123.89590262722245,123.1427037435354,123.40853943901114,14463400,TLT
2021-03-10,124.07305145263672,124.18823648918611,123.41732557899714,123.87810628806704,12387600,TLT
2021-03-11,123.17813110351562,123.5060009575027,122.69078148014515,123.3199119311336,14150700,TLT
2021-03-12,120.56405639648438,120.91850830902926,120.20074825648508,120.86533038142908,20402700,TLT
2021-03-15,121.27295684814453,121.47675826431224,120.87421024400457,120.9451006324453,11366500,TLT
2021-03-16,120.78555297851562,121.5032993271203,120.28933394841631,121.41469651229086,15567900,TLT
2021-03-17,119.88180541992188,120.09447666878768,118.87164064949704,119.75775057165794,27107500,TLT
2021-03-18,118.6678695678711,119.15523285416378,118.02101294477418,118.127341835977,21615100,TLT
2021-03-19,119.40326690673828,119.47415729624812,118.56146550286779,118.80957510567258,18685000,TLT
2021-03-22,120.74129486083984,120.87421941961624,119.95265782088958,120.23621939617782,17047500,TLT
2021-03-23,121.83125305175781,121.8755477292715,120.64385552899395,121.03374604205398,16768400,TLT
2021-03-24,122.48690795898438,122.5312161365698,121.35268892177642,121.45016150408136,13863000,TLT
2021-03-25,121.52108764648438,122.86797821990449,121.4767794558595,122.62872480729926,20782000,TLT
2021-03-26,121.09568786621094,121.60963283045145,120.70579765051446,120.88301678829826,8433300,TLT
2021-03-29,120.06786346435547,121.26411695891606,119.59822640849649,121.24639097917773,13968100,TLT
2021-03-30,120.69700622558594,120.96282831449905,119.63366378609038,119.8906431666541,15020800,TLT
2021-03-31,120.0235595703125,121.03372411616976,119.60708691780489,120.81219668487684,19271300,TLT
2021-04-01,122.0156021118164,122.1132080404098,120.94195043674364,121.16378086177822,14885900,TLT
2021-04-05,121.48323822021484,121.53647536511525,120.62253493910617,121.16380181135536,8243000,TLT
2021-04-06,122.30840301513672,122.43262749443095,121.57192448094487,121.70503084126548,9282400,TLT
2021-04-07,121.45655822753906,122.53909142460358,121.45655822753906,121.96232438778551,11052700,TLT
2021-04-08,122.45926666259766,122.5125173393571,121.88251295586015,121.90913152451233,7847900,TLT
2021-04-09,122.0156021118164,122.61898790842687,121.64292862249287,122.0067337690187,8717800,TLT
2021-04-12,121.96231842041016,122.03330575405835,121.65176406757999,121.97120029927211,7659000,TLT
2021-04-13,122.87630462646484,122.90292319417883,121.74053393915317,121.82927152450281,13232800,TLT
2021-04-14,122.4858627319336,122.66333787628801,122.06883405316789,122.4769943904969,7293200,TLT
2021-04-15,124.53559875488281,125.09460218648407,123.74588302947272,123.77250159576545,23896700,TLT
2021-04-16,123.56837463378906,123.98541677948103,123.27555694387021,123.42641349822708,15238400,TLT
2021-04-19,123.2134780883789,123.61277010104179,122.9384105583101,123.1070038288563,13886800,TLT
2021-04-20,123.7813720703125,124.01207082864151,122.83193139133702,122.8496816156559,11476500,TLT
2021-04-21,124.02981567382812,124.14517181771672,123.39982490209852,123.81685360959999,11902200,TLT
2021-04-22,124.57111358642578,124.57111358642578,123.5151984219481,124.22505860759718,14156400,TLT
2021-04-23,124.27823638916016,124.6420414222049,123.77247021836051,124.56218574357081,12302200,TLT
2021-04-26,124.100830078125,124.6775838443727,124.09196173414425,124.35814744813152,9103500,TLT
2021-04-27,123.01830291748047,124.06534975951067,122.92069697067645,123.86125598199314,14137300,TLT
2021-04-28,123.09814453125,123.24011926296232,122.41491652136374,123.02715716539383,15263700,TLT
2021-04-29,122.73432922363281,122.76981612998797,121.67841436181435,121.96235023101467,17178200,TLT
2021-04-30,123.01830291748047,123.09815863592272,122.43266723665631,122.90294674231465,15692000,TLT
2021-05-03,123.09203338623047,124.0961679244651,122.87875903403423,123.25197898089681,16447700,TLT
2021-05-04,123.92735290527344,124.54938620988533,123.66076332920859,123.954010506949,18639700,TLT
2021-05-05,124.13169860839844,124.2738814848683,123.44745537977946,123.54520441243932,11127900,TLT
2021-05-06,124.33612060546875,124.57605259677824,123.69631100151682,123.74074486054599,21907600,TLT
2021-05-07,123.72295379638672,124.94037630338168,123.43860153939289,124.49606488489073,18346900,TLT
2021-05-10,122.4699935913086,123.74071761199852,122.35446829513421,123.47412807583837,15146200,TLT
2021-05-11,121.77684020996094,122.16783633973486,121.5369218606677,121.94568068048198,15158600,TLT
2021-05-12,120.49723815917969,121.56358263966771,120.28396383935979,121.44805735485205,20859400,TLT
2021-05-13,120.68389129638672,121.18151802271379,120.52394565977217,120.79052172079642,13073900,TLT
2021-05-14,121.81239318847656,121.81239318847656,121.04817717526419,121.32364802433398,17566700,TLT
2021-05-17,121.55471801757812,121.89239905159174,121.35923345817504,121.59027052605803,6113800,TLT
2021-05-18,121.24371337890625,121.35923869748974,120.91492723747282,121.20816086889147,11423100,TLT
2021-05-19,120.9504165649414,122.00787957541792,120.51498663142044,121.33251775531977,14296000,TLT
2021-05-20,121.94572448730469,122.17677513388394,121.44809780130362,121.52807061313017,13310500,TLT
2021-05-21,122.33668518066406,122.36334277685393,121.79462479262648,122.3278038350362,10171600,TLT
2021-05-24,122.78987121582031,123.14532841125106,122.5321766135254,122.62104430220947,6868700,TLT
2021-05-25,123.92735290527344,123.9628918544045,123.18089938043006,123.18979428719466,12346900,TLT
2021-05-26,123.7140884399414,124.32724044620079,123.41195989055016,124.04287459314303,9793700,TLT
2021-05-27,123.21646118164062,123.24311878532667,122.62108543380211,123.07427825577497,10695200,TLT
2021-05-28,123.02094268798828,123.78515883889794,122.93207498420266,123.14534933770344,10258000,TLT
2021-06-01,122.99335479736328,123.03783903191564,122.13904294850443,122.6462935791326,11778500,TLT
2021-06-02,123.27812957763672,123.50949922165339,123.09125775176916,123.29593142066189,7347900,TLT
2021-06-03,122.81539916992188,123.26035027512549,122.67302513616761,123.26035027512549,10994000,TLT
2021-06-04,124.497314453125,124.497314453125,123.2692586299688,123.2692586299688,15773700,TLT
2021-06-07,124.11466217041016,124.32824358894017,123.98118227059771,124.22144609026012,7799800,TLT
2021-06-08,124.98674011230469,125.17362551734767,124.77317231091575,125.17362551734767,11230900,TLT
2021-06-09,126.09021759033203,126.49956490955789,125.69865853449721,126.15250366985465,12768300,TLT
2021-06-10,126.84659576416016,126.86439760211391,125.19137788387906,125.32487130029655,19698300,TLT
2021-06-11,126.64196014404297,126.72204807062425,126.22370508901474,126.64196014404297,8646700,TLT
2021-06-14,125.6719741821289,126.4550923662176,125.48508876862473,126.4550923662176,9401300,TLT
2021-06-15,125.52067565917969,125.55626576331728,125.01342501814025,125.2982001665469,18207300,TLT
2021-06-16,125.41388702392578,126.0724194168868,124.77317005252824,125.8321420658456,19676300,TLT
2021-06-17,127.29159545898438,128.97350995155293,126.04573790109247,126.24151745716533,35225800,TLT
2021-06-18,129.68539428710938,129.96126169116417,128.25265174900971,128.3950393055621,26616900,TLT
2021-06-21,127.51408386230469,128.58197739550914,127.27382003828099,128.49298174146534,16485000,TLT
2021-06-22,127.82551574707031,127.86110585044034,126.47286097896487,126.51735879229702,14530200,TLT
2021-06-23,127.49625396728516,127.70092761016399,126.99791105654056,127.35386639883644,12040900,TLT
2021-06-24,127.70088195800781,128.05683717305223,127.54960031267288,127.62968819923472,8788400,TLT
2021-06-25,126.3749771118164,127.61194033868144,125.80544037956547,127.48735460283987,15562200,TLT
2021-06-28,127.6741943359375,127.9678635180021,126.98896624445344,127.00676808001485,11460700,TLT
2021-06-29,127.88774871826172,127.89664284476011,127.29150277239268,127.34490826784025,11217900,TLT
2021-06-30,128.45738220214844,128.97351350547663,128.208210683704,128.36838655463427,15708900,TLT
2021-07-01,128.46444702148438,128.58919519657596,127.89416770727556,128.2951430131748,10810000,TLT
2021-07-02,129.2396697998047,129.2396697998047,128.4109883884846,128.51791151342098,9650200,TLT
2021-07-06,130.7545623779297,130.97732808169684,129.84567449952857,129.84567449952857,20037200,TLT
2021-07-07,131.9129180908203,132.37627450875416,131.1822537361342,131.49413112439578,20964400,TLT
2021-07-08,132.42970275878906,133.1603805260753,132.02872735806264,132.66138770770155,17487800,TLT
2021-07-09,130.56739807128906,130.9772928384038,130.53176155075275,130.87035608372315,14483600,TLT
2021-07-12,130.39808654785156,131.19113165064732,130.24660755029902,131.06638344110198,10610400,TLT
2021-07-13,129.40013122558594,131.3961166430557,128.88331320865524,130.8258370375698,23340200,TLT
2021-07-14,130.8703155517578,130.91487138603065,129.9257916899127,130.10400143047244,16038600,TLT
2021-07-15,132.3138427734375,132.4118601680406,131.0128858629357,131.83266152846548,18462400,TLT
2021-07-16,132.06436157226562,132.18019043624253,131.27131659642575,131.2891280545558,12787900,TLT
2021-07-19,134.96031188964844,135.39692374705487,134.2118091691053,134.5058613813664,40203900,TLT
2021-07-20,133.6593475341797,136.0741323954379,133.4454876833735,135.91373410820032,25674800,TLT
2021-07-21,131.96632385253906,132.32274331173613,130.69209777267446,132.0375968671538,19988900,TLT
2021-07-22,133.21383666992188,133.49006385479532,131.9307045626725,131.9752604046114,18136900,TLT
2021-07-23,132.32276916503906,132.46534241518626,131.77922054581964,131.82377638605732,12639300,TLT
2021-07-26,131.9307098388672,132.82177232714432,131.7703251173139,132.76831075329324,10737700,TLT
2021-07-27,133.33859252929688,133.38314837379534,132.75940734042112,133.06236532855505,13036500,TLT
2021-07-28,133.34747314453125,133.36529819828039,132.1178163664863,132.4742358622754,14346700,TLT
2021-07-29,132.6079559326172,132.9643755696809,132.349540138689,132.57230581098824,11532000,TLT
2021-07-30,133.231689453125,133.40989926143413,132.82179465713085,132.8841755681343,14342100,TLT
2021-08-02,134.4199676513672,134.91956846523732,133.09066193274037,133.33154575839245,21232700,TLT
2021-08-03,134.49136352539062,134.9195909209667,134.17018957543272,134.49136352539062,13361900,TLT
2021-08-04,134.7679901123047,135.4460318853378,133.57251403568605,135.1605377465639,18267900,TLT
2021-08-05,134.08094787597656,134.64300560189028,133.82223088602814,134.5002586218009,15345400,TLT
2021-08-06,131.84169006347656,132.7159916877897,131.76139997425588,132.32345782500934,21144300,TLT
2021-08-09,131.36883544921875,132.53754752876904,131.35098867178445,132.17176346342967,12942400,TLT
2021-08-10,130.76222229003906,131.65437085902144,130.75329209196087,131.58299733993005,13716900,TLT
2021-08-11,130.68190002441406,131.35101135617992,129.99495552523663,130.6194567122638,17227600,TLT
2021-08-12,130.4677734375,130.64620037644505,129.74512187315284,130.3339430234641,14709400,TLT
2021-08-13,132.52870178222656,132.53761836915828,130.97635803018616,130.99420481715947,18653800,TLT
2021-08-16,132.849853515625,133.84013902271604,132.7606332088895,133.0996540387554,19170900,TLT
2021-08-17,132.79629516601562,133.3494228194083,132.63570137474093,132.82305852904403,14126900,TLT
2021-08-18,133.24237060546875,133.34942405857717,132.43942886784242,132.67139616704986,13144000,TLT
2021-08-19,134.22372436523438,134.23265456164157,133.65274993244896,134.09882413347208,15474300,TLT
2021-08-20,134.31289672851562,134.54485032957024,133.9203493935775,134.34857666210118,12388400,TLT
2021-08-23,134.22372436523438,134.26833450795755,133.75088680119822,134.0006872647228,10615000,TLT
2021-08-24,133.179931640625,133.8847366035709,133.179931640625,133.60815912390598,13835900,TLT
2021-08-25,132.0736541748047,133.26021327945867,131.66327349987498,133.1174798694992,16743800,TLT
2021-08-26,132.43946838378906,132.54653548194747,131.60084644927522,132.0112408304808,16657400,TLT
2021-08-27,133.34051513671875,133.36727850153363,132.33238301834086,132.5465035499651,15384700,TLT
2021-08-30,133.68841552734375,133.73301204763408,132.8676271896194,132.92116751755037,10596300,TLT
2021-08-31,132.77842712402344,133.90252903052274,132.48401656475173,133.527828395023,15262400,TLT
2021-09-01,133.00088500976562,133.44752644154406,132.64357731650878,133.34033685964997,10807100,TLT
2021-09-02,133.58152770996094,133.59046926301858,132.87584016963643,133.31355372655685,9765900,TLT
2021-09-03,132.36663818359375,132.66142314195662,132.1522590359944,132.44704399435727,12928000,TLT
2021-09-07,131.25001525878906,131.77706238958115,131.00883875344252,131.54480017351324,15547800,TLT
2021-09-08,132.14334106445312,132.37560335634936,131.66097426586646,131.9021644803679,14533700,TLT
2021-09-09,133.74232482910156,133.89418129547923,132.07189006853105,132.35773352570777,20324600,TLT
2021-09-10,132.56312561035156,133.25095699370019,132.3487465207749,133.00976688751638,14894600,TLT
2021-09-13,133.36709594726562,133.5368218234564,133.05444158266047,133.13483374598948,15036100,TLT
2021-09-14,134.98397827148438,135.3948943989318,133.61725653800661,133.75124351955728,19918400,TLT
2021-09-15,134.51052856445312,135.10902641772824,133.92988655366565,135.07330110233883,11940300,TLT
2021-09-16,133.89414978027344,134.39438593540225,133.54577005577923,133.69762648641384,13328900,TLT
2021-09-17,133.25100708007812,133.42073301006292,132.83116303129944,133.2599350020296,13782900,TLT
2021-09-20,134.90353393554688,135.21617464845215,134.19783309106165,134.501559515863,14660400,TLT
2021-09-21,134.78746032714844,134.84999667464604,134.17109292657264,134.6266759428673,10035800,TLT
2021-09-22,135.59141540527344,135.59141540527344,134.3854915794809,134.69813243931617,22277800,TLT
2021-09-23,132.5273895263672,134.39434664176764,132.5095200602192,134.36754925775014,23853300,TLT
2021-09-24,131.2321319580078,132.07181966719335,131.0802755725777,132.0628781189623,20203900,TLT
2021-09-27,130.7498016357422,131.19644304449218,130.3121017786322,130.47288614318344,13464300,TLT
2021-09-28,128.713134765625,129.5885618553672,128.31116017116813,128.92752757686273,26613500,TLT
2021-09-29,128.93643188476562,129.91010683378033,128.35580353582634,129.3473479567754,23569400,TLT
2021-09-30,128.9185791015625,129.08829138251807,128.3200676360771,128.7220557968627,22567600,TLT
2021-10-01,130.00352478027344,130.04823471497613,128.9749369754084,129.5563162514768,26151800,TLT
2021-10-04,129.6725311279297,130.10186097618927,128.8854537015523,129.39526413075114,28027600,TLT
2021-10-05,128.42037963867188,129.4221221954934,128.31305397836064,129.3326886944736,22659200,TLT
2021-10-06,129.14483642578125,129.43999559658198,128.82284584379107,129.00172646762633,18696500,TLT
2021-10-07,127.79429626464844,128.20572041274863,127.53490771031977,128.0715633313506,14856000,TLT
2021-10-08,126.89984893798828,127.32022588932233,126.58679762607022,127.23971801204425,17257800,TLT
2021-10-11,126.57786560058594,126.91773469405102,126.51524987554005,126.6494205801883,7213400,TLT
2021-10-12,128.74241638183594,128.80501849020146,127.43656124018773,127.57073201135442,17968700,TLT
2021-10-13,129.99453735351562,130.16447873296374,129.3147854834408,129.34161689622547,23584600,TLT
2021-10-14,130.47752380371094,130.54907878360117,129.64570910423916,130.02136251287524,12946400,TLT
2021-10-15,129.71726989746094,129.81565629325462,129.2163986634994,129.69043848476426,11811500,TLT
2021-10-18,130.32550048828125,130.58487540017538,129.2611421284392,129.69045844537965,12115900,TLT
2021-10-19,128.52772521972656,129.4489736741006,128.48300163842552,129.38637157845582,12156300,TLT
2021-10-20,127.6601333618164,128.50982677410673,127.46336053188978,128.12523401870845,12782500,TLT
2021-10-21,127.50807189941406,128.03577459835125,127.21291268279185,127.90161752157702,13660000,TLT
2021-10-22,128.912353515625,129.15383632972816,128.08949134140087,128.3041427317148,13740000,TLT
2021-10-25,128.7155303955078,129.0643524163201,128.46509477275632,128.5008654412703,8137900,TLT
2021-10-26,129.77987670898438,129.77987670898438,128.56346937534408,129.3505468398996,13671000,TLT
2021-10-27,132.14114379882812,132.53467572928787,130.52223791628725,130.94261490682032,22092300,TLT
2021-10-28,131.69390869140625,132.66881953656238,131.3361338530132,132.18582691666043,17497600,TLT
2021-10-29,132.096435546875,132.37370260518327,130.87108874813762,131.00524582547422,19087300,TLT
2021-11-01,131.14532470703125,131.43189574380273,130.48260783276174,130.5721689683776,18035500,TLT
2021-11-02,131.72744750976562,132.15732461616244,131.199072273071,131.199072273071,9836700,TLT
2021-11-03,130.36618041992188,132.5244614337946,130.330350503571,132.38118276371873,20639400,TLT
2021-11-04,131.7364501953125,131.96929011359737,130.6170038600876,130.63490516256738,15922400,TLT
2021-11-05,133.7066192626953,133.95737404777384,132.65881955395056,133.00808612353214,21513000,TLT
2021-11-08,133.4558868408203,133.68872670452137,132.99914409744662,133.40215561574416,12083800,TLT
2021-11-09,135.19326782226562,135.91866668291823,134.90668307157605,135.04997544692083,23430200,TLT
2021-11-10,132.72152709960938,135.16639355976818,131.67372718811274,135.07684607069012,28170600,TLT
2021-11-11,132.52447509765625,133.13346075242742,132.4438782752207,132.99911904992422,5552500,TLT
2021-11-12,131.9423828125,132.99913325985565,131.43190888564672,132.54240421881224,12712000,TLT
2021-11-15,130.28562927246094,131.61106347885894,130.0527893705823,131.5483679292481,15232700,TLT
2021-11-16,129.9542999267578,131.09166134525043,129.72145998479272,130.4737247189425,12998700,TLT
2021-11-17,130.98414611816406,131.0110117317178,129.3721546444866,129.47066644922145,14239900,TLT
2021-11-18,131.47665405273438,131.55725086207724,130.70647487820503,130.74230479242968,11054600,TLT
2021-11-19,132.8647918701172,133.0797303964433,132.16625874094575,132.16625874094575,14022100,TLT
2021-11-22,131.30648803710938,132.21995948206916,130.8676741031924,132.0050210052823,15266000,TLT
2021-11-23,129.40802001953125,130.84986770960623,129.40802001953125,130.68866030198996,15318500,TLT
2021-11-24,131.4856719970703,131.4856719970703,129.6676788990875,129.8020206345656,13769700,TLT
2021-11-26,134.8081512451172,134.94247928635204,133.14241520824976,133.28570756230764,20064800,TLT
2021-11-29,133.72459411621094,134.0111652853181,132.6946952414744,132.82007269016822,23234200,TLT
2021-11-30,135.75746154785156,136.18733868086326,134.5574186313654,135.07684325158627,31481100,TLT
2021-12-01,136.59494018554688,136.65771192306877,134.30849195986062,134.9361546081943,30826500,TLT
2021-12-02,136.7653045654297,137.17776741750916,135.17823857616483,137.12395720762996,17754200,TLT
2021-12-03,138.397216796875,139.0876238732757,135.7072807167159,136.00316164561767,34427100,TLT
2021-12-06,136.49627685546875,138.39717373083676,136.22728059481386,138.12817747018187,30924200,TLT
2021-12-07,135.39341735839844,136.76528334040628,135.26788758493757,136.03900295954557,22115900,TLT
2021-12-08,133.05319213867188,134.92717748443823,133.0262938748931,134.9182159570857,33633900,TLT
2021-12-09,133.79739379882812,134.35330942789312,133.13387144544248,133.9049868414292,17544900,TLT
2021-12-10,133.47462463378906,134.71199956977563,133.42978963085642,134.42506649638432,14298700,TLT
2021-12-13,135.44723510742188,135.67139642957284,134.774751140969,134.84648440586386,17860500,TLT
2021-12-14,135.12445068359375,135.33067528195232,133.8781142019727,134.82855607809378,14015500,TLT
2021-12-15,133.8242950439453,135.20512262109193,133.71670199894476,134.14708786066683,25383900,TLT
2021-12-16,133.8763885498047,134.5406587880859,133.50834637600803,133.52630332762126,18677900,TLT
2021-12-17,135.39337158203125,135.52801441910086,134.7919440812287,134.95351548571224,18093500,TLT
2021-12-20,134.37905883789062,135.56397096550387,134.28930148397828,135.32160008537585,17147300,TLT
2021-12-21,133.8673858642578,133.9302146346161,132.51191712332562,132.97870187698595,16598200,TLT
2021-12-22,134.48678588867188,134.5226860905554,133.7686585767488,134.40598646444036,12253900,TLT
2021-12-23,133.31983947753906,134.28930935775477,132.87998321701875,134.28032403383918,11642500,TLT
2021-12-27,133.64303588867188,133.75972186004992,133.14035069679792,133.2660219947664,7821800,TLT
2021-12-28,133.11331176757812,134.45082322975918,132.8619693541277,134.28925183417,9174600,TLT
2021-12-29,131.6591339111328,132.23363289795157,131.4257484061283,131.87457616761594,11771200,TLT
2021-12-30,132.7632598876953,132.8261023553279,131.46166198627432,132.1797892172045,10355000,TLT
2021-12-31,133.02359008789062,133.77761753026869,132.34136304247798,132.6824765651843,13402300,TLT
2022-01-03,129.53172302246094,131.90153357330863,129.5137660728776,131.42577713789467,33860400,TLT
2022-01-04,128.99313354492188,129.37913265492452,128.13139166185505,128.91234781159815,21996400,TLT
2022-01-05,128.29293823242188,129.4060361206146,128.10443822457952,129.38807917320278,20911700,TLT
2022-01-06,128.6250762939453,128.75973286415888,127.7274206144095,127.99672005769797,18996400,TLT
2022-01-07,127.70046997070312,128.5801822465569,127.07211384304779,128.48143959098704,18756800,TLT
2022-01-10,128.0146484375,128.19417679391412,126.89257908849208,127.15289315072225,13775800,TLT
2022-01-11,128.86746215820312,128.9303046377098,128.09547763608526,128.25706279971658,24388700,TLT
2022-01-12,128.37374877929688,129.27140456357955,128.36477715242455,129.17266187942286,14440600,TLT
2022-01-13,129.51376342773438,129.63943467797253,128.3916938016297,128.71485040183342,15166000,TLT
2022-01-14,127.5569076538086,128.77772021406537,127.2786228218601,128.74180630800794,22997500,TLT
2022-01-18,125.76156616210938,126.8477218637798,125.68975206410113,126.5335505942747,21171700,TLT
2022-01-19,126.63229370117188,127.2067927900694,125.9500666163232,126.14755196223848,17930500,TLT
2022-01-20,127.4132080078125,127.45809351665469,126.650195448898,126.90153786185319,13959000,TLT
2022-01-21,128.93028259277344,129.35218183488266,128.06852716074624,128.72381193581757,28916600,TLT
2022-01-24,127.87109375,129.59459161676543,127.8531367948996,129.5317628196292,25001600,TLT
2022-01-25,127.66463470458984,129.0021470471571,127.28762083625362,128.4635479797378,15599000,TLT
2022-01-26,126.12063598632812,127.97879000929485,126.1116643595771,127.70050521433234,23655500,TLT
2022-01-27,128.4365997314453,128.69691389931782,127.76335784882131,127.83517195995815,21501800,TLT
2022-01-28,128.48143005371094,128.7776579984313,127.3324321635361,127.54786070723432,12826500,TLT
2022-01-31,127.81717681884766,128.3198617494728,127.43119149609515,127.6286631212947,13998400,TLT
2022-02-01,127.39287567138672,127.96817458454632,126.79959480950738,127.89626050587536,20806100,TLT
2022-02-02,127.82437896728516,129.05588901824305,127.58167060451075,127.59965255780814,18404600,TLT
2022-02-03,126.82658386230469,127.17715648673824,126.00857649988954,126.24230072698559,17234100,TLT
2022-02-04,124.9568862915039,125.97265420194363,124.75014180470934,125.7119775634821,23609800,TLT
2022-02-07,125.03778076171875,125.22654326617439,124.54337991350606,124.86698649449876,12962400,TLT
2022-02-08,124.20178985595703,124.57034445794245,123.88718111365188,124.23775376241055,16269200,TLT
2022-02-09,124.43549346923828,125.28046691319875,124.21976490734929,124.69618376980176,14349100,TLT
2022-02-10,122.45789337158203,123.89614766918962,122.10732077251899,123.74333537895285,30896200,TLT
2022-02-11,124.27373504638672,124.5074456319639,121.67589766169674,123.0332405713823,43210300,TLT
2022-02-14,122.72760772705078,123.8152897797449,122.22422267384869,123.26695669331818,23157400,TLT
2022-02-15,121.33426666259766,122.10732598019477,121.29831647591853,121.89159742769982,18198500,TLT
2022-02-16,122.05342102050781,122.31411136776896,120.91180688324097,122.20623335128948,16473700,TLT
2022-02-17,122.96128845214844,123.66244742459743,122.16126303330158,122.65566384634417,24508200,TLT
2022-02-18,124.2557601928711,124.38160647171779,123.29393800087476,123.61754467736849,17522600,TLT
2022-02-22,124.57936096191406,124.6512750773043,123.57259077888075,123.77035116715015,19534000,TLT
2022-02-23,122.8624267578125,123.9141585164735,122.76356029655336,123.76133247438841,17757800,TLT
2022-02-24,122.9433364868164,125.28048307817775,122.47590168205915,125.03778841473766,28150400,TLT
2022-02-25,123.03319549560547,123.42871612337876,122.41294848534369,123.02421137814149,15025400,TLT
2022-02-28,125.72992706298828,125.88273937533896,124.33663429855223,124.4355007510631,25817700,TLT
2022-03-01,127.18360137939453,128.11069940726486,126.01347352125005,126.3375087168227,35664400,TLT
2022-03-02,122.83613586425781,126.39151329122066,122.78213228696592,125.86945582010118,30397400,TLT
2022-03-03,124.08727264404297,124.84335021649588,123.33119507159006,123.75424141830567,20649100,TLT
2022-03-04,126.22947692871094,126.75153429382775,125.39238044752116,126.33748406136408,25853100,TLT
2022-03-07,125.26637268066406,126.58951504738373,124.90633973415086,125.22136512875578,23710900,TLT
2022-03-08,124.00623321533203,124.43827546172594,123.53817943668633,123.77219945882149,28331300,TLT
2022-03-09,122.79109191894531,123.61917857225492,122.53007012792231,123.37616254645324,18819200,TLT
2022-03-10,121.02691650390625,121.6659769848051,120.36084050686881,121.35994763523733,26868900,TLT
2022-03-11,121.43197631835938,121.91802220193954,120.8019117528379,120.90991889710516,15583800,TLT
2022-03-14,118.5966796875,119.61379286843044,118.56068187979747,119.44277237949036,24385000,TLT
2022-03-15,118.38963317871094,119.8477843948221,118.083603815839,119.58676258163742,17518800,TLT
2022-03-16,119.55078887939453,119.82981651557063,117.30054828522775,118.65968865972818,25857700,TLT
2022-03-17,118.65967559814453,120.01881582303622,117.97560747719362,119.55077571972213,19330600,TLT
2022-03-18,120.10881042480469,120.19881178267151,119.32573131292695,119.32573131292695,55891700,TLT
2022-03-21,117.32752990722656,118.51564959485447,116.78746676370172,118.16461267187618,26122000,TLT
2022-03-22,115.82438659667969,116.4184534576251,115.51835714748226,116.07642619914904,21830900,TLT
2022-03-23,118.3626480102539,118.45266312226376,115.98639463759805,116.44543874634168,21266100,TLT
2022-03-24,117.43557739257812,118.07463813980578,116.65249792634275,116.69749175844929,17141600,TLT
2022-03-25,115.80638885498047,116.58047219294967,114.89728970370233,116.56246642200739,25684500,TLT
2022-03-28,116.79645538330078,117.51653495093835,116.14838514586451,116.46342424869826,17657800,TLT
2022-03-29,117.67858123779297,118.4076569567501,116.77848504463543,117.51655678114808,19319700,TLT
2022-03-30,118.5966796875,118.82170375518344,117.00351917705427,117.07552852683845,16310200,TLT
2022-03-31,118.88470458984375,119.41575803750297,118.50666584399934,118.79468947848083,19901000,TLT
2022-04-01,119.33726501464844,119.86012216579317,116.93032841302104,117.20075990894344,23489700,TLT
2022-04-04,118.50791931152344,118.97667644622548,117.831813005846,118.93159994143005,13609900,TLT
2022-04-05,115.83049774169922,117.89486890535386,115.65019178400294,117.87683555850157,25196900,TLT
2022-04-06,114.89295959472656,115.65921867079506,113.94641518888226,113.97345833223397,22952000,TLT
2022-04-07,114.02754974365234,114.18981548876216,113.0539621507006,113.68499178295703,23458800,TLT
2022-04-08,112.79253387451172,113.43258018228278,112.01726496589727,113.09001534311855,26859200,TLT
2022-04-11,111.00764465332031,111.95419627125244,110.48478743812525,111.7107941396885,30020700,TLT
2022-04-12,110.85436248779297,111.92711975128397,110.58391728394754,111.8279569683878,23124200,TLT
2022-04-13,111.07975006103516,112.05334470695745,110.78226166182972,110.92650096242934,17189500,TLT
2022-04-14,108.85310363769531,110.81831936564154,108.51955541972492,110.75521639226426,34274500,TLT
2022-04-18,108.31219482421875,109.15056663413576,107.89751725598224,108.96125775805214,18784300,TLT
2022-04-19,107.50086212158203,107.92455634735798,106.97800512476462,107.41071602364609,26012300,TLT
2022-04-20,109.66442108154297,109.95289276949197,108.10486650507312,108.37531172152235,31423200,TLT
2022-04-21,108.85310363769531,108.99734293553385,107.42877152122703,108.92522328661458,23323200,TLT
2022-04-22,108.16796875,109.4751114505044,108.00570299675489,108.24008839093283,19773400,TLT
2022-04-25,109.24974822998047,110.15122315389426,109.19565505770429,109.42102378868275,25418900,TLT
2022-04-26,110.34954833984375,110.90845838892275,109.76358826587025,110.37659148703044,26931300,TLT
2022-04-27,108.93421936035156,110.26840518643726,108.87111639492431,110.15121592998877,14560500,TLT
2022-04-28,109.09648895263672,109.1415654485466,108.18600425908453,108.52856224379359,16892500,TLT
2022-04-29,107.68115234375,109.05139776700386,107.3746542408444,107.55494643341166,26153400,TLT
2022-05-02,105.81464385986328,106.79892081840633,105.58889150539946,106.42869053958151,29233900,TLT
2022-05-03,106.52803802490234,107.73806751849355,106.45579560723286,107.49425797062922,21256700,TLT
2022-05-04,107.1149673461914,107.43101922832457,105.96814165891838,106.52800991399307,25575700,TLT
2022-05-05,104.18021392822266,105.17352305214091,102.96114552811524,105.06515942630004,48384500,TLT
2022-05-06,102.64510345458984,103.88222913349571,102.32001943516082,103.06951908492313,32790500,TLT
2022-05-09,103.54808807373047,103.58420927709835,101.69692290467839,101.91364323547059,26773000,TLT
2022-05-10,104.48722839355469,105.61599026828769,104.27954006667663,104.64977037909287,33640800,TLT
2022-05-11,106.50093841552734,106.50093841552734,103.34040529073337,103.61130399635215,34173600,TLT
2022-05-12,106.30229187011719,107.3588114551752,106.24811349839622,106.57319061813854,26405700,TLT
2022-05-13,104.73102569580078,105.78754496420211,104.65878329554741,105.63403503072455,20782700,TLT
2022-05-16,104.62269592285156,105.59794797335485,104.61366389754596,104.93874791438039,11050600,TLT
2022-05-17,103.35845947265625,104.16213732152447,103.26815990671668,103.58421183221283,15040800,TLT
2022-05-18,105.56179809570312,105.65209765598766,103.49390578493734,103.5932373680748,21337300,TLT
2022-05-19,105.81464385986328,107.2052791900903,105.5166490985114,107.13303678320224,21937500,TLT
2022-05-20,107.01566314697266,107.47619305471515,105.70629517258376,105.73338435663732,22780900,TLT
2022-05-23,105.25477600097656,106.78086412843984,105.23671884388312,106.29323821393534,15925200,TLT
2022-05-24,107.33171081542969,108.03605713030417,106.42870130622326,106.46482251332141,23388200,TLT
2022-05-25,107.75611877441406,108.01799234031324,107.08788682443051,108.00896031682284,14410800,TLT
2022-05-26,107.26851654052734,107.53941530033745,106.37453892114534,107.47620490077341,14912900,TLT
2022-05-27,107.53038024902344,108.12636297718431,107.22335341558234,107.7832218239654,11190400,TLT
2022-05-31,105.25477600097656,105.85979754954143,104.68588254542888,105.81464432268511,28393700,TLT
2022-06-01,105.13448333740234,106.14764894357295,104.65503791281475,105.8672201635326,15544800,TLT
2022-06-02,105.18875122070312,105.57773639098862,104.44696634965551,105.50536545194187,9832000,TLT
2022-06-03,104.96259307861328,104.98973045426888,103.91324211045333,104.1122518324852,15330400,TLT
2022-06-06,103.0267105102539,104.49219084120817,102.95433957748953,104.16652854544056,20815400,TLT
2022-06-07,104.139404296875,104.73644731325267,103.65091079165352,103.67804816944256,14278700,TLT
2022-06-08,103.21669006347656,104.148443491962,103.19860077918824,103.74136902958364,11476100,TLT
2022-06-09,103.56043243408203,103.76849022848718,102.83673694526978,102.98147190202923,15527300,TLT
2022-06-10,102.91817474365234,103.67805588667146,102.1944859759431,103.45190185269857,21917100,TLT
2022-06-13,99.68869018554688,101.01847693982307,98.82025956884412,100.85564576783675,36968300,TLT
2022-06-14,98.43126678466797,100.39428879048728,98.23225015628948,99.98720744107516,21865900,TLT
2022-06-15,100.26763916015625,100.4033329473019,98.63028632650408,99.58917712610068,25202800,TLT
2022-06-16,101.0636978149414,101.0636978149414,97.80708168580193,98.10559971223286,26067300,TLT
2022-06-17,101.38935089111328,102.06781281051045,100.37617860687843,101.32602805470307,21614300,TLT
2022-06-21,99.67059326171875,100.43046740496919,99.33588285004556,99.58917423112905,17663800,TLT
2022-06-22,102.41156768798828,102.50202789984206,101.66073481642552,101.94117044534555,23703800,TLT
2022-06-23,103.25286102294922,104.18461432048947,102.66485929195949,103.03575513363688,20669200,TLT
2022-06-24,101.8235855102539,103.2800179762759,101.76931075305433,102.63774137661295,18161300,TLT
2022-06-27,100.95515441894531,101.51601888021028,100.55712803187079,100.61140278881889,12053000,TLT
2022-06-28,101.42555236816406,101.47982712174988,100.29478232397523,100.67471940242125,13706600,TLT
2022-06-29,103.00860595703125,103.0357433273768,101.47075492129667,101.66072341538657,12925400,TLT
2022-06-30,103.91325378417969,104.72740275199955,103.80469736768958,103.90420569072056,25802100,TLT
2022-07-01,104.9800796508789,106.58441732192453,104.43623672418572,105.05259388519481,21858800,TLT
2022-07-05,105.80491638183594,106.72944869080365,105.29732364316945,105.94993793907051,16689700,TLT
2022-07-06,104.02833557128906,106.53908700823162,104.02833557128906,106.40312456572266,20205400,TLT
2022-07-07,103.11287689208984,104.39090734751788,102.88627510992609,104.32745912512553,13088000,TLT
2022-07-08,101.9708023071289,102.87720943874783,101.56292186403543,102.87720943874783,15320000,TLT
2022-07-11,103.729248046875,104.04648920174759,103.05850170190033,103.14008195048959,13639900,TLT
2022-07-12,104.34558868408203,105.35170112643308,104.2096262349167,104.69908690270944,18547300,TLT
2022-07-13,105.54207611083984,105.73242082822142,102.8319131022969,103.1219631833554,20594800,TLT
2022-07-14,104.68095397949219,105.28825199178186,103.75642178079892,104.30933066469203,15665000,TLT
2022-07-15,105.27012634277344,105.88648348428518,104.78066564963136,104.99820143035969,16022600,TLT
2022-07-18,104.17334747314453,104.52684561831362,103.49354228392154,104.46339741059957,15838300,TLT
2022-07-19,103.61140441894531,104.37279005998067,103.02224527349114,104.15525426911547,9276800,TLT
2022-07-20,103.88333129882812,104.73535629247857,103.37574547214525,104.67190806414321,9117300,TLT
2022-07-21,105.67801666259766,105.7958540294697,104.24589848081172,104.4090520604251,14754900,TLT
2022-07-22,107.45458984375,108.10719730096294,106.92887194193439,107.2189220058087,17715300,TLT
2022-07-25,106.40314483642578,106.53910730483675,105.56925183933487,105.78678763958936,24868100,TLT
2022-07-26,106.48472595214844,108.07999772081111,106.41221171302601,107.73556545798725,13536000,TLT
2022-07-27,105.88648986816406,107.40018824736133,105.78678452195699,106.9651166596743,15725600,TLT
2022-07-28,106.72945404052734,107.78994886685389,106.33969864512461,107.00137898256219,16637900,TLT
2022-07-29,106.43939971923828,108.14344279688106,106.34876038064824,106.6841266249652,16655900,TLT
2022-08-01,109.00284576416016,109.05732680860986,107.22306005711896,107.3774276349964,17974600,TLT
2022-08-02,106.69638061523438,109.59307605907955,106.50569004293015,109.10272590405248,17896300,TLT
2022-08-03,108.37626647949219,108.5033935121984,105.63394586666784,106.39670806290509,16731200,TLT
2022-08-04,108.3399658203125,108.5579038595226,107.64076699625251,108.04031314023257,11003000,TLT
2022-08-05,105.76109313964844,106.34224737978332,105.23441994455588,106.30592437378677,19492300,TLT
2022-08-08,107.46821594238281,107.6316659796936,106.7508522746246,106.82349827518583,17476300,TLT
2022-08-09,107.05052185058594,107.477308483949,106.6600582209032,106.90523676376922,8223200,TLT
2022-08-10,106.35132598876953,107.97674407639846,105.99718535308608,106.9052396862036,14665300,TLT
2022-08-11,103.87232971191406,106.29683300428833,103.59991065366562,106.12430740010846,20663800,TLT
2022-08-12,104.9256820678711,104.94384010644657,103.90865871002342,104.51705345692206,12178400,TLT
2022-08-15,104.83485412597656,106.01532735158828,104.83485412597656,105.63394625207818,9031800,TLT
2022-08-16,105.27072143554688,105.35244298640829,103.73610765338225,104.65324431561409,11066000,TLT
2022-08-17,104.17198181152344,104.51703992301465,103.79967625384002,104.48071692266232,14131300,TLT
2022-08-18,104.32635498046875,105.00739568593507,104.05393592712049,104.39900098508218,10738200,TLT
2022-08-19,102.64646911621094,102.91888127657202,102.37405002794466,102.8190016673066,16330900,TLT
2022-08-22,102.30138397216797,102.57379606071294,101.82010945272212,102.48299203119795,10457200,TLT
2022-08-23,101.73838806152344,103.04598825784785,101.46596904465473,101.8745975699578,17813200,TLT
2022-08-24,100.99381256103516,101.58404931295475,100.66691241929216,101.23898420338972,13971600,TLT
2022-08-25,102.40128326416016,102.69186037127719,100.78494767282761,101.08460726301526,21429700,TLT
2022-08-26,103.17312622070312,103.50910185882886,101.71115832621452,101.97449488965887,18764400,TLT
2022-08-29,102.3195571899414,102.6192167669199,101.82012456164392,102.55565324403699,14278300,TLT
2022-08-30,102.57382202148438,103.07325470207506,101.89278123589988,102.26508685741386,14346600,TLT
2022-08-31,101.59310150146484,102.91885980341497,101.32068939794027,102.32863011515984,13623500,TLT
2022-09-01,99.73311614990234,100.3246004435212,99.13253711791661,99.97881293677479,22490400,TLT
2022-09-02,100.29730987548828,100.6066976243567,99.61482954910913,99.80592320738943,13024400,TLT
2022-09-06,97.81306457519531,99.15982861650382,97.74936669812621,99.0961307394347,24648500,TLT
2022-09-07,99.36005401611328,99.62394728461084,98.46827652455083,98.5683742106206,17050100,TLT
2022-09-08,98.34085845947266,99.66031756057768,98.32266204001294,99.04153516072085,14671400,TLT
2022-09-09,98.55924224853516,99.005134328606,97.94045989863582,98.57744560907366,12529800,TLT
2022-09-12,97.74935150146484,99.08701365450362,97.2943647524066,98.85041860108021,14806900,TLT
2022-09-13,97.97686004638672,98.04055792341576,96.6755974648953,96.96678875167775,22158900,TLT
2022-09-14,98.31356048583984,98.46825435036651,97.47638633864426,97.67657472315311,13077800,TLT
2022-09-15,98.24986267089844,98.4500579980924,97.8949734790722,98.14066332627942,10260200,TLT
2022-09-16,97.43090057373047,98.32267800815158,97.15790563965984,97.39450078635109,18903800,TLT
2022-09-19,97.65838623046875,98.11337312251203,97.18520291746529,97.33079511279367,11084400,TLT
2022-09-20,96.68470764160156,97.22158880337635,95.91123136897845,96.17512458058842,20133800,TLT
2022-09-21,98.3044662475586,98.3135679292635,96.42992248418643,97.09419945511684,23132900,TLT
2022-09-22,95.79293823242188,96.42082237185015,95.3015584931422,96.26612849309362,29030600,TLT
2022-09-23,96.18421173095703,96.84849554812678,95.14684232856433,95.85662066256481,23042200,TLT
2022-09-26,94.34610748291016,95.92036560577499,93.92752026321537,95.87486412736324,25104600,TLT
2022-09-27,91.8618392944336,93.70909167798234,91.81634477642041,93.46339489902817,34609500,TLT
2022-09-28,94.93756103515625,95.04675343966092,93.25411102107277,93.84558839226933,39283100,TLT
2022-09-29,94.4461669921875,94.84655762415066,93.54529501281846,93.63629099029698,19127100,TLT
2022-09-30,93.22681427001953,95.41985448954287,93.02662586310448,94.88296633029327,26485700,TLT
2022-10-03,94.70813751220703,95.48346035678536,94.08787784471978,94.72637737340243,27192200,TLT
2022-10-04,94.44361114501953,95.4560939061536,94.22469802235135,95.00002084110665,13788700,TLT
2022-10-05,93.54059600830078,93.8051122834449,92.65581307691895,93.70478260339353,20522100,TLT
2022-10-06,93.02066040039062,93.8050996276412,92.61019048847608,93.57706310739611,13965700,TLT
2022-10-07,92.11763000488281,92.69228648496787,91.64331710872463,91.95344343330454,14814800,TLT
2022-10-10,90.6855697631836,91.67981269858791,90.12004359653655,91.67068928841276,15652600,TLT
2022-10-11,91.0869140625,92.03554688283408,90.29334441571751,90.97745402045742,33246700,TLT
2022-10-12,91.53386688232422,91.70717688176066,90.4757809425429,90.55787075756668,21447600,TLT
2022-10-13,90.65818786621094,91.56121043258509,89.70043180915367,89.71867862575522,30292500,TLT
2022-10-14,89.91024780273438,91.38792710513117,89.61836130636102,91.38792710513117,18728200,TLT
2022-10-17,89.47241973876953,90.90449599067964,89.33560337251875,90.56699938263974,18969900,TLT
2022-10-18,89.68223571777344,89.80993565981744,88.35962619269272,89.34473903715718,16931500,TLT
2022-10-19,88.04949188232422,88.86130163084906,87.85794197123548,88.65151185356726,25431600,TLT
2022-10-20,86.54441833496094,87.86703433819949,86.41671843935478,87.50217451112947,25434900,TLT
2022-10-21,84.9846420288086,85.67787494453279,84.15459277896666,84.84781873556909,46280300,TLT
2022-10-24,84.28229522705078,85.33126456162962,83.78061212295421,84.66539489247617,31332600,TLT
2022-10-25,86.73596954345703,86.86367640019546,86.14308014414976,86.27078004176572,31213100,TLT
2022-10-26,87.98561096191406,88.19540762452206,87.35622793321244,87.35622793321244,24843900,TLT
2022-10-27,88.90689849853516,89.29912167497729,87.76671565528756,88.45994877253676,20270000,TLT
2022-10-28,88.2957534790039,89.0528295235119,87.9400170236347,88.35048002317667,22244100,TLT
2022-10-31,87.66637420654297,88.13157072966213,86.68125461374593,87.8944107627021,23956700,TLT
2022-11-01,88.48564147949219,89.07999720931812,87.97358459287383,89.04342072080941,17585100,TLT
2022-11-02,88.10160827636719,89.27202812933824,87.74499619542297,88.61367219423148,25010500,TLT
2022-11-03,87.62612915039062,88.12904023242413,86.94947449446867,87.02262748044716,29097500,TLT
2022-11-04,86.15396118164062,87.47068706607122,86.15396118164062,86.95862312420769,23561400,TLT
2022-11-07,85.29442596435547,86.73916600472896,85.25784947236788,86.68430475487384,14522800,TLT
2022-11-08,86.22711181640625,86.83060651279615,85.74247851432075,85.76991611637494,20360600,TLT
2022-11-09,86.51056671142578,86.88546353957057,85.66932833857426,85.7881967033514,15637500,TLT
2022-11-10,89.83898162841797,90.00357240816145,88.36681048078322,88.44910935878235,45380900,TLT
2022-11-11,89.5097885131836,89.9486995279209,89.18975286506989,89.21718349544336,15943100,TLT
2022-11-14,89.29033660888672,89.60122638852484,88.77827259499169,89.52808036618605,13741100,TLT
2022-11-15,90.73505401611328,90.79906112964869,89.71093322329448,89.83894745036531,26608200,TLT
2022-11-16,92.71930694580078,92.76502233872218,91.2014135852273,91.45744210960015,28507700,TLT
2022-11-17,91.74090576171875,91.96035778007085,91.2379876193974,91.62203039557704,24528900,TLT
2022-11-18,91.1099624633789,92.25295176262469,91.02767058243468,91.9877774080493,14941300,TLT
2022-11-21,91.4940185546875,92.18895810346325,91.25628176862936,92.07008971043419,15534000,TLT
2022-11-22,92.79247283935547,92.9204871193293,91.92379653809877,92.03352605361421,18103100,TLT
2022-11-23,94.41093444824219,94.41093444824219,93.34109793073264,93.39595919534717,23234600,TLT
2022-11-25,94.09088897705078,94.11831960650086,93.66112384565636,93.82571459861053,9486100,TLT
2022-11-28,94.35606384277344,94.922982124346,93.89886807956783,94.74010660956525,14563200,TLT
2022-11-29,93.2496566772461,94.14575652162772,93.18564954550455,93.40510157201068,16576400,TLT
2022-11-30,93.93543243408203,93.93543243408203,92.6918595608279,92.92045741287825,21581700,TLT
2022-12-01,96.93628692626953,96.9821111557449,94.49821134942695,94.54404257176506,53156800,TLT
2022-12-02,98.15531158447266,98.16447922693959,95.88222575303138,96.51466021886685,24479500,TLT
2022-12-05,96.78047180175781,97.14710062776992,96.14804424457172,97.00961394390747,20159700,TLT
2022-12-06,98.02698516845703,98.4302774922398,97.33039823647452,97.6145321957605,21754500,TLT
2022-12-07,100.33673858642578,100.52921710115275,99.17269286368345,99.32851479805807,30546700,TLT
2022-12-08,100.0617904663086,100.31842855053269,99.42019525574835,99.63100211370529,13377300,TLT
2022-12-09,97.45870971679688,99.14519204432824,97.40371086325652,98.93438524981742,25872200,TLT
2022-12-12,97.77037048339844,99.09023149971067,97.39458099522608,98.86108935064887,16897100,TLT
2022-12-13,98.71440887451172,99.97927767776937,98.49443442767362,99.9426141044861,23854700,TLT
2022-12-14,99.13606262207031,99.28270996102616,97.97201659006107,98.67777832443026,19517500,TLT
2022-12-15,99.52286529541016,100.25789664862585,99.37586323063411,99.58718001308314,20246200,TLT
2022-12-16,98.41112518310547,99.07265192999034,97.67609390661609,97.94254256909905,20838300,TLT
2022-12-19,96.7573013305664,97.24425653692968,96.45410743494784,97.23507372872538,26126800,TLT
2022-12-20,95.03919219970703,95.37913841224946,94.7268014259947,94.98406029271169,28869000,TLT
2022-12-21,95.27806854248047,95.92122269957663,94.59816912820457,95.82015571788693,15894100,TLT
2022-12-22,95.25970458984375,95.66397255342204,94.98406606744423,95.25051476982274,11322500,TLT
2022-12-23,93.8631362915039,94.46034129842764,93.73449986394795,94.24902454483917,15408900,TLT
2022-12-27,92.00717163085938,92.86164235401283,91.88773204947664,92.32874512671789,26475700,TLT
2022-12-28,91.46512603759766,92.59522860712319,91.28136467807134,92.47578898076543,17302900,TLT
2022-12-29,92.50333404541016,92.7881553369173,91.68561542610828,91.74993013740918,16593000,TLT
2022-12-30,91.47430419921875,92.38390711064199,91.2997396787646,91.75913253956385,20810200,TLT
2023-01-03,93.21998596191406,94.02851476489431,92.65033636745068,93.89988534191514,25313200,TLT
2023-01-04,94.49710083007812,95.0759402643787,93.90907858649965,94.83705403736928,21678200,TLT
2023-01-05,94.8921890258789,94.90137884591243,93.51401043156089,93.59670479230495,14771100,TLT
2023-01-06,96.63787078857422,96.74812758534947,94.30415449683245,94.35927939033112,27473700,TLT
2023-01-09,97.15238189697266,97.32695339424694,95.801766019651,95.93040244538503,21472200,TLT
2023-01-10,95.54452514648438,96.30711897712106,95.09432210601521,96.04067027690661,20545200,TLT
2023-01-11,97.09725189208984,97.13400415325238,96.19683901805038,96.44491502845322,18794000,TLT
2023-01-12,99.00834655761719,99.05428163561933,96.06822818412195,97.2259001003635,32029600,TLT
2023-01-13,98.08035278320312,99.0450803685881,97.740399622402,98.40192630840575,17750800,TLT
2023-01-17,97.44640350341797,97.99768049958607,97.06970503313318,97.08807766177563,13911700,TLT
2023-01-18,99.80767822265625,99.93630764718623,98.42031699954329,99.65148635140956,35497200,TLT
2023-01-19,99.18290710449219,99.5688024009975,98.71433147479983,99.32072635254565,17194700,TLT
2023-01-20,97.57502746582031,98.53056532658424,97.49234012689523,98.27330648133584,22754100,TLT
2023-01-23,97.1156234741211,97.57501621905028,96.92267936242406,96.99618388395922,12961500,TLT
2023-01-24,98.51219177246094,98.72350853202276,96.83081246568655,97.50152902858561,16417200,TLT
2023-01-25,98.75108337402344,99.14616147842442,97.97929979366373,98.65001639314563,11906500,TLT
2023-01-26,98.29167175292969,98.90725632977171,97.84146182976751,98.43867378168181,15549400,TLT
2023-01-27,98.04360961914062,98.27330601699536,97.49233966624483,97.565844195905,11845500,TLT
2023-01-30,97.68528747558594,98.4570710465078,97.56584786772645,97.81391690244325,11459700,TLT
2023-01-31,98.46624755859375,98.56731453177218,97.27183052705037,98.29168306746722,13705300,TLT
2023-02-01,99.64994049072266,100.02760808312617,98.02871560956022,99.06961890969733,25305800,TLT
2023-02-02,99.77890014648438,100.72768287949775,99.56703269772616,100.33158836662875,19548400,TLT
2023-02-03,98.28662109375,98.66429565548725,97.71551306276719,98.35110125943551,20619500,TLT
2023-02-06,97.5589370727539,97.92739121331935,97.34706961689776,97.41154979427793,15182400,TLT
2023-02-07,96.77594757080078,97.85369764151176,96.72068085920957,97.02466182858475,18290300,TLT
2023-02-08,97.23651885986328,97.25494578162733,96.15877585444584,96.75752431117047,13530700,TLT
2023-02-09,96.31536865234375,98.21294099109257,96.1587749578669,98.07476719039651,20469900,TLT
2023-02-10,95.23761749267578,96.20482698682213,94.9889102949926,96.1679801746078,16598300,TLT
2023-02-13,96.03903198242188,96.18641222209311,95.41265015124273,95.53239703521385,13134300,TLT
2023-02-14,95.81793975830078,96.5640754130912,95.00733096637006,95.98374690071967,15440300,TLT
2023-02-15,94.92443084716797,95.7534595309109,94.41779596015982,95.38500546160776,15246900,TLT
2023-02-16,93.5795669555664,94.15989559262431,93.340073164469,94.0217217729528,19267300,TLT
2023-02-17,94.3072738647461,94.3072738647461,93.00845685387725,93.12820374690956,19560900,TLT
2023-02-21,92.47418212890625,93.22031084902548,92.37285513878984,93.04529725248858,22728000,TLT
2023-02-22,93.32161712646484,93.67165829747076,92.99000287383305,93.02684968277106,15165400,TLT
2023-02-23,94.23358917236328,94.50071632165923,93.46903346144757,93.53351364021078,15829100,TLT
2023-02-24,93.00843811035156,93.7729936516196,92.63076355581765,93.44137936933011,21403600,TLT
2023-02-27,93.26637268066406,93.68088708145338,92.9531852716787,93.30321949839386,14209200,TLT
2023-02-28,93.69010162353516,93.69931508502685,92.37285774270164,92.63999190346502,14955700,TLT
2023-03-01,92.68359375,93.29304679870819,92.30498847138003,93.09912959934059,19000000,TLT
2023-03-02,91.86174774169922,92.01872731935538,91.30769056975814,91.47390631231454,23763600,TLT
2023-03-03,94.08716583251953,94.09640199559571,92.86825297620618,93.20068439566694,30877300,TLT
2023-03-06,93.35763549804688,94.5026727911363,93.25605887054185,94.39186704849523,16631900,TLT
2023-03-07,93.93017578125,94.53039950176898,93.15450020754598,93.69008488401693,23096500,TLT
2023-03-08,94.02253723144531,95.08447065913383,93.65316816375422,94.55812202734094,20252400,TLT
2023-03-09,94.25337982177734,94.66891556595411,93.57005171430494,93.77320502750356,21550400,TLT
2023-03-10,97.50382232666016,97.59616987554695,96.03558929506097,96.06329074167547,43921500,TLT
2023-03-13,97.7254409790039,100.74501821054993,96.99593907493163,99.91393964609239,51502500,TLT
2023-03-14,96.11868286132812,97.52228372358844,95.80472377471582,97.08827565493068,38417800,TLT
2023-03-15,97.9747314453125,99.46143624921933,97.28216735821775,98.6026564994168,45164100,TLT
2023-03-16,97.20831298828125,99.75695134738285,96.99593056801396,99.156727600965,43089300,TLT
2023-03-17,98.66731262207031,99.47992580055752,98.30717979801437,98.48263165157455,38129000,TLT
2023-03-20,97.79931640625,98.76890219594023,97.62386452972724,98.69502698002239,24242800,TLT
2023-03-21,96.95899963378906,97.34683394149344,96.53422771890403,97.03287484815033,18934900,TLT
2023-03-22,98.25177764892578,98.29794436933045,96.44187735307976,96.64503064921725,26388500,TLT
2023-03-23,98.25177764892578,98.39029190039474,96.79277401769065,97.29142109590244,25475100,TLT
2023-03-24,98.66731262207031,99.20289729968644,98.1224988275186,98.88893119569073,23652700,TLT
2023-03-27,96.34954833984375,97.66080885462219,96.34031922106553,97.0051821197974,22224500,TLT
2023-03-28,96.52499389648438,96.66350816548858,96.05404819992143,96.25720152177715,17794300,TLT
2023-03-29,96.3310775756836,96.45111951912939,95.66621471478405,95.75855521321378,16804400,TLT
2023-03-30,96.7743148803711,97.00516963242815,96.28489688810267,96.46034875410696,14315800,TLT
2023-03-31,98.22408294677734,98.39952776855625,97.03287157461963,97.28219160826754,25396700,TLT
2023-04-03,98.68603515625,99.14891525272677,97.85284956999386,98.01948668724509,18234800,TLT
2023-04-04,99.17668914794922,99.79695385898145,97.89914259575895,97.92691427209071,18052400,TLT
2023-04-05,100.21353149414062,100.32462524955848,99.43589639518298,99.76916353545833,23047700,TLT
2023-04-06,100.4727554321289,100.78751757932531,100.34314956651566,100.37092124300565,16447300,TLT
2023-04-10,98.85266876220703,99.75991682679111,98.64900039691328,99.64882306490648,19134400,TLT
2023-04-11,99.05634307861328,99.13965810779004,98.60272255056336,99.10263391459365,13971200,TLT
2023-04-12,98.95448303222656,99.21369469480666,98.01946348107285,99.10260801826553,20563000,TLT
2023-04-13,98.17686462402344,99.41737980814435,98.01948003403183,99.10262475413968,22079400,TLT
2023-04-14,97.27888488769531,97.71399331793083,96.9918944188011,97.56586829359964,19801900,TLT
2023-04-17,96.1216812133789,96.82525386503761,96.01058744906928,96.66787632950786,19528800,TLT
2023-04-18,96.4642105102539,96.82525642506909,96.09391207874386,96.10316459543871,15922600,TLT
2023-04-19,96.37163543701172,96.50124130001235,95.79766863314885,96.19574580179075,16093900,TLT
2023-04-20,97.19554901123047,97.46402028251303,96.9733685692338,97.04743107089566,16450100,TLT
2023-04-21,96.64937591552734,97.63067956507444,96.52902255723085,97.48256159108173,15244700,TLT
2023-04-24,97.58438873291016,97.65844418305706,97.05669862405227,97.16779239375762,17034300,TLT
2023-04-25,99.01931762695312,99.17669517772799,98.38980036086332,98.43609119955727,21899900,TLT
2023-04-26,97.96394348144531,99.27852126227589,97.8250780396979,98.86193200002344,19610400,TLT
2023-04-27,96.99190521240234,97.45478537046343,96.84378723457796,97.3899824308545,20247600,TLT
2023-04-28,98.55642700195312,98.83415787857535,98.00097231169826,98.3249869590978,26949000,TLT
2023-05-01,95.71459197998047,97.83993386983704,95.44544313829755,97.70071797506111,32487300,TLT
2023-05-02,98.09980773925781,98.09980773925781,96.41995515994772,96.52204635236255,30057800,TLT
2023-05-03,98.64739227294922,98.93509996419816,97.71001268812424,98.37824339885826,23656200,TLT
2023-05-04,97.67288208007812,98.79587809199069,97.58935678668341,97.65432326403985,25110500,TLT
2023-05-05,97.34806060791016,97.35734355737759,96.62414632739791,96.84688754890573,15090900,TLT
2023-05-08,95.98375701904297,96.40140477384935,95.89094876713568,96.07656527095025,20587000,TLT
2023-05-09,95.6403579711914,96.18793156931358,95.59395030861845,96.05799861108747,19182500,TLT
2023-05-10,96.56845092773438,96.74478446105634,96.18792793529481,96.21576969946065,22886800,TLT
2023-05-11,97.5893783569336,97.93276963565404,97.19029645615902,97.72859429084407,19147200,TLT
2023-05-12,96.77264404296875,97.68218196446782,96.75408522371278,97.4965654486433,14195900,TLT
2023-05-15,95.7702865600586,96.03015246465488,95.70532008390953,95.9559030402517,20085300,TLT
2023-05-16,95.48257446289062,95.50114035991454,94.76794320540077,95.03709206572722,29251700,TLT
2023-05-17,95.20413208007812,95.74242970090836,94.99066678877865,95.6681802882117,21340900,TLT
2023-05-18,94.49878692626953,94.90715165895574,94.43382045341622,94.85146105307113,25536600,TLT
2023-05-19,93.83056640625,94.53592181662341,93.67279168101845,93.97906526351397,29032300,TLT
2023-05-22,93.49642944335938,94.39668408515602,93.4314629785294,93.96976059044275,20131100,TLT
2023-05-23,93.76558685302734,93.96976921288933,93.06951448848743,93.20873037755827,21749500,TLT
2023-05-24,93.30155944824219,94.07188140310774,93.30155944824219,93.99763196824497,18473400,TLT
2023-05-25,93.06951904296875,93.55213320458978,92.83749491010103,93.45931788679101,22492800,TLT
2023-05-26,93.82128143310547,93.8955308601354,92.80965954287933,92.92103368342421,17030300,TLT
2023-05-30,94.7586669921875,94.88859995733017,93.96978625215964,94.10900216647408,23125200,TLT
2023-05-31,95.58467102050781,95.76101164806013,94.545207314891,94.65657438002684,23787000,TLT
2023-06-01,95.95970916748047,96.43429143328255,95.50372794791005,96.10859563332937,21040400,TLT
2023-06-02,94.90814208984375,95.91315208480367,94.86161818800159,95.84801294251741,19122100,TLT
2023-06-05,94.73135375976562,95.32691374767639,94.18231768050207,94.31259598413035,14433200,TLT
2023-06-06,95.28968048095703,95.35481962601729,94.34980958825824,94.76856022084067,14332100,TLT
2023-06-07,93.87519836425781,95.31757393831187,93.78214347875203,95.07562555629067,25251100,TLT
2023-06-08,94.9732894897461,95.0477362587273,93.80078482664811,93.865923974598,23845100,TLT
2023-06-09,94.84302520751953,95.16872099539265,94.3032967021094,94.54524518723045,22147400,TLT
2023-06-12,95.12218475341797,95.19663152374979,94.09856651007723,95.14079289618354,19010300,TLT
2023-06-13,94.18231201171875,95.22454547764865,93.95897880460329,95.01982041294504,25910800,TLT
2023-06-14,94.9360580444336,95.18731409350286,94.41494490508111,94.57313895100826,29094200,TLT
2023-06-15,95.84800720214844,96.43425944761387,95.47578051153376,95.87592296150866,25732000,TLT
2023-06-16,95.47578430175781,95.68981696473891,94.94536355395603,95.32689787938158,16758200,TLT
2023-06-20,96.13648986816406,96.46219269479845,95.95038005263102,95.95038005263102,17162900,TLT
2023-06-21,96.36912536621094,96.45287974832023,95.2338370950969,95.67120294704745,19720100,TLT
2023-06-22,95.20591735839844,96.08064902577007,95.10355483989181,95.66189843161293,23630700,TLT
2023-06-23,96.15512084960938,96.73206563198539,95.8294250692946,96.62040256424064,22896800,TLT
2023-06-26,96.25746154785156,96.59246487432333,95.99690498273662,96.42496321108744,12894900,TLT
2023-06-27,96.0062026977539,96.73204085068815,95.6246754813083,96.39703753400562,18105700,TLT
2023-06-28,96.41565704345703,96.62968261103966,95.6898188583785,96.22954723689526,23826800,TLT
2023-06-29,94.67550659179688,95.23384314265647,94.40564238729394,95.07564908817923,41091600,TLT
2023-06-30,95.79218292236328,95.90384596824245,94.79648053201396,94.97328272120068,32018800,TLT
2023-07-03,95.24913787841797,96.35017637516759,95.23047222724622,95.95827600802205,16011800,TLT
2023-07-05,94.34402465820312,95.17446797593546,93.99878137824646,95.07182827429585,28170300,TLT
2023-07-06,93.00973510742188,93.66289051003706,92.81378848663732,93.49493524667031,41375700,TLT
2023-07-07,92.44990539550781,92.93510563338673,92.36592418732292,92.54321231215437,28979600,TLT
2023-07-10,92.57118225097656,92.8697685864588,92.23527173370157,92.2446045588647,24665200,TLT
2023-07-11,93.04707336425781,93.28034420316986,92.64584723657464,92.90710943713837,20491100,TLT
2023-07-12,94.082763671875,94.35335860497737,93.09369081874183,93.40160992732646,31928000,TLT
2023-07-13,95.07184600830078,95.14649437230094,94.26939389244872,94.53065604758943,32441500,TLT
2023-07-14,94.51200866699219,95.11851423804711,94.46535165427233,94.91323477225677,18566200,TLT
2023-07-17,94.55863952636719,94.69860341749164,94.16674632630611,94.45600693299242,18822000,TLT
2023-07-18,94.98787689208984,95.23980623515509,94.77326461411116,94.98787689208984,15412800,TLT
2023-07-19,96.06089782714844,96.08889629868715,94.92254247796481,95.17447177094297,27192500,TLT
2023-07-20,94.89453887939453,95.4637200826636,94.50264572533142,95.37974602916081,56951200,TLT
2023-07-21,94.92255401611328,95.50106102544137,94.82924000402585,95.32378006396647,20655700,TLT
2023-07-24,94.57731628417969,95.31445288641636,94.52133356869794,95.16515615331826,17546700,TLT
2023-07-25,94.40003967285156,94.70795888316582,94.0548033935849,94.08279475472968,17160600,TLT
2023-07-26,94.49333953857422,94.88523992196792,94.1760946441026,94.87590709599512,19310700,TLT
2023-07-27,92.65516662597656,94.17608971231934,92.29126473955799,93.97081026482988,44794400,TLT
2023-07-28,93.13102722167969,93.17768422687288,92.51519604251467,92.74846683076163,27434000,TLT
2023-07-31,93.35498046875,93.61624263541891,92.95375439311984,92.98174575114007,28663800,TLT
2023-08-01,91.82518768310547,92.55499749303995,91.60063246585217,92.48014337446163,34943400,TLT
2023-08-02,90.84274291992188,90.98309260132046,90.20650435608006,90.79596445177656,38121300,TLT
2023-08-03,88.74687194824219,89.18663092368,88.45682119358356,89.06499834815754,59394800,TLT
2023-08-04,90.31876373291016,90.45911339153191,89.0088454832407,89.02756257824636,42053300,TLT
2023-08-07,89.4299087524414,90.01001029768977,89.35505463741538,89.92580477214649,35862900,TLT
2023-08-08,90.46846771240234,91.10471328174648,90.23455400512111,90.62752732011842,24010500,TLT
2023-08-09,90.93630981445312,91.02987388478155,90.60882486058212,90.6462519164097,20151100,TLT
2023-08-10,89.43924713134766,91.09536027721063,89.43924713134766,90.79595099921285,37253200,TLT
2023-08-11,89.23341369628906,89.70124116366054,89.07434693213747,89.16791813639628,26747800,TLT
2023-08-14,89.03692626953125,89.75737742230677,88.79365398976472,89.08370473278751,19072000,TLT
2023-08-15,88.4942398071289,89.07434126110905,88.47552271207653,88.70008502182387,24125000,TLT
2023-08-16,87.80186462402344,88.69074118596957,87.68959058900639,88.21355512170297,23076700,TLT
2023-08-17,87.42757415771484,87.58663373748595,87.0345937732799,87.48371115328615,32244900,TLT
2023-08-18,87.73636627197266,88.12934679750008,87.29661441798153,87.41824699821552,24176000,TLT
2023-08-21,86.5667953491211,86.79135768335412,86.29546168759789,86.69779361333084,29254100,TLT
2023-08-22,87.23110961914062,87.27788808113348,86.51065134734274,86.67906951517391,21323100,TLT
2023-08-23,89.39248657226562,89.40184512177481,88.16678071038447,88.23227627998541,38294700,TLT
2023-08-24,88.80303192138672,89.40185063422707,88.78431482121425,89.00887005390885,22300800,TLT
2023-08-25,89.09307098388672,89.36441179276346,88.42875678497381,88.56910646383851,23865200,TLT
2023-08-28,89.18663024902344,89.50475664653231,88.78429833182388,89.4953980981842,16037300,TLT
2023-08-29,90.11292266845703,90.3000579347304,88.83108000226682,88.85914850758769,28478100,TLT
2023-08-30,90.01936340332031,90.19714013113683,89.7105955513698,89.97258493811867,17550100,TLT
2023-08-31,90.42169952392578,90.80532150419387,90.22521282859867,90.32813545069591,26959700,TLT
2023-09-01,89.01306915283203,89.9233779259032,88.7972270238954,89.90461184682329,32466900,TLT
2023-09-05,87.76490783691406,88.48752713152858,87.73675514022119,88.47814051266684,29435900,TLT
2023-09-06,87.98075103759766,88.31859769437338,87.70859638853433,88.29982445794592,23636300,TLT
2023-09-07,88.22474670410156,88.28105208958733,87.91505276414718,88.21536008655683,18091500,TLT
2023-09-08,88.5625991821289,89.05998254645849,88.3749026183024,88.57197864040137,17052100,TLT
2023-09-11,87.9244613647461,88.19661606245754,87.79307732583618,87.93384082474456,17061500,TLT
2023-09-12,88.43122863769531,88.4406080973965,87.82122724215128,88.11214801053215,20034300,TLT
2023-09-13,88.41242980957031,88.71273711062827,88.04643051015252,88.1402751992536,23332300,TLT
2023-09-14,87.77429962158203,88.41245370378307,87.65230220876889,88.1590722587426,27800600,TLT
2023-09-15,87.23939514160156,87.72739921483007,87.23939514160156,87.70862597207052,25636800,TLT
2023-09-18,87.73674011230469,87.77427942142941,87.10797279422076,87.13612548609152,17963400,TLT
2023-09-19,87.08922576904297,87.68045390732432,87.08922576904297,87.35199383050134,24941800,TLT
2023-09-20,87.36137390136719,87.83999125088351,87.31445512428847,87.54907048936022,29451200,TLT
2023-09-21,85.11844635009766,85.74722093134476,85.1090668911943,85.67214230076416,59920500,TLT
2023-09-22,85.80354309082031,85.97246646268907,85.09031028071963,85.2216943299627,29524500,TLT
2023-09-25,83.69197082519531,84.49904803695684,83.6638181345347,84.14243535543764,45587900,TLT
2023-09-26,83.40106964111328,84.10491571175201,83.25091237596196,83.92660574935795,38104100,TLT
2023-09-27,82.96937561035156,84.10491304242181,82.66906108958032,84.02983441222901,47111200,TLT
2023-09-28,83.2227783203125,83.26970426615664,81.74000721432415,82.22801127548456,60238000,TLT
2023-09-29,83.23214721679688,83.98291207116583,82.7066039428568,83.77644940924928,48989800,TLT
2023-10-02,81.83881378173828,82.78024727413947,81.63169726419922,82.67668901536994,44704300,TLT
2023-10-03,80.07830810546875,81.57519067348753,79.9182661804641,81.2550996409127,71362600,TLT
2023-10-04,81.20805358886719,81.25512095309081,80.3701783704724,80.74674601453091,56281600,TLT
2023-10-05,80.80323791503906,81.14215454497291,80.62436325408301,81.06683814219483,35758800,TLT
2023-10-06,79.82415771484375,80.67144941161978,79.13690801007861,79.26870814262504,62772200,TLT
2023-10-09,81.69759368896484,81.71642638021336,79.97476875065388,80.49256002147976,29424900,TLT
2023-10-10,81.58463287353516,82.06475880071558,80.51139204510741,80.8220668327426,54743900,TLT
2023-10-11,83.28864288330078,83.28864288330078,82.46959295600627,82.70495138749177,58517700,TLT
2023-10-12,81.02919006347656,83.02503189102356,80.89738993343339,82.89323176098038,66986700,TLT
2023-10-13,82.4789810180664,82.68609751595375,82.06474802229171,82.46956467291693,44183800,TLT
2023-10-16,81.15156555175781,81.31161470693863,80.86913980877596,81.14215638812244,38309800,TLT
2023-10-17,80.25720977783203,80.61495193950437,79.55113461849626,79.91829312674543,52949100,TLT
2023-10-18,79.55113220214844,79.75824872514002,78.93919897946452,79.43815759436184,63724600,TLT
2023-10-19,77.9224624633789,79.61704595888658,77.89422060221527,78.96745442184714,87696900,TLT
2023-10-20,78.36492156982422,78.64735448939474,77.92244668102856,78.12956319770461,52162600,TLT
2023-10-23,79.3063735961914,79.89006508121038,77.5929645339535,77.96012310567812,70890400,TLT
2023-10-24,80.35136413574219,80.35136413574219,79.16515567329253,79.49466321138398,46267700,TLT
2023-10-25,78.56263732910156,79.20281251559483,78.26137884031468,79.09925423670849,60737200,TLT
2023-10-26,79.76768493652344,79.8524105265374,78.5155763230297,78.59089274697735,49704100,TLT
2023-10-27,79.42874908447266,79.99360776291998,78.83564136692036,79.25929076268169,32362300,TLT
2023-10-30,79.07099151611328,79.5511245749626,78.36491644592131,78.90153321196453,45026900,TLT
2023-10-31,78.68502807617188,79.80532926236843,78.65678621520618,79.42876153940057,37269200,TLT
2023-11-01,80.39107513427734,80.40997249032021,79.37083412485033,79.3897314808932,72308500,TLT
2023-11-02,82.22373962402344,82.47879630423186,81.44911369698055,81.88365924559187,69739400,TLT
2023-11-03,82.78108978271484,84.12252115517516,82.73386080089243,83.89579609639759,77668500,TLT
2023-11-06,81.97810363769531,82.37486157622683,81.80806349157771,82.25205760684193,41341900,TLT
2023-11-07,83.18728637695312,83.60294172688049,82.7432921999361,82.762189556149,37834200,TLT
2023-11-08,84.60429382324219,84.66097869030193,83.55571387301697,83.58405991016203,53893400,TLT
2023-11-09,82.65827178955078,84.10360956025708,81.94032363941162,84.01859308302934,88975100,TLT
2023-11-10,83.12117004394531,83.53682544387503,82.91334234398046,83.34789510239636,36516400,TLT
2023-11-13,82.9322509765625,83.07395235555015,82.09149859039574,82.39379150219467,25661500,TLT
2023-11-14,84.81212615966797,85.16165523127869,84.34924176219599,85.01995386672132,65666800,TLT
2023-11-15,83.621826171875,84.20752165161866,83.42344718854953,84.08471767353028,56205300,TLT
2023-11-16,84.66097259521484,84.98215558743172,84.31144356789365,84.3586797525043,49473900,TLT
2023-11-17,85.05772399902344,85.42614314725985,84.67985617315217,85.17108650895361,44091400,TLT
2023-11-20,85.57730102539062,85.64343457325285,84.65153225654778,84.66098093584675,40477800,TLT
2023-11-21,85.53952026367188,85.77568679426486,84.91603716343572,85.49228407466106,27721000,TLT
2023-11-22,85.84181213378906,86.2669090010084,85.37892055001726,86.07797866162879,31197500,TLT
2023-11-24,84.83101654052734,85.26556207078792,84.82156786173923,85.11441203909892,20199600,TLT
2023-11-27,86.24800872802734,86.28578902568505,85.21831903972908,85.30334272753298,39804400,TLT
2023-11-28,86.41806030273438,86.46528928465509,85.76623837004574,85.87960089967046,44989300,TLT
2023-11-29,87.5044174194336,87.57054375751794,86.70145268348647,87.0131942232685,61647800,TLT
2023-11-30,86.49362182617188,87.18323121859287,86.11576116935876,86.88093836880437,60520900,TLT
2023-12-01,88.12265014648438,88.1889858681648,86.36000699320262,86.53058559610251,64141700,TLT
2023-12-04,87.77203369140625,87.97104088392308,87.26976918070864,87.6488335983822,33766300,TLT
2023-12-05,89.65785217285156,89.66733076967832,88.67228777434781,88.72914489520636,73588600,TLT
2023-12-06,90.85189819335938,91.02247677823573,89.90424099516869,90.10324813918265,61606100,TLT
2023-12-07,90.33071899414062,91.05094076945089,90.0843260023141,90.19804751316944,47970200,TLT
2023-12-08,89.59152221679688,89.76210082039341,88.99450071923471,89.47780073771537,44800500,TLT
2023-12-11,89.4019775390625,89.49674904391024,88.63437751414062,89.08925615523738,33909700,TLT
2023-12-12,89.66734313964844,89.74315023456741,88.9850286750139,89.22194301800911,36996900,TLT
2023-12-13,91.77112579345703,91.90380446180113,90.04638986559728,90.18853990092579,70828500,TLT
2023-12-14,94.15837097167969,94.15837097167969,92.61821731479603,92.8463930624907,87798600,TLT
2023-12-15,94.26295471191406,94.45309392507136,93.72104997573516,93.82562871897548,59919700,TLT
2023-12-18,93.51189422607422,93.64499312842561,93.18864885368787,93.64499312842561,34746000,TLT
2023-12-19,94.0157470703125,94.36751251527839,93.7970877490361,93.98722692000204,30018400,TLT
2023-12-20,94.65274047851562,94.7763374927336,93.72104819704266,94.22492363035806,51229400,TLT
2023-12-21,94.05378723144531,94.9189299887323,93.88265905644911,94.82386039225558,65231200,TLT
2023-12-22,93.62596893310547,94.48160254114696,93.39779320117226,94.48160254114696,29237200,TLT
2023-12-26,93.89216613769531,93.99674486753504,93.62596837204693,93.68300867801584,24019700,TLT
2023-12-27,95.555908203125,95.5749192204229,94.59568862931793,94.8618863915587,45082800,TLT
2023-12-28,94.86188507080078,95.61294717714881,94.65272761671083,95.15660298155757,36213000,TLT
2023-12-29,94.00624084472656,94.89991093327839,93.93018952599347,94.24391844246101,41601700,TLT
2024-01-02,93.46434783935547,93.78759318422654,93.16962990257097,93.3882965111613,47797400,TLT
2024-01-03,93.85413360595703,93.97772334906715,92.36151854014155,92.5801778743629,58159500,TLT
2024-01-04,92.4280776977539,92.82737437441271,92.28546966941987,92.61821689996887,52604500,TLT
2024-01-05,91.54390716552734,92.865394068386,91.46784859116335,91.74355548322417,45883000,TLT
2024-01-08,92.44709014892578,92.5801890432075,91.3537715858868,91.48687773351426,39485800,TLT
2024-01-09,91.85765075683594,92.38053717775452,91.82912334913888,91.87666177528851,34374000,TLT
2024-01-10,91.4298324584961,92.26646239018082,91.38230128268869,92.14286537572053,48227800,TLT
2024-01-11,91.9432144165039,92.05730229122226,90.99250388722146,91.4298298602899,78858900,TLT
2024-01-12,91.7625732421875,92.47560610921242,91.52489561984586,92.00976000035952,38867100,TLT
2024-01-16,90.14636993408203,91.06856028590069,89.85165199814452,90.90694124060241,61716700,TLT
2024-01-17,90.0037612915039,90.31749749729744,89.51890415892717,89.93721184663973,55506800,TLT
2024-01-18,89.16712951660156,89.91819160494192,88.90093176444948,89.80410374544329,77339100,TLT
2024-01-19,89.45234680175781,89.52840538199817,88.66326260513686,89.09107942563432,47020300,TLT
2024-01-22,89.98472595214844,90.39353164677914,89.73753925802805,90.14634495265874,35756400,TLT
2024-01-23,89.27172088623047,89.35728135296529,88.82488577324878,89.26221174992246,35786700,TLT
2024-01-24,88.74883270263672,89.88018063316046,88.51115505359198,89.85166047581049,54574900,TLT
2024-01-25,89.32876586914062,89.5759526526561,88.95798932054049,89.3667951630158,57019400,TLT
2024-01-26,89.15762329101562,89.43333018712559,88.88191639490566,89.3002313067063,29276900,TLT
2024-01-29,90.18439483642578,90.47911275802251,89.48087112680206,89.6615011819685,38243600,TLT
2024-01-30,91.00199890136719,91.1160795050363,90.0702995357834,90.77383044068436,40151400,TLT
2024-01-31,91.89568328857422,92.13336092101517,91.26821085732416,91.47736833440752,80646700,TLT
2024-02-01,93.69830322265625,94.10842435311542,92.69684972503481,92.91621261069727,84291200,TLT
2024-02-02,91.62862396240234,92.15320003159958,91.266194217937,91.81937492755613,63803000,TLT
2024-02-05,89.7783203125,90.46503551598238,89.67340508548554,90.25520506195345,53827400,TLT
2024-02-06,90.6557846069336,90.75116009183503,89.85461452505884,89.88322644286096,33411500,TLT
2024-02-07,90.21704864501953,90.82746778663677,90.15028507468875,90.19797645778934,40120200,TLT
2024-02-08,89.69245910644531,89.94044114328501,89.33002941928093,89.67337964693671,50087700,TLT
2024-02-09,89.51126098632812,89.6638675903846,89.3300497398653,89.4254252290589,27951300,TLT
2024-02-12,89.61616516113281,89.7878439311931,89.17743214357488,89.55894133000689,27890300,TLT
2024-02-13,88.0805892944336,88.75776459267017,88.0615171110627,88.56701365223353,49768500,TLT
2024-02-14,88.52886199951172,88.74823213000455,87.9661416316054,88.03290518841939,44191600,TLT
2024-02-15,88.9866714477539,89.38725277515066,88.70053777008096,89.23464620660997,49598500,TLT
2024-02-16,88.47164916992188,88.55748492077431,88.07106050256196,88.2045949094705,33100500,TLT
2024-02-20,88.54794311523438,88.88176820966125,88.43349545011219,88.50025901366102,24469300,TLT
2024-02-21,87.91845703125,88.60517211234423,87.75631799173678,88.53840855038688,36404200,TLT
2024-02-22,88.34764862060547,88.47164328805924,88.00429108665747,88.06152219343704,45190700,TLT
2024-02-23,89.53032684326172,89.65431423270132,88.46210260726647,88.46210260726647,38406700,TLT
2024-02-26,89.26327514648438,89.6829360133421,88.88177320572252,89.65432409545328,27855000,TLT
2024-02-27,88.63378143310547,89.14881772884797,88.55747814262163,88.9294475878775,30242000,TLT
2024-02-28,89.19652557373047,89.27282888452773,88.60519310676226,88.77687191771398,34574200,TLT
2024-02-29,89.82598876953125,89.94044369979098,89.44447961201408,89.482631255434,51038600,TLT
2024-03-01,90.38571166992188,90.42398319708043,88.98883377659783,89.40024356911808,45822800,TLT
2024-03-04,90.02213287353516,90.08911351853708,89.62986250717087,89.648994620352,23864200,TLT
2024-03-05,91.30419921875,91.54339076995709,90.86408764047458,91.11284889760307,37721900,TLT
2024-03-06,91.8399887084961,92.01220692250556,91.2850698407297,91.36160559175285,40571600,TLT
2024-03-07,91.7538833618164,92.23226647913606,91.3520432951592,92.19399495380483,39075000,TLT
2024-03-08,91.59123992919922,91.89740484926755,91.35204835728499,91.65821327735331,25014500,TLT
2024-03-11,91.54339599609375,91.85913061360337,91.24680079151958,91.811289380812,17787900,TLT
2024-03-12,90.77798461914062,91.09371925247707,90.59620398442529,90.93107073210895,29566000,TLT
2024-03-13,90.33788299560547,90.6440479558921,90.13696292475002,90.41442606056424,38270100,TLT
2024-03-14,88.95055389404297,89.69683035466632,88.84530902912977,89.67769824265788,58365600,TLT
2024-03-15,88.92184448242188,89.16103600960761,88.77832810620122,89.03665174376151,34992700,TLT
2024-03-18,88.65396881103516,88.96969614219827,88.50088269933995,88.72094216001491,29519500,TLT
2024-03-19,88.90272521972656,89.2375919737652,88.68267305259307,88.83575186891883,26953100,TLT
2024-03-20,88.87401580810547,89.73510688748807,88.29995752169945,89.07493584337021,43460100,TLT
2024-03-21,89.06536102294922,89.39066532294694,88.72093191052036,89.23757922893702,34276600,TLT
2024-03-22,89.91688537597656,90.1369375012308,89.72552776755289,90.11780539016164,30258200,TLT
2024-03-25,89.46721649169922,89.69683835401223,89.26629644973193,89.65856682703549,24011800,TLT
2024-03-26,89.71595764160156,89.81164009513797,89.24714427736782,89.46720370113668,34423000,TLT
2024-03-27,90.60575103759766,90.60575103759766,89.87861402286308,89.92644795039892,50157800,TLT
2024-03-28,90.52920532226562,90.91190589858532,90.24217259048028,90.4048210653707,34540400,TLT
2024-04-01,88.8416519165039,89.56160044962405,88.755254284208,89.55199908521446,48945400,TLT
2024-04-02,88.35208892822266,88.50567414736621,87.6801325388449,87.90091998825223,43086300,TLT
2024-04-03,88.3328857421875,88.36168983659269,87.401758419894,87.60334313855726,45494400,TLT
2024-04-04,88.96644592285156,89.0432421955406,88.35209038873062,88.91844642149701,47957400,TLT
2024-04-05,87.7281494140625,88.48649626620701,87.71854804730961,88.01613182707327,42466800,TLT
2024-04-08,87.71853637695312,87.92012110976239,87.47855350593791,87.5745525133008,37879800,TLT
2024-04-09,88.53447723388672,88.65926568075102,88.1600972459029,88.18890134012894,32537000,TLT
2024-04-10,86.6050033569336,87.64173092220126,86.44181679305663,87.54573193291398,74368900,TLT
2024-04-11,86.21143341064453,86.81619485680241,85.92345839581729,86.75859399488088,65751200,TLT
2024-04-12,86.67220306396484,87.30575395098266,86.6626016997645,87.00817757402694,47869400,TLT
2024-04-15,85.32832336425781,85.68350070954747,84.97314601896815,85.64510256489206,55993100,TLT
2024-04-16,84.76195526123047,85.03073491223512,84.27238814050274,84.521972383734,45103200,TLT
2024-04-17,85.70268249511719,85.79867417964647,84.91553896406342,85.30911439143834,57947000,TLT
2024-04-18,85.27070617675781,85.69307100351652,85.04031737267647,85.66427423393016,43839500,TLT
2024-04-19,85.57789611816406,85.80827763137457,85.34751460495356,85.80827763137457,44808000,TLT
2024-04-22,85.43389892578125,85.54909333614422,85.0979243835089,85.1267211551757,24969000,TLT
2024-04-23,85.46271514892578,85.9522823497752,85.00195204999477,85.17474004301825,27222700,TLT
2024-04-24,84.85794830322266,85.07872845277682,83.9940084656934,85.01153353895212,48986800,TLT
2024-04-25,84.26278686523438,84.37798128308698,83.84041465680433,83.95560907465695,49282600,TLT
2024-04-26,84.70435333251953,85.0595306233086,84.52197132801369,84.7139546981344,31589800,TLT
2024-04-29,85.41471099853516,85.45310181498874,84.93474523220503,85.10753320103173,39228600,TLT
2024-04-30,84.6851577758789,85.17472488962972,84.56996335979163,84.8771411456616,41054700,TLT
2024-05-01,85.30936431884766,85.93550725592625,85.00111035204264,85.34789698336758,59679500,TLT
2024-05-02,85.67542266845703,85.74285299537522,84.79882106916622,84.97221438829219,58925400,TLT
2024-05-03,86.54237365722656,86.81210228851737,85.99329609061074,86.62907398319417,50066100,TLT
2024-05-06,86.87954711914062,86.93734244653587,86.37862978386529,86.57129312410771,23868200,TLT
2024-05-07,87.40935516357422,87.89100249232335,87.28412950386723,87.56348583646434,30525800,TLT
2024-05-08,86.87954711914062,87.1396334417742,86.850649455443,86.99513777393112,31171700,TLT
2024-05-09,87.30337524414062,87.43823588210635,86.52310907457411,86.57127673785625,39606700,TLT
2024-05-10,86.8121109008789,87.06256220217912,86.6579802391362,86.96623421326716,21913800,TLT
2024-05-13,87.0336685180664,87.28412718016759,86.9951358508697,87.22633185404993,23157500,TLT
2024-05-14,87.52494049072266,87.58273581000762,87.1010885510225,87.32264952387138,25746400,TLT
2024-05-15,88.71943664550781,88.87356731867553,88.2666869797714,88.49788298952298,65142900,TLT
2024-05-16,88.63273620605469,89.0276831614883,88.56530587954873,88.99878550003636,37902400,TLT
2024-05-17,88.0354995727539,88.43045391635297,87.98733189936448,88.27632324099086,24755000,TLT
2024-05-20,87.77540588378906,87.96806186248016,87.66944289070263,87.73687321817995,17922800,TLT
2024-05-21,88.22814178466797,88.4015350926854,88.074018482738,88.36300977921839,15334400,TLT
2024-05-22,88.33412170410156,88.41118704451728,87.9102770305259,87.91990468606134,38073700,TLT
2024-05-23,87.7657699584961,88.4304455719038,87.48641364777914,88.4304455719038,51294700,TLT
2024-05-24,88.02586364746094,88.11256398878402,87.56348632492127,87.6309166573481,19151400,TLT
2024-05-28,86.76394653320312,88.00659748070868,86.72541386630124,87.97769981787094,45973700,TLT
2024-05-29,85.7139663696289,86.11854838322893,85.42497501742582,86.06074570317507,45508400,TLT
2024-05-30,86.54237365722656,86.66760664480715,86.1570617398043,86.31118503690246,29571700,TLT
2024-05-31,87.12998962402344,87.33228794815378,86.93733365262358,87.15889463415222,41308800,TLT
2024-06-03,88.5392837524414,88.6069444832915,87.58236559485688,87.61136199744027,42272100,TLT
2024-06-04,89.57353973388672,89.6992006572308,88.91626083501727,89.11924304834157,42581500,TLT
2024-06-05,90.23081970214844,90.23081970214844,89.30289784118244,89.89251600926512,43153900,TLT
2024-06-06,90.0954818725586,90.3081319764797,89.75717824107778,89.81517104234133,22891900,TLT
2024-06-07,88.44261932373047,88.76159447476985,88.34596219826986,88.76159447476985,35240500,TLT
2024-06-10,87.85299682617188,88.01731466858688,87.62101826191154,87.95932187113819,20593200,TLT
2024-06-11,88.76160430908203,88.80026863844327,87.88200740866411,87.98833247079082,30329200,TLT
2024-06-12,89.42852783203125,90.4434460177733,89.39953143377555,89.91182080153403,42554600,TLT
2024-06-13,90.74310302734375,90.84942809136413,89.8441776334686,90.1051600176884,33093800,TLT
2024-06-14,91.50669860839844,91.6710164652753,91.09106631634937,91.26505209847377,28776700,TLT
2024-06-17,90.59811401367188,90.67543529333557,90.1631458650402,90.39512445296396,31040200,TLT
2024-06-18,91.42938232421875,91.4390502507742,90.59812500213164,90.75277495468252,26881000,TLT
2024-06-20,90.82042694091797,90.85909126894713,90.2211409181659,90.28880902306682,30246300,TLT
2024-06-21,90.82042694091797,91.32305583083043,90.4627874374982,91.09106986265552,22830900,TLT
2024-06-24,91.18772888183594,91.18772888183594,90.60777869833467,90.90742540314257,56939100,TLT
2024-06-25,91.34239196777344,91.39072422547974,90.89776321985049,90.92675962468742,23160000,TLT
2024-06-26,90.0374984741211,90.34680573727181,89.9988341444189,90.16315201480309,38489100,TLT
2024-06-27,90.39513397216797,90.57878770145015,90.29847683155997,90.39513397216797,23140800,TLT
2024-06-28,88.7132568359375,90.63676080128486,88.7132568359375,90.5981038530216,55119600,TLT
2024-07-01,87.18217468261719,88.3166756345543,87.09490139512549,87.67669618602231,49735400,TLT
2024-07-02,87.8609390258789,88.05486816787763,87.347020141452,87.9288149653707,34204700,TLT
2024-07-03,89.01483917236328,89.10210506862822,88.32637368930058,88.40394830681788,35563300,TLT
2024-07-05,89.75177001953125,89.9166179205365,89.11179796135863,89.47056759772492,34895500,TLT
2024-07-08,89.9457015991211,90.03296748491782,89.42208409057531,89.73237512550001,16095700,TLT
2024-07-09,89.54814147949219,89.86813120492849,89.08270860424136,89.66450339726599,30289800,TLT
2024-07-10,89.82935333251953,89.86814064251742,89.46088498442406,89.64511545951032,23572500,TLT
2024-07-11,90.70204162597656,91.28383643079381,90.63416568871325,90.83779350050318,49761800,TLT
2024-07-12,91.08990478515625,91.08990478515625,90.5081025984484,90.69234045076736,27796500,TLT
2024-07-15,90.04266357421875,90.46931650920658,89.96508896823522,90.17841543572914,37918900,TLT
2024-07-16,91.31291961669922,91.35170692109726,90.55658567574193,90.69233754217417,36383700,TLT
2024-07-17,91.33232879638672,91.53595662240708,90.84749852550313,91.0705163072728,29036800,TLT
2024-07-18,90.6341552734375,91.28382594086077,90.5468819938867,90.83778306182741,34553100,TLT
2024-07-19,90.10086059570312,90.33358446470774,90.00389601591283,90.21722253020543,32164700,TLT
2024-07-22,89.83903503417969,90.6826348239837,89.49965538322856,90.56628031389849,36160400,TLT
2024-07-23,89.71297454833984,90.2075034105031,89.68388592078699,89.99417694455339,23498000,TLT
2024-07-24,88.74332427978516,90.03297449957607,88.69484569431718,89.78086070220647,50757100,TLT
2024-07-25,89.47057342529297,90.04267698220978,89.16998102974846,89.23785697061085,44999100,TLT
2024-07-26,90.16871643066406,90.3238656420636,89.89721270863646,90.12992912781418,34423800,TLT
2024-07-29,90.65355682373047,90.84749335981016,90.39175174742591,90.82809600724097,25801300,TLT
2024-07-30,91.00264739990234,91.19658396200106,90.46933849945854,90.9056828178147,28169800,TLT
2024-07-31,91.93351745605469,91.9626060898609,91.38081121996726,91.66201367663254,47445300,TLT
2024-08-01,92.72640991210938,93.31015152714986,92.541565328424,92.56101991838662,77254200,TLT
2024-08-02,95.61590576171875,95.70346997581123,94.26358532724325,94.37060413192116,91912900,TLT
2024-08-05,96.12181091308594,97.23090810324913,95.24620591490894,96.98768490501014,90686300,TLT
2024-08-06,93.97171783447266,95.74238996629326,93.97171783447266,95.48943574423554,61316900,TLT
2024-08-07,93.31015014648438,93.83550571611462,92.91126054361443,93.34905932583392,51337100,TLT
2024-08-08,92.73615264892578,92.81398586378766,92.26916078233845,92.541577034355,37815800,TLT
2024-08-09,93.65066528320312,93.92307408621278,93.48526786201882,93.89388848911649,32141800,TLT
2024-08-12,93.99117279052734,94.19547938518444,93.28095778974347,93.42689319237938,24261400,TLT
2024-08-13,94.64301300048828,94.72084620804978,94.35114960600747,94.66247501367026,30366900,TLT
2024-08-14,95.23648834228516,95.49917359008293,94.866791700944,94.9057083088616,31334100,TLT
2024-08-15,94.46788787841797,94.46788787841797,93.60201389412973,93.79659690455472,38723700,TLT
2024-08-16,94.7986831665039,94.89597096851355,94.38033893753726,94.7986831665039,28541000,TLT
2024-08-19,95.23648834228516,95.49917359008293,94.76950389244202,94.77922747748342,25322100,TLT
2024-08-20,95.9953384399414,96.18019046189015,95.46025181087528,95.65482741733868,25239300,TLT
2024-08-21,96.05371856689453,96.51097199151552,95.54781010601897,95.99533994597276,29230000,TLT
2024-08-22,95.10028076171875,95.6353748245522,94.78895533132031,95.56727261860829,33453800,TLT
2024-08-23,95.7229232788086,95.9953320788397,95.30457907230851,95.5283476852387,32005100,TLT
2024-08-26,95.47969818115234,96.02451577040488,95.42132698875614,96.01479218672749,23198700,TLT
2024-08-27,95.31431579589844,95.42133460555601,94.76949816315702,94.84732395170326,21507700,TLT
2024-08-28,95.19756317138672,95.53807418180686,95.08082078071887,95.35322958905498,18501400,TLT
2024-08-29,94.88623046875,94.99324926702909,94.49707187706083,94.73057148562398,24988200,TLT
2024-08-30,93.87443542480469,95.3337747993999,93.85498083241367,95.03218037054374,42896200,TLT
2024-09-03,95.40977478027344,95.71235071119789,95.087673497634,95.22432117267986,48947900,TLT
2024-09-04,96.63961029052734,96.6591281952982,95.46833494230447,95.53665877911199,40885200,TLT
2024-09-05,97.18620300292969,97.29357009824795,96.41511543052577,96.9617061363352,47450900,TLT
2024-09-06,97.17643737792969,98.3672306195113,96.81530029258222,97.16668214900761,57406400,TLT
2024-09-09,97.59613800048828,97.70350508697062,96.78601468440228,97.02026676093682,26961400,TLT
2024-09-10,98.27938079833984,98.49411496480452,97.43020680734016,97.47901273489633,31703400,TLT
2024-09-11,98.20130920410156,98.81622377228881,97.94753174640549,98.08417942822487,39497100,TLT
2024-09-12,97.7425537109375,98.14274150012925,97.30333011246135,97.95728789569993,41812500,TLT
2024-09-13,98.0060806274414,98.20128943453024,97.62541079416246,98.05487910584428,25722100,TLT
2024-09-16,98.90406799316406,98.9431112498266,98.00609543014504,98.22082217167933,30866300,TLT
2024-09-17,98.42578887939453,99.20663908104808,98.3281844658727,99.04071083338701,31699400,TLT
2024-09-18,97.2057113647461,98.31842546577789,97.15691288322677,97.8401511984103,48897000,TLT
2024-09-19,96.88363647460938,96.93243496565707,96.40536211385415,96.55177248047839,39979800,TLT
2024-09-20,96.51271057128906,96.87385507961599,96.35654500467413,96.6200776562852,37067600,TLT
2024-09-23,96.30774688720703,96.71768991040054,95.67330700079437,96.14181863211533,35703900,TLT
2024-09-24,96.28822326660156,96.52247534498684,95.50737307633156,95.6537834178496,31005400,TLT
2024-09-25,95.48786163330078,95.96612849766248,95.44881837647168,95.90756733578874,36738200,TLT
2024-09-26,95.71234893798828,95.89780254214607,95.08767173599745,95.72211161366491,33332300,TLT
2024-09-27,96.21014404296875,96.3955976527162,95.8587621754156,96.18086346179597,28317600,TLT
2024-09-30,95.75138854980469,96.3467851488454,95.5366543735291,96.27846131518857,34175500,TLT
2024-10-01,96.44271850585938,97.26526158554086,96.34479866729855,96.74627971744417,45254200,TLT
2024-10-02,95.62997436523438,95.6985189973314,95.04244040919741,95.3362073872159,35810800,TLT
2024-10-03,94.72908782958984,95.4830862166668,94.72908782958984,95.31661428615102,39677800,TLT
2024-10-04,93.56383514404297,93.96530871797748,93.41695165277729,93.45612108183511,56954100,TLT
2024-10-07,92.85880279541016,93.28965158472464,92.79025816046433,93.00568629052403,42606600,TLT
2024-10-08,93.01546478271484,93.05463420931959,92.37897467429512,92.42793832525211,33709600,TLT
2024-10-09,92.48668670654297,92.93713136724163,92.2712660711357,92.7021148127543,35807700,TLT
2024-10-10,92.1243896484375,92.13417640252102,91.46831852621858,91.92854250469739,53667400,TLT
2024-10-11,91.75228118896484,92.11459279142773,91.47810266636783,91.53686054321322,27406400,TLT
2024-10-14,91.82083129882812,91.83062552402087,91.04725933711289,91.10600974665965,28795300,TLT
2024-10-15,92.9371337890625,93.02525939618863,92.40835773389291,92.49648334101904,46429100,TLT
2024-10-16,93.32881927490234,93.63238048469309,93.16235480325227,93.40715813360994,32281500,TLT
2024-10-17,91.85021209716797,92.47690802220788,91.72290958467865,92.33002453053811,43427200,TLT
2024-10-18,91.91875457763672,92.3202281432726,91.90896035287354,92.09501326935126,25258600,TLT
2024-10-21,90.31285095214844,91.1549675636863,90.31285095214844,91.08642292771908,49504700,TLT
2024-10-22,90.40096282958984,90.83181903065118,90.17574050517946,90.72410498038585,32096900,TLT
2024-10-23,90.15615844726562,90.4499253937041,89.75468492265706,89.93093612555562,33354200,TLT
2024-10-24,90.73389434814453,91.06682323419787,90.04844065852333,90.31283239349837,32507400,TLT
2024-10-25,90.22471618652344,91.10600968313469,90.10720789670698,91.05704602800995,28667100,TLT
2024-10-28,89.97991180419922,90.37159862821919,89.51968034628611,90.35201017807556,33156500,TLT
2024-10-29,90.11698913574219,90.14636433626202,89.08881976352899,89.27486519042255,46545200,TLT
2024-10-30,90.38138580322266,91.35080482718027,90.24429654612983,90.91015438297829,41951100,TLT
2024-10-31,90.52826690673828,91.00808680436099,89.96032886860458,90.28346358089983,52173800,TLT
2024-11-01,89.2519760131836,90.90260737584852,89.21268187009119,90.64715796564197,80402000,TLT
2024-11-04,90.6373291015625,90.95173471296827,90.0281649499546,90.6668034563785,49747600,TLT
2024-11-05,91.1187515258789,91.27595806315304,89.9986811838716,90.42116438277051,46986000,TLT
2024-11-06,88.62316131591797,89.1340751084064,87.98453031933877,88.0729533818728,98895700,TLT
2024-11-07,89.73340606689453,90.01833729859345,89.06529326401925,89.1635436034967,56221400,TLT
2024-11-08,90.87311553955078,90.98119315231732,90.23447714484479,90.39168367105785,56756200,TLT
2024-11-11,90.43099212646484,90.68644900282777,90.01833620804649,90.63732008567402,22369200,TLT
2024-11-12,89.07511901855469,90.24431078151187,88.9277397638568,89.772706161703,57908400,TLT
2024-11-13,88.23016357421875,89.93974365130063,88.15156029581881,89.92008908369003,49009100,TLT
2024-11-14,88.7410659790039,89.43865317799757,88.69193705816484,88.9768683077855,53328300,TLT
2024-11-15,88.5052719116211,89.06530717976611,87.94523664347608,88.34806534707856,73722400,TLT
2024-11-18,88.66246795654297,89.00634793472568,87.8568030807915,88.09261291956363,36058700,TLT
2024-11-19,89.11441802978516,89.4779525451159,89.03582225286611,89.23232293919476,29585100,TLT
2024-11-20,88.82949829101562,89.24215424853544,88.53473975220375,88.57404139044674,27755400,TLT
2024-11-21,88.76070404052734,89.26179049734628,88.4266513999948,88.86878165858673,28365700,TLT
2024-11-22,88.80984497070312,89.11442330133602,88.57404263395577,88.92774988708737,21547500,TLT
2024-11-25,91.10894012451172,91.15806154991556,90.38187106673352,90.58819904388,56858000,TLT
2024-11-26,90.75523376464844,90.82400975770167,90.20501832420153,90.54890578548874,31122200,TLT
2024-11-27,91.38404083251953,91.74756785241328,91.04998066999963,91.41351518591408,39442200,TLT
2024-11-29,92.32726287841797,92.34690994979283,91.80652928274147,92.14058196826181,31905700,TLT
2024-12-02,92.5490951538086,92.82515388300726,91.69133479776741,91.95753213748435,39406000,TLT
2024-12-03,91.75049591064453,92.70684767690592,91.68148122246262,92.60825633979418,32768900,TLT
2024-12-04,92.73641967773438,92.86459517938846,91.23781187145259,91.30682655617538,35851100,TLT
2024-12-05,92.92374420166016,93.06177356475915,92.34205010317672,92.40120339535167,23695800,TLT
2024-12-06,93.06178283691406,93.51530900685985,92.69698661407125,93.38714102036546,31761500,TLT
2024-12-09,92.20401763916016,92.71670460271322,92.15472573399622,92.6674051755128,30509600,TLT
2024-12-10,91.77021026611328,91.98711570106775,91.60260425620707,91.71104945164814,28706500,TLT
2024-12-11,90.902587890625,91.97725366846544,90.81385795260202,91.76034823502778,38748400,TLT
2024-12-12,89.79834747314453,90.45891760019528,89.71947140727815,90.35046489013791,45368400,TLT
2024-12-13,88.88143920898438,89.57158602150331,88.81242452773247,89.52229411891544,39486000,TLT
2024-12-16,89.14763641357422,89.34482658974405,88.78284775122323,89.27581190859362,23482300,TLT
2024-12-17,89.36454772949219,89.70962115796152,89.18708032027416,89.2462336160013,23839900,TLT
2024-12-18,88.24710845947266,89.44471855433068,88.22730900759956,89.04881258093073,61328400,TLT
2024-12-19,86.91092681884766,87.48499011568302,86.6140029955483,87.16826684006325,99083300,TLT
2024-12-20,87.40579986572266,87.9996625636273,87.38600796638885,87.62354851478398,45542400,TLT
2024-12-23,86.60409545898438,87.3266243779473,86.5447122099357,87.25734140363123,32764600,TLT
2024-12-24,86.9703140258789,86.99010592610183,86.08942721603326,86.14881046798027,22377600,TLT
2024-12-26,86.92082977294922,87.05939573922383,86.30717509996255,86.31707482649038,19981800,TLT
2024-12-27,86.20819854736328,86.88123646180456,86.16860719342219,86.58431263416433,27262300,TLT
2024-12-30,86.90103149414062,87.1385720544259,86.77235771255748,86.93072312026649,48519600,TLT
2024-12-31,86.43583679199219,87.37610679599386,86.36655381855289,87.22764112397314,31917300,TLT
2025-01-02,86.67338562011719,87.21775728579465,86.31707099372439,86.90103401247643,27841300,TLT
2025-01-03,86.39625549316406,86.98021097275854,86.28738115776872,86.82185310845172,21962200,TLT
2025-01-06,86.01024627685547,86.33686927182025,85.78259788759196,86.15871196104659,30231500,TLT
2025-01-07,85.04027557373047,85.88157103482179,84.91160934363168,85.71331345285917,41757200,TLT
2025-01-08,85.1491470336914,85.31740460998311,84.46620945179474,84.59488322883497,44590800,TLT
2025-01-10,84.5849838256836,84.97099005571914,84.28806002249824,84.40682652326117,47115800,TLT
2025-01-13,84.5552978515625,84.7829462453692,84.16929159572905,84.65427245923902,33258900,TLT
2025-01-14,84.41673278808594,84.48601576932398,84.02082680189197,84.35734953310435,33412900,TLT
2025-01-15,85.8716812133789,86.08942987895765,85.51536658811887,85.81229040831658,54120700,TLT
2025-01-16,86.14881134033203,86.5051259581786,85.3965907525139,85.75290537036048,34651100,TLT
2025-01-17,86.29727935791016,86.58431100512374,86.14881367124403,86.53481992580886,29875600,TLT
2025-01-21,87.06929016113281,87.26723937195699,86.73276744119768,86.9901074562918,30548600,TLT
2025-01-22,86.61399841308594,87.07918735138303,86.4259413823842,86.97031302321655,25278400,TLT
2025-01-23,85.94096374511719,86.09932160480793,85.64403237518923,85.75290670741092,31949000,TLT
2025-01-24,86.32696533203125,86.3863485822977,85.71331072459189,85.83208477640281,21110400,TLT
2025-01-27,87.34642028808594,87.52457759469067,86.95051432326673,87.25734541042267,42864200,TLT
2025-01-28,87.28704071044922,87.29693288530939,86.76246849427639,86.94061825710172,25519100,TLT
2025-01-29,87.10887908935547,87.71263398222887,86.7327650274669,87.52457695128459,25342800,TLT
2025-01-30,87.43549346923828,87.80170780106407,87.26723589162023,87.50478399666953,25094900,TLT
2025-01-31,86.86144256591797,87.75222913094126,86.53481956686302,87.47508965971743,48812500,TLT
2025-02-03,87.56867218017578,88.5023619955665,87.21108626680214,87.98585321970485,70657200,TLT
2025-02-04,87.83685302734375,87.85671554223691,86.89322821640626,86.96275838586249,33414000,TLT
2025-02-05,89.28705596923828,89.57511168346272,88.79040975400024,88.85000487479844,48331200,TLT
2025-02-06,89.24732971191406,89.54532049354465,88.94934650850387,89.25726475882719,22509900,TLT
2025-02-07,88.67121124267578,88.85000418189594,88.34343050262197,88.64141368250905,31171200,TLT
2025-02-10,88.40303039550781,88.92947419546022,88.25403500841068,88.66128856126151,22736100,TLT
2025-02-11,87.83685302734375,88.0851761437189,87.78718537278068,87.93618075824979,21513000,TLT
2025-02-12,86.64490509033203,87.01241845246524,86.27738414997873,86.70450021322496,48536200,TLT
2025-02-13,88.08517456054688,88.29376506516654,87.47926556122404,87.49912807576021,42718100,TLT
2025-02-14,88.5520248413086,89.07846863566496,88.52222727984994,88.78047786463829,27460700,TLT
2025-02-18,87.50907135009766,88.24410570856645,87.4494762226658,87.94612249318646,29429200,TLT
2025-02-19,87.61832427978516,87.85671234091728,87.30047100553571,87.36006612626379,20584300,TLT
2025-02-20,87.94612121582031,88.16464678419077,87.85672094775033,87.85672094775033,27913400,TLT
2025-02-21,89.00894165039062,89.32679494768723,88.2242396649539,88.27390732130853,46912300,TLT
2025-02-24,89.26720428466797,89.45592471616392,88.66129522231294,88.73082539775267,26218000,TLT
2025-02-25,90.80679321289062,90.88625842700944,90.19095674901973,90.35981464535725,50125100,TLT
2025-02-26,91.34317779541016,91.44250553020626,90.58827337016302,90.8067989336467,32220200,TLT
2025-02-27,90.6975326538086,91.17431637194949,90.52867475334581,90.6975326538086,53373600,TLT
2025-02-28,91.81002807617188,91.85969573354093,90.85646816480619,91.23391659486118,49388600,TLT
2025-03-03,92.23848724365234,92.37798526632469,91.04278773444032,91.082645398357,42904200,TLT
2025-03-04,91.10256958007812,92.45769973232518,90.94313892589751,92.10895467889513,56722000,TLT
2025-03-05,90.37518310546875,91.47124987908823,90.28550906148473,91.23210389098641,50215900,TLT
2025-03-06,90.07625579833984,90.47482481555916,89.40865706568871,90.15597112219805,42827500,TLT
2025-03-07,89.78730010986328,90.83354290739824,89.66772711520801,90.81361027391956,36903600,TLT
2025-03-10,90.72393035888672,91.30184745714385,90.58443234185171,90.75382170509826,41440800,TLT
2025-03-11,90.07625579833984,91.162348578139,89.81718479683653,90.64421417720408,40555700,TLT
2025-03-12,89.53819274902344,90.05632717301054,89.45847742161864,89.67769077094582,32734600,TLT
2025-03-13,90.32536315917969,90.3851458528082,89.05990706218232,89.25919537773053,38675400,TLT
2025-03-14,89.84707641601562,90.08622238831755,89.5381890377153,89.68765336988608,24658000,TLT
2025-03-17,90.29547119140625,90.85346326696009,90.056325214393,90.47482687313025,26700300,TLT
2025-03-18,90.38514709472656,90.69403448548059,89.79726366044349,89.81718869123613,23654700,TLT
2025-03-19,90.85346221923828,90.89331988161419,90.0563241758638,90.35525284264718,31378700,TLT
2025-03-20,90.91324615478516,91.909664921591,90.83353843101533,91.86980725867014,35645800,TLT
2025-03-21,90.37518310546875,91.11253849900773,90.29547537817369,91.00293182164577,29192100,TLT
2025-03-24,89.4485092163086,89.93675988479865,89.37876020682029,89.87696958947161,27985600,TLT
2025-03-25,89.43855285644531,89.7574065656525,89.18944815856244,89.24923085339127,22333800,TLT
2025-03-26,88.85066223144531,89.27912261788836,88.77094690325309,89.06987558293787,25095600,TLT
2025-03-27,88.59159851074219,88.71116390054382,88.31259486303685,88.53180821376928,23674500,TLT
2025-03-28,89.81718444824219,90.01646515504255,89.48836444015707,89.55811344774436,39869400,TLT
2025-03-31,90.7040023803711,91.01288977650046,90.03640360715566,90.90329070212566,38824300,TLT
2025-04-01,91.48999786376953,91.91000366210938,91.20999908447266,91.25,39800100,TLT
2025-04-02,91.43000030517578,92.37000274658203,90.66000366210938,92.37000274658203,43488400,TLT
2025-04-03,91.8499984741211,92.7300033569336,91.83999633789062,92.5199966430664,57467400,TLT
2025-04-04,92.8499984741211,94.08999633789062,92.81999969482422,93.6500015258789,92794200,TLT
2025-04-07,90.05000305175781,92.19000244140625,89.80000305175781,91.87999725341797,124987600,TLT
2025-04-08,88.3499984741211,90.19999694824219,88.22000122070312,89.27999877929688,73861900,TLT
2025-04-09,88.87000274658203,88.91000366210938,85.88999938964844,87.2699966430664,131353500,TLT
2025-04-10,86.41999816894531,88.18000030517578,86.3499984741211,87.73999786376953,78592000,TLT
2025-04-11,86.88999938964844,87.30000305175781,85.0,85.87000274658203,94814100,TLT
2025-04-14,87.51000213623047,87.70999908447266,86.81999969482422,87.4000015258789,37596400,TLT
2025-04-15,87.81999969482422,88.19000244140625,87.04000091552734,87.1500015258789,22553900,TLT
2025-04-16,88.30999755859375,88.5,87.47000122070312,87.80000305175781,35607300,TLT
2025-04-17,87.52999877929688,88.19999694824219,87.2300033569336,88.04000091552734,31744200,TLT
2025-04-21,86.0,87.06999969482422,85.9800033569336,86.5999984741211,39343200,TLT
