DATE,CLOSE,HIGH,LOW,OPEN,VOLUME,SEC_ID
2005-01-03,37.37211990356445,38.153963904954665,37.35257461128911,38.082294519393635,17100,VBR
2005-01-04,36.81180191040039,37.53500761993464,36.75967781204191,37.53500761993464,12900,VBR
2005-01-05,36.420867919921875,36.681480861058795,36.257983899681456,36.681480861058795,31900,VBR
2005-01-06,36.290565490722656,36.44041851291359,36.179803048416936,36.30359651248882,15500,VBR
2005-01-07,35.96482467651367,36.31665507476861,35.96482467651367,36.29059301147228,38500,VBR
2005-01-10,36.21888732910156,36.47298597837882,35.97781969842989,35.97781969842989,31100,VBR
2005-01-11,35.971317291259766,36.07556299626346,35.82798100026322,35.9973793388641,17000,VBR
2005-01-12,35.977821350097656,35.977821350097656,35.52825988651083,35.89312096797926,9500,VBR
2005-01-13,35.8344841003418,36.2188904837438,35.8344841003418,35.96479181233471,14300,VBR
2005-01-14,36.277530670166016,36.277530670166016,36.042977273762865,36.042977273762865,29100,VBR
2005-01-18,36.70754623413086,36.70754623413086,36.140710488136676,36.21237986121667,5100,VBR
2005-01-19,36.342681884765625,36.70754298569668,36.342681884765625,36.70754298569668,6200,VBR
2005-01-20,36.10813903808594,36.323147201063875,36.00389333387611,36.09511049979664,6900,VBR
2005-01-21,36.03645706176758,36.29706997057078,35.99736400701143,36.14721698879111,8200,VBR
2005-01-24,35.6911506652832,36.12116443888614,35.684636397152616,36.08858812740671,14900,VBR
2005-01-25,35.76933288574219,36.05600787500615,35.67811574399126,36.05600787500615,9000,VBR
2005-01-26,36.14720916748047,36.14720916748047,35.86053428420211,35.87356529963459,6200,VBR
2005-01-27,36.21238708496094,36.34269235064933,36.056017286555786,36.056017286555786,14300,VBR
2005-01-28,35.91267013549805,36.17979984451548,35.886610579686696,36.17979984451548,4900,VBR
2005-01-31,36.596778869628906,36.596778869628906,36.32964918756639,36.32964918756639,6900,VBR
2005-02-01,36.85737991333008,36.88995620616477,36.61631236385914,36.61631236385914,6200,VBR
2005-02-02,37.00074768066406,37.00074768066406,36.7727084806738,36.85089462745469,6100,VBR
2005-02-03,36.850887298583984,36.929070944402,36.82482525484021,36.88997787878635,15800,VBR
2005-02-04,37.40468978881836,37.4112040566524,37.00073807695306,37.00073807695306,17200,VBR
2005-02-07,37.365596771240234,37.567573870126296,37.35256823555623,37.48287347570141,18800,VBR
2005-02-08,37.450313568115234,37.46985886561482,37.30697475868038,37.30697475868038,9300,VBR
2005-02-09,37.02028274536133,37.554542173670825,37.02028274536133,37.554542173670825,14600,VBR
2005-02-10,37.131046295166016,37.131046295166016,36.87694510882941,37.020283857212135,6400,VBR
2005-02-11,37.43075942993164,37.50242881772164,36.92255944624511,37.046352928941886,21000,VBR
2005-02-14,37.38515853881836,37.52849485371132,37.306972382970486,37.52849485371132,8500,VBR
2005-02-15,37.49591064453125,37.68485675329928,37.430758013776405,37.456820060243764,14100,VBR
2005-02-16,37.72395324707031,37.8216822020731,37.424244656319296,37.52849036623719,7500,VBR
2005-02-17,37.450313568115234,37.70441237726668,37.450313568115234,37.502437675333084,13400,VBR
2005-02-18,37.30695724487305,37.48287229602836,37.189683029515905,37.45029598701731,9400,VBR
2005-02-22,36.60982131958008,37.13756658154033,36.60982131958008,37.12453555817437,28500,VBR
2005-02-23,36.75967788696289,36.87044035349352,36.674979955078435,36.77270891157907,14200,VBR
2005-02-24,37.03982162475586,37.03982162475586,36.61632470435353,36.687994063991084,7600,VBR
2005-02-25,37.59363555908203,37.60666658005673,37.05285937299085,37.05285937299085,9700,VBR
2005-02-28,37.476356506347656,37.65227155035845,37.176650498957244,37.56105689466684,15200,VBR
2005-03-01,37.79560089111328,37.8346939444393,37.51544270788726,37.65877893259098,6800,VBR
2005-03-02,37.75651168823242,37.906364669947784,37.5936276882706,37.64574927584383,6900,VBR
2005-03-03,37.815155029296875,37.854245603794006,37.57408488797091,37.854245603794006,36500,VBR
2005-03-04,38.245174407958984,38.33638907583839,37.89985854116986,37.89985854116986,7100,VBR
2005-03-07,38.245174407958984,38.473211077657496,38.245174407958984,38.258205429857945,11800,VBR
2005-03-08,38.14742660522461,38.310310580896285,37.99105938041065,38.310310580896285,9000,VBR
2005-03-09,37.554542541503906,37.91940367299682,37.554542541503906,37.90637265200638,8200,VBR
2005-03-10,37.39166259765625,37.60667073939934,37.202716500745055,37.54151562731959,15600,VBR
2005-03-11,37.378631591796875,37.48287728575726,37.365600569375154,37.45030097240965,1500,VBR
2005-03-14,37.65227508544922,37.68485139619574,37.45681473555686,37.56106042119366,12000,VBR
2005-03-15,37.46332550048828,37.886824956832896,37.46332550048828,37.886824956832896,8700,VBR
2005-03-16,37.22877502441406,37.456814167004765,37.137560361543045,37.37211377201889,12900,VBR
2005-03-17,37.46983337402344,37.46983337402344,37.12452009757958,37.18315843559953,12800,VBR
2005-03-18,37.222267150878906,37.430758554804235,37.007258992535775,37.38515121553392,14200,VBR
2005-03-21,37.17534255981445,37.20792343256314,37.08411512181364,37.20792343256314,7000,VBR
2005-03-22,36.9277229309082,37.48160770285659,36.88210921255214,37.207922906959,6400,VBR
2005-03-23,36.55630111694336,36.738758504073175,36.49113936238659,36.7061776267948,7300,VBR
2005-03-24,36.764827728271484,36.86257286185696,36.68663311286031,36.68663311286031,8700,VBR
2005-03-28,36.69313049316406,36.8299716159145,36.66706480718475,36.7517770437372,3300,VBR
2005-03-29,36.05454635620117,36.8690806315273,36.05454635620117,36.601911002889445,13800,VBR
2005-03-30,36.6866340637207,36.6931517318684,36.33475455660723,36.33475455660723,5700,VBR
2005-03-31,36.66706848144531,36.75178072648644,36.60842192499544,36.660550816417064,3800,VBR
2005-04-01,36.58236312866211,36.96682340765378,36.45203714691282,36.96682340765378,5100,VBR
2005-04-04,36.73876190185547,36.73876190185547,36.263074089464645,36.61495107668074,5200,VBR
2005-04-05,36.81694793701172,36.81694793701172,36.68662196043642,36.68662196043642,4200,VBR
2005-04-06,36.901649475097656,37.077589119501454,36.88209896854577,36.9146823175454,4200,VBR
2005-04-07,36.97334289550781,37.03850464671216,36.77133748955597,36.82998405994447,5700,VBR
2005-04-08,36.60842514038086,36.947271664546,36.60842514038086,36.947271664546,9700,VBR
2005-04-11,36.471588134765625,36.62146214571214,36.36081017881997,36.62146214571214,7600,VBR
2005-04-12,36.745269775390625,36.745269775390625,36.09364235611216,36.308680597639494,5900,VBR
2005-04-13,36.41292953491211,36.74525832141795,36.41292953491211,36.74525832141795,5300,VBR
2005-04-14,35.74828338623047,36.29565056022067,35.64402309050669,36.29565056022067,7500,VBR
2005-04-15,35.17485046386719,35.77434902769671,34.94026417740179,35.572343617515614,37400,VBR
2005-04-18,35.39639663696289,35.44852801692615,34.835996731162915,35.161810398650246,31100,VBR
2005-04-19,35.84602355957031,35.84602355957031,35.59188926151338,35.59188926151338,23200,VBR
2005-04-20,35.34427261352539,35.748280920872645,35.34427261352539,35.722215227298925,25600,VBR
2005-04-21,35.95027542114258,35.976341108618264,35.39639323396852,35.59188091851461,13200,VBR
2005-04-22,35.56583023071289,35.82647973989751,35.38337283994584,35.82647973989751,7000,VBR
2005-04-25,35.89163589477539,35.9958961721107,35.728729056078905,35.735244235891884,6500,VBR
2005-04-26,35.604923248291016,35.937254637745426,35.5658271924221,35.937254637745426,4500,VBR
2005-04-27,35.59840393066406,35.83950536162918,35.194393171384945,35.46807795946955,6900,VBR
2005-04-28,35.09012985229492,35.48762291141733,35.09012985229492,35.44852686347804,11100,VBR
2005-04-29,34.822967529296875,35.22046064293829,34.71219206392731,35.22046064293829,6600,VBR
2005-05-02,35.50065994262695,35.539758480938126,35.37033396735092,35.4420133780408,5900,VBR
2005-05-03,35.52672576904297,35.81344092712437,35.461561538278175,35.644018898658366,14600,VBR
2005-05-04,35.9893798828125,35.9893798828125,35.61795247524158,35.63750050118915,3800,VBR
2005-05-05,36.10015869140625,36.3151944392444,35.976347895420695,36.15880525640961,13300,VBR
2005-05-06,36.21094512939453,36.321723112755635,36.10016963179543,36.321723112755635,9500,VBR
2005-05-09,36.30867385864258,36.465063018216775,36.12621652479152,36.18486308107206,5500,VBR
2005-05-10,36.139259338378906,36.36081278036052,36.041516708122096,36.28261817900276,9700,VBR
2005-05-11,36.250030517578125,36.28261138823245,35.92421683951265,36.28261138823245,6200,VBR
2005-05-12,35.58536911010742,36.29564300365067,35.57885144474077,36.29564300365067,4800,VBR
2005-05-13,35.38988494873047,35.74827952117168,35.161813867532416,35.71569864836089,6400,VBR
2005-05-16,35.95679473876953,35.95679473876953,35.3507811487866,35.3507811487866,2800,VBR
2005-05-17,36.21746063232422,36.23700866349387,35.83300027616284,35.904677219038824,8000,VBR
2005-05-18,36.78436279296875,36.89513824444988,36.45203146700344,36.45203146700344,35700,VBR
2005-05-19,36.9277229309082,36.9928871612463,36.79739944175443,36.83649549419607,9900,VBR
2005-05-20,36.9277229309082,36.986369495331886,36.82998031404287,36.9146925706018,20300,VBR
2005-05-23,37.14275360107422,37.29914523628714,37.064559026348114,37.064559026348114,4500,VBR
2005-05-24,37.1166877746582,37.1166877746582,36.94726578242868,37.07759173032254,8800,VBR
2005-05-25,36.790870666503906,36.973327970594745,36.6800952370206,36.973327970594745,18300,VBR
2005-05-26,37.031978607177734,37.071074652131806,36.829973260459,36.829973260459,11100,VBR
2005-05-27,37.20140838623047,37.27960297826103,37.05804956270671,37.14276182076723,9900,VBR
2005-05-31,37.35780715942383,37.42296891754589,37.22748115741798,37.22748115741798,8400,VBR
2005-06-01,37.64452362060547,37.72271823009117,37.331742696900854,37.331742696900854,9900,VBR
2005-06-02,37.696651458740234,37.75529803562574,37.559810274594625,37.664070579528676,16000,VBR
2005-06-03,37.52069854736328,37.7878656225633,37.468567173782446,37.76831511459014,6500,VBR
2005-06-06,37.683616638183594,37.683616638183594,37.435997511094705,37.55329065099147,7900,VBR
2005-06-07,37.80091094970703,38.10717667637673,37.794395768309705,37.794395768309705,8300,VBR
2005-06-08,37.70966720581055,37.92470538545572,37.63147263401259,37.92470538545572,6100,VBR
2005-06-09,37.89864730834961,37.89864730834961,37.47508852836674,37.54676793597256,7100,VBR
2005-06-10,37.89212417602539,37.99638443272696,37.85302564760208,37.87909133321762,5100,VBR
2005-06-13,38.05502700805664,38.185350451002314,37.89863539645736,37.924701079350626,8000,VBR
2005-06-14,38.328712463378906,38.367810991026154,38.09412626901651,38.09412626901651,6900,VBR
2005-06-15,38.54376220703125,38.57634308030395,38.244011709943045,38.57634308030395,9000,VBR
2005-06-16,38.850013732910156,38.850013732910156,38.54375063319724,38.54375063319724,14700,VBR
2005-06-17,38.99339294433594,39.07158755482978,38.82397087397229,39.07158755482978,11600,VBR
2005-06-20,38.76530456542969,38.93472654956763,38.73923887994367,38.93472654956763,18900,VBR
2005-06-21,38.706668853759766,38.947770297611896,38.706668853759766,38.93473745121972,11500,VBR
2005-06-22,38.804412841796875,39.00641823935903,38.70015255274317,39.00641823935903,7800,VBR
2005-06-23,38.41343688964844,38.889124607752706,38.374338349591156,38.804412347175926,8300,VBR
2005-06-24,37.905155181884766,38.380845252348564,37.905155181884766,38.380845252348564,14400,VBR
2005-06-27,38.107173919677734,38.1332396149048,37.937751872224844,37.98988077691746,28500,VBR
2005-06-28,38.67407989501953,38.67407989501953,38.28310450291119,38.28310450291119,10600,VBR
2005-06-29,38.745758056640625,38.84350314441929,38.73924287747711,38.73924287747711,7900,VBR
2005-06-30,38.68711471557617,38.96731467234481,38.68711471557617,38.9412489820033,11100,VBR
2005-07-01,38.830482482910156,38.86306336047127,38.68712363872729,38.78486875717226,6300,VBR
2005-07-05,39.364803314208984,39.364803314208984,38.90214854870443,38.90214854870443,10700,VBR
2005-07-06,39.1367301940918,39.44299328517049,39.1367301940918,39.44299328517049,10400,VBR
2005-07-07,39.143253326416016,39.19538470573114,38.64149998643229,38.947765625506236,11300,VBR
2005-07-08,39.87960433959961,39.87960433959961,39.227976825834126,39.26707288577257,15800,VBR
2005-07-11,40.27058792114258,40.35530021091616,39.977354984051104,39.977354984051104,14100,VBR
2005-07-12,40.34225845336914,40.51819817678178,40.11418982251664,40.34877363463851,23100,VBR
2005-07-13,40.179351806640625,40.361806712359716,40.14025326151725,40.35529153105332,9300,VBR
2005-07-14,39.89262771606445,40.49864135883546,39.886110050447805,40.49864135883546,21000,VBR
2005-07-15,39.957794189453125,39.97734221709574,39.63849813773727,39.94476134243759,22500,VBR
2005-07-18,39.76881408691406,39.91868807049957,39.67758666088471,39.91868807049957,13900,VBR
2005-07-19,40.283607482910156,40.283607482910156,39.742758009154244,40.10766777869711,72300,VBR
2005-07-20,40.75279235839844,40.75279235839844,40.15981131770656,40.3031677052201,15700,VBR
2005-07-21,40.21192932128906,40.7006499085262,40.17934844595888,40.7006499085262,19700,VBR
2005-07-22,40.62896728515625,40.62896728515625,40.22495899426859,40.33573694456305,11600,VBR
2005-07-25,40.413936614990234,40.791879260860604,40.413936614990234,40.71368465926011,17200,VBR
2005-07-26,40.59639358520508,40.68110585795522,40.387872979790664,40.453037222583724,14600,VBR
2005-07-27,40.60942459106445,40.70716970793791,40.400903995111904,40.70716970793791,26700,VBR
2005-07-28,41.04600524902344,41.05903560772157,40.68109306145286,40.79186851071339,12700,VBR
2005-07-29,40.79838562011719,41.202393849801076,40.79838562011719,41.117681604851576,12300,VBR
2005-08-01,40.94827651977539,41.124216261629726,40.92221082044247,41.11118341196327,10800,VBR
2005-08-02,41.35227584838867,41.3653086951972,41.091626369502144,41.091626369502144,12500,VBR
2005-08-03,41.15026092529297,41.27406920519171,41.09812955327625,41.25452118356576,23600,VBR
2005-08-04,40.54426193237305,41.03949771527035,40.53774426565406,41.03949771527035,47100,VBR
2005-08-05,39.89262771606445,40.45302764256333,39.74926890163141,40.45302764256333,21800,VBR
2005-08-08,39.49513244628906,40.02946665230898,39.47558442204181,40.02946665230898,18200,VBR
2005-08-09,39.671077728271484,39.82095173545679,39.579850287877065,39.671077728271484,16700,VBR
2005-08-10,39.58637619018555,40.13374346656674,39.495148725082345,39.94477086841754,14300,VBR
2005-08-11,39.9708251953125,39.9708251953125,39.62546346547379,39.68411003146162,11300,VBR
2005-08-12,39.74276351928711,39.82747330709765,39.4234649409066,39.82747330709765,23200,VBR
2005-08-15,39.9708251953125,40.08160066119991,39.46255661392553,39.7036580582038,10400,VBR
2005-08-16,39.47557830810547,39.80790709764284,39.47557830810547,39.74926054822324,9200,VBR
2005-08-17,39.48862075805664,39.612431559058564,39.260552154781536,39.41042616347109,13800,VBR
2005-08-18,39.26054000854492,39.29963853662226,39.091118025064276,39.097633203530215,15200,VBR
2005-08-19,39.35830307006836,39.403916797454166,39.286623645387316,39.293138826830265,13600,VBR
2005-08-22,39.547271728515625,39.59288545424915,39.33875112923049,39.4690771252241,105500,VBR
2005-08-23,39.47557830810547,39.68409882031727,39.26705531013309,39.68409882031727,7800,VBR
2005-08-24,39.43648910522461,39.86004540829049,39.32571115867674,39.48861800272388,9600,VBR
2005-08-25,39.59286880493164,39.69712906073141,39.488608549131875,39.50815905605472,8000,VBR
2005-08-26,39.1693229675293,39.56681607474341,39.09764355662036,39.56681607474341,6100,VBR
2005-08-29,39.35177993774414,39.38436081195754,38.81093046566979,38.99990053041209,38400,VBR
2005-08-30,39.35830307006836,39.371333432954266,39.084618219991796,39.32571970556846,8800,VBR
2005-08-31,39.97734069824219,39.97734069824219,39.26055153995011,39.39087751939266,13700,VBR
2005-09-01,40.24449157714844,40.38133516744164,40.00990789184645,40.07506961235918,18000,VBR
2005-09-02,39.96431350708008,40.19238212487184,39.95128065952605,40.172834096421546,14900,VBR
2005-09-06,40.413936614990234,40.51167924555046,40.17283514336112,40.30967631760238,15300,VBR
2005-09-07,40.64851760864258,40.65503278885964,40.42696419484384,40.505158786254796,17700,VBR
2005-09-08,40.3487663269043,40.51819083836238,40.29012224881633,40.51819083836238,14500,VBR
2005-09-09,40.64199447631836,40.68109300964571,40.466054804986655,40.505153338314,15400,VBR
2005-09-12,40.85702896118164,40.935223534956265,40.62244275409708,40.67457164135994,26500,VBR
2005-09-13,40.43998718261719,40.668055721034655,40.420436675209515,40.66154054240586,23200,VBR
2005-09-14,40.120697021484375,40.55728865251823,40.120697021484375,40.55728865251823,20500,VBR
2005-09-15,40.06856918334961,40.31618580105077,40.022952979287595,40.25102405655283,11700,VBR
2005-09-16,40.3487663269043,40.420445736693395,40.17282912111803,40.21844283902723,22500,VBR
2005-09-19,40.153289794921875,40.44000751394988,40.10767606430594,40.44000751394988,15600,VBR
2005-09-20,39.69713592529297,40.37482894806072,39.658039876207795,40.31618238867195,16400,VBR
2005-09-21,39.1693229675293,39.61894497355639,39.1693229675293,39.61894497355639,21800,VBR
2005-09-22,39.31267547607422,39.37131954566064,38.79788932199953,39.08460443383008,15300,VBR
2005-09-23,39.5081787109375,39.56682528936093,39.05203893272878,39.07810463108626,7400,VBR
2005-09-26,39.73624038696289,39.866566370127806,39.57985119577409,39.80140462142604,6100,VBR
2005-09-27,39.645015716552734,39.78837455663428,39.364815703172376,39.65153089757392,11500,VBR
2005-09-28,39.49513244628906,39.71668583554813,39.32570795027633,39.71668583554813,7800,VBR
2005-09-29,40.055545806884766,40.055545806884766,39.364819717409446,39.44301432644532,14600,VBR
2005-09-30,40.283607482910156,40.283607482910156,39.964311434560145,40.11418544501688,18800,VBR
2005-10-03,40.33574295043945,40.544263550059355,40.251030680043364,40.42697040205296,17400,VBR
2005-10-04,39.86656951904297,40.459550427807436,39.86656951904297,40.41393670296106,32100,VBR
2005-10-05,38.81093215942383,39.710176258612414,38.79789931201742,39.710176258612414,20100,VBR
2005-10-06,38.57633972167969,38.93473426799859,38.263558891123495,38.91518624288916,59000,VBR
2005-10-07,38.79788589477539,38.823951580574054,38.63497908717464,38.758787366077385,5700,VBR
2005-10-10,38.393882751464844,38.797893503291434,38.32872100995016,38.797893503291434,5700,VBR
2005-10-11,37.983360290527344,38.58285628244398,37.983360290527344,38.576341102427996,27200,VBR
2005-10-12,37.46856689453125,38.0224490630157,37.273079216581486,38.015933884247005,21900,VBR
2005-10-13,37.46856689453125,37.46856689453125,37.07107387410234,37.37733947720541,25900,VBR
2005-10-14,38.0420036315918,38.087617345123704,37.44902286991609,37.794384554017924,18300,VBR
2005-10-17,38.107173919677734,38.230982243364025,37.7943930342375,38.11369158636526,9100,VBR
2005-10-18,37.696651458740234,38.133243194612746,37.68362109566501,37.96381864549383,10200,VBR
2005-10-19,38.28310012817383,38.28310012817383,37.24701272314687,37.44901806125021,12200,VBR
2005-10-20,37.6510124206543,38.34173803011884,37.520688991415014,38.25702581250525,14900,VBR
2005-10-21,38.061553955078125,38.244008820228004,37.84651821911736,37.84651821911736,17800,VBR
2005-10-24,38.81093215942383,38.81093215942383,38.367825290652,38.367825290652,13800,VBR
2005-10-25,38.57633972167969,38.8630548615826,38.30265494134235,38.75227940494775,18600,VBR
2005-10-26,38.28310012817383,38.85653279206413,38.28310012817383,38.52420150956382,10400,VBR
2005-10-27,37.729225158691406,38.27007457518788,37.69664180206492,38.27007457518788,9900,VBR
2005-10-28,38.33523941040039,38.400401153164154,37.8139355252457,38.00942572505928,11300,VBR
2005-10-31,38.98685836791992,39.14976517543603,38.817433896077226,38.87608044621345,17500,VBR
2005-11-01,38.78485870361328,38.928217510635605,38.641499896590965,38.83698759704624,23200,VBR
2005-11-02,39.43648910522461,39.43648910522461,38.95428375311014,38.99338229055547,10800,VBR
2005-11-03,39.46255874633789,39.75578910636084,39.34526560802415,39.69062735652494,17600,VBR
2005-11-04,39.319175720214844,39.58634270736916,39.162784136772366,39.573309868268964,8800,VBR
2005-11-07,39.47557830810547,39.59938658543104,39.38434840897229,39.58635374269773,11700,VBR
2005-11-08,39.338748931884766,39.37132980762289,39.12371316340394,39.37132980762289,11700,VBR
2005-11-09,39.46255874633789,39.716693050763865,39.2084219561505,39.3778464829421,9600,VBR
2005-11-10,39.76881408691406,39.78836459660673,39.065057882001206,39.42345240672837,5400,VBR
2005-11-11,39.99691390991211,39.99691390991211,39.749294657018766,39.84703981851324,12000,VBR
2005-11-14,39.76881408691406,39.95127142473371,39.71016752935792,39.95127142473371,17800,VBR
2005-11-15,39.429969787597656,39.89262709448795,39.423454607843624,39.788366818096,21700,VBR
2005-11-16,39.319175720214844,39.45601680212708,39.15626896010222,39.45601680212708,28200,VBR
2005-11-17,39.9708251953125,39.9708251953125,39.52120317991336,39.540751206655536,12200,VBR
2005-11-18,40.2249641418457,40.24451217085047,39.89263521995679,40.07509011936548,12200,VBR
2005-11-21,40.5507698059082,40.583350676347344,40.04250126692662,40.23798897532253,15000,VBR
2005-11-22,40.739749908447266,40.79839648044513,40.36832244771464,40.40090332421089,18100,VBR
2005-11-23,40.844017028808594,41.03950480620924,40.72672386521582,40.746271897227295,10300,VBR
2005-11-25,40.863555908203125,40.88310642159763,40.77884613128537,40.8244598529369,5200,VBR
2005-11-28,40.33574295043945,40.83749393431371,40.26406352823981,40.83749393431371,29900,VBR
2005-11-29,40.45954513549805,40.68761372989742,40.39438339017286,40.524706880823224,11600,VBR
2005-11-30,40.45954513549805,40.75277796098385,40.407413750628905,40.53122454681249,13300,VBR
2005-12-01,41.13071823120117,41.23497850927951,40.694129093548476,40.694129093548476,15900,VBR
2005-12-02,41.05904006958008,41.13071947901373,40.83097148116497,41.05904006958008,16500,VBR
2005-12-05,40.876583099365234,41.09813649634395,40.66154736787001,41.09813649634395,27200,VBR
2005-12-06,40.82444381713867,41.24148481457445,40.82444381713867,41.14373974328026,9000,VBR
2005-12-07,40.68761444091797,40.941751217954234,40.57032130867394,40.941751217954234,13700,VBR
2005-12-08,40.674591064453125,41.07860194102839,40.60291412095932,40.73323764422941,9400,VBR
2005-12-09,40.95478057861328,41.065558527810495,40.739744831924114,40.8896188337405,11300,VBR
2005-12-12,40.9938850402832,41.18937278890921,40.850526197935395,41.18285760778503,19000,VBR
2005-12-13,41.124210357666016,41.14375838647835,40.889624068871754,41.02646524208122,18200,VBR
2005-12-14,41.26757049560547,41.43047736952952,41.091630773476105,41.15679252874107,17500,VBR
2005-12-15,40.91568374633789,41.25453028189429,40.83748667106714,41.25453028189429,37500,VBR
2005-12-16,40.85702896118164,41.117678369017284,40.85051129667335,41.052516638498545,13700,VBR
2005-12-19,40.32270431518555,40.74626063485455,40.2901234422512,40.726712608246196,31700,VBR
2005-12-20,40.27058792114258,40.61595226294463,40.146779563598265,40.31620165738323,22800,VBR
2005-12-21,40.59639358520508,40.7136867364709,40.43348670686496,40.5638127066894,16500,VBR
2005-12-22,40.765811920166016,40.83097366727021,40.59638740047702,40.68109966032152,120400,VBR
2005-12-23,40.98735809326172,41.00690611678436,40.9026458483955,40.915678692664216,12900,VBR
2005-12-27,40.592411041259766,41.19082598528584,40.565814257878856,41.177527593595386,27400,VBR
2005-12-28,40.831787109375,40.83843503865866,40.599071538304685,40.79854239013774,16200,VBR
2005-12-29,40.62565612792969,40.878320499566854,40.62565612792969,40.79188222098408,18200,VBR
2005-12-30,40.35305404663086,40.48603545672948,40.19347838364006,40.266618286014776,30700,VBR
2006-01-03,41.10438537597656,41.11103583964899,40.05383785610863,40.55916402963838,38600,VBR
2006-01-04,41.3304557800293,41.36370049144241,40.99135566536135,41.031248304493516,45600,VBR
2006-01-05,41.410240173339844,41.41689063691833,41.210769384932796,41.290557193013875,27400,VBR
2006-01-06,41.70280075073242,41.7958869519139,41.40359329235713,41.623010404226505,54900,VBR
2006-01-09,42.128353118896484,42.19484256000353,41.84244395659892,41.85574235210225,27400,VBR
2006-01-10,42.420902252197266,42.427552716906035,41.92887439293097,41.98871589326434,24400,VBR
2006-01-11,42.400962829589844,42.400962829589844,42.10175527924146,42.36771810986436,18000,VBR
2006-01-12,42.128353118896484,42.341122374130535,42.02861642082632,42.341122374130535,21900,VBR
2006-01-13,42.0950927734375,42.221423679213075,41.99535611238771,42.18817897099936,18200,VBR
2006-01-17,41.91558074951172,41.92222867856467,41.70281151008552,41.90893028404936,37400,VBR
2006-01-18,41.922218322753906,41.922218322753906,41.629661324913954,41.709449135886885,15600,VBR
2006-01-19,42.36771011352539,42.44085000496299,41.955467550224206,41.955467550224206,21400,VBR
2006-01-20,41.79588317871094,42.37434918840854,41.762638472205744,42.37434918840854,19700,VBR
2006-01-23,42.03526306152344,42.088454102286704,41.888983260708066,41.98206948435081,22500,VBR
2006-01-24,42.567176818847656,42.600424067477235,42.26132394457258,42.26132394457258,37300,VBR
2006-01-25,42.51398468017578,42.6802133097708,42.24802445292332,42.620369278358545,24700,VBR
2006-01-26,42.9461669921875,42.98606470034437,42.62036530034073,42.75999459684649,25600,VBR
2006-01-27,43.158939361572266,43.385004382405775,42.95946604792862,42.95946604792862,17200,VBR
2006-01-30,43.11904525756836,43.27862087812489,43.105749402862614,43.265325023419145,13800,VBR
2006-01-31,43.11904525756836,43.37171215233518,42.89298021784806,43.03925998369885,60900,VBR
2006-02-01,43.385005950927734,43.451495366940414,43.21212941104095,43.21212941104095,21600,VBR
2006-02-02,42.91292953491211,43.318521614815104,42.733402510526,43.318521614815104,27800,VBR
2006-02-03,42.70680236816406,42.979410473811846,42.46743389504121,42.839781189531244,35700,VBR
2006-02-06,42.906280517578125,42.906280517578125,42.527285208982086,42.786597521557376,22800,VBR
2006-02-07,42.420902252197266,43.21878807783919,42.420902252197266,43.21878807783919,24400,VBR
2006-02-08,42.520626068115234,42.627010643589834,42.221418656965305,42.427539881626004,25800,VBR
2006-02-09,42.36106491088867,42.85309281846245,42.36106491088867,42.58713507781851,13700,VBR
2006-02-10,42.400962829589844,42.48740113000372,42.088456884069366,42.254683019106295,15800,VBR
2006-02-13,42.22807312011719,42.34775610310396,42.015303936231525,42.30121300265452,17100,VBR
2006-02-14,42.7599983215332,42.77994464094044,42.15493798397005,42.22807533393288,15900,VBR
2006-02-15,43.01266860961914,43.01266860961914,42.600426042462935,42.660270078207,14600,VBR
2006-02-16,43.291927337646484,43.37171769452941,43.025964554188235,43.15229801771499,16500,VBR
2006-02-17,43.385005950927734,43.451495366940414,43.165586312550346,43.331812388990684,24100,VBR
2006-02-21,43.19883728027344,43.49139682332567,43.04590704472767,43.43155279278421,78800,VBR
2006-02-22,43.710811614990234,43.75070932647956,43.21878380437554,43.27197737114949,37900,VBR
2006-02-23,43.498043060302734,43.803898464523606,43.451499956895596,43.604430195414935,14700,VBR
2006-02-24,43.757347106933594,43.757347106933594,43.41824959156929,43.46479268619676,16800,VBR
2006-02-27,43.84379577636719,43.93023151824346,43.73740864222615,43.78395174520841,15400,VBR
2006-02-28,43.33845901489258,43.78394364282965,43.27861499480816,43.78394364282965,24000,VBR
2006-03-01,43.85708236694336,43.85708236694336,43.398296825309394,43.55122703012628,26000,VBR
2006-03-02,43.6243782043457,43.783953840375574,43.4980447447123,43.757357055567596,10000,VBR
2006-03-03,43.444847106933594,43.83714330509428,43.41825539743366,43.57118055473717,17600,VBR
2006-03-06,43.17888641357422,43.55123119437732,43.105746535514015,43.51798395059826,19900,VBR
2006-03-07,42.79988098144531,43.005999639923324,42.65360126014506,42.97940286579455,32500,VBR
2006-03-08,42.87968063354492,42.919578344547,42.354408118315845,42.69350822492747,23100,VBR
2006-03-09,42.72011184692383,43.07916086651557,42.68686459456926,42.873042105808985,15900,VBR
2006-03-10,43.19883728027344,43.19883728027344,42.693508543951694,42.793245212975656,13600,VBR
2006-03-13,43.23873519897461,43.51799384808998,43.19884255562051,43.40496131004114,19900,VBR
2006-03-14,43.650962829589844,43.74404901407836,43.138983742086424,43.145634204640345,18700,VBR
2006-03-15,44.14963150024414,44.14963150024414,43.66424929449226,43.744039609535385,25900,VBR
2006-03-16,44.262672424316406,44.46879110316988,44.142989465313896,44.222779795587726,50700,VBR
2006-03-17,44.41560745239258,44.42225284269236,43.9568218808568,44.262677237608315,19400,VBR
2006-03-20,44.24263381958008,44.37569234207802,44.06300430662214,44.36904296905321,44700,VBR
2006-03-21,43.71703338623047,44.362377722571864,43.643849693911996,44.0762974005604,40300,VBR
2006-03-22,44.12953567504883,44.21602321121652,43.56402931364387,43.56402931364387,17300,VBR
2006-03-23,44.182769775390625,44.25594842749942,43.983176867141886,44.09627714641553,15500,VBR
2006-03-24,44.46882629394531,44.468826293945305,44.16944213445152,44.26258409855431,25300,VBR
2006-03-27,44.37569046020508,44.45552861583244,44.242631943349856,44.45552861583244,28000,VBR
2006-03-28,44.32246780395508,44.601893720396575,44.15614212856989,44.36903879002866,14100,VBR
2006-03-29,44.86801528930664,44.90793182665618,44.395650985862396,44.395650985862396,22300,VBR
2006-03-30,44.77487564086914,45.01438502910396,44.608549958809235,45.001076132059254,15200,VBR
2006-03-31,44.914588928222656,44.914588928222656,44.62185410141437,44.88132176122825,14400,VBR
2006-04-03,44.655128479003906,45.16075498313608,44.655128479003906,44.93455445379135,15400,VBR
2006-04-04,44.801483154296875,44.90127957841698,44.46218241848828,44.62185365156627,20600,VBR
2006-04-05,45.04099655151367,45.07426372113423,44.70834515873777,44.861367032791954,17300,VBR
2006-04-06,44.954505920410156,45.02103517921158,44.701692706621934,45.02103517921158,20200,VBR
2006-04-07,44.44222640991211,45.14079126257961,44.35573380254096,44.99442384320435,26900,VBR
2006-04-10,44.20270919799805,44.54200989110272,44.07630007163179,44.47548064201492,13000,VBR
2006-04-11,43.74365997314453,44.415617235797235,43.64386353598103,44.37569561541725,63100,VBR
2006-04-12,43.90998458862305,43.97651385313127,43.75031333863179,43.77027161039851,9700,VBR
2006-04-13,43.90998458862305,44.12288128056389,43.723700617656995,43.80353370472386,8500,VBR
2006-04-17,43.90998458862305,44.056352016055655,43.61060036040726,43.97651385313127,15000,VBR
2006-04-18,44.88132095336914,44.954504658753905,44.0763052699936,44.0763052699936,14300,VBR
2006-04-19,45.24724197387695,45.313771234477656,44.91459059501622,45.07426183562935,30400,VBR
2006-04-20,45.14080047607422,45.25390075018234,44.88133275271642,45.24725137584064,18000,VBR
2006-04-21,45.08090591430664,45.413557216646275,44.947842347857154,45.413557216646275,7600,VBR
2006-04-24,44.834747314453125,45.10086940230896,44.66176719596834,45.10086940230896,25400,VBR
2006-04-25,44.68837356567383,44.90792463766338,44.601886056642755,44.90792463766338,13200,VBR
2006-04-26,44.86801528930664,45.09421576876301,44.75490997372172,44.81478985560276,10800,VBR
2006-04-27,44.668418884277344,45.154092045297155,44.31580929689271,44.60854408303376,37600,VBR
2006-04-28,44.894630432128906,45.074259935765205,44.63515769776558,44.63515769776558,18900,VBR
2006-05-01,44.74161148071289,45.24058856042345,44.675082218589615,45.167404849330644,15400,VBR
2006-05-02,44.907958984375,44.94787554586375,44.595265717086974,44.78154977184755,10700,VBR
2006-05-03,45.114166259765625,45.114166259765625,44.834740394778336,44.99441159250595,19700,VBR
2006-05-04,45.3603401184082,45.40691110625213,45.08756356399592,45.12748517918856,16100,VBR
2006-05-05,45.846004486083984,45.93249199655637,45.593186250177624,45.639757229025214,12400,VBR
2006-05-08,45.83935546875,45.885926453114145,45.69298806764651,45.75286287217615,20000,VBR
2006-05-09,45.8260498046875,45.87927524081651,45.69299129022193,45.75952054745471,10300,VBR
2006-05-10,45.56657791137695,45.79943282796819,45.56657791137695,45.692987041464974,24300,VBR
2006-05-11,44.82144546508789,45.53331916278724,44.82144546508789,45.53331916278724,32300,VBR
2006-05-12,44.04304504394531,44.58859315814539,44.023086771305685,44.58859315814539,58300,VBR
2006-05-15,43.99646759033203,44.04969302679586,43.57732869885764,43.71038721416021,28100,VBR
2006-05-16,43.94325637817383,44.17611136635938,43.816847209219645,44.03639837344805,26400,VBR
2006-05-17,43.30455780029297,43.78357663932261,43.191457539926986,43.557376118590646,43000,VBR
2006-05-18,42.98521423339844,43.61060048849919,42.9186849686948,43.484191332462004,21700,VBR
2006-05-19,43.198097229003906,43.37772669433378,42.645894862923,42.96524233844447,20000,VBR
2006-05-22,42.912025451660156,43.12492211908373,42.426354770479605,42.96525088748028,28300,VBR
2006-05-23,42.619300842285156,43.3710963447715,42.59268811799856,43.224728899124315,25200,VBR
2006-05-24,42.69247055053711,42.79892141273908,41.91406765514708,42.39308638334294,30000,VBR
2006-05-25,43.33115768432617,43.33781213174609,42.88540614845833,42.94528602352532,19500,VBR
2006-05-26,43.544063568115234,43.69043098730603,43.41100504659118,43.57733073642486,18900,VBR
2006-05-30,42.652565002441406,43.49749736643402,42.652565002441406,43.49749736643402,16800,VBR
2006-05-31,43.21141052246094,43.23137386819138,42.778967806251686,42.90537187406895,10900,VBR
2006-06-01,43.90998458862305,43.90998458862305,43.264640063592445,43.29790723377531,23400,VBR
2006-06-02,44.076297760009766,44.18274861365241,43.76360472225461,44.18274861365241,42700,VBR
2006-06-05,43.04508590698242,43.99646904278912,43.00516936624528,43.99646904278912,18000,VBR
2006-06-06,42.93198776245117,43.11162235628943,42.43301067534531,43.11162235628943,23500,VBR
2006-06-07,42.665855407714844,43.4043417256947,42.665855407714844,43.03177388089629,56000,VBR
2006-06-08,42.712432861328125,42.85880027278249,41.74774594162538,42.452967742899126,149600,VBR
2006-06-09,42.652565002441406,43.15154212687253,42.53281028954362,42.965258145888825,15800,VBR
2006-06-12,41.914058685302734,42.63923599439976,41.84752944859238,42.63923599439976,54500,VBR
2006-06-13,41.25541687011719,42.10700600153831,41.22215224467042,41.71447733023864,67600,VBR
2006-06-14,41.381813049316406,41.534832308826175,41.05581373093302,41.21548743620655,57600,VBR
2006-06-15,42.54611587524414,42.59933878115699,41.58142627800857,41.58142627800857,77100,VBR
2006-06-16,42.24007034301758,42.60598632739096,42.11366120333934,42.479577187712714,33100,VBR
2006-06-19,41.66792297363281,42.29996126103444,41.588084795189125,42.29996126103444,22100,VBR
2006-06-20,41.581424713134766,41.920728022105294,41.548160080950005,41.761056772446956,41100,VBR
2006-06-21,42.15359115600586,42.31991687708358,41.46167554721956,41.46167554721956,18900,VBR
2006-06-22,42.0471305847168,42.08039521168582,41.77435658288545,42.020517867970234,35500,VBR
2006-06-23,42.1136589050293,42.33321000642861,41.79431392493527,41.854191267323415,12200,VBR
2006-06-26,42.612640380859375,42.612640380859375,42.35317019346943,42.37978291083174,16500,VBR
2006-06-27,42.0870475769043,42.77231108193051,42.04713103928129,42.592676510913414,19000,VBR
2006-06-28,42.22676086425781,42.240067222079134,41.87414872681347,42.133618897436826,13400,VBR
2006-06-29,43.510799407958984,43.510799407958984,42.51284531638129,42.55276185577016,28300,VBR
2006-06-30,43.64386749267578,43.743663938886684,43.344483229901165,43.677134666698784,70000,VBR
2006-07-03,43.96985626220703,43.96985626220703,43.5906338981629,43.5906338981629,11600,VBR
2006-07-05,43.47087860107422,43.623900464672055,43.20476156572386,43.623900464672055,32800,VBR
2006-07-06,43.61058807373047,43.82348470569064,43.39103699443701,43.73699211792626,14200,VBR
2006-07-07,43.16483688354492,43.74365205361602,43.131574794417425,43.51079712629663,24700,VBR
2006-07-10,43.397701263427734,43.64386003605216,43.25133384410659,43.34447582442782,31600,VBR
2006-07-11,43.617252349853516,43.617252349853516,42.95860396275956,43.224726112611584,45700,VBR
2006-07-12,42.95194625854492,43.53741595902802,42.945296885299385,43.504148789370596,22200,VBR
2006-07-13,42.31991195678711,42.79227634062572,42.31325750747738,42.79227634062572,32200,VBR
2006-07-14,41.93403625488281,42.10701641065297,41.58142656970892,42.080403688545424,46900,VBR
2006-07-17,41.69452667236328,42.113668161203535,41.581426410731936,41.86085237800621,22000,VBR
2006-07-18,42.0205192565918,42.05378388466009,41.48827759371379,41.96064191089749,28300,VBR
2006-07-19,43.03843688964844,43.085007879512226,42.120318376180755,42.120318376180755,63500,VBR
2006-07-20,42.24671173095703,43.23136173381092,42.24671173095703,43.204749022830484,23600,VBR
2006-07-21,41.59471893310547,42.04712490497236,41.4150869262235,42.04712490497236,49100,VBR
2006-07-24,42.506187438964844,42.506187438964844,41.94733309124599,41.94733309124599,24500,VBR
2006-07-25,42.878753662109375,43.05173377194556,42.52614407056913,42.65255319804823,88200,VBR
2006-07-26,42.83218002319336,43.03177283569097,42.38642849458559,42.64589610531883,22000,VBR
2006-07-27,42.30659484863281,43.091649626517594,42.30659484863281,43.05838754013398,23500,VBR
2006-07-28,43.12492370605469,43.13822752757083,42.63925046907319,42.63925046907319,28800,VBR
2006-07-31,43.111610412597656,43.144872497008635,42.858792176623005,43.01181400765272,14100,VBR
2006-08-01,42.69247055053711,42.81222523258608,42.42635100881693,42.75235042948984,34100,VBR
2006-08-02,42.95194625854492,43.12492640422015,42.785620561972664,42.785620561972664,11100,VBR
2006-08-03,43.33781814575195,43.39104358078513,42.67916988375112,42.67916988375112,24200,VBR
2006-08-04,43.29790496826172,43.883369571500886,43.045086670158355,43.81684031047372,89600,VBR
2006-08-07,43.06504821777344,43.218065004158184,42.91202635553165,43.14488129732825,10300,VBR
2006-08-08,42.62594985961914,43.29790710360436,42.54611423486353,43.144885227423714,34800,VBR
2006-08-09,42.299957275390625,42.96526013882543,42.21346719252398,42.90538024167012,15700,VBR
2006-08-10,42.592681884765625,42.632603503282255,41.96730072105572,42.06709461563248,11500,VBR
2006-08-11,42.14692687988281,42.30660065158024,41.98060119758189,42.30660065158024,11000,VBR
2006-08-14,42.34653091430664,42.77897881768629,42.23342810074446,42.35318282666716,10600,VBR
2006-08-15,43.08500289916992,43.08500289916992,42.77230982800527,42.88541006519264,20100,VBR
2006-08-16,43.61058807373047,43.63054633987422,43.171485915143556,43.26462787438513,13900,VBR
2006-08-17,43.63056182861328,43.810191363531175,43.43096894460861,43.47753994076198,23100,VBR
2006-08-18,43.67047119140625,43.69708390995302,43.351128720559146,43.69708390995302,11300,VBR
2006-08-21,43.404354095458984,43.524108804823854,43.26464111384291,43.424312367710186,23400,VBR
2006-08-22,43.544063568115234,43.61059790473449,43.35113023466253,43.364434056472035,16200,VBR
2006-08-23,43.03843688964844,43.650514206674494,42.872111200726756,43.62390148734416,104200,VBR
2006-08-24,42.96525573730469,43.144885258652636,42.76566286837807,43.07835599429627,16800,VBR
2006-08-25,42.99185562133789,43.23136496219205,42.83217934353112,42.91201748243451,20100,VBR
2006-08-28,43.47087860107422,43.47087860107422,43.01847761063577,43.01847761063577,20100,VBR
2006-08-29,43.730350494384766,43.730350494384766,43.23137344896021,43.53075764587215,26800,VBR
2006-08-30,43.97650909423828,44.04303835154709,43.723695886122044,43.85010502810865,15000,VBR
2006-08-31,44.02974319458008,44.18276508477317,44.02974319458008,44.03639764437751,9300,VBR
2006-09-01,44.122859954833984,44.26922731152344,43.949879890032356,44.25591841953981,25600,VBR
2006-09-05,44.40895080566406,44.43556352011852,44.069645041190014,44.12287047009894,164500,VBR
2006-09-06,43.67047119140625,44.18940651342559,43.67047119140625,44.18940651342559,15700,VBR
2006-09-07,43.39104461669922,43.776921416116885,43.28459374409146,43.54406140125165,45600,VBR
2006-09-08,43.550716400146484,43.5972873885367,43.317861458195416,43.477532693268,38500,VBR
2006-09-11,43.504150390625,43.710392637691356,43.124927991516536,43.357782960116886,15200,VBR
2006-09-12,44.26258087158203,44.37568109462464,43.6238909889311,43.6238909889311,12000,VBR
2006-09-13,44.63515853881836,44.675080154934115,44.31581606503496,44.32911988650214,14700,VBR
2006-09-14,44.42226791381836,44.51541498020192,44.30251320087697,44.49545163149686,22600,VBR
2006-09-15,44.548675537109375,44.70169741674761,44.408962556148005,44.668430245913065,28600,VBR
2006-09-18,44.48214340209961,44.67508181360824,44.38234697189069,44.48214340209961,19900,VBR
2006-09-19,44.39564895629883,44.46217820745889,43.87005924317824,44.37568561267995,44800,VBR
2006-09-20,44.814788818359375,44.94119795151614,44.64180870075379,44.661766968966624,17700,VBR
2006-09-21,44.362388610839844,44.96781148805727,44.24928835889972,44.89463285363394,21900,VBR
2006-09-22,44.056339263916016,44.27589034151572,43.83013373903437,44.27589034151572,36200,VBR
2006-09-25,44.50876235961914,44.56198780663755,43.85011394930477,44.12288548252264,22700,VBR
2006-09-26,44.68837356567383,44.788169968928706,44.43556040983659,44.442214856948496,28700,VBR
2006-09-27,44.86801528930664,44.93454454350812,44.6617680026683,44.6617680026683,20200,VBR
2006-09-28,44.86135482788086,45.08755527701716,44.60188721817461,44.97445505244901,16000,VBR
2006-09-29,44.42226791381836,44.93455393756787,44.42226791381836,44.854715770321015,17300,VBR
2006-10-02,44.21600341796875,44.54865466704392,44.076290502459806,44.422245568121674,19800,VBR
2006-10-03,44.2226676940918,44.48213531997698,43.90997463831827,44.14282954925928,17600,VBR
2006-10-04,44.994415283203125,44.994415283203125,44.20270860079887,44.20270860079887,14800,VBR
2006-10-05,45.40690231323242,45.4202061318157,44.974454609363775,45.04763830121182,20900,VBR
2006-10-06,45.120826721191406,45.38029435553055,44.921233890535206,45.38029435553055,41300,VBR
2006-10-09,45.44017791748047,45.44682729007974,44.91458815829215,45.054301120731026,52300,VBR
2006-10-10,45.46013259887695,45.60649999821944,45.26719421573063,45.46013259887695,15000,VBR
2006-10-11,45.32708740234375,45.579905767688615,45.11419066491884,45.39362175692415,18300,VBR
2006-10-12,46.09218215942383,46.09218215942383,45.480104735397724,45.480104735397724,32900,VBR
2006-10-13,46.358306884765625,46.37161070956295,46.09883915642162,46.125451881874646,36300,VBR
2006-10-16,46.604461669921875,46.664336483582595,46.338339543318114,46.41817262819907,20600,VBR
2006-10-17,46.364952087402344,46.44478517197998,46.0722172416647,46.44478517197998,26100,VBR
2006-10-18,46.37160110473633,46.75747793009195,46.23854258088964,46.75747793009195,34300,VBR
2006-10-19,46.51131057739258,46.56453093160381,46.231879607465764,46.305063304844644,121200,VBR
2006-10-20,46.251834869384766,46.517956926574165,46.14538909202264,46.517956926574165,43800,VBR
2006-10-23,46.39156723022461,46.4980130405061,45.94581048933909,46.078874097012985,73400,VBR
2006-10-24,46.46473693847656,46.47139138654559,46.19196547792626,46.2651491791156,120800,VBR
2006-10-25,46.69759750366211,46.73085959269673,46.35163726187645,46.45808812884333,62200,VBR
2006-10-26,47.043575286865234,47.043575286865234,46.53129420190221,46.870595082808215,45700,VBR
2006-10-27,46.491355895996094,46.977029153099885,46.464743176004085,46.96372025517521,44600,VBR
2006-10-30,46.70425796508789,46.81736330705933,46.25850627450549,46.34499889341647,34300,VBR
2006-10-31,46.484710693359375,47.063520908578305,46.3915687029596,46.87723692777875,27200,VBR
2006-11-01,45.89922332763672,46.75080981334819,45.89922332763671,46.75080981334819,20000,VBR
2006-11-02,45.759521484375,45.89923445018154,45.6065046971923,45.73956321438222,33100,VBR
2006-11-03,45.77947235107422,46.21192007579315,45.48674264542418,45.945798008592554,29000,VBR
2006-11-06,46.384891510009766,46.47137900844373,45.945789419832785,46.038931364563304,49000,VBR
2006-11-07,46.37825012207031,46.77743072271742,46.35163740524628,46.398208390724164,42500,VBR
2006-11-08,46.68428421020508,46.804038886334865,46.15204515307198,46.18530723897367,26700,VBR
2006-11-09,46.39156723022461,46.777439002834846,46.285116344085495,46.77078962934437,15900,VBR
2006-11-10,46.75747299194336,46.75747299194336,46.371596207340936,46.43813053809478,19500,VBR
2006-11-13,46.910499572753906,46.94376166562523,46.64437745049685,46.77743597369673,35200,VBR
2006-11-14,47.6157112121582,47.615711212158196,46.823999421835794,47.03689607017588,25500,VBR
2006-11-15,47.875179290771484,47.981630153863826,47.62236610471196,47.62236610471196,45900,VBR
2006-11-16,47.8951301574707,48.06811024533713,47.82860091624693,48.06811024533713,37100,VBR
2006-11-17,47.76873779296875,47.84192149895219,47.56914494467626,47.84192149895219,36000,VBR
2006-11-20,47.974971771240234,48.108030263336204,47.73546242478259,47.74211687214422,37200,VBR
2006-11-21,48.141300201416016,48.16791291654164,47.88848702150718,48.16791291654164,42000,VBR
2006-11-22,48.24110794067383,48.30098275687215,48.06812778967156,48.221149668607715,29300,VBR
2006-11-24,48.26107406616211,48.34756161780838,47.93507705903248,48.05483178677416,150800,VBR
2006-11-27,47.15000915527344,48.10139231977224,47.11008753747517,48.10139231977224,565000,VBR
2006-11-28,47.31631851196289,47.33627677604281,46.923787373587366,46.99031661247229,27800,VBR
2006-11-29,47.875179290771484,47.91509582650285,47.495956973753934,47.602407836846275,68600,VBR
2006-11-30,48.014896392822266,48.18122207389136,47.662286761092886,47.86852898134434,52500,VBR
2006-12-01,47.8419189453125,48.17457029080618,47.402816732849615,48.101386588729035,104400,VBR
2006-12-04,48.53382873535156,48.56709589987222,47.86852605179167,47.994935185942175,65700,VBR
2006-12-05,48.666893005371094,48.79995151362088,48.50056733213049,48.633625840380276,92700,VBR
2006-12-06,48.50722885131836,48.67355454880467,48.37416524781483,48.57375811514139,22300,VBR
2006-12-07,48.30764389038086,48.646949790026355,48.28103116532452,48.467315164860615,18000,VBR
2006-12-08,48.25440979003906,48.454002654252875,47.961674942754115,48.234451518789164,33200,VBR
2006-12-11,48.36085510253906,48.394117192173056,48.16126226130792,48.300975219827,25200,VBR
2006-12-12,48.12799835205078,48.32093675806619,47.90179785415094,48.32093675806619,34700,VBR
2006-12-13,48.201175689697266,48.37415580254799,48.08142100785546,48.360851982724,48900,VBR
2006-12-14,48.487266540527344,48.61367569759388,48.29432811821543,48.29432811821543,25100,VBR
2006-12-15,48.42738342285156,48.69350551407043,48.39411625800294,48.56044193053264,29300,VBR
2006-12-18,47.99493408203125,48.580398602789536,47.835262862889266,48.580398602789536,42600,VBR
2006-12-19,47.908451080322266,47.97498033825054,47.56914526627391,47.72216712778027,40600,VBR
2006-12-20,48.161251068115234,48.28766017657325,48.01488369534399,48.03484195965723,38300,VBR
2006-12-21,47.908451080322266,48.32758997354174,47.815309104051266,48.16791873934247,85300,VBR
2006-12-22,47.732887268066406,47.89557053200845,47.67188492267063,47.80066937565393,40100,VBR
2006-12-26,48.24803924560547,48.24803924560547,47.84134144000581,47.84134144000581,17600,VBR
2006-12-27,48.769954681396484,48.769954681396484,48.44459858866192,48.44459858866192,64000,VBR
2006-12-28,48.64120101928711,48.79032481084434,48.53274547217454,48.722537508176416,53400,VBR
2006-12-29,48.21415328979492,48.66830433033439,48.200598935073806,48.566628569872,69800,VBR
2007-01-03,48.32938766479492,48.80386764274404,47.888796158731374,48.66830341231398,75600,VBR
2007-01-04,48.31583023071289,48.464953993508594,47.943025995167766,48.3293897572093,273400,VBR
2007-01-05,47.414310455322266,48.25482522278807,47.41431045532226,48.25482522278807,62000,VBR
2007-01-08,47.515987396240234,47.604108801484614,47.11606929117226,47.53632151392926,185800,VBR
2007-01-09,47.67188262939453,47.69221674354828,47.177063442066775,47.42108315479785,40400,VBR
2007-01-10,47.69221878051758,47.76678064989462,47.36008283512015,47.44819905736424,49800,VBR
2007-01-11,48.25481414794922,48.37004423316659,47.78710887431765,47.80744298683335,261400,VBR
2007-01-12,48.464942932128906,48.464942932128906,48.200589111669096,48.23448274873028,48600,VBR
2007-01-16,48.35649108886719,48.76319407859679,48.2615951036485,48.72252067675783,87100,VBR
2007-01-17,48.25481414794922,48.51916795353855,48.22770027411408,48.29548237298061,44400,VBR
2007-01-18,47.89557647705078,48.28194022684476,47.84812330726173,48.21415293939982,181600,VBR
2007-01-19,48.187034606933594,48.31582423544796,47.74644830790893,47.82101018005478,62500,VBR
2007-01-22,47.89557647705078,48.28194022684476,47.821014598016504,48.28194022684476,70000,VBR
2007-01-23,48.288700103759766,48.51238567270047,47.882002360240016,47.94978445558624,98100,VBR
2007-01-24,48.78353500366211,48.79708935853831,48.34972324740698,48.34972324740698,55300,VBR
2007-01-25,48.25481414794922,48.87163797051009,48.146358652608654,48.87163797051009,83600,VBR
2007-01-26,48.383609771728516,48.51917917225089,47.44820417962148,48.28193918564155,48700,VBR
2007-01-29,48.749629974365234,48.858085473822456,48.40393970559175,48.40393970559175,69700,VBR
2007-01-30,49.074989318847656,49.074989318847656,48.68862566766394,48.88519737390725,71900,VBR
2007-01-31,49.163116455078125,49.40035643897326,48.76997295522687,49.00043834775628,51500,VBR
2007-02-01,49.64437484741211,49.671488726475474,49.33935275797568,49.34613252060244,47600,VBR
2007-02-02,49.793487548828125,49.84093553380078,49.63080948198509,49.820601421875715,35600,VBR
2007-02-05,49.62403869628906,49.854504073156264,49.61725893394029,49.80705607960176,41300,VBR
2007-02-06,50.02395248413086,50.02395248413086,49.69181142053481,49.820601023620725,50300,VBR
2007-02-07,50.288330078125,50.31544396378708,49.92908014313094,50.09175828565855,78400,VBR
2007-02-08,50.31542205810547,50.38320415702813,50.09173647736229,50.34253076052041,37200,VBR
2007-02-09,49.935855865478516,50.369667702994626,49.54949203608307,50.36289311000955,40200,VBR
2007-02-12,49.671470642089844,49.95615851144053,49.529126707414505,49.95615851144053,45300,VBR
2007-02-13,50.20018768310547,50.20018768310547,49.82060378531711,49.88838588543035,68600,VBR
2007-02-14,50.166316986083984,50.47133913034409,50.118868982055865,50.22053958251285,69900,VBR
2007-02-15,50.247650146484375,50.45100167685165,50.09853155185185,50.2273160277365,325500,VBR
2007-02-16,50.396766662597656,50.396766662597656,49.96295495356926,50.254422680395535,105500,VBR
2007-02-20,50.73569869995117,50.83059471860421,50.037532917813024,50.329000738374546,69300,VBR
2007-02-21,50.79668045043945,50.79668045043946,50.49843301668734,50.627222621524396,69800,VBR
2007-02-22,50.878013610839844,50.92546159301225,50.49842975346056,50.78311764649502,102900,VBR
2007-02-23,50.573001861572266,50.85091005023469,50.42387812409539,50.83057593538661,70200,VBR
2007-02-26,50.43743896484375,50.783129269170956,50.11207760445201,50.783129269170956,51600,VBR
2007-02-27,48.464942932128906,49.88838777416858,48.464942932128906,49.88838777416858,140400,VBR
2007-02-28,48.871646881103516,49.18344872989339,48.53951091609049,48.729302896097934,93800,VBR
2007-03-01,48.78353500366211,49.12245076145168,47.82101549268629,48.21415384142472,147300,VBR
2007-03-02,47.94977569580078,48.75639644595646,47.94977569580078,48.61405252030101,79500,VBR
2007-03-05,46.953372955322266,47.97689968986354,46.94659836560501,47.44819209113597,116400,VBR
2007-03-06,47.95658874511719,48.09893276958229,47.27875710207666,47.27875710207666,44000,VBR
2007-03-07,47.86166763305664,48.20736303775025,47.78710577770229,47.99045723256731,141800,VBR
2007-03-08,48.22769546508789,48.51916311544865,48.06501740974114,48.241249814932566,101100,VBR
2007-03-09,48.376827239990234,48.58695331200621,48.15992140619997,48.47849780938957,49100,VBR
2007-03-12,48.58017349243164,48.654735357531116,48.27515144171053,48.52594574118785,23600,VBR
2007-03-13,47.414310455322266,48.38360968875867,47.38042198383267,48.38360968875867,68300,VBR
2007-03-14,47.78712463378906,47.91591428411821,46.92628083426129,47.43465450057819,67200,VBR
2007-03-15,48.26837158203125,48.26837158203125,47.990463407495774,47.990463407495774,28300,VBR
2007-03-16,48.0040168762207,48.41071465935442,47.895566547391724,48.18702906862586,33100,VBR
2007-03-19,48.47173309326172,48.580183446527826,48.28194109646298,48.36327756855155,31600,VBR
2007-03-20,48.871646881103516,48.871646881103516,48.40394669364049,48.47172880486549,58700,VBR
2007-03-21,49.68505096435547,49.78672155208936,48.83776159028013,48.986880176104485,28200,VBR
2007-03-22,49.68368148803711,49.853273524278194,49.527659712996716,49.853273524278194,201600,VBR
2007-03-23,49.724388122558594,49.81257412003062,49.622631863605754,49.69046764439487,34700,VBR
2007-03-26,49.67011260986328,50.19923889444844,49.303793218487904,49.812569288364074,36300,VBR
2007-03-27,49.37842559814453,49.61585345082321,49.18169818434248,49.61585345082321,25200,VBR
2007-03-28,49.01887893676758,49.24273646988138,48.82215157239543,49.140985398255886,23600,VBR
2007-03-29,49.147769927978516,49.37163265747006,48.76788542377823,49.37163265747006,44800,VBR
2007-03-30,49.18169403076172,49.49374277871985,48.9103457182429,49.30380051261825,66400,VBR
2007-04-02,49.351295471191406,49.39878104675379,49.1138675933795,49.351295471191406,37800,VBR
2007-04-03,49.84648895263672,49.961810284470886,49.52765512594646,49.52765512594646,49200,VBR
2007-04-04,49.71760177612305,49.81935803258774,49.63619573584365,49.81935803258774,46200,VBR
2007-04-05,49.83292770385742,49.91433375162786,49.71082121997111,49.724391482368844,24700,VBR
2007-04-09,49.731170654296875,49.914332965009166,49.72439069874353,49.873627353996106,36300,VBR
2007-04-10,49.94146728515625,50.02286815442851,49.77865519553476,49.77865519553476,26000,VBR
2007-04-11,49.6158447265625,49.92110831553884,49.43268760828432,49.92110831553884,82200,VBR
2007-04-12,49.84648895263672,49.85326890707091,49.43268400849035,49.61584111343064,36200,VBR
2007-04-13,50.070343017578125,50.070343017578125,49.73115900000767,49.9007510087929,45000,VBR
2007-04-16,50.70802688598633,50.728377105479744,50.348492540165246,50.348492540165246,35200,VBR
2007-04-17,50.70124435424805,50.85048620557153,50.538437414413025,50.741949970861285,78600,VBR
2007-04-18,50.592689514160156,50.76228152365342,50.470583060303504,50.646960199326976,55900,VBR
2007-04-19,50.341697692871094,50.51807485367278,50.104269885371544,50.28064704617323,35500,VBR
2007-04-20,50.80299377441406,50.83691425442284,50.572351072077915,50.59948124543861,32600,VBR
2007-04-23,50.82334518432617,50.986157281540926,50.69445874345456,50.86405079639922,41300,VBR
2007-04-24,50.762290954589844,50.92509786480019,50.45024222021235,50.92509786480019,28800,VBR
2007-04-25,51.155738830566406,51.2710601607603,50.802984534571635,51.06754766879888,30900,VBR
2007-04-26,51.22357940673828,51.271064969244385,50.850474861663095,51.115038020702535,26000,VBR
2007-04-27,50.95903015136719,51.07435152384085,50.75551758479285,50.95903015136719,33300,VBR
2007-04-30,50.02964782714844,51.0200646410349,50.029647827148445,51.0200646410349,74600,VBR
2007-05-01,50.233154296875,50.36882583159366,49.846484729835765,50.1449631413243,42700,VBR
2007-05-02,50.81657791137695,50.99294996407038,50.27388113629251,50.27388113629251,29900,VBR
2007-05-03,50.952232360839844,51.074338835341386,50.74871984482452,50.9183118829912,41000,VBR
2007-05-04,51.1218147277832,51.12859985717698,50.91152229641189,51.05397896045736,28400,VBR
2007-05-07,51.182899475097656,51.311791141789044,51.121848796480094,51.243955329255954,34600,VBR
2007-05-08,51.1218147277832,51.18286536571528,50.64695918096497,50.87081669558654,27800,VBR
2007-05-09,51.38638687133789,51.56276403780275,50.93866141235898,50.97258188975006,47400,VBR
2007-05-10,50.674102783203125,51.20323432992825,50.5859167798516,51.18966406754268,61900,VBR
2007-05-11,51.18967056274414,51.25072640014893,50.8437012855552,50.8437012855552,49400,VBR
2007-05-14,50.90475845336914,51.325348667523215,50.84370261436864,51.203242165061674,38100,VBR
2007-05-15,50.524845123291016,51.25069859303216,50.5044897381741,50.93864479434433,184200,VBR
2007-05-16,50.870826721191406,50.870826721191406,50.37562086413415,50.66053424837572,33100,VBR
2007-05-17,50.579132080078125,50.8233450497147,50.51808142543833,50.70802369614707,31500,VBR
2007-05-18,50.843711853027344,51.020089094307316,50.5045276373953,50.53166299571071,30500,VBR
2007-05-21,51.27784729003906,51.55598072293437,50.78942655695825,50.87082742470252,151800,VBR
2007-05-22,51.596675872802734,51.77983815754652,51.28462716881695,51.379598288484885,58000,VBR
2007-05-23,51.38638687133789,51.976569019390574,51.37960174075203,51.725570943095896,55500,VBR
2007-05-24,50.59947204589844,51.5966739406064,50.51807118953871,51.38638149429355,51700,VBR
2007-05-25,50.979393005371094,51.06757904578429,50.708044574546285,50.836936243684754,119800,VBR
2007-05-29,51.35248565673828,51.494947574789045,51.03365685714222,51.03365685714222,71900,VBR
2007-05-30,51.85447692871094,51.85447692871094,51.033651868460005,51.08113744465503,40600,VBR
2007-05-31,51.949432373046875,52.15972483610405,51.77984034141029,51.99691793488359,50100,VBR
2007-06-01,52.417510986328125,52.54640260652383,52.20043335920524,52.24113897247376,154800,VBR
2007-06-04,52.44465255737305,52.47857304319714,52.1800893296715,52.27506047933157,52300,VBR
2007-06-05,52.00369644165039,52.32252507306636,51.81374904295881,52.32252507306636,100400,VBR
2007-06-06,51.41353988647461,51.75272407479371,51.3049984619533,51.69845336253306,45000,VBR
2007-06-07,50.470603942871094,51.37961500560677,50.45703367819589,51.37961500560677,58600,VBR
2007-06-08,51.0743408203125,51.10147616853836,50.273866162034324,50.55877955509813,66100,VBR
2007-06-11,50.979393005371094,51.18290044683406,50.701259440501936,50.81658601709255,37300,VBR
2007-06-12,50.26028823852539,50.91152614559502,50.172102251888184,50.78263455505491,32300,VBR
2007-06-13,50.90475845336914,50.979379381292276,50.362061736753525,50.43668266467666,62900,VBR
2007-06-14,51.148963928222656,51.372826679035335,51.05399279312734,51.060772748820796,69000,VBR
2007-06-15,51.691654205322266,51.91551695100701,51.623818421170746,51.6373886833242,116000,VBR
2007-06-18,51.596675872802734,51.85445906236246,51.467789453560734,51.85445906236246,22100,VBR
2007-06-19,51.67129898071289,51.75949014954891,51.23035866314699,51.461006517558815,69600,VBR
2007-06-20,51.00650405883789,51.779843354051884,50.96579844951089,51.77305822324099,37000,VBR
2007-06-21,51.21678161621094,51.26426716697933,50.599464280685005,50.877597631997624,55400,VBR
2007-06-22,50.66053009033203,51.06754991663294,50.48415293457107,51.0404145714745,140200,VBR
2007-06-25,50.40276336669922,50.97937534776922,50.212815908034905,50.70124187923648,95500,VBR
2007-06-26,50.13140106201172,50.606256637518364,50.10426571833454,50.518070652220736,77900,VBR
2007-06-27,50.877620697021484,50.877620697021484,49.90076872346612,50.00931013187859,57700,VBR
2007-06-28,50.938663482666016,51.33211826402571,50.90474817943471,51.06755509134484,37300,VBR
2007-06-29,50.762290954589844,51.291417294427255,50.545213349129924,51.11504012263533,53100,VBR
2007-07-02,51.257503509521484,51.31855934353487,50.89118403205824,50.965804953886256,33900,VBR
2007-07-03,51.508514404296875,51.54243489555691,51.35927252361724,51.413543239417166,25600,VBR
2007-07-05,51.528839111328125,51.664515833639705,51.223575543318155,51.440653123478924,37200,VBR
2007-07-06,51.67129898071289,51.75949014954891,51.31854983198301,51.52884229513709,15500,VBR
2007-07-09,51.65773391723633,51.81375568817846,51.50849210117823,51.77305525672192,31300,VBR
2007-07-10,50.77587127685547,51.433889421476316,50.748735921088226,51.433889421476316,29800,VBR
2007-07-11,51.02006912231445,51.02006912231445,50.56556369341502,50.76907103780632,38500,VBR
2007-07-12,51.7255744934082,51.74592471102436,51.196448133233936,51.196448133233936,44100,VBR
2007-07-13,51.88838195800781,51.92230243808543,51.60346855729479,51.69165455974255,22000,VBR
2007-07-16,51.501705169677734,51.87480969677506,51.42030430961134,51.70521767091953,26900,VBR
2007-07-17,51.501705169677734,51.793403661170764,51.501705169677734,51.6373818956849,24400,VBR
2007-07-18,51.29821014404297,51.33891058383515,50.71481302117241,51.13539803379597,47400,VBR
2007-07-19,51.56955337524414,51.66452969411121,51.41353157215077,51.56277341896297,51600,VBR
2007-07-20,50.70124435424805,51.45423356735157,50.423116047677354,51.45423356735157,107200,VBR
2007-07-23,50.551998138427734,51.01328874108337,50.551998138427734,50.904752515743795,30400,VBR
2007-07-24,49.283447265625,50.13140745541367,49.07314961919139,50.13140745541367,86500,VBR
2007-07-25,49.27666091918945,49.82613745244343,48.74753460190219,49.554794338836324,102700,VBR
2007-07-26,47.92672348022461,48.666142474595134,47.27549050543215,48.666142474595134,187900,VBR
2007-07-27,46.67174530029297,48.164153624062045,46.603904323770855,47.69607779886672,72200,VBR
2007-07-30,47.47900390625,47.65538114326246,46.766720175980915,46.94309223745311,69000,VBR
2007-07-31,46.854888916015625,48.07595368235761,46.76670291782251,47.87244116278782,102000,VBR
2007-08-01,47.11944580078125,47.31617316331331,46.33254152619069,46.90236822411444,119400,VBR
2007-08-02,47.47900390625,47.68930163422111,47.092334116806704,47.39760300881369,133700,VBR
2007-08-03,45.640602111816406,47.573950041909875,45.640602111816406,47.573950041909875,74200,VBR
2007-08-06,46.3664665222168,46.42752235292869,44.935109172607426,45.89161084129657,165100,VBR
2007-08-07,46.597103118896484,46.90236667189048,45.78305835168332,46.21043353651992,72500,VBR
2007-08-08,47.411170959472656,47.7571403210649,46.59034574906014,46.88204439206133,182500,VBR
2007-08-09,46.298622131347656,47.0651762096694,46.16295058359545,46.65137126082605,133100,VBR
2007-08-10,47.26869201660156,47.350098056275634,45.55920658775136,45.8101994862213,47700,VBR
2007-08-13,46.72599792480469,47.87922692501157,46.725997924804695,47.75712044676704,26500,VBR
2007-08-14,45.66774368286133,46.976994420296904,45.66095855220588,46.87523816261822,150500,VBR
2007-08-15,45.03007125854492,46.42072789187486,44.874049498545354,45.50493201956531,229200,VBR
2007-08-16,46.22400665283203,46.22400665283203,44.03288036378387,44.677328054553705,117400,VBR
2007-08-17,47.01769256591797,47.66214538284063,46.332544493657075,47.60108956098824,112600,VBR
2007-08-20,47.11944580078125,47.45184470790344,46.55639905721063,47.322958293204124,123300,VBR
2007-08-21,47.3161735534668,47.55360134622611,47.01768994226211,47.078745760707484,103000,VBR
2007-08-22,47.86565399169922,47.98776046312858,47.54682013988155,47.72998243479466,143400,VBR
2007-08-23,47.417930603027344,48.18448468277722,47.35687478354865,48.18448468277722,89700,VBR
2007-08-24,48.130218505859375,48.130218505859375,47.377229440097594,47.519691307058615,124800,VBR
2007-08-27,47.540042877197266,47.9809832254156,47.45863683312146,47.9809832254156,55600,VBR
2007-08-28,46.19688415527344,47.21443669250651,46.16296884268957,47.21443669250651,84600,VBR
2007-08-29,47.37044906616211,47.38401415189937,46.468218186255996,46.468218186255996,58100,VBR
2007-08-30,47.0991096496582,47.58753563687883,46.86846174434214,46.936302712431065,48600,VBR
2007-08-31,47.6350212097168,47.87923420332967,47.275486851214296,47.58075050546078,43200,VBR
2007-09-04,48.04203414916992,48.37443310717156,47.53325801577338,47.53325801577338,44000,VBR
2007-09-05,47.39760208129883,47.82497231109715,47.282275519620406,47.82497231109715,42000,VBR
2007-09-06,47.5264778137207,47.68928991968022,47.13302816316606,47.59431877897334,66900,VBR
2007-09-07,46.65816116333008,46.9430745480749,46.481783992781146,46.84810341982662,104200,VBR
2007-09-10,46.21723937988281,46.96344879504558,45.722033323137055,46.96344879504558,66300,VBR
2007-09-11,46.82097625732422,46.84133165311152,46.386820973567886,46.50214751420568,40200,VBR
2007-09-12,46.583553314208984,46.94308771132808,46.54285286941505,46.820981201406525,41300,VBR
2007-09-13,46.80739212036133,47.14657612123351,46.45464303669059,46.80060699119349,45400,VBR
2007-09-14,47.01091384887695,47.03804401981675,46.3800312759946,46.3800312759946,45600,VBR
2007-09-17,46.644596099853516,46.96342996292846,46.60389049091442,46.96342996292846,48000,VBR
2007-09-18,48.40834045410156,48.40834045410156,46.63101444706078,46.834526915426075,81300,VBR
2007-09-19,49.10029602050781,49.453050437178575,48.87643841341458,48.93748907656562,102400,VBR
2007-09-20,48.557594299316406,49.02566481193495,48.3472966496384,49.0188848566996,64900,VBR
2007-09-21,48.625431060791016,48.9035593216601,48.60508084359797,48.68648171237016,46900,VBR
2007-09-24,48.096290588378906,48.700037673664745,48.06915524824352,48.64576699339397,57000,VBR
2007-09-25,47.899574279785156,47.94027471158838,47.56717534380322,47.899574279785156,102700,VBR
2007-09-26,48.2862434387207,48.43548525459794,48.01489515308373,48.13021649242957,137500,VBR
2007-09-27,48.564369201660156,48.577939461795644,48.360861879468175,48.367647009535915,56600,VBR
2007-09-28,48.04881286621094,48.60507449078264,48.048812866210945,48.503318242578764,67700,VBR
2007-10-01,49.107059478759766,49.154545032098774,48.20482878978145,48.23196413105191,128100,VBR
2007-10-02,49.44623947143555,49.459809728738854,49.13419083543698,49.13419083543698,32100,VBR
2007-10-03,49.107059478759766,49.391972798793816,48.842496370794265,49.27665148004724,19000,VBR
2007-10-04,49.22237014770508,49.269855690770065,49.13418418930896,49.22915527543894,27300,VBR
2007-10-05,49.9957275390625,50.19245491164253,49.4394658969713,49.60227796944039,97200,VBR
2007-10-08,49.731170654296875,50.1042752312748,49.59549908568959,49.92789805165445,66200,VBR
2007-10-09,49.9957275390625,50.036433144948745,49.48695145755696,49.86684111778023,39300,VBR
2007-10-10,49.79901885986328,50.01609650654275,49.486964890693415,49.968610933067225,127900,VBR
2007-10-11,49.48018264770508,50.219601568447274,49.22918452776755,50.070359722837885,112200,VBR
2007-10-12,49.54123306274414,49.81936653283393,49.48018240377169,49.554803326208514,41200,VBR
2007-10-15,49.01887893676758,49.67011167285933,48.713610195277944,49.60227589992976,85900,VBR
2007-10-16,48.49653625488281,49.032447699645616,48.48297116949431,49.032447699645616,70600,VBR
2007-10-17,48.48976516723633,48.862864602336785,47.88601265850902,48.84251438276355,115600,VBR
2007-10-18,48.40156555175781,48.61186319364553,48.048816397667764,48.225188386943714,111500,VBR
2007-10-19,46.8277587890625,48.225195707586934,46.82775878906251,48.225195707586934,106300,VBR
2007-10-22,47.66215515136719,47.72320581019411,46.441090219438074,46.54284649302201,135600,VBR
2007-10-23,47.93349075317383,48.0420269540967,47.36365887783126,48.021676739894765,66100,VBR
2007-10-24,47.58075714111328,47.82497016878431,46.82098270218786,47.6892985647626,215100,VBR
2007-10-25,47.540042877197266,48.035248745927696,47.18050857305473,47.702849789810436,175600,VBR
2007-10-26,48.40834045410156,48.40834045410156,47.66891664954225,48.05558619900666,72800,VBR
2007-10-29,48.32016372680664,48.65934778864554,48.10986608910065,48.57115662022307,88900,VBR
2007-10-30,48.08273696899414,48.37443550696717,47.98776583342513,48.184493235829144,63900,VBR
2007-10-31,48.815364837646484,48.951041554583,48.035240535758575,48.32693900775014,56600,VBR
2007-11-01,47.10587692260742,48.02845784302069,46.97020021340709,48.02845784302069,113500,VBR
2007-11-02,46.854888916015625,47.384015256251026,46.43429879082264,47.384015256251026,291800,VBR
2007-11-05,46.4139404296875,46.72598910954431,46.12902709271443,46.264698631595664,105300,VBR
2007-11-06,47.092315673828125,47.11266589021735,46.13581927476661,46.99055941634373,111200,VBR
2007-11-07,45.58634567260742,46.54963254939232,45.5524303644318,46.15617771067308,150400,VBR
2007-11-08,46.16294860839844,46.26469967709002,45.118261173685106,45.911950562704874,147000,VBR
2007-11-09,45.796634674072266,46.32576099626669,45.28785856803329,45.6338225937523,90600,VBR
2007-11-12,45.34212875366211,46.49535781805873,45.34212875366211,45.90517561110371,116500,VBR
2007-11-13,46.66494369506836,46.80740037950664,45.905169535859486,46.244353596580545,68100,VBR
2007-11-14,46.271484375,47.05839380245454,46.183298391111144,47.05839380245454,51500,VBR
2007-11-15,45.76949691772461,46.46821523847992,45.45066307997306,46.46821523847992,130000,VBR
2007-11-16,45.51171875,46.095115799330934,45.00294261457454,46.095115799330934,125400,VBR
2007-11-19,44.460243225097656,45.25393261230521,44.31778655371714,45.25393261230521,106800,VBR
2007-11-20,44.33814239501953,44.8944040671963,43.639424033380955,44.8944040671963,100100,VBR
2007-11-21,43.951473236083984,44.42632887277581,43.666559854068886,44.344928006793374,96300,VBR
2007-11-23,44.72481918334961,44.87406102728285,44.202477905122315,44.46704111008068,103500,VBR
2007-11-26,43.46983337402344,45.097918009576595,43.415562678546046,45.097918009576595,106400,VBR
2007-11-27,43.992164611816406,44.16175661508134,43.5308741559143,43.686901076154406,132400,VBR
2007-11-28,45.484580993652344,45.518496291702945,44.467028892456874,44.66375107754822,116100,VBR
2007-11-29,45.206459045410156,45.511722682828946,44.92833075862354,44.92833075862354,174100,VBR
2007-11-30,45.46421813964844,46.122235885137755,45.314981536760406,45.7898370358059,85100,VBR
2007-12-03,45.07079315185547,45.620269838721676,45.07079315185547,45.46424284679421,113600,VBR
2007-12-04,44.65019607543945,44.92832953016008,44.41955336468081,44.41955336468081,102600,VBR
2007-12-05,45.4031867980957,45.49137280666082,44.98259662343498,45.315000789530586,126100,VBR
2007-12-06,46.569976806640625,46.624247503419866,45.11148417781412,45.11148417781412,97800,VBR
2007-12-07,46.67851638793945,46.85489357741106,46.47500902366194,46.85489357741106,129900,VBR
2007-12-10,47.0312614440918,47.18050325363511,46.597106275713706,46.915940109640275,129600,VBR
2007-12-11,45.47780990600586,47.40437332820934,45.47780990600586,47.40437332820934,188000,VBR
2007-12-12,45.62025833129883,47.017695071594616,45.11826734676685,47.017695071594616,162300,VBR
2007-12-13,45.532073974609375,45.65418045368179,44.91475644831593,45.65418045368179,194100,VBR
2007-12-14,44.55523681640625,46.41396478731764,44.55523681640625,45.96624433361994,202800,VBR
2007-12-17,43.97860336303711,44.62983609128729,43.92433267513185,44.46024407323659,410300,VBR
2007-12-18,44.69767379760742,45.35569168420465,43.65977143030989,45.35569168420465,432500,VBR
2007-12-19,44.70446014404297,45.016508858184935,44.21603426954666,45.016508858184935,212400,VBR
2007-12-20,45.00924301147461,45.01618185420565,44.17612370825681,44.960644628224784,332600,VBR
2007-12-21,45.890968322753906,45.904856604978065,45.502181169720814,45.904856604978065,116400,VBR
2007-12-24,46.40472412109375,46.467210798240735,45.70351946787068,45.70351946787068,100200,VBR
2007-12-26,46.30059814453125,46.4741646329461,45.8284970841697,46.29365400188257,362400,VBR
2007-12-27,45.16197967529297,46.231144044633275,45.15503553613912,46.02981168060739,196300,VBR
2007-12-28,45.016178131103516,45.946496772291404,45.00229514996313,45.946496772291404,262900,VBR
2007-12-31,44.877323150634766,45.106432045318854,44.52324624947078,45.09254376858464,283600,VBR
2008-01-02,44.12752151489258,44.97452372726602,43.99560935882142,44.87732696915866,130500,VBR
2008-01-03,43.488807678222656,44.53715048052294,43.488807678222656,44.53715048052294,66000,VBR
2008-01-04,42.24606704711914,43.15555607317732,42.14192878052265,43.15555607317732,131300,VBR
2008-01-07,42.461280822753906,42.857011973362134,41.926696032820566,42.62790571962663,613500,VBR
2008-01-08,41.31573486328125,43.037515472339685,41.28102212122069,42.49598663222757,630800,VBR
2008-01-09,41.64900207519531,41.64900207519531,40.454864178777875,41.565688281203236,468900,VBR
2008-01-10,42.09333038330078,42.41963346332337,41.072758950729046,41.2602110086553,496200,VBR
2008-01-11,41.35740280151367,41.98224291933199,41.22549328704677,41.89198764711086,283600,VBR
2008-01-14,41.66288757324219,41.7462013722618,41.28104193051701,41.69065883958206,468400,VBR
2008-01-15,40.77422332763672,41.190784327331244,40.62148402957405,41.190784327331244,206900,VBR
2008-01-16,41.024169921875,41.586526223940226,40.60066732199535,40.60066732199535,356000,VBR
2008-01-17,40.038307189941406,41.32270050177769,39.9897087960874,41.06582289877597,251500,VBR
2008-01-18,39.50371551513672,40.52428419312582,39.17046568121551,40.30906354221767,340800,VBR
2008-01-22,39.70505905151367,40.33684080612088,37.49035216413537,37.49035216413537,500000,VBR
2008-01-23,41.42683410644531,41.42683410644531,38.88582168544499,38.91359294977393,266600,VBR
2008-01-24,41.27409362792969,41.78090723714651,40.836705524693635,41.44071590164885,199400,VBR
2008-01-25,41.04499435424805,41.91977076666824,40.77423110939881,41.89894099123944,123300,VBR
2008-01-28,41.97530746459961,42.01696436387726,40.656204101771955,41.128305033263786,327700,VBR
2008-01-29,42.50294494628906,42.51683057742725,41.676767108253756,42.32937852968176,193600,VBR
2008-01-30,41.85727310180664,43.24580428330233,41.85727310180664,42.41962653532804,226600,VBR
2008-01-31,43.13472366333008,43.4887979638275,41.37128835490701,41.73230679470794,221200,VBR
2008-02-01,44.15528106689453,44.26636343171592,43.17636689927716,43.426302882228406,181300,VBR
2008-02-04,43.80815505981445,44.30802710232733,43.57904880593798,44.30802710232733,139500,VBR
2008-02-05,42.7320442199707,43.613761789316555,42.64178895660429,43.315227389915485,176100,VBR
2008-02-06,42.26689529418945,43.28746404176328,42.26689529418945,43.02364499050658,203700,VBR
2008-02-07,42.98893356323242,43.16249999909511,42.07250299375051,42.55848954384877,174000,VBR
2008-02-08,42.62098693847656,43.19722895756768,42.31551086894799,43.002832687490894,143100,VBR
2008-02-11,42.58626937866211,42.843147013873484,42.06556996629589,42.79454861392577,190400,VBR
2008-02-12,42.884788513183594,43.30829097350374,42.57236844832338,43.002812399678994,165000,VBR
2008-02-13,43.56517028808594,43.61376867255017,43.00975828819938,43.52351339493945,126700,VBR
2008-02-14,42.697330474853516,43.66235914639277,42.63484647066112,43.54433527648093,193800,VBR
2008-02-15,42.70426940917969,42.98891815604008,42.16274317086301,42.98891815604008,261300,VBR
2008-02-19,42.65568542480469,43.25969851572925,42.48211899260159,42.96810553245298,194600,VBR
2008-02-20,43.37771224975586,43.37771224975586,42.29465701327018,42.44045479493709,321200,VBR
2008-02-21,42.683448791503906,43.74567431254213,42.46822550196772,43.467969661451306,227800,VBR
2008-02-22,43.183326721191406,43.183326721191406,41.89893359750843,42.65568331033797,166800,VBR
2008-02-25,43.62765121459961,43.69707671651485,42.42657202225662,42.794531949551036,297700,VBR
2008-02-26,43.9470100402832,44.34968534202032,43.37077099450263,43.75955801862071,171300,VBR
2008-02-27,43.8359375,44.287211281101804,43.53740302605516,43.75956784642152,112600,VBR
2008-02-28,43.07223892211914,43.579052497751626,42.91949964098688,43.579052497751626,242000,VBR
2008-02-29,42.00307846069336,42.7112298533775,41.76008650417053,42.65568732136446,87900,VBR
2008-03-03,41.871158599853516,42.05166648757898,41.35740089901282,42.05166648757898,256000,VBR
2008-03-04,41.683712005615234,41.90587681103728,41.08664309788847,41.43377593741209,314700,VBR
2008-03-05,41.954490661621094,42.162769912426796,41.399078443334446,41.91283375209421,470800,VBR
2008-03-06,40.55204772949219,41.68370123550159,40.4965078666936,41.63510286239806,258900,VBR
2008-03-07,40.51735305786133,40.95474125931256,40.017480827631346,40.017480827631346,618100,VBR
2008-03-10,39.89945602416992,40.64232021179299,39.71200394200142,40.64232021179299,360400,VBR
2008-03-11,41.364356994628906,41.40601124699894,40.246588650193566,40.75340235853488,423100,VBR
2008-03-12,40.96553421020508,41.93130877657211,40.90300191056103,41.77845410557767,1176300,VBR
2008-03-13,41.56306838989258,41.702029363321046,40.15956759413932,40.61813695113116,293200,VBR
2008-03-14,40.74319839477539,41.98689490206141,40.242939989507285,41.98689490206141,396400,VBR
2008-03-17,40.138729095458984,41.570022784287225,39.74269199741931,40.72236313211647,584300,VBR
2008-03-18,41.77150344848633,41.78539980918642,40.50696377983583,41.2642982100021,389700,VBR
2008-03-19,40.83352279663086,42.36903491664865,40.83352279663086,42.36903491664865,194700,VBR
2008-03-20,41.81319808959961,41.931313195563945,40.88910985863566,41.542225646071884,248200,VBR
2008-03-24,42.89012908935547,43.07772595592835,41.9799374738632,42.4940921434103,334400,VBR
2008-03-25,42.9735107421875,43.26532901544674,42.46630550461242,43.26532901544674,390300,VBR
2008-03-26,42.49408721923828,42.81369548060387,42.32733358478805,42.32733358478805,220800,VBR
2008-03-27,42.14669418334961,43.09857229345359,42.04247281087752,43.09857229345359,207700,VBR
2008-03-28,41.65337371826172,42.501030219361986,41.50051645474545,42.501030219361986,161200,VBR
2008-03-31,41.84099578857422,42.2787193337875,41.472748763437686,42.03553958644679,166000,VBR
2008-04-01,43.39039993286133,43.39039993286133,41.93131365490203,42.674751831351415,188600,VBR
2008-04-02,43.494606018066406,43.8350601789705,43.22363365043835,43.75168467749866,116100,VBR
2008-04-03,43.737796783447266,43.75864000023417,43.17500607606139,43.2444878827843,88500,VBR
2008-04-04,43.494606018066406,43.883696109034034,43.28616593915709,43.842007033068406,171800,VBR
2008-04-07,43.44597244262695,43.95317763396354,43.355650082162036,43.75863390316582,119600,VBR
2008-04-08,43.487667083740234,43.57104260039604,43.14026600547117,43.24448738913584,109600,VBR
2008-04-09,42.68864440917969,43.758640388056214,42.49410064955121,43.758640388056214,106600,VBR
2008-04-10,42.94572067260742,43.0916284840116,42.34124091028763,42.92487480636412,94700,VBR
2008-04-11,42.02163314819336,42.75117486577932,41.88267218997227,42.75117486577932,103700,VBR
2008-04-14,41.90352249145508,42.27176681682407,41.77845788086559,42.27176681682407,103700,VBR
2008-04-15,42.29259490966797,42.29259490966797,41.83402571832826,41.896558001259095,110200,VBR
2008-04-16,43.64748001098633,43.64748001098633,42.70254846460589,42.89709490974684,86200,VBR
2008-04-17,43.494606018066406,43.633566954159086,43.11246543165609,43.633566954159086,135300,VBR
2008-04-18,43.82811737060547,44.39090537056513,43.82811737060547,44.39090537056513,122800,VBR
2008-04-21,43.765594482421875,44.10604609746479,43.522412106931,44.10604609746479,86800,VBR
2008-04-22,43.05689239501953,43.82812324699418,42.69559493956924,43.82812324699418,79500,VBR
2008-04-23,43.084678649902344,43.31396462361174,42.785916174264294,43.16805681332018,121800,VBR
2008-04-24,43.52935791015625,43.8767590023348,42.61221923884168,43.31396827883996,440000,VBR
2008-04-25,44.05740737915039,44.1338360451948,43.3556583236209,43.95318598900618,101500,VBR
2008-04-28,44.293617248535156,44.47426721098212,43.83504814068632,44.21718862215057,122200,VBR
2008-04-29,44.08518981933594,44.40479812054722,43.84200751588084,44.40479812054722,126600,VBR
2008-04-30,43.800331115722656,44.50208281864158,43.71000608802358,44.25890045952253,122800,VBR
2008-05-01,44.73137283325195,44.78695829278784,43.83507982715089,43.93930123855037,67800,VBR
2008-05-02,44.689666748046875,45.23856099265319,44.55765266489936,45.14823863629475,137300,VBR
2008-05-05,44.5090217590332,44.73135822363871,44.30753116017552,44.73135822363871,95400,VBR
2008-05-06,44.69662857055664,44.870329127444315,44.1199414494687,44.293642006356365,96800,VBR
2008-05-07,44.119930267333984,45.03706876321661,44.0296052585163,44.89811047329338,85400,VBR
2008-05-08,44.147735595703125,44.30753979512833,43.83507405314938,44.2936434320748,108400,VBR
2008-05-09,44.1546630859375,44.34920943289937,43.70304341184758,43.89758710835037,79600,VBR
2008-05-12,44.89812469482422,44.953704847847206,44.18942340934451,44.30059166677146,61800,VBR
2008-05-13,45.078758239746094,45.43310879421805,44.73830669575817,45.43310879421805,152900,VBR
2008-05-14,45.21772003173828,45.64154971892346,45.162134593863705,45.30109288763102,131800,VBR
2008-05-15,45.690185546875,45.69712975090403,45.05791311957218,45.41921316400782,325100,VBR
2008-05-16,45.57207107543945,45.86389201098939,45.10655490101711,45.85694250514016,173200,VBR
2008-05-19,45.59987258911133,46.02370241198798,45.32195591260012,45.63461482413564,71600,VBR
2008-05-20,45.335845947265625,45.412274617380625,44.97455111656595,45.412274617380625,192100,VBR
2008-05-21,44.793907165527344,45.69714701603709,44.647999312004714,45.55123916251446,343000,VBR
2008-05-22,45.03012466430664,45.28025385693161,44.89116635770148,44.91895907920644,490200,VBR
2008-05-23,44.52986145019531,44.96759014028109,44.26583857590857,44.74525369327145,158100,VBR
2008-05-27,44.988441467285156,45.09961236129842,44.5020820582771,44.5020820582771,96900,VBR
2008-05-28,45.169090270996094,45.20382719872502,44.74526052589635,45.20382719872502,118700,VBR
2008-05-29,45.5164909362793,45.82914978757082,45.09961070091734,45.09961070091734,97700,VBR
2008-05-30,45.61376190185547,45.6207114075664,45.2663608291847,45.48174779794628,257900,VBR
2008-06-02,45.099613189697266,45.53038715961124,44.63409168861591,45.53038715961124,232700,VBR
2008-06-03,45.04401397705078,45.37751596146438,44.64102755337575,45.32888003453247,357900,VBR
2008-06-04,45.30805206298828,45.69713960931756,44.884222285342354,45.17603794508931,60400,VBR
2008-06-05,46.16265869140625,46.16265869140625,45.321948686877185,45.641557054646256,61800,VBR
2008-06-06,44.738319396972656,46.1765599370645,44.73136988975767,46.07928803973816,100800,VBR
2008-06-09,44.342281341552734,45.09961858398282,44.036569292215184,45.09961858398282,160900,VBR
2008-06-10,44.238040924072266,44.48122055760151,43.939278510218855,43.987914436924704,250100,VBR
2008-06-11,43.26531982421875,44.16161501891177,43.25837032012761,44.15466551482063,67200,VBR
2008-06-12,43.41123580932617,44.01571290699933,43.18195248970934,43.508507681312686,79800,VBR
2008-06-13,43.987911224365234,44.015701287268115,43.42512070585214,43.79336488129088,58200,VBR
2008-06-16,44.244998931884766,44.37701037967861,43.77253328125664,43.842012432630305,49900,VBR
2008-06-17,43.87675857543945,44.48123307736015,43.84201634619163,44.48123307736015,160200,VBR
2008-06-18,43.404296875,43.6822161813261,43.14721813731158,43.6822161813261,158000,VBR
2008-06-19,43.737796783447266,43.737796783447266,43.161109714716815,43.39734255665484,105900,VBR
2008-06-20,43.00824737548828,43.52934890596451,42.75116871212254,43.52934890596451,93200,VBR
2008-06-23,42.375972747802734,43.293111123857706,42.375972747802734,43.293111123857706,94200,VBR
2008-06-24,41.979942321777344,42.55662934677885,41.778451723709324,42.24396786638404,92400,VBR
2008-06-25,42.41072082519531,42.792861450149196,42.0146838401846,42.12585207017955,83900,VBR
2008-06-26,41.1044921875,42.000787533864525,41.1044921875,42.000787533864525,126500,VBR
2008-06-27,40.868255615234375,41.34766806672721,40.66676238834022,41.194813420858736,107700,VBR
2008-06-30,40.43052673339844,41.0419532250554,40.40273666822345,40.79877358940395,150700,VBR
2008-07-01,40.44442367553711,40.50695596138795,39.603713893899645,39.86078989108232,151100,VBR
2008-07-02,39.39527893066406,40.63897530464076,39.36748621102601,40.50696121158983,125100,VBR
2008-07-03,38.978397369384766,40.3402115213804,38.94365779392451,40.090082337331,79500,VBR
2008-07-07,38.672691345214844,39.47171495604421,38.26970743704169,39.18684615270211,277100,VBR
2008-07-08,40.1595573425293,40.1595573425293,38.43644860307404,38.79079912738387,502400,VBR
2008-07-09,38.96451950073242,40.215163278973364,38.922830402955434,40.215163278973364,126000,VBR
2008-07-10,39.21463394165039,39.624567332369914,38.7560646105455,38.98535060132793,155700,VBR
2008-07-11,39.26327133178711,39.659311025985524,38.44340717053549,38.853337925931264,848300,VBR
2008-07-14,38.44340515136719,39.58288028055223,38.339183766190054,39.42307610028457,310500,VBR
2008-07-15,38.109893798828125,38.97839641639905,37.35950891548587,37.82502504628325,352800,VBR
2008-07-16,39.68014144897461,39.7496205866983,38.040408354287116,38.19326563783029,705100,VBR
2008-07-17,40.56254959106445,40.8265724953849,39.6593073410328,40.04144798714698,141200,VBR
2008-07-18,40.57644271850586,40.847415106876596,40.2776776106972,40.847415106876596,109000,VBR
2008-07-21,40.95859909057617,40.979442312943014,40.54171609001497,40.701522963029504,139500,VBR
2008-07-22,42.13974380493164,42.19532658859845,40.458321529045776,40.67371111059568,203900,VBR
2008-07-23,42.5566291809082,42.90403023544623,41.931306222555875,42.16753904566012,141200,VBR
2008-07-24,41.375465393066406,42.716433686239974,41.146182073494515,42.716433686239974,213900,VBR
2008-07-25,41.54220962524414,41.9035069607662,41.23649506801672,41.70896061058717,116200,VBR
2008-07-28,40.93080520629883,41.86878729280665,40.75710462357808,41.86878729280665,70200,VBR
2008-07-29,42.13280487060547,42.1467012326233,40.92385053011471,41.03501877579731,149300,VBR
2008-07-30,42.362083435058594,42.67474224898829,41.64643549424323,42.38987350375796,130600,VBR
2008-07-31,42.07025909423828,42.43850594363386,41.74370396800495,41.89655860033106,163500,VBR
2008-08-01,42.23701858520508,42.3481868106862,41.4449446473446,42.19532950672732,73700,VBR
2008-08-04,41.611698150634766,43.049938313445985,41.2642970939082,43.049938313445985,71300,VBR
2008-08-05,42.77203369140625,42.79982377110246,41.966063070082264,42.0841781975579,72600,VBR
2008-08-06,42.876243591308594,42.980464982623936,42.27176641287585,42.82760764881746,87700,VBR
2008-08-07,42.056373596191406,42.70253981241182,41.917415285552075,42.306502796078,74300,VBR
2008-08-08,43.22364044189453,43.390394121498574,41.93825754460684,42.13975080107762,136000,VBR
2008-08-11,44.293617248535156,44.77997641560311,43.244467637555985,43.40427174251526,105200,VBR
2008-08-12,43.82811737060547,44.356165795950034,43.675260061747466,44.27279028678187,91100,VBR
2008-08-13,43.730838775634766,43.9879174348398,43.209737253592344,43.84200699431877,54900,VBR
2008-08-14,44.17552185058594,44.38396196493419,43.49461341300986,43.61273115643178,117400,VBR
2008-08-15,44.377017974853516,44.8564305624871,43.9879304198327,44.49513573295639,124300,VBR
2008-08-18,43.64748001098633,44.4395542041404,43.44598670908982,44.39091825547027,148700,VBR
2008-08-19,42.90404510498047,43.612743819911536,42.78592997772227,43.612743819911536,139400,VBR
2008-08-20,42.94572067260742,43.307018098793804,42.52883780371862,43.077732123336,279200,VBR
2008-08-21,42.549678802490234,42.85539075100226,42.38292514391854,42.716429810602435,92200,VBR
2008-08-22,43.35563278198242,43.41816504913797,42.799789229284876,42.848425142577135,294000,VBR
2008-08-25,42.46630096435547,43.223635312194325,42.29260045017646,43.223635312194325,99700,VBR
2008-08-26,42.59832000732422,42.73727831446626,42.1605939185393,42.51494184248721,63300,VBR
2008-08-27,43.05689239501953,43.3070216065205,42.5913735512905,42.709491301370406,48600,VBR
2008-08-28,43.87675857543945,43.994873673410176,43.209746470596684,43.30007149581309,58700,VBR
2008-08-29,43.58493423461914,43.911492060922704,43.44597328829041,43.876752486955425,73600,VBR
2008-09-02,43.8142204284668,44.66882667484854,43.327858438939245,44.34921835190114,71600,VBR
2008-09-03,44.126888275146484,44.30058883191451,43.59883974877416,43.793383524207094,72700,VBR
2008-09-04,43.01521682739258,43.911512566783756,42.841516225981614,43.911512566783756,88500,VBR
2008-09-05,42.98044967651367,43.09856473751208,42.00077901877612,42.88317782617165,97400,VBR
2008-09-08,44.099098205566406,44.891172320447524,43.459878778346095,44.891172320447524,101700,VBR
2008-09-09,42.70253372192383,44.377006570719345,42.70253372192383,44.2033060567345,149800,VBR
2008-09-10,43.154151916503906,43.473760195005156,42.452400424078085,43.17499512800553,122500,VBR
2008-09-11,43.36260223388672,43.37649859499266,42.19533440558586,42.95961836365373,194400,VBR
2008-09-12,43.52935791015625,43.77253761449724,42.84150258144033,43.15416409449302,151800,VBR
2008-09-15,41.743709564208984,43.15415691567471,41.688124126486414,41.69507098097196,155000,VBR
2008-09-16,42.94572067260742,42.94572067260742,40.97942936959574,41.06280488318959,232400,VBR
2008-09-17,40.88215637207031,42.38292882782405,40.687612628876586,42.38292882782405,321000,VBR
2008-09-18,43.369544982910156,43.48766271589719,40.29852103168191,41.000269973100345,245800,VBR
2008-09-19,45.1760368347168,51.02627540336017,44.47429042746675,47.21875700457841,148400,VBR
2008-09-22,43.11247634887695,45.29415750193485,43.07773676867165,45.280258489300635,77600,VBR
2008-09-23,42.70253372192383,43.54324357350019,42.54272956711291,43.07772746824137,232700,VBR
2008-09-24,42.209232330322266,42.81370948329438,42.021635424132306,42.81370948329438,133000,VBR
2008-09-25,42.5566291809082,43.00130210664332,42.188384911245,42.26481356731692,137400,VBR
2008-09-26,42.50105285644531,42.508002363284184,41.597810450992725,42.02164025251424,96300,VBR
2008-09-29,39.76353454589844,41.84099454913091,39.61762670181619,41.84099454913091,164100,VBR
2008-09-30,41.26430130004883,41.26430130004883,39.73573596455071,40.73625280620184,461800,VBR
2008-10-01,40.75014877319336,40.944692534758744,40.24989035721383,40.944692534758744,110600,VBR
2008-10-02,39.02702331542969,40.493055818547845,38.90890825900661,40.493055818547845,60600,VBR
2008-10-03,37.852813720703125,40.006701572361834,37.79723093735792,39.49254691150697,167400,VBR
2008-10-06,36.75503158569336,37.03295083114922,34.75400082629685,36.90093938834216,480500,VBR
2008-10-07,34.3927001953125,36.9843114273284,34.21205283523622,36.67164998637004,193700,VBR
2008-10-08,33.461669921875,34.788741862228626,32.79466052420673,33.51030585813458,286900,VBR
2008-10-09,30.779741287231445,34.05920898363537,30.543508399770815,34.045312619612936,234400,VBR
2008-10-10,31.648225784301758,32.15543084955091,28.49382454517633,28.910707272414037,701500,VBR
2008-10-13,34.49691390991211,34.49691390991211,32.551466553306604,33.28795748976205,344200,VBR
2008-10-14,33.989715576171875,36.324250926872516,32.75991825972804,36.26171863531948,421600,VBR
2008-10-15,30.79364013671875,33.399148965866615,30.74500418394484,33.05869729644925,279900,VBR
2008-10-16,32.45420455932617,32.45420455932617,29.43876342251793,31.05765354306581,288100,VBR
2008-10-17,31.620450973510742,33.16986240878472,31.203570660725706,31.34253164847418,226600,VBR
2008-10-20,32.8710823059082,32.93361458951391,31.620436633794135,32.23186311233221,190300,VBR
2008-10-21,32.009525299072266,32.85718451760235,31.85666802347922,32.53757625996149,164300,VBR
2008-10-22,30.321165084838867,31.523172473713537,29.626362942104855,31.20356412416625,236500,VBR
2008-10-23,29.53605079650879,30.654683158008226,28.153395414010976,30.647736299755003,241700,VBR
2008-10-24,28.507726669311523,29.223374568211362,27.618380911990663,27.618380911990663,238400,VBR
2008-10-27,27.27792739868164,28.875974238846297,27.250137330947425,27.792082083427218,210500,VBR
2008-10-28,29.355382919311523,29.36232977273537,26.854096914181063,27.88935035417895,251600,VBR
2008-10-29,29.737529754638672,30.751940198334573,29.181688597165554,29.536036506786008,192700,VBR
2008-10-30,31.03680419921875,31.064596915446682,30.00155069909171,30.772781346431316,245700,VBR
2008-10-31,32.20407485961914,32.55147589435272,30.606030629936576,31.0923926086555,1091500,VBR
2008-11-03,32.40557098388672,32.73907568889803,32.19018401945055,32.32219547024884,202000,VBR
2008-11-04,32.8571891784668,33.16290112255974,32.19712670895349,33.08647247392164,283800,VBR
2008-11-05,30.9256534576416,32.66960895461251,30.9256534576416,32.55149116913736,259400,VBR
2008-11-06,29.800060272216797,31.05070346451525,29.800060272216797,30.918692025761704,218900,VBR
2008-11-07,30.529598236083984,30.65466280529516,29.647199397964776,30.161354032550644,235100,VBR
2008-11-10,29.598569869995117,31.217460115627023,29.3275974616093,31.113238735266417,218900,VBR
2008-11-11,29.04967498779297,29.80005983190078,28.750909890932963,29.397076016657206,262200,VBR
2008-11-12,27.43077850341797,28.757850017182125,27.375195730042666,28.632785464014077,240800,VBR
2008-11-13,29.7236270904541,29.730576594332216,26.277409994552585,27.625324846859616,256200,VBR
2008-11-14,27.778186798095703,29.48739927618578,27.701758145338413,29.181687315616205,141400,VBR
2008-11-17,27.437744140625,28.215921978677212,27.277937278361183,27.56975562416854,225200,VBR
2008-11-18,27.27098846435547,27.85462246362378,26.159305918349286,27.402999938424873,246900,VBR
2008-11-19,25.151845932006836,27.458589552410782,25.15184593200684,27.236253009513582,178300,VBR
2008-11-20,23.33839988708496,25.506181440786282,23.310607170258947,25.05456171943066,953100,VBR
2008-11-21,24.679365158081055,24.783583858515193,22.53242706344557,23.873395015945416,371000,VBR
2008-11-24,26.520601272583008,26.77073051290317,24.728012801055687,24.998985261249096,539500,VBR
2008-11-25,27.243186950683594,27.243186950683594,26.006440185862147,27.041693725943645,3985800,VBR
2008-11-26,28.549415588378906,28.68837652480985,26.583124566460643,26.610917283838713,833900,VBR
2008-11-28,29.1260929107666,29.1260929107666,28.188111453129686,28.47992961469016,172300,VBR
2008-12-01,25.24911117553711,28.507732425995705,25.18657887369437,28.507732425995705,342000,VBR
2008-12-02,26.81241226196289,26.833255476129334,25.49923676028532,25.860534158441304,319700,VBR
2008-12-03,27.82682991027832,27.83377941711794,26.166252937286167,26.305213919015525,290700,VBR
2008-12-04,27.01390266418457,28.299285311711845,26.423319370366098,27.465522376618257,306900,VBR
2008-12-05,28.17422866821289,28.2228646101559,25.81190277946952,26.54839141486937,344600,VBR
2008-12-08,29.292856216430664,29.45960988541725,28.695325990713236,28.84818329974597,477700,VBR
2008-12-09,28.36182403564453,29.89733617727486,28.11169483329644,28.938511102220392,436300,VBR
2008-12-10,29.00798797607422,29.33454581461066,28.382665019400115,28.65364006759869,358400,VBR
2008-12-11,27.58363914489746,29.1260977386776,27.173705870548226,28.79259310622624,263300,VBR
2008-12-12,28.500789642333984,28.528582369448152,26.576187022273572,26.73599122748952,280400,VBR
2008-12-15,27.58363914489746,28.723113968387743,27.097277228650356,28.723113968387743,394600,VBR
2008-12-16,29.50824546813965,29.50824546813965,27.98662720208369,29.50824546813965,330700,VBR
2008-12-17,29.716676712036133,30.119660424012856,28.86207071808285,29.31369034960058,474600,VBR
2008-12-18,29.223384857177734,30.00156266881425,28.646697692434174,29.737537060229226,238700,VBR
2008-12-19,29.54993438720703,30.1405178009029,29.174743243148534,29.529091170998182,403600,VBR
2008-12-22,28.743967056274414,29.772274022281,28.014425256457724,29.675002135700126,330300,VBR
2008-12-23,28.459089279174805,29.18168399516532,28.236752851248383,29.098308497307734,352700,VBR
2008-12-24,28.564489364624023,28.69354601078693,28.148639563640828,28.46411258095559,196900,VBR
2008-12-26,29.009023666381836,29.009023666381832,28.471288415712092,28.93015539200687,247700,VBR
2008-12-29,28.3852596282959,29.016203267986583,28.033937961006853,28.915826430207915,513800,VBR
2008-12-30,29.518068313598633,29.532408243276276,28.621843221710478,28.657694413435543,428300,VBR
2008-12-31,30.42863655090332,30.758449498220298,29.525242766235444,29.525242766235444,451400,VBR
2009-01-02,30.865997314453125,31.13845055849028,30.12750857765662,30.615055336433663,201700,VBR
2009-01-05,30.85883140563965,31.13128193836259,30.29241633723838,31.030905138405437,331200,VBR
2009-01-06,31.525630950927734,31.905629710461273,30.98789561872895,31.174309330463327,390500,VBR
2009-01-07,30.478824615478516,31.095427974854147,30.199202797869145,31.02373105472022,364200,VBR
2009-01-08,30.74411392211914,30.808642254097837,30.192038800759757,30.36411252932788,278300,VBR
2009-01-09,29.618452072143555,30.887507312597762,29.532412481729413,30.837316183991685,296000,VBR
2009-01-12,28.70789337158203,29.654307198331953,28.528648287196624,29.654307198331953,433300,VBR
2009-01-13,29.0592098236084,29.195437827016146,28.464117614456168,28.61468281658427,430900,VBR
2009-01-14,27.811664581298828,28.614681696271962,27.704116449667893,28.614681696271962,373300,VBR
2009-01-15,28.105615615844727,28.492785459432188,26.779201018753202,27.811653934986442,644600,VBR
2009-01-16,28.36374282836914,28.672044588954027,27.460346081285973,28.664873254021597,565800,VBR
2009-01-20,26.341856002807617,28.23468345497341,26.32034473512666,28.134306656004412,904500,VBR
2009-01-21,27.67542839050293,27.747128035385934,26.14109154580999,26.729014958541644,517800,VBR
2009-01-22,26.714677810668945,27.474677715177013,26.291659434537614,27.19505590867805,491400,VBR
2009-01-23,27.02298927307129,27.281102644954924,25.96902998463054,26.069406799237942,653100,VBR
2009-01-26,27.16637420654297,27.797317429126053,26.77920431529458,27.00146911991389,447900,VBR
2009-01-27,27.553546905517578,27.69694348004348,27.08750872207394,27.29543361838339,283800,VBR
2009-01-28,28.643362045288086,28.75807877793124,28.019589982482355,28.07694698127261,245000,VBR
2009-01-29,27.316940307617188,28.299204999178077,27.302603112686096,28.299204999178077,350100,VBR
2009-01-30,26.657320022583008,27.668261842264098,26.399206752015584,27.58222499709562,514400,VBR
2009-02-02,26.693172454833984,26.92260589948785,26.07656904667832,26.148268707546656,329200,VBR
2009-02-03,26.850914001464844,27.07317615411884,26.463743965466186,26.987139280029,296000,VBR
2009-02-04,26.592796325683594,27.34562500560815,26.478079600505207,26.886758104894607,371500,VBR
2009-02-05,26.879594802856445,27.25242218185597,26.205631516447514,26.427896411868357,397600,VBR
2009-02-06,27.99807357788086,28.033922037430393,26.850906461922893,26.886754921472427,354800,VBR
2009-02-09,27.9765625,28.14863618418364,27.60373253751958,27.93354271142314,467500,VBR
2009-02-10,26.5426025390625,28.07693945237722,26.39920597794501,27.77580913558622,1087700,VBR
2009-02-11,26.671667098999023,26.843740835441228,26.205628820597823,26.62864729735711,316100,VBR
2009-02-12,26.72902488708496,26.736196221767962,25.653554429910667,26.24147806102759,524400,VBR
2009-02-13,26.24146842956543,26.944111277215402,26.24146842956543,26.635809640510352,233900,VBR
2009-02-17,25.072795867919922,25.53166271070255,25.029776075760754,25.48147432071458,346600,VBR
2009-02-18,24.800342559814453,25.230529539517484,24.55656920863284,25.230529539517484,287000,VBR
2009-02-19,24.198083877563477,25.13015767250154,24.169404010626884,24.92940407407069,407800,VBR
2009-02-20,23.918458938598633,24.18374083601158,23.208647365987208,23.89695040869178,986000,VBR
2009-02-23,22.900348663330078,24.13355415230639,22.857328865406853,24.054685890311724,501600,VBR
2009-02-24,23.90412139892578,24.04034666040432,22.893179366209875,23.058084493808916,398300,VBR
2009-02-25,23.502613067626953,24.04034828596543,23.022237585408035,23.775066344069355,1014600,VBR
2009-02-26,23.20147705078125,24.011665349753258,23.04374054963747,23.818080389730103,344600,VBR
2009-02-27,22.921857833862305,23.452423048593975,22.678084442292178,22.778462606047178,343700,VBR
2009-03-02,21.53091049194336,22.448644042282357,21.502230634729834,22.38411573108279,343900,VBR
2009-03-03,21.036197662353516,21.803366202296242,20.935820879192743,21.803366202296242,411300,VBR
2009-03-04,21.552425384521484,21.932425399678316,21.07204857452488,21.366010360153865,289600,VBR
2009-03-05,20.29770851135254,21.2584620618822,20.18299179196373,21.086386982798984,222900,VBR
2009-03-06,20.254688262939453,20.742234960285973,19.709783211053995,20.54148003563416,580600,VBR
2009-03-09,19.92487907409668,20.541481074697522,19.77431253110885,19.975067465915586,318700,VBR
2009-03-10,21.487899780273438,21.50223971493583,20.30488252125504,20.355070925041968,312500,VBR
2009-03-11,21.466386795043945,22.08298881483673,21.29431171736704,21.767518522861316,292400,VBR
2009-03-12,22.764122009277344,22.900348634131372,21.115068048531167,21.430538361045112,253700,VBR
2009-03-13,23.036569595336914,23.165626222150372,22.58487140148981,23.015058334160127,253800,VBR
2009-03-16,22.728273391723633,23.703366922986852,22.699593526671784,23.359216747552033,224700,VBR
2009-03-17,23.760726928710938,23.760726928710938,22.55619979453418,22.792804608598065,170500,VBR
2009-03-18,24.735816955566406,24.90072207372936,23.38072481213232,23.68902651762988,399400,VBR
2009-03-19,24.441858291625977,25.194687052074105,24.42034975806147,25.194687052074105,228200,VBR
2009-03-20,23.624494552612305,24.66411623188934,23.567134832485188,24.592416581730447,133800,VBR
2009-03-23,25.794090270996094,25.794090270996094,24.258215492318538,24.516587462152756,185700,VBR
2009-03-24,24.774974822998047,25.70080737745986,24.7606205115562,25.52138259114424,196700,VBR
2009-03-25,25.356304168701172,25.837161131162954,24.193629946579883,25.026160584627412,264200,VBR
2009-03-26,26.39696502685547,26.39696502685547,25.4639569916583,25.772567741902574,242600,VBR
2009-03-27,25.58597755432129,26.145782053768528,25.51420599169653,26.023771766209027,369900,VBR
2009-03-30,24.502241134643555,24.93286213712732,24.222338988821395,24.93286213712732,269600,VBR
2009-03-31,24.947216033935547,25.550083303413153,24.545306346153417,24.875447229061425,140600,VBR
2009-04-01,25.40654754638672,25.52855507113076,24.329998967943293,24.574016755235988,292100,VBR
2009-04-02,26.734294891357422,27.121853111956373,26.12425167352233,26.325206571104687,201000,VBR
2009-04-03,27.444820404052734,27.451996191886845,26.518987718547187,26.820420088076236,160500,VBR
2009-04-06,26.98548126220703,27.12902160954094,26.497445723954392,27.114667301027108,140100,VBR
2009-04-07,25.951993942260742,26.71275581544989,25.951993942260742,26.56921547777968,171800,VBR
2009-04-08,26.404151916503906,26.490275046388536,25.90893775960619,26.196018509628196,242300,VBR
2009-04-09,28.191221237182617,28.22710838429174,27.114672531227416,27.35151456068393,286400,VBR
2009-04-13,28.370634078979492,28.621830313978403,27.61705084959032,27.968724483467284,257300,VBR
2009-04-14,27.37303924560547,28.39217324269818,27.37303924560547,28.004615128121895,258000,VBR
2009-04-15,27.99025535583496,28.0404940566801,27.129016181940806,27.215139277989064,153700,VBR
2009-04-16,28.837141036987305,29.131397466433956,27.846715822199393,28.32757549244866,207300,VBR
2009-04-17,29.274940490722656,29.56919694732464,28.571595856352154,29.009389911059156,678000,VBR
2009-04-20,27.358680725097656,28.707955395259987,27.3012662379652,28.664892476557668,208700,VBR
2009-04-21,28.55724334716797,28.60748205722898,27.028543738413806,27.27973728871888,194500,VBR
2009-04-22,28.52853775024414,29.375422863489597,27.99743923906467,28.126625289410903,854700,VBR
2009-04-23,28.550067901611328,28.743846977507904,27.961554887912694,28.636193760546245,412000,VBR
2009-04-24,29.303653717041016,29.698387649558274,28.564421829005642,28.901741260806297,592900,VBR
2009-04-27,28.758195877075195,29.303648596495467,28.521356654072182,28.715132955709127,217200,VBR
2009-04-28,28.844324111938477,29.38977692836701,28.341936962339343,28.442414392259167,355800,VBR
2009-04-29,30.050048828125,30.337129451259006,29.16010382445629,29.203164001463783,250600,VBR
2009-04-30,29.827573776245117,30.803642193410887,29.827573776245117,30.559627142472916,294300,VBR
2009-05-01,29.956764221191406,30.258196555031432,29.748630807175182,29.935231384627812,307700,VBR
2009-05-04,31.442392349243164,31.44956813419241,30.207949264849756,30.315605203718206,221600,VBR
2009-05-05,31.169675827026367,31.435223758920344,30.739057411100724,31.334746311058034,1552200,VBR
2009-05-06,31.600296020507812,31.794075139916202,30.810827967633873,31.535702980705015,516900,VBR
2009-05-07,30.7462215423584,32.31080539171897,30.473495188833912,32.26056668683342,879300,VBR
2009-05-08,32.12421417236328,32.18163142105307,31.018959513135908,31.24862303228485,451500,VBR
2009-05-11,31.3060245513916,31.72229121822954,31.16248422704045,31.57157510967262,272200,VBR
2009-05-12,30.832347869873047,31.7294716049448,30.251013441741343,31.57157968927914,191000,VBR
2009-05-13,29.181636810302734,30.36584107605135,29.181636810302734,30.2151222281496,264400,VBR
2009-05-14,29.83475112915039,30.19360067627782,28.987865978905266,29.1888208491991,216300,VBR
2009-05-15,29.389780044555664,30.042886146087792,29.160116541015018,29.67685805507901,225900,VBR
2009-05-18,30.710338592529297,30.810816007038788,29.762976201719507,29.82756921644764,206700,VBR
2009-05-19,30.609851837158203,31.069178584922174,30.365834160183173,30.73903782719224,245000,VBR
2009-05-20,30.358665466308594,31.52851553791996,30.279718142644647,30.96153270233732,241500,VBR
2009-05-21,29.985469818115234,30.18642744321133,29.483082599887506,29.97829403119984,237200,VBR
2009-05-22,29.684043884277344,30.193609737040127,29.669689569548105,30.193609737040127,176700,VBR
2009-05-26,30.990245819091797,31.0907232500567,29.36824440041511,29.425661639712004,391100,VBR
2009-05-27,30.28689956665039,31.162490520187134,30.251015162766876,30.918475478657427,210200,VBR
2009-05-28,30.466327667236328,30.7031669491018,29.70556562751927,30.581159414947884,309700,VBR
2009-05-29,30.96870231628418,30.968702316284176,30.373011036586597,30.573965811519045,144900,VBR
2009-06-01,32.13856506347656,32.425645800756364,31.557230540301944,31.65052945278379,143700,VBR
2009-06-02,32.4256477355957,32.61942683415165,31.966320718783816,32.03808953848381,202900,VBR
2009-06-03,32.04524230957031,32.267727114520525,31.679214504970318,32.174428271452335,142400,VBR
2009-06-04,32.66966247558594,32.66966247558594,31.865840271945086,32.26057421869164,153000,VBR
2009-06-05,32.61942672729492,33.07157795577761,32.32517018700094,33.02133649678623,318700,VBR
2009-06-08,32.27493667602539,32.61225346733007,31.937617146915294,32.41847433812675,140400,VBR
2009-06-09,32.382591247558594,32.58354891077256,32.15292769343308,32.475892921986315,94500,VBR
2009-06-10,32.20315170288086,32.69118721673998,31.65770169564056,32.633772723358824,205700,VBR
2009-06-11,32.17444610595703,32.6768331941938,32.17444610595703,32.274923523604386,177000,VBR
2009-06-12,32.289283752441406,32.296459538815924,31.729476592061335,32.04526594863594,143100,VBR
2009-06-15,31.349088668823242,31.865832761126022,31.047653702378597,31.865832761126022,282200,VBR
2009-06-16,30.76776695251465,31.643360938416503,30.660113704648232,31.614652310529948,485300,VBR
2009-06-17,30.667268753051758,31.040472449770398,30.294065056333114,30.717507448975073,159000,VBR
2009-06-18,30.868236541748047,30.96153818968724,30.380203681138973,30.67446019743512,159200,VBR
2009-06-19,30.97588539123535,31.313204760969167,30.846699366137468,31.262966055409336,242600,VBR
2009-06-22,29.791683197021484,30.782108547424677,29.784507411917573,30.710339745168287,242600,VBR
2009-06-23,29.597902297973633,30.093113527553477,29.49742215745533,29.992636124839066,132600,VBR
2009-06-24,29.892154693603516,30.294064250296415,29.734260089015006,29.83473747818823,129800,VBR
2009-06-25,30.66010284423828,30.660102844238285,29.583554320076033,29.61226019998896,154000,VBR
2009-06-26,30.861061096191406,31.119433208533863,30.38737980283182,30.53809595576333,103000,VBR
2009-06-29,31.112253189086914,31.277326382331193,30.55244879778687,31.040484378132163,146600,VBR
2009-06-30,30.939990997314453,31.29166182262389,30.77492062697283,31.1983629640416,116800,VBR
2009-07-01,31.585927963256836,31.78688552064662,31.140955403686736,31.140955403686736,131700,VBR
2009-07-02,30.473501205444336,31.09790135425175,30.37302377583522,31.09790135425175,123500,VBR
2009-07-06,30.27254867553711,30.322787394207268,29.70556572162552,30.19360133539691,74000,VBR
2009-07-07,29.612255096435547,30.24383088834643,29.56919491508517,30.172062094226465,280100,VBR
2009-07-08,29.36107063293457,29.813221841166015,28.873035016577894,29.741450287110712,262500,VBR
2009-07-09,29.318004608154297,29.62661541352894,29.24623579947373,29.475899272617013,83500,VBR
2009-07-10,29.289291381835938,29.432828963198947,28.916087647123586,29.174459674063204,136600,VBR
2009-07-13,30.071596145629883,30.107480556363036,28.980693084950747,29.389781390479794,251000,VBR
2009-07-14,30.365842819213867,30.40172721827748,29.899337417974433,30.150530949223878,105600,VBR
2009-07-15,31.535688400268555,31.607459932313446,30.78210510952321,30.882582516582055,123800,VBR
2009-07-16,31.908893585205078,32.08831831666188,31.313204900426637,31.442390926099865,180300,VBR
2009-07-17,31.7222957611084,31.995022142651724,31.60746403274348,31.995022142651724,78700,VBR
2009-07-20,32.21751022338867,32.26057315240859,31.865839218708867,31.93760802927077,137600,VBR
2009-07-21,32.05960464477539,32.540464272876505,31.664870845405158,32.53328848938411,183500,VBR
2009-07-22,32.31797409057617,32.497398779487305,31.851471542089314,31.923240322532376,119300,VBR
2009-07-23,33.35865783691406,33.56679125792836,32.27493327068277,32.31799346964772,272500,VBR
2009-07-24,33.54525375366211,33.57395963403382,33.00697948297809,33.157695621696526,119700,VBR
2009-07-27,33.853858947753906,33.86103747059187,33.38735626204481,33.51654229508531,105200,VBR
2009-07-28,33.83951187133789,34.018936636853354,33.473483816515746,33.58831555693346,311700,VBR
2009-07-29,33.64573669433594,33.81798295601712,33.466311908031805,33.674442579412826,113200,VBR
2009-07-30,34.21989440917969,34.600274068333434,34.01176100640297,34.112238445590386,92200,VBR
2009-07-31,34.2342414855957,34.61462106436538,34.16964846865328,34.21988717763024,939300,VBR
2009-08-03,34.994998931884766,34.994998931884766,34.37778014637763,34.672036600769744,140400,VBR
2009-08-04,35.43998718261719,35.605057669708096,34.72946377158616,34.844295533814844,98500,VBR
2009-08-05,35.43280029296875,35.619403573667825,34.980651875945775,35.52610193331829,133100,VBR
2009-08-06,35.059593200683594,35.80600077828144,34.90887707572757,35.64810613053459,120800,VBR
2009-08-07,36.08590316772461,36.502169882535284,35.425621432540595,35.52609884982474,146800,VBR
2009-08-10,36.035667419433594,36.322748124804406,35.71270231034256,35.9567200885664,277500,VBR
2009-08-11,35.38974380493164,35.87777941469094,35.18161040769212,35.87777941469094,176000,VBR
2009-08-12,35.99259948730469,36.32274031099753,35.33949362399757,35.33949362399757,197000,VBR
2009-08-13,36.215091705322266,36.34427774728026,35.67681744309879,36.28686324963475,342600,VBR
2009-08-14,35.60504150390625,36.21508445042908,35.20312914968405,36.172024270272225,204000,VBR
2009-08-17,34.456722259521484,34.894519017360466,34.399307772387374,34.894519017360466,259800,VBR
2009-08-18,34.93041229248047,35.131369893038176,34.535678353013566,34.657688618116964,106900,VBR
2009-08-19,35.174434661865234,35.28209063109406,34.45673550115315,34.45673550115315,92100,VBR
2009-08-20,35.72705078125,35.76293791691044,35.059590577466075,35.18877659999226,87900,VBR
2009-08-21,36.61701202392578,36.73901956881926,36.0428532348284,36.100267744835605,348200,VBR
2009-08-24,36.54523468017578,37.05480309154298,36.43040294053063,36.803606778828524,245400,VBR
2009-08-25,36.76772689819336,37.16246088068705,36.66007366904324,36.753372586745684,301900,VBR
2009-08-26,36.8466682434082,37.01891721493224,36.509348823817746,36.71030641356321,116600,VBR
2009-08-27,36.97585678100586,37.05480411753621,36.078732934624135,36.84667072810252,116700,VBR
2009-08-28,36.889732360839844,37.4638910547687,36.59547585908852,37.29882060137694,112200,VBR
2009-08-31,36.3514518737793,36.50216799189916,36.121788435366895,36.49498946943394,147300,VBR
2009-09-01,35.26772689819336,36.832310869619164,35.14571938761087,36.143320516460356,261700,VBR
2009-09-02,34.96628952026367,35.32513895216193,34.951935214451275,35.16724432602945,136100,VBR
2009-09-03,35.43280029296875,35.51892614766272,34.80840290436236,35.22466965530297,214100,VBR
2009-09-04,35.9423713684082,35.94954715459966,35.27491100260939,35.511750276193474,253600,VBR
2009-09-08,36.30121994018555,36.37298875140223,35.978254814101135,36.344280131793695,303100,VBR
2009-09-09,36.96867370605469,37.16963128461262,36.236623146794045,36.40886937092442,313800,VBR
2009-09-10,37.492591857910156,37.54283056204298,36.63852841204408,36.990202078777884,168600,VBR
2009-09-11,37.564369201660156,37.829917089337265,37.30599710000474,37.62178370324766,161500,VBR
2009-09-14,38.03803634643555,38.045212129791835,37.16244293557138,37.23421445815249,196500,VBR
2009-09-15,38.50454330444336,38.6050207025421,37.93038205050123,38.09545519058204,123900,VBR
2009-09-16,39.47344207763672,39.47344207763672,38.57631839405406,38.71985873098813,137200,VBR
2009-09-17,39.22942352294922,39.85382082735274,39.006935868366746,39.40167247130407,186400,VBR
2009-09-18,39.32271957397461,39.55238298067413,38.96387015878113,39.473435671282964,110500,VBR
2009-09-21,39.085880279541016,39.1863576845171,38.719855056013294,38.89210125374259,126500,VBR
2009-09-22,39.55956268310547,39.67439439783043,39.18635892579832,39.358607866787786,392400,VBR
2009-09-23,39.00694274902344,39.846652071442655,38.949528247980254,39.65287299703822,329200,VBR
2009-09-24,38.1026496887207,39.20072856127986,37.79403882138099,39.00694945356852,445800,VBR
2009-09-25,37.822723388671875,38.160039928015344,37.60741431854121,37.908846469163464,82500,VBR
2009-09-28,38.87776184082031,38.999772120604895,38.002170735035385,38.06676376837898,267500,VBR
2009-09-29,38.90646743774414,39.25814120032808,38.691158255948054,38.87775881675672,114300,VBR
2009-09-30,38.31794738769531,38.93516893700341,37.96627642724117,38.84904582759892,831600,VBR
2009-10-01,37.04045104980469,38.24618575880679,37.01174242868445,38.20312282712643,312100,VBR
2009-10-02,36.796424865722656,37.10503562796895,36.401690997534466,36.57393720941825,164900,VBR
2009-10-05,37.600242614746094,37.6935442325788,36.875367975071285,36.95431528725251,371100,VBR
2009-10-06,38.217464447021484,38.51889665527466,37.743783307049426,37.93038380675798,253200,VBR
2009-10-07,38.274879455566406,38.33229393761471,37.97344452695072,38.138514927319704,115100,VBR
2009-10-08,38.70550537109375,39.0284704526511,38.41124890518689,38.6050279541213,230700,VBR
2009-10-09,39.10022735595703,39.11458165941433,38.648076379364156,38.748556503565254,210000,VBR
2009-10-12,39.128944396972656,39.47343954079218,38.97822828488987,39.33707773526071,131400,VBR
2009-10-13,38.88493728637695,39.10024646787111,38.55479635889894,39.05000775011597,138300,VBR
2009-10-14,39.72463607788086,39.78205330844678,39.19354038416737,39.473442538665594,2616800,VBR
2009-10-15,39.710289001464844,39.75334919145752,39.36579105469615,39.49497710028327,244300,VBR
2009-10-16,39.164833068847656,39.40885083124377,38.884930905058894,39.35861212173319,190400,VBR
2009-10-19,39.545204162597656,39.760516000341845,39.02846287030134,39.27248058031484,94800,VBR
2009-10-20,39.02846908569336,39.652866396298776,38.777272814256015,39.652866396298776,211100,VBR
2009-10-21,38.49020767211914,39.68158819775864,38.49020767211914,38.98541911919285,125400,VBR
2009-10-22,39.23659896850586,39.37296351663436,38.124166180816815,38.52607856496819,184300,VBR
2009-10-23,38.38254928588867,39.423213575800375,38.31078046774507,39.36579633104156,152900,VBR
2009-10-26,37.923221588134766,39.06436329777962,37.772505430096075,38.48302602530983,259200,VBR
2009-10-27,37.50694274902344,38.18158145713912,37.47105835212035,37.96627233791658,465600,VBR
2009-10-28,36.243804931640625,37.4638939620489,36.13614897038511,37.36341652503965,399300,VBR
2009-10-29,37.17680358886719,37.313168136156825,36.559582078283235,36.609820783767596,191400,VBR
2009-10-30,35.98543167114258,37.097864704938765,35.71988377637169,36.95432707823324,611400,VBR
2009-11-02,35.85624313354492,36.494994836682146,35.23902152536146,36.1504996283993,698300,VBR
2009-11-03,36.401695251464844,36.44475544056575,35.45433276198201,35.533277354601836,679200,VBR
2009-11-04,35.9423713684082,36.86102531797873,35.93519284441202,36.66724623715281,1108900,VBR
2009-11-05,36.97585678100586,37.040449807457534,36.17203458123315,36.30122063413649,703800,VBR
2009-11-06,36.889732360839844,37.21269474393416,36.48064412030275,36.609827430857706,307500,VBR
2009-11-09,37.85862350463867,37.85862350463867,37.21987181151908,37.21987181151908,189200,VBR
2009-11-10,37.636138916015625,37.98063414721934,37.32035230519674,37.80120937652128,252700,VBR
2009-11-11,37.994991302490234,38.325134986027535,37.722267601826935,38.07393864555774,442600,VBR
2009-11-12,37.34904479980469,38.29640696103417,37.27727327983061,38.05238926872939,610000,VBR
2009-11-13,37.70072937011719,37.85862403365358,37.11221638141461,37.514128825959716,540600,VBR
2009-11-16,38.59785079956055,38.85622287396545,38.002162061619785,38.066755080221014,309600,VBR
2009-11-17,38.619384765625,38.741392283342876,38.30359544860564,38.49737451010267,304500,VBR
2009-11-18,38.60503387451172,38.69833278297754,38.310777363478266,38.69833278297754,390800,VBR
2009-11-19,37.686378479003906,38.30360014211321,37.44953920002289,38.30360014211321,334700,VBR
2009-11-20,37.59307861328125,37.70791035667993,37.32752798220547,37.43518393943129,344000,VBR
2009-11-23,38.138526916503906,38.66244689223577,37.95192636893274,38.18876563076555,384300,VBR
2009-11-24,37.980628967285156,38.217470946451506,37.56436497969568,38.217470946451506,252200,VBR
2009-11-25,38.03803634643555,38.26052395973156,37.96626756165807,38.16722234927792,234200,VBR
2009-11-27,37.09785461425781,37.607422906555996,36.60264336609073,36.774892304211974,120500,VBR
2009-11-30,37.2629280090332,37.320345238931424,36.538053277295504,37.09785757978213,187300,VBR
2009-12-01,37.829917907714844,37.96628248531889,37.52130708381741,37.62896304110432,143700,VBR
2009-12-02,38.253360748291016,38.504557071153,37.851451012199426,37.923219825700144,191100,VBR
2009-12-03,37.78684997558594,38.71267951984621,37.772495668367405,38.43277737359514,136800,VBR
2009-12-04,38.619384765625,38.90646272732824,37.95192446640338,38.50455303338281,277500,VBR
2009-12-07,38.669620513916016,38.877751130414296,38.43995706703193,38.62655759094866,187400,VBR
2009-12-08,38.310787200927734,38.63375241494543,37.98064346115109,38.46150338820085,483900,VBR
2009-12-09,38.26770782470703,38.411248162379394,37.973451364490586,38.36818523973642,356700,VBR
2009-12-10,38.131351470947266,38.662447237253964,38.00934120821976,38.504555307224614,285100,VBR
2009-12-11,38.60503387451172,38.61938818453831,38.13852838096383,38.41125479585973,90200,VBR
2009-12-14,39.164833068847656,39.164833068847656,38.475842706013104,38.906460998333614,122600,VBR
2009-12-15,39.01411437988281,39.294016525302055,38.9064584449658,39.04999877892043,164500,VBR
2009-12-16,39.23659896850586,39.36578499420437,39.035644145332235,39.22942318388,102700,VBR
2009-12-17,38.834693908691406,39.07153315857425,38.58349761225296,38.935171332145,210600,VBR
2009-12-18,39.1432991027832,39.45908563672109,38.61937922843431,39.45908563672109,204100,VBR
2009-12-21,39.58110046386719,39.65286926787281,39.322728388959945,39.322728388959945,159100,VBR
2009-12-22,39.918418884277344,39.95430328785889,39.57392368184635,39.66004679800297,154900,VBR
2009-12-23,40.31315231323242,40.370569548514226,39.87535821432873,40.10502167984703,234500,VBR
2009-12-24,40.52597427368164,40.52597427368164,40.39432497288943,40.423580993067176,58500,VBR
2009-12-28,40.47480010986328,40.73078345355226,40.31389469953923,40.73078345355226,137700,VBR
2009-12-29,40.423580169677734,40.66493535620886,40.40163954999515,40.55522946778838,195200,VBR
2009-12-30,40.40896224975586,40.54792419245611,40.101782337468485,40.299253543934206,193200,VBR
2009-12-31,39.84578323364258,40.57716692616173,39.84578323364258,40.49671427358344,178200,VBR
2010-01-04,40.6064453125,40.708838639457326,40.13835993783285,40.40897127193563,172100,VBR
2010-01-05,40.562557220458984,40.708834582968684,40.34314257169875,40.518675964712116,225400,VBR
2010-01-06,40.62838363647461,40.74540497349921,40.518677702393965,40.56255896002272,196800,VBR
2010-01-07,40.98675537109375,41.02332400893569,40.33582413147922,40.6356914257963,136300,VBR
2010-01-08,41.133033752441406,41.133033752441406,40.80391042352622,40.88436310281752,178500,VBR
2010-01-11,41.111083984375,41.42557925118371,40.92092541816893,41.26467391746543,207200,VBR
2010-01-12,40.62838363647461,40.935566389919664,40.43822501006291,40.862426310523816,114200,VBR
2010-01-13,41.111083984375,41.18422404061416,40.45284021826979,40.7673354850785,91600,VBR
2010-01-14,41.24272918701172,41.3304944557477,40.90629333185082,40.98674599069529,193300,VBR
2010-01-15,40.752708435058594,41.286618303162285,40.496722417195436,41.286618303162285,208900,VBR
2010-01-19,41.389015197753906,41.43289923635316,40.76733999597611,40.93555795892765,105200,VBR
2010-01-20,41.00138473510742,41.15497469310885,40.51867144566842,41.01601274872779,137500,VBR
2010-01-21,40.29194641113281,41.228117078747566,40.19686570582548,41.01601782999706,109100,VBR
2010-01-22,39.48009490966797,40.34312796703814,39.421585659850265,40.21147866743879,136400,VBR
2010-01-25,39.6556396484375,39.772660971748664,39.31188829058227,39.67026766260245,123600,VBR
2010-01-26,39.31919860839844,39.81653990095329,39.253373943501224,39.45816333985269,126700,VBR
2010-01-27,39.64101028442383,39.67757892358676,38.95350759212409,39.18755302078517,151600,VBR
2010-01-28,39.041282653808594,39.74341069529118,38.64633458422132,39.736098082154605,135000,VBR
2010-01-29,38.65363311767578,39.58980628865799,38.52929920958103,39.216798984358135,86900,VBR
2010-02-01,39.09246063232422,39.11440125125671,38.719453370426955,38.76333739829943,105300,VBR
2010-02-02,39.60444259643555,39.626383222458585,39.041276611774286,39.20217918595722,82500,VBR
2010-02-03,39.289947509765625,39.575186809838875,39.012020821741864,39.40696883261641,125000,VBR
2010-02-04,37.99540328979492,39.0632233706917,37.99540328979492,38.99739869227977,154400,VBR
2010-02-05,38.17825698852539,38.17825698852539,37.30059536315515,38.06123562447665,180700,VBR
2010-02-08,37.7759895324707,38.39766489573137,37.7759895324707,38.083169512432285,86500,VBR
2010-02-09,38.26601028442383,38.50005293894562,37.8271810046976,38.229441642781396,119100,VBR
2010-02-10,38.25868606567383,38.47078523885944,37.82716952918057,38.21480203501077,160600,VBR
2010-02-11,38.843807220458984,38.86574784908759,37.95883319232789,38.19287586439547,77000,VBR
2010-02-12,39.055904388427734,39.08515762627786,38.35377366986542,38.492738407189144,89400,VBR
2010-02-16,39.867740631103516,39.867740631103516,39.209496704799776,39.47279539132469,128800,VBR
2010-02-17,40.12371826171875,40.20417093122766,39.85310701974075,40.0798342265299,140600,VBR
2010-02-18,40.53329849243164,40.53329849243164,40.101784626259004,40.101784626259004,110200,VBR
2010-02-19,40.70883560180664,40.80391630831887,40.35045619418899,40.35777159700231,88200,VBR
2010-02-22,40.83317184448242,40.94287777527378,40.701522495525865,40.88436850352012,169400,VBR
2010-02-23,40.343143463134766,40.85511284822705,40.32120283477652,40.72346349806021,95600,VBR
2010-02-24,40.760040283203125,40.855121008427616,40.43091684204854,40.48211351178267,78700,VBR
2010-02-25,40.81853485107422,40.833162863297396,39.94818625884769,40.211484898848724,173100,VBR
2010-02-26,40.591819763183594,40.86243111373561,40.41628634200907,40.81854985094879,70500,VBR
2010-03-01,41.36707305908203,41.44021033072852,40.85510378753241,40.91361304684798,225600,VBR
2010-03-02,41.67425537109375,41.85710135084934,41.513350016106195,41.564549457245334,235500,VBR
2010-03-03,41.79859161376953,42.11308691858068,41.703510924173365,41.86441627733485,87800,VBR
2010-03-04,41.974117279052734,42.01800131296467,41.74739007886076,41.9156080238447,96000,VBR
2010-03-05,42.72013473510742,42.76401877479206,42.06920349149727,42.15696878085831,221700,VBR
2010-03-08,42.859092712402344,42.94686078365534,42.668934138036825,42.76401482022357,270500,VBR
2010-03-09,42.97612380981445,43.23210989095197,42.68357187566838,42.70551250347696,133800,VBR
2010-03-10,43.26866912841797,43.44420248275585,42.93223322177905,42.98342986887592,155800,VBR
2010-03-11,43.371063232421875,43.44420329393165,42.888349986489665,43.04193993064808,47900,VBR
2010-03-12,43.422264099121094,43.619738099370764,43.14434020840675,43.54660082076348,95000,VBR
2010-03-15,43.36376953125,43.473475486342885,42.998077434255165,43.36376953125,75200,VBR
2010-03-16,43.79527282714844,43.79527282714844,43.30524411731293,43.51734613783887,138200,VBR
2010-03-17,44.1170768737793,44.314550862694745,43.93423089774738,43.93423089774738,157000,VBR
2010-03-18,44.05856704711914,44.33649091831686,43.97811437229575,44.13901693193439,83100,VBR
2010-03-19,43.60511779785156,44.19022450021953,43.42227177898602,43.60511779785156,109700,VBR
2010-03-22,44.1244010925293,44.1609697370415,43.180914998067436,43.31256435031834,99700,VBR
2010-03-23,44.562713623046875,44.577345883409166,43.911466382897004,44.18221065256125,135000,VBR
2010-03-24,44.20415496826172,44.48953145396098,44.19683883921699,44.328551492824374,136600,VBR
2010-03-25,43.91876983642578,44.77489912498033,43.889499743308605,44.54074396274235,161800,VBR
2010-03-26,43.933414459228516,44.350503607337934,43.72121042489907,44.15293462275711,124700,VBR
2010-03-29,44.174888610839844,44.22610989254206,43.94073338267242,44.123667329137625,81000,VBR
2010-03-30,44.19683074951172,44.452937089454274,43.97730783944696,44.19683074951172,98800,VBR
2010-03-31,43.91876983642578,44.46025260234497,43.91876983642578,44.08706868482498,83400,VBR
2010-04-01,44.35781478881836,44.43099002939939,43.948044606964615,44.29195846797043,178300,VBR
2010-04-05,45.15541076660156,45.15541076660156,44.416358915053486,44.51148534055877,854000,VBR
2010-04-06,45.55054473876953,45.5798148350317,44.95052172214515,45.00174299492893,403600,VBR
2010-04-07,45.41883087158203,45.65298605266206,45.111503243170716,45.47005214298392,176500,VBR
2010-04-08,45.433467864990234,45.54322933203759,44.97979253113793,45.243217818971544,77000,VBR
2010-04-09,45.74812698364258,45.74812698364258,45.24323023760774,45.484701623502374,112300,VBR
2010-04-12,45.857872009277344,45.93104724934843,45.67493809612462,45.821285784916796,115600,VBR
2010-04-13,46.06275939941406,46.07007552766824,45.52127379405651,45.784699072806134,117200,VBR
2010-04-14,46.91889572143555,46.91889572143555,46.26764859498926,46.318869871366466,156200,VBR
2010-04-15,46.9847526550293,47.109146394845354,46.82377268534677,46.918899116079906,104600,VBR
2010-04-16,46.31155014038086,46.97011334450833,46.00421971467137,46.83108178399809,113600,VBR
2010-04-19,46.179832458496094,46.509114024614966,45.53590437268027,46.0993410988504,97300,VBR
2010-04-20,46.882301330566406,46.88962024998173,46.28959446867033,46.40667205716648,77500,VBR
2010-04-21,47.2628059387207,47.321346134265845,46.81644950876473,46.93352710850485,134600,VBR
2010-04-22,47.78964614868164,47.81891624009391,46.6042353599803,46.83107438140105,29900,VBR
2010-04-23,48.331138610839844,48.3530897856069,47.635986441252314,47.82623926039938,107900,VBR
2010-04-26,48.10430145263672,48.587249675235476,48.09698811547016,48.35309448380278,278700,VBR
2010-04-27,46.86767578125,48.23601802463821,46.794500533374766,47.92137143715044,196600,VBR
2010-04-28,46.9920654296875,47.314030909643286,46.81644764140707,47.167680426617885,101200,VBR
2010-04-29,48.045780181884766,48.045780181884766,47.16769378318326,47.387216778534054,80200,VBR
2010-04-30,46.65547180175781,48.10430830179113,46.64083954264121,48.09699496358329,562600,VBR
2010-05-03,47.58477020263672,47.60672137972418,46.867672365179,46.882304622337244,192400,VBR
2010-05-04,46.09934616088867,46.96279445514665,45.84323979875707,46.96279445514665,210900,VBR
2010-05-05,45.499324798583984,46.150569107066,45.13345695864127,45.74811504139903,244000,VBR
2010-05-06,43.83828353881836,45.66762269966264,23.759457914277537,45.20662844955187,666200,VBR
2010-05-07,42.67483139038086,43.99927418574677,42.13334846461176,43.304124621423774,367200,VBR
2010-05-10,45.0456428527832,45.367605499831605,44.28463718737823,44.9797865395972,290700,VBR
2010-05-11,45.30907440185547,45.90178133940919,44.3870886236777,44.58465760286227,273600,VBR
2010-05-12,46.47985076904297,46.50180194623005,45.462738619573145,45.51395989390975,332500,VBR
2010-05-13,46.04813003540039,46.6554692440609,45.81397482346498,46.39204672414629,245300,VBR
2010-05-14,45.067604064941406,45.68957832362931,44.584658591124246,45.682262194467825,167600,VBR
2010-05-17,45.082237243652344,45.71153039673569,43.904142311673084,45.382248771128104,687600,VBR
2010-05-18,44.23343276977539,45.76276081066095,44.06513385893688,45.69690447238929,443700,VBR
2010-05-19,43.75048065185547,44.511486492898605,43.048015009977334,43.9992709156061,363700,VBR
2010-05-20,41.511375427246094,42.777278143026464,41.46747027031093,42.587028045675716,560400,VBR
2010-05-21,42.18456268310547,42.41871787525802,40.55278967522667,40.75035864198352,485600,VBR
2010-05-24,41.58454132080078,42.39676560599549,41.5625873516035,41.884552847228605,271800,VBR
2010-05-25,41.591861724853516,41.591861724853516,39.98936137624027,40.56011438973393,397500,VBR
2010-05-26,41.63576126098633,42.57969816568215,41.51868366397405,41.679663615272126,286500,VBR
2010-05-27,43.45777893066406,43.45777893066406,42.33822430196914,42.726043295417725,128300,VBR
2010-05-28,42.94557189941406,43.450471373797384,42.68946549309678,43.44315245284519,173000,VBR
2010-06-01,41.58454132080078,42.96020243198925,41.58454132080078,42.64555585654663,154800,VBR
2010-06-02,42.60896682739258,42.64555305184828,41.51136334562147,41.89186622093079,336400,VBR
2010-06-03,42.9675178527832,43.09191157225272,42.4479834247959,42.73336267031708,186000,VBR
2010-06-04,40.83084487915039,42.23577864677854,40.72840234438214,41.98698843747719,481800,VBR
2010-06-07,39.96009063720703,41.211358127435105,39.96009063720703,40.99915408532146,214100,VBR
2010-06-08,40.13569641113281,40.35521932348888,39.27224818267162,40.04788892100026,302600,VBR
2010-06-09,40.15763854980469,41.13084515646179,39.97470470428616,40.39179364876048,147100,VBR
2010-06-10,41.5333251953125,41.54064411689447,40.757686988667075,40.757686988667075,100600,VBR
2010-06-11,42.074790954589844,42.074790954589844,40.98450383905109,41.12353536953856,436300,VBR
2010-06-14,42.32358169555664,43.026047110012904,42.16991790952235,42.623593140773345,207200,VBR
2010-06-15,43.34803771972656,43.44316138085014,42.49922415261326,42.60898286729841,140800,VBR
2010-06-16,43.13582992553711,43.49437893727397,42.908990801840766,43.08460863814613,532500,VBR
2010-06-17,43.0919189453125,43.523643160230876,42.65287860090587,43.42120059929269,173600,VBR
2010-06-18,43.12849426269531,43.40655456584909,42.87970405278924,43.33338212407955,161800,VBR
2010-06-21,42.791893005371094,43.904131334131016,42.55042173453511,43.904131334131016,115700,VBR
2010-06-22,41.82600784301758,43.238257810071474,41.789421620361495,42.843119906146065,330900,VBR
2010-06-23,41.73088836669922,42.10407515732454,41.240626760656546,41.68698600875529,94900,VBR
2010-06-24,40.95524597167969,41.686981635043054,40.918656955431494,41.41623742982659,116800,VBR
2010-06-25,41.68698501586914,41.78210865004891,40.80890159035028,41.11622925403924,146300,VBR
2010-06-28,41.40891647338867,42.01625555166664,41.284519973618664,41.75283308830313,463700,VBR
2010-06-29,39.9527587890625,40.83816090107017,39.72592256141014,40.69912936401921,1037800,VBR
2010-06-30,39.44055938720703,40.44303661733231,39.33079790442195,39.77715717376728,309100,VBR
2010-07-01,39.15517044067383,39.64543474058052,38.24781986648348,39.4332307482127,372700,VBR
2010-07-02,38.77467727661133,39.43323775397281,38.54783819708833,39.30884402063297,258300,VBR
2010-07-06,38.29904556274414,39.72593069551981,38.10147659438904,39.30152266171624,227300,VBR
2010-07-07,39.70396423339844,39.76250440916437,38.350254769327265,38.3575708956234,180900,VBR
2010-07-08,40.289371490478516,40.37717899909785,39.769836985384046,40.12838873188442,134100,VBR
2010-07-09,40.911338806152344,40.911338806152344,40.245459497037174,40.303999687062635,97600,VBR
2010-07-12,40.53084182739258,41.0503735281951,40.16497396068371,40.77963208840862,215200,VBR
2010-07-13,41.84065246582031,41.98700018128703,41.02110916709741,41.08696549948991,159700,VBR
2010-07-14,41.591861724853516,41.85528705149689,41.29916629717188,41.738209438694334,150900,VBR
2010-07-15,41.37233352661133,41.71624737739049,40.75767548075822,41.71624737739049,138800,VBR
2010-07-16,39.90886688232422,41.08696183942732,39.850326684812146,41.08696183942732,113600,VBR
2010-07-19,40.113746643066406,40.164967913385674,39.37469489178137,40.01862023046639,113000,VBR
2010-07-20,40.764991760253906,40.808896903459946,39.41128194525863,39.56494575945486,364100,VBR
2010-07-21,40.113746643066406,41.1528126795784,40.01862023046639,41.035735091512954,130900,VBR
2010-07-22,41.48208999633789,41.59916758022448,40.61864176841809,40.61864176841809,106600,VBR
2010-07-23,42.28700637817383,43.07727947529452,41.182083918332204,41.31379656641068,114900,VBR
2010-07-26,43.18704605102539,43.20899723118331,42.22847117477286,42.469945321911844,146800,VBR
2010-07-27,43.018733978271484,43.6407080839139,42.89433748233323,43.545581680119895,143800,VBR
2010-07-28,42.36750411987305,43.09192100185144,42.22115640096966,43.00411348704963,79600,VBR
2010-07-29,42.382137298583984,42.9528931355487,41.70894168492127,42.748005208100835,72200,VBR
2010-07-30,42.382137298583984,42.689467794080464,41.665036530893026,41.90651069102245,55000,VBR
2010-08-02,43.2309455871582,43.29679911907783,42.84312377619188,43.01874156869457,111700,VBR
2010-08-03,42.74067687988281,43.28947858752966,42.484570532854214,42.996783226911404,101400,VBR
2010-08-04,43.16508102416992,43.274839681101085,42.8797018169099,43.05531957588918,120400,VBR
2010-08-05,42.74067687988281,43.091909637814815,42.696771738385124,42.704090657642986,156900,VBR
2010-08-06,42.5504264831543,42.69677137085386,41.826007007102284,42.147969667931065,160700,VBR
2010-08-09,43.026058197021484,43.1065495698804,42.608969075252695,42.821173096180715,95800,VBR
2010-08-10,42.3162727355957,42.74067794861967,42.03821241519041,42.55774404149643,148800,VBR
2010-08-11,40.721099853515625,41.44551675845639,40.64792459606916,41.44551675845639,85300,VBR
2010-08-12,40.523521423339844,40.647915145050156,39.733245574768425,40.033257082166834,130900,VBR
2010-08-13,40.15034484863281,40.50889663922558,40.128393666616155,40.31132762702353,101200,VBR
2010-08-16,40.340579986572266,40.57473512959114,39.72592203831035,39.835680691466365,164600,VBR
2010-08-17,41.0357551574707,41.335766798049626,40.61866308022562,40.713789539341256,90500,VBR
2010-08-18,41.20403289794922,41.489409337113656,40.604009925513786,41.03573404386121,99400,VBR
2010-08-19,40.15034484863281,41.09428475425905,40.03326722562612,41.05037959887502,104800,VBR
2010-08-20,40.10643768310547,40.128388862494155,39.55031694688874,40.040581353589026,76900,VBR
2010-08-23,39.59421920776367,40.508888833552525,39.58690028760127,40.34790608618163,87600,VBR
2010-08-24,39.19908142089844,39.54299809484315,38.62832846528821,38.921021071935684,116100,VBR
2010-08-25,39.652748107910156,39.7478745101683,38.6868574135416,38.84784012638622,126400,VBR
2010-08-26,39.352752685546875,40.12107755264973,39.29421526969517,39.79911199573784,110000,VBR
2010-08-27,40.340579986572266,40.36984728593751,39.023456609253735,39.78445942839033,91200,VBR
2010-08-30,39.469818115234375,40.27472896750317,39.4625019872696,40.186918683826676,81200,VBR
2010-08-31,39.557640075683594,39.88691896694376,39.17713710815002,39.42592740263925,181300,VBR
2010-09-01,40.98451614379883,40.98451614379883,40.062530371658866,40.17229184538159,209100,VBR
2010-09-02,41.38697052001953,41.46014297051475,40.85280381562426,40.91865734625993,237800,VBR
2010-09-03,42.06748962402344,42.19919949138289,41.6943028272288,41.972363194655145,609100,VBR
2010-09-07,41.28451919555664,41.92844727368109,41.21866567446914,41.89186105373815,194400,VBR
2010-09-08,41.49673080444336,41.80406124940752,41.38697212444558,41.38697212444558,186100,VBR
2010-09-09,41.591861724853516,42.06749109699855,41.32843639821014,42.04553712554463,108600,VBR
2010-09-10,41.67235565185547,41.92114594317269,41.51869179904647,41.69430683329943,400200,VBR
2010-09-13,42.543113708496094,42.66019131037525,42.09675447903489,42.21383208091404,573100,VBR
2010-09-14,42.44799041748047,42.75532088968917,42.243105296908276,42.48457943874014,165500,VBR
2010-09-15,42.63092041015625,42.733365752304884,42.05285133188623,42.36749790439594,104900,VBR
2010-09-16,42.338218688964844,42.61627897507249,42.08210957577242,42.51383365498579,158400,VBR
2010-09-17,42.462623596191406,42.66019257861414,42.0308994030492,42.66019257861414,147900,VBR
2010-09-20,43.465091705322266,43.523629096364324,42.37480453474992,42.579689590421424,147400,VBR
2010-09-21,43.15045166015625,43.64071319997318,43.099230388573886,43.47973046565719,121700,VBR
2010-09-22,42.682151794433594,43.29680720460243,42.440677633566715,42.97484444813057,190900,VBR
2010-09-23,42.10405731201172,42.90896516846992,42.038201011657925,42.316261256634945,158000,VBR
2010-09-24,43.39192199707031,43.40655704452988,42.63823519667664,42.63823519667664,159200,VBR
2010-09-27,43.2382698059082,43.472425045490006,43.10655713472461,43.41388763126987,197900,VBR
2010-09-28,43.64071273803711,43.68461788093581,42.60896560639196,43.35533628757035,130400,VBR
2010-09-29,43.67729568481445,43.830962277757024,43.38460312816373,43.48704566255897,156400,VBR
2010-09-30,43.68461608886719,44.29195518829319,43.391920730916226,43.96999252762698,113100,VBR
2010-10-01,43.86023712158203,44.10171124390818,43.52363936744576,44.04317104770177,97600,VBR
2010-10-04,43.34803771972656,43.99196332832903,43.09924739188209,43.728537946923,130600,VBR
2010-10-05,44.423683166503906,44.48222337485688,43.53828345029602,43.75780364891811,104100,VBR
2010-10-06,44.37977600097656,44.53343984425495,44.18220700618272,44.357822029543605,175400,VBR
2010-10-07,44.24073791503906,44.65782702341198,43.96999649885928,44.65782702341198,83900,VBR
2010-10-08,44.76027297973633,44.92125573254514,44.087077452263586,44.25537633413177,69100,VBR
2010-10-11,44.76027297973633,45.02369828747793,44.63587924627517,44.767591900145966,85400,VBR
2010-10-12,44.87735366821289,45.01638245204992,44.24074157323479,44.72368704346111,107900,VBR
2010-10-13,45.48469543457031,45.79202591003352,44.994433807623636,45.21395398075425,191500,VBR
2010-10-14,45.41883087158203,45.65298605266206,45.03832800448949,45.45541709524767,106600,VBR
2010-10-15,45.22858810424805,45.80665723033018,45.03101911507426,45.718849721147514,107400,VBR
2010-10-18,45.67494201660156,45.711531035452694,45.22858557493021,45.323709208162505,138900,VBR
2010-10-19,44.9212532043457,45.66030780850961,44.665146831427585,45.11882217403258,122300,VBR
2010-10-20,45.45541763305664,45.71152678444618,45.08223368109184,45.104184857280956,110100,VBR
2010-10-21,45.352970123291016,46.00421433152897,44.87734367938729,45.77737809214477,225800,VBR
2010-10-22,45.499324798583984,45.60176734715193,45.31639087861262,45.55054607286795,121100,VBR
2010-10-25,45.623714447021484,46.099343712981074,45.57249317731505,45.76274600023883,193700,VBR
2010-10-26,45.54322814941406,45.83592073502322,45.18467645220661,45.433466685216885,413700,VBR
2010-10-27,45.34565734863281,45.418829794228415,44.86271195019218,45.199309666091736,117700,VBR
2010-10-28,45.191986083984375,45.843233064531475,45.00905219751992,45.75542278925684,101300,VBR
2010-10-29,45.257850646972656,45.43346843819407,45.06760059855371,45.0895517757001,66500,VBR
2010-11-01,45.096866607666016,45.75542698451081,44.75294997634772,45.50663676445394,84500,VBR
2010-11-02,45.792015075683594,45.843236344250144,45.34565591416095,45.57249216314146,158200,VBR
2010-11-03,45.923736572265625,45.97496064518431,45.36761860466078,45.90910431297514,167200,VBR
2010-11-04,47.12377166748047,47.145722841275415,46.58228611929134,46.794490103808,160500,VBR
2010-11-05,47.45306396484375,47.65794908892521,47.0945149977012,47.160368537855554,172900,VBR
2010-11-08,47.321353912353516,47.40916422010438,46.955486004110114,47.335991754995945,90000,VBR
2010-11-09,46.640838623046875,47.467700814354885,46.421315661719674,47.467700814354885,88200,VBR
2010-11-10,47.09452438354492,47.09452438354492,46.31888330138782,46.6554811555622,108400,VBR
2010-11-11,46.92620849609375,47.06524006575005,46.55302451677198,46.60424579253476,83000,VBR
2010-11-12,46.194480895996094,46.84572250678338,46.09935446235278,46.53107868722566,81200,VBR
2010-11-15,46.22373580932617,46.68473001189476,46.22373580932617,46.46520989350249,66000,VBR
2010-11-16,45.30907440185547,46.267649199080566,44.99443061058031,45.83592501301433,93200,VBR
2010-11-17,45.45541763305664,45.56517909670215,45.26516759293438,45.44810150477693,56100,VBR
2010-11-18,46.15056610107422,46.36277010434323,46.01885346396587,46.02617238344406,103400,VBR
2010-11-19,46.32619094848633,46.392047277087485,45.81397536951621,46.048130584242486,63600,VBR
2010-11-22,46.4652214050293,46.53107773599753,45.87983334717303,46.209115002014194,114000,VBR
2010-11-23,45.98958206176758,46.062757297720374,45.711524539196475,45.92372574508499,118300,VBR
2010-11-24,46.91157150268555,46.91889042211291,46.428626100425866,46.43594222850333,164600,VBR
2010-11-26,46.699371337890625,46.87498633967795,46.59692878828967,46.73595756398381,44700,VBR
2010-11-29,46.62618637084961,46.70667772146014,45.90908592476845,46.37739619230313,74300,VBR
2010-11-30,46.289588928222656,46.55301416864684,46.055433779256624,46.17251135373964,93800,VBR
2010-12-01,47.270111083984375,47.314019009198304,47.03595595273865,47.0652260419817,89200,VBR
2010-12-02,47.84819030761719,47.892092657034254,47.3067075282416,47.328658702950136,142600,VBR
2010-12-03,48.11162185668945,48.24333450485228,47.592090184130605,47.65794371686187,137700,VBR
2010-12-06,48.23602294921875,48.36041669628099,47.987235455094265,48.04577565937102,178900,VBR
2010-12-07,48.455535888671875,48.828722635272065,48.39699569651891,48.821403715577944,104600,VBR
2010-12-08,48.48481369018555,48.733601172324164,48.34578210740168,48.579937330526626,94000,VBR
2010-12-09,48.63846206665039,48.80675811394933,48.470160436652336,48.74822351380572,58400,VBR
2010-12-10,49.15068054199219,49.216539651179865,48.62382999928985,48.70432136457492,65100,VBR
2010-12-13,48.99701690673828,49.399473734608584,48.98969798731343,49.39215481518372,208200,VBR
2010-12-14,48.9677619934082,49.27508971213677,48.89458952457305,49.19460390430916,108800,VBR
2010-12-15,48.66042709350586,49.30435254000857,48.62383807313723,48.98239260810757,139300,VBR
2010-12-16,49.00435256958008,49.15801643380598,48.58726334305212,48.76287839035292,154800,VBR
2010-12-17,49.09947204589844,49.17264451082233,48.792144343597336,48.98239721856044,85700,VBR
2010-12-20,49.26043701171875,49.47995990983866,49.070184205528115,49.2384858384466,174200,VBR
2010-12-21,49.79460906982422,49.83119249965841,49.4433735306791,49.487275879559924,137900,VBR
2010-12-22,50.014122009277344,50.18973697209377,49.88240939149028,49.92631731921864,136200,VBR
2010-12-23,49.94097137451172,50.19707780348175,49.89706901031727,50.138537596088185,295900,VBR
2010-12-27,50.11992645263672,50.16466125134914,49.67256139984672,49.86641598663738,225600,VBR
2010-12-28,50.060245513916016,50.25410567018891,49.85147566341525,50.21682290179159,89500,VBR
2010-12-29,50.17208480834961,50.25410234255142,50.0826095832518,50.1049769673884,123800,VBR
2010-12-30,50.149742126464844,50.34359667683656,50.149742126464844,50.17956721618839,166000,VBR
2010-12-31,49.85149002075195,50.22429505788677,49.83657463367664,50.03789253931936,184700,VBR
2011-01-03,50.67911148071289,50.902791062596165,50.26157171035527,50.29139110376419,345100,VBR
2011-01-04,50.008056640625,50.83568409919308,49.60542660495251,50.83568409919308,154300,VBR
2011-01-05,50.42560958862305,50.44052497638271,49.85149230805707,49.926052181194336,161200,VBR
2011-01-06,50.216835021972656,50.50762248228969,50.097540373701825,50.433062616051274,127500,VBR
2011-01-07,49.96333312988281,50.52999269578953,49.45631804716652,50.30631308458008,139400,VBR
2011-01-10,50.142276763916016,50.29139650117547,49.329564525311305,49.77692942564301,251800,VBR
2011-01-11,50.336124420166016,50.50015950337568,50.09007179535153,50.343576423183244,110500,VBR
2011-01-12,50.7462158203125,50.813323679736165,50.529988233252,50.73876381591774,125500,VBR
2011-01-13,50.686580657958984,50.910260290523816,50.52254551427903,50.731315446761144,327800,VBR
2011-01-14,51.089202880859375,51.17867814307117,50.612012859504,50.626928247482844,125000,VBR
2011-01-18,51.2830810546875,51.2830810546875,50.77606576846394,51.066853361740826,227300,VBR
2011-01-19,50.1944580078125,51.28304777414076,50.097530769140505,51.23831300068478,138500,VBR
2011-01-20,49.84402847290039,50.32121842844877,49.687451052037915,50.09753883659652,120400,VBR
2011-01-21,49.62779235839844,50.17954777164783,49.59796728023209,50.11243992363555,60000,VBR
2011-01-24,50.067710876464844,50.2391979848428,49.650165422937015,49.650165422937015,128700,VBR
2011-01-25,50.25411605834961,50.25411605834961,49.70981824541499,49.903678441761244,123300,VBR
2011-01-26,50.78350067138672,50.96244548957277,50.17955835466304,50.365960866101524,108900,VBR
2011-01-27,51.05937194824219,51.16375688629962,50.716386364850635,50.82822899521288,82700,VBR
2011-01-28,49.89623260498047,51.074298071742305,49.84404011916465,51.02956328062998,276600,VBR
2011-01-31,50.149742126464844,50.4554393411613,49.82912952262952,50.075182246433094,198800,VBR
2011-02-01,51.17122268676758,51.29052304160024,50.50763010653446,50.58964767834341,118100,VBR
2011-02-02,50.9251823425293,51.35017995742124,50.88789955461317,51.133952302328176,107100,VBR
2011-02-03,51.05937194824219,51.14884150169,50.455424019707046,50.95498132163227,263400,VBR
2011-02-04,51.11158752441406,51.14140693000947,50.77605948163776,51.07430473458724,121200,VBR
2011-02-07,51.5887565612793,51.79006875379311,51.13393401641368,51.1786687950717,129400,VBR
2011-02-08,51.88698959350586,51.88698959350586,51.4918172613732,51.663310039296896,94200,VBR
2011-02-09,51.70804977416992,51.954102427107046,51.54401467221184,51.90190995726153,93700,VBR
2011-02-10,51.834800720214844,51.88699318866846,51.46945344103948,51.491820829154975,90200,VBR
2011-02-11,52.36419677734375,52.37164878215129,51.6334964189212,51.64095411228203,76000,VBR
2011-02-14,52.54313659667969,52.595329068130845,52.349276407624195,52.371643797024305,154400,VBR
2011-02-15,52.3269157409668,52.58042043814088,52.267265569201086,52.35674082684966,166800,VBR
2011-02-16,52.7891960144043,52.83393079893072,52.40893328026919,52.40893328026919,87300,VBR
2011-02-17,53.16200637817383,53.24402395038722,52.69226833939638,52.69226833939638,101300,VBR
2011-02-18,53.176918029785156,53.326037790979626,52.990515484014935,53.27384530570614,93100,VBR
2011-02-22,51.93920135498047,52.9308584467035,51.85718379038295,52.80410609725407,157800,VBR
2011-02-23,51.13393020629883,52.051027231769424,50.79840232570651,51.93173260138607,132600,VBR
2011-02-24,51.24578094482422,51.50674332311316,50.70148310849025,51.11157090905374,116800,VBR
2011-02-25,52.304561614990234,52.304561614990234,51.43965097067569,51.46201836862264,105500,VBR
2011-02-28,52.505863189697266,52.69226571935841,52.19270830511945,52.602796145795466,114900,VBR
2011-03-01,51.53657150268555,52.75937159600813,51.394903765154936,52.75937159600813,124600,VBR
2011-03-02,51.6633186340332,52.028665948673634,51.28305593349963,51.439633354059815,103100,VBR
2011-03-03,52.699710845947266,52.80409578258035,52.11813600226228,52.11813600226228,79100,VBR
2011-03-04,52.36419677734375,52.74445381044675,51.946651277436594,52.74445381044675,84800,VBR
2011-03-07,51.6633186340332,52.58041576710757,51.33524840701969,52.49094620596059,120000,VBR
2011-03-08,52.446197509765625,52.68479813820364,51.4918177502219,51.700587611553075,60100,VBR
2011-03-09,52.37910842895508,52.61024573478132,52.155423128214295,52.37165073531612,71900,VBR
2011-03-10,51.19358444213867,51.797526711321495,51.111566888477704,51.797526711321495,130700,VBR
2011-03-11,51.32032012939453,51.5738247122681,50.67163760316659,50.93259987628671,168200,VBR
2011-03-14,51.03699493408203,51.26068017755034,50.589630135697455,50.8655078441681,69900,VBR
2011-03-15,50.61948013305664,50.96246017027901,49.448872251549176,49.96334515166014,165600,VBR
2011-03-16,50.03044128417969,50.81333423833436,49.74711146737486,50.45543885366401,127900,VBR
2011-03-17,50.2690315246582,50.71639644648392,50.19447165244619,50.708944441250246,111000,VBR
2011-03-18,50.76113510131836,50.910254840397776,50.62692506072552,50.84315266437806,62100,VBR
2011-03-21,51.81245040893555,51.827365798296775,51.357627738841046,51.49183780032064,63600,VBR
2011-03-22,51.581298828125,51.99883859807906,51.47691388563649,51.91682104490198,60400,VBR
2011-03-23,51.5052375793457,51.661833102510585,50.92359543924453,51.5052375793457,72500,VBR
2011-03-24,51.85572052001953,51.96757610099661,51.371016795259635,51.81843342995678,129600,VBR
2011-03-25,52.22857666015625,52.74310899790058,51.90792697984214,52.07943396628222,87300,VBR
2011-03-28,52.05705261230469,52.51938632849633,52.03468263541346,52.467187819346535,161300,VBR
2011-03-29,52.43735885620117,52.48955736492205,51.81097675155069,52.07196929515506,71600,VBR
2011-03-30,53.01899719238281,53.10102422721478,52.31804665274189,52.57903917756619,82400,VBR
2011-03-31,53.279998779296875,53.29491589137277,52.95934914020089,52.95934914020089,88200,VBR
2011-04-01,53.60062789916992,53.81688042779478,53.43657955361474,53.59317503519637,115200,VBR
2011-04-04,53.66029357910156,53.824347640258964,53.57080799414024,53.64538215954637,88700,VBR
2011-04-05,53.88401412963867,54.189746642326014,53.540994527720926,53.59319303911686,58700,VBR
2011-04-06,54.07789611816406,54.28669587247406,53.88401916583644,54.19721026348406,76000,VBR
2011-04-07,53.83926773071289,54.31651288228092,53.705042176258694,54.212115860951094,66600,VBR
2011-04-08,53.279998779296875,54.122639246034225,53.06375185709822,54.040612197250745,77400,VBR
2011-04-11,52.79529571533203,53.39184928982418,52.63869449947166,53.22034234172686,75100,VBR
2011-04-12,52.25093078613281,52.720717328549874,52.19873228141981,52.49701188944141,86900,VBR
2011-04-13,52.16145706176758,52.58650375088743,51.88555305518815,52.5715923272392,53600,VBR
2011-04-14,52.37769317626953,52.38515173034869,51.72148264754938,51.833338201897426,62200,VBR
2011-04-15,52.854957580566406,52.854957580566406,52.22857534964865,52.41499944540445,67200,VBR
2011-04-18,52.0943489074707,52.1987459442222,51.71404216546921,52.15400598253208,113700,VBR
2011-04-19,52.14653015136719,52.42243976521715,51.907907619381525,52.31058420883419,109600,VBR
2011-04-20,53.01154327392578,53.10848742677508,52.78037925875133,52.98172043066076,87100,VBR
2011-04-21,53.2874641418457,53.332204105365484,52.93698592304199,53.302381255826994,68600,VBR
2011-04-25,53.33218002319336,53.38437852013353,53.01898904155236,53.26507010821721,144200,VBR
2011-04-26,53.8989372253418,54.100278448055185,53.414233406423655,53.451520503729775,93500,VBR
2011-04-27,54.227027893066406,54.25685642339696,53.82435126741962,53.92128972408609,58700,VBR
2011-04-28,54.45819091796875,54.45819091796875,54.16736986395845,54.18228697346225,73300,VBR
2011-04-29,54.52529525756836,54.652062216086044,54.27175565132382,54.46563821030974,87000,VBR
2011-05-02,54.115177154541016,54.80867490126836,54.07043719965892,54.756476390835594,111000,VBR
2011-05-03,53.6379280090332,54.21211158101661,53.32473696976953,54.0331460856103,70600,VBR
2011-05-04,53.063743591308594,53.690125659852534,52.83257390383224,53.690125659852534,108000,VBR
2011-05-05,52.87732696533203,53.406770651636734,52.5715887538147,52.78784136189035,95100,VBR
2011-05-06,52.892242431640625,53.55591172924053,52.735646880554185,53.36948764139311,49200,VBR
2011-05-09,53.376953125,53.43661020626411,52.79531080570596,52.89224929585083,71100,VBR
2011-05-10,54.115177154541016,54.11517715454102,53.60810347210371,53.690130515528196,84400,VBR
2011-05-11,53.33965301513672,54.03315077032478,53.0861190154304,54.03315077032478,82900,VBR
2011-05-12,53.69014358520508,53.801999188850054,52.8325915428767,53.026474209913836,157200,VBR
2011-05-13,52.981719970703125,53.86909462501054,52.85494728647852,53.72741620849367,80300,VBR
2011-05-16,52.48956298828125,53.19051934266626,52.414994494864224,52.63869997511529,75000,VBR
2011-05-17,52.198734283447266,52.385158334459575,51.88554324315711,52.04213876330219,90400,VBR
2011-05-18,52.832584381103516,52.86987147366813,52.18383220848708,52.303140664113045,57700,VBR
2011-05-19,53.01899719238281,53.21287979191387,52.616320572992315,53.197962682375135,56200,VBR
2011-05-20,52.57160186767578,52.89971013959656,52.340437779302135,52.89971013959656,51200,VBR
2011-05-23,51.706573486328125,51.98994169278952,51.60217647001414,51.736402018019355,178000,VBR
2011-05-24,51.5052375793457,51.9899412591669,51.415751985018346,51.78114722828039,44000,VBR
2011-05-25,51.90047073364258,52.06452485960227,51.31136986733835,51.378485504872906,91800,VBR
2011-05-26,52.40752029418945,52.452260239041735,51.669282758078545,51.751309783114166,78900,VBR
2011-05-27,52.75801086425781,52.89223641982012,52.579045353245064,52.60141533097028,59800,VBR
2011-05-31,53.36948013305664,53.36948013305664,52.86986501332516,53.27999453536304,81600,VBR
2011-06-01,51.87062454223633,53.38438687975523,51.81842603712224,53.32473550906082,94800,VBR
2011-06-02,51.76622009277344,52.153985237219054,51.5425146840944,51.96010266499625,141200,VBR
2011-06-03,51.13240051269531,51.57981720253498,50.96834639893799,51.03546203148048,306800,VBR
2011-06-06,50.45381164550781,51.16222081630514,50.43143597878697,50.998166728951404,283800,VBR
2011-06-07,50.64768600463867,51.02053411543115,50.64768600463867,50.75954157571855,262000,VBR
2011-06-08,50.25992202758789,50.68496860873098,50.21517638958692,50.483627460752054,543900,VBR
2011-06-09,50.47618103027344,50.69243362568107,50.170442836666155,50.37178401031263,83700,VBR
2011-06-10,49.69320297241211,50.245016663592345,49.499320333647134,50.22264668396783,151800,VBR
2011-06-13,49.626094818115234,49.99148443994875,49.35018511799753,49.86471742471022,141700,VBR
2011-06-14,50.61039352416992,50.76698901370542,50.07349145192855,50.07349145192855,109200,VBR
2011-06-15,49.79013442993164,50.401605106739595,49.581340397247565,50.16298254235627,109900,VBR
2011-06-16,49.88707733154297,50.2599254346349,49.43966074567476,49.84233169050876,89400,VBR
2011-06-17,50.058589935302734,50.44635519233769,49.89454153032309,50.32704105503118,97200,VBR
2011-06-20,50.52838897705078,50.677525979359125,49.93928814627249,49.93928814627249,95100,VBR
2011-06-21,51.34120559692383,51.4232326713902,50.87141882524529,50.90870023868531,52500,VBR
2011-06-22,51.07274627685547,51.60219005301382,51.05037629450137,51.117491930775856,95900,VBR
2011-06-23,50.886322021484375,51.02800616159189,49.96166005523262,50.528390926450484,95200,VBR
2011-06-24,50.565643310546875,51.132373856476725,50.4090478351996,51.05034684236021,67100,VBR
2011-06-27,50.86395263671875,50.983266795939805,50.468734440420434,50.55076150258185,42100,VBR
2011-06-28,51.5052375793457,51.5052375793457,50.99816392324533,51.065279541293506,121400,VBR
2011-06-29,51.85572052001953,51.937747566788644,51.4008453294676,51.69912498233609,47100,VBR
2011-06-30,52.25839614868164,52.39262170531671,51.90791799028948,52.012315013315515,100500,VBR
2011-07-01,53.09357833862305,53.19052250612107,52.26585492727991,52.280772040377315,114800,VBR
2011-07-05,53.10102462768555,53.2054216384026,52.79529215036003,53.0786546524191,73700,VBR
2011-07-06,53.36948013305664,53.40676722106502,52.8996935458897,53.04883051950149,73400,VBR
2011-07-07,54.10770797729492,54.227022085839664,53.70503139477118,53.86163258453861,66700,VBR
2011-07-08,53.727413177490234,53.75723601881392,53.28744946362451,53.4589620918933,85200,VBR
2011-07-11,52.66106033325195,53.24270237769953,52.54174622710388,53.03390838115012,80200,VBR
2011-07-12,52.474647521972656,52.981721203032954,52.35533339032979,52.35533339032979,90100,VBR
2011-07-13,52.73564910888672,53.31729137727398,52.608882089204755,52.79530618492949,172100,VBR
2011-07-14,51.98992919921875,53.048816218351,51.907902179082235,52.88476217807797,96000,VBR
2011-07-15,52.243492126464844,52.29569065105579,51.743876864063985,52.21366358538251,63000,VBR
2011-07-18,51.49779510498047,52.09435454169096,51.184603960853046,52.01232747691296,82400,VBR
2011-07-19,52.46718215942383,52.50446924302739,51.90045148606894,51.90045148606894,74600,VBR
2011-07-20,52.54176712036133,52.6237941786538,52.295685945483925,52.54176712036133,50100,VBR
2011-07-21,53.10849380493164,53.22034939284694,52.66107714248197,52.74310419433909,62100,VBR
2011-07-22,53.071197509765625,53.14576599237479,52.728177938395,53.063744643952084,66400,VBR
2011-07-25,52.586490631103516,52.98171437432267,52.31804524792834,52.43735367498284,82500,VBR
2011-07-26,52.16891860961914,52.55668391724748,52.10926153318218,52.414999783012675,71800,VBR
2011-07-27,50.849037170410156,51.84080901636014,50.759551558105855,51.8333561489103,89800,VBR
2011-07-28,50.55821228027344,51.25916294559663,50.50601376594925,50.78191776057223,509200,VBR
2011-07-29,50.52092361450195,50.74463477704032,49.64100176530823,49.94673997482991,119200,VBR
2011-08-01,50.304683685302734,51.60219396306637,49.84234982117425,51.24426283985491,225400,VBR
2011-08-02,48.805824279785156,50.43144256527455,48.71634435805932,49.99148444555794,306500,VBR
2011-08-03,48.880393981933594,48.880393981933594,47.57542263258451,48.70142277647958,197600,VBR
2011-08-04,46.09894561767578,48.26146605269062,46.09894561767578,48.186897559595906,514700,VBR
2011-08-05,45.31596755981445,46.6358504415107,44.38384712171873,46.56873765618357,358400,VBR
2011-08-08,41.46071243286133,44.74177723457219,41.46071243286133,43.77982834132355,428600,VBR
2011-08-09,44.2645263671875,44.339094848469486,40.86415071107182,42.631449887822924,354900,VBR
2011-08-10,42.228790283203125,43.97372007028614,42.13184894930791,42.974486724783795,229400,VBR
2011-08-11,44.33164978027344,45.00277480673474,42.21387197497969,42.45995029796706,175600,VBR
2011-08-12,44.41367721557617,45.11463078554133,44.085568989315355,44.74923830937067,82000,VBR
2011-08-15,45.74100875854492,45.793207269240796,44.883456920646076,44.883456920646076,126300,VBR
2011-08-16,45.15190505981445,45.71117721871704,44.72685844661691,45.06987802137189,285100,VBR
2011-08-17,45.137001037597656,45.748471842529675,44.78652567281357,45.48002353480333,60600,VBR
2011-08-18,42.8178825378418,43.80220432506884,42.45994863548914,43.660520199721105,151400,VBR
2011-08-19,42.005069732666016,43.28020959510554,41.8186456763583,41.8186456763583,147600,VBR
2011-08-22,41.92304229736328,43.242924944926315,41.69933115621963,43.242924944926315,122600,VBR
2011-08-23,43.5933952331543,43.61576805146578,41.80372622151047,42.07963299410879,83700,VBR
2011-08-24,44.286895751953125,44.436035557133096,43.3174912851911,43.533743860471795,95400,VBR
2011-08-25,43.25783920288086,44.93565580385727,43.049045158366454,44.73432031499295,90000,VBR
2011-08-26,44.10793685913086,44.2570738420137,42.392833109922044,43.026676665596575,70400,VBR
2011-08-29,46.158599853515625,46.17351127553441,44.79397432575148,44.80888859237576,133700,VBR
2011-08-30,46.26300811767578,46.553829276008145,45.494938845206576,45.823047101463544,70800,VBR
2011-08-31,46.38228988647461,47.00867461483668,45.99452764085958,46.61345381654584,75600,VBR
2011-09-01,45.31596755981445,46.81481597264581,45.15191345243574,46.38231356856443,876300,VBR
2011-09-02,43.764915466308594,44.65975160838427,43.63068990276696,44.25707491775936,97100,VBR
2011-09-06,43.533748626708984,43.58594713754608,42.184037366736355,42.184037366736355,122100,VBR
2011-09-07,45.2861328125,45.30850278967259,44.115389930377205,44.27944401525736,56000,VBR
2011-09-08,44.495697021484375,45.42036168855832,44.35401574801417,45.00277073494337,63700,VBR
2011-09-09,43.33986282348633,44.27944163878411,42.967014719391564,44.033360524671025,79800,VBR
2011-09-12,43.63068389892578,43.63068389892578,42.59416662445628,42.59416662445628,86300,VBR
2011-09-13,44.30928039550781,44.428594554834355,43.63069675967179,43.891692216289414,49300,VBR
2011-09-14,45.010231018066406,45.56204471031859,43.854402273327175,44.64483856405691,68700,VBR
2011-09-15,45.67389678955078,45.69626676750046,44.98785758277553,45.465102743072315,45300,VBR
2011-09-16,45.76338195800781,46.10640442408067,45.41290662503295,45.815580472378656,76800,VBR
2011-09-19,44.92818832397461,45.278666387978724,44.51805605342359,44.82379132906396,49200,VBR
2011-09-20,44.32416915893555,45.50982591119481,44.32416915893555,45.10715223361212,58000,VBR
2011-09-21,42.556884765625,44.42112539087441,42.556884765625,44.30926981551727,57200,VBR
2011-09-22,41.34140396118164,42.11692883552933,40.64790613916381,41.22955121722747,470800,VBR
2011-09-23,41.773895263671875,41.95286073212402,41.06548340992043,41.27427740464955,194600,VBR
2011-09-26,42.631446838378906,42.67618963071076,41.40850562735838,42.19894455759105,98300,VBR
2011-09-27,43.369693756103516,44.37638255506238,43.0937869402846,43.57103208481637,85800,VBR
2011-09-28,41.81867218017578,43.49648975031165,41.78884362955654,43.3920898231443,61400,VBR
2011-09-29,42.69856643676758,42.907363323120784,41.594936317435234,42.73585352531293,60600,VBR
2011-09-30,41.44580078125,42.50468813787049,41.44580078125,41.952871636734834,93500,VBR
2011-10-03,39.298187255859375,41.74406969156599,39.298187255859375,41.087856290057495,209200,VBR
2011-10-04,41.475624084472656,41.5054526167867,38.72400598212373,38.95517284064946,371900,VBR
2011-10-05,42.13182830810547,42.36299511580058,41.035654165744944,41.572556250918225,115300,VBR
2011-10-06,43.12360763549805,43.19071755493338,41.76643809106121,42.01251917407713,394400,VBR
2011-10-07,42.05726623535156,43.384604542694326,41.97523919935079,43.36969027754826,205400,VBR
2011-10-10,43.82456588745117,43.8320215978031,42.87753137486245,42.87753137486245,121800,VBR
2011-10-11,43.92897415161133,44.09302826742567,43.369701859996205,43.48901316842319,75100,VBR
2011-10-12,44.58517837524414,45.1071663063458,44.279443034036866,44.346555808672875,68900,VBR
2011-10-13,44.40621566772461,44.682122512000056,43.76491637189054,44.28690436928611,93400,VBR
2011-10-14,45.23394012451172,45.3979942305064,44.540442296850685,44.93566044899517,59300,VBR
2011-10-17,43.92897415161133,44.95803596467282,43.817118555445916,44.83872465624583,71900,VBR
2011-10-18,45.2935905456543,45.63661013089851,43.49646273387698,44.025906377789404,71900,VBR
2011-10-19,44.68212890625,45.502396689429354,44.44350627522484,45.24885978838935,123000,VBR
2011-10-20,44.83871078491211,44.88345073385271,43.764906496656074,44.6597424553344,71200,VBR
2011-10-21,45.83049392700195,45.88269244044684,45.17428323095039,45.34579303864152,74300,VBR
2011-10-24,47.19511795043945,47.28460070699348,46.009460758827814,46.04674500367486,116800,VBR
2011-10-25,46.024375915527344,46.889383497888524,45.86777753277318,46.889383497888524,83900,VBR
2011-10-26,46.658226013183594,46.91176291651324,45.54713991080232,46.68805455348265,71600,VBR
2011-10-27,48.969871520996094,49.31289111433384,47.91098420818686,48.246545246022876,139400,VBR
2011-10-28,48.67905807495117,49.08919335372832,48.477722558504446,48.79837222485427,79600,VBR
2011-10-31,47.426292419433594,48.27638590541759,47.41138099389542,48.02285184678237,128500,VBR
2011-11-01,45.770835876464844,46.814808902708535,45.48747050958774,45.79320585332698,88500,VBR
2011-11-02,46.799903869628906,46.95650227237494,46.061666041479455,46.523997003676506,57700,VBR
2011-11-03,47.97063446044922,48.04520293724273,46.41958511061969,47.418818060520046,56900,VBR
2011-11-04,47.642539978027344,47.814052644054456,47.045983459039114,47.37408883333117,54900,VBR
2011-11-07,47.77675247192383,47.94826509100092,46.79988948382144,47.64998549085521,76700,VBR
2011-11-08,48.35093688964844,48.432963923413446,47.17273842127461,48.06757439341222,59100,VBR
2011-11-09,46.18095779418945,47.321871869818246,46.136215005978706,47.023595148894216,66600,VBR
2011-11-10,46.5538215637207,46.99378250704729,46.22571620642513,46.904299744985906,68600,VBR
2011-11-11,47.68727493286133,47.85878472604669,47.068345690639624,47.11308848892488,47000,VBR
2011-11-14,46.94157791137695,47.4710215481815,46.68058252598214,47.4710215481815,117900,VBR
2011-11-15,47.426292419433594,47.620175086703796,46.449431904131984,46.65077028417127,88200,VBR
2011-11-16,46.717857360839844,47.709631600345965,46.717857360839844,46.86699429097578,58600,VBR
2011-11-17,45.88269805908203,46.941588414215474,45.77830101940817,46.68059297042483,67800,VBR
2011-11-18,46.17350769042969,46.33756176595345,45.83794667355693,46.15859626956869,55600,VBR
2011-11-21,45.23394012451172,45.52476124360716,44.913290468943465,45.39053567408529,104800,VBR
2011-11-22,44.86109161376953,45.29359685554302,44.61501330124092,45.12208419442196,107200,VBR
2011-11-23,43.54866027832031,44.42112348815564,43.47408894974123,44.33909644902131,64900,VBR
2011-11-25,43.19073486328125,43.92151985106702,43.19073486328125,43.2951347505407,44900,VBR
2011-11-28,44.823795318603516,45.0400478813687,44.46586151364995,44.67465552205494,87700,VBR
2011-11-29,44.823795318603516,45.10716064758531,44.585172781967806,44.92073661305084,63900,VBR
2011-11-30,47.35918045043945,47.35918045043945,46.389775631033096,46.59857257208204,129200,VBR
2011-12-01,46.978858947753906,47.56050105302388,46.93411615326962,47.210025785681665,137000,VBR
2011-12-02,47.142921447753906,47.881159198844735,47.120548624207814,47.418828284906645,103300,VBR
2011-12-05,47.754398345947266,48.231643588881425,47.43374866498725,48.00047952442608,144700,VBR
2011-12-06,47.784217834472656,48.10486745470178,47.41882541446546,47.87369774481782,90200,VBR
2011-12-07,47.90353775024414,48.067591877446965,46.88939298051681,47.538148087336616,117400,VBR
2011-12-08,46.34502029418945,47.50084884340739,46.300277497816495,47.448650336608246,112100,VBR
2011-12-09,47.60524368286133,47.843869074680406,46.34501817759994,46.51652795562213,74000,VBR
2011-12-12,46.88191604614258,47.06088437335703,46.382300992202545,47.06088437335703,71200,VBR
2011-12-13,46.07658004760742,47.47848719525123,45.81558460759065,47.28460738788975,111900,VBR
2011-12-14,45.49492263793945,45.97217058205986,45.37561136306065,45.584408227552444,57300,VBR
2011-12-15,46.04674530029297,46.188426569466635,45.66644144903441,46.15860088016019,104000,VBR
2011-12-16,46.34502029418945,46.93411813443771,46.09148347061992,46.30773320824269,75300,VBR
2011-12-19,45.52475357055664,46.90429328154643,45.405442289380716,46.76260917948386,168800,VBR
2011-12-20,47.2398681640625,47.29206668710385,46.4345174909916,46.4345174909916,98800,VBR
2011-12-21,47.59778594970703,47.75438145629686,46.85208981020685,47.06088381899329,95900,VBR
2011-12-22,48.037742614746094,48.29873511852247,47.76183869184387,47.76183869184387,399700,VBR
2011-12-23,48.252620697021484,48.32119102752522,48.001184525810196,48.15356981989209,273200,VBR
2011-12-27,48.32881164550781,48.58024490893518,47.9402290022459,48.12309193551758,138200,VBR
2011-12-28,47.45260238647461,48.36691131684282,47.3992679652997,48.32119485304662,334400,VBR
2011-12-29,48.05452346801758,48.13833553298053,47.566892806241924,47.711657250672815,234800,VBR
2011-12-30,47.74973678588867,48.237370190109445,47.74973678588867,48.084984932947144,309300,VBR
2012-01-03,48.54977035522461,49.09835625056293,48.42786270142807,48.808821576348,237300,VBR
2012-01-04,48.37451934814453,48.56500020367013,48.04689204411992,48.351659669056566,131300,VBR
2012-01-05,48.679298400878906,48.84692252317464,47.62022506057302,48.03166450265826,176200,VBR
2012-01-06,48.6488151550293,48.96882163544844,48.23737866684862,48.72500925025353,83400,VBR
2012-01-09,48.81643295288086,48.89262413175669,48.42023242841077,48.83166886345029,100800,VBR
2012-01-10,49.509803771972656,49.63170853920534,49.387893191723556,49.425991701305506,86500,VBR
2012-01-11,49.72312545776367,49.7688390041238,49.2583516930539,49.31930696354377,151300,VBR
2012-01-12,49.86027908325195,49.905992636188884,49.304072332785985,49.87551499655914,127500,VBR
2012-01-13,49.47168731689453,49.55549935715947,49.14406001759002,49.43358882113254,96200,VBR
2012-01-17,49.47168731689453,50.073607509245335,49.37263936613338,49.92121933921167,99800,VBR
2012-01-18,50.28696060180664,50.29458146590597,49.33455604495424,49.494559312943515,76800,VBR
2012-01-19,50.576473236083984,50.66028527518605,50.26408766462427,50.56885818744868,91300,VBR
2012-01-20,50.759334564208984,50.82790487396896,50.45456406824374,50.62218813167531,175200,VBR
2012-01-23,50.70602035522461,51.13269573167571,50.41648565290476,50.713635406221215,276000,VBR
2012-01-24,50.93458557128906,51.03363934809449,50.180282922694644,50.46981176432304,212300,VBR
2012-01-25,51.40697479248047,51.52887951860852,50.70600663145444,50.90410253803933,78800,VBR
2012-01-26,51.19365310668945,51.81080941752714,50.98793046106604,51.67366292478363,83700,VBR
2012-01-27,51.55935287475586,51.60507222964752,51.02600884280295,51.03362970412056,88000,VBR
2012-01-30,51.16316223144531,51.36126396151535,50.782200496010894,51.10982782100509,338900,VBR
2012-01-31,51.079349517822266,51.58983684151698,50.81267746910225,51.4526903860303,99900,VBR
2012-02-01,52.130794525146484,52.1917497886361,51.46030406580228,51.52125932929191,107900,VBR
2012-02-02,52.28318786621094,52.52700313132265,52.10032205761631,52.328901411852364,110600,VBR
2012-02-03,53.304176330566406,53.42608690132437,52.93845624432445,53.075602729919176,134900,VBR
2012-02-06,53.12893295288086,53.250837700989386,52.92321033423793,53.09845531259985,109000,VBR
2012-02-07,53.189876556396484,53.38035742739119,52.83177158884406,53.08320773368064,416400,VBR
2012-02-08,53.27369689941406,53.57846750306148,52.900355961779255,53.3346521827467,99600,VBR
2012-02-09,53.15940475463867,53.44131856734109,52.78606383415259,53.44131856734109,75800,VBR
2012-02-10,52.481285095214844,52.71748531734829,52.359380366094165,52.69462854395158,103000,VBR
2012-02-13,53.022247314453125,53.09844430586858,52.65652733292182,53.06796667190526,116700,VBR
2012-02-14,52.778446197509766,52.90035676602846,52.420346981771786,52.847022345555494,125700,VBR
2012-02-15,52.412715911865234,53.1136841053034,52.3060470916905,53.09844819371332,121700,VBR
2012-02-16,53.441322326660156,53.47179996907048,52.5041595278602,52.5041595278602,108100,VBR
2012-02-17,53.50990295410156,53.738476571786705,53.441326799684546,53.654664501397235,64900,VBR
2012-02-21,53.25844955444336,53.67750395812981,52.991777513367516,53.67750395812981,134100,VBR
2012-02-22,52.732723236083984,53.327022619081276,52.68700968755029,53.06797142670392,98400,VBR
2012-02-23,53.31178283691406,53.33463960952155,52.50414586870591,52.76319704227668,109800,VBR
2012-02-24,53.18226623535156,53.45655917901246,53.11369009292866,53.42608153938176,73700,VBR
2012-02-27,53.15940475463867,53.3346497329165,52.389866136720606,52.75558619388621,286400,VBR
2012-02-28,52.96890640258789,53.36510978243481,52.740332895457975,53.197485722731386,63900,VBR
2012-02-29,52.382240295410156,53.39559993915768,52.36700438323261,53.12130701584233,164900,VBR
2012-03-01,52.62605285644531,53.090826629496746,52.572718447063075,52.572718447063075,167400,VBR
2012-03-02,52.01652145385742,52.71749558158763,51.78794786237177,52.61844179356302,114600,VBR
2012-03-05,51.98603820800781,52.069844437368985,51.56697799612967,51.902226165632186,114700,VBR
2012-03-06,51.01076126098633,51.574588673447494,50.85837893022095,51.422200529668814,148400,VBR
2012-03-07,51.490806579589844,51.54414100766274,51.056510290134405,51.17080001115251,143100,VBR
2012-03-08,52.05461502075195,52.130806210685904,51.39173946099466,51.81079972515418,270600,VBR
2012-03-09,52.69464111328125,53.014647643196085,52.031765461586836,52.06224310439053,145800,VBR
2012-03-12,52.527008056640625,52.80891603188248,52.374619868522736,52.74034570699068,59900,VBR
2012-03-13,53.67752456665039,53.68514543161117,52.82417370757898,52.915600835041346,112900,VBR
2012-03-14,53.28129959106445,53.79940769665536,53.10605466450577,53.65464040136835,105700,VBR
2012-03-15,53.80702590942383,53.867975355953554,53.067959373249394,53.273676107940894,139600,VBR
2012-03-16,53.791786193847656,53.92131176544669,53.60892622141291,53.91369671747996,80000,VBR
2012-03-19,54.16514205932617,54.530867918892774,53.68513231834688,53.68513231834688,84400,VBR
2012-03-20,53.730838775634766,53.91370458777789,53.51750114114901,53.707982002370514,85100,VBR
2012-03-21,53.60131072998047,53.90608125657812,53.50226277936731,53.837510939926155,66800,VBR
2012-03-22,52.99076843261719,53.20419989808166,52.69349616070053,53.066996863703764,57800,VBR
2012-03-23,53.44810485839844,53.47097105689643,52.594396616866334,53.044114028424566,51600,VBR
2012-03-26,54.27132034301758,54.324676747856756,53.966429924171976,54.03502852378865,70000,VBR
2012-03-27,53.99693298339844,54.50001281617725,53.99693298339844,54.33231953858431,72700,VBR
2012-03-28,53.80636215209961,54.09601623065068,53.35664465285227,53.95881319749827,82100,VBR
2012-03-29,53.714881896972656,53.82921869429605,53.066981132688184,53.4633421059434,71400,VBR
2012-03-30,53.64628219604492,54.08075741163914,53.45572278893497,54.08075741163914,110500,VBR
2012-04-02,54.141746520996094,54.24084115048633,53.37950877002521,53.47860339951544,83900,VBR
2012-04-03,53.928321838378906,54.240842113221994,53.64629177196534,54.13412347601236,172200,VBR
2012-04-04,53.150840759277344,53.45573120633351,52.876434704596775,53.356642392581506,91000,VBR
2012-04-05,52.868804931640625,53.204191365312035,52.80020051774789,53.00600794401421,79700,VBR
2012-04-09,52.09133529663086,52.2666525724197,51.83980120933545,51.969380256641216,100100,VBR
2012-04-10,50.917484283447266,52.05321690837053,50.85650386744013,51.98461248650936,201900,VBR
2012-04-11,51.5730094909668,51.611117889614285,51.24524702245294,51.40531625376261,125300,VBR
2012-04-12,52.434329986572266,52.54866680008797,51.55013149849017,51.5958697131436,71200,VBR
2012-04-13,51.61112594604492,52.3276314112493,51.59588374728916,52.259026978314616,148300,VBR
2012-04-16,51.9007682800293,52.19042236181629,51.397694363125446,51.89315008923383,83900,VBR
2012-04-17,52.67824935913086,53.0060118117499,52.29713049866278,52.35048690651182,74100,VBR
2012-04-18,52.19804000854492,52.4419558387778,52.00748058444386,52.35048522166093,216900,VBR
2012-04-19,52.022743225097656,52.62491193976536,51.69498065421307,52.19806052295358,208700,VBR
2012-04-20,52.35810089111328,52.73159567457263,52.22089789498784,52.22089789498784,238200,VBR
2012-04-23,51.67210388183594,51.69497008657442,51.22238053213067,51.54252484470906,90600,VBR
2012-04-24,52.13706588745117,52.24377871258966,51.60349594634591,51.64161016192943,79700,VBR
2012-04-25,52.838314056396484,53.09747788332846,52.556284030261175,52.84593806126819,117100,VBR
2012-04-26,53.234683990478516,53.34902082104792,52.731610077551025,52.76972429287842,94600,VBR
2012-04-27,53.6234245300293,53.684404945706255,52.899300993956125,53.402374884759716,83300,VBR
2012-04-30,53.11273193359375,53.62342988117324,53.05937551840505,53.55483126825051,77300,VBR
2012-05-01,53.1889533996582,53.98168141913759,53.051750361374985,53.143220992034784,112000,VBR
2012-05-02,53.242305755615234,53.28804397516551,52.63251904393279,52.76972207175853,101700,VBR
2012-05-03,52.617271423339844,53.234682145438136,52.42671198413296,53.1965737468443,94300,VBR
2012-05-04,51.75593185424805,52.31236202036526,51.60348085191989,52.27425363134156,191800,VBR
2012-05-07,51.855045318603516,52.03036260085007,51.489174369744276,51.56539699947213,140500,VBR
2012-05-08,51.916019439697266,51.96175184889378,51.20713802008541,51.45105389482212,78500,VBR
2012-05-09,51.56539535522461,51.839801465826085,51.06993955467118,51.237632823973605,114400,VBR
2012-05-10,51.733070373535156,52.129431384896854,51.565377163393485,51.9769861840835,103500,VBR
2012-05-11,51.603492736816406,52.0227258205093,51.191889474261046,51.191889474261046,76000,VBR
2012-05-14,50.97846603393555,51.36720897123779,50.86413500715256,51.146159293768406,83000,VBR
2012-05-15,50.78789520263672,51.22999445863559,50.658316191006314,51.016568835853256,55200,VBR
2012-05-16,50.39154052734375,51.19951072004707,50.32293610254873,51.01657527961501,65000,VBR
2012-05-17,49.20243835449219,50.475373723585236,49.20243835449219,50.39915112829672,153100,VBR
2012-05-18,48.684120178222656,49.461602966668714,48.60027356755111,49.30153375049906,166700,VBR
2012-05-21,49.65978240966797,49.65978240966797,48.569782373788,48.798450171938995,154800,VBR
2012-05-22,49.53782653808594,50.079014607710626,49.31677690704281,49.71314376802088,62500,VBR
2012-05-23,49.84273147583008,49.949444307305214,48.76035514777469,49.15671626248048,166300,VBR
2012-05-24,50.056148529052734,50.06377253439338,49.42348984025889,49.85797091349325,64000,VBR
2012-05-25,50.00279235839844,50.20097579030509,49.83509913258606,50.025658559116096,55000,VBR
2012-05-29,50.711669921875,50.81076453823431,50.20097209209557,50.35341729592437,77500,VBR
2012-05-30,49.766502380371094,50.28482427241652,49.71314597157579,50.28482427241652,84800,VBR
2012-05-31,49.758880615234375,50.05615287982402,49.13384587745452,49.812237026432186,75200,VBR
2012-06-01,48.356361389160156,48.9661510022713,48.32587408928428,48.676502753359905,109000,VBR
2012-06-04,48.08958053588867,48.58503624442574,47.708461654769785,48.46307831877595,500800,VBR
2012-06-05,48.61552047729492,48.68412198787564,47.79230525803241,47.89139697502814,114100,VBR
2012-06-06,49.7969970703125,49.835105471218284,48.958536650017244,48.97377884729697,79200,VBR
2012-06-07,49.606422424316406,50.604951779541715,49.606422424316406,50.59732777553074,123900,VBR
2012-06-08,50.101890563964844,50.17811317694376,49.232934166684856,49.45398381511254,64200,VBR
2012-06-11,49.0576286315918,50.71930738196255,49.05000462475426,50.635460752989594,109900,VBR
2012-06-12,49.64454650878906,49.64454650878906,48.89755671106303,49.225319202224085,59300,VBR
2012-06-13,49.164329528808594,49.89607699138794,48.95852791746923,49.53782435737879,124400,VBR
2012-06-14,49.697906494140625,49.79700113849968,49.13385210210321,49.164342314566504,66000,VBR
2012-06-15,50.193359375,50.2467157898803,49.64454721313802,49.75888404942811,71400,VBR
2012-06-18,50.261959075927734,50.444894507539416,49.789369577567314,49.880840201079415,74700,VBR
2012-06-19,51.01655960083008,51.2452331926521,50.41439123674904,50.444881436686046,107500,VBR
2012-06-20,50.963218688964844,51.36720378390379,50.7802832491725,50.963218688964844,81600,VBR
2012-06-21,49.7969970703125,51.01657639214315,49.72839264402141,50.89461555225362,78300,VBR
2012-06-22,50.284820556640625,50.39153336634573,49.896077712479446,50.040904732255804,66700,VBR
2012-06-25,49.514949798583984,49.705509183191566,49.32439041397641,49.591172389344834,87400,VBR
2012-06-26,49.72837829589844,49.90369549880215,49.26341290494864,49.62928950363797,62800,VBR
2012-06-27,50.46015167236328,50.50588990539348,49.758894130318794,49.77414214646694,84100,VBR
2012-06-28,50.69643020629883,50.69643020629883,49.85034590823528,50.09426173553393,83500,VBR
2012-06-29,51.9846076965332,51.9846076965332,51.36719703373505,51.74831587554369,108100,VBR
2012-07-02,52.426719665527344,52.44958587111644,51.824551051556256,52.12182335504138,78700,VBR
2012-07-03,53.05937576293945,53.11273217837406,52.472449377745626,52.518187601984664,252400,VBR
2012-07-05,53.04411697387695,53.23467639249053,52.78495895596022,53.08985518882433,98800,VBR
2012-07-06,52.64013671875,52.74684953763452,52.46482529433079,52.5715381132153,55100,VBR
2012-07-09,52.3962287902832,52.59441226190467,52.19805113407509,52.57154605660476,71800,VBR
2012-07-10,51.946502685546875,52.80020522494721,51.702586843516436,52.71636442446673,34800,VBR
2012-07-11,51.89313888549805,52.06845028254932,51.611108870809666,51.984603678599036,35900,VBR
2012-07-12,51.6416015625,51.83978498278949,51.10041352072765,51.519640745272056,39700,VBR
2012-07-13,52.38859939575195,52.48768820266637,51.794049108029164,51.877895719807555,74800,VBR
2012-07-16,52.26663589477539,52.45719530897763,52.09894267981152,52.29712609889717,61400,VBR
2012-07-17,52.47243881225586,52.60964182652047,51.83978596103587,52.53341922202056,66700,VBR
2012-07-18,52.70112228393555,52.90692975147624,52.350493585420956,52.350493585420956,58000,VBR
2012-07-19,52.419090270996094,52.90692780688271,52.32000145182302,52.8764375974265,54900,VBR
2012-07-20,51.89313888549805,52.12943068822436,51.85502467809825,52.076074287111595,44200,VBR
2012-07-23,51.21476745605469,51.39770292764699,50.87938091195731,51.06994039102832,42700,VBR
2012-07-24,50.59733581542969,51.397687716834454,50.330553786765456,51.37482151657924,95800,VBR
2012-07-25,50.559234619140625,50.9479717096546,50.43727377986439,50.82601668579127,58500,VBR
2012-07-26,51.024200439453125,51.390071328589585,50.78790276583069,51.35196292765321,107600,VBR
2012-07-27,52.045597076416016,52.21329032617785,51.03181938679256,51.35196368879835,87800,VBR
2012-07-30,51.938880920410156,52.281885589013804,51.78643569334468,52.129440361948326,67600,VBR
2012-07-31,51.7635612487793,52.137056066408896,51.679714642619956,51.824535840649226,59400,VBR
2012-08-01,51.146156311035156,52.182800206444064,51.138532304556456,52.03797316041379,55600,VBR
2012-08-02,50.88699722290039,51.16902148740515,50.56685292676768,50.74217017977875,65200,VBR
2012-08-03,51.969364166259766,52.17516577676695,51.44341831714648,51.794046944751386,71300,VBR
2012-08-06,52.213279724121094,52.464819547687966,51.9693639054716,51.99223010481189,38100,VBR
2012-08-07,52.57154846191406,52.922177195186165,52.44958760751666,52.57917246916731,85800,VBR
2012-08-08,52.66300964355469,52.78497048951364,52.34287114603226,52.34287114603226,66700,VBR
2012-08-09,52.838314056396484,52.945026862953235,52.61726443841127,52.65537864735802,65100,VBR
2012-08-10,52.746849060058594,52.800205469017754,52.480067015262776,52.6477602478237,61100,VBR
2012-08-13,52.632511138916016,52.70873373950168,52.17516390457872,52.57915473696489,98800,VBR
2012-08-14,52.48771286010742,52.96030254710466,52.38099999778786,52.937430520537745,60700,VBR
2012-08-15,52.86119842529297,52.86119842529297,52.411480845283634,52.411480845283634,52800,VBR
2012-08-16,53.28041458129883,53.40236958513747,52.67062211586977,52.80020112476456,69800,VBR
2012-08-17,53.60817337036133,53.67677196496861,53.25754476196381,53.40236595571637,59400,VBR
2012-08-20,53.52433776855469,53.608184389472555,53.2727979058011,53.448115153741924,124600,VBR
2012-08-21,53.57004928588867,54.233197988546124,53.463336503678576,53.80634104429525,69600,VBR
2012-08-22,53.31853103637695,53.60818511818063,53.12035339825244,53.4938482867009,54400,VBR
2012-08-23,52.945037841796875,53.24231012390708,52.830701006659176,53.24231012390708,29100,VBR
2012-08-24,53.08222961425781,53.242298823310946,52.69348678346491,52.82307160400373,49900,VBR
2012-08-27,53.1051025390625,53.38713259953883,53.01363773111208,53.28804378578837,45500,VBR
2012-08-28,53.33376693725586,53.4557219318368,53.051736925706976,53.143207533201306,65600,VBR
2012-08-29,53.52433776855469,53.68440700428532,53.265173899696,53.493847559547035,46600,VBR
2012-08-30,53.11273193359375,53.33378160092213,52.94503868145408,53.33378160092213,41500,VBR
2012-08-31,53.3109016418457,53.486213039913665,52.94502502108521,53.486213039913665,67100,VBR
2012-09-04,53.844478607177734,53.94356742924929,52.9374137494142,53.30329045817832,66300,VBR
2012-09-05,53.79874038696289,53.95118560682023,53.661537362926346,53.82160658840026,44000,VBR
2012-09-06,54.736305236816406,54.88113230800614,54.11889435928383,54.11889435928383,61000,VBR
2012-09-07,55.163143157958984,55.26223196310312,54.81251452197356,54.865870927114564,69100,VBR
2012-09-10,54.980201721191406,55.292721961140984,54.96495952638478,55.071672336267085,79700,VBR
2012-09-11,55.17840576171875,55.376589260721374,54.957356054257005,55.003094286589395,69800,VBR
2012-09-12,55.4832649230957,55.4832649230957,55.12501238958204,55.44515072426692,47400,VBR
2012-09-13,56.070213317871094,56.44371404435974,55.28510927778028,55.49091674999454,191600,VBR
2012-09-14,56.82481384277344,57.00012522931981,56.29886805231186,56.29886805231186,85900,VBR
2012-09-17,56.260765075683594,56.657131952515584,56.10831985561737,56.535171124132695,61300,VBR
2012-09-18,56.06259536743164,56.1845503976194,55.87965409903021,56.1845503976194,80800,VBR
2012-09-19,56.047359466552734,56.26078517706514,55.902532384955975,56.12358210381938,62900,VBR
2012-09-20,55.788177490234375,55.872024100011984,55.47565725098837,55.74243927509351,48300,VBR
2012-09-21,55.8796501159668,56.33699743895777,55.8796501159668,56.207412595890176,47500,VBR
2012-09-24,55.795799255371094,56.100695509063044,55.64335403623129,55.742442847130924,75600,VBR
2012-09-25,54.9649658203125,56.12356466688,54.9649658203125,56.12356466688,74700,VBR
2012-09-26,54.6905517578125,55.117402983770965,54.58383895132288,55.07167058539307,57200,VBR
2012-09-27,55.17076873779297,55.3079717715927,54.698185033359394,54.96496709479976,210000,VBR
2012-09-28,54.804893493652344,55.09454173509162,54.6905566720221,54.972586723321726,80500,VBR
2012-10-01,54.8811149597168,55.34608042669181,54.62195693047154,55.07929839205341,57100,VBR
2012-10-02,55.02593994140625,55.26223176110812,54.7744001114844,55.15551895121618,80700,VBR
2012-10-03,54.9649658203125,55.34608470365101,54.77440637864325,55.09454484494856,58500,VBR
2012-10-04,55.46041488647461,55.49090509133787,54.8429984149644,55.224117252637285,78600,VBR
2012-10-05,55.46041488647461,56.06258334784721,55.33083006195274,55.67384050510552,40700,VBR
2012-10-08,55.24699401855469,55.39181523484349,55.117409182889766,55.163147401823686,52000,VBR
2012-10-09,54.705810546875,55.33084538109193,54.64483593567872,55.24700456377036,88000,VBR
2012-10-10,54.606719970703125,54.79727943621099,54.423784512131306,54.72868082002658,66300,VBR
2012-10-11,54.88874816894531,55.20888666419275,54.82014373972762,54.964970789421386,82600,VBR
2012-10-12,54.36281967163086,54.93449823203728,54.271349008416415,54.873517789894315,53000,VBR
2012-10-15,54.644813537597656,54.66767973435044,54.134109943336874,54.515228730313204,53100,VBR
2012-10-16,55.01068878173828,55.06404518362951,54.827753377455714,54.96495638452055,79500,VBR
2012-10-17,55.60525131225586,55.635741525465825,55.02595470750713,55.0945533256694,76400,VBR
2012-10-18,55.544254302978516,55.803412287637215,55.4756498970675,55.57474450389328,42900,VBR
2012-10-19,54.6753044128418,55.18600219799101,54.43900680752207,55.10977960273775,54400,VBR
2012-10-22,54.644813537597656,54.73627832460882,54.30942714412691,54.53810074247718,84300,VBR
2012-10-23,54.31705856323242,54.416147367825275,53.76062249950463,54.15698934869998,94600,VBR
2012-10-24,54.20270919799805,54.59145195208591,54.080748406358474,54.59145195208591,89400,VBR
2012-10-25,54.355159759521484,54.766768748985534,53.958798778228996,54.59145736289103,34900,VBR
2012-10-26,54.14936447143555,54.629572107298294,53.83684423708782,54.34754789284114,54000,VBR
2012-10-31,54.423770904541016,54.423770904541016,53.99691385404947,54.14936487758642,62500,VBR
2012-11-01,55.208885192871094,55.30035582425259,54.50000379205028,54.57622641049502,61700,VBR
2012-11-02,54.63720703125,55.5137816851031,54.63720703125,55.5137816851031,61800,VBR
2012-11-05,54.83538055419922,54.93446935904018,54.38565729903364,54.62957312399077,83600,VBR
2012-11-06,55.36133575439453,55.490920615168335,55.09455365647242,55.10217766367408,189600,VBR
2012-11-07,53.95118713378906,54.82013770547681,53.78349389795238,54.71342488547393,179800,VBR
2012-11-08,53.32615661621094,54.10364244088598,53.32615661621094,53.92832518538851,95800,VBR
2012-11-09,53.28803253173828,53.67676951425414,52.99837852663476,53.07460112229995,119700,VBR
2012-11-12,53.150840759277344,53.50146942572194,53.089860343701105,53.49384541992179,83100,VBR
2012-11-13,52.845951080322266,53.410005456140716,52.82308487548565,52.88405948324555,121800,VBR
2012-11-14,51.79404830932617,52.96027685096544,51.70258350909628,52.96027685096544,106200,VBR
2012-11-15,51.5730094909668,51.99986077445922,51.268113224723955,51.65685029415631,319300,VBR
2012-11-16,52.0379753112793,52.09895573480336,51.20713884856361,51.55014355391328,118600,VBR
2012-11-19,53.08222961425781,53.08222961425781,52.59439798226396,52.67062058437329,82100,VBR
2012-11-20,53.234683990478516,53.27279820580591,52.75447628058235,53.051748550815134,72300,VBR
2012-11-21,53.43286895751953,53.46335916756344,53.16608688890154,53.37951254379593,103000,VBR
2012-11-23,54.02742385864258,54.027423858642585,53.6158146673648,53.6158146673648,28700,VBR
2012-11-26,54.20270919799805,54.20270919799805,53.74536786017089,53.8825708430601,74300,VBR
2012-11-27,54.12649154663086,54.47712013145192,54.05026895261083,54.156981747321105,77800,VBR
2012-11-28,54.416141510009766,54.416141510009766,53.448102321927635,53.92068590955661,108200,VBR
2012-11-29,54.91923522949219,54.97259164230569,54.59147274637698,54.812522403865174,60700,VBR
2012-11-30,54.97259521484375,55.01832762439513,54.74392153626044,54.99546141961944,134100,VBR
2012-12-03,54.88874816894531,55.24700088213737,54.71343090797847,55.24700088213737,73300,VBR
2012-12-04,54.91923522949219,55.041190252174694,54.545734524384805,54.85825481044451,271800,VBR
2012-12-05,54.980201721191406,55.19363315636799,54.59146469179674,55.13265274631753,167500,VBR
2012-12-06,55.10979461669922,55.1631510294539,54.88112095322896,54.99545778496409,251800,VBR
2012-12-07,55.20125198364258,55.34607900533217,54.995450366610264,55.30796479475742,171800,VBR
2012-12-10,55.49090576171875,55.52139015153834,55.14027130926119,55.25460812502674,113400,VBR
2012-12-11,55.864410400390625,55.98636542730239,55.65860293282078,55.75007356456438,196700,VBR
2012-12-12,55.658573150634766,56.1159202492192,55.53661818897953,56.02444966642033,125500,VBR
2012-12-13,55.330833435058594,55.79579891059793,55.178388216860775,55.666219893588554,103000,VBR
2012-12-14,55.26983642578125,55.51375216524028,55.13263345887242,55.23934623142262,127000,VBR
2012-12-17,55.948246002197266,55.948246002197266,55.37656775111639,55.49090456441495,107700,VBR
2012-12-18,56.68764114379883,56.71813136110545,55.971135575628985,56.100714637621394,205100,VBR
2012-12-19,56.77145767211914,57.07634805262226,56.69522926158213,56.77145767211914,140200,VBR
2012-12-20,57.19832229614258,57.22881250443894,56.73335679659509,56.840069617926055,837000,VBR
2012-12-21,56.87055969238281,56.89342589469812,56.30650537875904,56.30650537875904,191200,VBR
2012-12-24,56.60004425048828,58.10906626454325,56.553133565311335,58.10906626454325,150000,VBR
2012-12-26,56.28728103637695,56.748591219799955,56.28728103637695,56.72513588195946,96700,VBR
2012-12-27,56.2169303894043,56.435854889415396,55.56797136062479,56.287296422159905,227300,VBR
2012-12-28,55.8025016784668,56.30290192563906,55.74777058784613,55.94323962081159,227000,VBR
2012-12-31,56.80331802368164,56.85804912957494,55.71651037434115,55.88070369202103,443600,VBR
2013-01-02,58.42180633544922,58.49999278343503,57.913585475675966,58.36707522533478,682200,VBR
2013-01-03,58.53125,58.78927056527433,58.32014009559674,58.46087804345167,269300,VBR
2013-01-04,58.93783950805664,59.047301724280736,58.5078110772458,58.742370412621696,295700,VBR
2013-01-07,58.66419219970703,58.797109771596396,58.570370838488294,58.73456418586532,262300,VBR
2013-01-08,58.499961853027344,58.74234150320422,58.327948179260346,58.61724444561761,153900,VBR
2013-01-09,58.64854431152344,58.781461853988766,58.59381320784695,58.6719996466358,173200,VBR
2013-01-10,58.81275177001953,58.976945120545864,58.586006867318126,58.93784890912535,121900,VBR
2013-01-11,58.71108627319336,58.82055443905791,58.499982304920216,58.78927867241697,156900,VBR
2013-01-14,58.81275177001953,58.90657313303781,58.60946220807269,58.62510307873864,203800,VBR
2013-01-15,59.03165054321289,59.094202068161735,58.4843396130149,58.51560941024758,118100,VBR
2013-01-16,58.922210693359375,59.04730782543703,58.765837786951295,58.914390258465765,77500,VBR
2013-01-17,59.430419921875,59.547702561282485,59.14894397339418,59.23495084461015,198000,VBR
2013-01-18,59.61024856567383,59.657165200923515,59.32095814697467,59.47733102382595,139300,VBR
2013-01-22,60.134117126464844,60.134117126464844,59.649351608243165,59.65717204255546,207600,VBR
2013-01-23,60.009002685546875,60.14974065032463,59.97772691945821,60.14192021749186,145000,VBR
2013-01-24,60.12630844116211,60.42341938540721,59.938659737704405,60.07157732076842,129900,VBR
2013-01-25,60.368690490722656,60.47033229941698,60.095034878664876,60.47033229941698,186600,VBR
2013-01-28,60.53285598754883,60.64231818197359,60.14191787453406,60.58758708476121,238700,VBR
2013-01-29,60.65015411376953,60.67360945210572,60.45468500730963,60.58760256804387,172700,VBR
2013-01-30,60.134117126464844,60.61887667944296,59.98555870074907,60.34522113094829,122900,VBR
2013-01-31,60.4703254699707,60.540697456692094,60.00902119963603,60.06375231586632,107900,VBR
2013-02-01,61.00979232788086,61.16617113009968,60.736136880549644,60.884695251347175,140100,VBR
2013-02-04,60.33738327026367,60.837783547343015,60.22792108248018,60.69704559658683,146100,VBR
2013-02-05,60.79872512817383,60.92382228027506,60.556339329626816,60.65798710378184,154200,VBR
2013-02-06,61.12709426879883,61.127094268798835,60.439045217174524,60.51723166038859,197700,VBR
2013-02-07,61.00979232788086,61.16617113009968,60.626674701617155,61.127074938234635,148400,VBR
2013-02-08,61.43201446533203,61.46329023001125,61.12708321626227,61.12708321626227,113400,VBR
2013-02-11,61.471126556396484,61.47894102565517,61.22092633951335,61.45548568739171,220400,VBR
2013-02-12,61.84640884399414,61.869864176547935,61.49456692520268,61.54147759031027,213300,VBR
2013-02-13,62.08099365234375,62.14354520234924,61.846428322445234,61.95589055233277,91400,VBR
2013-02-14,62.27643966674805,62.362446524784815,61.94023266676121,61.94023266676121,94500,VBR
2013-02-15,62.299903869628906,62.42500097579708,62.15916589691298,62.24517276719731,163300,VBR
2013-02-19,62.81594467163086,62.81594467163086,62.425006486822866,62.425006486822866,193800,VBR
2013-02-20,61.713497161865234,62.86285628781283,61.650945625635046,62.86285628781283,119400,VBR
2013-02-21,61.10362243652344,61.63529845818574,60.82214654474683,61.58056736618704,135500,VBR
2013-02-22,61.76041030883789,61.76041030883789,61.3616576711715,61.416388776257655,127800,VBR
2013-02-25,60.4703254699707,62.22173311982847,60.4703254699707,62.206092249337374,150400,VBR
2013-02-26,60.8065185546875,60.955076963810626,60.36084929256101,60.75960788454036,99300,VBR
2013-02-27,61.46330261230469,61.70568238084541,60.767433112419134,60.767433112419134,132400,VBR
2013-02-28,61.447662353515625,61.908972523490704,61.35384100488867,61.47893812480575,102500,VBR
2013-03-01,61.53364944458008,61.64311162627174,60.665766457423636,61.19744246788667,154200,VBR
2013-03-04,61.705684661865234,61.76041577179257,61.18964933472797,61.478939787810944,238000,VBR
2013-03-05,62.385921478271484,62.49538370197619,62.002803695305055,62.080990145773576,351300,VBR
2013-03-06,62.526641845703125,62.620463173714725,62.3389932244378,62.61264870654184,178200,VBR
2013-03-07,62.7846794128418,62.7846794128418,62.50320342217737,62.581389871752215,164700,VBR
2013-03-08,63.2537956237793,63.300706294207416,62.86285746289715,63.300706294207416,275800,VBR
2013-03-11,63.355438232421875,63.37107909959917,63.034872038203446,63.13651381388382,297600,VBR
2013-03-12,63.17561340332031,63.394537833594526,63.02705498338709,63.2068832088652,173700,VBR
2013-03-13,63.441444396972656,63.53527170325852,63.09741690583407,63.24597531614263,85900,VBR
2013-03-14,64.05912017822266,64.09039594345468,63.57435476498955,63.61345096284016,108500,VBR
2013-03-15,64.1216812133789,64.19986765542734,63.8636605859002,64.03567433755266,263700,VBR
2013-03-18,63.848026275634766,64.0825856039551,63.363260786050255,63.57436477806288,217000,VBR
2013-03-19,63.683834075927734,64.12168894160891,63.238164740770095,63.996585847058896,110100,VBR
2013-03-20,64.17732238769531,64.21642867661201,63.919241167903756,64.06001545450913,102200,VBR
2013-03-21,63.72373580932617,64.14605279615296,63.582961491456146,63.77065859302175,117100,VBR
2013-03-22,63.85668182373047,64.03655645593882,63.77065275031509,63.96617228684409,75800,VBR
2013-03-25,63.86446762084961,64.3806357983042,63.54381290092625,64.09126490228405,198100,VBR
2013-03-26,64.1695327758789,64.26337836172796,63.911445481225115,64.13824892500108,156600,VBR
2013-03-27,64.2320785522461,64.26336239535138,63.55167435675061,63.78629422986585,79000,VBR
2013-03-28,64.24771881103516,64.41977695228019,64.0130929881042,64.20861251828582,178900,VBR
2013-04-01,63.66115188598633,64.33373945909868,63.35614193617745,64.21642656299177,219900,VBR
2013-04-02,63.332664489746094,64.09127496305983,63.16842289677751,64.05999710102607,165300,VBR
2013-04-03,62.45675277709961,63.481273100545344,62.308156040069065,63.410888940972086,171500,VBR
2013-04-04,62.91817092895508,62.91817092895508,62.339434896066635,62.44892533561901,83100,VBR
2013-04-05,62.79304504394531,62.80086749485693,61.97186073489697,62.07353469640267,145200,VBR
2013-04-08,63.36396789550781,63.426535578358546,62.628818505750935,62.88690572242323,122200,VBR
2013-04-09,63.3170166015625,63.6220264596185,63.17624236193819,63.543819874667214,133000,VBR
2013-04-10,64.18512725830078,64.27897874592543,63.44997218885853,63.489078467063884,119700,VBR
2013-04-11,64.34154510498047,64.57617085767198,64.09910286950513,64.17730946480872,118000,VBR
2013-04-12,63.997474670410156,64.2555619654308,63.7159259788939,64.0991427108193,118400,VBR
2013-04-15,61.799800872802734,63.668972780372236,61.64338765967182,63.64550542829915,172000,VBR
2013-04-16,62.74611282348633,62.79303558832667,62.06570289939698,62.28468375769308,117100,VBR
2013-04-17,61.72940444946289,62.40981432160607,61.28362031717058,62.1751885817552,146100,VBR
2013-04-18,61.44003677368164,61.92492721071828,61.17413315667431,61.815436784094,145400,VBR
2013-04-19,62.09700393676758,62.120465325688194,61.23671919791058,61.729426265591144,129500,VBR
2013-04-22,62.23775863647461,62.43327810494799,61.307084057171494,62.12826821147196,292700,VBR
2013-04-23,63.058921813964844,63.066744261540364,62.39415697274665,62.70698924119616,85400,VBR
2013-04-24,63.53598403930664,63.5594454131708,62.980709646333096,63.10584492931352,97600,VBR
2013-04-25,63.81755447387695,64.09910299092779,63.58293468752176,63.67678021535153,119800,VBR
2013-04-26,63.45781326293945,63.74718429296158,63.22318745840453,63.55166477810984,97800,VBR
2013-04-29,63.93488693237305,64.04437739289628,63.58295416166018,63.723728463301846,104900,VBR
2013-04-30,64.30245971679688,64.30245971679688,63.64551103683623,63.92705961870763,127500,VBR
2013-05-01,63.11370849609375,64.22426407736178,63.082430618792145,64.1304125451075,262400,VBR
2013-05-02,63.833213806152344,63.91142041928711,63.28575558064473,63.36396219377951,60900,VBR
2013-05-03,64.72476959228516,65.08452471537161,64.24770158917941,64.61527916207541,314200,VBR
2013-05-06,65.1314468383789,65.22529833482501,64.74040788669144,64.74040788669144,323100,VBR
2013-05-07,65.78841400146484,65.78841400146484,65.14711017784647,65.24877818602141,124900,VBR
2013-05-08,65.96044921875,65.97609411862089,65.56941025691218,65.64762282270456,151300,VBR
2013-05-09,65.66327667236328,66.04649327132006,65.60070899222843,65.93700281447526,76600,VBR
2013-05-10,66.1012191772461,66.11686407609774,65.66325747789048,65.77274790272938,83300,VBR
2013-05-13,65.9682846069336,66.14034273857267,65.74148124857136,66.03085228512639,117600,VBR
2013-05-14,66.7582015991211,66.7582015991211,66.07779135623423,66.07779135623423,94700,VBR
2013-05-15,67.094482421875,67.22743426983317,66.51574628557636,66.63305322978502,113400,VBR
2013-05-16,66.73471069335938,67.24306253736442,66.63303674448974,66.98497539039218,85300,VBR
2013-05-17,67.49332427978516,67.51678566179538,66.9771500084369,66.9771500084369,216500,VBR
2013-05-20,67.61845397949219,67.90000249859249,67.32908301075555,67.36036684252012,97800,VBR
2013-05-21,67.66536712646484,67.87653146916767,67.47767012933564,67.71229585083212,81200,VBR
2013-05-22,66.60958099365234,68.25194357972457,66.29674860421441,67.7748814951391,120100,VBR
2013-05-23,66.51575469970703,66.6408841116191,65.31135353028904,65.8040606586396,176500,VBR
2013-05-24,66.36714172363281,66.43752588187505,65.8040445905677,66.33585788659788,129300,VBR
2013-05-28,66.9771499633789,67.64191497593836,66.60957240071711,67.33690507644896,89700,VBR
2013-05-29,66.40628051757812,66.74256850505793,65.82753819930956,66.5783327553173,137500,VBR
2013-05-30,66.88330078125,67.05535887753294,66.46880044026709,66.62521960360657,70100,VBR
2013-05-31,66.30458068847656,67.13358156917167,66.30458068847656,66.50792266617283,101300,VBR
2013-06-03,66.3984375,66.6487022744986,65.60853688148325,66.48446657561979,158500,VBR
2013-06-04,65.9369888305664,66.72688921609534,65.45210432931154,66.46880206536098,102900,VBR
2013-06-05,64.99848937988281,65.80402859569028,64.91246034064315,65.80402859569028,135500,VBR
2013-06-06,65.6085205078125,65.6085205078125,64.67784581298132,64.96721681028365,215300,VBR
2013-06-07,66.23416137695312,66.3201904000675,65.60849683917203,66.02299705957083,139800,VBR
2013-06-10,66.35929870605469,66.60956335798822,65.9682598144848,66.50007294569104,137700,VBR
2013-06-11,65.64763641357422,66.13252100789774,65.26441385555317,65.77276580454142,133400,VBR
2013-06-12,65.00636291503906,66.17165813489297,64.87340504377629,66.08562902804618,138500,VBR
2013-06-13,66.25767517089844,66.39062705115495,64.85775428435767,65.0454514074718,84700,VBR
2013-06-14,65.80404663085938,66.4766342310098,65.60852711841522,66.22636949375257,229600,VBR
2013-06-17,66.10904693603516,66.46880207036723,65.8274984019003,66.29674396986469,67800,VBR
2013-06-18,66.79727935791016,66.93023117496307,66.15596972247137,66.18725355591579,152800,VBR
2013-06-19,65.89007568359375,66.84421185886029,65.84315290998457,66.84421185886029,149300,VBR
2013-06-20,64.29462432861328,65.25658278424737,64.08346591808825,65.21747650199636,188000,VBR
2013-06-21,64.26333618164062,64.53706223867741,63.5047197044383,64.52142330689554,149300,VBR
2013-06-24,63.43434524536133,63.94269712419675,62.83996431164078,63.66897102537197,183000,VBR
2013-06-25,64.25553131103516,64.4041220735473,63.5672988526486,64.23206395895066,138700,VBR
2013-06-26,64.63874816894531,64.89683534207326,64.3650220611346,64.82644521904672,97000,VBR
2013-06-27,65.64763641357422,65.77276580454142,65.07671678571124,65.08453923726616,153500,VBR
2013-06-28,65.45991516113281,65.89006037522039,65.2878630422784,65.58505048406033,141900,VBR
2013-07-01,66.35929870605469,66.63302473679762,65.76491792017006,65.8978756780566,114600,VBR
2013-07-02,66.23416137695312,66.78943582001371,65.91350666047602,66.3749355996149,286800,VBR
2013-07-03,66.2107162475586,66.37495188650044,65.85095517165087,65.99172942885541,113000,VBR
2013-07-05,67.0084457397461,67.02408467493657,66.14033865051988,66.97716190258332,161300,VBR
2013-07-08,67.32908630371094,67.53242823673534,67.2352407706082,67.36037013700555,148500,VBR
2013-07-09,68.04862213134766,68.12682875371416,67.46987999891327,68.03297722680466,275000,VBR
2013-07-10,68.00169372558594,68.17375187572497,67.75925140499886,68.04080002035676,110300,VBR
2013-07-11,68.76029968261719,68.98710302969616,68.4787511115386,68.80722842231823,247700,VBR
2013-07-12,68.98709106445312,69.08875904373839,68.6664422271498,68.77593265615883,110700,VBR
2013-07-15,69.29994201660156,69.37032618266146,69.01057096697399,69.12006142536659,175700,VBR
2013-07-16,68.9558334350586,69.44072406691127,68.7994201818329,69.44072406691127,102900,VBR
2013-07-17,69.27645111083984,69.51107086452267,69.0183640116868,69.2608062138597,155700,VBR
2013-07-18,69.92560577392578,70.08201900718794,69.45635414057458,69.50328288397913,135700,VBR
2013-07-19,69.9099349975586,69.9177574463614,69.66749278569299,69.7535218221834,90700,VBR
2013-07-22,70.0976333618164,70.30879771612938,69.91775880332196,70.0741719817328,110800,VBR
2013-07-23,70.19930267333984,70.41046104696197,70.03506705679378,70.38699966842394,109900,VBR
2013-07-24,69.72227478027344,70.45742425254898,69.60496185345589,70.45742425254898,110900,VBR
2013-07-25,70.04290008544922,70.0585449860238,69.49544790096508,69.6753224901036,88500,VBR
2013-07-26,69.87864685058594,69.8942917472247,69.45632414303651,69.78480133787261,88800,VBR
2013-07-29,69.5033187866211,69.98820364027536,69.32343810534628,69.74576121344823,74700,VBR
2013-07-30,69.72227478027344,69.90214943018147,69.4954713795684,69.90214943018147,71700,VBR
2013-07-31,69.94125366210938,70.47306707676121,69.83176319145603,70.01163783605088,81600,VBR
2013-08-01,70.9422836303711,71.09088033663004,70.43393181607846,70.4886770288927,119900,VBR
2013-08-02,70.84844207763672,70.8719094293761,70.41048031367258,70.84844207763672,239900,VBR
2013-08-05,70.91886138916016,70.98142908598804,70.59038993098976,70.77026460088993,80200,VBR
2013-08-06,70.20713806152344,70.77805761574145,69.99597963103713,70.69985101062731,85600,VBR
2013-08-07,69.6518783569336,70.15240789722442,69.51110405080289,69.97253326353575,103000,VBR
2013-08-08,70.0194320678711,70.28534165141545,69.6909607882993,70.13674494394122,70000,VBR
2013-08-09,70.05854034423828,70.30880503581831,69.73006905531093,69.98033374689095,88000,VBR
2013-08-12,70.27753448486328,70.32445725878317,69.65969210552937,69.65969210552937,68600,VBR
2013-08-13,70.0976333618164,70.37918185638017,69.73006179587287,70.37918185638017,82000,VBR
2013-08-14,69.91777801513672,70.1523978472212,69.89431662860646,69.94123940166698,80600,VBR
2013-08-15,68.72120666503906,69.34686558199466,68.61953269053166,69.2451975742698,110200,VBR
2013-08-16,68.44745635986328,68.90888543152558,68.36924976187436,68.54913030735175,98400,VBR
2013-08-19,67.75923919677734,68.44746570655245,67.7279553599537,68.33797526106055,115000,VBR
2013-08-20,68.64298248291016,68.74465644024073,67.61063977589443,67.75141405261391,172100,VBR
2013-08-21,68.11898803710938,68.72119139811029,67.87654578274292,68.36143625825704,110000,VBR
2013-08-22,68.94017028808594,69.08876103643772,68.330150461218,68.330150461218,56300,VBR
2013-08-23,69.03402709960938,69.1748013877935,68.5960652993841,69.15134000089314,151800,VBR
2013-08-26,68.96363830566406,69.3390383711949,68.76811880558753,69.05748981374218,79400,VBR
2013-08-27,67.48552703857422,68.39273462693721,67.40732041373339,68.18157614318868,138000,VBR
2013-08-28,67.52462005615234,67.76706832372493,67.30563914359571,67.53244250782433,88700,VBR
2013-08-29,67.90782928466797,68.18155537161144,67.51679031281122,67.51679031281122,90700,VBR
2013-08-30,67.02407836914062,68.03295964729033,66.83638133060478,67.97821442910148,109900,VBR
2013-09-03,67.0866470336914,68.15027354582281,66.56265622799205,67.7670570128109,91100,VBR
2013-09-04,67.64972686767578,67.69664962434162,66.91457185708525,67.20394277901084,105100,VBR
2013-09-05,67.86870574951172,68.06422518574183,67.72793151675485,67.72793151675485,50800,VBR
2013-09-06,67.93911743164062,68.33797291217394,67.11011070126249,68.15809831509772,68500,VBR
2013-09-09,68.89327239990234,68.91673976025722,68.22069057265584,68.23632951277536,100100,VBR
2013-09-10,69.49545288085938,69.51891426662112,69.08876897171652,69.40160137103062,155100,VBR
2013-09-11,69.57366180419922,69.65969086604294,69.21390662139001,69.44853242037867,84400,VBR
2013-09-12,69.16699981689453,69.62060065059651,69.1122545800624,69.61278416446572,86800,VBR
2013-09-13,69.45635223388672,69.45635223388672,69.07313564616669,69.3234003925854,74000,VBR
2013-09-16,69.80826568603516,70.3870015839156,69.73005909985349,70.33225637691044,80600,VBR
2013-09-17,70.26970672607422,70.2931681112621,69.83956740847276,69.83956740847276,81700,VBR
2013-09-18,71.02051544189453,71.2394963709044,69.9099658923257,70.34011126486854,96400,VBR
2013-09-19,70.90319061279297,71.29422959221465,70.75459389124272,71.23947840698555,81600,VBR
2013-09-20,70.51997375488281,71.08307088495411,70.48087343388339,71.08307088495411,84100,VBR
2013-09-23,70.40266418457031,70.5199770866747,69.97252483256362,70.44177047419913,93300,VBR
2013-09-24,70.5512466430664,70.98920835769704,70.11328492843579,70.38701100007992,59900,VBR
2013-09-25,70.61378479003906,71.02046250266183,70.43390432284657,70.68416890756328,163000,VBR
2013-09-26,70.89537811279297,71.12218146870353,70.55126185323458,70.77806520914514,68300,VBR
2013-09-27,70.59818267822266,70.81716954348236,70.42613051997728,70.5043371313219,84800,VBR
2013-09-30,70.57472229003906,70.72331903044368,69.75354390912896,69.82392807030038,129900,VBR
2013-10-01,71.42720031738281,71.53669078325653,70.54344817125262,70.58255446625732,159200,VBR
2013-10-02,71.25514221191406,71.41155545846745,70.7624351151663,70.91884836171968,94600,VBR
2013-10-03,70.68419647216797,71.21600966792862,70.22277338815981,71.20819318522999,135800,VBR
2013-10-04,71.05178833007812,71.16127877770289,70.55125886471293,70.6998556008245,77800,VBR
2013-10-07,70.2384262084961,70.69203289949671,70.18368098487753,70.51215829337079,76900,VBR
2013-10-08,69.29994201660156,70.3244624344677,69.24519678740526,70.23061687972117,98600,VBR
2013-10-09,69.07312774658203,69.49545057663609,68.77594025881726,69.42506045490298,100100,VBR
2013-10-10,70.59818267822266,70.72331802979963,69.90213369372617,69.90213369372617,143700,VBR
2013-10-11,71.45845794677734,71.45845794677734,70.50432197978579,70.50432197978579,129200,VBR
2013-10-14,71.74002838134766,71.78695115905191,70.8797376782197,71.07525720769742,184300,VBR
2013-10-15,71.17691802978516,71.71654777401943,71.00485992095226,71.6227022359516,176600,VBR
2013-10-16,71.99030303955078,72.013764431629,71.43502224871068,71.56015762883897,130800,VBR
2013-10-17,72.6628646850586,72.6863260687078,71.76347385555819,71.76347385555819,177400,VBR
2013-10-18,73.28070068359375,73.28070068359375,72.73324851161664,72.99915214749662,118500,VBR
2013-10-21,73.27289581298828,73.44495394195879,73.08519278132113,73.43713149061047,118400,VBR
2013-10-22,73.64828491210938,73.92201102278243,73.31981357930171,73.50751063136585,126100,VBR
2013-10-23,73.42149353027344,73.55445134863834,73.07738320657724,73.33546445765371,105300,VBR
2013-10-24,73.74213409423828,73.78123441351089,73.32763371590329,73.499691827691,76800,VBR
2013-10-25,73.8829345703125,73.8829345703125,73.57010207128995,73.73433779075047,162300,VBR
2013-10-28,73.8829345703125,74.03153134987453,73.55446313139146,74.03153134987453,104300,VBR
2013-10-29,74.14097595214844,74.14879243386915,73.65608558036747,74.14879243386915,105000,VBR
2013-10-30,73.47621154785156,74.266111846266,73.25723070475381,74.266111846266,79500,VBR
2013-10-31,73.34326934814453,73.85162121005314,73.08518219208277,73.51532745218572,168400,VBR
2013-11-01,73.29634094238281,73.67173498888671,72.85055678292143,73.42147030229052,203800,VBR
2013-11-04,74.023681640625,74.05496547568674,73.37455548835199,73.69521032264882,113600,VBR
2013-11-05,73.60137176513672,73.80471374541851,73.33546210372478,73.73432361245145,57200,VBR
2013-11-06,73.4527587890625,74.0471396949404,73.34326835466146,73.9063654268846,62200,VBR
2013-11-07,72.27183532714844,73.83599142417458,72.26401287596435,73.71085607235713,164900,VBR
2013-11-08,73.39801788330078,73.42930171879317,72.31092995876207,72.34221379425446,170900,VBR
2013-11-11,73.51534271240234,73.61701071917568,73.11648120358277,73.11648120358277,74900,VBR
2013-11-12,73.49969482421875,73.56225653096182,73.1399336848419,73.32763670541637,87700,VBR
2013-11-13,74.2270278930664,74.2270278930664,73.0930111816933,73.13211746948546,73100,VBR
2013-11-14,74.492919921875,74.55548758585779,74.03931330817109,74.3365067286989,100100,VBR
2013-11-15,74.72756958007812,74.7510309698806,74.34434699069523,74.64154050628056,99200,VBR
2013-11-18,74.32086944580078,74.97781805138317,74.13317240139787,74.91525038098837,104600,VBR
2013-11-19,73.8907241821289,74.53202783503822,73.6795598032599,74.26611824068115,61800,VBR
2013-11-20,73.82035064697266,74.31305769702742,73.59354728421599,74.1957507566208,70800,VBR
2013-11-21,74.64934539794922,74.73537445838566,74.0315090064974,74.0315090064974,112900,VBR
2013-11-22,75.03257751464844,75.07950029296111,74.54768692721466,74.79012923754026,71100,VBR
2013-11-25,74.96998596191406,75.30627968857158,74.88395691787744,75.30627968857158,85000,VBR
2013-11-26,75.22024536132812,75.36884205727823,74.938696867307,75.11075494329549,72000,VBR
2013-11-27,75.58783721923828,75.58783721923828,75.25154345246429,75.36103389124825,77300,VBR
2013-11-29,75.49398040771484,75.853735533685,75.49398040771484,75.853735533685,42200,VBR
2013-12-02,75.13423156738281,75.72079005447077,75.05602496246071,75.61129961422354,113300,VBR
2013-12-03,74.70408630371094,75.14205403156093,74.39125988396572,75.07166391037121,126800,VBR
2013-12-04,74.53987884521484,75.01694707263935,73.89857489525163,74.41474942333076,85100,VBR
2013-12-05,74.47730255126953,74.62589333777126,74.26613811588842,74.4694800993118,49900,VBR
2013-12-06,75.22024536132812,75.40794236841543,75.04818728533964,75.05600973427919,87200,VBR
2013-12-09,75.3062973022461,75.53310065622865,75.07949394826353,75.2828359150724,126000,VBR
2013-12-10,75.07164764404297,75.57217696731972,74.94651829661387,75.1576766808668,100400,VBR
2013-12-11,73.82816314697266,75.14205440346251,73.72648918994891,75.14205440346251,129000,VBR
2013-12-12,73.9141845703125,74.17226574455142,73.68738126154788,73.79687169105068,120400,VBR
2013-12-13,74.18010711669922,74.37562664308312,73.7890680639314,74.14100679149189,83700,VBR
2013-12-16,74.81358337402344,74.93089029907715,74.45382224792027,74.50856746853918,86700,VBR
2013-12-17,74.80577087402344,74.90743887818762,74.39908692380206,74.90743887818762,114200,VBR
2013-12-18,75.70513916015625,75.70513916015625,74.15662237349783,74.8683160894516,108000,VBR
2013-12-19,75.26717376708984,75.63475132667668,75.21242855396717,75.47833813683496,96800,VBR
2013-12-20,76.21349334716797,76.27606101479023,75.27500219995889,75.32192496728499,284000,VBR
2013-12-23,76.86260223388672,76.86260223388672,76.21347625315671,76.58887620791016,406000,VBR
2013-12-24,77.13107299804688,77.29836751121603,76.74868119800918,76.94784220100743,79600,VBR
2013-12-26,77.21078491210938,77.60910716949077,77.17095633312042,77.46571091371685,130000,VBR
2013-12-27,77.2585678100586,77.40992609588316,77.06736879967956,77.39399588397512,93800,VBR
2013-12-30,77.27449035644531,77.44178491549629,77.1470243621704,77.3700898521515,194500,VBR
2013-12-31,77.56927490234375,77.6728364962894,77.4338407220579,77.56927490234375,230700,VBR
2014-01-02,76.72482299804688,77.41790583919959,76.50973167653859,77.41790583919959,310000,VBR
2014-01-03,76.98770141601562,77.16296412708374,76.74074363837241,77.09923112707472,325000,VBR
2014-01-06,76.4937744140625,77.2426219168268,76.47784420413501,77.21075541905886,141600,VBR
2014-01-07,77.01959228515625,77.29044850402389,76.66906675211311,76.72483162528675,130800,VBR
2014-01-08,77.07530975341797,77.17887128906948,76.6132547582129,77.09920810180589,219400,VBR
2014-01-09,77.20280456542969,77.39399750189186,76.73278125248089,77.34619470934092,137100,VBR
2014-01-10,77.6728286743164,77.6728286743164,77.01958051217207,77.20281139768612,130800,VBR
2014-01-13,76.76464080810547,77.70468127102077,76.49377860120785,77.50552020750408,144000,VBR
2014-01-14,77.56927490234375,77.63300184127914,76.90805852782958,77.09925150046578,129100,VBR
2014-01-15,77.97553253173828,78.0711320243065,77.69670827580549,77.69670827580549,164300,VBR
2014-01-16,77.91180419921875,77.98349925890776,77.68077665481056,77.86400141484658,139000,VBR
2014-01-17,77.65686798095703,77.93569219476872,77.52940201012196,77.85602900195282,268600,VBR
2014-01-21,77.97553253173828,78.23842657786616,77.59314671729129,78.15876337301579,139800,VBR
2014-01-22,78.3021469116211,78.35791175379059,77.97551992326261,78.01535455820309,282700,VBR
2014-01-23,77.69668579101562,77.99144624936497,77.31430008722795,77.99144624936497,163000,VBR
2014-01-24,75.76883697509766,77.27449415855183,75.68917376371276,77.27449415855183,262800,VBR
2014-01-27,75.05184936523438,75.9918897645085,74.58183220455376,75.97595955478751,651900,VBR
2014-01-28,75.68915557861328,75.73695227837788,75.09963458459401,75.09963458459401,198200,VBR
2014-01-29,74.83676147460938,75.56967271302861,74.67742898066182,75.25101380304667,175200,VBR
2014-01-30,75.73697662353516,76.05563557285794,75.25102309334856,75.43425396453118,200100,VBR
2014-01-31,75.41033935546875,75.8883246374865,74.66946004107182,74.98015077827898,148900,VBR
2014-02-03,73.01245880126953,75.29882428697363,72.90092907406027,75.19526270539768,283500,VBR
2014-02-04,73.58602142333984,73.80908081014506,72.77344099664947,73.27533069487366,182500,VBR
2014-02-05,73.3550033569336,73.57806277251598,72.61412396779885,73.2434736491424,191000,VBR
2014-02-06,74.17555236816406,74.24724743883735,73.4745075617323,73.64180213788373,132500,VBR
2014-02-07,74.8686294555664,74.97219102024764,74.24724183373912,74.54200239494259,196700,VBR
2014-02-10,75.01201629638672,75.282872390765,74.47826009514343,74.92438495340257,102500,VBR
2014-02-11,75.64138793945312,75.83258698315524,74.98017766653975,75.13153597874376,146100,VBR
2014-02-12,75.95999145507812,76.3344150447982,75.744900285404,75.744900285404,174700,VBR
2014-02-13,76.78057098388672,76.82040562773722,75.22711712033038,75.40237982861126,196400,VBR
2014-02-14,77.10720825195312,77.1470368231624,76.46989033346355,76.61328656122801,222900,VBR
2014-02-18,77.52145385742188,77.6250215049097,77.01957014314333,77.27449607263755,226300,VBR
2014-02-19,76.86022186279297,77.74449118093213,76.75665424475248,77.29040430819609,186900,VBR
2014-02-20,77.45773315429688,77.56129473218837,76.75668223344952,76.93991310901119,141900,VBR
2014-02-21,77.6807861328125,77.86401091520418,77.44179041552977,77.67281798812613,96300,VBR
2014-02-24,78.11893463134766,78.58895790791408,77.81621199888878,77.81621199888878,178700,VBR
2014-02-25,78.16676330566406,78.52525091223666,77.87200264214043,78.20659188533024,93600,VBR
2014-02-26,78.5730209350586,78.91557820892578,78.16673673980078,78.16673673980078,91000,VBR
2014-02-27,78.99524688720703,78.99524688720703,78.34199276625412,78.39776369864958,101500,VBR
2014-02-28,79.15458679199219,79.63257220869048,78.76423274411192,78.90762897691285,306200,VBR
2014-03-03,78.66063690185547,78.93946112187447,78.03925547498109,78.55707535668046,185700,VBR
2014-03-04,80.14241027832031,80.36546969569805,79.44933367116995,79.56882544625567,209200,VBR
2014-03-05,80.07868957519531,80.206155592076,79.91936313200868,80.11852422494908,118600,VBR
2014-03-06,80.2380142211914,80.38937858190273,80.09461800523164,80.33360764655552,114900,VBR
2014-03-07,80.30174255371094,80.6841283887583,79.98308363922929,80.6841283887583,125000,VBR
2014-03-10,80.0866470336914,80.30970645555257,79.67239468993688,80.27783995558478,129100,VBR
2014-03-11,79.42542266845703,80.34953283876953,79.24219790987242,80.20613664261458,120600,VBR
2014-03-12,79.61663055419922,79.61663055419922,78.86778299297004,79.0111792051647,175200,VBR
2014-03-13,78.78014373779297,79.92731332032845,78.4455546355244,79.83171382914621,155300,VBR
2014-03-14,79.01118469238281,79.28204084649808,78.50930095380308,78.50930095380308,266300,VBR
2014-03-17,79.60865783691406,79.95918324168085,79.44136327861531,79.6166259809987,116900,VBR
2014-03-18,80.41328430175781,80.46108101881666,79.57680528574306,79.6325701482831,121400,VBR
2014-03-19,80.03086853027344,80.49292358414044,79.61661625716285,80.46902523271842,94300,VBR
2014-03-20,80.27783203125,80.35750131226193,79.66441868168268,79.87950993784159,75500,VBR
2014-03-21,80.3097152709961,81.13025798201767,80.3097152709961,80.54871100803196,98600,VBR
2014-03-24,79.68037414550781,80.7399127084897,79.2740898575583,80.53278345245296,746300,VBR
2014-03-25,79.81897735595703,80.40066970378538,79.40462574333058,80.1058385029176,132600,VBR
2014-03-26,78.8548355102539,80.3528839697275,78.79108721511749,80.20148936799356,162700,VBR
2014-03-27,78.49625396728516,79.06200635021814,78.28907506894994,78.90263562866359,174600,VBR
2014-03-28,78.88671875,79.58793183920359,78.59985746819564,78.62376156178388,131800,VBR
2014-03-31,80.19351196289062,80.32897251811383,79.18153370766169,79.34089835152766,165200,VBR
2014-04-01,80.95846557617188,81.01424380421203,80.26522275329721,80.33693501247559,214800,VBR
2014-04-02,81.40472412109375,81.45253230952547,80.87880973085325,81.15770096232644,329300,VBR
2014-04-03,81.03019714355469,81.53220127787232,80.83098828526441,81.48439309728167,387500,VBR
2014-04-04,79.88275146484375,81.76328355674993,79.61979431518704,81.64375702696307,341500,VBR
2014-04-07,78.69547271728516,79.77916944280547,78.35283322201958,79.5719905183869,185600,VBR
2014-04-08,79.14167785644531,79.43650909150341,78.36077662596821,78.67154797068922,217100,VBR
2014-04-09,79.9544677734375,79.962437830325,79.10982412452695,79.34090713928727,123400,VBR
2014-04-10,78.35284423828125,79.98635353378185,78.08988703716778,79.9226113075444,193200,VBR
2014-04-11,77.35680389404297,78.36081240387492,77.11775077491725,77.76318568543398,223200,VBR
2014-04-14,77.65162658691406,78.14566684620745,77.11774819534787,78.08191853932318,188200,VBR
2014-04-15,78.05001831054688,78.31297542906462,76.83086122570964,77.8587795331572,137200,VBR
2014-04-16,78.80701446533203,78.87076275006315,78.24922609299131,78.55999138184171,138600,VBR
2014-04-17,79.1257553100586,79.4126165319188,78.5918709875362,78.73530159846631,129700,VBR
2014-04-21,79.41263580322266,79.41263580322266,78.88672140906323,79.2213908893249,145800,VBR
2014-04-22,80.05805206298828,80.28116499797551,79.41261734686498,79.54010784712703,123600,VBR
2014-04-23,79.87480163574219,80.28118950818185,79.8269934434693,79.99432819579778,127900,VBR
2014-04-24,79.76323699951172,80.32898950807814,79.38075934158898,80.32898950807814,84500,VBR
2014-04-25,78.92655944824219,79.57996432120585,78.75125466389566,79.47637181443429,136600,VBR
2014-04-28,78.6317138671875,79.37277099798226,77.8109744159638,79.16559210136991,264400,VBR
2014-04-29,78.75920867919922,79.1655964388355,78.65562226490326,78.88670526236812,116000,VBR
2014-04-30,79.28515625,79.31703040917316,78.29708163312931,78.63175118538602,133700,VBR
2014-05-01,79.38074493408203,79.85087490315338,78.74327418074728,79.36480482159425,117700,VBR
2014-05-02,79.56403350830078,80.25728266943429,79.23733407331132,79.57200356653169,212100,VBR
2014-05-05,79.3568344116211,79.57995342985387,78.60781327106889,78.91857859010716,142900,VBR
2014-05-06,78.62374877929688,79.44448828238028,78.62374877929688,79.21341136234679,105600,VBR
2014-05-07,79.14167785644531,79.15761188673764,78.02610727549398,78.88669081617391,123100,VBR
2014-05-08,78.65563201904297,79.86682539186174,78.43251905020068,79.1098280140069,88500,VBR
2014-05-09,78.91859436035156,78.95843249061095,78.24128535221358,78.53611061774983,74500,VBR
2014-05-12,80.27320861816406,80.44054334791355,79.3568465538833,79.39669076164998,135200,VBR
2014-05-13,79.85087585449219,80.47240650274404,79.84290579815334,80.24929356023021,125400,VBR
2014-05-14,78.91060638427734,79.69947170501008,78.79107986189446,79.68353767239905,122200,VBR
2014-05-15,78.28113555908203,78.59987104719337,77.3886834876188,78.59987104719337,302300,VBR
2014-05-16,78.6476821899414,78.6476821899414,77.77116412431813,78.4484732623282,159100,VBR
2014-05-19,79.20542907714844,79.39666784460978,78.32891147363225,78.50421013083883,147700,VBR
2014-05-20,78.36080169677734,79.18951136263996,77.99425808907566,79.18951136263996,561300,VBR
2014-05-21,78.70343780517578,78.95842491599129,78.16158943477129,78.83093440026967,110600,VBR
2014-05-22,79.14167785644531,79.32495264134533,78.60779969077872,78.86278673105012,126600,VBR
2014-05-23,79.79510498046875,79.83494918646713,79.17357427487674,79.17357427487674,136400,VBR
2014-05-27,80.54412841796875,80.73536722296798,80.16961478529008,80.19351887599349,215100,VBR
2014-05-28,80.40071105957031,80.56007574346768,80.08197561240256,80.44851924886493,112300,VBR
2014-05-29,80.66365051269531,80.69551857896512,80.18554440744491,80.63177636705385,102200,VBR
2014-05-30,80.58395385742188,80.79910279862847,80.33693685320864,80.62379805523675,157300,VBR
2014-06-02,80.65567779541016,80.72739006120875,80.01820706235581,80.67161182801935,104700,VBR
2014-06-03,80.59193420410156,80.79114305987191,80.161642346113,80.41662943832416,97000,VBR
2014-06-04,80.9505386352539,81.07006521024876,80.32104376040436,80.3529118396538,116100,VBR
2014-06-05,82.14575958251953,82.21747793076591,80.77520778259499,81.11784725241905,152200,VBR
2014-06-06,82.70355987548828,82.94260688538269,82.38482444958981,82.40076456453967,325400,VBR
2014-06-09,83.1258544921875,83.42864970391544,82.58400626952603,82.7035327749928,165600,VBR
2014-06-10,82.99040222167969,83.04618045253659,82.6557328365383,82.93462399082279,111000,VBR
2014-06-11,82.5999526977539,82.76728738645944,82.29715138349252,82.68759899047208,312600,VBR
2014-06-12,82.07405853271484,82.49638038547484,81.84297550246696,82.49638038547484,101700,VBR
2014-06-13,82.28919982910156,82.44060052027169,81.8110997425415,82.15373925246116,100100,VBR
2014-06-16,82.32108306884766,82.48841781365249,81.96250948417631,82.24140072551769,128000,VBR
2014-06-17,82.9983901977539,83.25337731949347,82.19358462501836,82.32904520357975,132000,VBR
2014-06-18,83.38884735107422,83.43665554201604,82.67169409008079,82.90277714525496,148400,VBR
2014-06-19,83.50836181640625,83.69960063185678,83.14978219814262,83.69960063185678,113200,VBR
2014-06-20,83.73149871826172,83.76337287651108,83.44463737339146,83.6119721446701,95900,VBR
2014-06-23,83.56411743164062,83.91472081847479,83.38881269853819,83.81910447632487,124900,VBR
2014-06-24,82.87088012695312,83.99442093908034,82.86291007087073,83.46850666633019,276100,VBR
2014-06-25,83.43663024902344,83.46850439311339,82.32902957922586,82.4804302438103,124800,VBR
2014-06-26,83.3171157836914,83.51632465354865,82.78323747152335,83.51632465354865,118300,VBR
2014-06-27,83.81117248535156,83.84304664033452,83.08604913807964,83.08604913807964,106500,VBR
2014-06-30,84.066162109375,84.066162109375,83.42072717033291,83.66774427947274,148500,VBR
2014-07-01,84.67173767089844,85.22155000425447,84.26534988412669,84.26534988412669,295400,VBR
2014-07-02,84.3928451538086,84.91078333113066,84.28925265484658,84.70361049195064,182800,VBR
2014-07-03,84.9347152709961,84.9347152709961,84.62394983095754,84.7514464624472,100100,VBR
2014-07-07,83.97846984863281,84.71155684871832,83.97846984863281,84.71155684871832,153700,VBR
2014-07-08,83.38084411621094,83.9625365518362,83.00633055785408,83.8748841837369,125700,VBR
2014-07-09,83.47647857666016,83.7952139539489,83.26132961325729,83.62787316935926,93700,VBR
2014-07-10,82.95855712890625,83.27729259371976,81.99438675539106,82.0660990433031,118500,VBR
2014-07-11,82.77527618408203,82.97448507504434,82.47248085839358,82.83105443037657,76700,VBR
2014-07-14,83.07807159423828,83.65975810942494,82.98244914490225,83.65975810942494,94800,VBR
2014-07-15,82.7433853149414,83.37288601272584,82.3927818716555,83.00634245693459,120600,VBR
2014-07-16,82.72746276855469,83.17368871071635,82.40872734727957,83.10994648995933,120000,VBR
2014-07-17,81.6437759399414,82.74340689409458,81.56409359474884,82.09797199484959,167800,VBR
2014-07-18,82.77527618408203,82.80715033616075,81.72345348297598,81.79517184499632,85000,VBR
2014-07-21,82.3768539428711,82.5362246946375,82.03421442578903,82.3131117215371,115800,VBR
2014-07-22,82.90275573730469,83.12586867658311,82.71948092039933,82.77525915521895,74900,VBR
2014-07-23,82.80712890625,83.02227785725906,82.52026769115214,82.93462548156964,108100,VBR
2014-07-24,82.77527618408203,83.14978987179083,82.63981559727716,82.95855103869143,92800,VBR
2014-07-25,82.14575958251953,82.4644949627187,82.0262391343951,82.23341196405859,156200,VBR
2014-07-28,81.9146957397461,82.2652992424995,81.46049972625215,82.2652992424995,139300,VBR
2014-07-29,81.60391235351562,82.31309533945887,81.60391235351562,82.12185047540103,82300,VBR
2014-07-30,81.65970611572266,82.16171030076002,81.39674893716249,82.07405790790664,88800,VBR
2014-07-31,80.04212188720703,81.26128528365578,80.04212188720703,81.11785465344842,174200,VBR
2014-08-01,79.93054962158203,80.32896728466139,79.332923126963,79.92258564546762,185700,VBR
2014-08-04,80.2970962524414,80.40865879544646,79.41261459916576,80.13773161278502,131100,VBR
2014-08-05,79.99430847167969,80.66365339532724,79.65963904954184,80.03415267499832,273500,VBR
2014-08-06,80.185546875,80.57600061159474,79.59589036091641,79.59589036091641,113600,VBR
2014-08-07,79.90665435791016,80.67161562596617,79.69947544800797,80.52818500824493,103300,VBR
2014-08-08,80.75928497314453,80.77522508922422,79.94651535489847,80.0501017919243,96400,VBR
2014-08-11,81.24532318115234,81.73139318089463,80.97440210817895,81.11783269956798,136100,VBR
2014-08-12,80.91864776611328,81.38080773755715,80.61584638415728,81.05410834258178,96000,VBR
2014-08-13,81.58797454833984,81.68359698307204,81.07800038851121,81.19752691208357,83800,VBR
2014-08-14,81.9146957397461,81.9864080200686,81.61986440210617,81.6357984379425,73400,VBR
2014-08-15,81.87483978271484,82.40871805752856,81.21346492201448,82.40871805752856,120700,VBR
2014-08-18,82.8310546875,82.8469948032753,82.3051463750009,82.4884151508063,107900,VBR
2014-08-19,83.21351623535156,83.31710264276548,82.91868496589017,82.91868496589017,159400,VBR
2014-08-20,83.1816635131836,83.24541181694964,82.76731169744994,82.78324573370503,121400,VBR
2014-08-21,83.40476989746094,83.50836240272707,82.75933509117601,83.11790863258489,110000,VBR
2014-08-22,83.38084411621094,83.61192707943901,83.06210878488356,83.34896997514112,152800,VBR
2014-08-25,83.7075424194336,83.96252944704469,83.48442345082489,83.78722472568013,184300,VBR
2014-08-26,84.09803771972656,84.18569013017085,83.79524235233866,83.8350804883937,84500,VBR
2014-08-27,83.97052001953125,84.20957309336052,83.8749036534973,84.10598667036635,405100,VBR
2014-08-28,83.71552276611328,83.89879757775526,83.53225403384279,83.73146287810205,124800,VBR
2014-08-29,84.13784790039062,84.22550028171179,83.63584378140077,84.00238733993852,81500,VBR
2014-09-02,84.52033233642578,84.71954119043635,84.19363297712178,84.4008058081451,152300,VBR
2014-09-03,84.27332305908203,84.95063200918081,84.19364072601847,84.90282382521713,96800,VBR
2014-09-04,84.03426361083984,84.83109903982111,83.85895884376447,84.40877723516054,196500,VBR
2014-09-05,84.2972183227539,84.31315235594894,83.62787342050026,83.8509924408326,89400,VBR
2014-09-08,84.22550201416016,84.48845916353248,83.87489856103555,84.25737616069362,97800,VBR
2014-09-09,83.40476989746094,84.16176726619533,83.33305762092812,84.16176726619533,114700,VBR
2014-09-10,83.62787628173828,83.69162457544289,83.04618981995647,83.35695515255155,86000,VBR
2014-09-11,84.09803771972656,84.09803771972656,83.17370542026812,83.17370542026812,124300,VBR
2014-09-12,83.26133728027344,84.02629860858394,83.07009846803886,84.02629860858394,116800,VBR
2014-09-15,82.75135803222656,83.36492471660776,82.63183150207954,83.30914647978872,120500,VBR
2014-09-16,83.15774536132812,83.3250800708965,82.48043646658796,82.54417868020556,131300,VBR
2014-09-17,83.1816635131836,83.61195544454517,82.85496409528506,83.20556760725265,116300,VBR
2014-09-18,83.43663024902344,83.61990505769782,83.2692955520797,83.47647444897872,124500,VBR
2014-09-19,82.75135803222656,83.97051526510813,82.5760532652605,83.79521657751394,102200,VBR
2014-09-22,81.6437759399414,82.53623401246855,81.55612353641762,82.44858160894476,138100,VBR
2014-09-23,80.88677215576172,81.71548179348932,80.88677215576172,81.36487223308124,184000,VBR
2014-09-24,81.23738861083984,81.35691516910184,80.54414551579224,80.9106891695886,189400,VBR
2014-09-25,80.14572143554688,81.05411348024903,79.88276424382447,80.9903651769152,160300,VBR
2014-09-26,80.671630859375,80.74334922146424,80.06604020741626,80.35289541765452,157600,VBR
2014-09-29,80.40071105957031,80.62382404877583,79.69949185992667,79.88276671784435,102300,VBR
2014-09-30,79.47635650634766,80.43256257877779,79.47635650634766,80.34491020348742,154100,VBR
2014-10-01,78.42456817626953,79.43655292025211,78.23332931039347,79.28515219177268,366000,VBR
2014-10-02,78.75920867919922,79.05403996824855,77.667548062831,78.39266512164616,225500,VBR
2014-10-03,79.3568344116211,79.65963575382263,78.96638676861407,79.2691881108156,237100,VBR
2014-10-06,79.07794189453125,79.68353848927376,78.91857724930131,79.60385616665879,170800,VBR
2014-10-07,77.85082244873047,78.87874092744467,77.84285847123353,78.59984973074829,130600,VBR
2014-10-08,79.06996154785156,79.10979966122554,77.21333402638282,77.70736797193793,205900,VBR
2014-10-09,77.22134399414062,79.10187049212378,77.20540387705587,79.10187049212378,221200,VBR
2014-10-10,76.17745971679688,77.58786171801083,76.14558557265613,76.91851684979792,286900,VBR
2014-10-13,75.5559310913086,76.80696240471609,75.47624876854708,76.23323995383875,264200,VBR
2014-10-14,76.23323059082031,77.10178421654757,75.77903471955565,75.77903471955565,264400,VBR
2014-10-15,76.24121856689453,76.58385806465972,74.46427278095597,75.33282661084213,533700,VBR
2014-10-16,77.06991577148438,77.38068107061365,74.95830088504789,75.19735392101097,347200,VBR
2014-10-17,77.38863372802734,78.31295936191323,77.0539583370455,78.0260982149973,277800,VBR
2014-10-20,78.15364074707031,78.15364074707031,77.19743433491091,77.19743433491091,177100,VBR
2014-10-21,79.77919006347656,79.85090235621156,78.51221817746095,78.67158896027279,269200,VBR
2014-10-22,79.00625610351562,80.29712596882324,78.98235200665786,79.98636055092521,252300,VBR
2014-10-23,80.185546875,80.66365299496319,79.65166859766254,79.70744683440866,162900,VBR
2014-10-24,80.40071105957031,80.46445936487846,79.8429225071835,80.20150216501209,94900,VBR
2014-10-27,80.27320861816406,80.3050827685029,79.50824724814963,80.0819697955036,141800,VBR
2014-10-28,82.01029205322266,82.01029205322266,80.5520819162931,80.6238002584455,160000,VBR
2014-10-29,81.89078521728516,82.51232204095658,81.28519458812737,82.1457723451865,361700,VBR
2014-10-30,82.20950317382812,82.47246030340986,81.49235012922854,81.63578073814845,119800,VBR
2014-10-31,83.33306121826172,83.60398238046628,82.79121281447996,83.60398238046628,327400,VBR
2014-11-03,83.41275787353516,83.90679817570181,83.17370474166046,83.55618853678524,375400,VBR
2014-11-04,83.01429748535156,83.46849333958546,82.68759211122286,83.25335049468333,182400,VBR
2014-11-05,83.45256805419922,83.6438068340819,83.13383270148061,83.6438068340819,273100,VBR
2014-11-06,83.80318450927734,83.80318450927734,83.2055579097124,83.4525810381723,148200,VBR
2014-11-07,83.91474151611328,84.00239390428402,83.50835980300039,83.67569452240667,135700,VBR
2014-11-10,84.1298599243164,84.26532044612662,83.91471102085782,83.98642934846734,170100,VBR
2014-11-11,84.066162109375,84.1856886742204,83.87492325324654,84.1139703035637,104300,VBR
2014-11-12,84.4486312866211,84.4804993576495,83.80319037990313,83.80319037990313,219900,VBR
2014-11-13,83.94661712646484,84.60002198097118,83.75537831229457,84.48049544235016,125000,VBR
2014-11-14,83.85896301269531,84.21754262118628,83.70756840763538,83.97848954885897,116100,VBR
2014-11-17,83.6039810180664,83.938650476291,83.50836464678655,83.7713157471787,133200,VBR
2014-11-18,84.04224395751953,84.32113517593615,83.81116092529643,83.81116092529643,106300,VBR
2014-11-19,83.5242919921875,84.0103621051693,83.08603006101634,84.0103621051693,166500,VBR
2014-11-20,84.1219253540039,84.13785938943278,83.26134153590408,83.29321568613435,149300,VBR
2014-11-21,84.30520629882812,85.13390994729522,84.09802734702485,85.13390994729522,134600,VBR
2014-11-24,85.01435089111328,85.01435089111328,84.52031087006888,84.52031087006888,122500,VBR
2014-11-25,85.08609008789062,85.34107719383907,84.76735468561203,85.18968258927015,132200,VBR
2014-11-26,85.19764709472656,85.25342533451804,84.92672595270284,85.11796476350618,151800,VBR
2014-11-28,84.24940490722656,85.19763484737155,84.24940490722656,85.19763484737155,63700,VBR
2014-12-01,83.19758605957031,84.12191195149227,83.18164594730852,84.12191195149227,181600,VBR
2014-12-02,83.85896301269531,84.14582426773923,83.20555817162244,83.2852405026075,137900,VBR
2014-12-03,84.71155548095703,84.86295612742805,83.85894198651357,83.85894198651357,179000,VBR
2014-12-04,84.4486312866211,84.67970823812625,84.10599176902622,84.66377420261205,265900,VBR
2014-12-05,84.82310485839844,85.02231365898591,84.4485974199649,84.7513926082846,215300,VBR
2014-12-08,84.00240325927734,85.14984841084618,83.68366781946679,84.6159700448029,249600,VBR
2014-12-09,84.68766784667969,84.7514161396163,82.97447047008208,83.1896194389002,178900,VBR
2014-12-10,82.9983901977539,84.44863059252997,82.93464189747588,84.44863059252997,164700,VBR
2014-12-11,83.35694885253906,84.17768831399674,83.18961415374034,83.39679305293603,226900,VBR
2014-12-12,82.11389923095703,82.92666875142567,82.11389923095703,82.56809521461909,185500,VBR
2014-12-15,81.39674377441406,82.70355344759444,81.14175666938795,82.48840446810146,191600,VBR
2014-12-16,81.27720642089844,82.51230365610179,80.87878874236462,81.23736222129654,271100,VBR
2014-12-17,83.22150421142578,83.28524643312943,81.37284603582262,81.3808100139277,278400,VBR
2014-12-18,84.49642181396484,84.61594833314602,83.75536469028707,84.37689529478367,255600,VBR
2014-12-19,84.94265747070312,85.15780644593359,84.38487508931304,84.69564042742637,236600,VBR
2014-12-22,85.47380065917969,85.47380065917969,84.83321268433431,85.06836570191906,266400,VBR
2014-12-23,85.90352630615234,86.04948307974536,85.66837338278339,85.79000505851823,156200,VBR
2014-12-24,85.99273681640625,86.22788359259987,85.73325875184722,86.22788359259987,114200,VBR
2014-12-26,86.37385559082031,86.59279391952298,86.17113812388251,86.17113812388251,231600,VBR
2014-12-29,86.86847686767578,87.13606537847778,86.53602347649834,86.5441339064623,355400,VBR
2014-12-30,86.5279312133789,86.99012683523767,86.5279312133789,86.76308424014168,343700,VBR
2014-12-31,85.76569366455078,86.94145855407287,85.7251538875334,86.84415195362935,198600,VBR
2015-01-02,85.47380065917969,86.4225169744224,84.7764520377757,86.0981677713246,438400,VBR
2015-01-05,83.98177337646484,85.14131727828403,83.6736451220064,84.97914581518901,362800,VBR
2015-01-06,82.7898178100586,84.18451506591785,82.35194730974605,84.14396909523377,322800,VBR
2015-01-07,83.61685180664062,83.64117689795206,82.9438287436264,83.50333058955898,322600,VBR
2015-01-08,84.97915649414062,84.97915649414062,84.2574828757222,84.26558711938404,220900,VBR
2015-01-09,84.1358413696289,84.98725083836432,83.9087988446328,84.98725083836432,226300,VBR
2015-01-12,83.54389953613281,84.28179389142281,82.95196815259499,84.17637687698452,246300,VBR
2015-01-13,83.55204772949219,84.92242004502712,82.70874216504356,84.1196542697714,298600,VBR
2015-01-14,83.1546859741211,83.23577170270205,82.17352824302458,82.6843800873292,185500,VBR
2015-01-15,82.18975067138672,83.63309770162383,82.01946878217899,83.48714091281083,165100,VBR
2015-01-16,83.3411865234375,83.41416801316751,82.0437962446608,82.0437962446608,258300,VBR
2015-01-20,82.82223510742188,83.58445464598582,82.30327896648967,83.35741210763362,200900,VBR
2015-01-21,83.13846588134766,83.41416478479256,82.37624641549687,82.66815999022931,182500,VBR
2015-01-22,84.77642059326172,84.7845248351595,82.86276780987086,83.76283357606081,277600,VBR
2015-01-23,84.42776489257812,84.86563532222922,84.28991232636618,84.72778275601728,246000,VBR
2015-01-26,85.22240447998047,85.22240447998047,83.78716782885192,84.34666371669277,216100,VBR
2015-01-27,84.67914581298828,85.03593055669248,84.07910380566929,84.33858193205965,214600,VBR
2015-01-28,83.43040466308594,85.05214448538163,83.24390804793195,85.05214448538163,259100,VBR
2015-01-29,84.17637634277344,84.21692229983,82.88709656944168,83.61688049134855,160700,VBR
2015-01-30,82.9357681274414,83.88448437702374,82.8546823788905,83.81150905926174,188400,VBR
2015-02-02,83.76287078857422,83.82773568479438,82.10869529924463,83.07362636151835,607200,VBR
2015-02-03,85.49810791015625,85.57919364738399,84.13584649081652,84.32234306779581,286100,VBR
2015-02-04,85.0683364868164,85.6116176582189,84.93859437555615,85.17374731238209,263000,VBR
2015-02-05,86.12248229980469,86.21167847436105,85.23052674068676,85.36837312447541,203000,VBR
2015-02-06,85.88731384277344,86.56844758158186,85.67649218310538,86.30085910610553,181700,VBR
2015-02-09,85.45756530761719,86.12247827733441,85.30349807031652,85.70893295883789,164200,VBR
2015-02-10,85.88731384277344,86.01705595928728,85.01968354453214,85.92785980079516,207800,VBR
2015-02-11,85.80623626708984,86.03327880611964,85.36025543224905,85.8224509399726,132500,VBR
2015-02-12,86.65765380859375,86.71441444455226,86.13869765513151,86.26843360027439,154000,VBR
2015-02-13,87.11174011230469,87.16039031910674,86.64143415840009,86.76306586185065,193700,VBR
2015-02-17,87.24958038330078,87.38742675055678,86.78738489169041,87.17660507820467,297500,VBR
2015-02-18,87.4117660522461,87.44419539985402,86.94957051826356,87.10363157196069,212400,VBR
2015-02-19,87.4117660522461,87.60637307012149,87.04687093397847,87.24958838197863,247300,VBR
2015-02-20,87.7928695678711,87.80097999798754,86.64954637927397,87.29013425667124,163400,VBR
2015-02-23,87.7928695678711,87.7928695678711,87.16039212059027,87.63069808421544,158700,VBR
2015-02-24,88.05233764648438,88.20640486895947,87.74420938797903,87.86584108012016,158800,VBR
2015-02-25,87.98749542236328,88.19831714413733,87.7847779454253,87.95505988367962,143800,VBR
2015-02-26,87.99559020996094,88.11722192034077,87.69557233566259,87.93072532601137,183700,VBR
2015-02-27,87.63070678710938,88.01181661663954,87.63070678710938,87.89018489859536,150700,VBR
2015-03-02,88.22264862060547,88.28751351166059,87.67125683473493,87.70369237348574,207200,VBR
2015-03-03,87.81720733642578,88.0847896855524,87.53339793942366,88.0847896855524,179000,VBR
2015-03-04,87.48472595214844,87.57392210847077,86.99009497124985,87.52527190918386,241800,VBR
2015-03-05,87.37931823730469,87.64690052935842,87.06307955778644,87.64690052935842,166300,VBR
2015-03-06,86.32518768310547,87.32256013802998,86.21977684902599,86.98199016168694,211300,VBR
2015-03-09,86.60089111328125,86.74684791462451,86.42249877981224,86.45493431193799,132500,VBR
2015-03-10,85.4656753540039,86.017067047376,85.43323982069433,86.017067047376,239700,VBR
2015-03-11,85.95217895507812,86.05758977762011,85.34402674549031,85.68459049811288,134000,VBR
2015-03-12,87.30635070800781,87.32257156857096,86.51980600472827,86.51980600472827,197700,VBR
2015-03-13,86.77926635742188,87.24146180586477,86.00894267216516,87.24146180586477,138400,VBR
2015-03-16,87.4441909790039,87.49284737084704,87.05497696293031,87.16849823315555,137400,VBR
2015-03-17,87.68746185302734,87.75233292338406,87.13607012788687,87.28202694296658,195300,VBR
2015-03-18,88.59562683105469,88.85510489250804,87.36310139931756,87.49284352326671,136000,VBR
2015-03-19,88.34427642822266,88.52266880271328,88.06858362142559,88.38482239931474,174400,VBR
2015-03-20,89.2686538696289,89.39028557767713,88.65239727202372,88.79024365413706,154500,VBR
2015-03-23,89.30919647216797,89.65787072267504,89.27676093881318,89.30919647216797,172500,VBR
2015-03-24,89.0821533203125,89.37406693207815,89.03350311383335,89.24432479953991,253700,VBR
2015-03-25,87.62643432617188,89.25741241368006,87.61020842965307,89.20872853339628,282000,VBR
2015-03-26,87.3343505859375,87.74818229179787,87.0584669091837,87.52909855971278,238400,VBR
2015-03-27,87.67514038085938,87.77250815917765,87.22885076113887,87.35056667476525,143800,VBR
2015-03-30,88.94094848632812,89.11134824593267,88.1132854359895,88.1132854359895,131000,VBR
2015-03-31,88.77056884765625,89.33856817508206,88.42165320631514,88.64073689239986,188800,VBR
2015-04-01,88.5758056640625,88.68940550204869,87.91042634053359,88.66505737328576,1594200,VBR
2015-04-02,88.98963928222656,89.33855487161038,88.57581391560868,88.66506563314644,176300,VBR
2015-04-06,89.58198547363281,89.67124338071983,88.59203864283296,88.59203864283296,354100,VBR
2015-04-07,88.90851593017578,89.58200530887372,88.90851593017578,89.49274738202321,189600,VBR
2015-04-08,89.30608367919922,89.47648342685036,88.82734241542597,89.15191601650143,327300,VBR
2015-04-09,89.13570404052734,89.41970368401613,88.51901467843176,89.29799397304089,237000,VBR
2015-04-10,89.41969299316406,89.51706694103034,89.1924933055366,89.34666717530975,222300,VBR
2015-04-13,89.27364349365234,89.67935902818049,89.27364349365234,89.56575917377083,299300,VBR
2015-04-14,89.37102508544922,89.53330883683306,88.77868382124275,89.2898832097573,159100,VBR
2015-04-15,89.94712829589844,90.27981798922441,89.63067068995431,89.74427053871746,312500,VBR
2015-04-16,89.73616790771484,89.97959972900827,89.5008583220538,89.90657389705727,173800,VBR
2015-04-17,88.56771087646484,89.4116000116917,88.24313717972707,89.4116000116917,353000,VBR
2015-04-20,89.27364349365234,89.48461730501074,88.90850198886811,88.9896438576282,213500,VBR
2015-04-21,89.09513854980469,89.6306798644013,88.9977645877289,89.51708000401025,156800,VBR
2015-04-22,89.36290740966797,89.41970734068846,88.57582442002055,89.13570768558597,156300,VBR
2015-04-23,89.78483581542969,89.98769355283882,89.28174639799336,89.28174639799336,136300,VBR
2015-04-24,89.53328704833984,89.89031864337234,89.42780325468333,89.88220260055975,136000,VBR
2015-04-27,88.85980224609375,90.01203267272936,88.64882847238987,89.76860091916897,200400,VBR
2015-04-28,89.38726043701172,89.38726043701172,88.38108133138314,88.74622907141446,450800,VBR
2015-04-29,88.88414764404297,89.2574051408356,88.72185773844167,89.0951214259612,143600,VBR
2015-04-30,87.61832427978516,88.60826492415792,87.35866660096605,88.48655522371723,341800,VBR
2015-05-01,88.23502349853516,88.31616537721118,87.62645012237225,87.87799799421498,215100,VBR
2015-05-04,88.56771087646484,88.87605248346513,88.20256314611171,88.32427905622943,135800,VBR
2015-05-05,87.47228240966797,88.72999700596122,87.26942461761469,88.53525525899406,788000,VBR
2015-05-06,87.46414947509766,87.81306505768222,86.95295016649915,87.65889118445985,1627700,VBR
2015-05-07,87.57776641845703,87.81308220062492,87.01787693017039,87.32622473681104,211700,VBR
2015-05-08,88.2837142944336,88.60017195734696,88.18634032479541,88.3567401286158,86000,VBR
2015-05-11,88.29180908203125,88.74621467207074,88.12952535105626,88.25124124465125,105800,VBR
2015-05-12,88.16197967529297,88.34860533909357,87.30997464622706,88.08083781317413,158400,VBR
2015-05-13,88.25127410888672,88.57584788243351,87.99972618425481,88.4135579002952,109700,VBR
2015-05-14,89.07889556884766,89.11135355223752,88.45409641309278,88.65695416623397,175200,VBR
2015-05-15,89.11138153076172,89.12760743218747,88.73000784459903,89.04646554360014,157300,VBR
2015-05-18,89.82542419433594,89.87411427214532,88.85170930834403,88.95719312726253,140000,VBR
2015-05-19,89.67124938964844,89.76861715610269,89.40347565044367,89.70370737537579,159900,VBR
2015-05-20,89.7929458618164,90.02825537365703,89.46025622313407,89.76859773474276,178700,VBR
2015-05-21,89.81729888916016,90.05261462078495,89.55764121818233,89.7929569498071,117900,VBR
2015-05-22,89.54141998291016,89.80919372969936,89.32233631145498,89.69559387179993,119100,VBR
2015-05-26,88.5271224975586,89.26552769275108,88.28369690749719,89.26552769275108,184500,VBR
2015-05-27,89.36290740966797,89.40348144213753,88.38107649304041,88.74622421308204,141400,VBR
2015-05-28,89.24929809570312,89.31421406448827,88.81112459249472,89.21684011131056,128200,VBR
2015-05-29,88.81924438476562,89.34667581963122,88.47032877622942,89.34667581963122,153800,VBR
2015-06-01,88.89229583740234,89.21686338454012,88.32429024845298,89.14383754365286,181600,VBR
2015-06-02,89.07889556884766,89.40346921201903,88.43786432603417,88.56769625959366,295600,VBR
2015-06-03,89.55764770507812,89.80107330696775,88.98153239932672,89.24929994233256,402600,VBR
2015-06-04,88.61639404296875,89.29799941964329,88.53525216712681,89.15194156683648,166500,VBR
2015-06-05,88.91661834716797,88.94907633293225,87.91043936065864,88.56770273861169,119500,VBR
2015-06-08,88.3323974609375,88.94908688214156,88.2512555822674,88.85982895838589,114500,VBR
2015-06-09,88.16197967529297,88.4784372710655,87.88608991521622,88.38106332208655,1402400,VBR
2015-06-10,89.32234954833984,89.59823318962857,88.66508605511697,88.66508605511697,179100,VBR
2015-06-11,89.5657730102539,89.69560497290921,89.33045722098771,89.53331501959008,147200,VBR
2015-06-12,89.208740234375,89.4197078704277,89.05456633895108,89.33044995104841,123300,VBR
2015-06-15,88.74622344970703,88.85170726620112,87.96725032067154,88.70564941758646,118900,VBR
2015-06-16,89.27364349365234,89.36290140650675,88.60827026465529,88.60827026465529,607200,VBR
2015-06-17,89.17626190185547,89.62254520620957,88.87603022418952,89.50083551730278,140800,VBR
2015-06-18,89.96336364746094,90.21490529445936,89.40347423629395,89.43593222150788,187900,VBR
2015-06-19,89.87410736083984,90.1905649839881,89.76050750590088,89.99582325991096,133600,VBR
2015-06-22,90.27981567382812,90.43398335563708,90.1175257578091,90.36095753647399,107600,VBR
2015-06-23,90.53946685791016,90.55569275298517,90.24735122074513,90.28791905379609,131100,VBR
2015-06-24,89.760498046875,90.54758090437227,89.70369812539113,90.40963912230104,320400,VBR
2015-06-25,89.484619140625,90.03639252653102,89.26553547140591,89.96336670036729,155900,VBR
2015-06-26,89.54141998291016,89.75239380074964,89.1681624225652,89.57387796955685,97000,VBR
2015-06-29,87.45604705810547,89.16816725444549,87.39924712607785,88.95719342517367,259100,VBR
2015-06-30,87.4803695678711,88.20254262495989,87.30185376666229,88.20254262495989,235300,VBR
2015-07-01,87.90234375,88.36485928830834,87.56154413034729,87.92668569558538,1473700,VBR
2015-07-02,87.63452911376953,88.29178610109051,87.39921343159544,88.07270250222548,246500,VBR
2015-07-06,87.39923858642578,87.81307015975108,86.90426514537904,87.01786499833459,152900,VBR
2015-07-07,87.60211944580078,87.72383537483496,86.12531477731831,87.43983566757474,915300,VBR
2015-07-08,86.32002258300781,87.24505337450753,85.9305391922326,87.00162780295476,276000,VBR
2015-07-09,86.4093017578125,87.34244882199724,86.29570189163994,87.12336513458682,242500,VBR
2015-07-10,87.4073257446289,87.59395135964066,87.0665262983874,87.26938399601576,219300,VBR
2015-07-13,88.1944580078125,88.2837159339563,87.79685226745241,87.89422623889892,230100,VBR
2015-07-14,88.60013580322266,88.68939369128631,88.09704645147531,88.16196240474451,114500,VBR
2015-07-15,88.08895111083984,88.6001566245624,87.97535126128538,88.58392453706749,142900,VBR
2015-07-16,88.4378662109375,88.64072396840227,88.20255046939107,88.58392404394124,93500,VBR
2015-07-17,87.91043853759766,88.5027859384763,87.6994709181967,88.5027859384763,102200,VBR
2015-07-20,87.49664306640625,87.9997265362226,87.39115302991198,87.93481673383748,259000,VBR
2015-07-21,87.03411102294922,87.8942261018351,86.89616301593294,87.52096849796521,116900,VBR
2015-07-22,87.13147735595703,87.2369673707892,86.72576176839594,86.90427761743939,132700,VBR
2015-07-23,86.30381774902344,87.27753265430897,86.16587593907485,87.21262286715742,159700,VBR
2015-07-24,85.3138427734375,86.46607314463053,85.20835898702451,86.39304733651224,185500,VBR
2015-07-27,84.59169006347656,85.06232157550367,84.42940632381858,84.99740560334935,380900,VBR
2015-07-28,85.40310668945312,85.48424854554953,84.18596027582672,84.90001727649256,390800,VBR
2015-07-29,86.32002258300781,86.44173846414765,85.28139195330473,85.39499179150808,157100,VBR
2015-07-30,86.37682342529297,86.48231341241416,85.76825020381632,86.11716576509201,121100,VBR
2015-07-31,86.65271759033203,87.06654913544273,86.41740185647407,86.5391177451216,161000,VBR
2015-08-03,86.27948760986328,86.620287254269,85.84943003134237,86.57971321486055,192900,VBR
2015-08-04,86.18212127685547,86.79881082435458,85.97926344327166,86.328179164665,196000,VBR
2015-08-05,86.44989776611328,87.25321307844752,86.15778198149538,86.48235576337414,931300,VBR
2015-08-06,85.86563873291016,86.7014117751848,85.25706540806226,86.45798615968243,189100,VBR
2015-08-07,85.47614288330078,85.82505847854318,85.12723347878593,85.60597482140379,231000,VBR
2015-08-10,86.68518829345703,86.741988224397,85.88186702494109,85.88186702494109,169900,VBR
2015-08-11,86.00357055664062,86.34437628397112,85.63842908038393,86.09282846252155,289600,VBR
2015-08-12,85.84129333496094,85.98735117467412,84.55111471903994,85.50049377253944,200700,VBR
2015-08-13,85.70335388183594,86.0603793514384,85.47614797661701,85.88186352127322,117200,VBR
2015-08-14,86.29570007324219,86.33627410633245,85.56541081271526,85.65466873293123,208600,VBR
2015-08-17,86.96104431152344,87.05030220192666,85.6870981011721,86.1171554690824,136300,VBR
2015-08-18,86.53913116455078,86.96107262780085,86.40929921233341,86.86370485436602,142100,VBR
2015-08-19,85.6952133178711,86.23075446440626,85.20023999975727,86.08469666249191,326600,VBR
2015-08-20,83.8695068359375,84.96493742402967,83.81270691479871,84.96493742402967,264800,VBR
2015-08-21,82.2060775756836,83.49625616249772,82.2060775756836,83.1960244457696,504600,VBR
2015-08-24,79.27679443359375,81.6624031998366,76.27450265638815,78.72502118802487,888000,VBR
2015-08-25,78.35179901123047,81.93021377209156,78.35179901123047,81.29729839170966,675700,VBR
2015-08-26,80.28296661376953,80.39656643232371,78.28684755681294,79.1307301544366,532700,VBR
2015-08-27,82.10869598388672,82.44949548122528,80.67245980253244,81.11874928051859,517300,VBR
2015-08-28,82.61177825927734,82.81463598504178,81.7760054196441,81.84092137766308,354900,VBR
2015-08-31,82.4576416015625,82.88769915136902,81.96266806932852,82.40895151937748,208000,VBR
2015-09-01,80.16130065917969,81.54884747026378,79.80426889817689,80.94027398167972,346200,VBR
2015-09-02,81.1593246459961,81.1593246459961,80.06389405101427,81.13498270688739,293500,VBR
2015-09-03,81.4676742553711,82.23041519145535,81.24858441690395,81.29727448696735,1187600,VBR
2015-09-04,80.52641296386719,81.05384436679729,80.22618744751686,80.67247079559048,209800,VBR
2015-09-08,82.40892791748047,82.46572783815482,81.53258716860874,81.65429686239159,219100,VBR
2015-09-09,81.67053985595703,83.13111209295658,81.55693999943689,83.11488619519422,764700,VBR
2015-09-10,81.77600860595703,82.40081389246319,81.46766707944244,81.46766707944244,167000,VBR
2015-09-11,82.0600357055664,82.06815175103753,81.1918045620196,81.41900430938081,293600,VBR
2015-09-14,81.74357604980469,82.27100755953157,81.60563423378142,82.25478165971123,156300,VBR
2015-09-15,82.66047668457031,82.78218637975917,81.84092965617833,81.92207151654661,166900,VBR
2015-09-16,83.52872467041016,83.56929251352577,82.63614545166935,82.77409345230191,148800,VBR
2015-09-17,83.40701293945312,84.56735979123724,83.23661313208005,83.47192892056536,192300,VBR
2015-09-18,82.12493896484375,82.91202810392753,81.91396515038066,82.47385457730168,170200,VBR
2015-09-21,82.29534912109375,83.22038017475904,82.18174925069476,82.55500685210983,182600,VBR
2015-09-22,81.12689208984375,81.75980741964543,80.70494440949021,81.50825954418247,214700,VBR
2015-09-23,80.83476257324219,81.50013577956365,80.6400146659816,81.30538787230307,177400,VBR
2015-09-24,80.74551391601562,80.89968162185349,79.74745089680214,80.47774015589393,260100,VBR
2015-09-25,80.55095672607422,81.38002674182732,80.20619716958126,81.38002674182732,220800,VBR
2015-09-28,78.57267761230469,80.44423639581413,78.40850194369598,80.33752690821451,382500,VBR
2015-09-29,78.41670227050781,78.991307643207,78.04731802300594,78.63833782913741,349300,VBR
2015-09-30,79.500244140625,79.62337432252197,78.6629701765158,79.07339994106489,267700,VBR
2015-10-01,79.44280242919922,79.95994805914327,78.52344355403226,79.61518221829303,480100,VBR
2015-10-02,80.4278335571289,80.44424799502586,78.2361334694778,78.8271534363652,457400,VBR
2015-10-05,82.35686492919922,82.42253521599294,81.01885945209604,81.05169459549289,642700,VBR
2015-10-06,82.34042358398438,82.81652364988891,81.97103927303253,82.37325871914969,199500,VBR
2015-10-07,83.45681762695312,83.56353341323127,82.35686845801254,82.70983843632371,264400,VBR
2015-10-08,84.55675506591797,84.69629970464298,83.2926304419487,83.37471515515976,174000,VBR
2015-10-09,84.54035949707031,84.85229026772733,84.31051972668979,84.62244423468277,162200,VBR
2015-10-12,84.4582290649414,84.63060879946401,84.19555428909828,84.54031375814351,146600,VBR
2015-10-13,83.6620101928711,84.81121490276486,83.62097096984814,84.02319042637932,175100,VBR
2015-10-14,83.05459594726562,84.02321077498283,82.95609051536336,83.63740566169481,214700,VBR
2015-10-15,84.18736267089844,84.18736267089844,82.62773436509198,83.19412325805858,224900,VBR
2015-10-16,84.11347961425781,84.34331928766309,83.53887416808323,84.31869450303559,134400,VBR
2015-10-19,84.13810729980469,84.31048706080198,83.7358878574777,83.87543248361908,101100,VBR
2015-10-20,84.48287200927734,84.83584190232459,84.01498226850885,84.24482196395134,167400,VBR
2015-10-21,83.41577911376953,84.77019283831392,83.34189847165673,84.75377839710194,142700,VBR
2015-10-22,84.07244873046875,84.43362900148759,83.5799341644101,83.69485402106838,209700,VBR
2015-10-23,84.8030014038086,84.93434194299292,84.13810714650742,84.66345677792147,165900,VBR
2015-10-26,84.39259338378906,84.73735925675709,84.1955887868525,84.73735925675709,165600,VBR
2015-10-27,83.50606536865234,84.12171018296289,83.11204993192193,84.12171018296289,214500,VBR
2015-10-28,85.43507385253906,85.43507385253906,83.62097477803627,83.70305949048223,205200,VBR
2015-10-29,84.91793823242188,85.34478880750238,84.66347371517267,85.13136351996212,128100,VBR
2015-10-30,84.77017974853516,85.27911502480906,84.67168059114591,84.72093016984053,187300,VBR
2015-11-02,86.27234649658203,86.37085190746666,84.77017185956713,84.92613719446895,225800,VBR
2015-11-03,86.4283218383789,86.83054135306928,85.91938655054221,86.05893120178908,194800,VBR
2015-11-04,86.13280487060547,86.6663649052123,85.9193796042303,86.6663649052123,274000,VBR
2015-11-05,86.26415252685547,86.46936747483562,85.58284365918543,86.14102856819795,240500,VBR
2015-11-06,86.40370178222656,86.40370178222656,85.38583115078761,86.19848683821013,173400,VBR
2015-11-09,85.41046142578125,86.32982035848616,84.97540048779707,86.32982035848616,181500,VBR
2015-11-10,85.66490936279297,85.68953414905621,85.00001508303829,85.14777006327954,147000,VBR
2015-11-11,85.1641845703125,85.84549954991384,85.09851429844836,85.84549954991384,155000,VBR
2015-11-12,83.3747329711914,84.67169301012002,83.35010817823233,84.67169301012002,193700,VBR
2015-11-13,82.70162200927734,83.52248178108158,82.51282150619062,83.13667668630751,204500,VBR
2015-11-16,83.6291732788086,83.6291732788086,82.47176450651511,82.74264967588697,196100,VBR
2015-11-17,83.28443145751953,84.25304623598451,83.21055708434672,83.83440600001614,447300,VBR
2015-11-18,84.6224365234375,84.70452751623344,83.39935713527235,83.61278244374755,201800,VBR
2015-11-19,84.46646881103516,84.68809818608348,84.24483317332398,84.5978031133364,260100,VBR
2015-11-20,84.86870574951172,85.19705096664664,84.67991147695743,84.78662101089402,166600,VBR
2015-11-23,85.1888198852539,85.48432988250337,84.77839002936992,84.77839002936992,228600,VBR
2015-11-24,85.64029693603516,85.77163123594704,84.58138713526263,84.90152192820982,188100,VBR
2015-11-25,85.95222473144531,86.05073015721929,85.49254526982598,85.7059705610048,163000,VBR
2015-11-27,86.18206787109375,86.28878365223567,85.7059739510122,85.99327362588811,72900,VBR
2015-11-30,85.88655090332031,86.44473576767903,85.84551167460526,86.44473576767903,285800,VBR
2015-12-01,86.55965423583984,86.56786458651585,86.00146938046075,86.29697937817102,212900,VBR
2015-12-02,85.4268798828125,86.51862492940234,85.33658480300954,86.51862492940234,189600,VBR
2015-12-03,84.2284164428711,85.82909039318682,83.88365686321274,85.6238754630098,378900,VBR
2015-12-04,84.99180603027344,85.13956101276925,84.08065134865959,84.25303111779438,170900,VBR
2015-12-07,83.86724853515625,84.835863399004,83.56353440178955,84.78661381254747,217800,VBR
2015-12-08,83.12846374511719,83.5060647395262,82.66057394027273,83.14488444713298,220200,VBR
2015-12-09,82.36505126953125,83.89185066383335,82.07775165504685,82.88219683826506,220300,VBR
2015-12-10,82.48819732666016,83.01354708349696,82.11881293167473,82.3568630187825,369100,VBR
2015-12-11,80.96961212158203,81.87255667080173,80.6823124371935,81.87255667080173,298400,VBR
2015-12-14,80.35395812988281,81.23227778677295,79.82860840591091,80.98602362640891,458900,VBR
2015-12-15,81.3307876586914,81.54420669015202,80.82185234583129,80.86289783946921,311600,VBR
2015-12-16,82.31582641601562,82.4471670007429,81.36363222739807,81.75764145625232,228000,VBR
2015-12-17,81.31438446044922,82.61134468157785,81.2979700170584,82.61134468157785,260900,VBR
2015-12-18,80.15696716308594,81.02707661694635,80.15696716308594,81.02707661694635,392800,VBR
2015-12-21,80.7069091796875,80.89570962818912,80.15693479462378,80.66586369789894,473100,VBR
2015-12-22,81.59346771240234,81.74122273114607,80.50993299583617,81.00244763742744,432800,VBR
2015-12-23,82.80427551269531,82.89525154741607,81.9606807016288,81.98549120020849,335600,VBR
2015-12-24,82.9200439453125,83.25086524390976,82.6305776752492,82.82906793045098,116600,VBR
2015-12-28,82.4568862915039,82.56440683480919,81.67946354625657,82.52305180893931,343300,VBR
2015-12-29,83.20126342773438,83.27570123991346,82.54789289813291,82.82909329651905,362300,VBR
2015-12-30,82.47342681884766,83.27566632657485,82.47342681884766,83.15987983163389,627800,VBR
2015-12-31,81.6877212524414,82.59748125055796,81.6877212524414,82.13432898518306,357400,VBR
2016-01-04,80.48851776123047,80.54641101747592,79.66973990579001,80.49679002923459,452800,VBR
2016-01-05,80.67046356201172,80.7945223329168,80.10806926914775,80.73662908114659,319400,VBR
2016-01-06,79.41333770751953,80.01708697994754,79.01635724363842,79.63664473960702,379800,VBR
2016-01-07,77.40362548828125,78.62766256536261,77.28783896462532,78.28030299439483,553900,VBR
2016-01-08,76.31189727783203,77.91637622454782,76.2209275870392,77.69307551098275,482200,VBR
2016-01-11,76.12167358398438,76.86601975626353,75.46003113976069,76.54347079992422,362600,VBR
2016-01-12,76.22921752929688,77.01491902697681,75.11270099037533,76.78333966425826,441200,VBR
2016-01-13,74.13675689697266,76.67579998709618,73.73977645513368,76.39460603328443,304300,VBR
2016-01-14,74.9803466796875,75.54273455207003,73.43376110096565,74.51719444671076,497900,VBR
2016-01-15,73.76461791992188,73.93002545516583,72.31727990191175,73.16086842748473,490700,VBR
2016-01-19,73.1029281616211,74.53372703020996,72.43301987170315,74.53372703020996,443100,VBR
2016-01-20,72.76387786865234,73.46686926214623,70.16693448921852,72.04434193796068,848900,VBR
2016-01-21,72.73902893066406,73.92171042217397,72.36685903671669,72.8630876652763,380800,VBR
2016-01-22,74.44279479980469,74.6164745951888,73.64882731666613,73.98791463816104,1016500,VBR
2016-01-25,72.77212524414062,74.18637993858071,72.6811492424611,73.99616197862574,326400,VBR
2016-01-26,74.56684875488281,74.62474201624966,73.06988360829646,73.06988360829646,439900,VBR
2016-01-27,73.89691925048828,75.17884932670347,73.53302152637941,74.23601279305926,356500,VBR
2016-01-28,74.12025451660156,74.89767755359483,73.83078184666313,74.64129396468259,356300,VBR
2016-01-29,76.485595703125,76.485595703125,74.43450868738698,74.49240194174817,238700,VBR
2016-02-01,76.36151885986328,76.75023332284522,75.55100718067858,76.06378039076604,303700,VBR
2016-02-02,74.77361297607422,75.6750946817865,74.50895084974505,75.65855645383712,408700,VBR
2016-02-03,75.3194351196289,75.5096593754531,73.5247383276745,75.35251787324573,495800,VBR
2016-02-04,75.91490173339844,76.69233056286518,75.1374729039317,75.1374729039317,221100,VBR
2016-02-05,74.50896453857422,75.77435690046771,74.4593435357173,75.5675943087058,332400,VBR
2016-02-08,73.43377685546875,73.79768090733184,72.39169199506436,73.73978765452556,674600,VBR
2016-02-09,73.08642578125,73.69016887170133,72.43305538988106,72.44959361692557,316300,VBR
2016-02-10,73.06158447265625,74.35178659564527,73.00369123257848,73.50819217178054,285200,VBR
2016-02-11,71.953369140625,72.53230177067306,71.33308147561961,72.11877666066947,442700,VBR
2016-02-12,73.33453369140625,73.4337819788091,72.39169704570035,72.64808056745969,371100,VBR
2016-02-16,74.76534271240234,74.82323597661649,73.54957785401287,74.10369999861857,389800,VBR
2016-02-17,75.83226013183594,76.25405133129527,75.17888949888234,75.26986555599578,289500,VBR
2016-02-18,75.7164306640625,76.03897966199807,75.41041988991482,76.03897966199807,212000,VBR
2016-02-19,75.67507934570312,75.72470032938762,74.95554353282253,75.37734082381398,336100,VBR
2016-02-22,76.74197387695312,76.92392589511796,76.27055560711288,76.4111525993708,300100,VBR
2016-02-23,75.9893569946289,76.7171650833973,75.9810910371774,76.53521306120521,289500,VBR
2016-02-24,76.58485412597656,76.70891292908033,74.82323931356018,75.27811317841687,175100,VBR
2016-02-25,77.3292007446289,77.36228351282979,76.46079543156095,76.79161680367697,167400,VBR
2016-02-26,77.73442840576172,78.09006016123415,77.47804492270862,77.7757834300758,168800,VBR
2016-02-29,77.63519287109375,78.45397067919941,77.61864833604199,77.78406213710308,161100,VBR
2016-03-01,79.1238784790039,79.1238784790039,77.83368239228776,78.24720742622408,153700,VBR
2016-03-02,80.07498168945312,80.08325395631982,78.92538268072269,79.05770740113593,198300,VBR
2016-03-03,81.08399200439453,81.14188525860132,79.95920337132698,80.09152810527473,304600,VBR
2016-03-04,81.69599914550781,82.10125188446823,80.98473563066008,81.24112542501085,263300,VBR
2016-03-07,82.3659439086914,82.39076072027952,81.18326792862989,81.40656875377393,270400,VBR
2016-03-08,80.62084197998047,81.96065902812816,80.5712146860516,81.96065902812816,258700,VBR
2016-03-09,81.0591812133789,81.25767146851713,80.57949064606105,81.03437072022305,150900,VBR
2016-03-10,80.86067199707031,81.51404222414571,80.0501665679624,81.39825573427315,164800,VBR
2016-03-11,82.39900970458984,82.48171977305589,81.56369354013515,81.56369354013515,194000,VBR
2016-03-14,82.08470916748047,82.32455441492999,81.66291191783542,81.97719494340606,151000,VBR
2016-03-15,81.36833190917969,81.58416480902088,81.06119166707464,81.55926223082975,185800,VBR
2016-03-16,82.22337341308594,82.34788632353859,80.93668511637271,81.17742063210089,182700,VBR
2016-03-17,83.51004028320312,83.70926723723167,81.91621198435334,82.0988393310923,257600,VBR
2016-03-18,83.94169616699219,84.27373894008713,83.54323597264437,83.60964706058732,280600,VBR
2016-03-21,83.81716918945312,84.18242380596548,83.5349252585183,83.89187690648009,742300,VBR
2016-03-22,83.83378601074219,84.0828244519308,83.13648850871112,83.49344022998245,218500,VBR
2016-03-23,82.53881072998047,83.56815749322216,82.50560517848088,83.56815749322216,382700,VBR
2016-03-24,82.72972106933594,82.72972106933594,81.71697416000191,81.99090881035977,276800,VBR
2016-03-28,82.8542251586914,83.07836097004792,82.30634958273724,82.9289392069133,194200,VBR
2016-03-29,84.4397964477539,84.4397964477539,82.35619374500844,82.59692927374346,156300,VBR
2016-03-30,84.47297668457031,85.01255571943508,84.27374341017361,84.86313393029269,234000,VBR
2016-03-31,84.57258605957031,84.78841893780772,84.37335912067205,84.5227809081733,181300,VBR
2016-04-01,84.6805191040039,84.74692387196819,83.60136087486647,83.83379339601947,353200,VBR
2016-04-04,83.83378601074219,84.69711125133588,83.76738124862779,84.57259203074157,293100,VBR
2016-04-05,82.887451171875,83.51834392019738,82.82104007556512,83.22780329048008,546700,VBR
2016-04-06,83.5183334350586,83.55984194836886,82.59690017269837,83.00365700323714,200600,VBR
2016-04-07,82.47237396240234,83.30249349163299,82.09051973895338,83.09496360932532,181000,VBR
2016-04-08,83.0949935913086,83.70928049125703,82.82935549944075,83.22781580389835,129900,VBR
2016-04-11,83.0949935913086,84.12434040563251,83.0949935913086,83.54325905883151,147700,VBR
2016-04-12,84.17414093017578,84.29866015492007,83.08667978960722,83.17799346553231,250100,VBR
2016-04-13,85.64347076416016,85.67667632101106,84.54771272133016,84.65563236442367,283500,VBR
2016-04-14,85.42760467529297,85.7430478196667,85.2615769677467,85.5853230808251,186000,VBR
2016-04-15,85.7098617553711,85.78456949076185,85.2117911861667,85.26159634309388,185300,VBR
2016-04-18,86.1249008178711,86.17470596276942,85.17026209636053,85.26157575088037,202000,VBR
2016-04-19,86.58978271484375,87.00484255925706,86.19132881086092,86.2826424832967,312700,VBR
2016-04-20,86.58148193359375,87.00483839464712,86.15811913923007,86.54827638763284,268900,VBR
2016-04-21,85.7513656616211,86.7641063534168,85.6517490198152,86.63129049765286,178900,VBR
2016-04-22,86.72258758544922,86.80559827109148,85.8177540120134,85.8592625214892,294700,VBR
2016-04-25,86.1249008178711,86.5814690904703,85.76794916837791,86.55656018471177,979600,VBR
2016-04-26,87.12936401367188,87.16256956207377,86.33244985195878,86.46527204556635,207900,VBR
2016-04-27,87.64402770996094,87.78514652006976,86.96332990044267,87.15425385922288,232900,VBR
2016-04-28,86.78071594238281,87.81836558824068,86.63129414004685,87.32859166207415,191300,VBR
2016-04-29,86.34905242919922,86.8222204269054,85.66835449682696,86.564885334579,366000,VBR
2016-05-02,86.88036346435547,86.92186566495255,86.00043194530215,86.51510863254794,201100,VBR
2016-05-03,85.59363555908203,86.29093300831855,85.03745692695621,86.29093300831855,414500,VBR
2016-05-04,85.17857360839844,85.89247697898966,84.9046326173625,85.21177915276431,265100,VBR
2016-05-05,85.0706558227539,85.85926687631815,84.87972553611422,85.63513738038515,209400,VBR
2016-05-06,85.64347076416016,85.64347076416016,84.74693972912314,84.8050542035965,466900,VBR
2016-05-09,85.41102600097656,85.76797776950278,85.02086868034192,85.61855595167061,210000,VBR
2016-05-10,86.47357177734375,86.47357177734375,85.62685242938136,85.73476571556635,764400,VBR
2016-05-11,85.63513946533203,86.44035014314727,85.6102305577911,86.27432875939996,157900,VBR
2016-05-12,85.35291290283203,86.12492452783567,84.87974489610794,86.08341600678698,134800,VBR
2016-05-13,84.52281188964844,85.45254850081496,84.29868229289792,85.20350998592548,220400,VBR
2016-05-16,85.3778076171875,85.61854308380914,84.62240200351528,84.6722071575368,142100,VBR
2016-05-17,84.45636749267578,85.70154690980772,84.12431838144525,85.19517344017594,386300,VBR
2016-05-18,84.40658569335938,85.23670553442967,83.90851505537957,84.28206645053648,1019800,VBR
2016-05-19,83.95829010009766,84.3401443300067,83.26099272373581,83.97489603761646,293700,VBR
2016-05-20,85.0125503540039,85.07895510796817,84.3318462094088,84.3318462094088,576400,VBR
2016-05-23,84.85482788085938,85.22837917350276,84.68880015822117,85.03745520910638,551300,VBR
2016-05-24,86.14151763916016,86.27433982984918,85.22009060782526,85.22009060782526,358000,VBR
2016-05-25,86.88036346435547,86.97167083899427,86.26607009571316,86.33248121664417,172400,VBR
2016-05-26,86.75580596923828,87.17086579220216,86.6229837859009,87.02974063907863,223800,VBR
2016-05-27,87.34516906738281,87.34516906738281,86.71427651548687,86.71427651548687,143700,VBR
2016-05-31,87.56103515625,87.88478135629862,87.2123800433959,87.569331793874,219300,VBR
2016-06-01,87.99267578125,88.06738350371708,86.99653481516354,87.2123613467194,236600,VBR
2016-06-02,88.51565551757812,88.5239584873598,87.63573072002825,87.76024993351236,247600,VBR
2016-06-03,88.1089096069336,88.4741643229655,87.51122237463085,88.42435283139956,2283600,VBR
2016-06-06,89.09674835205078,89.2793756982143,88.29153123486293,88.37454193767071,2094700,VBR
2016-06-07,89.45367431640625,89.69440971854783,88.9971060824638,89.17973337604079,250300,VBR
2016-06-08,89.86878204345703,89.96839237802207,89.46201873294237,89.49522428890145,175000,VBR
2016-06-09,89.46199035644531,89.55330402304091,88.99712538709328,89.47859629581372,287200,VBR
2016-06-10,88.18360137939453,88.80619103339579,87.93456298447025,88.69827144005085,222800,VBR
2016-06-13,87.12936401367188,88.21681880726307,87.03805033889437,87.92627817538498,264800,VBR
2016-06-14,86.77133178710938,87.31256102192057,86.26340965088279,86.85459635723122,191500,VBR
2016-06-15,86.8962173461914,87.59564724194122,86.78797405832873,86.96283153226618,218300,VBR
2016-06-16,86.71304321289062,86.78798577050797,85.5556485725325,86.39663531535334,259300,VBR
2016-06-17,86.99612426757812,87.40412497276294,86.5881172097159,86.87122427747086,906000,VBR
2016-06-20,87.8204574584961,88.5448659945137,87.80380073773843,88.20347945111315,2098600,VBR
2016-06-21,87.78717041015625,88.04529246672676,87.30422704077733,87.93704916780214,403100,VBR
2016-06-22,87.6039810180664,88.37835350918297,87.56235191370546,88.01198181580517,1525200,VBR
2016-06-23,89.12772369384766,89.13605205358861,88.46992303320889,88.46992303320889,190500,VBR
2016-06-24,85.59728240966797,87.02112745060815,85.4224185627694,86.01361159190823,774700,VBR
2016-06-27,82.88280487060547,84.68967178995477,82.57471902406654,84.63138596522346,648800,VBR
2016-06-28,84.381591796875,84.55645563587751,83.64885475618377,83.8237122425074,606000,VBR
2016-06-29,86.113525390625,86.20511831772039,85.23090956881025,85.3641316019714,250000,VBR
2016-06-30,87.68722534179688,87.72886078922745,85.91366581784047,86.31334451407096,225100,VBR
2016-07-01,87.98698425292969,88.3200487799337,87.59563391015078,87.61229063047358,630200,VBR
2016-07-05,86.59646606445312,87.72055353610016,86.10520070048874,87.57067478303529,239900,VBR
2016-07-06,87.07106018066406,87.15432472291884,86.01358715340584,86.22175168538148,680700,VBR
2016-07-07,87.12936401367188,87.87875775429265,86.67972776929942,87.30422149437028,247600,VBR
2016-07-08,88.78633117675781,88.96951697572408,87.86208017482957,87.86208017482957,395300,VBR
2016-07-11,89.52743530273438,89.74392828224236,89.21102737320727,89.26098484821684,244200,VBR
2016-07-12,90.74310302734375,91.07616126042262,90.06864549419828,90.16023841409854,553900,VBR
2016-07-13,90.63485717773438,91.19273672943817,90.30179257803637,91.09282179640397,357600,VBR
2016-07-14,90.78473663330078,91.38425164686603,90.78473663330078,91.30098708446617,489600,VBR
2016-07-15,91.00123596191406,91.35095096013522,90.78474300234315,91.09282889278333,505900,VBR
2016-07-18,91.07616424560547,91.2760068152173,90.69314218286766,91.00122804651014,355300,VBR
2016-07-19,90.80970001220703,91.06782837048358,90.50994255610887,90.97623546152704,259200,VBR
2016-07-20,91.24268341064453,91.42586922370482,90.46831106168452,90.9262692416576,312300,VBR
2016-07-21,90.84302520751953,91.58409063482738,90.6931464495989,91.18441818215841,429800,VBR
2016-07-22,91.41754913330078,91.50081368694856,90.7014625371091,90.86799164440464,165200,VBR
2016-07-25,91.15943145751953,91.41755349193794,90.90130307042259,91.2843251176068,215700,VBR
2016-07-26,91.68400573730469,91.70898446982599,91.06784037529069,91.12612620206662,364900,VBR
2016-07-27,91.30096435546875,91.96708704151804,90.99287856333915,91.84219340534946,382400,VBR
2016-07-28,91.42589569091797,91.61740356715575,91.00956648713907,91.3009956592484,163700,VBR
2016-07-29,91.75895690917969,92.05039244329794,91.01789141094467,91.41757025454588,381200,VBR
2016-08-01,91.36759185791016,91.87550754200049,91.14277057465678,91.783920979676,317200,VBR
2016-08-02,90.27678680419922,91.50079518867214,90.0436435600476,91.40087393288847,470600,VBR
2016-08-03,91.04286193847656,91.04286193847656,90.05200281092836,90.31012486940271,669800,VBR
2016-08-04,91.00123596191406,91.42589351842796,90.93462176624926,91.05119343232299,195200,VBR
2016-08-05,92.09199523925781,92.25020232941004,91.38423704294598,91.52578741167277,219600,VBR
2016-08-08,92.16695404052734,92.51666902002405,92.06703275238013,92.24189024212849,206600,VBR
2016-08-09,92.10865783691406,92.4250656847264,92.00873656002044,92.21690112237343,254800,VBR
2016-08-10,91.6590347290039,92.20858594882002,91.5174843310021,92.15862847956741,245600,VBR
2016-08-11,91.9837646484375,92.15029376959467,91.65902841530588,91.9587859155318,278100,VBR
2016-08-12,91.80888366699219,92.12529145727794,91.52577661027155,91.8838198465294,244100,VBR
2016-08-15,92.658203125,92.83306058400953,92.00873074791377,92.04203783810767,275500,VBR
2016-08-16,91.92546081542969,92.49999061776457,91.85051827871274,92.49999061776457,253300,VBR
2016-08-17,91.77560424804688,91.95879010126518,91.25102542243464,91.85886881241547,228100,VBR
2016-08-18,92.47502136230469,92.51665681504315,91.85052768729685,91.85052768729685,184000,VBR
2016-08-19,92.40008544921875,92.4666996327299,92.02538543147725,92.22522798201067,240600,VBR
2016-08-22,92.4583740234375,92.4583740234375,91.92547324484418,92.13363781000339,258700,VBR
2016-08-23,92.98294067382812,93.20776194775645,92.72481866189663,92.72481866189663,287400,VBR
2016-08-24,92.26685333251953,92.93298243520339,92.10032423318754,92.85803989362944,190600,VBR
2016-08-25,92.53330993652344,92.76645958504336,92.092002076155,92.10033043748602,177400,VBR
2016-08-26,92.12530517578125,93.19943504450495,91.68399733454056,92.6831846598901,255600,VBR
2016-08-29,92.74149322509766,92.99129329403465,92.27520653927355,92.27520653927355,150500,VBR
2016-08-30,92.73313903808594,93.03289647572821,92.4167248801983,92.87468939678439,175800,VBR
2016-08-31,92.42504119873047,92.94961346992184,91.89214056850146,92.70814187924361,197500,VBR
2016-09-01,92.26685333251953,92.64155333503342,91.51746603284761,92.4750178830235,204200,VBR
2016-09-02,93.2493896484375,93.2493896484375,92.59991727158794,92.70816055017023,211200,VBR
2016-09-06,93.26604461669922,93.47420916191382,92.75812261816137,93.44090207235814,527400,VBR
2016-09-07,93.78230285644531,93.78230285644531,93.09952329862317,93.24940204803187,1133700,VBR
2016-09-08,93.6324234008789,93.80728723443588,93.38262972220079,93.69070922783833,215300,VBR
2016-09-09,90.77640533447266,92.92466527935495,90.75975496360292,92.92466527935495,380100,VBR
2016-09-12,91.708984375,91.83388439015606,90.15191107176902,90.32677490459469,526500,VBR
2016-09-13,89.96871948242188,91.19272167883135,89.5773691188168,91.08447840168267,359100,VBR
2016-09-14,89.71060943603516,90.45167486415978,89.51077320948042,90.11028824182374,200300,VBR
2016-09-15,90.65150451660156,90.80138325331487,89.56904626781899,89.7189250045323,198900,VBR
2016-09-16,90.40170288085938,90.48496743249837,89.94373831782782,90.28513123802918,317700,VBR
2016-09-19,91.02619171142578,91.59239952624056,90.58488389377324,90.6764768015137,165400,VBR
2016-09-20,90.47750854492188,91.37382281782983,90.47750854492188,91.33193640496796,205700,VBR
2016-09-21,91.88481903076172,91.88481903076172,90.68694031501278,90.86285176951112,191400,VBR
2016-09-22,93.14131927490234,93.18319929553708,92.35390075172761,92.35390075172761,203300,VBR
2016-09-23,92.35391235351562,93.17483883090696,92.35391235351562,92.91515455008516,273500,VBR
2016-09-26,91.76757049560547,92.27855426971227,91.7256840652143,91.96861130134474,228300,VBR
2016-09-27,91.89319610595703,92.05235683607987,91.39059101042818,91.67540461217587,255400,VBR
2016-09-28,92.91514587402344,92.94865372619321,91.53297732912418,92.13610588624162,241400,VBR
2016-09-29,91.88481903076172,92.97379561446155,91.66702115763368,92.78950559804322,250500,VBR
2016-09-30,92.69740295410156,93.0408474344596,91.92673473264351,92.27856416914568,244100,VBR
2016-10-03,92.25338745117188,92.57170887641236,91.89318600064226,92.38741887042468,487200,VBR
2016-10-04,91.67539978027344,92.4711906070031,91.28169045238627,92.34553774200099,647100,VBR
2016-10-05,92.2952880859375,92.67224032646,91.90157871994198,92.03561015984293,297100,VBR
2016-10-06,92.33717346191406,92.45444777501257,91.65865048930617,92.15288342962478,196000,VBR
2016-10-07,91.5581283569336,92.53820923102968,91.17279118788191,92.42093492426453,239400,VBR
2016-10-10,92.32881164550781,92.80628754714606,92.06913367525759,92.06913367525759,235100,VBR
2016-10-11,90.96337890625,92.11937772088434,90.47753090819982,92.10262059521001,342500,VBR
2016-10-12,91.206298828125,91.49949098530897,90.76233089772009,91.03038736839686,214200,VBR
2016-10-13,90.64506530761719,90.97175896295136,89.88278224216113,90.48590456595197,209200,VBR
2016-10-14,90.61154174804688,91.44084678265106,90.53615386724826,91.02200818007235,246000,VBR
2016-10-17,90.51103973388672,90.9382505785748,90.46077474729856,90.59480619023903,194500,VBR
2016-10-18,91.03038787841797,91.42409721995509,90.76233140623935,91.34033077070623,157900,VBR
2016-10-19,91.54136657714844,91.80942303483234,90.82096364881606,91.22305153082695,363800,VBR
2016-10-20,91.23143005371094,91.54136653813738,90.75394789797708,91.37383364877012,318500,VBR
2016-10-21,91.14765930175781,91.24818287225825,90.40212706238096,90.72044850681392,192600,VBR
2016-10-24,91.53299713134766,92.11937508472171,91.23981135014597,91.82618930352004,233400,VBR
2016-10-25,90.87963104248047,91.53301847608606,90.69534096818715,91.42412270080919,285500,VBR
2016-10-26,90.5613021850586,91.01364873778444,90.32675354089807,90.44402786297833,187200,VBR
2016-10-27,89.66497802734375,90.76233323383221,89.49743873450203,90.76233323383221,261000,VBR
2016-10-28,89.43042755126953,90.21783984287771,89.22938040403432,89.64821904098541,229000,VBR
2016-10-31,89.99169158935547,90.08383662308235,89.47232925298326,89.63986858292847,2614800,VBR
2016-11-01,88.97809600830078,90.20110426679551,88.37496724718635,90.1424671034078,248300,VBR
2016-11-02,88.04826354980469,88.91107016619601,87.9058599393455,88.78541729009702,243100,VBR
2016-11-03,88.02313232421875,88.6178824410211,87.91423018486594,88.24930238346504,406700,VBR
2016-11-04,88.0985107421875,88.94456651472251,87.95610715015813,88.17390501447773,845400,VBR
2016-11-07,90.03355407714844,90.09219122929301,89.4639332887567,89.58957976408776,246200,VBR
2016-11-08,90.19274139404297,90.58645086998487,89.3634423987229,89.74877330958851,196200,VBR
2016-11-09,92.43769073486328,92.73087651787955,89.51419868540832,89.51419868540832,733100,VBR
2016-11-10,93.4261703491211,93.93715413428681,92.63875145572368,93.25025884142059,575100,VBR
2016-11-11,94.83344268798828,94.94233843201536,93.44290174722484,93.53504675792867,810600,VBR
2016-11-14,96.55905151367188,96.63444578769474,95.41143779851225,95.84702714619188,726400,VBR
2016-11-15,97.01140594482422,97.13705881785894,96.12347005306121,96.46692081329142,420300,VBR
2016-11-16,96.87736511230469,97.10353513413204,96.54229296914195,96.7935986742564,320500,VBR
2016-11-17,97.35486602783203,97.58103610817628,96.94440590151852,97.20408384394547,524600,VBR
2016-11-18,97.49728393554688,97.63131540351844,97.26273525756878,97.53079180253977,340200,VBR
2016-11-21,98.17578125,98.31819125429732,97.58940967102598,97.94961118124456,444500,VBR
2016-11-22,99.09724426269531,99.15588142818443,98.39359188585412,98.52762334467023,515700,VBR
2016-11-23,99.59981536865234,99.61656609978647,98.70350106519281,99.00506535336326,399600,VBR
2016-11-25,99.93490600585938,99.93490600585938,99.61658453667083,99.75898814606006,256300,VBR
2016-11-28,99.00508880615234,99.97679121635116,98.89618665958994,99.87627402379637,560700,VBR
2016-11-29,99.08047485351562,99.46580566339141,98.70352260652022,99.046966992965,359800,VBR
2016-11-30,99.18098449707031,99.8427502702613,99.13909807952568,99.75060526443914,583900,VBR
2016-12-01,99.08047485351562,99.91815219436843,98.84592622063218,99.64171713805399,525200,VBR
2016-12-02,99.19774627685547,99.66684991991187,98.97157621344867,99.18099554255416,382800,VBR
2016-12-05,100.52127838134766,100.53802911571742,99.88464182879397,99.92652825117452,563100,VBR
2016-12-06,101.55998229980469,101.58511159333891,100.32022361833765,100.63016009321947,615700,VBR
2016-12-07,102.71599578857422,102.79976224279551,101.49298766222515,101.62701271078505,489400,VBR
2016-12-08,103.9222640991211,104.10655416368635,102.65737573046292,103.06783589819436,2061400,VBR
2016-12-09,104.01437377929688,104.21542090374867,103.66255089796077,104.20704234248743,542500,VBR
2016-12-12,103.06780242919922,104.29081036211161,102.88351242447807,104.03950464822464,553400,VBR
2016-12-13,103.16834259033203,103.7798434596796,102.59034318998721,103.53691626809946,517100,VBR
2016-12-14,101.77779388427734,103.28561560932161,101.59350385221964,102.95054340475947,364300,VBR
2016-12-15,102.33905029296875,102.92542832971887,101.47624356090682,101.84482367595137,538700,VBR
2016-12-16,102.31390380859375,103.28561253379236,102.12961378202363,102.54845242751189,307500,VBR
2016-12-19,102.92543029785156,102.9673103356528,102.33905224988877,102.38093867866172,315400,VBR
2016-12-20,103.80497741699219,103.89712243831339,103.2018486923339,103.2688644152895,391700,VBR
2016-12-21,103.35263061523438,103.89712217868868,103.35263061523438,103.7044599643866,1065500,VBR
2016-12-22,102.63261413574219,103.37455462748551,102.33751810044558,103.37455462748551,300300,VBR
2016-12-23,103.01199340820312,103.01199340820312,102.58200211204729,102.6916113942364,253000,VBR
2016-12-27,103.39140319824219,103.60218238260559,103.07945412216532,103.13003906802206,662000,VBR
2016-12-28,102.25318908691406,103.59374794206063,102.04240991863382,103.59374794206063,686400,VBR
2016-12-29,102.41337585449219,102.86022662950725,101.95809211226855,102.49768622917006,759600,VBR
2016-12-30,102.0171127319336,102.61572477028248,101.75574863373787,102.61572477028248,860000,VBR
2017-01-03,102.7674789428711,103.4925597128909,102.04239817285128,103.16374476282017,630300,VBR
2017-01-04,104.37786865234375,104.47061202048529,103.09632743755397,103.09632743755397,784200,VBR
2017-01-05,103.36609649658203,104.30195646092848,102.91924571643757,104.19235361583604,832400,VBR
2017-01-06,103.14689636230469,103.6949235164007,103.0120010320871,103.60218016267045,461100,VBR
2017-01-09,102.10987854003906,103.13004911989539,102.09301260146277,102.91926991498778,432900,VBR
2017-01-10,102.9361343383789,103.17221246242846,102.22791926364374,102.37124758603474,377500,VBR
2017-01-11,103.39140319824219,103.4925795224259,102.65789575343854,103.11317956355988,341800,VBR
2017-01-12,102.57359313964844,103.36611855883596,101.53655664370262,103.33239311488555,402800,VBR
2017-01-13,103.12161254882812,103.56003688190657,102.80966345324181,102.80966345324181,306100,VBR
2017-01-17,102.2279052734375,103.01200410314289,101.97496767709242,102.78436541240853,2747100,VBR
2017-01-18,102.63261413574219,102.64947364198756,101.8991001808861,102.37124354540721,395400,VBR
2017-01-19,101.84009552001953,103.00359457656589,101.42697002227412,102.70007196486306,463000,VBR
2017-01-20,102.33751678466797,102.68319776672708,101.94125728452306,102.16046302524897,358800,VBR
2017-01-23,101.91593933105469,102.38808903374238,101.33419321095589,102.15201739863335,2149500,VBR
2017-01-24,103.37454223632812,103.68649774047705,102.1520255572445,102.25319544753161,471800,VBR
2017-01-25,104.30197143554688,104.43687320192325,103.9984488936703,104.04904027229658,553800,VBR
2017-01-26,104.1164779663086,104.60548718898299,103.8551138515036,104.42843345645672,379700,VBR
2017-01-27,103.50945281982422,104.28512521031949,103.20593667176914,104.1333639200564,367300,VBR
2017-01-30,102.27005767822266,102.92768767113863,101.38478257546969,102.92768767113863,563800,VBR
2017-01-31,102.68318939208984,102.82651769529124,101.59556801653096,102.0086934214816,512800,VBR
2017-02-01,102.56513214111328,103.70333822538592,102.14357385564423,103.29021290671756,480100,VBR
2017-02-02,102.46397399902344,102.91082483163153,102.1688844333832,102.57358328945416,509400,VBR
2017-02-03,103.78768157958984,103.88885791594497,103.01201563161362,103.20593533484318,776000,VBR
2017-02-06,103.21436309814453,103.86356667397882,102.96985844006795,103.65278746175464,405700,VBR
2017-02-07,102.80964660644531,103.60217188527048,102.47239865914098,103.28178987318964,320100,VBR
2017-02-08,102.74219512939453,102.7590546320498,101.9833888605166,102.53141596762119,390100,VBR
2017-02-09,103.78768157958984,103.90571742243532,102.74221850047097,102.74221850047097,518200,VBR
2017-02-10,104.50431823730469,104.65607950909202,103.95629749762792,104.25982004120259,328500,VBR
2017-02-13,104.90059661865234,105.33058801195487,104.77412780503735,105.02706543226732,590500,VBR
2017-02-14,105.23783111572266,105.28841606167748,104.42000684961161,104.76568780022359,437800,VBR
2017-02-15,105.6256332397461,105.76896149979883,104.89212600743599,104.95957043821657,379400,VBR
2017-02-16,105.40645599365234,105.75213695772047,104.83313633145607,105.53292479593264,509300,VBR
2017-02-17,105.28842163085938,105.28842163085938,104.65608404309583,105.06921589848017,313900,VBR
2017-02-21,106.26644897460938,106.29174145101604,105.54980093571241,105.583526381745,347300,VBR
2017-02-22,105.85330963134766,106.13153326779378,105.57507956243127,106.12310673174439,582600,VBR
2017-02-23,105.2293930053711,106.26642937406366,104.75724971294258,106.10623514307402,393100,VBR
2017-02-24,105.2293930053711,105.2293930053711,104.32725839592665,104.54647053846986,289500,VBR
2017-02-27,105.92076873779297,105.96292715375424,104.96804900229708,105.11137732461155,636100,VBR
2017-02-28,104.74880981445312,105.69310276930352,104.72351734438499,105.64251782916726,484000,VBR
2017-03-01,106.5530776977539,106.80601526048714,105.90388072102706,105.92917319080651,347500,VBR
2017-03-02,105.30529022216797,106.44349662232842,105.17882141493442,106.44349662232842,355700,VBR
2017-03-03,105.2293930053711,105.63409185064549,104.79940812082509,105.35586179654872,408200,VBR
2017-03-06,104.52117156982422,104.74038369874148,104.07432077691293,104.74038369874148,759100,VBR
2017-03-07,103.80455017089844,104.52963118545942,103.72866630857541,104.38629643050952,370200,VBR
2017-03-08,103.04574584960938,104.22611076520346,102.99516089532449,103.9900326361076,521400,VBR
2017-03-09,102.59888458251953,103.43356840636726,102.17732618608545,103.02886951550344,1502500,VBR
2017-03-10,103.03728485107422,103.37453279700016,102.35436242411461,103.26492994837379,620400,VBR
2017-03-13,103.28179168701172,103.65276507880843,103.02042757868388,103.03728708173387,327300,VBR
2017-03-14,102.86023712158203,103.0035654164013,102.08457130347436,102.88552959331838,395200,VBR
2017-03-15,104.3272476196289,104.55489270672841,103.22276691786759,103.34080272878242,871700,VBR
2017-03-16,104.31884765625,104.83314300196554,104.13336092543248,104.6307967649241,787800,VBR
2017-03-17,104.4958724975586,104.70665164561242,104.03215579885251,104.43685459340229,233200,VBR
2017-03-20,103.85511779785156,104.50431484178316,103.64433861791052,104.44529692869845,297000,VBR
2017-03-21,101.60399627685547,104.46216140222832,101.51968589255388,104.26824172911166,556600,VBR
2017-03-22,101.56184387207031,101.8232080085962,100.87048838797736,101.37635715616018,386200,VBR
2017-03-23,102.00027465820312,102.64947177259688,101.36793704974771,101.56185031415706,369800,VBR
2017-03-24,101.85383605957031,102.6156461358216,101.40521636409264,102.23473786872943,414700,VBR
2017-03-27,101.69300079345703,101.88768808892875,100.355601690116,100.68571829110196,487200,VBR
2017-03-28,102.68334197998047,102.81031138307442,101.38826827587286,101.47291239195812,567500,VBR
2017-03-29,103.10655975341797,103.16581127514665,102.31935727449026,102.69179910131716,257800,VBR
2017-03-30,103.8937759399414,103.91916853004231,103.10657335715132,103.14043229659666,277100,VBR
2017-03-31,103.99535369873047,104.401648059884,103.68216334947812,103.90224322889686,261000,VBR
2017-04-03,102.96270751953125,104.30010695415383,102.58180564186743,104.1985301064075,929700,VBR
2017-04-04,103.03887176513672,103.2589452056258,102.72568138884118,102.86111070160885,514000,VBR
2017-04-05,102.1585693359375,104.0884840651524,101.98081471171335,103.63986432907237,634100,VBR
2017-04-06,103.08119201660156,103.23355403176711,101.87076224554558,102.22627146162083,440800,VBR
2017-04-07,102.93729400634766,103.30973591447383,102.45481537897189,102.82725728709806,429300,VBR
2017-04-10,103.25892639160156,103.83451539633968,102.80184043566848,103.01345394538203,309300,VBR
2017-04-11,103.93609619140625,103.93609619140625,102.68334132437373,102.98806530668077,251700,VBR
2017-04-12,102.58180236816406,103.80069221255025,102.44636657549113,103.80069221255025,341600,VBR
2017-04-13,101.3290023803711,102.59021696761799,101.30360979493939,102.42939510724017,316100,VBR
2017-04-17,102.49713134765625,102.53945663891733,101.36288587070617,101.5998920027296,296800,VBR
2017-04-18,102.5140609741211,102.63256403658028,101.76071730937379,102.14161908757364,302100,VBR
2017-04-19,102.66641998291016,103.38590468626774,102.48866539440527,102.86956716149682,328900,VBR
2017-04-20,103.72450256347656,103.84300563954953,102.86958197929302,103.03887670077819,438100,VBR
2017-04-21,103.5213623046875,103.76682836593508,103.21663824349234,103.6229326864634,423800,VBR
2017-04-24,104.72330474853516,104.89259298934418,104.4016480498926,104.79102262803174,410200,VBR
2017-04-25,105.485107421875,105.89140175477164,105.25656120893015,105.34967167228812,347800,VBR
2017-04-26,105.89141082763672,106.4331409565361,105.36661339785248,105.39200598859269,359000,VBR
2017-04-27,105.6290054321289,106.15380928665392,105.25656357034136,106.06915871229702,347200,VBR
2017-04-28,104.4101333618164,105.7475326640705,104.3847407668766,105.7136737181729,376900,VBR
2017-05-01,104.6978988647461,105.09573328386007,104.03766576831508,104.6978988647461,486000,VBR
2017-05-02,104.32546997070312,104.97723679961805,104.01227962240598,104.76562327026572,320200,VBR
2017-05-03,103.86836242675781,104.20694529507522,103.50438697345454,104.0122580469651,690800,VBR
2017-05-04,103.45364379882812,103.96998142957665,102.81880308475377,103.96998142957665,409900,VBR
2017-05-05,104.35932159423828,104.35932159423828,103.42822342194914,103.75833998796136,241700,VBR
2017-05-08,103.90222930908203,104.35084889930637,103.47053595749964,104.21541961637618,303400,VBR
2017-05-09,103.49594116210938,104.1392480937682,103.22507610529497,104.02074503503268,346100,VBR
2017-05-10,104.11385345458984,104.19003122316379,103.34357713003703,103.43668759691555,318200,VBR
2017-05-11,103.43672180175781,104.181605783107,102.57334118275277,103.75837859658928,285900,VBR
2017-05-12,102.708740234375,103.5044091769158,102.52252575188878,103.14889999498872,205900,VBR
2017-05-15,103.33512878417969,103.80067471265428,103.08965629479506,103.08965629479506,237100,VBR
2017-05-16,103.08965301513672,103.5975242200122,102.58178181026123,103.43669586292742,272000,VBR
2017-05-17,100.88040161132812,102.22626055340082,100.74496585321816,101.69299678619073,1358700,VBR
2017-05-18,100.85502624511719,101.26978702377981,100.18632660559706,100.72805681468844,397100,VBR
2017-05-19,101.76071166992188,102.25165659172094,101.06661957486988,101.12587110281582,221800,VBR
2017-05-22,102.3616943359375,102.45480480335797,101.82843057901935,102.06543669320519,213600,VBR
2017-05-23,102.60716247558594,102.86956116838707,101.96385557995234,102.54791094953626,346400,VBR
2017-05-24,102.8018569946289,103.15737265624105,102.36170366501639,102.78493075261541,188400,VBR
2017-05-25,102.8018569946289,103.52980810193385,102.52253202484253,103.10658101433484,211400,VBR
2017-05-26,102.63257598876953,102.801864252588,102.23474146506952,102.59025069384826,187000,VBR
2017-05-30,102.05697631835938,102.53945492417664,101.82843653999652,102.3363077369727,262300,VBR
2017-05-31,101.90460968017578,102.30244414473079,100.82114945377292,102.26858520541415,353700,VBR
2017-06-01,103.66523742675781,103.67370377620479,101.91307765131565,102.2601204834523,445600,VBR
2017-06-02,103.83453369140625,104.47784068250346,103.47902448235239,103.86839263387799,478400,VBR
2017-06-05,103.26739501953125,103.82605779731311,103.24200243107425,103.78373251126347,256100,VBR
2017-06-06,102.90343475341797,103.33512819490385,102.40402988533135,102.73414650001676,281000,VBR
2017-06-07,102.83568572998047,103.34355679433239,102.53942814726942,103.04729921162134,230300,VBR
2017-06-08,103.79220581054688,104.2577516986086,102.51405828985318,102.75953075792894,290200,VBR
2017-06-09,104.81642150878906,105.22271589428696,103.96150098815187,104.04614511363619,308500,VBR
2017-06-12,104.9603271484375,105.49359100183563,104.68946204637177,104.85029042063792,259200,VBR
2017-06-13,105.5528335571289,105.6713366255756,104.8418151464487,105.18039810969621,279300,VBR
2017-06-14,104.9941635131836,105.60361147624575,104.5116849520814,105.51896736091646,277300,VBR
2017-06-15,104.54556274414062,104.87567937401239,104.03769150264047,104.08847668941051,178700,VBR
2017-06-16,104.29161834716797,104.29161834716797,103.7244955986235,104.22390046312098,192700,VBR
2017-06-19,104.85873413085938,105.04495507065307,104.41011448022859,104.58786907059554,534400,VBR
2017-06-20,103.6229248046875,104.55402316176978,103.6229248046875,104.52863056825721,307700,VBR
2017-06-21,102.85265350341797,103.9107212724822,102.74261032235806,103.8937885717346,305100,VBR
2017-06-22,103.04733276367188,103.35205679308689,102.54792788420082,102.87804450641156,241600,VBR
2017-06-23,103.6059799194336,103.67369779523784,102.8526363104245,103.10656865779232,246400,VBR
2017-06-26,104.13925170898438,104.41858312481475,103.51287745421868,103.84299405186091,264100,VBR
2017-06-27,103.58059692382812,104.52862144116267,103.52980528330473,104.13925330612417,398700,VBR
2017-06-28,104.84613037109375,105.16039281054665,104.03922578724692,104.03922578724692,315100,VBR
2017-06-29,104.34502410888672,105.21987350890927,103.39373457729276,105.10096231746003,326200,VBR
2017-06-30,104.39600372314453,104.83767299226943,104.18366135756675,104.64231516466099,299500,VBR
2017-07-03,105.43221282958984,105.72100177210895,104.65929010729734,104.83765688936484,172600,VBR
2017-07-05,104.82068634033203,105.2963311559778,104.32805050688486,105.24537106292277,386600,VBR
2017-07-06,103.52961730957031,104.4894022287026,103.34275503784102,104.33651550457618,363200,VBR
2017-07-07,104.35352325439453,104.38749880744632,103.41072271777338,103.77595181286242,351900,VBR
2017-07-10,103.96280670166016,104.54886712953652,103.84389551454474,103.96280670166016,212000,VBR
2017-07-11,104.06472778320312,104.22611003005943,103.31728510334659,104.0052721891256,168800,VBR
2017-07-12,104.81218719482422,105.40674319375246,104.51490919536009,104.6083403495023,282800,VBR
2017-07-13,105.1009521484375,105.14342320420606,104.48940523434068,104.84614525434601,171300,VBR
2017-07-14,105.39824676513672,105.72950679613307,105.07548872284647,105.09247973991003,222700,VBR
2017-07-17,105.6700439453125,105.88238628281516,105.10945706382198,105.43221508396346,205800,VBR
2017-07-18,105.32180786132812,105.52565470725605,104.89712315220987,105.41523901574809,183100,VBR
2017-07-19,106.4004898071289,106.4004898071289,105.4916649115143,105.52564046127799,262400,VBR
2017-07-20,106.46845245361328,106.64681924908712,106.10322335425992,106.41749236352767,398700,VBR
2017-07-21,106.01828002929688,106.45994923177801,105.65305095640576,106.3580290589913,275600,VBR
2017-07-24,106.01828002929688,106.04376007249355,105.64455544861562,105.96731994290353,188800,VBR
2017-07-25,107.00354766845703,107.19889897929593,106.493920902398,106.57886301685684,203300,VBR
2017-07-26,106.17118072509766,107.08000577289751,106.0862450765525,107.06302123525832,189200,VBR
2017-07-27,105.9503402709961,106.30708035446553,105.41523986605362,106.2985848457658,190800,VBR
2017-07-28,105.58511352539062,105.81444690420186,105.18590884982444,105.67854468265823,160300,VBR
2017-07-31,105.45768737792969,105.90785203586478,105.05848280046331,105.8314054349887,275000,VBR
2017-08-01,105.7125015258789,105.86538825796572,105.21137675303366,105.86538825796572,207800,VBR
2017-08-02,104.98204040527344,105.71249849539544,104.59982682610011,105.57660278197704,307700,VBR
2017-08-03,104.54037475585938,105.3132974473697,104.31953692392493,104.99903495441238,213300,VBR
2017-08-04,105.09248352050781,105.12645259550831,104.66779880108152,104.78671000410692,191800,VBR
2017-08-07,105.09248352050781,105.3727705103965,104.69327884741917,105.14344361318311,177300,VBR
2017-08-08,104.72721862792969,105.82289912721308,104.54884540414908,105.00750552207279,270400,VBR
2017-08-09,103.90333557128906,104.4554268461549,103.64852221975939,104.23458904017401,296000,VBR
2017-08-10,102.34049987792969,103.62304926940108,102.2895397962067,103.62304926940108,554700,VBR
2017-08-11,102.32355499267578,102.46794626695545,101.86489463892656,102.21313279925843,276300,VBR
2017-08-14,103.51264190673828,103.70799322247046,102.41695470054354,102.9690460574876,210100,VBR
2017-08-15,102.89261627197266,103.86089694177926,102.81617613075491,103.74198573532405,283500,VBR
2017-08-16,103.05397033691406,103.5466060460612,102.94354818959003,103.12192143062532,363900,VBR
2017-08-17,101.28728485107422,103.12192557395419,101.27878934397573,102.7906655988454,294600,VBR
2017-08-18,101.13440704345703,101.63553832369222,100.69273783798214,101.15988708682642,348400,VBR
2017-08-21,101.12590789794922,101.30427467529259,100.76067883572036,101.09193234795426,255600,VBR
2017-08-22,102.08570861816406,102.17064426076348,101.41470602533256,101.41470602533256,236400,VBR
2017-08-23,101.92431640625,102.32352101566892,101.16837824465087,101.5760718813787,180500,VBR
2017-08-24,102.06871032714844,102.64628172790508,101.92431909700271,102.34900375990688,180500,VBR
2017-08-25,102.63777923583984,102.87560807422817,102.32351675398705,102.416947891882,163400,VBR
2017-08-28,102.63777923583984,103.15589500773979,102.29803671277446,102.94355269073729,224300,VBR
2017-08-29,102.56134033203125,102.68874701978272,101.81389770015504,102.02624001968306,170400,VBR
2017-08-30,103.0964584350586,103.19838509888325,102.34901567420108,102.53587798445908,400000,VBR
2017-08-31,103.92034912109375,104.03926032363114,103.40223324710604,103.43620880214165,182100,VBR
2017-09-01,104.54037475585938,104.64229492431106,104.06472354244877,104.06472354244877,192200,VBR
2017-09-05,103.1814193725586,104.74425628840913,102.90962136631607,104.44697823160882,363700,VBR
2017-09-06,103.47866821289062,103.76745067791077,103.2578303701157,103.60607490988284,293600,VBR
2017-09-07,103.02850341796875,103.58058830420758,102.71423442966032,103.58058830420758,148800,VBR
2017-09-08,103.35125732421875,103.49564855087267,102.66327026060719,102.73121488009674,169700,VBR
2017-09-11,104.54037475585938,104.75271708036502,104.07321904987757,104.07321904987757,199600,VBR
2017-09-12,105.37276458740234,105.41523564902751,104.71025749916473,104.7782086056953,171000,VBR
2017-09-13,105.48319244384766,105.64456823034239,105.21988351188602,105.24537003834001,156500,VBR
2017-09-14,105.33878326416016,105.52564555679668,105.16891198731268,105.33029423643947,179000,VBR
2017-09-15,105.82290649414062,105.83140200066738,105.04998388469726,105.26232618665694,182700,VBR
2017-09-18,106.35803985595703,106.45147101061202,105.9163641284653,105.99281074598959,307400,VBR
2017-09-19,106.256103515625,106.48543686713744,106.11171228255351,106.42598127233306,187800,VBR
2017-09-20,106.58733367919922,106.66378027300576,106.14566456891083,106.34101584609078,1106500,VBR
2017-09-21,106.35803985595703,106.64682234840019,106.29858425573788,106.55339119374518,1308300,VBR
2017-09-22,106.79969787597656,106.86764897770493,106.24760651473761,106.24760651473761,578500,VBR
2017-09-25,107.25836181640625,107.39426402458153,106.73175696016195,106.85066815222834,255300,VBR
2017-09-26,107.6151123046875,107.83595018759077,107.26687418181598,107.34331432579692,239300,VBR
2017-09-27,108.70506286621094,108.84162362870515,107.38209507116794,108.14173262722147,291700,VBR
2017-09-28,109.0208511352539,109.02938170452732,108.15025118987897,108.60261881299823,397800,VBR
2017-09-29,109.07208251953125,109.25132218857053,108.90137342147986,109.03794069992098,275200,VBR
2017-10-02,110.19869995117188,110.19869995117188,108.99522562883973,109.20007647852441,972100,VBR
2017-10-03,110.40355682373047,110.40355682373047,109.81462199455586,110.32672961105243,338300,VBR
2017-10-04,110.12190246582031,110.53159120354849,109.92558215452189,110.27553085855457,368400,VBR
2017-10-05,110.46328735351562,110.73642181117695,110.17309176007628,110.4888920809504,309400,VBR
2017-10-06,110.22431182861328,110.36940963930464,109.93411620723056,110.16457180010225,401200,VBR
2017-10-09,109.8573226928711,110.53160241342792,109.69515069046881,110.3865045754289,234900,VBR
2017-10-10,110.18165588378906,110.5145304655859,109.94266967243603,110.26701368374589,328600,VBR
2017-10-11,110.0962905883789,110.31820259362732,109.92557502028241,110.24138840224549,190300,VBR
2017-10-12,110.00240325927734,110.17310580519333,109.54149205915779,109.8914407437357,325200,VBR
2017-10-13,110.0109634399414,110.49747950171559,109.95122339348681,110.19874019812377,261400,VBR
2017-10-16,110.01947784423828,110.54012913836821,109.89998474511523,110.17311927097992,179600,VBR
2017-10-17,109.78047943115234,110.1901811743635,109.6183074524358,110.02800919564694,218500,VBR
2017-10-18,110.10482788085938,110.3267398996589,109.89144643147786,110.0792231488352,229700,VBR
2017-10-19,110.17311096191406,110.19871569381144,109.33665933113646,109.58417608073441,309500,VBR
2017-10-20,110.62550354003906,110.7279224907273,110.48893625660611,110.61697296873938,223900,VBR
2017-10-23,109.92559814453125,110.71085345640952,109.8061050359884,110.71085345640952,210900,VBR
2017-10-24,110.24994659423828,110.46332808405226,110.01949093858285,110.1902065494521,231000,VBR
2017-10-25,109.65248107910156,110.15605826959407,108.90991114992046,110.09631822477978,255100,VBR
2017-10-26,110.03653717041016,110.19017857643436,109.78902043552078,109.96825354815154,245300,VBR
2017-10-27,110.49746704101562,110.49746704101562,109.4476208230846,110.02802519849827,201900,VBR
2017-10-30,109.45616912841797,110.30969505199766,109.16596692822014,110.02802993436372,231200,VBR
2017-10-31,110.0109634399414,110.24141910203302,109.6354099235767,109.7207677313952,174600,VBR
2017-11-01,109.7548828125,110.81325952503573,109.33666349307654,110.65961810403304,270600,VBR
2017-11-02,110.14751434326172,110.50599363999986,109.5585794187023,109.77196088274435,262500,VBR
2017-11-03,109.88288879394531,110.0962701907633,109.67803796444397,110.00238185521272,209400,VBR
2017-11-06,110.17311096191406,110.41209714213625,109.76342222778607,109.8999764566487,198800,VBR
2017-11-07,109.19154357910156,110.31819724796713,108.94402034350205,110.16456887264778,376900,VBR
2017-11-08,109.28544616699219,109.38787812709045,108.44899446485474,108.97818284612526,265600,VBR
2017-11-09,108.90137481689453,109.44763091388597,108.18441613155065,108.61971619730163,483000,VBR
2017-11-10,108.78185272216797,109.09765958956106,108.64529199024433,108.78185272216797,256100,VBR
2017-11-13,108.85869598388672,108.99525674411025,108.1417308290839,108.3465817372481,278100,VBR
2017-11-14,108.61116790771484,108.77333990823705,108.27829333645344,108.4575329892953,478800,VBR
2017-11-15,108.08197021484375,108.46606073376985,107.40768404826626,107.91980474016772,369600,VBR
2017-11-16,109.33665466308594,109.5670972403237,108.43191293273426,108.52580128693948,282300,VBR
2017-11-17,109.74635314941406,109.97680877093663,109.02085749387716,109.02085749387716,556000,VBR
2017-11-20,110.19017028808594,110.19870085631314,109.54148243730708,109.84022163424665,239800,VBR
2017-11-21,110.8388671875,110.92422498184321,110.42917842694852,110.46331373042328,171400,VBR
2017-11-22,110.82179260253906,111.35098748266743,110.7876572991941,110.95835986346063,246100,VBR
2017-11-24,110.6937484741211,111.13758547818982,110.61693428796546,111.13758547818982,79600,VBR
2017-11-27,110.55720520019531,110.9498328319236,110.53160046592731,110.79619140254427,169600,VBR
2017-11-28,112.23013305664062,112.32402143309756,110.76206736500802,110.8644863124983,185700,VBR
2017-11-29,113.1348648071289,113.32264155393088,112.324017777087,112.56300399596729,428200,VBR
2017-11-30,113.49333953857422,114.03959559157138,113.2287485943716,113.5872279081724,288900,VBR
2017-12-01,113.17753601074219,113.55307645503181,110.71084675782,113.45918808801659,476300,VBR
2017-12-04,113.61284637451172,114.94434485063255,113.56163689831834,114.25299087447544,334000,VBR
2017-12-05,112.53740692138672,113.88596652383214,112.50325858849494,113.88596652383214,379000,VBR
2017-12-06,111.99964904785156,112.53737443359329,111.93989599442725,112.34959772821584,203500,VBR
2017-12-07,112.74221801757812,113.04948782168118,112.02525948259431,112.07646894598317,190500,VBR
2017-12-08,113.06655883789062,113.40796393349638,112.66540068748061,113.2287308166227,244600,VBR
2017-12-11,112.91293334960938,113.32263515063009,112.78490967664753,113.15193257875717,275400,VBR
2017-12-12,112.77635955810547,113.37382496798382,112.7336806665922,113.22872715585402,202700,VBR
2017-12-13,112.81050109863281,113.46771959774615,112.75076106622426,112.75076106622426,296300,VBR
2017-12-14,111.53874206542969,112.98974630246376,111.3851136772843,112.87025321487187,276500,VBR
2017-12-15,112.84463500976562,113.45063094456457,112.0679235212735,112.0679235212735,470400,VBR
2017-12-18,114.25296020507812,114.39805802326791,113.64695117732579,113.64695117732579,292500,VBR
2017-12-19,113.5445327758789,114.602909425152,113.47624915104485,114.40658911984046,281600,VBR
2017-12-20,113.83474731445312,114.33833750324794,113.4335890918018,113.92863568621772,282000,VBR
2017-12-21,114.24883270263672,114.54091619103971,113.93956397712323,114.15433356127163,350800,VBR
2017-12-22,114.1972885131836,114.32615814177194,113.88803286496304,114.24884422971681,262600,VBR
2017-12-26,114.32615661621094,114.68696797615006,114.19728698934222,114.2144722279573,227200,VBR
2017-12-27,114.30034637451172,114.73847149622081,114.14570549664911,114.47215937664322,255500,VBR
2017-12-28,114.74706268310547,114.74706268310547,114.13711149321158,114.4549661804641,259600,VBR
2017-12-29,114.06839752197266,115.09928869666506,114.05121228832158,114.90170438940136,324300,VBR
2018-01-02,114.97900390625,114.98760307624693,114.1542963129777,114.5322927550987,665600,VBR
2018-01-03,114.96185302734375,115.17662258110116,114.62679993932865,115.0133956228866,610200,VBR
2018-01-04,115.22815704345703,115.65769612065355,115.04774486329786,115.36559958570574,347500,VBR
2018-01-05,115.59757232666016,115.90684103465516,115.03057751058692,115.90684103465516,440700,VBR
2018-01-08,115.88963317871094,116.07004535170044,115.01338293416715,115.52882194122377,314300,VBR
2018-01-09,115.68347930908203,116.20751756147358,115.66629407384964,116.10441925857293,302600,VBR
2018-01-10,115.520263671875,115.88966106038025,115.01341060502106,115.46872106961798,260700,VBR
2018-01-11,117.3071517944336,117.3501083338085,115.7693942008809,115.84672121515392,331400,VBR
2018-01-12,117.6507568359375,117.96002551219215,117.16967514142873,117.47894381768337,581100,VBR
2018-01-16,116.56832885742188,118.36379923875114,116.40510189393854,118.0545305470179,359900,VBR
2018-01-17,117.52189636230469,117.72806673381785,116.8002738450234,117.083758105854,252100,VBR
2018-01-18,116.68000793457031,117.4359878401544,116.61128010524574,117.3329026504141,282800,VBR
2018-01-19,118.0201644897461,118.02875055248337,116.70577592384265,116.70577592384265,354900,VBR
2018-01-22,118.59577941894531,118.59577941894531,117.78824360054703,118.05455581544508,254200,VBR
2018-01-23,118.77613067626953,118.98231413462102,118.08027952850868,118.64727420760687,518900,VBR
2018-01-24,118.38097381591797,119.37750763383785,118.04593385574573,119.07682503254551,255900,VBR
2018-01-25,118.37236022949219,119.22285222873802,117.90846384439777,118.91358360251144,201300,VBR
2018-01-26,118.72462463378906,118.77616723711961,118.08031587516666,118.77616723711961,223900,VBR
2018-01-29,117.88268280029297,118.72457555985737,117.83114021826717,118.43249218938459,679500,VBR
2018-01-30,116.68860626220703,117.47037065588732,116.42229408839152,117.13533064552354,1001800,VBR
2018-01-31,116.26764678955078,117.54767809649111,115.82093553927774,117.13532420835686,970900,VBR
2018-02-01,116.44806671142578,116.6714223513742,115.63194494444717,115.90684318526871,274500,VBR
2018-02-02,114.059814453125,115.77797082553967,113.89658750038676,115.72642823172608,409800,VBR
2018-02-05,109.75584411621094,113.91378644614886,109.75584411621094,113.05470815653536,681500,VBR
2018-02-06,110.97573852539062,111.40527771418715,106.9638506292985,107.69406593940302,847300,VBR
2018-02-07,110.9327621459961,111.8347836877695,110.16818314136002,110.74376391037892,360400,VBR
2018-02-08,107.7713623046875,111.10459006189554,107.74559100623433,111.0702195916289,343500,VBR
2018-02-09,108.72492980957031,109.37783104622311,105.69238495408203,108.63902330443746,649200,VBR
2018-02-12,109.80736541748047,110.3829527411058,108.13216569936256,108.98265120592657,326200,VBR
2018-02-13,109.99637603759766,110.21974477746647,108.96548473422305,109.2146182192921,288200,VBR
2018-02-14,111.72313690185547,111.88636387820908,109.24898717290532,109.30912239247023,302800,VBR
2018-02-15,112.71105194091797,112.72823717449137,111.4052494676805,112.55642416423466,257400,VBR
2018-02-16,113.1148452758789,113.81069664512258,112.51349304989644,112.51349304989644,207100,VBR
2018-02-20,112.28153991699219,113.39834441551072,111.96368511600063,112.76262170503203,621100,VBR
2018-02-21,112.09251403808594,113.82785558224596,112.07534191309368,112.43615316531644,251200,VBR
2018-02-22,111.9551010131836,113.29526119149128,111.86918793160149,112.53926802075533,175800,VBR
2018-02-23,113.25228881835938,113.27806011753209,112.27294012431418,112.59079488644035,142500,VBR
2018-02-26,113.90519714355469,114.05123889242398,112.77980658400647,113.6131136458161,300300,VBR
2018-02-27,112.30729675292969,114.47217762874466,112.30729675292969,113.99968196617677,226700,VBR
2018-02-28,110.76097106933594,112.82276708046156,110.72661370130704,112.6509540233251,281600,VBR
2018-03-01,110.39154052734375,111.55130125487999,109.53246239094418,110.6664518230678,269000,VBR
2018-03-02,111.48258209228516,111.68016640863004,109.28333743535063,109.48092830594207,309700,VBR
2018-03-05,112.54782104492188,112.88286099114133,110.99289172763437,111.00149089836562,251500,VBR
2018-03-06,113.67324829101562,113.7677343209771,112.16986124825458,112.97738384865923,201700,VBR
2018-03-07,114.06839752197266,114.26598182923635,112.90005069505662,112.90005069505662,236100,VBR
2018-03-08,113.78490447998047,114.52371225314951,113.18355236425985,114.36908446988977,182200,VBR
2018-03-09,115.46870422363281,115.52883288132871,114.09417385766918,114.33471470543886,178100,VBR
2018-03-12,115.60614776611328,115.97554506201256,115.26250865639008,115.54600600622733,210500,VBR
2018-03-13,115.11647033691406,116.2676318942451,114.91028686501467,116.09581888857498,248200,VBR
2018-03-14,114.30034637451172,115.75219049323272,114.1628907294098,115.62332091026524,162600,VBR
2018-03-15,113.93097686767578,114.68697007864341,113.63889334834612,114.57528568834232,206700,VBR
2018-03-16,114.75568389892578,115.10790915720906,113.95673424253917,113.97391947936869,156700,VBR
2018-03-19,113.7677230834961,114.55808658624001,112.80555966588565,114.52371611647196,191600,VBR
2018-03-20,113.67324829101562,114.2316439492147,113.40692300373382,114.03405960825891,258600,VBR
2018-03-21,114.13715362548828,114.89314679152267,113.66465789671679,113.69042919933199,208900,VBR
2018-03-22,111.46780395507812,113.7799913088318,111.42466362611412,113.30547401938794,250100,VBR
2018-03-23,109.3367691040039,111.94228213889134,109.21597754155972,111.61443155079151,257500,VBR
2018-03-26,111.57991790771484,111.6057994609808,109.64734522155209,110.66540125345257,302300,VBR
2018-03-27,110.03560638427734,111.90778689363668,109.56971860192213,111.90778689363668,254000,VBR
2018-03-28,110.4756088256836,110.99325312307741,109.91481763007488,110.29442476462128,1596500,VBR
2018-03-29,111.65757751464844,112.21837529448948,110.97600791311531,111.02777102657654,277000,VBR
2018-04-02,109.06930541992188,111.657566146065,108.31008464321003,111.43325495571285,740600,VBR
2018-04-03,110.83796691894531,111.13993597440012,109.37991108557044,109.65599200136391,294200,VBR
2018-04-04,111.77836608886719,111.95091419413525,109.31089000626166,109.50069687142951,265500,VBR
2018-04-05,112.71014404296875,112.97759558648765,111.80425001539608,112.2960259486355,199500,VBR
2018-04-06,110.63954162597656,112.71876808297708,109.83717382200086,112.01993967715835,225900,VBR
2018-04-09,110.40656280517578,111.83010076737506,110.38930404966463,111.29519782768837,196700,VBR
2018-04-10,112.21836853027344,112.59796906096656,111.38149647422482,111.70071109771179,184200,VBR
2018-04-11,112.20112609863281,112.59798544537941,111.71798611237924,111.71798611237924,174200,VBR
2018-04-12,112.74465942382812,113.11565040064089,112.27015536903093,112.76191818578127,178500,VBR
2018-04-13,112.35641479492188,113.3227079263531,112.04582292492205,113.1932869678498,205500,VBR
2018-04-16,113.44348907470703,113.8058440499878,112.52895909186306,112.96897190544288,188600,VBR
2018-04-17,114.10779571533203,114.49604539869848,113.76269951297994,114.00426948754166,199800,VBR
2018-04-18,114.5564193725586,115.20348455797277,114.44425719442285,114.47013874867342,237800,VBR
2018-04-19,114.02152252197266,114.65132898370177,113.58150974680422,114.34073715134929,209900,VBR
2018-04-20,113.4607162475586,114.17680328407165,113.1501244385237,113.97837365080828,182800,VBR
2018-04-23,113.55563354492188,114.08191380887104,113.10701111615384,113.60739665865847,177000,VBR
2018-04-24,113.0466079711914,114.50466372364399,112.26149900224374,113.98700627575907,217900,VBR
2018-04-25,113.201904296875,113.59876357597471,112.32189194930058,112.91719403252519,425200,VBR
2018-04-26,113.27092742919922,113.65917712568445,112.71876558803278,113.30544494934652,295900,VBR
2018-04-27,113.28817749023438,113.61602808357559,112.69287537688352,113.30543624898279,120700,VBR
2018-04-30,112.10621643066406,113.78858349093366,112.10621643066406,113.47799163637801,140400,VBR
2018-05-01,112.23563385009766,112.33917325355287,110.777577884543,111.94230073022614,274100,VBR
2018-05-02,112.28739166259766,113.02936039016767,111.91641388110119,112.12347951364761,219400,VBR
2018-05-03,111.7956314086914,112.20974951854966,110.63954455452442,111.89053484684406,178800,VBR
2018-05-04,113.17601776123047,113.70229801558403,111.02776959287283,111.52816829083,131400,VBR
2018-05-07,113.91797637939453,114.4097522366965,113.43483648318022,113.5211171066077,168300,VBR
2018-05-08,114.27169799804688,114.33209706180753,113.6850319393219,113.88346155747023,130000,VBR
2018-05-09,114.93601989746094,115.16896702362526,114.17679262082072,114.53052470785295,162600,VBR
2018-05-10,115.60899353027344,115.89370382543298,114.95330547039404,114.96192826797713,248500,VBR
2018-05-11,115.72114562988281,116.09212336225029,115.38467224941509,115.69526407481416,279700,VBR
2018-05-14,115.58312225341797,116.24744633454482,115.43645569400148,115.92821849150646,189600,VBR
2018-05-15,115.47093200683594,115.69525635523027,114.96191057168244,115.15171740590483,153000,VBR
2018-05-16,116.4285888671875,116.75643942864745,115.56583531772398,115.56583531772398,209400,VBR
2018-05-17,116.8686294555664,117.18784413228123,116.39411225735684,116.42861661514591,208600,VBR
2018-05-18,116.7737045288086,117.02389727933061,116.67880110662952,116.98939292789056,205000,VBR
2018-05-21,117.85215759277344,117.96430661891789,117.19645637265336,117.27410104411715,215500,VBR
2018-05-22,117.20507049560547,118.40429735709309,117.18781173919281,118.05056525579036,358900,VBR
2018-05-23,117.17058563232422,117.26548907217772,116.61842375442502,116.90313407398551,275600,VBR
2018-05-24,117.29135131835938,117.41213629786814,116.35095303757141,116.99801824877743,157100,VBR
2018-05-25,117.08431243896484,117.28274210730602,116.7909661708267,117.06705367858568,136400,VBR
2018-05-29,116.65290069580078,117.28270703323541,115.82465158479349,116.4458351269057,450700,VBR
2018-05-30,118.29216003417969,118.62001065201443,117.18783635414093,117.18783635414093,213300,VBR
2018-05-31,117.17058563232422,118.42157594706389,116.93763843185152,118.30942691056619,211500,VBR
2018-06-01,117.85215759277344,118.21451255751414,117.74861819957867,117.85215759277344,185000,VBR
2018-06-04,118.5510025024414,118.61138842270024,117.85217403263111,118.27491496817757,218200,VBR
2018-06-05,119.03413391113281,119.03413391113281,118.22314329362781,118.43020892934524,185200,VBR
2018-06-06,119.92274475097656,119.92274475097656,118.94782901623641,119.07724994888508,202200,VBR
2018-06-07,119.86235809326172,120.35413399201047,119.44824002797263,119.97452028025549,213600,VBR
2018-06-08,120.31964874267578,120.31964874267577,119.56042119861664,119.85375432624748,184200,VBR
2018-06-11,120.3886489868164,120.68199525837728,120.1988552787388,120.33688586965187,249500,VBR
2018-06-12,120.3627700805664,120.73376103604932,120.00041508785263,120.50943663729026,154400,VBR
2018-06-13,119.53453063964844,120.44042467932725,119.52589467711186,120.44042467932725,148800,VBR
2018-06-14,119.73295593261719,119.9227627974051,119.14628974296475,119.88825844225119,117700,VBR
2018-06-15,119.59490966796875,119.750212174337,118.7062744399557,119.28431781980852,160200,VBR
2018-06-18,120.00904083251953,120.03492238946846,118.93922154185084,119.0772652886293,181700,VBR
2018-06-19,119.90548706054688,119.90548706054689,118.66311981768347,119.20665877757988,198400,VBR
2018-06-20,120.58707427978516,120.68197770230654,119.85372845443123,120.26784649608129,260900,VBR
2018-06-21,119.6898193359375,120.47492837700476,119.3878634340803,120.47492837700476,461300,VBR
2018-06-22,119.87425994873047,120.53239484021663,119.60581575391372,120.17734977648725,173700,VBR
2018-06-25,118.40213012695312,119.5538529002312,117.80461852446543,119.44127442050554,237900,VBR
2018-06-26,118.67926788330078,118.99101255986186,118.00382328632502,118.4887565135446,214100,VBR
2018-06-27,117.25039672851562,119.25076549879164,117.25039672851562,118.87839767606246,221400,VBR
2018-06-28,117.62276458740234,117.84790831308393,116.64423041585025,117.2330871641923,507600,VBR
2018-06-29,117.588134765625,118.58399188483885,117.588134765625,117.96915743986771,183000,VBR
2018-07-02,117.8739013671875,117.8739013671875,116.5836356588058,116.94733551567134,622600,VBR
2018-07-03,118.18565368652344,118.80048816942987,118.08174321020493,118.22895412280214,138200,VBR
2018-07-05,119.25076293945312,119.25076293945312,118.15099552210043,118.74850705761831,255700,VBR
2018-07-06,120.09077453613281,120.30726354117785,119.08627559493843,119.2854417798166,249200,VBR
2018-07-09,121.01732635498047,121.11258202411936,120.49774757541601,120.51507039165143,157900,VBR
2018-07-10,120.87876892089844,121.467625745483,120.37651296310007,121.17319072647217,224300,VBR
2018-07-11,119.94352722167969,120.67959490097331,119.79631632850821,120.28124943858748,174800,VBR
2018-07-12,119.9868392944336,120.45446284840892,119.3720180464406,120.45446284840892,353100,VBR
2018-07-13,119.99552154541016,120.68827573010644,119.93489828685773,119.96087590811189,186400,VBR
2018-07-16,119.42393493652344,120.14267963985857,119.06023518545625,120.10803401779506,195100,VBR
2018-07-17,119.83096313476562,120.03012926119571,119.3287072048423,119.3287072048423,262300,VBR
2018-07-18,120.34186553955078,120.35052033977544,119.56251068939767,119.87424205871055,165400,VBR
2018-07-19,120.83543395996094,121.01729044287342,119.77031231271165,120.09937965634693,135400,VBR
2018-07-20,120.49774169921875,121.03464326883605,120.32455318562208,120.70557584359673,289500,VBR
2018-07-23,120.52371978759766,120.84413241311479,120.08208709418105,120.45445495263701,171100,VBR
2018-07-24,119.78765869140625,121.1125699120142,119.42395886745857,121.1125699120142,164500,VBR
2018-07-25,120.168701171875,120.168701171875,119.24212203778991,119.78767847051058,484200,VBR
2018-07-26,120.95667266845703,121.37234087288859,120.17731790865724,120.17731790865724,191600,VBR
2018-07-27,119.65775299072266,121.17317547467873,119.38930883628582,121.08658783222822,540400,VBR
2018-07-30,119.37203216552734,120.24664291212746,119.31140890699672,119.77903251628163,394200,VBR
2018-07-31,120.51508331298828,120.75754991253177,119.47593885588208,119.6751050169131,248800,VBR
2018-08-01,120.07344818115234,120.48044851094245,119.4932593141712,120.41982525553446,275700,VBR
2018-08-02,120.80947875976562,120.97401246210369,119.5018903683689,119.5018903683689,268000,VBR
2018-08-03,120.9134292602539,121.45031770200875,120.49776090524495,120.87012882159397,226500,VBR
2018-08-06,121.50225067138672,121.63215196355533,120.79217381858955,120.94803951306834,253600,VBR
2018-08-07,121.736083984375,122.24699480244601,121.6841287436815,121.87464010185012,174500,VBR
2018-08-08,121.61483001708984,121.76204091184987,120.99999560868133,121.67544004978568,205800,VBR
2018-08-09,121.52821350097656,122.04779217956207,121.51090390154248,121.62346915160275,149900,VBR
2018-08-10,120.88745880126953,121.50228014097182,120.6016917453112,120.96539166741104,158200,VBR
2018-08-13,120.22929382324219,121.16452762402324,119.86559399184446,120.94803868532678,180600,VBR
2018-08-14,121.35504913330078,121.64947094341609,120.48043850439213,120.49774810726669,307200,VBR
2018-08-15,120.23799133300781,120.97404597707586,119.4932686726664,120.9480683551346,297600,VBR
2018-08-16,121.29444885253906,121.73608160323423,120.65363673182985,120.65363673182985,173000,VBR
2018-08-17,122.0304946899414,122.07379512438149,120.98269552905322,121.0866060009595,167400,VBR
2018-08-20,122.48944091796875,122.75788509228695,122.02183061648485,122.22099674365055,209300,VBR
2018-08-21,123.5892333984375,123.88365524820472,122.67997701444902,122.72327745434163,185800,VBR
2018-08-22,123.45935821533203,123.82305816430997,123.27750163412283,123.49399064280782,143400,VBR
2018-08-23,122.93974304199219,123.45932179493708,122.72325409717125,123.39869854793767,219400,VBR
2018-08-24,123.31209564208984,123.4073513047707,122.97437342230067,123.1648847476624,159100,VBR
2018-08-27,123.64115142822266,124.28196339082425,123.49394054764562,123.693106655081,382100,VBR
2018-08-28,123.5545425415039,124.02216597969638,123.15621035253102,123.83165468464526,189700,VBR
2018-08-29,123.77971649169922,123.98753741421453,123.08694925196401,123.61518278575055,183600,VBR
2018-08-30,123.17353820800781,123.7623817161412,122.99168170494616,123.56321561350018,183400,VBR
2018-08-31,123.42469024658203,123.56324635830099,122.76656853607406,122.96573468827127,122200,VBR
2018-09-04,122.9656982421875,123.52856411073934,122.35086393706553,123.26011998224742,212700,VBR
2018-09-05,123.13892364501953,123.28613455918831,122.24699014459571,122.68862288710208,202600,VBR
2018-09-06,122.52410888671875,123.6238634005002,122.46348562936889,123.29480913332851,299200,VBR
2018-09-07,122.1343994140625,122.64532337491106,121.74472194931516,122.29893312912925,187500,VBR
2018-09-10,122.34220886230469,122.86178751936313,122.24695321562511,122.5760205793244,153700,VBR
2018-09-11,122.42015075683594,122.70591771802356,121.77935200759866,122.16902942251446,155800,VBR
2018-09-12,122.24697875976562,122.45481290870386,121.63215754099166,122.29893399364096,133200,VBR
2018-09-13,122.43746948242188,122.83581489747212,122.21232576904937,122.55870274553548,143700,VBR
2018-09-14,122.94840240478516,123.10428132182693,122.16904745988747,122.4548144632665,160500,VBR
2018-09-17,122.1517333984375,123.0956221293017,122.03050010468831,122.92243359729402,1058200,VBR
2018-09-18,122.46347045898438,122.7146050462686,121.93523688033231,122.35955998890108,213600,VBR
2018-09-19,122.20368957519531,123.08696827268733,122.04782385922277,122.4981246166514,207800,VBR
2018-09-20,123.24280548095703,123.32073831256085,122.53271555718807,122.71457204436396,179000,VBR
2018-09-21,123.0176773071289,123.73642219782128,122.92242164177361,123.4506552017554,144000,VBR
2018-09-24,122.16038513183594,122.93974002871455,121.71873923862664,122.93974002871455,172900,VBR
2018-09-25,121.89189910888672,122.31622208747744,121.84861190190315,122.31622208747744,154400,VBR
2018-09-26,120.9480972290039,122.18642142873253,120.89614197271814,121.96993238524678,155700,VBR
2018-09-27,120.92208099365234,121.54557029690314,120.73156963913469,121.11259234817,133600,VBR
2018-09-28,121.3600845336914,121.61262191576047,120.59374220805674,120.6111627030787,138900,VBR
2018-10-01,120.22802734375,121.65620273813752,119.92324167379525,121.62137502566635,790600,VBR
2018-10-02,119.67066955566406,120.65472167856608,119.51392494561556,120.28025407465144,464400,VBR
2018-10-03,120.34123229980469,120.88986507072237,119.7664754243621,120.14094306913131,302400,VBR
2018-10-04,119.27880096435547,120.2628531385871,118.88692613084751,120.11479883744622,265800,VBR
2018-10-05,118.45149993896484,119.47908336767365,117.83319853047612,119.32233875839096,304500,VBR
2018-10-08,118.8085708618164,119.03499752986903,118.00740049228017,118.17286204571863,211800,VBR
2018-10-09,118.1292953491211,118.93047885682495,118.05963992822709,118.62567991663668,465500,VBR
2018-10-10,115.3600082397461,117.93768345300808,115.29033954642217,117.876731651315,464200,VBR
2018-10-11,112.86070251464844,115.44709455517186,112.83457841629522,114.87233781551238,643800,VBR
2018-10-12,112.59947204589844,114.706900582201,111.35417215736082,114.34114983999447,466700,VBR
2018-10-15,113.20905303955078,113.94927139383418,112.48625518328313,112.59075159548442,326400,VBR
2018-10-16,115.49063110351562,115.62996849302131,112.99132813600228,113.86216688849555,302800,VBR
2018-10-17,115.11616516113281,115.42966761180195,113.87957585236666,115.33387482721017,361700,VBR
2018-10-18,113.37450408935547,115.0900575670748,113.01745699668496,114.8026791720921,220600,VBR
2018-10-19,112.74751281738281,114.15826757537373,112.39918257450385,113.47031069490632,312900,VBR
2018-10-22,112.1204833984375,113.37449326115905,112.04211110400342,113.07841129022316,443500,VBR
2018-10-23,111.07550811767578,111.81571323499799,109.31640975942307,110.68362661300819,417500,VBR
2018-10-24,107.6443862915039,111.21482409883053,107.57471759185536,111.00582464385779,542100,VBR
2018-10-25,109.46443176269531,110.04789879351141,107.87080184800058,108.29751098900837,364700,VBR
2018-10-26,108.33233642578125,109.46442275793567,106.73869999820958,108.31491593102555,482900,VBR
2018-10-29,108.28009796142578,110.70103551275467,107.25251451048094,109.49057005907676,264700,VBR
2018-10-30,110.1436996459961,110.23948580614909,108.20172610522616,108.31493276284196,262400,VBR
2018-10-31,110.3788070678711,111.32801807761243,110.29172452521156,111.11030839897758,277800,VBR
2018-11-01,112.26852416992188,112.38173745362916,110.68359799376837,110.70101848847966,323500,VBR
2018-11-02,112.46012115478516,113.13937435003754,111.5892823621082,112.76492004740027,354800,VBR
2018-11-05,113.00875854492188,113.44417795936396,112.30338121959707,112.62558733414149,443000,VBR
2018-11-06,113.65316009521484,113.83604207879326,112.8519900424725,112.89553463741447,196700,VBR
2018-11-07,115.26419830322266,115.29902600073213,113.60089337836578,114.29756692003835,200900,VBR
2018-11-08,114.9420166015625,115.40356009692893,114.49788031466414,114.82009970255902,154300,VBR
2018-11-09,113.70543670654297,114.61110327725832,112.97392196287099,114.29760075509792,306600,VBR
2018-11-12,112.21629333496094,113.7838059028885,112.13792102855109,113.64446849952913,192900,VBR
2018-11-13,112.15531921386719,113.55737016348814,112.03340231772384,112.5210831902423,240200,VBR
2018-11-14,111.34544372558594,113.33965862747783,110.59652186490422,113.03487303605014,255600,VBR
2018-11-15,112.5210952758789,112.69526039079821,110.34399147554812,110.6749078514841,391300,VBR
2018-11-16,112.66912078857422,112.85198948330178,111.71119285637613,111.8418133526101,176400,VBR
2018-11-19,111.31930541992188,112.86069353991155,110.8838860980672,112.41655732733615,217400,VBR
2018-11-20,109.29027557373047,110.64878205240025,108.96806280769869,110.02177701794552,474900,VBR
2018-11-21,110.47461700439453,111.45866251272462,109.67344685722456,109.76923966220936,224800,VBR
2018-11-23,110.36141967773438,111.07550732911105,109.73441458989657,109.73441458989657,102900,VBR
2018-11-26,111.46735382080078,111.92019366632212,110.8751832378689,111.26705799605634,484300,VBR
2018-11-27,110.63137817382812,111.44996889194915,110.31787562833385,111.04937713850467,376900,VBR
2018-11-28,112.62556457519531,112.66039227461658,109.89983533945019,110.91872161277146,401800,VBR
2018-11-29,112.27723693847656,112.89553831573049,111.45865300747008,112.19016103370028,252000,VBR
2018-11-30,112.97393035888672,113.16551598599784,112.01601551127857,112.12051193044918,264600,VBR
2018-12-03,113.80120849609375,114.69818468886824,112.53849488824251,114.27146889136935,299700,VBR
2018-12-04,109.69084930419922,113.99278825645744,109.53409806179482,113.62703757217136,365300,VBR
2018-12-06,109.28155517578125,109.3338100197816,106.59937681878418,108.3062200074087,701200,VBR
2018-12-07,107.55729675292969,110.08273047738922,106.9477056365581,109.2902640192979,562500,VBR
2018-12-10,106.69518280029297,107.83598631670942,105.35409669453799,107.47893916623495,816700,VBR
2018-12-11,106.51228332519531,108.36717407894166,105.99849166174499,108.01883725688823,669300,VBR
2018-12-12,107.2612075805664,108.49779701490537,107.24379372885944,107.60954441045732,578000,VBR
2018-12-13,106.01589965820312,107.62694989675927,105.83302433161835,107.41795047265836,406400,VBR
2018-12-14,104.65741729736328,106.13784074190178,104.30908041512674,105.18862954787997,557900,VBR
2018-12-17,102.32355499267578,104.97961588624489,101.86201150978697,104.27423196796853,770000,VBR
2018-12-18,102.28002166748047,103.94332708273393,101.94039504287421,103.08990207476613,978300,VBR
2018-12-19,100.39900970458984,103.32502871063775,99.93746618682168,102.32356272538198,1071700,VBR
2018-12-20,99.00565338134766,100.78216511679621,98.01289780035759,100.04194691071366,1368800,VBR
2018-12-21,97.11593627929688,100.27708525261576,96.88952298375436,99.38012238650211,1348200,VBR
2018-12-24,94.69206237792969,97.06945163628474,94.6394218843641,96.65713568388625,818800,VBR
2018-12-26,98.832763671875,98.89417200731599,94.36747747592939,94.83242725755493,1520700,VBR
2018-12-27,99.18366241455078,99.95566054921196,96.0167325579685,97.61335593691805,1585800,VBR
2018-12-28,99.32402038574219,100.67501032284466,98.67484566295468,99.5170199043291,1361300,VBR
2018-12-31,100.0609359741211,100.07848503837471,98.4994039058976,99.85916858625328,1844500,VBR
2019-01-02,100.28022766113281,100.69254356017709,98.41165436000179,98.78010430225208,555500,VBR
2019-01-03,99.05207824707031,100.54342733285175,98.50817107697029,99.88547802565292,466600,VBR
2019-01-04,102.33304595947266,102.54358785490379,100.11356479382725,100.13110716302727,443800,VBR
2019-01-07,103.56121826171875,104.3156672969702,102.16636232240275,102.42077017782532,594500,VBR
2019-01-08,104.98240661621094,105.00872352182071,103.65773995179686,104.34200626968122,393300,VBR
2019-01-09,105.9298324584961,106.22809958155412,105.0087008033937,105.33329151937397,341500,VBR
2019-01-10,106.55270385742188,106.57025292160333,105.11398847286115,105.29821348872487,241400,VBR
2019-01-11,106.7807846069336,106.95623507389152,105.90351888613131,106.15792674832473,427200,VBR
2019-01-14,106.19302368164062,106.85097300632735,105.94738364496533,106.14915771612552,371300,VBR
2019-01-15,106.71063232421875,106.72818139174755,105.98249996096224,106.33340768844799,337300,VBR
2019-01-16,107.60543060302734,107.8422894337067,106.81589001241755,106.81589001241755,947500,VBR
2019-01-17,108.61426544189453,108.9388561641621,107.27204997612263,107.27204997612263,380300,VBR
2019-01-18,109.8687515258789,110.13193390621109,108.92130968129615,109.12307703894567,694100,VBR
2019-01-22,108.28968048095703,109.614346873044,107.76331570494229,109.26344594637571,668100,VBR
2019-01-23,108.06160736083984,109.00028154992778,107.30715819656274,108.5704231587025,294800,VBR
2019-01-24,108.80728149414062,109.00028105058419,108.00019852447414,108.00019852447414,295900,VBR
2019-01-25,109.96524810791016,110.20211358196512,109.49152385280597,109.50029838336506,281300,VBR
2019-01-28,109.85999298095703,109.95648605603468,108.93886126488326,109.13186080105159,581700,VBR
2019-01-29,109.95646667480469,110.31614878208467,109.67574195158838,109.94769883780177,326200,VBR
2019-01-30,110.79865264892578,111.32501069261312,109.57047941831821,110.36001983035206,253900,VBR
2019-01-31,111.22850799560547,111.30745868821815,110.37755927919521,110.6670585381193,397400,VBR
2019-02-01,111.58819580078125,111.78996985930412,111.07061224375434,111.43906223618092,418000,VBR
2019-02-04,112.5444107055664,112.5444107055664,111.13201908685477,111.69346859912699,450000,VBR
2019-02-05,112.930419921875,113.044468756608,112.26370274915827,112.64092060863901,385100,VBR
2019-02-06,112.82512664794922,113.0268939830315,112.44789548826276,112.83389448477526,453000,VBR
2019-02-07,112.28124237060547,112.65846691385663,111.36888518011416,112.30756596544245,245000,VBR
2019-02-08,112.05316925048828,112.4567107357527,111.26362865192435,111.85139516135247,231200,VBR
2019-02-11,112.69357299804688,112.73742558018539,111.98298313341549,112.28125029923068,375700,VBR
2019-02-12,113.86908721923828,114.03576983914338,113.24622270054216,113.29008866146644,321400,VBR
2019-02-13,114.36912536621094,114.60599085400005,113.83399275217616,114.13227326443413,207900,VBR
2019-02-14,114.26385498046875,114.75512162019676,113.57958881998874,113.80767307814476,288100,VBR
2019-02-15,115.5973129272461,115.74644650010383,114.79023003447965,114.87794857885957,297900,VBR
2019-02-19,115.97451782226562,116.28156615832546,115.0972521603937,115.2288500412815,298400,VBR
2019-02-20,116.59739685058594,116.7202135231005,115.7990817862346,116.02716606775783,294500,VBR
2019-02-21,116.30789184570312,116.49211015244951,115.84294208065963,116.36052564763067,368500,VBR
2019-02-22,117.07110595703125,117.17638694439121,116.52720550205221,116.6587900037367,214100,VBR
2019-02-25,116.77283477783203,117.68518519188648,116.65878595632076,117.57114975638711,274800,VBR
2019-02-26,115.89559173583984,116.8605895232215,115.86927483127621,116.60617493108701,252200,VBR
2019-02-27,116.06224822998047,116.1675158245092,115.38674993106098,115.57098160749776,217800,VBR
2019-02-28,115.66749572753906,116.17629808828295,115.51834876875431,115.98331193635333,193700,VBR
2019-03-01,116.49211120605469,116.86934243330171,115.59730979316821,116.50089243046384,242200,VBR
2019-03-04,115.9482192993164,116.86935106746962,115.07095349841123,116.67635152038937,329800,VBR
2019-03-05,115.43937683105469,115.97450938128846,115.26392638865245,115.97450938128846,240400,VBR
2019-03-06,113.74626922607422,115.430617694917,113.74626922607422,115.4043007958735,234800,VBR
2019-03-07,112.667236328125,113.73750163757308,112.43038420833894,113.65855093097773,319800,VBR
2019-03-08,112.47423553466797,112.50932027102827,111.87768792845034,112.02682148350185,272700,VBR
2019-03-11,113.91295623779297,113.93049191382386,112.69355745303392,112.77250815320966,197900,VBR
2019-03-12,114.01822662353516,114.31649375549398,113.67609352840294,114.01822662353516,161200,VBR
2019-03-13,114.52703857421875,114.8867207199737,114.32527121348319,114.36912378919935,242800,VBR
2019-03-14,114.14981842041016,114.5270496645885,113.9480510401362,114.5270496645885,237800,VBR
2019-03-15,114.18490600585938,114.9305738145581,113.93049145829401,114.27262454369983,294800,VBR
2019-03-18,115.00955963134766,115.20255919148076,114.26387829574116,114.36914591544478,233400,VBR
2019-03-19,114.12348937988281,115.43062006526932,113.87785605975826,115.4043031656854,217700,VBR
2019-03-20,112.96551513671875,114.30773067238124,112.57951606235589,114.02699920520348,312400,VBR
2019-03-21,114.20243835449219,114.68493714959959,112.59705396006217,112.59705396006217,241100,VBR
2019-03-22,110.91270446777344,113.71117754366017,110.86883850487922,113.53572707809583,313400,VBR
2019-03-25,111.12324523925781,111.7987435801501,110.14947977132664,110.81620358112775,304600,VBR
2019-03-26,112.28124237060547,112.72864978074209,111.5355678157155,111.78997568842037,205700,VBR
2019-03-27,112.29878997802734,112.75497194105094,111.3601225349362,112.33388810611349,306700,VBR
2019-03-28,113.16246795654297,113.26823642205278,112.08725384247575,112.59842550712844,208800,VBR
2019-03-29,113.45331573486328,114.14957217745622,113.03909062293938,113.8851711669525,251000,VBR
2019-04-01,115.1190185546875,115.1718960644041,114.07023645199745,114.09668865484905,304700,VBR
2019-04-02,114.62548828125,115.16309876199684,114.22008503556887,115.14546844105581,287600,VBR
2019-04-03,115.06615447998047,115.70071156665642,114.82819221047828,115.39224145996857,379300,VBR
2019-04-04,115.99154663085938,116.05323258088922,115.14546606706439,115.14546606706439,211100,VBR
2019-04-05,116.93455505371094,116.93455505371094,116.22950363840229,116.26475082997024,248400,VBR
2019-04-08,116.77592468261719,116.82880219494537,116.23831422729066,116.65253933785343,234500,VBR
2019-04-09,115.32173156738281,116.37050020354047,115.13664683865318,116.37050020354047,265600,VBR
2019-04-10,116.5820083618164,116.64370774594686,115.49797923030572,115.50678766461378,179500,VBR
2019-04-11,116.81117248535156,117.06676506026562,116.37933050041836,116.63490962733837,200300,VBR
2019-04-12,117.5602798461914,117.80705048118166,116.90809262629374,117.43689452869629,241100,VBR
2019-04-15,117.00505828857422,117.79826127162794,116.77591793239951,117.64843717936066,211700,VBR
2019-04-16,117.33995819091797,117.52504290729136,116.78471748978994,117.40165757903983,228700,VBR
2019-04-17,116.77592468261719,117.72776024850647,116.4586461606541,117.72776024850647,150100,VBR
2019-04-18,116.64373779296875,116.96982477025338,116.2206907733622,116.83763098162306,178900,VBR
2019-04-22,115.90339660644531,116.51151484814721,115.46273277309528,116.51151484814721,290700,VBR
2019-04-23,117.4281234741211,117.61319478527989,116.03562390599441,116.03562390599441,304000,VBR
2019-04-24,117.78944396972656,118.1243528054646,117.33116323955149,117.48979577353661,226600,VBR
2019-04-25,116.48509216308594,117.42811935158205,115.90341259530298,117.33998119355623,308100,VBR
2019-04-26,117.71891784667969,117.79823409228663,116.56436755266603,116.63487536475778,414900,VBR
2019-04-29,118.03621673583984,118.4240030897438,117.78063761058165,117.87758419905765,176100,VBR
2019-04-30,117.88641357421875,118.15081463047957,116.89933064204112,118.15081463047957,207500,VBR
2019-05-01,116.82878112792969,118.27415781223813,116.82878112792969,118.16840280665191,188400,VBR
2019-05-02,116.90812683105469,117.45455920954241,115.8946052442384,116.72305552465969,254400,VBR
2019-05-03,118.71482849121094,118.83821382088823,117.37520673472015,117.41927580560325,266400,VBR
2019-05-06,118.71482849121094,118.89991320972304,117.07555856950279,117.2077657821521,287800,VBR
2019-05-07,116.72303009033203,118.07146024936235,115.97389624731875,117.76299020859405,213200,VBR
2019-05-08,116.10612487792969,117.05796048014798,116.07968612075649,116.5555971978684,253200,VBR
2019-05-09,115.85934448242188,116.02678544784035,114.3698985290134,115.33054248722587,225200,VBR
2019-05-10,116.2295150756836,116.46746390016786,114.22008875873505,115.40106478838119,242800,VBR
2019-05-13,113.07435607910156,114.46685557559991,112.66013094953583,114.41397806084592,379800,VBR
2019-05-14,114.20245361328125,114.60785685505273,113.12723266215679,113.43570275967403,199200,VBR
2019-05-15,114.30821990966797,114.47567435351277,113.10080505372828,113.49739989820522,189100,VBR
2019-05-16,114.99564361572266,115.62139224927668,114.65192632348723,114.65192632348723,146100,VBR
2019-05-17,113.62075805664062,115.02206578068876,113.5150030428989,114.1407381381942,150100,VBR
2019-05-20,112.87165069580078,113.47094710703765,112.55436544585649,112.92452820879295,184800,VBR
2019-05-21,114.2112808227539,114.290597107269,113.33877479709452,113.33877479709452,140200,VBR
2019-05-22,113.18009948730469,113.92923339738427,112.91569849268876,113.78821774052335,184100,VBR
2019-05-23,111.32929992675781,112.36045158428594,110.72118174329444,112.21944266759631,276000,VBR
2019-05-24,111.88455963134766,112.08726798048403,111.35576430507531,111.8669360342041,143000,VBR
2019-05-28,110.74764251708984,112.1401351792343,110.73001219757087,112.00793467882907,204200,VBR
2019-05-29,110.05138397216797,110.35984729897147,109.31988042289379,110.23646196825007,304800,VBR
2019-05-30,109.61952209472656,111.00320612781789,109.18767346279249,110.39509466929728,208500,VBR
2019-05-31,108.29753112792969,108.7822639888473,107.94500547343962,108.52667818254491,308000,VBR
2019-06-03,109.39039611816406,109.8486835618188,108.4826229425459,108.4826229425459,382600,VBR
2019-06-04,112.03437805175781,112.1313246352992,110.31578502679436,110.37747769595737,225600,VBR
2019-06-05,112.06964874267578,112.56319016986164,111.0120513249948,112.39573573249602,277000,VBR
2019-06-06,112.06964874267578,112.43098965215182,111.10018276213547,112.23709645604376,162000,VBR
2019-06-07,112.43978118896484,113.03907752520561,112.15775661497074,112.53672776664996,192500,VBR
2019-06-10,112.8892593383789,113.65602356484993,112.76587400106071,112.93332841199108,210400,VBR
2019-06-11,112.97740936279297,114.10550783629598,112.68656958396873,113.682474270731,220000,VBR
2019-06-12,112.82758331298828,113.06553212502568,112.47505086508761,112.97740741804698,173500,VBR
2019-06-13,113.71771240234375,113.83228930705147,113.1095941358082,113.33874794522363,229000,VBR
2019-06-14,113.04790496826172,113.63839289847924,112.89808087683276,113.63839289847924,170700,VBR
2019-06-17,113.00384521484375,113.41807033330792,112.80995203394586,113.18010807529794,195500,VBR
2019-06-18,114.15839385986328,114.88108914256485,113.4973979809026,113.57671425885894,232700,VBR
2019-06-19,114.42277526855469,114.55496904246696,113.91160359610504,114.2200736658914,190800,VBR
2019-06-20,114.94277954101562,115.54208948739522,114.47567684433552,115.41870412314002,205200,VBR
2019-06-21,114.32583618164062,114.86344664412513,113.99974921927915,114.86344664412513,338600,VBR
2019-06-24,113.27703857421875,114.50208343514431,113.25059982130608,114.50208343514431,456000,VBR
2019-06-25,112.90690612792969,113.50620258290066,112.8011443702302,113.44451662923959,199400,VBR
2019-06-26,112.66014099121094,113.44452224196303,112.61607190898975,113.26825936107412,167000,VBR
2019-06-27,114.26553344726562,114.26553344726562,112.88264778667903,112.88264778667903,277400,VBR
2019-06-28,115.71931457519531,115.85229264721188,114.36302210432748,114.61123160707432,350600,VBR
2019-07-01,116.07391357421875,117.40361318560558,115.50657561441653,116.93378707169455,321200,VBR
2019-07-02,115.65727233886719,116.09164574455566,115.13426040898362,116.07391262915512,298100,VBR
2019-07-03,116.57919311523438,116.58806643626379,115.72819293345952,115.93207642107583,247500,VBR
2019-07-05,116.94263458251953,116.94263458251953,115.4710972541526,115.98524933971704,199200,VBR
2019-07-08,115.86116790771484,116.71218169245078,115.62181816725703,116.4550988347429,166500,VBR
2019-07-09,115.68385314941406,115.68385314941406,115.0633294393337,115.32927203691169,213300,VBR
2019-07-10,115.57748413085938,116.45507713836099,115.311541527276,116.18914806118032,285400,VBR
2019-07-11,115.19630432128906,115.74592267935489,114.66443260476538,115.74592267935489,208400,VBR
2019-07-12,116.2511978149414,116.54373333667223,115.34699834108278,115.42679059348441,280200,VBR
2019-07-15,115.71046447753906,116.53488530863767,115.37360289855205,116.53488530863767,232200,VBR
2019-07-16,115.8079833984375,116.27780956286466,115.24064537763459,115.612959685686,207500,VBR
2019-07-17,114.8239974975586,115.8877545258962,114.69989273635927,115.80797579221189,174700,VBR
2019-07-18,115.1519775390625,115.3292816364742,114.40734902498608,114.75307037269324,201300,VBR
2019-07-19,114.68214416503906,115.7104483486289,114.68214416503906,115.24062227837543,154600,VBR
2019-07-22,114.50486755371094,115.19631028949722,114.3364367671776,114.97469368119637,316300,VBR
2019-07-23,115.7281723022461,115.78135811332493,114.7353208986354,114.9214847638129,171700,VBR
2019-07-24,117.49224853515625,117.58090058408101,115.54202519644343,115.54202519644343,216000,VBR
2019-07-25,116.26004791259766,117.41245678882817,116.07389756746011,117.37700408903123,233400,VBR
2019-07-26,117.1731185913086,117.35928248109855,116.40189717590032,116.41077049652098,153800,VBR
2019-07-29,116.7564926147461,117.3592832591989,116.5969216329534,117.25291162227275,257800,VBR
2019-07-30,117.61634826660156,117.61634826660156,115.66612501114652,116.08276527577955,263400,VBR
2019-07-31,116.58808135986328,118.09507174972508,115.8877652290979,117.5720597453952,264100,VBR
2019-08-01,114.33641815185547,116.99581701848396,113.9109181205875,116.64123591349434,248600,VBR
2019-08-02,113.13970947265625,113.84001877289407,112.41280726129078,113.80456606685868,378900,VBR
2019-08-05,109.87751007080078,111.69476893736412,108.84921254030598,111.42882630604194,492400,VBR
2019-08-06,110.84375762939453,110.97672893982977,109.52292460899524,110.61327447552024,318900,VBR
2019-08-07,110.83489990234375,111.09197598614664,108.85808349302157,109.78886921382271,302700,VBR
2019-08-08,113.11309814453125,113.11309814453125,111.47313684772189,111.57064868144795,316800,VBR
2019-08-09,111.66817474365234,112.71420537792272,111.27812735904924,112.71420537792272,192100,VBR
2019-08-12,110.07254028320312,111.18062337398966,109.83319731140232,111.09197807936724,210300,VBR
2019-08-13,111.05651092529297,112.28869869594094,109.38995650680556,109.83318971245453,279900,VBR
2019-08-14,107.7765884399414,109.85091660626482,107.60815765674006,109.37222393022049,514500,VBR
2019-08-15,107.4485855102539,108.22867346377969,106.91670705270442,108.16662108978561,431700,VBR
2019-08-16,109.59383392333984,109.78885760513487,108.09571037020842,108.09571037020842,230800,VBR
2019-08-19,110.77284240722656,111.24266852506598,110.65760420802886,110.88808060642427,216600,VBR
2019-08-20,109.81546020507812,110.71079320360386,109.80660041017947,110.71079320360386,210000,VBR
2019-08-21,110.58668518066406,110.78170887391663,110.25869017263001,110.78170887391663,200800,VBR
2019-08-22,110.66645812988281,111.2515291790737,110.07252728651751,110.85262201877202,184900,VBR
2019-08-23,107.66134643554688,110.71965971154853,107.35108453417917,110.18778120017501,268000,VBR
2019-08-26,108.57441711425781,108.79603373358026,107.84751487340831,108.68078876308299,254600,VBR
2019-08-27,107.09400177001953,109.37222010814146,107.09400177001953,109.16833662705606,267600,VBR
2019-08-28,108.20210266113281,108.61874301301357,106.70397882200777,106.93445525067136,269900,VBR
2019-08-29,110.06365966796875,110.2054907598949,109.30129810466231,109.30129810466231,223400,VBR
2019-08-30,110.24982452392578,110.7728364342394,109.78885822558672,110.54235328506988,294300,VBR
2019-09-03,108.9555892944336,109.6292988940239,108.41484424528747,109.41654885011127,377300,VBR
2019-09-04,110.14344024658203,110.24095208282625,109.65588106536092,109.91295710971374,205300,VBR
2019-09-05,112.14685821533203,112.73192248103214,111.21606585597101,111.21606585597101,347100,VBR
2019-09-06,111.94298553466797,112.51032353839115,111.81888076905368,112.23552109498843,234400,VBR
2019-09-09,113.66271209716797,113.68930500453051,112.2089078802714,112.27096025185108,254300,VBR
2019-09-10,114.9658203125,114.9658203125,113.24607347090911,113.50314275456834,612000,VBR
2019-09-11,116.7210464477539,116.7210464477539,114.35418243448785,115.24064896498777,691300,VBR
2019-09-12,116.54374694824219,116.96038726787705,115.64842069030597,116.87173521103377,442000,VBR
2019-09-13,116.70330047607422,117.74047810576168,116.62352174345342,117.01356913813858,314800,VBR
2019-09-16,116.91504669189453,117.30651541229601,116.10541943612733,116.57695760142157,637600,VBR
2019-09-17,116.41681671142578,116.63033522747128,115.88299326992394,116.63033522747128,273500,VBR
2019-09-18,116.06094360351562,116.38123499111774,115.15344907602703,116.38123499111774,320300,VBR
2019-09-19,115.64276885986328,116.78157950642935,115.54490168356335,116.22997191766278,421700,VBR
2019-09-20,115.26910400390625,116.32784526485236,115.01109793035288,115.67837046533292,261500,VBR
2019-09-23,115.43814086914062,115.86519146191318,114.59293176288679,114.8776276328373,279300,VBR
2019-09-24,114.13919067382812,115.94528757529771,113.9167664851791,115.61609054462447,269100,VBR
2019-09-25,115.58939361572266,115.74954608105709,114.05911420592123,114.14808930618416,458800,VBR
2019-09-26,114.8420639038086,115.50044441922219,114.45948722267636,115.50044441922219,259100,VBR
2019-09-27,114.24594116210938,115.60717584424206,113.82778268321188,115.18901736534458,270600,VBR
2019-09-30,114.63743591308594,115.06448656770607,114.26375131763584,114.47728343279367,253400,VBR
2019-10-01,112.54663848876953,115.71395673578891,112.31531543396606,115.06448191171235,494100,VBR
2019-10-02,110.95409393310547,111.84379078778952,110.25123260336328,111.84379078778952,342700,VBR
2019-10-03,111.2565689086914,111.26546098795062,109.4237891921262,110.74944208919908,292900,VBR
2019-10-04,112.38648986816406,112.38648986816406,110.94517873212074,111.47900219662759,226800,VBR
2019-10-07,111.87935638427734,112.72456550663411,111.63914126974704,112.08398960527101,270500,VBR
2019-10-08,110.09110260009766,111.09646453350648,109.97544443611802,111.09646453350648,342700,VBR
2019-10-09,110.60710144042969,111.14091814131548,110.12666437327817,110.85621544831989,333500,VBR
2019-10-10,111.24768829345703,111.74591632758526,110.76725120861288,110.76725120861288,609100,VBR
2019-10-11,113.19612121582031,114.26374781968747,112.6622977321154,112.6622977321154,250800,VBR
2019-10-14,112.80464935302734,113.00038371992895,112.24414285604789,112.99148485202049,168800,VBR
2019-10-15,113.83670043945312,114.24596693211134,112.75127606818074,113.19612445878094,263500,VBR
2019-10-16,113.81002044677734,114.36162815451684,113.5520075434144,113.64098265949347,532800,VBR
2019-10-17,114.81537628173828,114.87764799920443,114.04133082397333,114.33493240096058,249300,VBR
2019-10-18,114.72637939453125,114.94880355527121,114.04130917825803,114.47726542055797,190000,VBR
2019-10-21,115.67839050292969,116.09654911667205,115.4559662860751,115.4559662860751,211600,VBR
2019-10-22,115.92749786376953,116.54139083904708,115.28691507006216,115.88301030782118,298600,VBR
2019-10-23,116.35454559326172,116.35454559326172,115.66058318023596,115.99867230606236,232100,VBR
2019-10-24,116.00757598876953,116.7015384711991,115.39368296761329,116.66595656919887,406000,VBR
2019-10-25,116.57695007324219,116.86165951540099,115.6694556959778,115.87409569841446,210400,VBR
2019-10-28,117.2886962890625,117.9114811508185,117.06627215445737,117.06627215445737,263700,VBR
2019-10-29,117.79583740234375,118.06274912692207,116.87055880959237,117.04849543407984,290200,VBR
2019-10-30,117.47554779052734,117.78694706977014,116.73711146673568,117.78694706977014,226800,VBR
2019-10-31,116.63922882080078,117.18194428578288,115.84739939573112,117.18194428578288,277100,VBR
2019-11-01,118.35633850097656,118.37413623430422,117.27981320927819,117.27981320927819,349900,VBR
2019-11-04,119.48626708984375,119.59302634744569,118.96134930570894,119.2104632905761,309600,VBR
2019-11-05,119.58415985107422,120.43826124599957,119.44180509335436,119.74429877173638,391900,VBR
2019-11-06,119.16600036621094,119.53077933932202,118.71224627624945,119.53077933932202,284000,VBR
2019-11-07,119.25496673583984,120.4115754232405,118.99696060764225,119.83327786738884,272700,VBR
2019-11-08,119.45957946777344,119.45957946777344,118.56988276957891,118.9969333835179,200700,VBR
2019-11-11,119.18379974365234,119.45069794648012,118.81011510829948,118.81011510829948,205300,VBR
2019-11-12,118.99693298339844,119.69089531960122,118.86348390939568,119.30833225699716,203700,VBR
2019-11-13,118.54322052001953,118.89020176997256,117.96490938629952,118.43644765993578,227900,VBR
2019-11-14,118.83678436279297,119.07699267632677,118.32075869275039,118.47200548946567,204100,VBR
2019-11-15,119.33502197265625,119.63751559060734,118.89906570511906,119.4506733114645,236500,VBR
2019-11-18,119.03253936767578,119.17489412636296,118.7211536057067,119.17489412636296,247400,VBR
2019-11-19,118.96135711669922,119.3261224626876,118.58767253916837,119.3261224626876,211500,VBR
2019-11-20,118.35633850097656,118.95243359837099,117.5823067973841,118.56096491931963,230300,VBR
2019-11-21,117.68905639648438,118.67662009195851,117.48442999491888,118.51648123221815,250100,VBR
2019-11-22,118.08053588867188,118.1872951383042,117.53782041021923,118.04494042166577,405800,VBR
2019-11-25,119.63754272460938,119.80658730700817,118.40975666356313,118.48982612605816,343900,VBR
2019-11-26,119.77989196777344,120.03789808249209,119.28166390093973,119.67311911366862,271500,VBR
2019-11-27,120.47383880615234,120.47383880615234,119.9400153319427,120.18023725290654,242800,VBR
2019-11-29,119.53076171875,120.38486298154092,119.49516624697841,120.31368561369254,121300,VBR
2019-12-02,118.72112274169922,119.81544581625889,118.6143634882866,119.81544581625889,388300,VBR
2019-12-03,117.8136215209961,117.89369095640717,116.85274756898528,117.68017246197766,282400,VBR
2019-12-04,118.69444274902344,119.31722773828149,118.32966383542423,118.38304346654712,247800,VBR
2019-12-05,118.75672149658203,118.9346581360995,118.36525274422637,118.71223394277882,296100,VBR
2019-12-06,119.9845199584961,120.4649502930966,119.76209574187243,119.76209574187243,300800,VBR
2019-12-09,119.8421630859375,120.21583413418466,119.8243653477267,119.98451784023068,235200,VBR
2019-12-10,119.82434844970703,120.02898847103069,119.50407066125885,119.770968818299,241800,VBR
2019-12-11,119.94001770019531,120.02008715019929,119.52185913813656,119.95781543653902,225500,VBR
2019-12-12,121.14111328125,121.57705600225952,119.8332579668312,119.9756127056362,312800,VBR
2019-12-13,120.47383880615234,121.55926991486906,120.02008478036568,121.23897854548225,264900,VBR
2019-12-16,121.25676727294922,121.72831905248931,121.00765326245374,121.21229329483569,440400,VBR
2019-12-17,121.86178588867188,121.8884757097058,121.25678493527566,121.43473517643167,246600,VBR
2019-12-18,122.19986724853516,122.33331634517857,121.71942334922588,122.15537969108853,313000,VBR
2019-12-19,122.47562408447266,122.53789578043674,122.07526337253088,122.25319995831708,270000,VBR
2019-12-20,122.91157531738281,123.26746208964626,122.55570212081163,122.76032853005545,240900,VBR
2019-12-23,122.79594421386719,123.4454190136092,122.52903248464482,123.26748238602578,368800,VBR
2019-12-24,122.75650787353516,123.09709050340277,122.63102718329561,122.8999046078307,135900,VBR
2019-12-26,122.9985122680664,123.14192269588548,122.65792959746005,123.04332973630626,198000,VBR
2019-12-27,122.64891815185547,123.3480266654534,122.41588653944507,123.303222888104,296900,VBR
2019-12-30,122.559326171875,122.95368430014435,122.17391238957022,122.90888051210167,393600,VBR
2019-12-31,122.8551025390625,123.20465687221504,122.29043258690467,122.38902553606921,364600,VBR
2020-01-02,122.684814453125,123.46458641191951,121.69888488055771,123.43769866688321,575800,VBR
2020-01-03,122.2456283569336,122.40696850774566,121.33140397265511,121.56444933756461,308600,VBR
2020-01-06,122.12909698486328,122.2366616365417,121.10732169032461,121.5465109667835,390600,VBR
2020-01-07,121.65406036376953,122.10220765689984,121.48376220416081,121.84228824448707,236000,VBR
2020-01-08,121.84227752685547,122.308354500097,121.5106529355482,121.71679684287146,224900,VBR
2020-01-09,121.94087982177734,122.46073231711425,121.7257642000059,122.38005541121879,249200,VBR
2020-01-10,121.58238220214844,122.20979949319816,121.26868723299665,122.1291225684466,290300,VBR
2020-01-13,122.61311340332031,122.61311340332031,121.37622238417752,121.72577675788685,295100,VBR
2020-01-14,122.8730239868164,123.33014298775863,122.1828869886849,122.38005921931511,751800,VBR
2020-01-15,123.19569396972656,123.67970072795359,122.71170088787022,122.76547637736863,280900,VBR
2020-01-16,124.62080383300781,124.6297755325087,123.89480734473847,123.89480734473847,419600,VBR
2020-01-17,124.31607055664062,124.95244580306358,124.19058984730854,124.93451607990997,249300,VBR
2020-01-21,123.33906555175781,124.07401980407504,123.24943064657374,123.94853914263715,564000,VBR
2020-01-22,123.26738739013672,123.99338378166196,123.06124347465446,123.71553466158385,221600,VBR
2020-01-23,123.55419921875,123.76930114051747,121.96775416387307,123.03434678053134,345100,VBR
2020-01-24,122.12012481689453,123.76034538220495,121.34035298349251,123.76034538220495,254100,VBR
2020-01-27,120.38130187988281,121.05352269777484,120.08552307884622,120.44404905420916,274900,VBR
2020-01-28,121.4210433959961,121.72578030989219,120.81155589183221,121.18801169884702,302300,VBR
2020-01-29,120.8653335571289,121.97673011999053,120.8653335571289,121.76162816659559,221800,VBR
2020-01-30,120.99977111816406,121.07147632739851,119.5746659851012,120.09451849477331,373000,VBR
2020-01-31,118.71420288085938,120.55160932706607,118.39153631627494,120.55160932706607,309800,VBR
2020-02-03,119.72703552246094,120.37236873511027,119.29681793948484,119.29681793948484,450800,VBR
2020-02-04,120.99977111816406,121.52858165035163,120.89222014249751,121.07147632739851,239400,VBR
2020-02-05,123.07022094726562,123.22258940247444,122.10222104678763,122.19185598579118,407100,VBR
2020-02-06,122.57723999023438,123.85894833203314,122.52346450446389,123.56316948392573,255600,VBR
2020-02-07,121.27760314941406,122.2366448017308,120.99079602930205,122.07530468461853,206200,VBR
2020-02-10,121.70784759521484,121.70784759521484,120.9818510985062,121.13421955170925,329300,VBR
2020-02-11,122.69377136230469,123.2405116336981,122.16496081289634,122.25458207008025,221100,VBR
2020-02-12,123.43769073486328,123.66176438001422,123.07020667448694,123.3211680629464,211900,VBR
2020-02-13,123.50938415527344,123.67071059972824,122.65790712023511,122.82819158614787,216100,VBR
2020-02-14,123.27635192871094,123.69761148024942,122.81028858875482,123.6796954354304,184300,VBR
2020-02-18,122.76548767089844,123.37496150977512,122.19185960286137,122.98060332505182,262700,VBR
2020-02-19,122.98953247070312,123.41975000162279,122.81923432736423,123.24049383677031,268100,VBR
2020-02-20,123.50042724609375,123.75140231702439,122.2366622507614,122.76547278384425,914100,VBR
2020-02-21,122.31732177734375,122.97161298788663,121.98569716094268,122.97161298788663,207200,VBR
2020-02-24,118.85763549804688,119.45815127952893,118.23918999396757,119.0548214175032,433000,VBR
2020-02-25,114.63609313964844,119.46711417232123,114.5016475674311,119.1982367042583,642200,VBR
2020-02-26,112.74490356445312,115.81023642968327,112.71801581936798,115.17386121780275,649300,VBR
2020-02-27,108.29927825927734,112.58356535712817,108.23653791074675,110.49519729603323,1143200,VBR
2020-02-28,106.6321792602539,107.42988097904647,104.3018144579997,105.35047759328623,1699400,VBR
2020-03-02,110.0560073852539,110.0560073852539,105.41320139460787,107.29541856093795,1139400,VBR
2020-03-03,107.46572875976562,111.87549674970431,106.4349885555902,110.24424077757973,796400,VBR
2020-03-04,110.88957214355469,110.90749502726032,108.01246721673377,109.29416880452489,483900,VBR
2020-03-05,106.35432434082031,108.51439084859922,105.31461928512331,108.30824007438848,614100,VBR
2020-03-06,104.32866668701172,105.48488725211257,102.12378334362755,103.32481452459817,985600,VBR
2020-03-09,94.29017639160156,99.04053986235469,93.95855181103428,98.09942792476906,1905100,VBR
2020-03-10,97.83507537841797,98.06000428521496,92.9586183264878,97.7541042668281,1827400,VBR
2020-03-11,91.3121337890625,95.7387397320837,90.43041635020835,95.72974065413634,1641200,VBR
2020-03-12,80.97439575195312,86.63360712322044,80.97439575195312,85.823861792844,2338100,VBR
2020-03-13,87.76725006103516,87.839222084417,80.61450769380421,86.12076904316055,2445800,VBR
2020-03-16,76.05296325683594,81.19033882573665,76.05296325683594,79.1029987796659,2060800,VBR
2020-03-17,78.54518127441406,79.49887769457136,73.79467673829328,77.06964811465582,2065100,VBR
2020-03-18,70.384765625,75.55813114944209,67.49667204817422,75.16225402578272,1758500,VBR
2020-03-19,73.83065795898438,75.1262505848025,67.5236567144497,69.95288602357358,2379800,VBR
2020-03-20,70.44772338867188,76.30486610137648,70.18680508109496,74.80234292793956,2636100,VBR
2020-03-23,68.19844055175781,70.4207321654542,65.96714299639349,70.41173995235587,2740100,VBR
2020-03-24,74.92830657958984,75.01827675773902,71.35643490636237,71.5633724939616,2028500,VBR
2020-03-25,77.67245483398438,80.83045186881911,74.01061236015686,75.79204552889145,1949000,VBR
2020-03-26,82.29698944091797,83.2146963595138,78.27525949282835,78.27525949282835,2062000,VBR
2020-03-27,79.56184387207031,81.7751432321156,78.33823021320687,79.51685535026377,1353600,VBR
2020-03-30,80.9563980102539,81.0823576222425,77.54647568162781,79.80475648534045,1392700,VBR
2020-03-31,79.8947525024414,81.2713163492885,78.74311070391205,80.75847870312417,1011900,VBR
2020-04-01,74.84735107421875,76.8447210210245,74.10058539783894,76.8447210210245,1546700,VBR
2020-04-02,75.50413513183594,77.8793838808015,73.6507231033682,74.7393782079536,1168700,VBR
2020-04-03,73.02092742919922,75.70207629491254,71.98625303078151,75.00929824590996,1565200,VBR
2020-04-06,79.01300048828125,79.354889844626,76.05293621080062,76.05293621080062,1063800,VBR
2020-04-07,80.12867736816406,84.36633745563215,79.82277732760689,82.01808581362322,845800,VBR
2020-04-08,84.16839599609375,84.69022582023348,80.61451530521906,81.26231162681066,910100,VBR
2020-04-09,87.9831771850586,89.5036985354354,86.17474715705323,86.21073659979234,1217000,VBR
2020-04-13,85.14908599853516,87.74926359946406,83.95246257269993,87.54233285020561,1396800,VBR
2020-04-14,86.3187255859375,88.07316843756794,85.42800210961498,87.12846421636019,1000700,VBR
2020-04-15,82.323974609375,83.80850667190926,81.78414664053119,83.74552685661557,882000,VBR
2020-04-16,81.54122161865234,82.67486518638917,80.1106771224602,82.67486518638917,1303100,VBR
2020-04-17,85.40998840332031,85.97680666873244,84.05141614449981,84.28534408475994,918400,VBR
2020-04-20,83.295654296875,85.09508511669455,82.76481863560065,83.67353312160898,1597900,VBR
2020-04-21,81.40628051757812,82.431955878547,80.64151667211851,81.31630345508678,893500,VBR
2020-04-22,81.9011001586914,83.40362338327402,81.73015201859818,82.87279453771953,940000,VBR
2020-04-23,82.79180908203125,84.28533995882451,82.20699955643478,82.37794081677481,752000,VBR
2020-04-24,84.04244995117188,84.46531057986647,82.42295888534852,83.36766315112652,703800,VBR
2020-04-27,87.61429595947266,88.27109131755164,84.59125122541647,84.76219937292021,796700,VBR
2020-04-28,89.40473937988281,90.85328200835612,88.19911693697452,89.72863753682623,804300,VBR
2020-04-29,93.54344940185547,94.46115646399355,91.60905912977073,92.06791609298305,860500,VBR
2020-04-30,90.36741638183594,92.05887885163663,90.10649809382751,92.05887885163663,708500,VBR
2020-05-01,86.79556274414062,88.46003518744232,85.83286735206887,88.46003518744232,698400,VBR
2020-05-04,86.6875991821289,86.84954826936142,84.62724957511503,85.7608931857427,1238000,VBR
2020-05-05,86.91250610351562,89.50369084377888,86.7325657695679,88.17210903400095,1078800,VBR
2020-05-06,85.31102752685547,87.91120489741446,85.23005642282874,87.47034620327102,636600,VBR
2020-05-07,86.83155822753906,88.08216241639953,86.4356811498731,86.4356811498731,687000,VBR
2020-05-08,90.36741638183594,90.4843769119292,88.16310954767532,88.27107786611167,530000,VBR
2020-05-11,88.8199234008789,89.68364953634712,87.68627984495213,89.1618128510793,811700,VBR
2020-05-12,85.23905181884766,89.32376136098542,85.23905181884766,89.07184209778237,893100,VBR
2020-05-13,81.83812713623047,84.75320365079861,80.89342990961742,84.61825180720034,1168500,VBR
2020-05-14,82.94477844238281,82.98076788796305,78.23026403564329,80.31760382930362,1154700,VBR
2020-05-15,83.4576187133789,83.87148705443437,81.6851779311884,82.31497608838474,943200,VBR
2020-05-18,89.32376098632812,89.85459674380957,86.7055922384092,86.80456150057887,1012800,VBR
2020-05-19,87.72225952148438,89.92655970733614,87.72225952148438,89.27877032609943,618600,VBR
2020-05-20,90.12449645996094,90.71831196157466,89.32375024544613,89.45870893802055,1540000,VBR
2020-05-21,90.53836059570312,91.051198112527,89.66564240090624,90.14249047707602,626000,VBR
2020-05-22,90.75430297851562,90.96123369500708,89.52169029923307,90.7363048249085,702600,VBR
2020-05-26,94.6050796508789,95.36983640009836,93.93929214895323,93.93929214895323,705700,VBR
2020-05-27,97.87105560302734,97.98802301668049,94.79403009547785,96.72841988447587,1519500,VBR
2020-05-28,95.79270935058594,98.9687039330614,95.36984197185917,98.9687039330614,1101000,VBR
2020-05-29,94.70404815673828,95.33384621250974,93.52541627481742,94.81200961527968,567300,VBR
2020-06-01,95.99964904785156,96.80939443771148,94.56010550159232,94.98297291986833,567100,VBR
2020-06-02,97.00733184814453,97.48417999883908,96.30555480642163,96.83638369439177,526400,VBR
2020-06-03,100.59720611572266,101.02007357575401,98.34791695750125,98.52786420873042,643500,VBR
2020-06-04,101.58687591552734,101.60486720444797,99.2566093039639,100.38125362931895,612300,VBR
2020-06-05,105.482666015625,107.2461079517004,105.14977560207305,105.896534411045,1120400,VBR
2020-06-08,108.3797378540039,108.4337185921883,106.83222595939026,107.4170424587666,2071600,VBR
2020-06-09,105.58161926269531,106.7692435236069,104.72689222908441,106.7512522327486,837800,VBR
2020-06-10,101.68585205078125,105.3746914281709,101.63187131243599,105.3746914281709,666700,VBR
2020-06-11,93.75037384033203,97.73611469336974,93.50745361994389,97.04333661988157,1348500,VBR
2020-06-12,96.16157531738281,98.14994544157898,93.48042738546647,97.46616670946862,649300,VBR
2020-06-15,97.5291748046875,98.25794226198869,92.4187897967877,93.11156780549204,668800,VBR
2020-06-16,99.84144592285156,101.91078778153984,98.06000593083805,101.54190793763075,525600,VBR
2020-06-17,98.04200744628906,100.17432896894698,97.94303818375468,100.1023569397007,499400,VBR
2020-06-18,97.76309204101562,98.83374884585798,96.73741002947557,96.99832835490506,584400,VBR
2020-06-19,96.75540924072266,99.40057510426426,95.90967444314737,99.40057510426426,681900,VBR
2020-06-22,96.90837097167969,97.16928933156206,94.93799151921829,96.6564516902169,565800,VBR
2020-06-23,97.15130615234375,98.48288156964601,96.86339739744437,98.20397189391772,412200,VBR
2020-06-24,93.52543640136719,96.03564381690786,92.48176984659538,96.03564381690786,758900,VBR
2020-06-25,94.83895874023438,94.92031570027672,92.37102749734912,92.95863083108328,447400,VBR
2020-06-26,92.4433364868164,94.31462217348515,92.2263708296703,94.30558021352206,508800,VBR
2020-06-29,95.45367431640625,95.75199696436346,92.78686820126241,93.61854931345015,453400,VBR
2020-06-30,96.6559829711914,96.96334752632471,95.07397798525498,95.3180626168306,525400,VBR
2020-07-01,95.44461822509766,97.54190446600118,95.18245658286045,96.71022353703812,499000,VBR
2020-07-02,95.83334350585938,98.17470756327185,95.66158075831373,97.3249495791386,563400,VBR
2020-07-06,96.67407989501953,98.23800117203456,96.13167259499585,97.69560076900619,534500,VBR
2020-07-07,94.54965209960938,95.95085923631851,94.32365139349463,95.77909649263314,464500,VBR
2020-07-08,94.92030334472656,95.52598362507608,93.55525705118197,94.53158182657789,422600,VBR
2020-07-09,92.62415313720703,94.93839877469307,91.71110811113799,94.93839877469307,515600,VBR
2020-07-10,94.79373931884766,94.88413822436875,92.59701211941244,92.64221502067018,472300,VBR
2020-07-13,94.33271026611328,96.76448050694606,94.24231134685832,95.5802388016164,655900,VBR
2020-07-14,95.65254974365234,95.71582967414763,93.53718615538556,94.13382451477037,364300,VBR
2020-07-15,99.12393188476562,99.49456953414366,97.67752844146904,97.75888540218776,412200,VBR
2020-07-16,98.81656646728516,99.48553365816086,97.75888460459723,98.45497078215791,335900,VBR
2020-07-17,98.6357650756836,99.55784507477341,98.25608548176398,99.03352859140624,411400,VBR
2020-07-20,97.50575256347656,98.61767225923862,97.20742995359124,98.40975545622379,663900,VBR
2020-07-21,99.48552703857422,100.04600445142565,98.34648139462577,98.47304125539836,379100,VBR
2020-07-22,100.20873260498047,100.22681652755684,98.93409194317306,98.99737187819902,654500,VBR
2020-07-23,100.3985595703125,101.34776537130578,99.6482424072455,100.0459989921138,400100,VBR
2020-07-24,99.38607025146484,100.39854897555274,99.18718853152072,100.02791141319743,410000,VBR
2020-07-27,99.80191802978516,99.88327497736668,98.50919365236506,99.43127354326167,293200,VBR
2020-07-28,99.22337341308594,100.19065636867168,99.18721246464399,99.44033220674184,371400,VBR
2020-07-29,101.59185791015625,101.76362069269484,99.74769090346469,99.79289381371035,239800,VBR
2020-07-30,100.50704193115234,100.69688171106476,99.11487664813323,100.091201427964,354300,VBR
2020-07-31,99.83806610107422,100.3262284146133,98.18373941024625,100.30814449726353,458900,VBR
2020-08-03,100.94097900390625,101.12177684638573,99.49456867608805,100.41665560492193,316600,VBR
2020-08-04,101.35680389404297,101.39296483634915,100.48896196967839,100.64264080173373,263500,VBR
2020-08-05,103.1376953125,103.1376953125,101.95345363141328,101.95345363141328,352800,VBR
2020-08-06,102.9659423828125,103.58969975863569,102.61338176695729,103.02018035540699,449500,VBR
2020-08-07,104.85528564453125,104.86432760393134,102.64952344350807,102.72183842772623,411400,VBR
2020-08-10,106.28363800048828,106.73563952416085,105.09035425387253,105.09035425387253,465400,VBR
2020-08-11,106.44634246826172,108.43514610802154,106.09378188573153,107.5311431995862,467000,VBR
2020-08-12,106.5728988647461,107.6576995608622,105.86777772257116,107.4859437037905,620700,VBR
2020-08-13,105.83163452148438,106.83507843725766,105.52427680162377,106.14803420281024,1542500,VBR
2020-08-14,106.01244354248047,106.67236885908378,105.04516047362118,105.28020321752055,270400,VBR
2020-08-17,105.87683868408203,106.46443514335314,105.34347330325649,106.24747634459156,374200,VBR
2020-08-18,104.65642547607422,105.80451316156405,104.50274661958994,105.80451316156405,364500,VBR
2020-08-19,104.42137908935547,105.28922106382731,104.22249734368579,104.65641488242424,344600,VBR
2020-08-20,103.6529769897461,104.31289525184732,103.15577263035898,103.38177335789952,332100,VBR
2020-08-21,103.16481018066406,103.63488863917632,102.68568286528357,103.28232807104348,364600,VBR
2020-08-24,105.21688079833984,105.21688079833984,103.11055270998521,103.78855478071787,316900,VBR
2020-08-25,105.02706146240234,105.8587425088932,104.07785562006283,105.64178373524234,316200,VBR
2020-08-26,104.26770782470703,105.05419295620956,104.14114795025777,104.91859112015797,294900,VBR
2020-08-27,105.20783996582031,105.84064604347455,104.52983788782964,104.71967764202778,262200,VBR
2020-08-28,105.93106842041016,105.94914544515268,104.90954754607195,105.67794869204283,305600,VBR
2020-08-31,104.45755767822266,105.82259735044978,104.40331280397137,105.76835937319458,344700,VBR
2020-09-01,105.49715423583984,105.49715423583984,103.52642729116556,104.25867445897765,425800,VBR
2020-09-02,106.58193969726562,106.94354222447748,105.11745256570515,105.65985290802567,361800,VBR
2020-09-03,104.34906005859375,107.42267144632014,103.79761771122247,106.5367455268891,431900,VBR
2020-09-04,104.430419921875,105.71410937929699,102.42353912460013,105.51522762264025,459900,VBR
2020-09-08,102.0348129272461,103.54449616114978,101.78168631402713,103.26425746061538,332300,VBR
2020-09-09,103.15579223632812,103.60779377731738,102.05290737279495,102.96595241675217,315900,VBR
2020-09-10,101.76360321044922,104.18633118770025,101.69128132527884,103.51737099236071,293700,VBR
2020-09-11,101.58281707763672,102.33313430734157,100.78729004325753,102.33313430734157,278000,VBR
2020-09-14,103.64392852783203,103.85184532180944,102.21560236409698,102.40544213568286,321600,VBR
2020-09-15,103.52639770507812,104.47560340464366,103.30039700489529,104.35808552346644,330900,VBR
2020-09-16,104.3761978149414,105.55140461180815,103.63491554373209,103.86995828250471,381500,VBR
2020-09-17,103.97840881347656,104.24057047780488,102.39640376449142,103.05632890531717,318800,VBR
2020-09-18,102.85742950439453,104.37615436650466,102.0709515434582,104.22247555770026,320200,VBR
2020-09-21,99.35897064208984,100.84153497454196,98.3193658377862,100.83249301360146,696500,VBR
2020-09-22,99.63920593261719,100.50704793419146,98.83464386145992,99.66632491751089,291600,VBR
2020-09-23,97.32496643066406,100.79633464510349,97.24360257410926,99.72961082768803,335800,VBR
2020-09-24,97.40632629394531,98.88889070851577,95.94183890526172,96.98144376714846,596400,VBR
2020-09-25,98.6156005859375,98.97929587491788,96.95169932126693,97.00625812360592,578500,VBR
2020-09-28,101.11600494384766,101.48879455508897,99.85216908095121,99.85216908095121,332400,VBR
2020-09-29,100.0430908203125,101.02506594045254,99.2247782201958,101.02506594045254,469100,VBR
2020-09-30,100.58863067626953,101.72517403220324,99.78850665097985,100.49770859517686,514000,VBR
2020-10-01,101.7342758178711,101.78882768316443,100.43406984539834,101.0341681112676,451400,VBR
2020-10-02,103.25267791748047,103.72548378939342,99.77940205789756,99.9703404895476,327000,VBR
2020-10-05,105.64398956298828,105.6894471390909,103.97099398822911,104.33468928160377,425500,VBR
2020-10-06,105.18936157226562,107.9897990939348,105.00751047546241,106.38955106352671,562500,VBR
2020-10-07,106.99874114990234,107.35334213251109,106.36227962647904,106.37136697902055,374500,VBR
2020-10-08,108.76266479492188,108.80812237090353,107.58065682882734,108.02617992014758,393900,VBR
2020-10-09,108.7262954711914,109.9992255366875,108.36260017577669,109.5900657280044,320000,VBR
2020-10-12,109.39913177490234,109.67190499195162,108.72629995960146,109.1081769139416,279100,VBR
2020-10-13,108.08982849121094,108.88086524960244,107.7625034144221,108.70810842104419,392600,VBR
2020-10-14,107.68975830078125,109.0808862587909,107.68975830078125,108.25347936580417,364500,VBR
2020-10-15,108.8990249633789,109.09905768523598,106.15313952428428,106.46227595849284,377700,VBR
2020-10-16,108.5989990234375,109.4991394692103,108.52625857974199,109.21727892102834,305300,VBR
2020-10-19,107.31697845458984,109.5082375730932,107.19878043215066,108.9536038101903,232200,VBR
2020-10-20,108.05345153808594,109.19908923549855,107.90797758907904,108.08073440687828,420400,VBR
2020-10-21,107.41698455810547,108.63536263670127,107.41698455810547,108.18074529662569,369900,VBR
2020-10-22,109.43550109863281,109.5446117719364,107.59884291769949,107.79887568363391,461100,VBR
2020-10-23,110.16288757324219,110.47202406395091,109.09907762501864,109.99922503789324,436700,VBR
2020-10-26,107.52610778808594,108.78084929610104,106.38956430502161,108.78084929610104,540400,VBR
2020-10-27,105.94402313232422,107.60792428154375,105.90765984916887,107.59882999229981,304900,VBR
2020-10-28,102.78897857666016,104.53470741635414,102.78897857666016,103.83459286058816,464900,VBR
2020-10-29,104.21648406982422,104.67110142095203,101.9524846666324,102.71624542372044,291100,VBR
2020-10-30,103.74368286132812,104.4347032088254,102.4434769004542,103.74368286132812,427700,VBR
2020-11-02,106.2349853515625,106.2349853515625,104.32559375511471,104.84385728753497,664800,VBR
2020-11-03,108.6717529296875,109.14455896555125,107.49884600524848,107.82616418950023,508100,VBR
2020-11-04,107.48973083496094,109.0990732539887,106.27135269019708,107.93525391009578,488300,VBR
2020-11-05,110.09923553466797,110.63568765891492,108.20803247541355,108.40806523574595,441800,VBR
2020-11-06,109.03543090820312,110.73570240909027,108.92632717647201,110.5083937187695,371200,VBR
2020-11-09,115.27277374267578,118.40963067166155,115.13638715078288,115.24549781167924,825700,VBR
2020-11-10,117.39128875732422,117.89137060041216,115.47280304934684,116.00924817474116,950200,VBR
2020-11-11,116.53661346435547,118.27325512517024,115.69102488953826,118.27325512517024,679400,VBR
2020-11-12,114.25444030761719,115.70921449849897,113.26337083773144,115.66374998691401,438400,VBR
2020-11-13,117.40037536621094,117.7549763301884,115.24549365233406,115.34551002031847,631500,VBR
2020-11-16,120.92821502685547,120.92821502685547,119.00064190364394,120.34630537416025,1157200,VBR
2020-11-17,121.11005401611328,121.51920683861577,118.63693462939698,119.90987147851796,781500,VBR
2020-11-18,119.64618682861328,122.13749481759403,119.62801212437388,121.74651669532646,922100,VBR
2020-11-19,120.37358093261719,120.52814916618676,118.65512791092895,119.51889809796857,716800,VBR
2020-11-20,120.19173431396484,120.50087077479202,119.60072344892686,120.24628617483786,536000,VBR
2020-11-23,122.94674682617188,123.45591616087204,121.25556932230415,121.25556932230415,763300,VBR
2020-11-24,126.0744857788086,126.43817410624305,124.3014809033799,124.49241241944586,1567500,VBR
2020-11-25,124.98342895507812,125.83809806259438,123.98326506759136,125.83809806259438,723300,VBR
2020-11-27,124.66521453857422,125.19257251668904,124.21059702714682,125.19257251668904,217400,VBR
2020-11-30,121.81925964355469,124.45604856369589,121.78289636050667,124.32875626229736,736600,VBR
2020-12-01,123.63772583007812,124.54696049484315,122.98307576154171,123.59226132207588,922200,VBR
2020-12-02,124.01053619384766,124.2923967674383,122.65577132130615,123.21040511488921,578100,VBR
2020-12-03,124.947021484375,125.78351568108917,124.20145630040301,124.25600815852054,629300,VBR
2020-12-04,127.67475891113281,127.74749936566599,125.76537400647365,125.78354871473962,543700,VBR
2020-12-07,126.89279174804688,127.67473414029088,126.41089846985444,127.51107855471024,564600,VBR
2020-12-08,127.61111450195312,127.74749417752467,126.1199699291399,126.1199699291399,473000,VBR
2020-12-09,127.67475891113281,128.79311391770625,126.63823171322552,128.28394460979715,865300,VBR
2020-12-10,128.34759521484375,128.44761160365445,126.38364460210082,126.78371015734358,419100,VBR
2020-12-11,127.59293365478516,128.5112558982179,126.49275333447011,127.41108945172624,519300,VBR
2020-12-14,126.50182342529297,129.32044256348627,126.50182342529297,128.94766689480915,535000,VBR
2020-12-15,129.5295867919922,129.5295867919922,126.94734959372188,127.65655157897454,487200,VBR
2020-12-16,128.85671997070312,129.84778228844849,128.32936227325067,129.82959371300032,459600,VBR
2020-12-17,129.6841583251953,129.73871019101196,128.68399453915177,129.5659533667116,529800,VBR
2020-12-18,128.75672912597656,130.31152660010994,128.1020790183226,129.96601296723122,473000,VBR
2020-12-21,128.02932739257812,128.30210055924402,125.88353308799648,126.91097267044952,573000,VBR
2020-12-22,127.95661163330078,128.58398587547717,127.72930292954541,128.3566771717218,336800,VBR
2020-12-23,129.82960510253906,130.16603134566253,128.46575317445917,128.71125040618293,491000,VBR
2020-12-24,129.92660522460938,130.1736039215467,129.0300449041903,130.16446047481367,180600,VBR
2020-12-28,129.899169921875,131.2073948277983,129.899169921875,130.8780492496105,464900,VBR
2020-12-29,128.5543212890625,130.5120935686722,127.91393109656572,130.43890412389268,416300,VBR
2020-12-30,129.899169921875,130.46637076674116,128.61837535805057,129.01176694618735,514900,VBR
2020-12-31,130.10043334960938,130.55785697385326,128.71900507033766,129.87172153748742,442200,VBR
2021-01-04,127.97795867919922,131.10673404740191,127.00822299869567,130.85057797932393,1058600,VBR
2021-01-05,130.16445922851562,130.93292753055061,127.91394292120451,127.91394292120451,725300,VBR
2021-01-06,135.71759033203125,136.95262570027214,131.11590994367396,131.3629086416457,1020700,VBR
2021-01-07,136.91603088378906,137.49237510875648,136.31222840100415,136.65987479281242,768000,VBR
2021-01-08,136.21157836914062,137.87660672088677,134.59229516234126,137.87660672088677,677500,VBR
2021-01-11,136.58668518066406,136.79709612097318,134.2629655531355,134.7021022452502,567300,VBR
2021-01-12,138.79148864746094,138.8738215533728,136.82455859630832,136.98923836759388,3564700,VBR
2021-01-13,137.629638671875,139.04765486764592,137.3185939206502,138.76404046092145,561500,VBR
2021-01-14,139.54165649414062,140.3558700265882,138.31576447170707,138.52617544046223,542800,VBR
2021-01-15,137.92234802246094,138.46211843728975,136.2298892109612,138.24255010111568,1038900,VBR
2021-01-19,138.73655700683594,139.37696114382894,137.88575590513898,139.18483711083925,720500,VBR
2021-01-20,139.50506591796875,139.97163300257117,138.69999584935763,139.34038614963393,1075300,VBR
2021-01-21,138.0595703125,139.9624538329828,137.98638087408244,139.6879969287814,635300,VBR
2021-01-22,138.73655700683594,138.8189038549509,136.4494392588864,136.98005225154574,736100,VBR
2021-01-25,138.40721130371094,139.87097224418295,136.76964114057765,138.6450804832265,463500,VBR
2021-01-26,137.38259887695312,139.71546196988945,137.0441098885347,139.19399237852693,524900,VBR
2021-01-27,134.6106414794922,136.40374846707002,133.97025111230835,135.43399852880526,1012500,VBR
2021-01-28,135.28761291503906,136.76966096143988,134.86677704684107,135.61695847640158,511500,VBR
2021-01-29,132.7534637451172,136.01946064564072,132.35092878607026,135.44311646287713,707200,VBR
2021-02-01,135.1229248046875,135.4888720499548,132.77177482648275,134.06169873260237,763900,VBR
2021-02-02,136.56838989257812,137.053257795348,135.39738658481764,136.70561138979204,661700,VBR
2021-02-03,137.41004943847656,137.55642834371957,135.83651110576608,136.78796003038488,510800,VBR
2021-02-04,139.47763061523438,139.58740782823241,137.91323553269996,137.91323553269996,484300,VBR
2021-02-05,140.7034912109375,141.25239111257935,139.77034323084916,140.7034912109375,530800,VBR
2021-02-08,143.48463439941406,143.53952299901042,141.55430620999869,141.9202534730755,572100,VBR
2021-02-09,143.70420837402344,144.2256640500308,142.60639446080577,143.3657193569755,504900,VBR
2021-02-10,143.81399536132812,144.91180934923125,142.78937083388016,144.47268654596243,437500,VBR
2021-02-11,143.96949768066406,144.92094657461936,142.15810415490722,144.234811182799,604000,VBR
2021-02-12,144.51841735839844,144.59160681158863,143.53952412637304,143.631014432726,337500,VBR
2021-02-16,144.77455139160156,145.81747651149448,144.1433046686082,145.38749726422242,675000,VBR
2021-02-17,144.00613403320312,144.5458906543627,142.72533928463818,143.91464370849718,605700,VBR
2021-02-18,142.1947021484375,143.41145067275988,141.70983422002965,143.10954940346537,549000,VBR
2021-02-19,145.0581817626953,145.13137121986713,143.30167666895633,143.38400957347653,372700,VBR
2021-02-22,146.0462188720703,147.06169990882384,144.38120408536633,144.45437958326534,453900,VBR
2021-02-23,146.31149291992188,146.80551818106977,142.56977155658183,144.81114420438317,599700,VBR
2021-02-24,149.3396759033203,149.55923031777434,146.55853233823407,146.85129017012179,626700,VBR
2021-02-25,145.08558654785156,149.888533435834,144.63732043902618,149.55004450313604,707500,VBR
2021-02-26,144.42689514160156,146.19255715598075,142.39593363255284,145.26855272813722,575700,VBR
2021-03-01,148.51629638671875,149.2481769646747,147.21721499159088,147.32699219247294,681100,VBR
2021-03-02,146.9793701171875,148.66268579375048,146.70491313613744,148.55290858511523,539800,VBR
2021-03-03,147.25381469726562,149.5592196412281,146.91531173337737,147.4276239431468,579300,VBR
2021-03-04,144.57330322265625,148.20524775665965,142.14896370424822,147.2629562487908,680700,VBR
2021-03-05,148.58035278320312,148.86395321162018,142.46002213575954,146.70491303338014,793700,VBR
2021-03-08,150.8125762939453,152.358656436364,149.1658484351541,149.75135012278415,1197500,VBR
2021-03-09,150.74855041503906,152.86184563290527,149.88859164286802,152.86184563290527,717100,VBR
2021-03-10,153.29180908203125,153.7675335796283,151.26084698938203,151.44381365477727,769700,VBR
2021-03-11,155.02085876464844,155.52402752795456,153.52050988099248,154.58173600733616,851600,VBR
2021-03-12,156.8596954345703,156.8871397317805,155.2129678046618,155.32274499350254,627400,VBR
2021-03-15,158.01239013671875,158.01239013671875,155.7618601583532,157.3719999670891,529500,VBR
2021-03-16,155.6978302001953,157.9483462491539,155.0665834676102,157.9483462491539,882600,VBR
2021-03-17,156.73162841796875,156.78651701624966,154.23408552050435,155.40508881536502,514100,VBR
2021-03-18,154.20663452148438,158.4606821764124,153.7858126466408,156.64927475508108,750300,VBR
2021-03-19,154.30728149414062,155.4965856918552,152.02016340602069,154.15175913928377,485900,VBR
2021-03-22,152.6513671875,154.48106114206217,151.76396450278077,154.48106114206217,689200,VBR
2021-03-23,147.76612854003906,151.85549677605246,146.98850281053478,151.59018326197932,1445400,VBR
2021-03-24,146.37557983398438,150.99556186438713,146.37557983398438,149.2482000298478,787200,VBR
2021-03-25,149.94483947753906,150.44082236640972,144.38792225588855,145.25131285426622,1106000,VBR
2021-03-26,152.89321899414062,152.90239893082676,150.22038582557406,151.2490993412407,659700,VBR
2021-03-29,150.11016845703125,153.31573252711064,149.52233011341025,152.35130652182747,676900,VBR
2021-03-30,152.2686004638672,152.56252655721846,149.80703250030422,150.43160442592438,1557400,VBR
2021-03-31,152.11248779296875,153.23305672061605,151.5522033291451,152.59011078225376,535200,VBR
2021-04-01,153.9678497314453,153.9678497314453,152.1492132992463,152.9115684473595,739800,VBR
2021-04-05,154.59243774414062,155.64871913752552,153.96786566332534,155.2170238401269,943400,VBR
2021-04-06,154.51895141601562,155.8875188074141,154.33525457529979,155.03330817608816,609800,VBR
2021-04-07,153.56373596191406,155.18948190831364,153.0769329748,154.84044806277072,642800,VBR
2021-04-08,153.82089233398438,154.00458916815435,151.87368066447638,154.00458916815435,759300,VBR
2021-04-09,154.3811798095703,154.50976899752303,153.4626816055737,154.05051989552473,565100,VBR
2021-04-12,154.85879516601562,155.10677957794746,153.9311030560013,154.74856585665404,467100,VBR
2021-04-13,153.71987915039062,154.6475574066476,152.64523779952697,154.52816215555526,530500,VBR
2021-04-14,155.189453125,156.64066786429618,154.07806420016033,154.07806420016033,615700,VBR
2021-04-15,155.75894165039062,156.18144301515989,154.36282032578742,156.18144301515989,516000,VBR
2021-04-16,156.69580078125,157.20096358638412,155.83241021839675,156.429428450921,545500,VBR
2021-04-19,155.8231964111328,156.8427298585011,154.85878462227714,156.22733781587968,493100,VBR
2021-04-20,152.89321899414062,155.48337667185,151.82775770138844,155.48337667185,648200,VBR
2021-04-21,155.8507537841797,155.89668149306905,152.26861673351286,152.54416897168008,836000,VBR
2021-04-22,154.95986938476562,157.0632245290338,154.59246162003825,156.1631000320048,426700,VBR
2021-04-23,157.65101623535156,158.18374682501184,155.18944800916515,155.69461076136096,410600,VBR
2021-04-26,158.48684692382812,159.19409437153524,158.1745609394473,158.43173928131017,388600,VBR
2021-04-27,159.24005126953125,159.51560357205418,158.20215768510852,158.81754988547877,392800,VBR
2021-04-28,159.5982208251953,159.89214693713666,158.82668580410188,159.49718547611153,402400,VBR
2021-04-29,160.23204040527344,161.24239423449623,158.90022055051472,160.73721731988482,551200,VBR
2021-04-30,158.21131896972656,159.8186908605656,157.85310522323212,159.13899712983508,489800,VBR
2021-05-03,159.7819366455078,160.77390226638514,158.8450646533805,159.58904587662292,510200,VBR
2021-05-04,159.74522399902344,159.75440393663888,157.53163971374676,159.19413342348707,600500,VBR
2021-05-05,160.06666564941406,160.60857615745462,159.5890427196175,160.3789516355559,225500,VBR
2021-05-06,161.1505126953125,161.1597066473814,158.41339187641373,160.13097909279534,392300,VBR
2021-05-07,162.93240356445312,162.9691373276781,160.10342728031463,160.8566025705515,429400,VBR
2021-05-10,161.1780548095703,164.1539939232875,161.1229471618446,163.37326487338694,433600,VBR
2021-05-11,159.49722290039062,160.4157211929703,157.47652945974968,158.53281090531934,509500,VBR
2021-05-12,154.7669677734375,159.81870856129453,154.56489702070945,158.86347646990276,535900,VBR
2021-05-13,157.99087524414062,158.58790750178815,154.92309452448833,155.37316370192997,608100,VBR
2021-05-14,161.04031372070312,161.16890292616847,158.7808016644725,159.2308708911873,323400,VBR
2021-05-17,161.58216857910156,161.67402398636278,159.35940507202085,160.213601495847,350600,VBR
2021-05-18,159.6900634765625,161.9403807824908,159.5982080701298,161.71995023131998,358300,VBR
2021-05-19,158.00929260253906,158.00929260253906,155.36401249177837,157.10916801519534,436900,VBR
2021-05-20,158.0827178955078,158.47766537457125,156.57638148307853,158.18375325308654,382600,VBR
2021-05-21,158.7073211669922,160.03915496512357,158.14703662193284,159.39619491836814,304100,VBR
2021-05-24,159.4329071044922,160.01156541130902,158.4041936836349,159.4237271686521,358300,VBR
2021-05-25,157.82554626464844,160.87495297905866,157.60510165275593,160.01157644994598,432100,VBR
2021-05-26,160.05747985839844,160.1401553420248,158.25723136343194,158.25723136343194,359400,VBR
2021-05-27,161.76588439941406,162.1332920564925,160.95761558417965,160.9667955199182,346100,VBR
2021-05-28,161.74752807617188,162.54661697319722,160.73717451600353,162.54661697319722,353400,VBR
2021-06-01,163.8600616455078,164.0162186617759,162.54661603999898,163.16200810850688,455800,VBR
2021-06-02,164.29176330566406,164.7418324547611,163.1895683038754,164.3652448411393,437200,VBR
2021-06-03,163.2814178466797,164.07132680562867,161.8393690433551,163.5110423810815,537100,VBR
2021-06-04,163.57534790039062,164.24586170529392,162.53745442139493,164.04379097164784,398600,VBR
2021-06-07,164.2733917236328,164.548929943062,163.67635954614227,163.94273184514893,335900,VBR
2021-06-08,166.0277557373047,166.23902044750326,163.57536683885328,164.71430983170765,368100,VBR
2021-06-09,164.57647705078125,166.15629484851144,164.51218947392678,166.15629484851144,326200,VBR
2021-06-10,163.25389099121094,165.7613873968374,162.9967125914119,165.0082120723033,360600,VBR
2021-06-11,164.76022338867188,164.76022338867188,163.6121005565291,163.85090506015314,307500,VBR
2021-06-14,162.96914672851562,165.3205141505123,162.3721284392664,164.88881882806865,368300,VBR
2021-06-15,163.25389099121094,163.73150001073964,161.83021583971305,163.09774796384522,636300,VBR
2021-06-16,162.6109161376953,163.29978979183156,161.24236278118704,162.87728846579006,419300,VBR
2021-06-17,158.9460906982422,162.73029818754767,157.48568215923368,162.21594152086553,417500,VBR
2021-06-18,155.34561157226562,157.76125240935846,155.18946855353119,157.29282335315511,415300,VBR
2021-06-21,159.2768096923828,159.451326629479,156.53967439034196,156.53967439034196,352300,VBR
2021-06-22,159.31349182128906,159.7727408689233,157.59590486799092,159.18490264855822,257000,VBR
2021-06-23,159.39617919921875,160.30549750682295,159.24003617945922,159.59824993424192,255600,VBR
2021-06-24,161.13035583496094,161.23177162173621,159.36020088501692,160.33747261142904,454200,VBR
2021-06-25,162.3473358154297,162.85441476369598,161.2133331259915,161.8771430095508,276400,VBR
2021-06-28,160.00558471679688,162.30124784779358,159.15738625887707,162.30124784779358,390800,VBR
2021-06-29,159.36947631835938,161.29636293585816,159.12054400692884,160.42050666135384,372600,VBR
2021-06-30,160.10702514648438,160.30985677283806,158.85316330536372,159.20349733165625,1045000,VBR
2021-07-01,161.64669799804688,161.97860303045934,160.5864391679774,161.05664617019644,398100,VBR
2021-07-02,160.8445587158203,161.93246077887147,160.42045247914206,161.92324627709604,412800,VBR
2021-07-06,157.93118286132812,160.83534079019535,156.7234218555583,160.83534079019535,644100,VBR
2021-07-07,157.7099151611328,158.6871870389695,156.11493396556807,157.75601581098124,421100,VBR
2021-07-08,155.7000732421875,157.31349768733068,153.75474377703995,154.76888784464882,437100,VBR
2021-07-09,159.59071350097656,159.59071350097656,157.25816413004742,157.42410958666224,357100,VBR
2021-07-12,160.28221130371094,160.33752646636043,157.84824567151335,158.84394673509559,291000,VBR
2021-07-13,157.276611328125,159.79356358813786,157.23973924503764,159.36945725893722,455500,VBR
2021-07-14,156.29013061523438,159.32336249025548,155.92133943101229,157.9680847826229,341200,VBR
2021-07-15,155.77381896972656,156.56670233897043,154.372440768005,155.34971267401508,432400,VBR
2021-07-16,153.37669372558594,156.8155877518036,153.10010394428406,156.8155877518036,439500,VBR
2021-07-19,149.96548461914062,151.3484197099082,148.3612748493907,150.55553636181705,920000,VBR
2021-07-20,154.30787658691406,155.14686049611532,149.9193680946903,150.35268883601657,582600,VBR
2021-07-21,156.7879638671875,157.6177333893735,155.20219711948303,155.4234718056547,367900,VBR
2021-07-22,154.65823364257812,156.48370393671252,153.94832305732598,156.48370393671252,663000,VBR
2021-07-23,155.65396118164062,155.82913521657701,154.24336846697048,155.68161875895228,423800,VBR
2021-07-26,156.52981567382812,157.2765983894279,155.6078589250988,155.6078589250988,383100,VBR
2021-07-27,155.74612426757812,156.05960020841076,154.52914885073076,155.70925219286096,438200,VBR
2021-07-28,156.64968872070312,157.7191620222615,154.5107421175864,156.36388435361914,328200,VBR
2021-07-29,158.2354278564453,159.33255854518882,157.42410148468022,157.65459065230053,242500,VBR
2021-07-30,157.47019958496094,159.30488432606245,157.01843575927242,157.46097101492228,380100,VBR
2021-08-02,156.575927734375,160.4020428932292,156.39153918478166,158.21700974126162,331200,VBR
2021-08-03,157.91273498535156,157.91273498535156,154.66744361574644,156.9723352567843,420800,VBR
2021-08-04,155.51564025878906,157.60848578374998,155.45111060891378,156.68652913796268,453200,VBR
2021-08-05,157.7652587890625,158.09716383275676,156.1334052198492,156.1334052198492,289900,VBR
2021-08-06,158.92689514160156,159.7382074443129,158.29995729120307,158.79782177062867,340300,VBR
2021-08-09,158.13401794433594,158.72406967268282,157.31347703979193,158.48435192595437,281800,VBR
2021-08-10,159.6829071044922,160.04246967611655,157.81133601783932,158.34607262373208,240200,VBR
2021-08-11,161.43463134765625,161.43463134765625,158.78860592869756,160.03325315908825,316800,VBR
2021-08-12,161.09349060058594,161.61901267333573,159.9594877961559,161.43462414652527,219100,VBR
2021-08-13,160.4573516845703,161.2594636487887,160.06091702207186,161.2594636487887,194500,VBR
2021-08-16,159.4340057373047,159.83045453399149,158.07874198774238,159.52620705782152,377400,VBR
2021-08-17,157.31346130371094,158.29073306215923,155.56173529907252,158.1801027703927,402200,VBR
2021-08-18,155.71847534179688,158.0141525057987,155.60784504356045,156.9539079665202,323000,VBR
2021-08-19,153.8745880126953,155.23909423860178,152.74058506030553,154.14196336920787,417700,VBR
2021-08-20,155.7277374267578,155.90291148196027,153.63489140440754,153.8377230401214,266600,VBR
2021-08-23,157.626953125,157.83899924715539,156.59436602447556,156.7326539154586,312600,VBR
2021-08-24,159.2127227783203,159.4985271367694,157.88510272931654,158.20779323798487,358700,VBR
2021-08-25,160.1807861328125,161.04741374364397,158.80706537943874,159.1942855633281,344200,VBR
2021-08-26,158.5396728515625,160.245284225429,158.30918368742306,160.0055805591832,320600,VBR
2021-08-27,161.95091247558594,162.19983064825462,158.72406412167794,158.77016476889366,299800,VBR
2021-08-30,160.7708282470703,162.44878227602487,160.7247275943528,162.26439373309879,297900,VBR
2021-08-31,160.75238037109375,161.46229101149703,160.0516983017248,160.78925245140005,293200,VBR
2021-09-01,161.06582641601562,161.5913484672019,159.61836176860675,161.16724221179146,1642700,VBR
2021-09-02,162.0154266357422,162.65157892984152,161.16722826625679,161.34240226816135,687800,VBR
2021-09-03,161.2686767578125,162.03390256619303,160.6601819124096,161.82185644780495,252900,VBR
2021-09-07,159.74746704101562,161.59138073758157,159.74746704101562,161.18571747346584,452800,VBR
2021-09-08,158.834716796875,159.83043183165066,157.9312030695199,159.4247685877112,282000,VBR
2021-09-09,158.55809020996094,159.9871257362537,158.11555498634047,158.57653328076128,341100,VBR
2021-09-10,156.83404541015625,159.4616274750216,156.7049720426015,159.41552682919306,429000,VBR
2021-09-13,158.32762145996094,158.57655371004142,156.98157254488885,158.01415955567762,575100,VBR
2021-09-14,156.2716522216797,158.80703300993704,155.70925810229403,158.64108756549965,352100,VBR
2021-09-15,158.30918884277344,158.38293299791044,156.0135116287266,156.27165837553397,281700,VBR
2021-09-16,157.77444458007812,158.73327329745575,156.944675161866,158.5304417108667,313800,VBR
2021-09-17,156.7971954345703,158.5304646049009,156.26245881706126,158.05104314300593,384200,VBR
2021-09-20,154.0036163330078,154.53835282158744,151.91999958890705,153.69938305048373,564800,VBR
2021-09-21,153.52426147460938,155.36817520912277,152.67606284488664,155.19300115347272,412600,VBR
2021-09-22,155.77381896972656,157.0645527950335,154.4461989963002,154.4461989963002,341200,VBR
2021-09-23,158.68719482421875,159.59993709140167,156.54826243215805,156.75109404708758,319400,VBR
2021-09-24,158.70758056640625,159.45724674317339,157.70802095662927,157.72653524262395,284400,VBR
2021-09-27,161.2804718017578,162.26153098167592,159.03147388152982,159.19806004350585,459100,VBR
2021-09-28,159.26284790039062,161.57663866930218,158.92966146477704,161.06760187569,424300,VBR
2021-09-29,159.51275634765625,160.3272011722245,158.57797575034004,159.90147153893508,361900,VBR
2021-09-30,156.65289306640625,160.02177203163242,156.63439290734405,160.02177203163242,455800,VBR
2021-10-01,159.59603881835938,160.46602643146556,156.41226037135738,157.39330542536783,500700,VBR
2021-10-04,159.37391662597656,161.00283448090505,158.72605798924778,159.65157436236294,396000,VBR
2021-10-05,159.8829803466797,161.0213617228454,159.0500211196826,159.96627344492708,282200,VBR
2021-10-06,159.26284790039062,159.26284790039062,156.22715554135934,158.35584587320957,615300,VBR
2021-10-07,161.19720458984375,162.16899972410093,160.38274556345513,160.38274556345513,330800,VBR
2021-10-08,160.85475158691406,162.05792571971577,160.67890121305527,161.40080286828442,206900,VBR
2021-10-11,160.03106689453125,162.2337866369625,160.02180269096635,161.01211215862622,198000,VBR
2021-10-12,160.58636474609375,161.24348768272526,159.88297728171932,160.28094260278004,230500,VBR
2021-10-13,160.72520446777344,161.03987669956777,158.7630998151926,160.61413288070486,395900,VBR
2021-10-14,163.14080810546875,163.24261549203413,161.7617833460398,161.96539811917057,268000,VBR
2021-10-15,163.19631958007812,165.1861743261925,163.19631958007812,164.64937308309763,351200,VBR
2021-10-18,163.49249267578125,163.98301531680178,162.29858254177657,162.62251898272,272200,VBR
2021-10-19,163.68685913085938,164.09408867623506,162.93719297790045,164.09408867623506,268800,VBR
2021-10-20,165.40829467773438,165.60264521625342,163.13151808497878,163.4091758336943,306400,VBR
2021-10-21,165.13064575195312,165.70446144030038,164.19587920766799,164.89926663603754,315400,VBR
2021-10-22,165.53787231445312,166.31530274077448,164.70491316086026,165.48234358718162,302400,VBR
2021-10-25,166.7132568359375,167.01867891180288,165.66741889030072,166.09316260515317,300800,VBR
2021-10-26,165.35275268554688,167.01868492191605,165.297223964711,167.00017064088453,352700,VBR
2021-10-27,161.85430908203125,165.03808768935352,161.85430908203125,164.86223731756107,392400,VBR
2021-10-28,164.42727661132812,164.42727661132812,162.7243295181288,162.7243295181288,231200,VBR
2021-10-29,163.78863525390625,164.83447328469933,163.07598368552678,164.23287916303798,375400,VBR
2021-11-01,167.28712463378906,167.32413908381295,164.18663839001164,164.73270391426686,407900,VBR
2021-11-02,167.64804077148438,167.97197716162555,166.5096595493687,167.3703830259719,373100,VBR
2021-11-03,170.14694213867188,170.67449329807363,167.2500852301538,167.2500852301538,500800,VBR
2021-11-04,169.15664672851562,171.0446940862018,168.51803811389428,170.55417149398028,512500,VBR
2021-11-05,171.7943572998047,172.4329659038069,170.480125647946,170.7577834047635,647900,VBR
2021-11-08,171.8869171142578,173.27519179644992,171.37788023966866,172.89572666064157,538500,VBR
2021-11-09,171.5259552001953,172.1367994103094,170.57267444301394,171.4981908381228,398200,VBR
2021-11-10,169.80450439453125,171.79435911527455,169.17514586427671,170.88735694752862,397500,VBR
2021-11-11,170.9706268310547,171.42413491449818,169.83224570508403,170.32276822774855,380300,VBR
2021-11-12,171.19277954101562,171.63702348448177,170.72077123372412,171.42415865440054,399400,VBR
2021-11-15,171.72032165527344,172.0905367209961,170.95215540370302,171.83139323612062,482700,VBR
2021-11-16,171.47042846679688,172.09052276404788,170.7577768800566,171.22978516302868,351900,VBR
2021-11-17,169.9248046875,170.95212838383284,169.064067152717,170.95212838383284,2084900,VBR
2021-11-18,169.76747131347656,170.76703074864568,168.29590358486368,170.34130110097323,845300,VBR
2021-11-19,168.04605102539062,168.88826037433788,167.38892804442472,168.46253065900405,354000,VBR
2021-11-22,169.23992919921875,170.7855398900848,168.4532346115685,168.86972828871245,625100,VBR
2021-11-23,169.78599548339844,170.359825304311,168.47176377606837,169.27695859479084,492900,VBR
2021-11-24,169.4620361328125,169.6378723629175,168.30514078543465,169.01777815139388,286500,VBR
2021-11-26,163.49249267578125,164.98257488404982,161.35455170788757,164.88076749880435,632900,VBR
2021-11-29,163.316650390625,166.0654214466836,162.35410530691271,165.5656487425624,448700,VBR
2021-11-30,158.83714294433594,162.28006557839416,158.1522697478615,161.73401421302628,666500,VBR
2021-12-01,156.1531524658203,163.1778196468932,156.1531524658203,161.51188704289564,969000,VBR
2021-12-02,160.89178466796875,161.42858593163018,156.67143169547035,156.8565321706699,654500,VBR
2021-12-03,159.031494140625,161.622943038805,157.75427691373577,161.49337130000902,753900,VBR
2021-12-06,162.39108276367188,163.80712145562455,159.87367750636557,160.32717141756518,544600,VBR
2021-12-07,164.94552612304688,166.45412230269616,164.09405277005885,164.6123396699421,435500,VBR
2021-12-08,165.47305297851562,166.06538284532215,164.67710839603268,165.5470959771487,475000,VBR
2021-12-09,163.316650390625,164.89927572222658,163.316650390625,164.46428183055568,366700,VBR
2021-12-10,163.56651306152344,164.64011549878228,161.9746236882803,164.31617910266215,381200,VBR
2021-12-13,161.076904296875,163.30740271225065,160.6048959106503,163.30740271225065,459300,VBR
2021-12-14,160.7066650390625,162.67801946452283,160.2161424832288,160.2439068450866,582700,VBR
2021-12-15,162.03016662597656,162.30781025450779,158.5964944897886,160.53082042060868,460400,VBR
2021-12-16,160.7992401123047,163.825668867625,160.17914575846123,163.06675268913784,432900,VBR
2021-12-17,160.09580993652344,161.74322786516308,158.63349244842317,160.04028121658746,459000,VBR
2021-12-20,157.07864379882812,158.00416019447417,154.68155972344712,157.73575253127152,886900,VBR
2021-12-21,161.56741333007812,161.64144221843176,158.4946919397725,158.4946919397725,523900,VBR
2021-12-22,163.1685333251953,163.21481196657862,161.24345764617064,161.47483673082854,617500,VBR
2021-12-23,164.3809814453125,164.751182385858,163.52024378126632,163.81641583151122,359700,VBR
2021-12-27,166.3301239013672,166.3301239013672,163.48838418952982,164.4853139932328,311800,VBR
2021-12-28,166.4605712890625,167.53204020803645,165.99471276483487,165.99471276483487,425600,VBR
2021-12-29,167.01028442382812,167.1593625667444,165.87358846362145,166.49783719309983,460800,VBR
2021-12-30,166.48851013183594,168.32399372751337,166.37670864316456,167.69974505430994,574600,VBR
2021-12-31,166.63760375976562,167.36434193746715,166.00402875899744,166.16241895497092,450500,VBR
2022-01-03,167.96994018554688,169.05073532121835,166.67485411988173,167.21525168771748,527600,VBR
2022-01-04,170.11289978027344,170.67192147714303,168.9482534740361,168.9482534740361,1189000,VBR
2022-01-05,166.77734375,171.24026194464562,166.72144300444833,170.5042117667598,1108400,VBR
2022-01-06,168.14697265625,168.99483856113613,166.2369499114305,167.87676675752326,750100,VBR
2022-01-07,167.65318298339844,168.89236847481064,166.89849438128374,168.10971527921467,680100,VBR
2022-01-10,166.80531311035156,167.28980998840547,164.55055940957635,167.0755190337734,801500,VBR
2022-01-11,168.4171600341797,168.43579835492986,165.28659034118758,167.1034498671916,994000,VBR
2022-01-12,168.08175659179688,169.7681764592717,167.05687632754018,168.93894882158358,471700,VBR
2022-01-13,168.37991333007812,170.36447527749985,167.89541646345123,168.6873816752332,438600,VBR
2022-01-14,168.49169921875,168.49169921875,166.0785555957754,167.11276203660356,454600,VBR
2022-01-18,165.1561737060547,167.70908376589955,164.65305271018207,167.4668424296461,682100,VBR
2022-01-19,162.68707275390625,166.1251100573181,162.58458333613703,165.8642304878819,675200,VBR
2022-01-20,159.519287109375,165.11890162760793,159.3795210176121,163.12502765024323,718400,VBR
2022-01-21,156.95703125,160.48823195604788,156.6309246565193,158.857727422387,1229600,VBR
2022-01-24,159.2863311767578,159.67765057781648,152.3357166859975,154.05939867775604,1321200,VBR
2022-01-25,158.17759704589844,159.63107327259283,154.06872171644645,157.07816360719818,726900,VBR
2022-01-26,156.51914978027344,161.26158607493602,154.78615552702388,159.91059921797032,628900,VBR
2022-01-27,154.31097412109375,159.73357420604506,153.36063296101128,157.60926045770046,909300,VBR
2022-01-28,156.4539337158203,156.4539337158203,151.8232985917709,154.29235743673547,686500,VBR
2022-01-31,159.2863311767578,159.2863311767578,155.22404482978968,155.78306645264263,598700,VBR
2022-02-01,161.0379638671875,161.19635405214552,157.80490471977657,159.48199817355754,635400,VBR
2022-02-02,161.1404571533203,161.60631566733215,159.38883880810982,161.28953528985375,758500,VBR
2022-02-03,158.9136505126953,161.28953172501846,158.67140920883767,159.95716901161833,572500,VBR
2022-02-04,158.8484344482422,160.07829347998475,156.81728402103943,158.80184575545408,882400,VBR
2022-02-07,159.1279754638672,160.2460474853169,158.47577626260573,158.8484716753811,410200,VBR
2022-02-08,161.71810913085938,161.9230737693042,159.3235898741495,159.64969647584525,408900,VBR
2022-02-09,164.1405792236328,164.19647996792492,162.86413150605347,162.994571315026,722600,VBR
2022-02-10,162.2212371826172,165.73381403126723,161.2242932315475,162.29577624392942,614100,VBR
2022-02-11,160.82366943359375,163.85174963642663,159.7801509592476,162.38894714511298,583200,VBR
2022-02-14,159.6497039794922,161.93240764803613,158.76456150953618,160.98205238479892,588200,VBR
2022-02-15,163.22750854492188,163.38589873378794,160.83298895688355,160.83298895688355,466000,VBR
2022-02-16,164.28033447265625,164.73686666553124,162.2771345607023,162.6032411700747,452600,VBR
2022-02-17,161.13116455078125,163.4977198321969,160.77710748799552,163.0132371552931,456700,VBR
2022-02-18,160.609375,162.59392246827193,159.9478496993276,160.58142462839564,721000,VBR
2022-02-22,158.20555114746094,160.89821273778958,157.28314618945106,159.89195666092607,637300,VBR
2022-02-23,155.88555908203125,160.05964699586295,155.55946668289243,159.1186180037804,543300,VBR
2022-02-24,157.1899871826172,157.62788110941062,151.94441572775796,152.26119610751223,931400,VBR
2022-02-25,161.7647247314453,161.85790213186945,157.5719976161141,157.73038782333492,461200,VBR
2022-02-28,161.87652587890625,162.49144832895797,159.41679342807737,159.70562343975868,548900,VBR
2022-03-01,158.31736755371094,162.1560374472849,157.24589857798026,161.34544812159078,754300,VBR
2022-03-02,162.8268585205078,163.52564627359166,159.21180621202774,159.78015415321087,618700,VBR
2022-03-03,162.11875915527344,163.62813615662998,160.469616072797,163.33930615927147,549300,VBR
2022-03-04,159.78013610839844,160.65593805118112,158.00986547038804,160.2832569783745,473400,VBR
2022-03-07,154.50662231445312,159.77081735397581,154.50662231445312,159.7149166121132,539700,VBR
2022-03-08,154.9352264404297,158.4850804450926,154.36687845492585,155.5222127481937,658100,VBR
2022-03-09,158.66209411621094,159.55654876177462,157.32043347317685,157.85150481204724,376000,VBR
2022-03-10,159.31430053710938,159.3422509107401,156.66821335945622,156.8452418703664,368000,VBR
2022-03-11,157.91671752929688,160.76776923995527,157.81422809186725,160.0223928056374,300400,VBR
2022-03-14,156.9197998046875,159.1093407814874,156.15579913880705,158.69007090974657,353300,VBR
2022-03-15,158.75527954101562,158.80186824040027,156.6868663968371,157.1527249569336,358900,VBR
2022-03-16,162.36097717285156,162.37961549103574,158.76454947435363,160.02237293966718,1819900,VBR
2022-03-17,163.99151611328125,164.2058212751918,161.6063226925532,161.6063226925532,307900,VBR
2022-03-18,164.83006286621094,165.035041749759,162.52872066927267,163.36726030787932,1749600,VBR
2022-03-21,164.66238403320312,166.5165064610039,163.6002269470608,165.1002922738552,423100,VBR
2022-03-22,165.50088500976562,166.96367321639966,164.82072140574016,165.35180688694862,1603800,VBR
2022-03-23,163.29052734375,165.35691054921165,163.15962620859543,165.2073051755625,954200,VBR
2022-03-24,164.7865753173828,164.7865753173828,163.11289528610314,163.8609079905611,365700,VBR
2022-03-25,166.581787109375,166.581787109375,164.7304525684065,164.8520087272901,407300,VBR
2022-03-28,165.93661499023438,166.1610230526718,164.2068367267695,166.1610230526718,597700,VBR
2022-03-29,169.12501525878906,169.38681753954256,166.94643506975473,166.9744842950387,513900,VBR
2022-03-30,166.67527770996094,169.2185121585334,165.99272276569948,168.86321720698677,917000,VBR
2022-03-31,164.50604248046875,167.67573314696736,164.43123979526143,166.58177062672306,399700,VBR
2022-04-01,165.5532684326172,166.22647840102596,164.0385531372749,165.56262768619402,432500,VBR
2022-04-04,164.92678833007812,165.74024431418763,164.10397309373107,165.74024431418763,829300,VBR
2022-04-05,162.00958251953125,166.03013819604956,161.71973099410002,165.0109639629732,1864200,VBR
2022-04-06,160.6724853515625,161.4765963758513,159.68137474963396,161.28959679821156,456200,VBR
2022-04-07,160.25173950195312,160.98104787255153,158.04511015145818,160.82209751148815,484600,VBR
2022-04-08,160.55096435546875,161.850630849766,159.58788858441054,160.3452605131637,357000,VBR
2022-04-11,160.0366973876953,162.22462259103077,159.81228931537075,160.24240122053757,461000,VBR
2022-04-12,160.23301696777344,162.86039865251735,159.71877173305444,161.28024020807996,526700,VBR
2022-04-13,162.89781188964844,163.08481145930168,160.56028160110125,160.56028160110125,441100,VBR
2022-04-14,162.2993927001953,164.17876177698398,162.20588578870965,163.14089783496001,1187800,VBR
2022-04-18,162.1124267578125,163.00068553249733,161.39246333811542,162.0656732923755,702600,VBR
2022-04-19,165.34754943847656,165.60935170584395,162.32746411103244,162.39290754429754,395400,VBR
2022-04-20,166.6565704345703,167.58222333032822,165.97400129402084,166.27321202968415,507700,VBR
2022-04-21,163.66452026367188,168.4891863760467,163.1689649661339,168.09648298557244,395900,VBR
2022-04-22,159.33543395996094,163.2624823843339,159.24192703219921,163.03807431799822,582200,VBR
2022-04-25,159.70010375976562,159.84970915194506,155.3709922434777,158.1479799170036,579900,VBR
2022-04-26,155.5392608642578,159.19514715176308,155.4831481566196,158.61544424386668,444400,VBR
2022-04-27,155.51124572753906,157.10076371402403,154.51077576241647,155.96004761694726,694200,VBR
2022-04-28,158.44715881347656,159.10166443859646,154.25829427840415,156.9043802680305,558700,VBR
2022-04-29,154.08067321777344,159.29804365113742,153.80952592378458,157.90488443180436,489200,VBR
2022-05-02,154.66970825195312,155.72627654770048,151.35977151612488,154.10870952184237,1008900,VBR
2022-05-03,157.06332397460938,157.77394228082628,154.77254724996465,154.83800494328548,845200,VBR
2022-05-04,161.28025817871094,161.4672577637317,155.83848037153712,157.51216018528459,475600,VBR
2022-05-05,156.1283416748047,159.98994683686553,154.55752794138283,159.9431933708853,1012600,VBR
2022-05-06,154.50140380859375,155.81976002031536,152.5752669073062,155.52056356865134,1149300,VBR
2022-05-09,149.396240234375,152.92124003582808,148.71368535945518,152.41632548505757,813100,VBR
2022-05-10,148.23681640625,151.36911274002372,145.64684308560066,150.9764093585587,1014400,VBR
2022-05-11,145.9273681640625,151.4345897254339,145.6749108626963,148.51734181459733,4522500,VBR
2022-05-12,146.9652099609375,148.0030740680671,144.2069268391357,145.4504947705363,1410200,VBR
2022-05-13,150.5650177001953,151.59353685626357,148.5266978945474,148.5827963453958,482100,VBR
2022-05-16,150.4995574951172,151.64961841083635,149.24663040809784,150.43409979831756,505100,VBR
2022-05-17,155.07177734375,155.07177734375,152.10777614778078,152.94929567866816,526700,VBR
2022-05-18,149.56454467773438,153.5757403865388,148.83522209989,153.39808580136855,627300,VBR
2022-05-19,148.88197326660156,150.67719479351769,147.58230701323848,148.13396073026504,647100,VBR
2022-05-20,148.264892578125,150.52762040801224,144.93623713531608,150.35931079175734,771300,VBR
2022-05-23,150.38735961914062,151.06992880110093,148.2368286943377,149.71414969020833,552700,VBR
2022-05-24,148.9755096435547,149.56457195081833,145.9180154652579,149.1999177289778,421600,VBR
2022-05-25,151.9581756591797,152.61268129802738,148.23681710216175,148.54537281772272,591100,VBR
2022-05-26,155.29615783691406,156.04417037791652,152.89318413450852,152.96798681532402,443000,VBR
2022-05-27,158.5126190185547,158.5126190185547,155.66082892105038,155.73563161000263,436700,VBR
2022-05-31,156.95114135742188,158.34431460852758,156.0909318844225,157.98900542312336,564400,VBR
2022-06-01,156.072265625,158.1199450313262,153.85629083757362,157.71788228677005,603700,VBR
2022-06-02,158.80245971679688,158.81181896925045,155.72627602888497,156.19378210266296,538200,VBR
2022-06-03,157.42800903320312,158.19472593163002,156.77350330720137,157.77397326971138,366500,VBR
2022-06-06,158.60610961914062,159.25127026117892,158.02639240622727,159.04556645452462,404600,VBR
2022-06-07,160.43873596191406,160.44809521465854,157.08204567196918,157.34384794005018,292300,VBR
2022-06-08,157.56825256347656,159.55981875459227,156.9885353249468,159.52242454589032,348400,VBR
2022-06-09,154.15542602539062,156.9511170805723,154.12737680637133,156.85761017240728,324400,VBR
2022-06-10,150.02272033691406,152.31349761322025,149.62067189707233,151.64964687135242,628200,VBR
2022-06-13,142.98204040527344,146.64728591463782,142.3368798105951,146.49768056311643,1099100,VBR
2022-06-14,142.43975830078125,144.29109277042323,141.0839934339738,143.73007973104913,1019800,VBR
2022-06-15,143.96383666992188,145.71230500459728,141.95356604771715,143.80488630014727,516200,VBR
2022-06-16,137.13824462890625,140.92504708471606,136.34349277882325,140.82219516680476,1095800,VBR
2022-06-17,137.86752319335938,139.316794716661,136.08164676314354,137.81142475339894,984000,VBR
2022-06-21,139.9619598388672,141.23357683200186,138.94280010087417,139.98066407517635,858300,VBR
2022-06-22,139.3542022705078,140.36401708798687,137.8301421926943,137.85819141536152,611700,VBR
2022-06-23,139.5439910888672,140.08890303264553,137.55225485933394,139.77886618520415,621400,VBR
2022-06-24,144.31666564941406,144.4106214292892,140.50229609096795,140.84051682862344,857900,VBR
2022-06-27,144.9837188720703,146.02655062767636,143.82812297660945,145.0494764501931,636600,VBR
2022-06-28,143.40533447265625,147.47337275444704,143.27380499559402,146.07351205628342,981200,VBR
2022-06-29,141.81759643554688,143.3208029573767,140.84052223130536,143.3208029573767,508700,VBR
2022-06-30,140.75595092773438,142.2591429035417,138.71722252955917,139.85402427373975,569400,VBR
2022-07-01,142.7476806640625,143.00134976399588,139.33728992104184,140.41772388852866,578100,VBR
2022-07-05,141.97731018066406,141.97731018066406,138.11596257377656,140.43652994268393,633100,VBR
2022-07-06,140.85928344726562,142.55979115714223,139.15879007302698,141.63907047383543,671300,VBR
2022-07-07,143.59324645996094,143.97844508802555,142.04307643959842,142.04307643959842,467900,VBR
2022-07-08,143.02015686035156,144.17575279506772,142.06187667362488,143.4617232414597,617900,VBR
2022-07-11,141.5921173095703,142.82286058956905,141.30086013187224,142.06186752854015,394000,VBR
2022-07-12,141.62969970703125,143.21745783824528,140.80293468352573,140.80293468352573,2341400,VBR
2022-07-13,141.0847930908203,141.7800286449399,139.23397589696992,139.8728437129037,510800,VBR
2022-07-14,139.34671020507812,139.50642355738154,137.58983465846302,138.70784246022566,604300,VBR
2022-07-15,142.0994415283203,142.15580926100947,139.35610196421553,140.92506597849948,514800,VBR
2022-07-18,142.2403564453125,144.37302639157411,141.93972376842143,143.4429158241539,569900,VBR
2022-07-19,146.91908264160156,147.01302408373667,143.52748549715892,143.83752236104658,577500,VBR
2022-07-20,148.19680786132812,148.44107282032888,146.0453437779362,146.57146174233128,851600,VBR
2022-07-21,148.62896728515625,148.62896728515625,145.97017930994298,147.25730466569104,347300,VBR
2022-07-22,147.57672119140625,149.784538479743,146.6184267912514,148.82625841522625,456400,VBR
2022-07-25,148.95779418945312,149.1268973836415,147.23850670367753,148.01829377114768,529100,VBR
2022-07-26,148.11224365234375,148.95780267838933,147.67067728372476,148.44107455174583,342500,VBR
2022-07-27,150.55494689941406,151.07167501331057,148.21558562139495,148.92961513719342,500800,VBR
2022-07-28,152.87550354003906,152.9318712693433,149.80333327221496,151.15621611806918,382900,VBR
2022-07-29,154.58538818359375,155.0363586933888,152.78154915132842,153.2419095042132,780400,VBR
2022-08-01,154.5008544921875,155.13972228727567,152.5560959100296,153.6646996198862,461600,VBR
2022-08-02,152.7627716064453,154.44447102392562,152.54667619160844,153.95592679928546,360800,VBR
2022-08-03,153.81500244140625,154.43507612905447,152.5936490875762,153.67408311950348,389900,VBR
2022-08-04,152.8191375732422,153.8619835843124,152.65002004774084,153.78682183249384,349200,VBR
2022-08-05,153.56134033203125,153.68347997367783,151.3817068185484,151.4662584155474,280900,VBR
2022-08-08,154.81088256835938,156.09799359383163,154.4256839443903,154.48205167752934,449000,VBR
2022-08-09,153.8432159423828,154.7545326279462,153.23254631564646,154.6136132788965,306200,VBR
2022-08-10,157.1690216064453,157.41330089457648,155.9007046194249,155.9007046194249,788100,VBR
2022-08-11,158.69102478027344,160.15664319162096,158.41856162124853,158.51251740069972,309700,VBR
2022-08-12,161.07736206054688,161.07736206054688,159.01046377374735,159.55537579824147,286700,VBR
2022-08-15,161.1525115966797,161.28404108670713,159.3862461571919,159.86540056315124,584900,VBR
2022-08-16,162.41143798828125,163.0784896145761,160.93642973827363,160.93642973827363,436600,VBR
2022-08-17,160.40089416503906,161.30282082796992,159.34865833798472,160.92701207856624,332500,VBR
2022-08-18,161.51889038085938,161.66921386990097,160.2975371197611,160.76728727128835,362900,VBR
2022-08-19,158.98226928710938,160.35393193333155,158.51251905622576,160.15664486431848,255800,VBR
2022-08-22,155.64703369140625,157.1408359266215,155.39336456267424,157.1408359266215,301500,VBR
2022-08-23,155.7691650390625,157.46965842407695,155.61884153851233,156.16375347627817,508000,VBR
2022-08-24,156.39865112304688,156.80262946143722,155.2900330661718,155.78798152550422,266700,VBR
2022-08-25,158.99166870117188,158.99166870117188,156.66171142971962,157.08448379583518,331100,VBR
2022-08-26,154.53842163085938,159.32986493535017,154.5196276094067,159.10439402047035,374200,VBR
2022-08-29,153.67408752441406,154.93301462162466,152.88489629222315,153.50496999764513,333500,VBR
2022-08-30,151.4286651611328,153.99351153363804,150.85558368854112,153.99351153363804,532200,VBR
2022-08-31,150.33883666992188,151.93598425595735,150.169719167409,151.70110918931576,319600,VBR
2022-09-01,149.1645050048828,149.37119627088754,147.48279100744801,149.3617920906615,497500,VBR
2022-09-02,148.55381774902344,151.67296635892498,147.93375830043408,150.74285568258054,418900,VBR
2022-09-06,147.22914123535156,149.34301752650885,146.56208952023763,149.1738999686829,508200,VBR
2022-09-07,150.04762268066406,150.3012774796645,146.8533125598507,146.9190844722399,363600,VBR
2022-09-08,151.35353088378906,151.36292072762365,148.43168385961832,149.25843452188374,390600,VBR
2022-09-09,154.06866455078125,154.30353963369782,152.48090669656327,152.66880389576906,431200,VBR
2022-09-12,155.71278381347656,156.41740903363757,154.85783510579503,155.06452631722655,303300,VBR
2022-09-13,149.91610717773438,153.10101341640103,149.41815870563866,152.35879996615537,399600,VBR
2022-09-14,149.79396057128906,150.40463015615273,148.15922455620006,150.2637108167657,352700,VBR
2022-09-15,148.9108123779297,151.1562177450925,148.4128783161984,149.1175036113621,357100,VBR
2022-09-16,147.01300048828125,147.37001518375538,145.4440367336166,147.1069562509755,531300,VBR
2022-09-19,148.85446166992188,149.06115292699,145.61318780864823,145.66955554500498,375300,VBR
2022-09-20,146.59027099609375,147.68009508450896,145.57560867263552,147.68009508450896,401000,VBR
2022-09-21,144.49514770507812,148.60075939167857,144.44816982337406,147.47336190896493,305600,VBR
2022-09-22,141.62969970703125,144.63609842572416,141.39482458313898,144.63609842572416,1836400,VBR
2022-09-23,138.31605529785156,139.79864632351797,136.53127167040003,139.75144133765832,998100,VBR
2022-09-26,135.87965393066406,139.24146669254895,135.41692700650196,137.437792790856,1944600,VBR
2022-09-27,135.7568817138672,138.20270747488075,134.54814041229014,137.40002117507328,926600,VBR
2022-09-28,139.27926635742188,140.04417151377478,136.03076816457985,136.6256863921125,813900,VBR
2022-09-29,136.3424072265625,137.7872313681904,134.72759614568278,137.70224510323254,909200,VBR
2022-09-30,135.4169464111328,138.2404989276627,135.23753577499397,136.12519406895115,526500,VBR
2022-10-03,139.18479919433594,140.07247170665772,135.87020605619733,137.02228981780658,562000,VBR
2022-10-04,144.9263458251953,144.9924414412688,141.61175226491574,141.61175226491574,460400,VBR
2022-10-05,144.1614532470703,144.73749525126493,141.86672334502646,142.9243829780627,425100,VBR
2022-10-06,142.82049560546875,144.7374846375194,142.36720676340673,143.4720712984309,398000,VBR
2022-10-07,139.76087951660156,141.89506073266966,139.07152245630277,141.60232065539222,406700,VBR
2022-10-10,139.5436553955078,140.97902669547545,138.67487347942225,140.2896697942191,324200,VBR
2022-10-11,139.7325439453125,141.48899873263525,137.93832228925982,138.81654247825338,576000,VBR
2022-10-12,139.05259704589844,140.11969459177024,138.38211638387293,139.70418707269334,433000,VBR
2022-10-13,142.48995971679688,143.2170978850554,135.5207993833397,136.7295406865229,690200,VBR
2022-10-14,139.4870147705078,144.42585749028441,139.2886990960942,143.5570754691103,503600,VBR
2022-10-17,142.8488311767578,143.54762629196313,141.819500323601,141.819500323601,530400,VBR
2022-10-18,145.00189208984375,146.83389481906548,143.83091755948195,145.51182401201166,557800,VBR
2022-10-19,143.01878356933594,144.67136116121182,141.58339785492188,143.6798117242197,440500,VBR
2022-10-20,140.80908203125,144.4353066783459,140.41246506134914,142.95271570104995,342100,VBR
2022-10-21,143.65150451660156,143.9536970951968,140.06306130646234,140.99793897665393,388700,VBR
2022-10-24,144.7469024658203,145.15297186209165,143.28318807163143,144.3691762263733,519600,VBR
2022-10-25,148.03317260742188,148.22205014381242,144.43527744290927,144.7374699736678,482800,VBR
2022-10-26,148.3353729248047,150.38456750008135,147.53268658100797,148.25982478814927,799200,VBR
2022-10-27,148.98696899414062,150.9133961237517,148.66588579809354,149.7424359817793,610400,VBR
2022-10-28,151.57443237304688,151.72552866045473,148.55257867156516,149.14751129739915,568700,VBR
2022-10-31,151.66885375976562,152.3393344524046,150.56398930231836,150.8378386836685,443400,VBR
2022-11-01,152.23550415039062,153.50090337849517,151.46114633629398,153.22703950401208,534800,VBR
2022-11-02,148.02374267578125,153.1231194348498,147.948194538916,151.791624949434,601200,VBR
2022-11-03,147.46658325195312,148.40146077431774,144.94522376149564,146.5505819557645,610800,VBR
2022-11-04,150.10125732421875,151.10224486344677,147.64600786012474,149.6479829385808,360500,VBR
2022-11-07,151.60275268554688,151.72552021339777,149.91240809345064,151.09282075560378,364800,VBR
2022-11-08,151.67831420898438,153.34978272069552,150.06351761389806,151.71609548673425,536700,VBR
2022-11-09,148.48648071289062,151.51777248108968,148.18428814283467,150.54511356139116,415000,VBR
2022-11-10,156.48495483398438,156.66436545788363,153.75584128841396,153.75584128841396,689300,VBR
2022-11-11,157.48594665527344,158.56248247386048,156.80602777939373,157.43872726485557,663300,VBR
2022-11-14,155.7483367919922,158.18470987118695,155.7483367919922,156.75877678776618,449700,VBR
2022-11-15,157.62759399414062,158.95910302373142,156.4944006450712,157.8636765422524,641000,VBR
2022-11-16,155.3517608642578,157.08933943759467,154.99292517540405,156.73048933940515,532000,VBR
2022-11-17,154.70960998535156,154.70960998535156,152.6604152918628,153.35921037990278,623600,VBR
2022-11-18,155.908935546875,156.61718325939682,154.53020699305773,156.15445623318806,473400,VBR
2022-11-21,155.7672576904297,156.1166696495033,154.6812837654207,155.2478732182944,580700,VBR
2022-11-22,158.27919006347656,158.45861511225857,156.7682559352093,156.966571623162,473200,VBR
2022-11-23,158.3358612060547,158.81746447635985,157.57095596113714,158.07144987223967,354300,VBR
2022-11-25,159.1857452392578,159.5634715472395,158.22252442176904,158.33583943229655,178600,VBR
2022-11-28,156.0316619873047,158.45859731676293,155.672826339375,157.5803628106526,536600,VBR
2022-11-29,156.9759979248047,157.65591679042387,156.3432984488908,156.4849566180067,519300,VBR
2022-11-30,160.10169982910156,160.1394810978484,155.38004988899283,157.24038111814224,546000,VBR
2022-12-01,159.66734313964844,161.61266093887272,159.23294493149746,160.57389201242552,641200,VBR
2022-12-02,159.94119262695312,160.53612523144494,157.70313478618417,158.1752998603943,899500,VBR
2022-12-05,155.67283630371094,159.17629321054224,155.18178057433954,159.17629321054224,644700,VBR
2022-12-06,154.36021423339844,156.0694495168371,153.1703490102891,155.75781883503868,443400,VBR
2022-12-07,153.7463836669922,155.1628788390254,153.51030113832,154.13356247225477,459300,VBR
2022-12-08,154.33184814453125,155.70113820004275,153.84080690919302,154.96456193770283,494500,VBR
2022-12-09,152.97201538085938,154.5584827969012,152.96256285928877,153.8030159471677,515700,VBR
2022-12-12,154.78517150878906,155.02125406636722,152.46211280211216,153.51031993413267,481600,VBR
2022-12-13,155.38951110839844,159.1101737749524,154.60571544534946,158.90242001321252,887400,VBR
2022-12-14,154.59628295898438,156.5132718589915,153.5386234763597,155.5878180105282,539400,VBR
2022-12-15,151.3383331298828,153.28366519462097,150.82840122781238,152.83037638241007,830800,VBR
2022-12-16,149.77076721191406,150.46956229934509,148.60923075534413,149.7424384602255,637700,VBR
2022-12-19,148.6470184326172,150.62066506837616,147.95764702027887,149.9690749328062,1366700,VBR
2022-12-20,149.10028076171875,149.96906273537303,148.1842794006121,148.61867759210622,700800,VBR
2022-12-21,151.772705078125,152.22597940267224,150.46952518455433,150.77171767380648,560700,VBR
2022-12-22,150.06005859375,150.95395478327936,147.5590530222403,150.89688553918128,605900,VBR
2022-12-23,151.4865264892578,151.5055495758366,149.47050011245022,150.17420921222953,501200,VBR
2022-12-27,151.6576690673828,152.1997181296993,150.8683779563242,151.77179306018502,594400,VBR
2022-12-28,148.8143310546875,152.15216392710846,148.80481225781097,152.0190313640867,921100,VBR
2022-12-29,151.72422790527344,152.04754774777035,149.48948735492118,149.71772080805079,632100,VBR
2022-12-30,151.0110321044922,151.27729724200503,149.85087064374542,150.58310702708664,612200,VBR
2023-01-03,150.5640869140625,152.92244154015623,149.42294851500824,151.9049314253732,780100,VBR
2023-01-04,152.78932189941406,153.53106264709135,151.21073948343903,151.37239944020325,638800,VBR
2023-01-05,151.34385681152344,151.8954101727297,150.47850236669805,151.7813006877773,332600,VBR
2023-01-06,155.06207275390625,155.33785667862864,152.37087959561492,152.66567209349242,380400,VBR
2023-01-09,154.90992736816406,156.6882157805278,154.71974005148596,155.8038237179495,568100,VBR
2023-01-10,156.30783081054688,156.33635818329222,154.01604964128296,154.71974418281823,305700,VBR
2023-01-11,158.26678466796875,158.32385392269464,156.8213494428821,156.8213494428821,336600,VBR
2023-01-12,160.08309936523438,160.3969149590366,157.97198683264625,158.91343361405288,654800,VBR
2023-01-13,160.50152587890625,160.77730982436503,158.3999320687107,158.87540761984155,395800,VBR
2023-01-17,160.08309936523438,161.06257780481624,159.82635302423765,160.58710227063622,483200,VBR
2023-01-18,157.6771697998047,161.4429418293842,157.6296193517098,160.68217819094437,1111800,VBR
2023-01-19,156.1842041015625,156.9449533256058,155.23325306114705,156.62163345435127,816700,VBR
2023-01-20,158.75177001953125,158.8563752150575,155.75626551693065,156.82134055602398,510700,VBR
2023-01-23,160.349365234375,161.04356996490225,158.75177439722248,159.1701951908658,510600,VBR
2023-01-24,159.92141723632812,160.56807141848006,158.9134115653816,159.64564784932492,565700,VBR
2023-01-25,160.4539337158203,160.53001152547026,158.04802921328053,158.63762861047783,295800,VBR
2023-01-26,161.92796325683594,162.08011892576206,159.95950189017074,161.31935509149463,412800,VBR
2023-01-27,162.50802612304688,163.0500751924208,161.01504050368314,161.45246986564229,520100,VBR
2023-01-30,160.86288452148438,162.87889612197733,160.75827932464588,161.44296524752303,474700,VBR
2023-01-31,164.7142333984375,164.78079242478907,161.20522179509152,161.40491338450735,500900,VBR
2023-02-01,166.8063507080078,168.01404826451625,163.4494941885103,164.31484873828194,671800,VBR
2023-02-02,168.97450256347656,169.76379371437002,167.31984243276906,167.79531798075098,673900,VBR
2023-02-03,167.9474639892578,169.28830844001627,167.41493372777225,167.44346109818315,714900,VBR
2023-02-06,165.988525390625,167.32936998860256,165.1516837390595,167.02505865699223,429000,VBR
2023-02-07,166.99649047851562,167.4149112020589,164.35284810015685,165.73172402248133,477500,VBR
2023-02-08,164.9519500732422,166.4449354460569,164.60008837197208,166.17867035395795,283100,VBR
2023-02-09,162.78379821777344,166.50202040726194,162.39391930450506,166.15017315247272,348400,VBR
2023-02-10,163.4969940185547,163.61111800249626,161.9945042485339,162.29880101487066,435200,VBR
2023-02-13,165.3608856201172,165.3608856201172,163.0595857074111,163.71574428577367,293900,VBR
2023-02-14,165.1231231689453,166.13112885911863,163.5445411018935,164.7522528770823,266400,VBR
2023-02-15,166.0931396484375,166.1596986868776,163.5541016921941,164.02005849236605,357300,VBR
2023-02-16,164.99002075195312,166.46399790281833,163.88691396069223,164.4099399833041,344900,VBR
2023-02-17,165.14215087890625,165.37036982776527,163.58259185014106,164.65715659185997,464400,VBR
2023-02-21,160.89141845703125,163.90593169391374,160.51102931193367,163.54456563366162,405200,VBR
2023-02-22,161.1671600341797,162.22271615004226,160.50149728326627,160.96746846408553,521400,VBR
2023-02-23,161.84237670898438,162.83135950923474,160.03556083820988,162.06109140810807,311900,VBR
2023-02-24,161.05308532714844,161.29082311167065,159.1321599653073,159.91194686351434,523300,VBR
2023-02-27,161.28131103515625,163.15468584754828,160.8438671482015,162.0801064700871,323300,VBR
2023-02-28,160.99603271484375,162.3844132690561,160.91045059376827,161.22425170437836,292500,VBR
2023-03-01,161.34783935546875,161.7757643634194,160.06406433161683,160.69168090511008,305600,VBR
2023-03-02,161.88038635253906,162.15617027121243,159.77879274646003,160.4064093851204,369600,VBR
2023-03-03,163.76329040527344,164.06758720276102,161.67118643971338,162.68871105117776,386900,VBR
2023-03-06,161.63314819335938,164.04855743192587,161.2147274173019,163.92494366471703,350900,VBR
2023-03-07,159.5315399169922,162.05156885820483,159.284297872383,161.67117973915853,319700,VBR
2023-03-08,159.59812927246094,160.33986999016585,158.53306865429235,159.83586705404232,368100,VBR
2023-03-09,155.1381378173828,159.86436521234825,155.08108308188784,159.46496755352356,572800,VBR
2023-03-10,150.78280639648438,154.87189909098882,149.3183480646845,154.85287600579696,745600,VBR
2023-03-13,146.66519165039062,149.52756389557192,144.91544501868168,147.3689007243958,929500,VBR
2023-03-14,149.11862182617188,151.7432558347464,147.61611752671442,150.72573131452705,439800,VBR
2023-03-15,145.78079223632812,146.14214375184648,143.33684118401615,146.14214375184648,809100,VBR
2023-03-16,147.6731719970703,148.700200801564,143.16567361721303,144.46847182265054,1431000,VBR
2023-03-17,143.86940002441406,147.12166588308855,143.2988380131666,147.1026427962712,468300,VBR
2023-03-20,146.20870971679688,147.67316780680017,145.35285965918405,145.4859922128207,1102500,VBR
2023-03-21,148.9569854736328,149.7652997439803,148.25327640873778,149.06159067908527,842300,VBR
2023-03-22,144.8773956298828,149.25176167390168,144.8773956298828,149.00451962914016,386900,VBR
2023-03-23,143.6931610107422,147.26109385784153,142.60269293380327,146.04626942085497,788700,VBR
2023-03-24,145.28106689453125,145.37671330047368,141.51225111989248,142.50705839744757,659900,VBR
2023-03-27,146.94546508789062,147.8159306236976,145.92196237540207,147.16548248429484,719600,VBR
2023-03-28,147.51937866210938,148.10287568136948,146.53413175028268,146.83066039033292,641400,VBR
2023-03-29,149.1550750732422,149.2124804263015,147.99765588003143,149.07856379413286,483600,VBR
2023-03-30,149.38465881347656,150.7620954269248,148.8585525241986,150.37948063244198,494200,VBR
2023-03-31,151.8621368408203,151.9960534898758,150.14035552319842,150.28383243439356,430200,VBR
2023-04-03,151.9578094482422,153.13436399733837,150.89603643686624,152.12998175482258,389100,VBR
2023-04-04,149.03074645996094,152.32128639336872,148.07419483261307,152.32128639336872,517200,VBR
2023-04-05,148.22723388671875,148.85854681381562,147.2611074846103,148.33245514053795,515500,VBR
2023-04-06,148.18898010253906,148.63856054642076,147.58634789141684,148.13158933877884,488400,VBR
2023-04-10,149.80555725097656,149.90121825606738,147.54809473154285,147.67245111899686,443400,VBR
2023-04-11,151.1638641357422,151.8717176489513,150.35078935159416,150.3794993307781,392500,VBR
2023-04-12,150.06382751464844,152.46476690152508,149.93947112949274,152.46476690152508,496000,VBR
2023-04-13,151.12559509277344,151.55604040088488,149.6429371685502,150.62818416553702,401200,VBR
2023-04-14,150.1594696044922,152.20648949269042,149.2220531013261,151.4029896328338,366100,VBR
2023-04-17,151.6230010986328,151.6230010986328,150.1499179379042,150.39861611948118,705100,VBR
2023-04-18,151.29779052734375,152.30217279716106,150.54212105710917,152.03433947131933,447600,VBR
2023-04-19,151.8238525390625,152.1203811634415,150.26466895121737,150.6281631853941,268300,VBR
2023-04-20,151.02993774414062,151.83343761815004,150.51340628108306,150.78123957241954,283200,VBR
2023-04-21,150.74298095703125,151.26908731837457,149.6716477090745,151.2308316720136,391200,VBR
2023-04-24,150.60903930664062,151.37428346925074,150.00642175258304,150.48469752973708,406600,VBR
2023-04-25,147.36634826660156,149.68120156155697,147.36634826660156,149.48989414630333,325300,VBR
2023-04-26,146.0367431640625,147.79679475142152,145.75934959915648,147.22287250118896,405700,VBR
2023-04-27,148.75335693359375,148.8777133313767,146.28545167463412,146.6680811309581,406500,VBR
2023-04-28,150.40818786621094,150.6568860426433,148.4089838093933,148.5333401955195,375500,VBR
2023-05-01,150.16903686523438,151.75690138534182,149.9681546125228,150.16903686523438,357600,VBR
2023-05-02,147.35678100585938,149.55685266633714,145.39584725204617,149.55685266633714,658800,VBR
2023-05-03,146.8211212158203,149.66208084595993,146.69676482794517,147.68201188127225,391700,VBR
2023-05-04,144.1905975341797,146.1323961696703,143.23404590700918,145.81673238120567,686300,VBR
2023-05-05,147.6628875732422,148.16985882825753,146.51502840331733,146.51502840331733,492100,VBR
2023-05-08,147.31851196289062,148.743779152675,146.84023614567946,148.5620320068036,304000,VBR
2023-05-09,146.754150390625,147.33764747300228,145.72107287121182,146.48631709994228,283800,VBR
2023-05-10,146.67759704589844,148.5428694695702,145.24276985910214,148.50461383341508,386000,VBR
2023-05-11,145.8358612060547,146.28542702326686,145.0706170181836,145.92194734578771,472500,VBR
2023-05-12,145.87413024902344,146.754156037388,144.88888319271206,146.38110146845278,435100,VBR
2023-05-15,147.232421875,147.86374943980462,146.0271721024069,146.23761462400844,334500,VBR
2023-05-16,145.0419158935547,146.82110235666318,145.0419158935547,146.68718572377622,384900,VBR
2023-05-17,148.21768188476562,148.50465031177856,145.54890908393236,145.91238880204963,431300,VBR
2023-05-18,149.5377197265625,149.7672973748017,147.4237341786749,147.86375435551176,495900,VBR
2023-05-19,148.17942810058594,150.36992508252064,147.55766073494408,150.1020917728296,482200,VBR
2023-05-22,149.1263885498047,149.7672909659026,147.64374524697564,148.48550072952588,457600,VBR
2023-05-23,148.31332397460938,150.4081742500334,148.30374911757727,148.71507388285502,351500,VBR
2023-05-24,146.44805908203125,147.78722551373082,146.10369991447715,147.66286913228035,329500,VBR
2023-05-25,146.15151977539062,146.84023812914324,144.72626716217408,146.40023254502452,405100,VBR
2023-05-26,147.595947265625,147.7872547085428,146.02720288038338,146.41939262564938,282100,VBR
2023-05-30,147.34719848632812,148.61941383512766,146.65849477910024,148.1698334263106,368700,VBR
2023-05-31,145.2619171142578,147.0124081799314,144.22883970193482,146.72543979942756,357500,VBR
2023-06-01,146.39065551757812,146.7541498088435,144.55407813339758,145.5871556487153,413200,VBR
2023-06-02,151.90994262695312,151.98646849907956,148.12200682950944,148.12200682950944,457100,VBR
2023-06-05,150.0542449951172,151.5655982763658,149.26030541469942,151.21167885461801,340100,VBR
2023-06-06,153.48828125,153.87089606436527,149.76729598639233,149.93946827411082,449200,VBR
2023-06-07,156.7310028076172,157.05622688453818,154.03351999171545,154.37787918957906,453200,VBR
2023-06-08,155.9657440185547,156.65446235022858,154.77005449770687,156.43444496940268,391400,VBR
2023-06-09,154.97091674804688,156.10921546744692,154.62655759424365,155.97529882962448,324800,VBR
2023-06-12,155.506591796875,156.28139621359313,154.4830746369409,155.2196234139895,327000,VBR
2023-06-13,157.3240509033203,158.02232952037005,155.6787808991172,155.88922342959572,489600,VBR
2023-06-14,156.1283416748047,158.59624637023387,155.24831601993986,157.7640366151474,506500,VBR
2023-06-15,157.59185791015625,157.73533479526796,155.47787269599996,155.47787269599996,339900,VBR
2023-06-16,157.0561981201172,158.68233280272065,156.30051423740264,158.11797090275076,410500,VBR
2023-06-20,155.8413848876953,156.6831549661802,155.12397118784634,156.52054294571275,502500,VBR
2023-06-21,155.7074737548828,156.39619209876312,154.69353135856448,155.21963767622577,448800,VBR
2023-06-22,154.234375,155.21962191493114,153.59348722204217,155.21962191493114,403900,VBR
2023-06-23,152.3078155517578,153.75057977355573,152.0385007378134,153.00034355234536,277500,VBR
2023-06-26,153.91407775878906,154.6066056984899,152.56748913090175,152.73100063380954,316000,VBR
2023-06-27,156.32830810546875,156.63610484423825,153.47163383369832,154.2314978596878,517900,VBR
2023-06-28,156.38601684570312,156.38601684570312,155.1163919854412,156.26098726214838,342500,VBR
2023-06-29,158.45401000976562,158.5405723513309,156.6361274541029,156.69383568181308,353000,VBR
2023-06-30,159.0887908935547,159.8101729828723,158.48283991858608,159.7909466942776,320000,VBR
2023-07-03,160.02175903320312,160.35840983563583,158.82908352492464,158.87716391679706,241100,VBR
2023-07-05,158.35780334472656,159.406208509705,158.01153933798835,159.19460191244517,367300,VBR
2023-07-06,156.5399169921875,156.93427606581633,154.9721085187477,156.876567845589,426000,VBR
2023-07-07,158.19427490234375,159.6081848888989,156.40524683832837,156.5110501256405,299700,VBR
2023-07-10,159.90635681152344,160.3488109331676,157.9442040638214,157.99228445996383,321700,VBR
2023-07-11,161.82044982910156,162.03205643475266,160.30073633240613,160.39691181352916,318300,VBR
2023-07-12,162.9650115966797,164.13846093666936,162.85922298269358,163.78258381237202,317700,VBR
2023-07-13,163.88841247558594,164.06155183080287,162.82076626084864,163.59024352241246,379100,VBR
2023-07-14,162.24363708496094,164.04229310795597,161.3010352467615,164.04229310795597,551100,VBR
2023-07-17,163.27281188964844,163.6190758774781,161.6857771734201,162.0705084147615,428300,VBR
2023-07-18,165.3407745361328,165.62933031683116,163.30167245856276,163.42671672139525,339700,VBR
2023-07-19,166.4180450439453,166.5334614832243,165.31191702014834,165.8794154252349,439500,VBR
2023-07-20,166.0044708251953,166.62967754715066,165.042627877472,166.6104365787598,349700,VBR
2023-07-21,165.10995483398438,166.62004054692108,165.10032701203994,166.62004054692108,283000,VBR
2023-07-24,166.0044708251953,166.58158246445277,164.87911633754607,165.1484311887839,376600,VBR
2023-07-25,165.91787719726562,166.802770781131,165.49466403181785,165.89863623250275,240300,VBR
2023-07-26,167.06248474121094,167.46645697164737,165.82169926235332,165.90827627188446,415200,VBR
2023-07-27,165.2541961669922,168.13972434082214,164.84061084015642,168.13972434082214,356400,VBR
2023-07-28,166.83163452148438,167.40874608524098,166.1198802262822,166.75468533454637,249400,VBR
2023-07-31,167.7357635498047,168.01469150120127,167.04323556692657,167.37988641402652,279000,VBR
2023-08-01,167.4472198486328,167.62997234014404,166.15835393957943,167.05286075395674,358000,VBR
2023-08-02,165.90826416015625,166.39879868775657,165.0233705757202,165.98521334270146,354200,VBR
2023-08-03,165.26385498046875,165.98523715921274,164.02306941415662,165.2253730453966,367200,VBR
2023-08-04,165.33114624023438,167.10093334071425,165.11953966555143,165.45619049160757,379500,VBR
2023-08-07,166.75466918945312,166.78352329719164,165.4465624912708,165.77360017323286,265500,VBR
2023-08-08,165.61972045898438,165.72552375812157,163.40747899847005,164.89833833120082,365200,VBR
2023-08-09,164.61940002441406,165.75438223382332,164.30200479520164,165.64857893190006,309500,VBR
2023-08-10,164.10000610351562,166.46614592718433,163.5036682443594,165.311922787898,322700,VBR
2023-08-11,164.25390625,164.7636817821734,163.43633396361636,163.59984548558168,311000,VBR
2023-08-14,163.744140625,163.744140625,162.50335506478325,163.62870949690858,495700,VBR
2023-08-15,161.35874938964844,162.71495131503372,161.2337198006352,162.71495131503372,369200,VBR
2023-08-16,159.99293518066406,162.23403076882022,159.96408106946285,161.24333381342618,322400,VBR
2023-08-17,158.53094482421875,160.97401919385953,158.46360878029307,160.73355848250856,354900,VBR
2023-08-18,159.0118865966797,159.36776379852472,157.0497187220727,157.6172025511118,448800,VBR
2023-08-21,158.53094482421875,159.6274450809169,157.50176593488916,159.31003518074678,371700,VBR
2023-08-22,157.4536895751953,159.18500983805083,157.25171077252148,158.82913263944343,270500,VBR
2023-08-23,158.92527770996094,159.05032196729238,156.9438839403865,157.5979446596325,307900,VBR
2023-08-24,157.95384216308594,160.23340513887968,157.91536022822544,158.56942103183252,323400,VBR
2023-08-25,158.30007934570312,159.11763686585348,156.73227098859803,158.49244495770583,299300,VBR
2023-08-28,159.79095458984375,160.62775315830197,158.42513952776838,159.07918560965365,283300,VBR
2023-08-29,161.73387145996094,161.73387145996094,159.2907970468779,159.8582808133834,290400,VBR
2023-08-30,162.1667022705078,162.55143352064417,161.31066276388148,161.52225467786695,231200,VBR
2023-08-31,162.0224151611328,162.95540384225376,162.0224151611328,162.2436348935622,235200,VBR
2023-09-01,163.8499298095703,164.19619381088572,163.0996935861464,163.1093067307597,373000,VBR
2023-09-05,160.0314178466797,162.97465461514864,160.0314178466797,162.92655953740717,406600,VBR
2023-09-06,159.2523193359375,160.8585950496936,158.46360119570951,160.07949005389898,325400,VBR
2023-09-07,157.7806854248047,159.0599381016444,157.3959541779376,158.55016259509517,428400,VBR
2023-09-08,158.05001831054688,158.5116987520335,157.24205919224949,158.02114952368214,481500,VBR
2023-09-11,158.01153564453125,159.35810970783922,157.8961192038353,158.79062597234204,346700,VBR
2023-09-12,158.3385467529297,159.0791697702504,157.74220895216922,157.9345745643608,266200,VBR
2023-09-13,157.19395446777344,158.61749231286288,156.56876254739566,158.55015627523923,317000,VBR
2023-09-14,159.52163696289062,159.617812438592,158.35780069741767,158.64635647763512,576200,VBR
2023-09-15,158.23277282714844,159.2042435653029,157.65567588348497,158.90607460959305,448500,VBR
2023-09-18,157.83840942382812,158.6463538538293,157.52099953849415,158.41550629816194,266100,VBR
2023-09-19,157.57870483398438,158.70405912843563,157.04007522397927,157.93458196704714,404300,VBR
2023-09-20,156.81886291503906,159.19461609695708,156.73230057478088,158.2904960822191,392000,VBR
2023-09-21,154.30941772460938,155.9823801933032,154.2610631376128,155.9823801933032,651800,VBR
2023-09-22,153.62281799316406,155.1023768695246,153.61315297806468,154.61886051108655,739900,VBR
2023-09-25,154.47381591796875,154.73490413484382,152.90721283797504,153.06194161847418,625200,VBR
2023-09-26,152.14324951171875,154.35774780103037,152.0852299132888,153.61314328018278,612200,VBR
2023-09-27,153.129638671875,153.75820404396922,152.02722195009156,153.07160431325613,388000,VBR
2023-09-28,154.7832489013672,155.35379464303628,153.26501526183702,153.26501526183702,649100,VBR
2023-09-29,154.23202514648438,156.08872585295384,153.86454805937475,155.8082781530821,530200,VBR
2023-10-02,151.76611328125,154.09666561400198,151.11820314728433,153.92259205618026,1918400,VBR
2023-10-03,149.3678741455078,151.24390514862603,148.61357508032404,150.87644276438002,517300,VBR
2023-10-04,149.94808959960938,150.1801827619981,148.02370395105643,149.44522845897453,511000,VBR
2023-10-05,149.90940856933594,150.43159971837827,149.00039549901456,149.59995103231267,372100,VBR
2023-10-06,150.92478942871094,151.85313248895085,148.3234692968514,149.1551179476792,940300,VBR
2023-10-09,152.16259765625,152.64611399483897,149.9674293474467,149.9674293474467,428800,VBR
2023-10-10,153.41973876953125,154.43512610079708,152.59776979145786,152.59776979145786,360400,VBR
2023-10-11,154.13534545898438,154.71557099632687,152.89754475135217,153.74853827125494,383900,VBR
2023-10-12,151.34060668945312,154.3674235450812,150.3348992461541,154.3287339766388,304000,VBR
2023-10-13,150.2478485107422,152.12389409281886,149.70631262225535,152.05620948463115,458200,VBR
2023-10-16,152.7137908935547,153.0329134315898,151.19555734008117,151.42763572719988,377200,VBR
2023-10-17,154.57049560546875,155.60522762620997,151.94016561069824,151.94016561069824,469800,VBR
2023-10-18,151.36962890625,153.35204891277402,151.25358970289676,153.35204891277402,378200,VBR
2023-10-19,149.19378662109375,152.2592781569308,148.874664096097,151.07949721812332,355200,VBR
2023-10-20,147.4144744873047,149.7063373785557,147.3371100967637,149.14545661394496,664900,VBR
2023-10-23,146.07029724121094,148.05271729460907,146.02194265342104,146.72787241675846,566400,VBR
2023-10-24,146.85357666015625,147.8012645116139,146.06060281605605,146.9599508403222,528400,VBR
2023-10-25,145.12258911132812,146.4667638327509,144.84214139459985,146.0219223449993,491100,VBR
2023-10-26,146.21534729003906,147.27908920599796,145.34502372661714,145.43205313180962,737300,VBR
2023-10-27,144.2619171142578,146.54411465518453,143.84610017633835,146.5247846271975,726000,VBR
2023-10-30,145.49974060058594,146.5731474440389,144.32962458877788,145.51907062965904,624600,VBR
2023-10-31,146.7665557861328,146.9406145879216,145.34501654853293,145.7511685084546,591800,VBR
2023-11-01,147.73358154296875,147.76259134190508,145.58676788719828,146.74720411189247,630000,VBR
2023-11-02,151.28257751464844,151.39861670113527,149.3678571588859,149.39686695550762,412900,VBR
2023-11-03,154.58018493652344,155.4601734901945,153.54545285178358,153.54545285178358,652600,VBR
2023-11-06,152.92654418945312,154.76390034028051,152.44302785968304,154.58017652979566,759500,VBR
2023-11-07,152.07554626464844,152.7524809110602,151.42763617245876,152.28829462396408,509100,VBR
2023-11-08,151.2632598876953,152.69446421570984,150.90546249462884,152.12391843872584,446900,VBR
2023-11-09,149.56126403808594,152.0078553124088,149.30982612079427,151.96916574555792,370400,VBR
2023-11-10,151.1375274658203,151.34061081631353,149.30983633437077,150.06412062635013,314200,VBR
2023-11-13,150.80874633789062,151.34061727306698,149.9287430411214,150.566988163333,375700,VBR
2023-11-14,157.4522705078125,157.95511688515433,153.92259231704986,154.45446325053442,639800,VBR
2023-11-15,158.2645721435547,159.80215056525392,157.52961786217818,157.56830743264416,406200,VBR
2023-11-16,156.3594970703125,158.47730073875593,155.91465559994822,157.83905570743815,371000,VBR
2023-11-17,158.0228271484375,158.27425035443798,157.22018818544694,157.57798558547626,620800,VBR
2023-11-20,158.20654296875,158.51598573501144,157.02676198865046,157.9744498272438,420300,VBR
2023-11-21,156.90103149414062,157.6456506904674,156.87202169805283,157.54894153301092,332900,VBR
2023-11-22,157.8680877685547,158.40962371789774,157.09445865988693,157.65533939477734,346000,VBR
2023-11-24,158.6320343017578,158.9028170273895,157.53929740749294,157.9164395623848,189400,VBR
2023-11-27,158.38059997558594,158.6417029123735,157.1234546291328,157.88741865565092,745900,VBR
2023-11-28,157.7036895751953,158.64171244544153,157.16215364098048,158.1388513254931,328800,VBR
2023-11-29,158.45797729492188,160.0729201177683,158.28390373759976,158.68039068218272,625700,VBR
2023-11-30,159.47337341308594,159.84083582203203,158.1195187175387,158.87380307767629,496000,VBR
2023-12-01,163.708984375,163.79602854570592,159.02854893121352,159.32832675322769,446300,VBR
2023-12-04,165.14019775390625,165.20788237788636,162.91601933088606,162.94502913484177,679500,VBR
2023-12-05,162.84829711914062,164.5502840765824,162.65489353463525,164.26983633666407,722600,VBR
2023-12-06,162.56785583496094,165.64301251211108,162.49049145395912,163.79599140527571,1070400,VBR
2023-12-07,163.87335205078125,163.8926820787809,162.2390645842708,162.94499425566852,347600,VBR
2023-12-08,164.63731384277344,165.2852239679701,163.62192657717506,163.77665534742292,386100,VBR
2023-12-11,165.43995666503906,165.65270504024264,164.3568847590922,164.3568847590922,473100,VBR
2023-12-12,165.0144500732422,165.8170889398688,164.44390435365426,165.32390760262712,458800,VBR
2023-12-13,169.7915802001953,169.91729915597773,164.27949750919743,165.18851048478666,535900,VBR
2023-12-14,174.3656768798828,175.02326683829048,172.3155721236542,172.3155721236542,730700,VBR
2023-12-15,172.64434814453125,174.53005897360754,172.073802388304,174.51072894359,796600,VBR
2023-12-18,172.5863494873047,173.77579573064523,172.4122759057854,173.76613071446357,434600,VBR
2023-12-19,175.05224609375,175.25531467735578,173.09883610221652,173.36960405085523,513300,VBR
2023-12-20,172.1318359375,176.15469586932926,172.1318359375,174.66545711541443,435100,VBR
2023-12-21,174.4425506591797,174.5009488685488,172.69053011792175,173.73201435846065,418500,VBR
2023-12-22,175.52293395996094,176.4378786988831,174.66638742104917,175.20172900786903,468800,VBR
2023-12-26,176.86618041992188,177.33338094719608,175.38669475617712,175.82469617874898,735700,VBR
2023-12-27,176.95376586914062,177.5085636733222,176.3113559046896,177.33336905685516,543200,VBR
2023-12-28,177.0900421142578,177.27497967553592,175.93176147428383,176.48657415811812,475000,VBR
2023-12-29,175.17254638671875,176.94402297916469,175.1044052456067,176.64228901603636,434600,VBR
2024-01-02,174.90000915527344,176.0777458890685,173.71252948600247,174.27707021828175,884800,VBR
2024-01-03,170.89955139160156,173.40103496878322,170.75354104262382,173.274510488777,618700,VBR
2024-01-04,170.48101806640625,171.68796871584496,170.3447506424402,170.85089315375777,438000,VBR
2024-01-05,171.2012939453125,172.53476905802583,169.36167633097128,169.8191487138212,491700,VBR
2024-01-08,173.18692016601562,173.2258622047981,170.48102770004442,171.1818358777672,403500,VBR
2024-01-09,171.902099609375,172.4763683874438,171.09422317573683,171.73663308952644,338500,VBR
2024-01-10,172.2622528076172,172.5153315117635,170.98717575900403,171.7853242074091,395100,VBR
2024-01-11,171.50302124023438,171.950765522785,169.7802000961208,171.81449810671037,492500,VBR
2024-01-12,170.9287567138672,173.26477386221381,170.51995445550827,172.81704442059754,625800,VBR
2024-01-16,169.32275390625,170.2182276792003,168.56353270645158,169.73155618181198,703500,VBR
2024-01-17,167.85299682617188,168.85553892470358,166.74338640391173,167.4149954480231,435000,VBR
2024-01-18,168.9723358154297,169.08913221246166,167.23004368218707,168.68032997081556,414000,VBR
2024-01-19,170.6757049560547,170.93849687869445,168.0574098488992,169.43955515876576,616700,VBR
2024-01-22,172.87545776367188,173.25506095482854,171.5906378231194,171.5906378231194,426700,VBR
2024-01-23,172.048095703125,174.23811735599998,171.55169614187255,173.85851419691636,318100,VBR
2024-01-24,171.2012939453125,173.848788004856,170.90928808467967,173.57625316214137,471500,VBR
2024-01-25,172.80731201171875,173.40105184379405,171.44463773418641,172.63211739833704,367900,VBR
2024-01-26,173.43023681640625,174.38412358500005,172.94356534950373,173.5081060333548,361000,VBR
2024-01-29,174.90000915527344,174.9584073599858,172.48612263093517,173.43025169384492,685600,VBR
2024-01-30,174.6177215576172,175.12386405676213,173.8487871520234,174.24786133119605,280000,VBR
2024-01-31,170.80221557617188,174.75398555067292,170.75354545858727,174.17971677846475,323900,VBR
2024-02-01,172.58343505859375,172.71970247669944,169.2740749891503,171.75610246725023,520200,VBR
2024-02-02,172.07730102539062,173.0117168326312,170.03328965335714,171.14290007018545,617800,VBR
2024-02-05,169.984619140625,170.83142278907994,168.69981411717737,170.7632965028539,331100,VBR
2024-02-06,170.73411560058594,171.24998625199387,169.6050340476023,169.95543815535456,511900,VBR
2024-02-07,170.9676971435547,171.64904914564494,169.81915949803974,171.29864506104045,344500,VBR
2024-02-08,172.49583435058594,172.58343164934462,170.72434309817186,171.07474714524088,345000,VBR
2024-02-09,173.6930389404297,173.7222380395033,171.74635312467362,172.58342861953008,487300,VBR
2024-02-12,176.0485382080078,176.58387981184416,173.8974585617314,173.8974585617314,348700,VBR
2024-02-13,170.9287567138672,172.41797024504427,169.54661150169136,172.01889606949098,7756100,VBR
2024-02-14,173.47891235351562,173.7903892310413,171.4641001406482,172.78784716606236,313900,VBR
2024-02-15,176.6909637451172,176.91482848939862,174.3257472483145,174.3257472483145,375500,VBR
2024-02-16,175.49375915527344,176.9927009538476,174.85134916215452,175.308821594948,373900,VBR
2024-02-20,174.46200561523438,175.036274423868,173.76119746326145,174.26732513254754,975200,VBR
2024-02-21,174.7539825439453,174.9194639112927,173.69304231821448,174.0921164826934,374700,VBR
2024-02-22,175.85386657714844,176.136144345908,174.90972274046288,175.2698697263963,577800,VBR
2024-02-23,176.50601196289062,177.16789291060215,175.62026628893977,176.019340474175,364000,VBR
2024-02-26,175.99014282226562,177.20682155407383,175.50347132954235,176.5060134163895,742800,VBR
2024-02-27,177.12896728515625,177.28470574046267,176.4671011281588,176.96350074590688,305600,VBR
2024-02-28,176.7299041748047,177.50856673078468,175.90255664403065,176.311358941531,358500,VBR
2024-02-29,177.7227020263672,178.5597776344589,176.71043180013436,177.91736766386933,432600,VBR
2024-03-01,178.5597686767578,178.676579935028,176.6812238336496,178.05362616301468,960700,VBR
2024-03-04,178.7447052001953,179.97111201476073,178.62790879462773,178.9685699282116,676200,VBR
2024-03-05,178.84205627441406,179.90299662802255,177.99523772663997,178.13150515873613,382700,VBR
2024-03-06,179.45523071289062,180.07816959213974,178.647354301171,179.82510577783162,1227200,VBR
2024-03-07,180.92498779296875,181.577125770984,180.44804441261383,180.52591362891877,403500,VBR
2024-03-08,180.6621856689453,182.97874664420394,180.34098071297825,181.83019423934886,325700,VBR
2024-03-11,180.3799285888672,180.85685714483887,179.3189734507307,180.1852481108005,318400,VBR
2024-03-12,180.62327575683594,181.11967536241312,179.45525222271235,180.24365771182045,270600,VBR
2024-03-13,181.39219665527344,182.03460658057097,180.55512110619836,180.62326224313978,270600,VBR
2024-03-14,179.03672790527344,181.23647791189143,177.8395200794977,181.0515403509918,270400,VBR
2024-03-15,179.28977966308594,180.22419548857965,178.20936832675056,178.69603983227034,350200,VBR
2024-03-18,178.8712615966797,179.88353186286986,178.7057950556696,179.49420057249748,758000,VBR
2024-03-19,180.22421264648438,180.37020817122527,178.61818761414906,178.61818761414906,282400,VBR
2024-03-20,182.84249877929688,183.28050018353596,179.46499719108323,179.9127266791369,379200,VBR
2024-03-21,184.96823120117188,185.2812646566815,183.63780542957699,183.69649826954952,380300,VBR
2024-03-22,183.02149963378906,185.28126352068693,182.9823760497034,185.1834470969886,394500,VBR
2024-03-25,183.19760131835938,184.38128010902955,183.13890847610716,183.53998120715357,409400,VBR
2024-03-26,182.95301818847656,184.28344386871288,182.92367177050548,184.06822685228,533500,VBR
2024-03-27,186.74864196777344,186.78778047835567,183.9997512146145,183.9997512146145,481600,VBR
2024-03-28,187.70733642578125,188.25515614359276,186.91495326773475,186.91495326773475,368200,VBR
2024-04-01,186.01495361328125,188.03016897467032,185.90734509848363,187.8932140401068,510300,VBR
2024-04-02,183.5204315185547,184.87041170540056,182.78674111791062,184.84106528353234,1143800,VBR
2024-04-03,184.26388549804688,184.54757253084594,183.12910751291403,183.29540886689531,441600,VBR
2024-04-04,182.5617218017578,186.05409507904247,182.06281773084652,185.75083878533354,283300,VBR
2024-04-05,183.5497589111328,184.06823221301167,182.24867961097544,182.56171305410612,499500,VBR
2024-04-08,184.41061401367188,185.1149579268305,183.9117099614212,184.37149043048217,831500,VBR
2024-04-09,184.83128356933594,185.6530132153595,183.451942067602,185.0660549385032,266000,VBR
2024-04-10,180.5074005126953,182.27803755296793,179.63675520289948,181.69107928541104,382600,VBR
2024-04-11,180.3802032470703,181.22150204527688,179.1280396767583,181.00628503222632,278500,VBR
2024-04-12,177.8171844482422,180.2041259346238,177.1617562412386,179.66608339843657,421000,VBR
2024-04-15,175.9291534423828,179.7541292444235,175.27372521133995,178.91283040979266,742600,VBR
2024-04-16,174.76502990722656,175.72372934851668,173.64004404336654,175.1367711161745,545200,VBR
2024-04-17,173.7867889404297,176.1932999579532,173.6596260913965,175.91939007654,414600,VBR
2024-04-18,173.93353271484375,175.70416974615927,173.29765877371233,174.44222888235512,387800,VBR
2024-04-19,175.34222412109375,175.57699549005724,173.72809632462452,173.72809632462452,646300,VBR
2024-04-22,176.9759063720703,177.99328380122554,174.9607058432079,176.0661225357867,320900,VBR
2024-04-23,178.97154235839844,179.6074163294665,176.70200114421266,177.11286597797985,568100,VBR
2024-04-24,179.01068115234375,179.36285314283367,177.8465566580306,178.9715426384174,648300,VBR
2024-04-25,177.8269805908203,178.3258846720039,176.07591279739765,177.63133280958962,234800,VBR
2024-04-26,178.4921875,179.11826930890928,177.76827434436802,178.1595698773234,289000,VBR
2024-04-29,179.62696838378906,179.95958603955106,178.95197083437668,179.05957935568836,398800,VBR
2024-04-30,176.4378662109375,178.8737236880979,176.34003485446902,178.81501591803527,250800,VBR
2024-05-01,176.56503295898438,179.35304732053865,175.90960470710388,176.42807802466558,479500,VBR
2024-05-02,178.8052215576172,179.06935425310527,176.64328910108605,178.16936258262987,296600,VBR
2024-05-03,180.23348999023438,181.71064789144395,179.61718530420137,180.99652677914727,207000,VBR
2024-05-06,182.3954315185547,182.44434719756723,181.30956912314187,181.642171857276,844400,VBR
2024-05-07,182.2095489501953,183.32475769451705,182.11173252555182,182.53237449815273,244400,VBR
2024-05-08,182.38565063476562,182.45412064241154,181.01608628518662,181.456312460354,227600,VBR
2024-05-09,184.42041015625,184.56714225514494,182.3856404654194,182.64977317039867,200400,VBR
2024-05-10,184.09759521484375,185.1443190768401,183.65738396583652,184.75302350593793,191700,VBR
2024-05-13,184.3910675048828,185.8975718165434,184.33235973715668,185.10518861238,198200,VBR
2024-05-14,186.03451538085938,186.84646779129326,185.21278580655317,186.07365389028408,911600,VBR
2024-05-15,186.95408630371094,187.75624666621997,186.37692013804403,187.42364395315448,294500,VBR
2024-05-16,185.8388671875,187.30624782123172,185.76060509579818,186.69973526925227,325300,VBR
2024-05-17,185.9464874267578,186.014957431961,185.4377912620926,185.72149322827784,293700,VBR
2024-05-20,185.7312774658203,186.66061564246854,185.58454535839084,186.05410302913438,223600,VBR
2024-05-21,185.50628662109375,185.72150366720396,184.997590427836,185.37910884103695,255000,VBR
2024-05-22,183.94105529785156,185.40843595380014,183.4421512485375,185.01714041633437,219300,VBR
2024-05-23,181.3584747314453,184.4008447026635,181.07478769207665,184.4008447026635,1138800,VBR
2024-05-24,182.95301818847656,183.0410574423898,182.00411086883173,182.6204005731919,280000,VBR
2024-05-28,181.6421661376953,183.91172221508188,181.23130131547236,183.6671587546895,328600,VBR
2024-05-29,179.4215545654297,179.9498051129371,179.16719899365523,179.89111226621074,901800,VBR
2024-05-30,181.37802124023438,181.60301541061781,179.85194786377852,179.85194786377852,282700,VBR
2024-05-31,183.81387329101562,183.91170463660936,181.59324803032004,182.24867625028887,220900,VBR
2024-06-03,182.70848083496094,185.3595404832262,181.69108844351004,185.29107047384232,805400,VBR
2024-06-04,180.15521240234375,181.8671564479279,180.11607389362862,181.59324659479182,299900,VBR
2024-06-05,181.66172790527344,181.759559256185,179.73456672266892,180.84977545900622,422400,VBR
2024-06-06,181.1237030029297,181.8671855176812,180.380235415148,181.27045004361636,250400,VBR
2024-06-07,179.5780487060547,180.7421581341389,179.09869899310166,179.70521154367955,253300,VBR
2024-06-10,179.50958251953125,179.83240808314602,177.81720752873503,178.58024434201744,246300,VBR
2024-06-11,178.5410919189453,178.912833131777,177.2400126010025,178.57043833817224,242400,VBR
2024-06-12,180.80087280273438,183.2171459334954,180.45847800512516,181.86716585236454,558300,VBR
2024-06-13,179.3628387451172,180.6834724082182,178.53131705107828,180.57586389401277,231100,VBR
2024-06-14,177.1715545654297,178.0128534696852,176.1737314634129,177.93459137080455,244400,VBR
2024-06-17,178.68785095214844,178.77589021574653,176.4085177015267,176.91721388059753,289300,VBR
2024-06-18,179.04978942871094,179.6171784163699,178.29652983321924,178.59980104582263,315600,VBR
2024-06-20,178.8052215576172,179.7052132280926,178.42370318723124,178.9030529046773,370600,VBR
2024-06-21,179.12803649902344,179.1573829160127,177.6802251953407,179.01065083106636,308700,VBR
2024-06-24,180.59544372558594,181.48565831096704,179.37262641389842,179.54870494183623,289100,VBR
2024-06-25,178.6584930419922,180.3997835803669,177.94435703348051,180.3997835803669,508900,VBR
2024-06-26,178.1400146484375,178.33566241392552,177.4258786603031,178.12044539379838,223700,VBR
2024-06-27,178.55023193359375,178.55023193359375,177.58616325895997,178.4125078372175,246200,VBR
2024-06-28,179.5536651611328,180.47839055924837,178.32398032551131,179.43560520956834,293000,VBR
2024-07-01,177.63536071777344,180.37017860515763,177.4976216051183,180.03569291996865,1026100,VBR
2024-07-02,178.5797576904297,178.64862724961884,177.5173081416394,177.7927563567922,637500,VBR
2024-07-03,178.62893676757812,179.86845365721064,178.55023513812196,178.8748737305783,297600,VBR
2024-07-05,177.06478881835938,178.43219779038196,176.68112774018905,178.43219779038196,314500,VBR
2024-07-08,177.84193420410156,179.01259654128665,177.51729561398128,177.92063583299142,586800,VBR
2024-07-09,177.30087280273438,178.50104639413846,176.98608129279947,177.6845338681307,595400,VBR
2024-07-10,179.4159393310547,179.44545056596112,177.76323512228885,177.94031754252853,292000,VBR
2024-07-11,184.35433959960938,184.6888252741218,181.5014768619265,181.5014768619265,372200,VBR
2024-07-12,186.14479064941406,187.0990273738228,185.4955133916262,185.60372626792417,535500,VBR
2024-07-15,187.70892333984375,189.03698893093164,186.61696263473615,187.0596461614985,395600,VBR
2024-07-16,193.031005859375,193.0801962544255,188.64348380881194,188.85007746370346,653100,VBR
2024-07-17,191.90953063964844,194.25085530488076,191.604571210641,191.72261614811464,537300,VBR
2024-07-18,189.60757446289062,194.08361537122798,189.2435775348242,191.62424563662432,507600,VBR
2024-07-19,188.4762420654297,189.76494931360563,187.78762159054187,189.64690437813928,263200,VBR
2024-07-22,190.73886108398438,190.87658517608844,187.28591169643246,188.96811203493203,446500,VBR
2024-07-23,191.78164672851562,192.40141269806765,189.89285259504445,190.3748944614517,335600,VBR
2024-07-24,188.23033142089844,192.38174902083827,188.20082018290665,191.06353035453012,406800,VBR
2024-07-25,190.59130859375,193.1097006183977,188.5844546291835,188.78120119158402,481900,VBR
2024-07-26,193.7097930908203,194.02458459776403,192.01774558494506,192.76538854838722,368500,VBR
2024-07-29,193.21792602539062,194.47712211947677,192.55881674261127,194.24101722278505,417300,VBR
2024-07-30,194.2410125732422,194.92963307527432,193.30645510542706,193.73930656693332,476100,VBR
2024-07-31,195.10670471191406,198.03826897898347,193.85734079176962,195.60841069049164,514300,VBR
2024-08-01,190.8175811767578,196.2380266965542,189.37147056431166,195.32314835563608,725400,VBR
2024-08-02,185.1020050048828,186.88258626885477,183.19353171284612,186.86290710819833,643100,VBR
2024-08-05,179.7996063232422,181.99335991815005,176.1597421270395,177.3500686696445,568900,VBR
2024-08-06,181.59986877441406,183.96085773568504,178.85520372086475,180.5275721526652,559800,VBR
2024-08-07,180.14389038085938,184.6691362161528,180.00616629078348,184.1083927710438,370100,VBR
2024-08-08,183.7444305419922,183.96085627965593,181.39327367446504,181.7474235169328,371700,VBR
2024-08-09,184.01004028320312,184.39370134831296,182.445884787817,184.03955151814995,211600,VBR
2024-08-12,182.4065399169922,184.77737603787332,181.90483387510207,184.2953341468636,303600,VBR
2024-08-13,184.83639526367188,185.19054511372383,182.48523834579424,183.33126215365158,311400,VBR
2024-08-14,184.79705810546875,185.66274609268797,184.07891129538152,185.52502198034838,292100,VBR
2024-08-15,188.38772583007812,189.06651429354406,187.01048475261243,187.46300038772176,330100,VBR
2024-08-16,188.8402557373047,189.6272420580341,187.8466607395607,188.10244480351946,222200,VBR
2024-08-19,190.33554077148438,190.33554077148438,188.99764301803737,189.17472544684745,300400,VBR
2024-08-20,188.63365173339844,190.10927352010037,188.30901313902788,190.09944144541075,279500,VBR
2024-08-21,190.66017150878906,190.68968274390514,188.85991111270292,189.69610280312804,274900,VBR
2024-08-22,189.755126953125,191.11270382368653,189.47967874906922,190.70936359246153,243200,VBR
2024-08-23,194.5853271484375,195.0378427520315,190.738869463884,190.84708232749142,684300,VBR
2024-08-26,194.43775939941406,196.2872101879907,194.24101282868915,195.687123390259,627100,VBR
2024-08-27,193.63108825683594,193.90653644990346,192.7457061984326,193.68027865076957,223300,VBR
2024-08-28,193.10971069335938,193.92622323018122,192.20466445045835,192.8244154038137,248000,VBR
2024-08-29,193.8573455810547,195.36247856477226,192.4997687679758,194.05409214550653,266000,VBR
2024-08-30,195.22476196289062,195.32314275429354,192.93262762257424,194.32954779784836,206300,VBR
2024-09-03,190.8864288330078,194.65418495159224,190.37489075175333,193.68028417361845,402400,VBR
2024-09-04,190.40440368652344,191.90953673028386,189.78463772351577,190.62082941929432,299100,VBR
2024-09-05,189.2927703857422,191.19141165108775,188.77138519611088,191.09303085610753,314700,VBR
2024-09-06,186.66616821289062,190.45360371718314,186.24316381158525,189.5682215808384,331200,VBR
2024-09-09,187.1580352783203,188.4270634462827,186.43990352469206,187.16786735329003,1157500,VBR
2024-09-10,186.52842712402344,187.56136535032667,184.94459251323866,187.56136535032667,736400,VBR
2024-09-11,186.52842712402344,186.7153416139298,182.524566240494,185.84963871785843,296500,VBR
2024-09-12,188.5451202392578,188.9484604682773,186.06607140551034,187.23673377174669,292900,VBR
2024-09-13,192.34239196777344,192.42109360039726,189.9518767855796,190.10928005082724,437100,VBR
2024-09-16,193.98524475097656,194.02458806099642,192.5391341822267,192.96213856084543,340600,VBR
2024-09-17,194.8411102294922,196.2970529450489,194.23119132381342,194.7820877561429,338800,VBR
2024-09-18,195.02801513671875,198.30389734359005,194.22133467850966,195.2641200292973,506500,VBR
2024-09-19,198.32357788085938,198.6285373208064,196.39542543841821,198.37275326603688,415800,VBR
2024-09-20,196.62167358398438,197.66444387996322,196.11996759557962,197.66444387996322,895900,VBR
2024-09-23,197.22178649902344,197.92025415424771,196.39544181655162,197.3988689371546,482100,VBR
2024-09-24,197.4480438232422,198.25470928013934,197.10372606053156,197.77266741450472,319200,VBR
2024-09-25,195.5789031982422,197.61526840650447,195.22475337988357,197.61526840650447,405000,VBR
2024-09-26,197.30804443359375,198.54313408518692,196.89305611987183,197.24876254260175,279700,VBR
2024-09-27,198.0787353515625,199.73868857445035,197.37719780919923,198.6616940374497,441400,VBR
2024-09-30,198.38504028320312,198.6616991608193,196.62627381402393,197.49578175897656,1138900,VBR
2024-10-01,196.60650634765625,198.14789581640446,195.20344631644244,198.14789581640446,996100,VBR
2024-10-02,196.0037841796875,197.3080460996363,195.2726207489084,196.22116116634564,257400,VBR
2024-10-03,195.00584411621094,195.7271322830621,193.67194120293595,195.09476695662164,437800,VBR
2024-10-04,197.15982055664062,197.71315337361776,195.57891488132466,197.14006997790327,417900,VBR
2024-10-07,195.71725463867188,196.46818374329328,194.55132213023558,196.46818374329328,439500,VBR
2024-10-08,195.53939819335938,196.2903423913118,194.77859378207853,195.776540846941,290700,VBR
2024-10-09,196.37925720214844,197.26851573235257,195.09476093213723,195.48010830546278,372900,VBR
2024-10-10,195.41094970703125,195.7073742405426,194.4031123238039,195.42082499666301,324200,VBR
2024-10-11,198.44432067871094,198.52336822554514,195.8061709948285,195.8061709948285,227800,VBR
2024-10-14,199.72882080078125,199.88691589751326,197.61434788152013,198.4640901804818,570500,VBR
2024-10-15,199.94619750976562,202.32745401683212,199.28419125450242,199.64977297300254,524500,VBR
2024-10-16,202.46578979492188,202.8807781286694,200.86510327700583,201.47771802596725,353700,VBR
2024-10-17,202.5052947998047,202.8412355641892,201.52711345193345,202.72267178306004,262300,VBR
2024-10-18,202.60411071777344,202.96969243234074,201.8828225782727,202.73254979012574,429400,VBR
2024-10-21,199.49166870117188,202.5843379235158,199.3533392672818,202.5843379235158,404000,VBR
2024-10-22,198.40481567382812,199.06682195466036,197.6637618416874,198.8889611950216,521700,VBR
2024-10-23,197.5056610107422,198.60242125357186,196.22116472359724,197.9996968845073,275700,VBR
2024-10-24,197.94041442871094,198.3158865162731,196.96221797379923,198.3158865162731,231300,VBR
2024-10-25,196.44842529296875,199.03716835748054,196.1421103973246,198.94824552170215,402400,VBR
2024-10-28,198.86920166015625,199.2644243221238,197.4760169000367,197.4760169000367,347200,VBR
2024-10-29,198.4937286376953,198.60241713073847,197.13018482984066,197.80208144413788,379400,VBR
2024-10-30,199.01739501953125,201.04294496914807,197.95027580104858,198.30598220720947,253400,VBR
2024-10-31,196.42864990234375,199.42250583939864,196.33972707097232,198.86918811960695,304200,VBR
2024-11-01,196.45831298828125,198.35540898857244,196.14212278317663,197.3871028698025,628400,VBR
2024-11-04,197.05113220214844,198.5431301206182,196.2409212468064,196.36937539257605,359000,VBR
2024-11-05,200.01535034179688,200.0252407081001,196.18164233384104,196.62627159092725,279600,VBR
2024-11-06,208.9771728515625,209.21431549662287,205.96355103149165,208.226243757372,595700,VBR
2024-11-07,208.40408325195312,210.06405156458172,207.82112456151344,209.29335683696846,441700,VBR
2024-11-08,209.13526916503906,209.61941467095073,207.89028911720146,208.52265443093006,539000,VBR
2024-11-11,211.3287811279297,212.3959003787347,210.78533867472655,211.0027156560078,457400,VBR
2024-11-12,208.72027587890625,211.3683008556932,208.19659907264946,210.56796517355653,428100,VBR
2024-11-13,207.8705291748047,210.23201993591775,207.70255879493376,209.7577346644,380200,VBR
2024-11-14,206.01295471191406,208.82896515955073,205.59796639652788,208.4732587353943,605400,VBR
2024-11-15,204.56048583984375,206.43781606661884,203.96763678045275,205.9931868104645,902900,VBR
2024-11-18,205.02488708496094,205.68689334488934,204.05658099637085,204.71858725629926,1050900,VBR
2024-11-19,204.60989379882812,204.8569117290841,202.55470280988519,203.18706810826933,331300,VBR
2024-11-20,205.2620391845703,205.2620391845703,203.384693736567,204.73836234175155,398800,VBR
2024-11-21,208.68075561523438,209.10563431790155,205.6177421624625,205.95368294713407,730800,VBR
2024-11-22,211.4671173095703,211.62519732909053,209.1550179873459,209.1846740100828,671500,VBR
2024-11-25,214.70799255371094,216.3975867895489,213.2654011765967,213.2654011765967,1023500,VBR
2024-11-26,213.60134887695312,214.30288647031023,212.3267429222132,214.30288647031023,722000,VBR
2024-11-27,213.2456512451172,215.7948630796805,213.10730672710844,214.4115686673765,338100,VBR
2024-11-29,213.62110900878906,215.21190512693363,213.4037320179784,214.27323998122114,224600,VBR
2024-12-02,212.8899383544922,213.87801006952378,211.94138287427958,213.64086743027616,598500,VBR
2024-12-03,211.82281494140625,213.34443871894945,211.1805592931569,213.34443871894945,610200,VBR
2024-12-04,211.88211059570312,212.3465055289775,210.71617807914876,211.82282870239638,406000,VBR
2024-12-05,210.28143310546875,212.38601564106222,210.2419017932185,212.2674518578677,366800,VBR
2024-12-06,210.19248962402344,212.13899208939415,209.57001470196127,211.62519058119648,538200,VBR
2024-12-09,209.57000732421875,211.80304387170074,209.3822712945569,211.2200852045866,303300,VBR
2024-12-10,208.27561950683594,209.7774926582341,207.30731349721344,209.57000605170353,424700,VBR
2024-12-11,208.9178924560547,209.80715099703932,208.48313847538546,209.66882155562442,362000,VBR
2024-12-12,207.62351989746094,209.1155027997121,207.54447234891555,208.6708735313253,354900,VBR
2024-12-13,206.36866760253906,207.59388200786458,205.617738495469,207.52470974807704,407100,VBR
2024-12-16,206.15127563476562,207.39624052949767,205.53867601499266,206.11175940117081,558600,VBR
2024-12-17,203.7206268310547,206.14141468773585,203.2167156645799,205.14345256789926,450200,VBR
2024-12-18,196.0037841796875,205.0742904975023,195.56903020637122,204.53084803085696,551300,VBR
2024-12-19,195.13429260253906,198.92848445097954,195.12440223603937,197.6143472326689,621200,VBR
2024-12-20,197.2685089111328,198.94824286286865,194.2054956866273,194.58095268048862,523700,VBR
2024-12-23,197.44834899902344,197.5973680510622,195.54082933483363,196.85224247163092,433200,VBR
2024-12-24,198.91873168945312,198.94853550072864,196.9317300864496,197.59737380430147,252400,VBR
2024-12-26,199.68373107910156,199.95196537994696,197.5278361640952,198.3424989363982,450600,VBR
2024-12-27,197.71658325195312,199.85261900832052,196.46477773622925,198.7200287342031,339600,VBR
2024-12-30,196.34556579589844,197.2198361817432,194.52745753273757,196.51445911088683,838300,VBR
2024-12-31,196.8919677734375,198.263003634552,196.2660726208741,197.1900210249343,951000,VBR
2025-01-02,196.25613403320312,199.06774301136676,195.50107891086114,198.35242124930866,715300,VBR
2025-01-03,198.143798828125,198.32262169266548,195.44147548230777,196.59394003029843,1125100,VBR
2025-01-06,198.16366577148438,200.55799105170865,197.95502394427214,199.3061855672903,1581700,VBR
2025-01-07,197.2297821044922,199.76321216413353,196.15679942653986,199.23664279583681,411700,VBR
2025-01-08,197.170166015625,197.170166015625,194.76588085405908,196.32568431213448,450700,VBR
2025-01-10,193.94129943847656,195.19310499934255,193.02726535446988,195.01426697086498,535700,VBR
2025-01-13,195.62030029296875,195.75938979775694,192.40136742226517,192.67954643184157,423900,VBR
2025-01-14,198.47164916992188,198.65047202839312,196.37536198000493,197.12048754287184,307100,VBR
2025-01-15,201.1441650390625,203.1708998638044,200.53812898565127,202.91259513073106,334000,VBR
2025-01-16,202.33636474609375,202.72382942907382,200.43877469063978,201.22363360655697,276400,VBR
2025-01-17,203.2801971435547,204.0551265465859,202.8331248202088,203.6974656559854,307000,VBR
2025-01-21,206.3997802734375,206.52894022167806,204.56179782689048,204.56179782689048,462300,VBR
2025-01-22,204.91946411132812,206.56867903386134,204.77044505913122,206.56867903386134,329300,VBR
2025-01-23,205.1777801513672,205.71426388879343,203.95576330788674,204.54194027460127,342300,VBR
2025-01-24,205.2969970703125,205.98251502235613,204.6412829283909,205.1479780197024,474400,VBR
2025-01-27,204.76051330566406,205.90303311919698,203.73720873260595,204.42271152495454,441000,VBR
2025-01-28,204.4326629638672,205.32680761609703,203.54844786213093,204.9790914333939,283500,VBR
2025-01-29,203.73721313476562,205.65466237205223,202.88280185379168,204.3134302492565,336000,VBR
2025-01-30,205.8434295654297,206.90646751977368,204.43266027333993,205.39635724519866,399900,VBR
2025-01-31,203.98558044433594,206.6183513573757,203.4788853617227,205.95270767671315,351100,VBR
2025-02-03,201.39254760742188,202.5748007887645,198.44184910994292,199.5942984809772,591300,VBR
2025-02-04,202.6145477294922,202.80331529971954,200.7666357066842,201.14417084713895,377700,VBR
2025-02-05,203.77694702148438,203.96571459654743,201.8893015900919,203.18084048545575,285100,VBR
2025-02-06,203.94583129882812,205.29699291561704,202.53506206300148,205.07842153939984,387700,VBR
2025-02-07,202.10784912109375,204.16440293825647,201.66077681811612,204.16440293825647,561000,VBR
2025-02-10,201.9985809326172,202.90265509902582,201.4322782252315,202.90265509902582,452700,VBR
2025-02-11,202.2370147705078,202.43571189303097,201.02494261561228,201.33292542946597,266500,VBR
2025-02-12,199.9817657470703,200.7070322328868,198.98826496502795,199.6737829301762,293400,VBR
2025-02-13,202.16748046875,202.34630333367318,200.47851700428552,200.85605215417084,327100,VBR
2025-02-14,202.14759826660156,203.81667224545455,201.93895643943577,202.7337600692022,366600,VBR
2025-02-18,203.3994140625,203.4590216848212,201.8992333154796,202.4754655972831,349700,VBR
2025-02-19,202.51519775390625,203.10135958273568,201.61110839509672,202.14760731203341,370800,VBR
2025-02-20,200.836181640625,202.35623665930657,199.61417989532828,201.91910903924392,383500,VBR
2025-02-21,196.40516662597656,201.7899388974004,195.81900481900067,201.55149325880512,426500,VBR
2025-02-24,196.0673828125,197.46820737538337,195.31231252595603,197.29931406381925,458800,VBR
2025-02-25,196.74295043945312,197.66691401117131,195.31230694751417,196.39521911641137,395800,VBR
2025-02-26,196.65354919433594,198.69022884986302,196.05744265528736,197.48808622130872,396200,VBR
2025-02-27,194.59698486328125,197.62716514863214,194.59698486328125,196.6734129287429,310000,VBR
2025-02-28,196.5045166015625,196.5045166015625,193.7723894010092,194.33869213374106,363000,VBR
2025-03-03,192.3516845703125,197.81593880202368,191.21909429957893,197.03107986442828,645000,VBR
2025-03-04,188.7254180908203,191.81520617624292,186.87750600179555,190.37461789272615,1173300,VBR
2025-03-05,190.7024688720703,191.1892897045419,187.61268088552708,189.05325396332356,508200,VBR
2025-03-06,188.58631896972656,190.47396432415397,187.64248113289455,188.804875187099,484100,VBR
2025-03-07,190.00701904296875,190.69253698819213,186.39067690782977,188.43728603381248,470500,VBR
2025-03-10,186.29132080078125,189.65928774820935,184.91035536002738,187.9802842091491,524300,VBR
2025-03-11,184.9103546142578,187.09606839047893,183.41017394023183,186.25158668970093,508500,VBR
2025-03-12,184.32420349121094,186.9371154644336,183.30089887287446,186.6787955524835,2813100,VBR
2025-03-13,181.8007049560547,185.04944144459645,180.93634900805986,184.42354629008355,918900,VBR
2025-03-14,186.0131378173828,186.20190538201155,182.79420514769026,183.6188125744475,692300,VBR
2025-03-17,188.5068359375,189.1923387142841,185.90385368915935,186.0131393769861,472500,VBR
2025-03-18,187.58287048339844,188.1591027261911,186.85761919489133,187.9007979937467,716500,VBR
2025-03-19,189.51026916503906,190.51369947091425,187.55307146338293,187.8411951719455,514500,VBR
2025-03-20,188.34788513183594,190.11631535854616,188.06970611817047,188.45717082717732,309800,VBR
2025-03-21,186.99671936035156,187.60275544686607,185.3375748650522,186.68873654189022,497100,VBR
2025-03-24,191.1892852783203,191.3482490354005,189.152605724633,189.152605724633,393500,VBR
2025-03-25,190.324951171875,191.63636431482584,189.46059518713818,191.28863297894543,245600,VBR
2025-03-26,189.85800170898438,191.74564709320478,189.0532533575706,190.67266445093833,612400,VBR
2025-03-27,188.89999389648438,190.1699981689453,187.85000610351562,189.3699951171875,332800,VBR
2025-03-28,185.5800018310547,188.9600067138672,184.75,188.75,662400,VBR
2025-03-31,186.2899932861328,187.25999450683594,182.52000427246094,184.0500030517578,533400,VBR
2025-04-01,186.77000427246094,187.67999267578125,184.16000366210938,186.00999450683594,547100,VBR
2025-04-02,189.64999389648438,189.97999572753906,184.6999969482422,184.88999938964844,1017400,VBR
2025-04-03,177.0,183.3000030517578,176.86000061035156,182.5399932861328,869500,VBR
2025-04-04,169.1300048828125,172.24000549316406,165.77000427246094,171.66000366210938,1905200,VBR
2025-04-07,166.9199981689453,174.19000244140625,160.52000427246094,163.1199951171875,1990100,VBR
2025-04-08,162.75999450683594,172.61000061035156,160.72999572753906,172.61000061035156,1116500,VBR
2025-04-09,176.75,177.85000610351562,160.22999572753906,161.0500030517578,1147500,VBR
2025-04-10,169.36000061035156,172.9600067138672,164.94000244140625,172.74000549316406,1094000,VBR
2025-04-11,171.25999450683594,172.0,166.1300048828125,169.0500030517578,718600,VBR
2025-04-14,173.5399932861328,174.30999755859375,171.02999877929688,173.64999389648438,566700,VBR
2025-04-15,173.24000549316406,175.33999633789062,172.80999755859375,173.49000549316406,454200,VBR
2025-04-16,171.5800018310547,173.7899932861328,169.8300018310547,172.6199951171875,535600,VBR
2025-04-17,173.10000610351562,174.2100067138672,171.9199981689453,171.9199981689453,428400,VBR
2025-04-21,169.8000030517578,172.6199951171875,168.0800018310547,171.89999389648438,849700,VBR
