DATE,CLOSE,HIGH,LOW,OPEN,VOLUME,SEC_ID
2005-01-03,40.440574645996094,41.00991774847741,40.33705939354351,40.99266652268657,525000,VTI
2005-01-04,39.90228271484375,40.544087199414456,39.77806232218046,40.544087199414456,244200,VTI
2005-01-05,39.62623977661133,40.00925224387543,39.62623977661133,39.94024207948708,380800,VTI
2005-01-06,39.81602478027344,39.95404775237487,39.633145461080964,39.71595819131413,201800,VTI
2005-01-07,39.6883430480957,39.90573002984489,39.58137652219916,39.88847617547577,271200,VTI
2005-01-10,39.84708023071289,40.06101333132825,39.70905726196704,39.71595722574821,584200,VTI
2005-01-11,39.60554122924805,39.7849718867787,39.51582590048272,39.7849718867787,212200,VTI
2005-01-12,39.78150177001953,39.78150177001953,39.33637926766151,39.646930156814555,434200,VTI
2005-01-13,39.47097396850586,39.77117377571012,39.39851249074681,39.69180970050569,151200,VTI
2005-01-14,39.646942138671875,39.75390867570824,39.48476536795943,39.577929346576774,243400,VTI
2005-01-18,40.07826614379883,40.123122488628816,39.54687943916373,39.660748582850346,266000,VTI
2005-01-19,39.71940612792969,40.112769853956515,39.71940612792969,40.06101091472793,199800,VTI
2005-01-20,39.47786331176758,39.653839998999246,39.38124540795748,39.59518110325536,227800,VTI
2005-01-21,39.2742805480957,39.619336607254006,39.23287287327193,39.5089187736261,390400,VTI
2005-01-24,39.06379699707031,39.398501802996364,39.018940656121956,39.267381445368876,239600,VTI
2005-01-25,39.16386413574219,39.39160240668443,39.06379755904656,39.18111799235378,227000,VTI
2005-01-26,39.4054069519043,39.453714596996576,39.229430230169235,39.301891697807655,132600,VTI
2005-01-27,39.46062088012695,39.54688491621807,39.28464150938162,39.32950049299345,148800,VTI
2005-01-28,39.31568908691406,39.48476582249796,39.14660971876129,39.46061200312884,171400,VTI
2005-01-31,39.71595764160156,39.72286023802417,39.56068344549239,39.59518852989785,291400,VTI
2005-02-01,39.94023513793945,40.005796625512225,39.698696971990145,39.715948193804486,174800,VTI
2005-02-02,40.123111724853516,40.19902446694624,39.967837576077216,40.026496464942184,167000,VTI
2005-02-03,39.92298126220703,40.05755290210234,39.89882744562502,40.026499123311986,176000,VTI
2005-02-04,40.42332077026367,40.45782585215256,40.00925188989001,40.00925188989001,125200,VTI
2005-02-07,40.40606689453125,40.55098981793962,40.33705673078508,40.47507969084643,267600,VTI
2005-02-08,40.47509002685547,40.55445147217298,40.37502342107149,40.406077212916685,181600,VTI
2005-02-09,40.095516204833984,40.513036386228045,40.06101112269214,40.509585088243156,199600,VTI
2005-02-10,40.23354721069336,40.31635995090604,40.04376790468222,40.23354721069336,134400,VTI
2005-02-11,40.56135559082031,40.64071703911372,40.09552763511737,40.23355063560084,290000,VTI
2005-02-14,40.57171630859375,40.60622140861206,40.46819837596844,40.56136504184529,268000,VTI
2005-02-15,40.716609954833984,40.80287395897558,40.54063064926595,40.613092096836674,150000,VTI
2005-02-16,40.72351837158203,40.802882430199475,40.55444162548108,40.647608243535,246400,VTI
2005-02-17,40.45782470703125,40.80288078129165,40.43367088713578,40.768375700379394,164800,VTI
2005-02-18,40.440574645996094,40.509587446866995,40.32670813155517,40.42332342020525,351200,VTI
2005-02-22,39.82981872558594,40.47852313180848,39.82981872558594,40.268038737209466,361200,VTI
2005-02-23,40.04030990600586,40.12657393045885,39.85052799918165,39.992002262917715,156600,VTI
2005-02-24,40.343955993652344,40.371561111699116,39.85052569698438,40.029956331719426,129800,VTI
2005-02-25,40.747676849365234,40.78563323401117,40.35431307446127,40.371566933870994,505200,VTI
2005-02-28,40.54408264160156,40.76146698804037,40.35085211143373,40.751115728576885,207400,VTI
2005-03-01,40.775272369384766,40.83048260043919,40.61309560637327,40.61309560637327,90600,VTI
2005-03-02,40.74078369140625,40.98232196807849,40.561355633388274,40.561355633388274,199200,VTI
2005-03-03,40.78561782836914,40.940894606697185,40.56823349779189,40.820125534154265,128400,VTI
2005-03-04,41.19625473022461,41.258364944325024,40.940913908953824,40.98577026202707,213600,VTI
2005-03-07,41.299766540527344,41.41018439013638,41.16519486858412,41.16519486858412,202600,VTI
2005-03-08,41.03749465942383,41.28593530664122,41.00988955805137,41.25143024620933,118800,VTI
2005-03-09,40.66486358642578,41.027173568758435,40.637258464757345,40.94090953797154,200400,VTI
2005-03-10,40.59239959716797,40.740773826215566,40.39916902262007,40.71662000439708,114800,VTI
2005-03-11,40.46126937866211,40.80632539641363,40.35775152030926,40.67175376009602,191800,VTI
2005-03-14,40.66139602661133,40.66139602661133,40.433660445346874,40.475068111289616,184000,VTI
2005-03-15,40.44747543334961,40.8649929878106,40.426772910298844,40.80288278608927,227400,VTI
2005-03-16,40.09897232055664,40.33706189130824,39.995457061694154,40.31980803187982,317600,VTI
2005-03-17,40.14727783203125,40.285300802407725,40.026508720165275,40.09897018728486,183800,VTI
2005-03-18,40.06100845336914,40.21628526151464,39.902282980037555,40.21628526151464,535200,VTI
2005-03-21,39.93679428100586,40.109322339663734,39.76771752064053,40.07826855273856,280600,VTI
2005-03-22,39.59518051147461,40.19902858027705,39.59518051147461,40.01960059816311,257800,VTI
2005-03-23,39.56413269042969,39.681450497833616,39.429558392864806,39.595186475012234,305600,VTI
2005-03-24,39.57383346557617,39.8266915073845,39.54612248842869,39.591153486959406,216800,VTI
2005-03-28,39.60847473144531,39.79551988144995,39.59808377466691,39.62579475451897,139800,VTI
2005-03-29,39.275943756103516,39.79204810930161,39.210130851593746,39.55651010873738,239600,VTI
2005-03-30,39.80937194824219,39.83015386001198,39.43528168040024,39.46991908090465,268600,VTI
2005-03-31,39.78511047363281,39.92366266597261,39.76432856971399,39.850923359593445,227200,VTI
2005-04-01,39.61539077758789,40.159206025795655,39.46644761316596,40.04143572146352,340200,VTI
2005-04-04,39.74700927734375,39.79550214914487,39.407556532072576,39.591139709792046,249800,VTI
2005-04-05,39.871707916259766,39.937520806599075,39.74701119912395,39.74701119912395,218800,VTI
2005-04-06,39.96178436279297,40.14190045211335,39.889045020413704,39.954855296281856,163200,VTI
2005-04-07,40.17999267578125,40.197312695207074,39.92713466254946,39.98948303275292,268000,VTI
2005-04-08,39.833621978759766,40.19039225713451,39.833621978759766,40.180001300314196,99400,VTI
2005-04-11,39.80242919921875,39.902876826681116,39.712369880716,39.8855594548642,133400,VTI
2005-04-12,40.0068244934082,40.12459223209558,39.45608246366663,39.764359947483996,164600,VTI
2005-04-13,39.57383346557617,39.9964166177504,39.45260124388625,39.972170173412415,153000,VTI
2005-04-14,39.10622787475586,39.58076587755435,39.10622787475586,39.57383945355155,217400,VTI
2005-04-15,38.48272705078125,39.11660159564285,38.47580062983052,39.047326815481746,447600,VTI
2005-04-18,38.62128448486328,38.721734779566894,38.35803552780086,38.48273226311128,850200,VTI
2005-04-19,38.94688034057617,38.96766224812278,38.77369073058451,38.84643004966136,338200,VTI
2005-04-20,38.39266586303711,39.00229394105094,38.36149300627339,38.96765655264792,199600,VTI
2005-04-21,39.12007522583008,39.15471262396645,38.597041793179436,38.79447786948723,159800,VTI
2005-04-22,38.86375427246094,39.120076843127904,38.51737499144911,39.03694391296685,191400,VTI
2005-04-25,39.24475860595703,39.27939599229544,38.998827084829024,39.07156903160182,193800,VTI
2005-04-26,38.822174072265625,39.296711795755115,38.822174072265625,39.05424745840013,317200,VTI
2005-04-27,38.96420669555664,39.07504796578891,38.534697103739624,38.70788675364407,252800,VTI
2005-04-28,38.44808578491211,38.89837973855744,38.44808578491211,38.881059723931386,158800,VTI
2005-04-29,38.90878677368164,38.90878677368164,38.31994038761078,38.69056612690735,166400,VTI
2005-05-02,39.10622787475586,39.10622787475586,38.842978837350685,38.984995634722104,190000,VTI
2005-05-03,39.227439880371094,39.2967146553241,38.93648265437254,39.0196129128488,278200,VTI
2005-05-04,39.56344985961914,39.60847822385065,39.10622922240359,39.20667955122595,352200,VTI
2005-05-05,39.49070739746094,39.7054608866456,39.303662245720915,39.59115771835823,265000,VTI
2005-05-06,39.48029327392578,39.72968402057451,39.452582310077155,39.72968402057451,169000,VTI
2005-05-09,39.69852066040039,39.76086902263619,39.39024338119662,39.52186652695504,272600,VTI
2005-05-10,39.33830261230469,39.59116070018193,39.24478135072334,39.48724583827847,232200,VTI
2005-05-11,39.535728454589844,39.556510364500355,39.085434360326026,39.45259817228379,411800,VTI
2005-05-12,39.08543014526367,39.60846351047318,39.05425728375967,39.57382611680303,309600,VTI
2005-05-13,38.91918182373047,39.244779240365496,38.65939732560624,39.140864384049976,421800,VTI
2005-05-16,39.30711364746094,39.33136008629024,38.946878954380104,38.96766086118704,253400,VTI
2005-05-17,39.57729721069336,39.63618105396163,39.14085857863167,39.24477341953442,176400,VTI
2005-05-18,40.05531311035156,40.11073508214697,39.77820853670466,39.83363050850007,217200,VTI
2005-05-19,40.235416412353516,40.25966285502911,40.03451580580485,40.09339964620786,267800,VTI
2005-05-20,40.17999267578125,40.24926746815668,40.03797591594851,40.1522817017655,124200,VTI
2005-05-23,40.3878173828125,40.48826767586946,40.20423681513259,40.235412319781055,236600,VTI
2005-05-24,40.3878173828125,40.43284837367542,40.231947787561495,40.33585997017423,230600,VTI
2005-05-25,40.23884582519531,40.33583151761983,40.08297633989333,40.33583151761983,214200,VTI
2005-05-26,40.46749496459961,40.533305235744706,40.332407246638105,40.37050918172103,296600,VTI
2005-05-27,40.52982711791992,40.571390926703906,40.42591231063331,40.43976779444908,147400,VTI
2005-05-31,40.41899871826172,40.561012847785065,40.36357676540879,40.52983998130342,138600,VTI
2005-06-01,40.75498580932617,40.858898003791076,40.408606542448325,40.422459387579046,278800,VTI
2005-06-02,40.81733322143555,40.851973263681224,40.612970714039875,40.612970714039875,132000,VTI
2005-06-03,40.58179473876953,40.869287511672496,40.526372789552966,40.81733009494796,171600,VTI
2005-06-06,40.64760971069336,40.67185615561947,40.45710268417797,40.61297230975095,180000,VTI
2005-06-07,40.67533493041992,41.04249626576165,40.66494397076538,40.75153882477354,305200,VTI
2005-06-08,40.58179473876953,40.80693914013586,40.502126347436715,40.78615723051164,233200,VTI
2005-06-09,40.79308319091797,40.80347678827638,40.439777517986926,40.49173493412313,186400,VTI
2005-06-10,40.741119384765625,40.855422503726466,40.543683361352606,40.83810513062979,285200,VTI
2005-06-13,40.83464813232422,41.000911329238264,40.64067660481105,40.72727141425998,200600,VTI
2005-06-14,40.97321701049805,41.07020281367678,40.79656278747111,40.82080923826579,135000,VTI
2005-06-15,41.02863693237305,41.12216084584203,40.78270788712474,41.115231778277305,177800,VTI
2005-06-16,41.2191276550293,41.24683862718795,41.01130064916694,41.01130064916694,156800,VTI
2005-06-17,41.39579391479492,41.50663519320642,41.298808126517926,41.478924212937414,139600,VTI
2005-06-20,41.39231491088867,41.47890971195748,41.21912530875106,41.27108271792507,278800,VTI
2005-06-21,41.312652587890625,41.420031953969854,41.25376874877028,41.40964099914438,206200,VTI
2005-06-22,41.39231491088867,41.52393805715435,41.24337174734379,41.47890971195748,146000,VTI
2005-06-23,40.89006805419922,41.413098774655175,40.89006805419922,41.39231686706888,185200,VTI
2005-06-24,40.54369354248047,40.89007280335544,40.49173612481642,40.89007280335544,412200,VTI
2005-06-27,40.582984924316406,40.77067633073137,40.4960909020018,40.63164536466898,378400,VTI
2005-06-28,40.99657440185547,41.01395425674947,40.50997028634582,40.73241863966267,143400,VTI
2005-06-29,40.92706298828125,41.07652073414035,40.89925627933218,41.06609388123288,235200,VTI
2005-06-30,40.72548294067383,41.090438834164246,40.68724936509694,41.02439853965968,243400,VTI
2005-07-01,40.87492752075195,40.91663758565396,40.75327647953003,40.80541339770909,101400,VTI
2005-07-05,41.22946548461914,41.25726954885747,40.78109213282039,40.822799555075086,225000,VTI
2005-07-06,40.91316604614258,41.25726550498857,40.91316604614258,41.198178228056314,130600,VTI
2005-07-07,41.03134536743164,41.05219907759024,40.49260153945085,40.49260153945085,287000,VTI
2005-07-08,41.53532791137695,41.57008497759668,41.02439081738508,41.04872102891831,767400,VTI
2005-07-11,41.83076095581055,41.83076095581055,41.5353219576006,41.5353219576006,186400,VTI
2005-07-12,41.900291442871094,42.011515666308135,41.69522020640597,41.84120150245559,191600,VTI
2005-07-13,41.95242691040039,41.97328327599253,41.806445610229055,41.94200005350168,97800,VTI
2005-07-14,41.9941291809082,42.265238017040296,41.90723518718411,42.143586956185416,206800,VTI
2005-07-15,42.028892517089844,42.08102945145992,41.83772729345908,42.01151530682957,188200,VTI
2005-07-18,41.8550910949707,41.962841431961735,41.79600382578472,41.962841431961735,162200,VTI
2005-07-19,42.12968826293945,42.147068124326005,41.830772679293595,41.830772679293595,234400,VTI
2005-07-20,42.265228271484375,42.383405454632744,41.91765237673238,42.04625641243632,165800,VTI
2005-07-21,42.008033752441406,42.33475602686268,41.948946471431604,42.293045954023476,246000,VTI
2005-07-22,42.29304504394531,42.29999539670513,42.02193620581013,42.056693273197716,179000,VTI
2005-07-25,42.18876647949219,42.42164437375553,42.09144564095538,42.40426451610511,174000,VTI
2005-07-26,42.24091339111328,42.30000067822918,42.143592529558966,42.21310667301359,167000,VTI
2005-07-27,42.407752990722656,42.407752990722656,42.12969110057623,42.26524554277907,552200,VTI
2005-07-28,42.699703216552734,42.706656220278866,42.4042642012471,42.49115818526605,137400,VTI
2005-07-29,42.508548736572266,42.710140814846916,42.39732451511933,42.689287102010304,464200,VTI
2005-08-01,42.4494514465332,42.57457900547461,42.39384067133377,42.5259185827523,148800,VTI
2005-08-02,42.71013641357422,42.75184648674384,42.48768799359162,42.532874569140624,167800,VTI
2005-08-03,42.74488067626953,42.78658808256247,42.626703504254984,42.651033708523656,154200,VTI
2005-08-04,42.36603927612305,42.689285068666955,42.36603927612305,42.689285068666955,212200,VTI
2005-08-05,42.039310455322266,42.31389577641206,41.97674667770948,42.31389577641206,149400,VTI
2005-08-08,41.900291442871094,42.24439096978652,41.865531718463856,42.13664324914914,116000,VTI
2005-08-09,42.11577224731445,42.21656957911628,42.014974915512624,42.09144203976186,341800,VTI
2005-08-10,42.17832946777344,42.52938182377465,42.00106503924702,42.33474019357675,191600,VTI
2005-08-11,42.38340759277344,42.40773780056173,42.06711223973184,42.17833642559172,167400,VTI
2005-08-12,42.122737884521484,42.28262253236387,41.98370694889499,42.23048560002962,157800,VTI
2005-08-15,42.33821487426758,42.6058497728388,42.035825571670884,42.230467205691134,194600,VTI
2005-08-16,41.785587310791016,42.275668093810744,41.785587310791016,42.275668093810744,192200,VTI
2005-08-17,41.7821159362793,42.00804089526666,41.74388235929091,41.820349513267686,182200,VTI
2005-08-18,41.736915588378906,41.896800187534545,41.61178804959732,41.70215852800485,209800,VTI
2005-08-19,41.882904052734375,41.95241818546522,41.81338992000352,41.924614123449395,96800,VTI
2005-08-22,41.84467315673828,42.1123081536132,41.69173887280976,41.99065443587313,737400,VTI
2005-08-23,41.78904724121094,41.88289155757991,41.636113012675764,41.88289155757991,216200,VTI
2005-08-24,41.51445770263672,41.9975878909215,41.5005543513157,41.72995301862977,179600,VTI
2005-08-25,41.646541595458984,41.67782480341128,41.53184091928972,41.62916174084176,229400,VTI
2005-08-26,41.36153793334961,41.646550105474034,41.32678086880644,41.646550105474034,170400,VTI
2005-08-29,41.65003204345703,41.67436225699213,41.191231836942016,41.344163471250766,339000,VTI
2005-08-30,41.51100158691406,41.52838144754845,41.281600155153335,41.49014787558833,269400,VTI
2005-08-31,42.04627227783203,42.053222631560466,41.40673101123641,41.46234444824239,312000,VTI
2005-09-01,42.04277801513672,42.23741965884683,41.85161287271958,42.00454445629459,243600,VTI
2005-09-02,41.935054779052734,42.09841596170617,41.886394339768096,42.08451260022556,270000,VTI
2005-09-06,42.42164611816406,42.428596470433654,41.99065002721536,42.0219332419137,182400,VTI
2005-09-07,42.5606803894043,42.57458374770134,42.32780510446639,42.456409179868174,228800,VTI
2005-09-08,42.411216735839844,42.532870441162345,42.32779924939094,42.425120092213675,181400,VTI
2005-09-09,42.699703216552734,42.751840137322894,42.477254829607745,42.49810853719823,317000,VTI
2005-09-12,42.71013641357422,42.78312705277529,42.68233234992215,42.68928270288658,312600,VTI
2005-09-13,42.439029693603516,42.73446876758834,42.404272623451384,42.73446876758834,518600,VTI
2005-09-14,42.265228271484375,42.477249779426586,42.20266450435727,42.439016218860374,340000,VTI
2005-09-15,42.275665283203125,42.41121970258767,42.16096722573531,42.41121970258767,207600,VTI
2005-09-16,42.56414794921875,42.59195465997065,42.33127271320783,42.44944725621257,142000,VTI
2005-09-19,42.407752990722656,42.525927570368324,42.24091532627586,42.456413423729074,199000,VTI
2005-09-20,41.99064636230469,42.54329345819219,41.96631615379353,42.48768003771306,173600,VTI
2005-09-21,41.59095001220703,41.91766968496008,41.59095001220703,41.855105891999756,739800,VTI
2005-09-22,41.73344039916992,41.81338402715854,41.40324433754231,41.451904753954935,574800,VTI
2005-09-23,41.816856384277344,41.90722686230067,41.54574760200109,41.622214725575155,158600,VTI
2005-09-26,41.869258880615234,42.07879672004172,41.7330591517671,42.02641159408056,365000,VTI
2005-09-27,41.869258880615234,41.984505624846165,41.694643570356796,41.92513705881866,979000,VTI
2005-09-28,41.90767288208008,41.99847358602831,41.71559498226998,41.99498053391774,153000,VTI
2005-09-29,42.25688552856445,42.29530109219832,41.71557725148135,41.837810043634725,198200,VTI
2005-09-30,42.379119873046875,42.61659671531399,42.20450462621569,42.61659671531399,204800,VTI
2005-10-03,42.400081634521484,42.56771080360147,42.28483491551799,42.46643362609091,388800,VTI
2005-10-04,41.88319778442383,42.45942841960381,41.88319778442383,42.44895193495956,142200,VTI
2005-10-05,41.237144470214844,41.87274397214062,41.237144470214844,41.87274397214062,271200,VTI
2005-10-06,41.069496154785156,41.4222196189727,40.692326668193516,41.296496456775486,488600,VTI
2005-10-07,41.21619415283203,41.338426994108964,41.0380884655882,41.06951794060134,374000,VTI
2005-10-10,40.85649490356445,41.22668122163949,40.83903496890093,41.22668122163949,256200,VTI
2005-10-11,40.71677780151367,41.0974403860642,40.7132874153154,40.89837913166784,356400,VTI
2005-10-12,40.41295623779297,40.926325528970864,40.322155556472765,40.758693706873366,595600,VTI
2005-10-13,40.38153076171875,40.517730473940695,40.10913133727485,40.41645595104159,665400,VTI
2005-10-14,40.81108856201172,40.82855115796415,40.37105725530753,40.615520276551216,353000,VTI
2005-10-17,40.919342041015625,40.95426456239555,40.685358216910785,40.70282080980954,289000,VTI
2005-10-18,40.503753662109375,40.926322237987314,40.48279802077139,40.926322237987314,214600,VTI
2005-10-19,41.09744644165039,41.111415981752685,40.1894476503395,40.34660031376005,316800,VTI
2005-10-20,40.48280334472656,41.167294879801545,40.273265554710555,41.0974498379354,399600,VTI
2005-10-21,40.646934509277344,40.842502721399356,40.42692027064008,40.70630305018337,235400,VTI
2005-10-24,41.35586929321289,41.35586929321289,40.80757759271055,40.86694612981319,391600,VTI
2005-10-25,41.254608154296875,41.39080786964814,40.954269637261284,41.24063861113034,265800,VTI
2005-10-26,41.100929260253906,41.471112655343,41.02060509076759,41.1917272516877,180400,VTI
2005-10-27,40.559627532958984,41.03807424737709,40.54565799409819,40.98219609193391,321200,VTI
2005-10-28,41.19524002075195,41.20571651213086,40.59456298046043,40.81457995708927,158600,VTI
2005-10-31,41.38380813598633,41.72954553387051,41.37333164884088,41.41873064794345,252200,VTI
2005-11-01,41.460655212402344,41.59685492652803,41.38382405788675,41.50605422897161,159200,VTI
2005-11-02,41.96004867553711,41.96004867553711,41.50604792116878,41.50604792116878,343200,VTI
2005-11-03,42.11370849609375,42.29530986446748,41.96354192545578,42.194032690647035,289200,VTI
2005-11-04,42.11022186279297,42.18355996118276,41.907667497096746,42.15212782506271,298600,VTI
2005-11-07,42.141658782958984,42.28484461780243,42.00196600039466,42.256905528405916,267800,VTI
2005-11-08,42.11720275878906,42.19054085275092,41.97401962231618,42.07180374759865,573000,VTI
2005-11-09,42.218475341796875,42.36515151376099,41.97401505519002,42.117198176083384,2139200,VTI
2005-11-10,42.469932556152344,42.52231767789746,41.92164063264512,42.18705662891387,633800,VTI
2005-11-11,42.658512115478516,42.68295814734456,42.45945080902142,42.55374188495682,158800,VTI
2005-11-14,42.57121276855469,42.710905548315004,42.51533459088329,42.710905548315004,250800,VTI
2005-11-15,42.403568267822266,42.75978488331411,42.29880071252618,42.65152161243225,161200,VTI
2005-11-16,42.4838981628418,42.536283279732686,42.31975937331194,42.4838981628418,148800,VTI
2005-11-17,42.882015228271484,42.93440033837038,42.560723794143755,42.641045320467,206800,VTI
2005-11-18,43.157894134521484,43.16487757028551,42.847079286899564,43.0461405113812,219000,VTI
2005-11-21,43.349998474121094,43.402383603113655,43.042676469472866,43.192845751561755,452800,VTI
2005-11-22,43.59095001220703,43.65381160749852,43.26965859823597,43.42681125425608,229000,VTI
2005-11-23,43.79351043701172,43.947170063467865,43.61889516626161,43.61889516626161,269600,VTI
2005-11-25,43.85287094116211,43.866840479988355,43.73413385776463,43.79350239946337,66200,VTI
2005-11-28,43.458248138427734,43.971617445401094,43.391893484911655,43.96812439405354,456800,VTI
2005-11-29,43.465248107910156,43.730664158503075,43.433818627081024,43.496680253157805,270600,VTI
2005-11-30,43.294105529785156,43.57698138229237,43.21727439344561,43.5490423028203,278600,VTI
2005-12-01,43.83540344238281,43.85984946648676,43.47220613124331,43.528081615873695,1010400,VTI
2005-12-02,43.849395751953125,43.89130438550293,43.6747804421229,43.83542620743653,275600,VTI
2005-12-05,43.7515983581543,43.79001392783938,43.54904402061791,43.79001392783938,232200,VTI
2005-12-06,43.744625091552734,44.07988614314378,43.6992234089588,43.86685526696333,216400,VTI
2005-12-07,43.55952453613281,43.79700139960342,43.384909273710825,43.7481066748612,304800,VTI
2005-12-08,43.56650924682617,43.807479168620624,43.37443138678457,43.56301619543881,151000,VTI
2005-12-09,43.66780090332031,43.78653804569202,43.479216032125464,43.657324410101445,226800,VTI
2005-12-12,43.74112319946289,43.84938380945876,43.55952449904233,43.84938380945876,177800,VTI
2005-12-13,43.98906707763672,44.09732766431503,43.671268754244934,43.671268754244934,392800,VTI
2005-12-14,44.076385498046875,44.226554734657995,43.90875633333808,44.03796992604745,165200,VTI
2005-12-15,43.96462631225586,44.14622765970492,43.88081174042709,44.14622765970492,718000,VTI
2005-12-16,43.91223907470703,44.12177682631897,43.84937748278174,44.07288477309009,254600,VTI
2005-12-19,43.54206466674805,43.947170715400695,43.52460207364695,43.912248193616136,280400,VTI
2005-12-20,43.57697677612305,43.72714598189066,43.43728405794575,43.55253075027329,208600,VTI
2005-12-21,43.734130859375,43.91922257340309,43.618884170272516,43.772543757992246,346400,VTI
2005-12-22,43.93669891357422,43.93669891357422,43.72716109609048,43.821454845829805,168600,VTI
2005-12-23,43.96462631225586,44.00304187943096,43.87382563853133,43.95414982382941,162400,VTI
2005-12-27,43.56154251098633,44.084687553651975,43.533453503385644,44.06713393293794,396000,VTI
2005-12-28,43.62474822998047,43.71252438336071,43.52995116296468,43.65985815558944,316000,VTI
2005-12-29,43.46326446533203,43.70903675922786,43.46326446533203,43.705527639827274,222600,VTI
2005-12-30,43.30173873901367,43.40004761607803,43.22098348787309,43.29471514567136,1390200,VTI
2006-01-03,43.94075012207031,44.049591712917625,43.13672010383902,43.43515853851832,1769800,VTI
2006-01-04,44.26026916503906,44.26026916503906,43.97587514107662,44.00045236933613,763600,VTI
2006-01-05,44.232173919677734,44.27781656905895,44.08470790106838,44.22866212242797,258200,VTI
2006-01-06,44.66755676269531,44.685110396910524,44.31996373211392,44.530626093717274,436000,VTI
2006-01-09,44.832576751708984,44.899284848107136,44.6675570524554,44.70617879818357,689600,VTI
2006-01-10,44.89575958251953,44.90278049798276,44.63594017220263,44.70967183878997,271000,VTI
2006-01-11,45.022159576416016,45.081846739677076,44.836074491710015,44.937895188358254,498000,VTI
2006-01-12,44.765846252441406,45.011618454497786,44.71318001522473,44.99757662470836,309800,VTI
2006-01-13,44.814998626708984,44.85010855699604,44.62891358534324,44.80797771213797,512800,VTI
2006-01-17,44.65701675415039,44.66052587319005,44.499017999710354,44.64999315863742,377000,VTI
2006-01-18,44.520084381103516,44.59381605882959,44.2497322173912,44.30591026444919,468800,VTI
2006-01-19,44.76233673095703,44.881713719963976,44.52709722864327,44.62189431747906,337000,VTI
2006-01-20,43.97586441040039,44.74127277634883,43.961819900719576,44.73776097924954,596600,VTI
2006-01-23,44.105770111083984,44.23216800801802,43.993416722555516,44.07416929749244,593600,VTI
2006-01-24,44.239200592041016,44.42528568974619,44.14440348369346,44.232179675344334,769200,VTI
2006-01-25,44.14088821411133,44.45337121751294,43.98288947433698,44.40421676835201,522600,VTI
2006-01-26,44.516563415527344,44.572738772299594,44.267279410158885,44.46740897383307,252200,VTI
2006-01-27,44.871192932128906,44.96247824823961,44.572751719659685,44.59030803052856,516400,VTI
2006-01-30,44.91682815551758,45.008116135235184,44.86065011300936,44.906295442226416,526800,VTI
2006-01-31,44.69563293457031,44.93087245937879,44.64647848696007,44.839584480081285,385400,VTI
2006-02-01,44.86767578125,44.902785720081994,44.695635205871575,44.7237215497072,578000,VTI
2006-02-02,44.4674186706543,44.8431006590789,44.3550652538932,44.783413492393855,428800,VTI
2006-02-03,44.249717712402344,44.47793626601148,44.116298912449174,44.2778067267238,452600,VTI
2006-02-06,44.35506820678711,44.35506820678711,44.17249221819755,44.270801129568724,348200,VTI
2006-02-07,43.923194885253906,44.3515430229901,43.8880849530347,44.23918963265898,570000,VTI
2006-02-08,44.239200592041016,44.30239955717832,43.89160762314425,43.972360219381656,396400,VTI
2006-02-09,44.154930114746094,44.558701076454795,44.11279658422048,44.36208061271839,213000,VTI
2006-02-10,44.24622344970703,44.33049052606454,43.82138698492631,44.11982819260458,359000,VTI
2006-02-13,44.04608917236328,44.21813242602519,43.919691249913015,44.21813242602519,334200,VTI
2006-02-14,44.463897705078125,44.57273930173454,43.99341870649707,44.04608226699778,131000,VTI
2006-02-15,44.63242721557617,44.66753714730561,44.39718504768516,44.470919386647886,204600,VTI
2006-02-16,44.98004150390625,45.0151541310653,44.68862384227725,44.70618015585678,194200,VTI
2006-02-17,44.9273567199707,45.046733709918485,44.85362505502483,45.004597503211905,240600,VTI
2006-02-21,44.800968170166016,45.13451930929747,44.755325514349146,45.0642994266997,294200,VTI
2006-02-22,45.15206527709961,45.204728837626796,44.832558723414934,44.832558723414934,287600,VTI
2006-02-23,45.039703369140625,45.236321112877114,44.92032907579085,45.06779238359322,153800,VTI
2006-02-24,45.109928131103516,45.187171589888486,44.941399383496446,44.99055382477486,180400,VTI
2006-02-27,45.2398567199707,45.39785281231505,45.18718778423312,45.18718778423312,460600,VTI
2006-02-28,44.793941497802734,45.18015348118277,44.748296169134036,45.15206981769905,358400,VTI
2006-03-01,45.18718338012695,45.25740326349897,44.86767942845234,44.99407468277862,216400,VTI
2006-03-02,45.15557098388672,45.20823454043525,44.94490604282859,45.11694925660713,148800,VTI
2006-03-03,45.08183670043945,45.44347407565108,45.011616839147955,45.0326822617922,323200,VTI
2006-03-06,44.75181579589844,45.166119551395354,44.68510502922921,45.166119551395354,279800,VTI
2006-03-07,44.56922149658203,44.699128492118724,44.46740083493271,44.64295314562829,218400,VTI
2006-03-08,44.69563293457031,44.76234101134621,44.3094155908949,44.49199154948991,491800,VTI
2006-03-09,44.45688247680664,44.853629862722116,44.45337067941863,44.762341881649725,258400,VTI
2006-03-10,44.80448532104492,44.88523792780881,44.41475876501501,44.44635691234423,246800,VTI
2006-03-13,44.91331481933594,45.03620361343305,44.80798501131666,45.00460011720937,309200,VTI
2006-03-14,45.37678527832031,45.38029439756653,44.81852726571916,44.937901609298045,331000,VTI
2006-03-15,45.580413818359375,45.64361009153392,45.28899628026769,45.34516895950092,341800,VTI
2006-03-16,45.67872619628906,45.85076408026166,45.64361358133028,45.73138976129437,210000,VTI
2006-03-17,45.713829040527344,45.82618511160212,45.64711829300574,45.69978721035917,262600,VTI
2006-03-20,45.61724090576172,45.881637600453146,45.603142115543896,45.881637600453146,268800,VTI
2006-03-21,45.3634147644043,45.874585955769994,45.303485498893025,45.62076472586111,247000,VTI
2006-03-22,45.63838195800781,45.68068369373538,45.34225367042665,45.38808413690667,252200,VTI
2006-03-23,45.62781524658203,45.64544276830404,45.44450408233353,45.581990145102104,295000,VTI
2006-03-24,45.687740325927734,45.79702340688215,45.50090046897407,45.64896193792811,443800,VTI
2006-03-27,45.6560173034668,45.70889986758798,45.54673420177968,45.634866429484035,240800,VTI
2006-03-28,45.388099670410156,45.8287608322588,45.34226918824523,45.70537355527535,195800,VTI
2006-03-29,45.81113815307617,45.881642870592756,45.38810446881154,45.38810446881154,175200,VTI
2006-03-30,45.687740325927734,46.043792521805536,45.58903267995837,45.860476016792475,203600,VTI
2006-03-31,45.712425231933594,45.832283775886886,45.536160768767736,45.775883235838855,271600,VTI
2006-04-03,45.66307830810547,46.036758165903805,45.61724781941367,45.793512309255554,173400,VTI
2006-04-04,45.92746353149414,45.980340713527305,45.557307119770044,45.74062364942498,207000,VTI
2006-04-05,46.0966796875,46.17776521217719,45.87106139364731,45.95567027102874,317200,VTI
2006-04-06,46.07550811767578,46.17421574070305,45.8287390601076,46.100187713013604,223000,VTI
2006-04-07,45.58198928833008,46.27294294186424,45.53263545593478,46.17776400885035,276600,VTI
2006-04-10,45.641910552978516,45.78291994104484,45.47974491545523,45.72299068215848,381200,VTI
2006-04-11,45.229461669921875,45.754726319892576,45.081397478921865,45.747679614466335,453600,VTI
2006-04-12,45.32112503051758,45.388106397712704,45.208318553530034,45.26119574912336,346800,VTI
2006-04-13,45.31053924560547,45.45154865443445,45.11664996367459,45.158954400072524,322200,VTI
2006-04-17,45.240028381347656,45.48327415074703,45.05671187149889,45.25060381661168,211600,VTI
2006-04-18,46.01912307739258,46.10725530782812,45.41982498626375,45.42687707086464,369600,VTI
2006-04-19,46.1566047668457,46.22006276391008,45.90631226846431,46.075524628696066,508200,VTI
2006-04-20,46.22006607055664,46.47388731864496,46.033226176708894,46.138985926606416,115800,VTI
2006-04-21,46.19890594482422,46.463302577038974,46.04379239325878,46.456250494014206,704200,VTI
2006-04-24,46.064964294433594,46.15661989894858,45.92042611183381,46.15661989894858,196000,VTI
2006-04-25,45.9168815612793,46.18127819215039,45.77939552839286,46.08609389887109,158800,VTI
2006-04-26,45.92746353149414,46.19891228398035,45.88868513828183,46.00854367033298,260400,VTI
2006-04-27,46.061431884765625,46.3117244159936,45.5960911091054,45.645444944781666,313200,VTI
2006-04-28,46.14956283569336,46.301147691355524,46.008548038277326,46.04027972967375,155400,VTI
2006-05-01,45.92746353149414,46.35754920924382,45.89573722227424,46.34697377283719,403400,VTI
2006-05-02,46.19890594482422,46.21653346280452,46.04026904132802,46.15659882583885,188600,VTI
2006-05-03,46.064964294433594,46.205979123494,45.92042611183381,46.1672007178981,196000,VTI
2006-05-04,46.279998779296875,46.34345678561651,46.128413917205904,46.28352213219502,245800,VTI
2006-05-05,46.674835205078125,46.80174585414525,46.442170164426216,46.442170164426216,428800,VTI
2006-05-08,46.71714401245117,46.80527626136885,46.66426143560121,46.69951648683452,267800,VTI
2006-05-09,46.71360778808594,46.794693317085255,46.65720724598976,46.69950899735307,577200,VTI
2006-05-10,46.6501579284668,46.73829016847844,46.46684136307635,46.70303512080777,677600,VTI
2006-05-11,46.04732131958008,46.56201585943112,45.966241182051206,46.554963775552636,310200,VTI
2006-05-12,45.43039321899414,45.95918651774862,45.42334651467521,45.82875255872153,431600,VTI
2006-05-15,45.479740142822266,45.51499517572087,45.1272113304874,45.26822608291902,304400,VTI
2006-05-16,45.33521270751953,45.596080616420515,45.27527806876634,45.56435431060771,786400,VTI
2006-05-17,44.50676727294922,45.27175423126981,44.50676727294922,45.141320278218,654400,VTI
2006-05-18,44.298789978027344,44.883986647409316,44.263534930700814,44.66189437299765,627600,VTI
2006-05-19,44.54907989501953,44.718292267818846,44.09079123032221,44.45389558193551,636000,VTI
2006-05-22,44.2846794128418,44.552599428403695,43.921572402773585,44.26352585086863,405600,VTI
2006-05-23,43.939208984375,44.75707605701423,43.93215958865145,44.718297656578464,2607000,VTI
2006-05-24,44.09078598022461,44.39396102577027,43.61487254022029,43.93919845745178,788000,VTI
2006-05-25,44.7006721496582,44.7006721496582,44.274109751285195,44.41864791247616,282400,VTI
2006-05-26,44.954490661621094,44.96506878940353,44.68304455268575,44.84873359003876,350800,VTI
2006-05-30,44.1401481628418,44.915713442978095,44.1401481628418,44.915713442978095,415400,VTI
2006-05-31,44.661888122558594,44.661888122558594,44.30935921528973,44.383389963066335,402600,VTI
2006-06-01,45.229461669921875,45.229461669921875,44.5808070562719,44.6654132442846,246000,VTI
2006-06-02,45.317596435546875,45.476233383143494,45.063775167726384,45.44803042236736,370600,VTI
2006-06-05,44.556121826171875,45.20830236043458,44.44683874164605,45.141321017231405,275200,VTI
2006-06-06,44.355194091796875,44.67247069694786,44.027342048071276,44.61254141863672,599400,VTI
2006-06-07,44.06612014770508,44.693621268275194,44.06612014770508,44.436276632778814,213000,VTI
2006-06-08,44.02382278442383,44.17541036969492,43.27646298785439,43.907490252606955,996600,VTI
2006-06-09,43.854610443115234,44.323474683260756,43.84403500289259,44.263542706027515,277200,VTI
2006-06-12,43.27997970581055,44.1048988797522,43.2694042672289,44.1048988797522,536200,VTI
2006-06-13,42.76527786254883,43.5725693259809,42.747653032178285,43.244717357771215,1091200,VTI
2006-06-14,43.0367317199707,43.07903346955006,42.655999836263,42.726504545283426,2880400,VTI
2006-06-15,44.03086471557617,44.14014782524669,43.22709917052853,43.466818954979786,554000,VTI
2006-06-16,43.801727294921875,44.03087167784204,43.66424120308633,44.03087167784204,415400,VTI
2006-06-19,43.361061096191406,44.02734060030775,43.329334781510845,43.99561428562719,461400,VTI
2006-06-20,43.37162780761719,43.7030058164885,43.33637545742665,43.39630472170876,2345200,VTI
2006-06-21,43.854610443115234,44.05555187609432,43.39984768646089,43.484453897824984,226400,VTI
2006-06-22,43.614871978759766,43.85459171658011,43.477385935407995,43.85459171658011,385800,VTI
2006-06-23,43.68186569213867,43.9497857711736,43.502075165473265,43.65718608239281,485600,VTI
2006-06-26,43.89606857299805,43.93501242929669,43.65884789488949,43.867743312739485,277600,VTI
2006-06-27,43.47826385498047,44.030592713124534,43.47826385498047,43.86772658062678,238600,VTI
2006-06-28,43.78628921508789,43.78628921508789,43.38266389189528,43.67299092614337,202200,VTI
2006-06-29,44.742252349853516,44.742252349853516,43.9739454342901,43.9739454342901,400800,VTI
2006-06-30,44.72101974487305,44.93699512185983,44.6325053346734,44.93345649034855,463000,VTI
2006-07-03,45.064453125,45.078615753849995,44.816613873238204,44.96531742429528,199800,VTI
2006-07-05,44.69623565673828,44.841400585539546,44.49796424300525,44.781211435119936,324600,VTI
2006-07-06,44.841400146484375,44.97239974302729,44.68207258951285,44.78474962811795,194000,VTI
2006-07-07,44.469627380371094,44.869714137434435,44.38111299358642,44.84138888536461,2556200,VTI
2006-07-10,44.52274703979492,44.76704766926269,44.402368742010744,44.61126144742871,333400,VTI
2006-07-11,44.68561935424805,44.71748595001424,44.207642027720894,44.51567318098075,243600,VTI
2006-07-12,44.20763397216797,44.71747780155714,44.12974086476182,44.70685380407384,227000,VTI
2006-07-13,43.54909896850586,44.08018554129252,43.54909896850586,43.97396714623679,433400,VTI
2006-07-14,43.294166564941406,43.57387241679564,43.03570600773438,43.44287012124507,689800,VTI
2006-07-17,43.21979904174805,43.492422128987734,43.12420470501953,43.23750299729691,489800,VTI
2006-07-18,43.3649787902832,43.471194456280976,42.851593616935475,43.23751783008965,419600,VTI
2006-07-19,44.080162048339844,44.25719081158619,43.4995079209914,43.4995079209914,469400,VTI
2006-07-20,43.630523681640625,44.27490847124096,43.630523681640625,44.250124544765775,252400,VTI
2006-07-21,43.2835578918457,43.68364215798839,43.2552326248853,43.655319592274125,304600,VTI
2006-07-24,44.1262092590332,44.13683325885835,43.48182436651097,43.51369096349478,235000,VTI
2006-07-25,44.27491760253906,44.50859428589234,43.9845903891329,44.027075585426616,338200,VTI
2006-07-26,44.3952751159668,44.579386551087254,44.09078541278231,44.292598104312056,211400,VTI
2006-07-27,44.28199005126953,44.636047700260654,44.083718632233065,44.59355980993334,223800,VTI
2006-07-28,44.67144775390625,44.77412478437761,44.29968888624632,44.29968888624632,293600,VTI
2006-07-31,44.66790008544922,44.74933180611808,44.55459908061493,44.66081742202476,233800,VTI
2006-08-01,44.43775939941406,44.50502849032006,44.25718931067805,44.48732723534247,211400,VTI
2006-08-02,44.71747589111328,44.901584654279766,44.58647360686831,44.62187882656435,171000,VTI
2006-08-03,44.81660842895508,44.965311961947776,44.38465775586159,44.398820382991126,172000,VTI
2006-08-04,44.79536819458008,45.30875335631311,44.57231286991035,45.24856421015155,258600,VTI
2006-08-07,44.64665222167969,44.759950518735515,44.522732631344326,44.713924014109374,153200,VTI
2006-08-08,44.44131851196289,44.89451460842049,44.33156149628537,44.76705362836143,208400,VTI
2006-08-09,44.21471405029297,44.85909880244006,44.18639149399992,44.75996310230131,314600,VTI
2006-08-10,44.38466262817383,44.47317703151635,44.027063682321376,44.0589302721722,164000,VTI
2006-08-11,44.246578216552734,44.39528175861503,44.048306827136344,44.39528175861503,433800,VTI
2006-08-14,44.32801055908203,44.68560949239533,44.23595752773019,44.52274332010539,194800,VTI
2006-08-15,44.89449691772461,44.954686050911135,44.59000721881735,44.75287336221629,294000,VTI
2006-08-16,45.33353805541992,45.376028646107635,45.057376228404124,45.08216015526743,292800,VTI
2006-08-17,45.43619918823242,45.54241751771309,45.2379251532848,45.30165561072433,653400,VTI
2006-08-18,45.61678695678711,45.61678695678711,45.24856937281891,45.48932598493445,448400,VTI
2006-08-21,45.44330596923828,45.4503832331348,45.2875197236505,45.38311140867721,278200,VTI
2006-08-22,45.45745849609375,45.54243427143611,45.283971015282425,45.322914869091015,200200,VTI
2006-08-23,45.23793411254883,45.51410128364394,45.036121407562504,45.41142156389798,167600,VTI
2006-08-24,45.23440933227539,45.37603294258065,45.07154312586032,45.37603294258065,175200,VTI
2006-08-25,45.252105712890625,45.39373200916106,45.15651133946483,45.24856708141791,297800,VTI
2006-08-28,45.514102935791016,45.57783070692065,45.12463743725462,45.12463743725462,214000,VTI
2006-08-29,45.60262680053711,45.65573328750658,45.269811742219005,45.47516582931935,203600,VTI
2006-08-30,45.70176315307617,45.75133100910752,45.613248738556535,45.64157399950175,240200,VTI
2006-08-31,45.694679260253906,45.80798030099249,45.63802873988462,45.77257237513894,349000,VTI
2006-09-01,45.9602165222168,46.01686703522197,45.7407025374346,45.90356600921163,154800,VTI
2006-09-05,46.05226516723633,46.10891026571029,45.86107107710818,45.96375078541492,340000,VTI
2006-09-06,45.56010437011719,45.86813798675289,45.52116324187981,45.86813798675289,169400,VTI
2006-09-07,45.390174865722656,45.59906751458757,45.23793001775965,45.393718898662584,299200,VTI
2006-09-08,45.48223114013672,45.52471631350096,45.3299835980999,45.35477021755503,169200,VTI
2006-09-11,45.496395111083984,45.606152087031475,45.145878893424936,45.41850201799426,345200,VTI
2006-09-12,46.013336181640625,46.04873870638517,45.545977474086605,45.59554533072192,158800,VTI
2006-09-13,46.25761413574219,46.29656068014364,45.93188185642513,46.0628868162241,213800,VTI
2006-09-14,46.158485412597656,46.20097599629289,46.04518979522031,46.16910670789897,499400,VTI
2006-09-15,46.26825714111328,46.43466469050825,46.200990716935735,46.378019565016196,251800,VTI
2006-09-18,46.30366134643555,46.44882628678051,46.165579072141654,46.21868556129651,275400,VTI
2006-09-19,46.18327713012695,46.399252495889975,45.92835520980041,46.399252495889975,276400,VTI
2006-09-20,46.45942687988281,46.576266506444966,46.33196596022308,46.4346402609959,314400,VTI
2006-09-21,46.16910934448242,46.576278830081655,46.09476027312736,46.55857486940512,195400,VTI
2006-09-22,46.05226516723633,46.15847810343072,45.878775033970285,46.09475034171408,177200,VTI
2006-09-25,46.44651794433594,46.52828763360471,45.867051079750624,46.172784226684264,497400,VTI
2006-09-26,46.7700309753418,46.7700309753418,46.33987485734173,46.44652154805122,1265000,VTI
2006-09-27,46.82691192626953,46.92645245205216,46.695377393889295,46.74870073821863,188400,VTI
2006-09-28,46.873130798339844,46.96911282159452,46.691820571977,46.908677887657575,229400,VTI
2006-09-29,46.72736358642578,46.92644460469939,46.72736358642578,46.837568762645034,310200,VTI
2006-10-02,46.59584045410156,46.85179795113255,46.52829392971818,46.74870433597786,299400,VTI
2006-10-03,46.66694259643555,46.787812475821,46.36476247341939,46.53540262223135,200600,VTI
2006-10-04,47.16109085083008,47.20019644886436,46.53895978863619,46.60650631474562,673000,VTI
2006-10-05,47.38862991333008,47.4241770178086,47.13977848376312,47.21087811727449,424800,VTI
2006-10-06,47.296180725097656,47.32462165452377,47.07577030273608,47.32462165452377,562000,VTI
2006-10-09,47.342384338378906,47.43126018314373,47.17174423530474,47.28906100134044,148000,VTI
2006-10-10,47.44902801513672,47.520127593418685,47.306828858572786,47.42414017923547,204200,VTI
2006-10-11,47.36371612548828,47.49169756555801,47.10420016421266,47.388603967095534,202400,VTI
2006-10-12,47.836544036865234,47.861431882500305,47.4917052515511,47.559251775929454,220200,VTI
2006-10-13,48.003631591796875,48.021407849641406,47.77610959522281,47.86853854164118,193000,VTI
2006-10-16,48.135162353515625,48.1778264539007,47.93963980624548,48.0036278199953,252000,VTI
2006-10-17,47.946754455566406,48.0427419177324,47.66946216446716,48.02141257604058,392600,VTI
2006-10-18,48.014312744140625,48.2951636106599,47.83656095378053,48.2951636106599,182800,VTI
2006-10-19,48.0676155090332,48.12093884744683,47.868529055002824,47.98940432965907,184000,VTI
2006-10-20,48.05339431762695,48.124493913294565,47.89341887123696,48.124493913294565,117800,VTI
2006-10-23,48.25959396362305,48.355581415242995,47.87920266340279,47.91830826039224,441400,VTI
2006-10-24,48.37689971923828,48.37689971923828,48.13515460447971,48.238253620548406,254800,VTI
2006-10-25,48.536888122558594,48.5617759691399,48.28448369766143,48.40179506866564,187600,VTI
2006-10-26,48.79282760620117,48.82838010578883,48.437324308523934,48.728839616403185,423600,VTI
2006-10-27,48.41957092285156,48.75374504839592,48.3555829028379,48.718192532020076,460800,VTI
2006-10-30,48.437347412109375,48.540441030807315,48.2240431619415,48.34135995707859,221800,VTI
2006-10-31,48.37689971923828,48.57598074048005,48.202701113376236,48.536875152411056,211200,VTI
2006-11-01,47.9858512878418,48.59731761918001,47.968075031496134,48.59376453773161,335600,VTI
2006-11-02,47.95740509033203,48.03561627001321,47.80098815552091,47.946740422607434,157200,VTI
2006-11-03,47.950313568115234,48.17072400111952,47.78677957215687,48.12095372835878,122800,VTI
2006-11-06,48.48356246948242,48.55466207489847,48.00007755828028,48.00007755828028,254600,VTI
2006-11-07,48.6506462097168,48.807063161149934,48.49066532774467,48.597317440875486,252800,VTI
2006-11-08,48.775062561035156,48.85682681940989,48.36267733910429,48.46577635686254,231200,VTI
2006-11-09,48.50843811035156,48.88882935421635,48.41956225986555,48.88882935421635,220800,VTI
2006-11-10,48.61864471435547,48.61864471435547,48.41956367139144,48.54754511680425,165400,VTI
2006-11-13,48.72886276245117,48.849732639182264,48.55111102918107,48.657757729501206,188400,VTI
2006-11-14,49.109222412109375,49.13055174077727,48.57241441728593,48.91725302954885,703000,VTI
2006-11-15,49.29410934448242,49.4505317293496,49.127022290151764,49.16612788636856,285000,VTI
2006-11-16,49.40074157714844,49.486058898511345,49.32608349640596,49.450511822793445,501600,VTI
2006-11-17,49.375877380371094,49.37943046227892,49.151908455470206,49.21945498358651,370600,VTI
2006-11-20,49.40431594848633,49.52518582220677,49.308328496036665,49.45053313384214,249200,VTI
2006-11-21,49.532310485839844,49.532310485839844,49.37588805523736,49.493204878189225,282800,VTI
2006-11-22,49.670955657958984,49.685173412931526,49.50031547552052,49.64606780606504,168800,VTI
2006-11-24,49.52518081665039,49.6460506781544,49.41497562383486,49.47185747320795,130000,VTI
2006-11-27,48.73952865600586,49.50385895843354,48.73952865600585,49.50385895843354,489200,VTI
2006-11-28,48.924381256103516,48.96704535723188,48.60443033267648,48.6861946042986,326000,VTI
2006-11-29,49.42564010620117,49.46829878079431,49.134130122228534,49.159012540890636,312200,VTI
2006-11-30,49.50386047363281,49.69582996945628,49.24078594089805,49.521636732860635,342800,VTI
2006-12-01,49.36520004272461,49.57850424261453,48.98480881864952,49.57494573706731,248000,VTI
2006-12-04,49.84868621826172,49.9162327308841,49.47185348947508,49.478959651660695,360600,VTI
2006-12-05,50.030006408691406,50.072670517705106,49.83092531513734,49.94113053302956,237400,VTI
2006-12-06,50.00157928466797,50.10111985893153,49.884267870007264,50.03713181457115,197000,VTI
2006-12-07,49.7775993347168,50.16864991227648,49.77048774616402,50.133102818617964,159200,VTI
2006-12-08,49.8629264831543,50.04423676723399,49.64962760569207,49.81671470987537,204000,VTI
2006-12-11,49.96953582763672,50.065523223771436,49.834442857117416,49.92687717359866,209600,VTI
2006-12-12,49.89136505126953,49.98735252507791,49.6389605778983,49.976687852938475,186000,VTI
2006-12-13,49.9766731262207,50.14020166720708,49.87002101170027,50.14020166720708,281000,VTI
2006-12-14,50.357078552246094,50.41751893279149,50.01935124544517,50.03357442600432,280400,VTI
2006-12-15,50.37127685546875,50.58457563752619,50.34283593295083,50.58457563752619,309000,VTI
2006-12-18,50.16511154174805,50.541944477265275,50.090453401431304,50.49928578254386,274600,VTI
2006-12-19,50.23619079589844,50.31440198753044,49.852246425491906,50.05488599232538,305800,VTI
2006-12-20,50.214866638183594,50.39617146046305,50.175761038332816,50.303742508339674,228800,VTI
2006-12-21,50.01933288574219,50.33573073012386,49.912680768911414,50.300183640881606,406800,VTI
2006-12-22,49.73777389526367,50.07721882664847,49.73420274201583,50.07721882664847,409200,VTI
2006-12-26,50.02720642089844,50.03792533514128,49.75922266054023,49.794956009445414,219400,VTI
2006-12-27,50.37022018432617,50.40595352766333,50.18799321844919,50.18799321844919,274000,VTI
2006-12-28,50.298763275146484,50.40952901601697,50.21300651504844,50.40952901601697,358400,VTI
2006-12-29,50.098663330078125,50.39165601570813,50.02362549289608,50.32734254281709,433800,VTI
2007-01-03,50.00574493408203,50.509555473710975,49.68416675465219,50.43451765736882,798600,VTI
2007-01-04,50.10579299926758,50.234425364749015,49.727043659833654,50.005746209686585,3305000,VTI
2007-01-05,49.709190368652344,50.023626336021536,49.61272015768983,50.023626336021536,382000,VTI
2007-01-08,49.89142990112305,49.95574338427441,49.5412605412655,49.85212539959387,299000,VTI
2007-01-09,49.89142990112305,49.987900125850096,49.612727236513734,49.987900125850096,267000,VTI
2007-01-10,50.002201080322266,50.059372261877236,49.65560828884319,49.73064069400812,359200,VTI
2007-01-11,50.38093566894531,50.49170139275412,50.09508529812567,50.14868530948442,336400,VTI
2007-01-12,50.713226318359375,50.713226318359375,50.34519585335795,50.416662525978595,346200,VTI
2007-01-16,50.61677169799805,50.79185092421891,50.559600523167695,50.79185092421891,390000,VTI
2007-01-17,50.65249252319336,50.7882726814277,50.545303400526834,50.58460789621875,334000,VTI
2007-01-18,50.38093566894531,50.69179501668518,50.30947443927599,50.65249052254569,444600,VTI
2007-01-19,50.577457427978516,50.59174749285437,50.309473731382525,50.309473731382525,328600,VTI
2007-01-22,50.377349853515625,50.62746681063355,50.209413013992,50.62746681063355,379600,VTI
2007-01-23,50.520301818847656,50.65608201161374,50.27375586972774,50.36666040252304,295400,VTI
2007-01-24,50.966915130615234,50.981205192511254,50.559580214814744,50.66677476152879,284800,VTI
2007-01-25,50.395225524902344,51.031245187104446,50.32019314231073,51.031245187104446,425400,VTI
2007-01-26,50.363059997558594,50.577449100393096,50.170114166720644,50.54886352320574,192600,VTI
2007-01-29,50.373775482177734,50.581016813588086,50.288024208587935,50.44166554186366,274600,VTI
2007-01-30,50.66321563720703,50.66321563720703,50.41667518248467,50.54887874616604,190800,VTI
2007-01-31,51.03125,51.13129682098606,50.527439289371245,50.6203383511032,272000,VTI
2007-02-01,51.3242301940918,51.349244619312785,51.08483211278654,51.167012241678435,452400,VTI
2007-02-02,51.3885498046875,51.4492921140093,51.27420749151122,51.3885498046875,468800,VTI
2007-02-05,51.449310302734375,51.45288145673054,51.25635894407127,51.45288145673054,306000,VTI
2007-02-06,51.45286178588867,51.56005633837089,51.252768195730624,51.56005633837089,386200,VTI
2007-02-07,51.62080001831055,51.67082341717996,51.44929200106422,51.60293335039828,511400,VTI
2007-02-08,51.556480407714844,51.6100804107275,51.32780123709539,51.44571470115344,178200,VTI
2007-02-09,51.167030334472656,51.681560014440315,50.9740844305565,51.56007535448779,591800,VTI
2007-02-12,50.98479080200195,51.23847897348567,50.881167389424704,51.23847897348567,273400,VTI
2007-02-13,51.417137145996094,51.417137145996094,51.02409765661758,51.02409765661758,235600,VTI
2007-02-14,51.76014709472656,51.83160830842182,51.45285896890993,51.499311211275355,361400,VTI
2007-02-15,51.77088165283203,51.856638406472506,51.670834832989534,51.79231947820646,396800,VTI
2007-02-16,51.806610107421875,51.806610107421875,51.59936872812241,51.685120021527524,323800,VTI
2007-02-20,51.96025848388672,52.01385850163601,51.56364234197113,51.774454902879896,372400,VTI
2007-02-21,51.981689453125,51.99598497016292,51.72442466786507,51.856633665825655,348200,VTI
2007-02-22,51.96381759643555,52.131754465944766,51.724419505296,52.092449976226824,293800,VTI
2007-02-23,51.79588317871094,51.91022003626797,51.66367420160443,51.888782216234866,239600,VTI
2007-02-26,51.72801208496094,52.04244264766545,51.55292740357636,51.95311473000578,396200,VTI
2007-02-27,49.80924606323242,51.19561712776821,48.297819181851985,51.14916486463369,1636800,VTI
2007-02-28,50.20228576660156,50.506002843555635,49.809240779030766,50.03434885847067,942400,VTI
2007-03-01,50.05935287475586,50.30232212405077,49.08388836824054,49.29470633706035,1121000,VTI
2007-03-02,49.344730377197266,50.03076794261419,49.32686370813154,49.86283106725182,387000,VTI
2007-03-05,48.77303695678711,49.51267463975371,48.71229463461454,48.88023153503277,808200,VTI
2007-03-06,49.5948600769043,49.76993930297475,49.16608717033173,49.20181506546251,541200,VTI
2007-03-07,49.55555725097656,49.87356442475025,49.50553383438778,49.65917523814492,320200,VTI
2007-03-08,49.97001647949219,50.15224338545441,49.8056507871832,50.00574435893959,474800,VTI
2007-03-09,49.987892150878906,50.309475871760995,49.78065621457984,50.309475871760995,600800,VTI
2007-03-12,50.12008285522461,50.227277389714786,49.87353706153935,49.970012687794565,242000,VTI
2007-03-13,49.21967697143555,50.023628137938125,49.12320130485526,49.84497232315977,451400,VTI
2007-03-14,49.46980667114258,49.47695443216138,48.63012739826373,49.22326071136372,543000,VTI
2007-03-15,49.666324615478516,49.759223691555896,49.39834084956767,49.534121035648475,331800,VTI
2007-03-16,49.451927185058594,49.80923881342504,49.35902812445472,49.655597430255995,192200,VTI
2007-03-19,50.016475677490234,50.07364684135982,49.70561633368056,49.809234297569695,519400,VTI
2007-03-20,50.34518814086914,50.35590704969185,49.966438823424376,50.091500029210465,359200,VTI
2007-03-21,51.1491584777832,51.29565755695794,50.305902799310545,50.45240187848528,377600,VTI
2007-03-22,51.177730560302734,51.30993953810838,51.01337030441882,51.30993953810838,302200,VTI
2007-03-23,51.27778244018555,51.33852475400392,51.149150054410754,51.249196859775374,600000,VTI
2007-03-26,51.19202423095703,51.3499144248722,50.793712323745254,51.3499144248722,380600,VTI
2007-03-27,50.98749542236328,51.1705070435919,50.85472657986833,51.1705070435919,383800,VTI
2007-03-28,50.653770446777344,50.890605762215166,50.47075885055054,50.85471963243805,663600,VTI
2007-03-29,50.7937126159668,51.116665850502834,50.43128135727076,51.116665850502834,863000,VTI
2007-03-30,50.7650032043457,51.03413271643118,50.32363233765263,50.973130684079614,493200,VTI
2007-04-02,50.890602111816406,50.948012249705236,50.614294263625254,50.948012249705236,342800,VTI
2007-04-03,51.353515625,51.471933304512746,51.059264637946086,51.22433319966388,216600,VTI
2007-04-04,51.40734100341797,51.75900762978282,51.26022098062662,51.364282018743026,1362600,VTI
2007-04-05,51.55085754394531,51.63338905364768,51.34990840269426,51.407318532013534,411800,VTI
2007-04-09,51.61185073852539,51.75897614728325,51.565199883199114,51.755384250441224,335800,VTI
2007-04-10,51.75540542602539,51.77334849121935,51.62981492057714,51.65493083148489,237600,VTI
2007-04-11,51.425270080566406,51.834346750045675,51.321209070762585,51.834346750045675,265400,VTI
2007-04-12,51.762596130371094,51.762596130371094,51.2422799679993,51.331989839975684,316200,VTI
2007-04-13,51.9348258972168,51.9348258972168,51.619050942030235,51.85588078955645,235200,VTI
2007-04-16,52.45874786376953,52.49822042815099,52.15732399510549,52.15732399510549,697600,VTI
2007-04-17,52.54126739501953,52.674036228717846,52.422849728969,52.53408907346813,307600,VTI
2007-04-18,52.58790588378906,52.71349636635062,52.36901366940342,52.4264292773792,847000,VTI
2007-04-19,52.491004943847656,52.60224423504615,52.20393244934846,52.31158531921721,452600,VTI
2007-04-20,52.957515716552734,52.979045203019474,52.69915092804316,52.89292178169817,387800,VTI
2007-04-23,52.85346603393555,53.05800717130368,52.792463977735245,52.98264846925856,231200,VTI
2007-04-24,52.846275329589844,52.97186582328629,52.5699674827309,52.97186582328629,185400,VTI
2007-04-25,53.316368103027344,53.377370154720914,52.885761842248456,53.190772100716316,330400,VTI
2007-04-26,53.33429718017578,53.42759344497597,53.15128559764853,53.34864834573956,376600,VTI
2007-04-27,53.276893615722656,53.38454654588687,53.10106031393926,53.25536412478091,554800,VTI
2007-04-30,52.80681228637695,53.37736567086722,52.796047541420926,53.37736567086722,471000,VTI
2007-05-01,52.92522048950195,52.95033639808841,52.54843805707125,52.857040133339204,310000,VTI
2007-05-02,53.316368103027344,53.43119388402239,52.982644554991126,53.05441682800067,438600,VTI
2007-05-03,53.55317687988281,53.5890575231213,53.334284696952075,53.355814177985756,406400,VTI
2007-05-04,53.71107482910156,53.81872773630624,53.506539233321554,53.75772569982959,440400,VTI
2007-05-07,53.79719924926758,53.85461486423717,53.74337553239259,53.74337553239259,329800,VTI
2007-05-08,53.74336624145508,53.75413098296911,53.44911537219562,53.60341912631919,349600,VTI
2007-05-09,53.93356704711914,54.00892026063756,53.4850177627543,53.675202221288586,423600,VTI
2007-05-10,53.25535202026367,53.81514055933554,53.179993343640504,53.779254432285605,513000,VTI
2007-05-11,53.754150390625,53.75773681394005,53.34148174026586,53.44195634764164,279800,VTI
2007-05-14,53.5926628112793,53.89408657197255,53.41682954648107,53.818727894072076,419400,VTI
2007-05-15,53.44911575317383,53.9514940877079,53.44552933112807,53.71824524384988,439000,VTI
2007-05-16,53.908443450927734,53.90844345092773,53.44554301762352,53.707494255835826,676800,VTI
2007-05-17,53.77925491333008,54.00891189232287,53.70390171148712,53.86179191119235,290600,VTI
2007-05-18,54.181148529052734,54.21344275233193,53.94072685221888,54.00531529877727,263800,VTI
2007-05-21,54.33544921875,54.53281193999109,54.188323783329054,54.21344516396587,502600,VTI
2007-05-22,54.32829284667969,54.5435987160041,54.288820286485404,54.40365154357995,446200,VTI
2007-05-23,54.299591064453125,54.701489517492206,54.285234419441295,54.56154234363354,426000,VTI
2007-05-24,53.74336624145508,54.55434112974847,53.64647809237532,54.38927810956434,859800,VTI
2007-05-25,54.005332946777344,54.12733703600304,53.85103462371925,53.98738988060767,289400,VTI
2007-05-29,54.22063064575195,54.32469165317762,53.99456009197186,54.17039335329574,242600,VTI
2007-05-30,54.68714141845703,54.68714141845703,53.91563862990887,53.91563862990887,295200,VTI
2007-05-31,54.773258209228516,54.88091114871485,54.62972460688405,54.848616909505736,245400,VTI
2007-06-01,54.99573516845703,55.106980003473986,54.83067207861005,54.92038194605691,456600,VTI
2007-06-04,55.085453033447266,55.12492559987292,54.80197222035878,54.9239763436902,265800,VTI
2007-06-05,54.80552673339844,54.95265216581587,54.59381285286801,54.95265216581587,390400,VTI
2007-06-06,54.24573516845703,54.62969583949581,54.152438923607484,54.62969583949581,544000,VTI
2007-06-07,53.17639923095703,54.23138769838771,53.17639923095704,54.173972093592724,791800,VTI
2007-06-08,53.90483474731445,53.92995064859225,53.16921316005231,53.39528364881575,1175600,VTI
2007-06-11,53.96943664550781,54.166799385276995,53.725428513032455,53.833081414311465,882000,VTI
2007-06-12,53.30558776855469,53.99455867941033,53.30558776855469,53.77566645183739,408000,VTI
2007-06-13,54.13807678222656,54.13807678222656,53.556758939848386,53.66081991485402,488400,VTI
2007-06-14,54.525630950927734,54.5830465534693,54.19549944949356,54.19549944949356,445000,VTI
2007-06-15,54.81629943847656,55.01725408230295,54.75171098098015,54.91318760017537,364000,VTI
2007-06-18,54.73020553588867,54.93115479252967,54.67278989814651,54.88450390243209,532800,VTI
2007-06-19,54.880897521972656,54.90242700943303,54.54717403997305,54.68712118392009,588000,VTI
2007-06-20,54.159637451171875,55.01367712413496,54.14169985841,55.01367712413496,806200,VTI
2007-06-21,54.42875671386719,54.489764229314694,53.833087480514244,54.13809768047863,957400,VTI
2007-06-22,53.96943664550781,54.321103154716184,53.73977967799112,54.18474244806583,670600,VTI
2007-06-25,53.58799362182617,54.17873284551622,53.418695902568444,53.84373749810245,642600,VTI
2007-06-26,53.152130126953125,53.84733231305779,53.130518592022,53.82932086850812,603000,VTI
2007-06-27,53.9373893737793,53.9373893737793,53.008054805583264,53.12692375578155,456600,VTI
2007-06-28,53.9301872253418,54.22915966577193,53.890564239349324,53.922981547073505,310800,VTI
2007-06-29,53.80770492553711,54.34080956334289,53.50512697232558,54.14269468216889,292400,VTI
2007-07-02,54.43088150024414,54.484910353214325,53.850947994298785,53.850947994298785,412600,VTI
2007-07-03,54.665008544921875,54.675814314465626,54.517327862383276,54.571356710102,221400,VTI
2007-07-05,54.63618469238281,54.74064778038276,54.391246617373376,54.74064778038276,375800,VTI
2007-07-06,54.93873977661133,54.963951393195075,54.5317043552627,54.733419273209854,285400,VTI
2007-07-09,54.90994644165039,55.05763260516879,54.75866018743216,55.05763260516879,272400,VTI
2007-07-10,54.157127380371094,54.71904944930445,54.095887350518055,54.66141500727977,365000,VTI
2007-07-11,54.55332946777344,54.56413523418869,53.99861330528138,54.14989953141558,417200,VTI
2007-07-12,55.37821960449219,55.446654309481715,54.71543462572964,54.79468059605645,375800,VTI
2007-07-13,55.543907165527344,55.713204861293065,55.327786306647916,55.40703227046683,341600,VTI
2007-07-16,55.504302978515625,55.72763508686719,55.37462822074882,55.558337333773764,338400,VTI
2007-07-17,55.471839904785156,55.69156624374128,55.40700532754508,55.54028006719558,493600,VTI
2007-07-18,55.34579849243164,55.38902706613581,54.877533830600655,55.054031727458685,984400,VTI
2007-07-19,55.47907638549805,55.66638004352216,55.44665358255526,55.60875110830346,335200,VTI
2007-07-20,54.98197937011719,55.536695561330795,54.722629970081464,55.536695561330795,795600,VTI
2007-07-23,55.09006118774414,55.34941067558649,55.068449646477745,55.18371303200612,803200,VTI
2007-07-24,54.12466049194336,54.82706800238627,53.89052831934134,54.72260497425176,619400,VTI
2007-07-25,54.135501861572266,54.47770287228321,53.696054424865345,54.45248574672681,666400,VTI
2007-07-26,52.85316467285156,53.76448782420359,52.27323125868919,53.49073251860916,996000,VTI
2007-07-27,51.85898971557617,53.321428903262316,51.801355290366544,53.011650738162196,1243600,VTI
2007-07-30,52.626251220703125,52.78473770283165,51.9238430892623,52.20840973138895,1127400,VTI
2007-07-31,51.90583038330078,53.253001032282,51.848195944755446,53.07650312168044,1254400,VTI
2007-08-01,52.212013244628906,52.39932245837583,51.39434166384636,51.89503476327679,1423000,VTI
2007-08-02,52.65503692626953,52.69826548759937,52.161555279678446,52.392087453595515,456400,VTI
2007-08-03,51.28627014160156,52.59021761403046,51.044932131287624,52.55419471850568,1675600,VTI
2007-08-06,52.15074157714844,52.229987515152864,50.84679468214418,51.48435677928928,1626600,VTI
2007-08-07,52.54338073730469,52.99003928892338,51.84818403216793,51.959847295992276,513000,VTI
2007-08-08,53.335845947265625,53.63481288024975,52.691072426135214,52.99725053344142,1631000,VTI
2007-08-09,51.88780975341797,53.04047083876519,51.862592629895225,52.464137547930775,703200,VTI
2007-08-10,51.768951416015625,52.31286201717682,51.048537402985986,51.426755859091095,968800,VTI
2007-08-13,51.86978530883789,52.47853575194313,51.86978530883789,52.47853575194313,1150000,VTI
2007-08-14,50.96569061279297,52.046311617120836,50.96569061279296,51.95985995809845,920200,VTI
2007-08-15,50.28489303588867,51.46276581949796,50.137206865458246,50.94046683484994,1019000,VTI
2007-08-16,50.60907745361328,50.60907745361328,48.89449431713475,49.780600353328886,2626200,VTI
2007-08-17,51.531192779541016,52.04989154004339,50.72433292660001,51.76893062749136,1781400,VTI
2007-08-20,51.63926696777344,51.8697991887595,51.10976232801578,51.75813591713962,1095800,VTI
2007-08-21,51.646484375,51.99948571623499,51.448369414395636,51.52761539863738,608400,VTI
2007-08-22,52.366886138916016,52.406509121747355,51.91302188169857,52.215599885284085,1192200,VTI
2007-08-23,52.28404235839844,52.676672154391326,51.974264127391855,52.66586638440572,1235400,VTI
2007-08-24,52.896385192871094,52.896385192871094,52.19397734440825,52.266023121096495,994200,VTI
2007-08-27,52.34527587890625,52.76311175784798,52.34527587890624,52.74510031133593,1178400,VTI
2007-08-28,51.271873474121094,52.121962386625746,51.17101593334289,52.075139204615425,2046000,VTI
2007-08-29,52.29125213623047,52.33447521956113,51.383528912026264,51.53842078783264,2224400,VTI
2007-08-30,52.15436935424805,52.5253876225909,51.797767940235566,51.797767940235566,1506400,VTI
2007-08-31,52.66946792602539,52.97924616556257,52.413718537904096,52.74510831800763,1065600,VTI
2007-09-04,53.281803131103516,53.57717542258492,52.62622944173909,52.62622944173909,1268600,VTI
2007-09-05,52.813533782958984,53.02606003061487,52.52897275107422,52.99724281913067,2152400,VTI
2007-09-06,52.9720344543457,53.09450350115714,52.56499883228898,52.827953869428946,1160400,VTI
2007-09-07,52.204795837402344,52.420922227509195,51.884211839748055,52.266035861779805,2222800,VTI
2007-09-10,51.98145294189453,52.39208855709325,51.47355993205591,52.34165981474676,816200,VTI
2007-09-11,52.662269592285156,52.68388113586584,52.15437633284548,52.15798192099119,636800,VTI
2007-09-12,52.84235763549805,52.92880928081563,52.446133294516486,52.57220242724262,997400,VTI
2007-09-13,53.04044723510742,53.27097934958721,52.79190368274407,52.9215783406589,753600,VTI
2007-09-14,53.0872917175293,53.130514784293865,52.683856274550415,52.70186771780925,782600,VTI
2007-09-17,52.806339263916016,52.98644273276113,52.6262357950709,52.93961407203846,573000,VTI
2007-09-18,54.27958297729492,54.32280604992565,52.860366798489615,53.072887567352744,1233200,VTI
2007-09-19,54.67219543457031,55.036002375601264,54.45967471148255,54.69380696623072,1256800,VTI
2007-09-20,54.34078598022461,54.70459278862395,54.2111113412168,54.61814669349765,770800,VTI
2007-09-21,54.47048568725586,54.7658524753996,54.47048568725586,54.625372009850075,503400,VTI
2007-09-24,54.31566619873047,54.746140910755145,54.19629596071634,54.532714034631304,823000,VTI
2007-09-25,54.18903732299805,54.29032479958421,53.87431753811994,53.94304950860773,1025000,VTI
2007-09-26,54.586952209472656,54.72080071528702,54.34096990863091,54.579721332215165,321400,VTI
2007-09-27,54.887203216552734,54.905291450524665,54.62313266377555,54.7859157300148,549400,VTI
2007-09-28,54.695491790771484,55.111499182181035,54.51100501216703,55.111499182181035,518800,VTI
2007-10-01,55.400909423828125,55.47326240199989,54.804035992211894,54.804035992211894,579200,VTI
2007-10-02,55.31045150756836,55.513032037430506,55.238104078209396,55.491322840843274,802200,VTI
2007-10-03,55.22364044189453,55.4370673044919,55.08979189301119,55.25619595928964,528000,VTI
2007-10-04,55.32853698730469,55.38280169643567,55.13681382516905,55.38280169643567,399000,VTI
2007-10-05,55.92902374267578,56.102658645566514,55.54195651025343,55.686656862457404,573600,VTI
2007-10-08,55.8567008972168,55.936284745998556,55.64688943404273,55.936284745998556,343800,VTI
2007-10-09,56.24739456176758,56.25101000295088,55.7409512884717,55.93991094870374,412000,VTI
2007-10-10,56.13882827758789,56.25096758704461,55.867521359965494,56.131591880920354,456600,VTI
2007-10-11,55.82050704956055,56.61633977006677,55.523880948898984,56.45355668265148,1170200,VTI
2007-10-12,56.09905242919922,56.17139985731791,55.798805358739465,55.89285646331826,325000,VTI
2007-10-15,55.66134262084961,56.1496974310957,55.34662826566061,56.1496974310957,524000,VTI
2007-10-16,55.267059326171875,55.52751455917,55.1440681105218,55.36473141848531,665400,VTI
2007-10-17,55.30682373046875,55.67941815231834,54.75335801569203,55.67941815231834,414800,VTI
2007-10-18,55.32130432128906,55.40812454990346,54.99212268393913,55.230868653057236,212800,VTI
2007-10-19,53.8996467590332,55.06807379760731,53.809211110108656,55.06807379760731,886400,VTI
2007-10-22,54.16371154785156,54.239679913560416,53.4691665003489,53.4691665003489,610600,VTI
2007-10-23,54.55079650878906,54.61229210118517,54.01541889517489,54.50376819470462,971600,VTI
2007-10-24,54.51462173461914,54.536325412641524,53.53068118606518,54.36992686796635,1817800,VTI
2007-10-25,54.478431701660156,54.74973862144979,53.88878956299625,54.47843170166015,1041800,VTI
2007-10-26,55.133201599121094,55.1332015991211,54.56526295836002,55.03914497238074,550200,VTI
2007-10-29,55.35386276245117,55.45876570399106,55.144051359616505,55.379181878096716,470000,VTI
2007-10-30,54.95957946777344,55.23088656043415,54.89808385580784,55.11874717862883,555200,VTI
2007-10-31,55.67580032348633,55.77346684325155,54.883583211313656,55.24532578163881,374600,VTI
2007-11-01,54.26504135131836,55.06811089636752,54.14205011066412,55.06449545508629,808600,VTI
2007-11-02,54.254173278808594,54.442281044560694,53.67900366095302,54.442281044560694,765600,VTI
2007-11-05,53.82732009887695,54.23608563619729,53.50174832536044,54.152886352637374,586000,VTI
2007-11-06,54.57247543334961,54.57247543334961,53.78387388905343,54.48927620134563,413400,VTI
2007-11-07,53.067657470703125,54.21800222418962,53.02425010935662,54.02989445876141,1427400,VTI
2007-11-08,52.998897552490234,53.3497882578983,52.13433310261182,52.45266830415805,1493600,VTI
2007-11-09,52.300777435302734,52.99170754435976,52.09458137898166,52.159697956677874,690400,VTI
2007-11-12,51.62068176269531,52.64802969752846,51.59536264417585,52.04030461599522,922000,VTI
2007-11-13,53.129154205322266,53.21958988989305,52.192241837910416,52.340557685347974,577800,VTI
2007-11-14,52.94467544555664,53.64283638710772,52.731248522261886,53.55963709018479,664400,VTI
2007-11-15,52.1813850402832,52.9374259667321,51.91007801234412,52.763791014382655,359200,VTI
2007-11-16,52.3875846862793,52.586538771511904,51.863053313194044,52.586538771511904,866800,VTI
2007-11-19,51.53025817871094,52.12351612024827,51.36747503080412,52.02222858289483,650000,VTI
2007-11-20,51.72919464111328,52.145196446059664,50.91165830732333,51.942621462094316,977800,VTI
2007-11-21,50.82484817504883,51.51215708125764,50.78144081837409,51.193827266050455,766200,VTI
2007-11-23,51.58448791503906,51.89196575922556,51.15762885167895,51.89196575922556,595000,VTI
2007-11-26,50.57524871826172,51.92454751614834,50.52822039841589,51.64238863658504,1283000,VTI
2007-11-27,51.19382858276367,51.33128705568763,50.56800973591098,51.012957232292955,975600,VTI
2007-11-28,52.76013946533203,52.843338684760106,51.70384663543277,51.70384663543277,789000,VTI
2007-11-29,52.78549575805664,52.922959754640004,52.4165166470862,52.45269312610994,653200,VTI
2007-11-30,53.158084869384766,53.53791578124327,52.84337050915452,53.39683635909641,532200,VTI
2007-12-03,52.83613586425781,53.212351348976256,52.814432186246236,53.12553111717461,491000,VTI
2007-12-04,52.496116638183594,52.77827559817077,52.434621020725615,52.51420488326122,544200,VTI
2007-12-05,53.281089782714844,53.37514643488493,52.89764333242426,52.89764333242426,520600,VTI
2007-12-06,54.05159378051758,54.19629417293012,53.20873262388959,53.252145501491135,480000,VTI
2007-12-07,54.11671829223633,54.319293351636986,54.037134444649446,54.31567239144715,1367800,VTI
2007-12-10,54.579734802246094,54.633993993836334,54.15287558930124,54.351835158057106,1318200,VTI
2007-12-11,53.092960357666016,54.82570489845128,53.08572396048788,54.623129935493495,1135800,VTI
2007-12-12,53.429405212402344,54.825732504154864,52.789118973709066,54.825732504154864,781000,VTI
2007-12-13,53.4366340637207,53.49451422260467,52.785496075665485,53.335346545551644,608800,VTI
2007-12-14,52.70590591430664,53.38236846063058,52.680586797679645,52.9989165938417,403200,VTI
2007-12-17,51.89923095703125,52.52142890670803,51.8522026348648,52.452696903466645,928000,VTI
2007-12-18,52.271820068359375,52.42375133975141,51.49407547247632,52.329700225010306,906000,VTI
2007-12-19,52.21757888793945,52.53590881984164,51.899243436279825,52.36227380973523,1114000,VTI
2007-12-20,52.58163070678711,52.73437789406973,51.9997319033691,52.73437789406973,803200,VTI
2007-12-21,53.39263153076172,53.46900787623521,53.03622153381087,53.46900787623521,794800,VTI
2007-12-24,53.890865325927734,53.898140583090786,53.563550895728525,53.82540465964599,334400,VTI
2007-12-26,53.934513092041016,53.959968168855404,53.57446276747282,53.69811439633225,662800,VTI
2007-12-27,53.25806427001953,53.75995164721468,53.101676740422704,53.65447982621765,841400,VTI
2007-12-28,53.05439376831055,53.55627552357877,52.97438258787449,53.545365412555235,698800,VTI
2007-12-31,52.788909912109375,53.152595148980666,52.69071889371947,53.152595148980666,1137400,VTI
2008-01-02,52.16336441040039,52.952566160289926,51.9015161776769,52.80708875389285,1004600,VTI
2008-01-03,52.10152816772461,52.40702788532744,51.89786538891906,52.18881459409606,1166400,VTI
2008-01-04,50.708621978759766,51.6432955549787,50.697711867312464,51.51964392564563,1266200,VTI
2008-01-07,50.73408126831055,51.119586661012384,50.31948039605071,50.93774407582131,3562600,VTI
2008-01-08,49.82487106323242,51.345072494736485,49.726674508036155,50.98502770800952,2889800,VTI
2008-01-09,50.35221481323242,50.461321483074975,49.31571532321752,49.96307453504873,3371400,VTI
2008-01-10,50.68318176269531,51.18870408909486,49.92308084555446,50.08673811464551,2462800,VTI
2008-01-11,50.20673370361328,50.73407603640666,49.952155220478,50.504952626887544,996600,VTI
2008-01-14,50.69044876098633,50.73772406694977,50.28311753278795,50.464960146452675,927000,VTI
2008-01-15,49.461181640625,50.170366591034345,49.43572101577678,50.093995815279946,1058200,VTI
2008-01-16,49.162960052490234,49.88306070568239,48.81382538675657,49.181145421400316,2500800,VTI
2008-01-17,47.81005096435547,49.3848027376882,47.70094431243492,49.275701635162484,2218200,VTI
2008-01-18,47.48638153076172,48.424684508800404,47.01722449234636,48.02463409903573,2552800,VTI
2008-01-22,46.959022521972656,47.46454463405753,43.64221589012915,44.9769396601749,3836000,VTI
2008-01-23,48.188297271728516,48.188297271728516,45.58794709042765,45.81707058156432,2386600,VTI
2008-01-24,48.49742889404297,48.66836140051372,47.93735051770161,48.442872778494824,2846000,VTI
2008-01-25,47.791873931884766,49.166603557395945,47.708222339500615,49.166603557395945,2104800,VTI
2008-01-28,48.79201889038086,48.79201889038086,47.51547999566581,47.91553602665284,1608400,VTI
2008-01-29,48.992027282714844,49.12295415410607,48.55560067848089,49.03930257697085,945800,VTI
2008-01-30,48.54833984375,49.861243651192474,48.50833424936383,48.85383408302852,1737600,VTI
2008-01-31,49.53391647338867,49.9194218456783,47.922793917613134,47.9955298379592,1611200,VTI
2008-02-01,50.33402633666992,50.35221170542055,49.59574587043696,49.737582867659164,1152400,VTI
2008-02-04,49.7375602722168,50.38855955173479,49.719380461120544,50.38855955173479,1430800,VTI
2008-02-05,48.326499938964844,49.24298281404305,48.301039306625405,49.08296595843978,1677200,VTI
2008-02-06,47.95916748046875,48.84292543776116,47.81733046872996,48.65017271794681,1308800,VTI
2008-02-07,48.399200439453125,48.642868723392716,47.54453847016354,47.679105693676966,927000,VTI
2008-02-08,48.11554718017578,48.47195707871773,47.766406989179025,48.19555835833348,1173600,VTI
2008-02-11,48.39558029174805,48.51195664135997,47.72276061792949,48.05007499744456,1605200,VTI
2008-02-12,48.84292984008789,49.22116005568343,48.41014350773957,49.02113205971616,887400,VTI
2008-02-13,49.39936828613281,49.501199712413424,48.84293029631502,49.39936828613281,954400,VTI
2008-02-14,48.75927734375,49.55574326888611,48.68653586435865,49.55574326888611,1227400,VTI
2008-02-15,48.770164489746094,48.857445344881675,48.33373801649567,48.857445344881675,787600,VTI
2008-02-19,48.92656707763672,49.606656591991246,48.61379759922318,49.606656591991246,1134400,VTI
2008-02-20,49.15570068359375,49.27935233915785,48.28649314106344,48.39559982807743,1755400,VTI
2008-02-21,48.60653305053711,49.48665626811856,48.417420709847185,49.43937540824773,1146400,VTI
2008-02-22,48.83201217651367,48.96657392145179,47.97007449977608,48.74836058697239,1572600,VTI
2008-02-25,49.650306701660156,49.679402184550945,48.63198699806634,48.886565536615805,1160800,VTI
2008-02-26,49.970340728759766,50.19582931041325,49.31571185454001,49.33753207709462,1607800,VTI
2008-02-27,49.89033126831055,50.25401645516009,49.61756737817339,49.712129078367425,1034000,VTI
2008-02-28,49.38844680786133,49.770317343240244,49.27934014783946,49.57756464860621,709000,VTI
2008-02-29,48.297401428222656,48.977491057500906,47.94462629821076,48.977491057500906,1094400,VTI
2008-03-03,48.12645721435547,48.27920431348768,47.71913161666956,48.09008647910705,752600,VTI
2008-03-04,47.973724365234375,48.111920991558826,47.27180892208904,47.788241329525086,1223800,VTI
2008-03-05,48.242835998535156,48.58470094919903,47.755499198369584,48.177375331078,1359200,VTI
2008-03-06,47.242698669433594,48.06826551208994,47.06085609480237,48.006439702642716,1012000,VTI
2008-03-07,46.73354721069336,47.446372629337624,46.3371316829401,46.77718765796289,1835800,VTI
2008-03-10,46.020729064941406,46.817197827135416,45.92617012878527,46.817197827135416,999000,VTI
2008-03-11,47.65003204345703,47.65003204345703,46.3734963328019,47.159054849183626,1195000,VTI
2008-03-12,47.1954231262207,48.06826526011716,47.1954231262207,47.78822614282244,665000,VTI
2008-03-13,47.50092315673828,47.74459156949001,46.27166820647172,46.45351080250098,1080000,VTI
2008-03-14,46.62807083129883,47.871873253214204,46.097088123995,47.871873253214204,1683400,VTI
2008-03-17,46.089839935302734,46.46079772563017,45.402472155954186,45.53339908776356,2184600,VTI
2008-03-18,48.00644302368164,48.00644302368164,46.7262696558861,46.92629761169718,1506200,VTI
2008-03-19,46.72264862060547,48.35923238953939,46.72264862060547,48.257400954535264,868200,VTI
2008-03-20,47.700958251953125,47.9155312154842,46.668093483983036,47.27544717957242,1416800,VTI
2008-03-24,48.73381805419922,49.04295270191332,48.06827345514347,48.08645882549063,1368600,VTI
2008-03-25,48.80433654785156,49.02721540354148,48.40241197544096,48.71664239333018,1363200,VTI
2008-03-26,48.230682373046875,48.70202522491684,48.230682373046875,48.68010307952522,1088600,VTI
2008-03-27,48.051639556884766,48.66183006275271,47.9274103563571,48.541258269798256,1238000,VTI
2008-03-28,47.6241569519043,48.27819754024078,47.47069631603385,48.14300164708102,991200,VTI
2008-03-31,47.865299224853516,48.04799120662776,47.46337463482343,47.57299093895135,721400,VTI
2008-04-01,49.49855422973633,49.509515300013675,48.38413229057698,48.4681690211418,1025000,VTI
2008-04-02,49.531455993652344,49.838377227013055,49.26472722480203,49.582609532545796,633000,VTI
2008-04-03,49.589935302734375,49.761666292398694,49.147818045757845,49.242821489166715,627000,VTI
2008-04-04,49.608192443847656,50.006459707540564,49.3231933399832,49.65568857761309,655600,VTI
2008-04-07,49.63377380371094,50.19281101939726,49.55338885730857,50.013776382216456,705400,VTI
2008-04-08,49.54240036010742,49.615476023122575,49.29394199079274,49.37066948559816,599200,VTI
2008-04-09,49.096641540527344,49.593563955409444,48.85183495327675,49.57529364211558,623600,VTI
2008-04-10,49.34510803222656,49.53510926452547,48.89933912682364,49.05645156340285,436000,VTI
2008-04-11,48.336631774902344,48.935861124298725,48.2306729012128,48.833554082351704,697400,VTI
2008-04-14,48.17222213745117,48.442608287252575,48.08453355126901,48.30376059204145,776400,VTI
2008-04-15,48.40242385864258,48.45357740084287,47.993195521040306,48.44992556758497,595800,VTI
2008-04-16,49.60087966918945,49.60087966918945,48.80799703154512,48.81164886455375,665600,VTI
2008-04-17,49.662994384765625,49.692225774847756,49.19530329408658,49.41453593204382,842200,VTI
2008-04-18,50.346248626708984,50.56913304421113,50.12336420920684,50.35355786630538,1144800,VTI
2008-04-21,50.240299224853516,50.37914692681283,49.988183376692575,50.11972183767579,606200,VTI
2008-04-22,49.820098876953125,50.108749715717195,49.56067384501503,50.108749715717195,640200,VTI
2008-04-23,49.97357177734375,50.240300539117094,49.68491529206851,50.010106832545375,712000,VTI
2008-04-24,50.25126647949219,50.580109884738846,49.6118444107097,50.057613384686356,1118200,VTI
2008-04-25,50.638553619384766,50.700668213661444,49.97720964908591,50.49971152789638,896800,VTI
2008-04-28,50.61664962768555,50.85414701892497,50.499729636331914,50.73357519435706,658800,VTI
2008-04-29,50.40472412109375,50.64953074388764,50.24030242821041,50.55088107334822,871600,VTI
2008-04-30,50.20376205444336,50.934530093520074,50.17818807224087,50.56184240781968,973600,VTI
2008-05-01,51.08797836303711,51.095282026636546,50.130668776516735,50.2037444397212,876400,VTI
2008-05-02,51.23413848876953,51.59221320269077,50.93817837800589,51.57760029766644,1010200,VTI
2008-05-05,50.971073150634766,51.28165181214574,50.89068821648647,51.1428040940136,849000,VTI
2008-05-06,51.40584945678711,51.53007861492323,50.66777259467717,50.78834992180264,978200,VTI
2008-05-07,50.68241500854492,51.51914188099025,50.50337484879468,51.40952557043535,1258000,VTI
2008-05-08,50.580101013183594,50.927220249893665,50.44491072645462,50.7518319275611,758000,VTI
2008-05-09,50.55088424682617,50.64588209026711,50.240305582190885,50.309729441955334,723600,VTI
2008-05-12,51.0733757019043,51.0733757019043,50.397413063466615,50.63491601157706,860600,VTI
2008-05-13,51.1318473815918,51.223193398616125,50.81396502644901,51.215884156165025,1498400,VTI
2008-05-14,51.29259490966797,51.756628459690845,51.263363527921356,51.37297981564213,1250600,VTI
2008-05-15,51.83702087402344,51.88452257315658,51.256061712864835,51.33644663048239,2036600,VTI
2008-05-16,51.92837142944336,52.01606559509439,51.51914314037314,52.008756354127485,774800,VTI
2008-05-19,52.008785247802734,52.469172904094115,51.763978504922264,51.99782416792155,919000,VTI
2008-05-20,51.58123779296875,51.77854819551275,51.32912204267094,51.77854819551275,1100400,VTI
2008-05-21,50.715309143066406,51.742037469738,50.62396312716582,51.66530436324144,2175200,VTI
2008-05-22,50.887027740478516,51.03317910029755,50.71529682626681,50.80664281998295,2396400,VTI
2008-05-23,50.15260696411133,50.7116440506954,50.1197237414458,50.60933697441318,1198800,VTI
2008-05-27,50.59107208251953,50.6604903606105,50.148954980733656,50.26588053917265,1256800,VTI
2008-05-28,50.89434814453125,50.89434814453125,50.4156958720841,50.76646705645968,692400,VTI
2008-05-29,51.11720657348633,51.446055436354634,50.80297618913626,50.810285428395375,680200,VTI
2008-05-30,51.21586227416992,51.416824540825935,51.15374767817006,51.296247180832324,1189800,VTI
2008-06-02,50.806640625,51.14644503079144,50.466830643891804,51.142793198314685,1322200,VTI
2008-06-03,50.5326042175293,51.09529307876293,50.247605166664385,50.97837310740865,1897200,VTI
2008-06-04,50.62395095825195,50.996644174627995,50.393757269414245,50.422988656514036,977200,VTI
2008-06-05,51.61045837402344,51.61045837402344,50.696998933775234,50.7627653373224,942200,VTI
2008-06-06,50.0539436340332,51.23048026546385,50.0539436340332,51.14643795227881,1401600,VTI
2008-06-09,50.09413146972656,50.422974726950045,49.673936668479364,50.24393462116832,1953800,VTI
2008-06-10,49.842044830322266,50.218389995300456,49.688584182252214,49.77262096148418,790800,VTI
2008-06-11,49.08933639526367,49.88952257036499,49.08933639526367,49.82010430244844,874000,VTI
2008-06-12,49.23548889160156,49.73606313556322,48.91760662868481,49.359718100636066,1118800,VTI
2008-06-13,49.96626281738281,49.96626281738281,49.326840806922704,49.491262494548955,1205200,VTI
2008-06-16,50.05027389526367,50.21835290490613,49.633736565201055,49.692199314234486,1008600,VTI
2008-06-17,49.69221496582031,50.31336653782979,49.69221496582031,50.31336653782979,1220200,VTI
2008-06-18,49.326839447021484,49.61183851780111,49.129534542373015,49.54607207469073,595400,VTI
2008-06-19,49.47298049926758,49.65567245912502,49.06375229328809,49.275675635760656,577900,VTI
2008-06-20,48.66915512084961,49.129542599393,48.45723169943282,49.10761487277617,926600,VTI
2008-06-23,48.523006439208984,48.91762191058213,48.48646580145796,48.91762191058213,1169800,VTI
2008-06-24,48.28290939331055,48.782185428220174,48.018586457080524,48.437096839157434,963700,VTI
2008-06-25,48.62799072265625,49.127266683028516,48.50316753127101,48.50316753127101,1171200,VTI
2008-06-26,47.218257904052734,48.24617946562312,47.218257904052734,48.2388356082751,1620600,VTI
2008-06-27,47.15219497680664,47.50462181739754,46.865846068180176,47.254986605455954,1577400,VTI
2008-06-30,47.05674362182617,47.5046238522936,46.95395478963564,47.16687911487493,1010600,VTI
2008-07-01,47.277008056640625,47.277008056640625,46.36656560359917,46.61620359250309,1631500,VTI
2008-07-02,46.307823181152344,47.52664601985508,46.27845334870764,47.4018228315344,1119700,VTI
2008-07-03,46.263763427734375,46.63087789099507,45.874622992953576,46.60151086258864,1190600,VTI
2008-07-07,45.81587600708008,46.66758126152985,45.441417768850854,46.454654247702294,1455500,VTI
2008-07-08,46.66025161743164,46.718991280872736,45.44877546800277,45.78652013020515,1888100,VTI
2008-07-09,45.71310043334961,46.85849878503494,45.669048481925074,46.763048222179094,1815900,VTI
2008-07-10,45.99944305419922,46.19768239825459,45.404716619449935,45.75714616568101,1456600,VTI
2008-07-11,45.59560775756836,46.16830813115152,44.97885544815154,45.48547511712359,1519200,VTI
2008-07-14,45.14773941040039,46.21236914821415,44.99354920210068,46.21236914821415,1726100,VTI
2008-07-15,44.56767654418945,45.46343353088157,44.119796650413484,44.75123369404126,2949100,VTI
2008-07-16,45.59560775756836,45.84524566378138,44.56768910911408,44.743902454169955,2053000,VTI
2008-07-17,46.07286834716797,46.63088113779854,45.705753858345915,46.10957923587792,2702200,VTI
2008-07-18,46.32984924316406,46.49872437961157,46.087555127187926,46.49872437961157,3187000,VTI
2008-07-21,46.45466232299805,46.63821954595875,46.25642018609717,46.60884971807841,1926300,VTI
2008-07-22,47.071407318115234,47.1007771413871,45.999433976436755,46.15362134732329,2732400,VTI
2008-07-23,47.29902267456055,47.61474131415501,47.027361576535796,47.159522997801425,2901100,VTI
2008-07-24,46.19034194946289,47.35776606209789,46.072865432506084,47.35776606209789,2289600,VTI
2008-07-25,46.32984924316406,46.5207503535563,46.11692495968848,46.35921907566462,1962800,VTI
2008-07-28,45.705745697021484,46.54276613393765,45.52218848538686,46.54276613393765,2018600,VTI
2008-07-29,46.674922943115234,46.674922943115234,45.705741185420926,45.71308224078294,2603200,VTI
2008-07-30,47.29902267456055,47.328392501699774,46.62353345552366,46.85114541456133,2283100,VTI
2008-07-31,46.76305389404297,47.37980649654654,46.72634299644934,46.93927012369911,1907800,VTI
2008-08-01,46.557464599609375,46.93926404705253,46.26377185515722,46.88786823690265,2238500,VTI
2008-08-04,46.1683235168457,46.55012295951643,45.970081336947736,46.53543804239122,1165100,VTI
2008-08-05,47.35044479370117,47.35044479370117,46.381262366226004,46.43266099272254,958900,VTI
2008-08-06,47.40916061401367,47.60006169957655,46.975965443988386,47.188889699770186,1769100,VTI
2008-08-07,46.73366165161133,47.284333221107794,46.60884130607803,47.24027568637788,1082500,VTI
2008-08-08,47.72488021850586,47.84235953556266,46.557456113434114,46.711643515779556,1044200,VTI
2008-08-11,48.20214080810547,48.466463728255434,47.614755296278126,47.70286480356924,1340100,VTI
2008-08-12,47.67346954345703,48.062609856780966,47.48991236911779,48.04058389213552,1212100,VTI
2008-08-13,47.5633544921875,47.85704721727713,47.137500320893686,47.50461482682501,1474400,VTI
2008-08-14,47.81298065185547,48.09932943080227,47.22559538125013,47.22559538125013,1612800,VTI
2008-08-15,48.09199523925781,48.23883878555902,47.79095868710144,48.06262540965312,1660800,VTI
2008-08-18,47.387142181396484,48.21681896715281,47.16687123211176,48.21681896715281,1846100,VTI
2008-08-19,46.88785934448242,47.15952606187983,46.71164317105873,47.11546851744758,2000200,VTI
2008-08-20,47.05674362182617,47.21827493140116,46.66026200874692,46.990665687031246,1757000,VTI
2008-08-21,47.18156051635742,47.357773920602774,46.75570632118497,46.79241721366428,1372300,VTI
2008-08-22,47.84236145019531,47.84236145019531,47.39448133900604,47.438533283804205,1487500,VTI
2008-08-25,46.83647918701172,47.55602063296694,46.71900263244691,47.55602063296694,1522300,VTI
2008-08-26,46.99066162109375,47.12282308097201,46.6455730535381,46.84381524335549,1304500,VTI
2008-08-27,47.30638122558594,47.51930833719117,46.94660773353358,47.04205830095347,1289200,VTI
2008-08-28,48.077301025390625,48.077301025390625,47.60738947170355,47.6587908618669,1798300,VTI
2008-08-29,47.44586944580078,47.989197216495405,47.44586944580078,47.84969194496675,1194600,VTI
2008-09-02,47.24762725830078,48.238835124921,47.027361955563954,47.98919999480824,1421300,VTI
2008-09-03,47.15951156616211,47.40180277831536,46.807079327644054,47.23293331535159,1210200,VTI
2008-09-04,45.71310043334961,46.873183702463656,45.71310043334961,46.83647280932267,1554300,VTI
2008-09-05,45.98475646972656,46.065522096299624,45.00088963857109,45.50750656771899,3154000,VTI
2008-09-08,46.78506088256836,47.29901881122079,46.07285803734907,47.27699284309587,1530800,VTI
2008-09-09,45.16242218017578,46.836466116636295,45.16242218017578,46.73367451018528,1904300,VTI
2008-09-10,45.463470458984375,45.95540547661285,45.06698882191227,45.661712677951485,1427400,VTI
2008-09-11,46.10224151611328,46.124267490761596,44.75125998740757,45.00823902784284,1718300,VTI
2008-09-12,46.557464599609375,46.557464599609375,45.544227712197205,45.713100059955636,1160300,VTI
2008-09-15,44.42085647583008,45.73512711649528,44.281353967935125,44.93481735886322,2175600,VTI
2008-09-16,44.993560791015625,44.993560791015625,43.18735777930053,43.48839161458638,3943100,VTI
2008-09-17,42.98176956176758,44.384146945104845,42.827582132388976,44.15653492969246,2976300,VTI
2008-09-18,44.42085647583008,44.97886930827137,42.04929703644699,43.510411242954675,4643300,VTI
2008-09-19,46.56478500366211,46.56478500366211,45.76447837177846,46.56478500366211,2179700,VTI
2008-09-22,44.95683288574219,46.40326464020867,44.71453881772128,46.35920990017721,3319900,VTI
2008-09-23,44.19324493408203,45.33130218740968,44.06842734162554,44.81734129894905,4866400,VTI
2008-09-24,44.15338897705078,44.662509593378104,43.81397523283257,44.419018103726856,1858200,VTI
2008-09-25,44.94289779663086,45.16425447179185,44.22717515939759,44.82484071556481,2569400,VTI
2008-09-26,44.90601348876953,44.97242078462184,43.91728420313706,43.96893400938848,1947100,VTI
2008-09-29,41.94720458984375,44.30834953783845,41.23886194985638,44.18291509344011,4238100,VTI
2008-09-30,43.06135940551758,43.70329457166734,41.68894415638847,42.79573028443418,3219700,VTI
2008-10-01,43.00972366333008,43.17943058731199,42.18332105780478,43.00972366333008,3352700,VTI
2008-10-02,41.0765266418457,42.840008472749865,40.95109221494748,42.71457123114858,2146900,VTI
2008-10-03,40.44934844970703,42.4341841371698,40.309156536180936,41.688949290968715,2657000,VTI
2008-10-06,39.040042877197266,39.43110647818543,36.92239249576806,39.327806871486914,8437400,VTI
2008-10-07,36.656776428222656,39.386850903226126,36.59774645203897,39.23927877747109,3768000,VTI
2008-10-08,35.95580291748047,37.424140878255336,35.3212448886442,35.70493120409645,4013400,VTI
2008-10-09,33.697959899902344,36.9445349146436,33.35116869395452,36.575606063636805,5656700,VTI
2008-10-10,32.72397994995117,34.64241119451516,30.783416695152056,31.85330784947657,7935300,VTI
2008-10-13,36.922393798828125,37.06258572505187,34.42843440246277,34.71619840690814,7777500,VTI
2008-10-14,36.60511779785156,39.475383553541555,35.64590343332303,38.9588826450405,8395400,VTI
2008-10-15,33.18145751953125,35.889393588778084,33.100292732330345,35.77133648413224,4040800,VTI
2008-10-16,34.70882034301758,34.71619768015775,31.6909828061091,33.38067729623288,3862000,VTI
2008-10-17,34.3841667175293,36.08124163109148,33.58728188780861,33.66106652983145,4683200,VTI
2008-10-20,36.14764404296875,36.14764404296875,34.64241390589314,35.10726496889952,3323000,VTI
2008-10-21,35.05560302734375,36.15501176646665,34.937545958653594,35.74181061869983,5601200,VTI
2008-10-22,33.100284576416016,34.317747640336364,32.14844782147092,34.170178406917685,7077000,VTI
2008-10-23,33.51350021362305,33.779129474263804,31.33682193663672,33.16670895863464,8369700,VTI
2008-10-24,31.90495491027832,32.73135440228246,30.547297194634506,30.547297194634506,9436400,VTI
2008-10-27,30.871959686279297,32.51738166804961,30.80555239487587,31.35894555167005,11272400,VTI
2008-10-28,33.970970153808594,33.970970153808594,30.717017716457274,31.720504667471495,11192800,VTI
2008-10-29,33.63154983520508,35.269591748210075,33.5356275617231,33.572519877769004,13198500,VTI
2008-10-30,34.76786422729492,35.12203568934782,33.852921987334426,35.01873603142046,17878200,VTI
2008-10-31,35.53520584106445,36.00005670706312,34.47269239062673,34.922785773531565,19027600,VTI
2008-11-03,35.417152404785156,35.76394625612011,35.10725367230043,35.461424858583996,7864200,VTI
2008-11-04,36.693660736083984,36.81171784794418,35.91153061082047,36.25094727028415,9068100,VTI
2008-11-05,34.8785285949707,36.58298064008422,34.76047149323362,36.280456326260655,22995100,VTI
2008-11-06,33.16669464111328,34.834251325150554,32.960092630521544,34.516972380205374,21517500,VTI
2008-11-07,34.022605895996094,34.08901317601226,33.203583714030906,33.50610514194841,17076100,VTI
2008-11-10,33.64630126953125,34.88590210927532,33.1666955777167,34.80473733296899,9280200,VTI
2008-11-11,32.878929138183594,33.53562182138484,32.32553604811026,33.16669309466928,34453300,VTI
2008-11-12,31.196632385253906,32.38458410311835,31.049063050991315,32.200119620585475,26164200,VTI
2008-11-13,33.255245208740234,33.35116749466975,29.838963383147426,31.35895120793105,33461700,VTI
2008-11-14,31.83853530883789,33.43968388077115,31.73523294945703,32.465712724220644,13627900,VTI
2008-11-17,31.004764556884766,32.16320031038586,30.967872254262247,31.410585515136987,15957900,VTI
2008-11-18,31.29252815246582,31.60242968381489,30.111957591855646,30.98262943581899,21076700,VTI
2008-11-19,29.396249771118164,31.49176567261759,29.315084976828878,31.226136460290338,17829600,VTI
2008-11-20,27.433547973632812,29.787312891420108,27.160541428050816,29.019943065603048,22540600,VTI
2008-11-21,28.990427017211914,29.049454164086196,26.798988950948164,28.016455168806576,18959100,VTI
2008-11-24,30.717008590698242,31.35156649265341,29.278185899123635,29.514300074543748,42316200,VTI
2008-11-25,31.144968032836914,31.550789142239324,30.274295856088234,31.506519488484745,29997000,VTI
2008-11-26,32.296024322509766,32.355051461075256,30.49565296836448,30.54730277012294,21949900,VTI
2008-11-28,32.68709182739258,32.68709182739258,32.104183635196414,32.16321359553683,4245900,VTI
2008-12-01,29.765182495117188,31.81642619092729,29.66188285787553,31.794291358576654,11007700,VTI
2008-12-02,30.938379287719727,30.967894276687858,29.802077544785103,30.28168626405229,10204200,VTI
2008-12-03,31.735246658325195,31.816411425549223,30.13409739473372,30.237396984036042,13823000,VTI
2008-12-04,30.79079818725586,31.971372069704394,30.30381226997308,31.27778410453864,9723300,VTI
2008-12-05,31.882827758789062,32.059914829802835,29.779934623207698,30.31119302154552,25469500,VTI
2008-12-08,33.100284576416016,33.5061055977228,32.59116115113237,32.79776314438339,9452800,VTI
2008-12-09,32.49525451660156,33.48398396949483,32.27389776454864,32.82729105203285,11438500,VTI
2008-12-10,32.864158630371094,33.21832972992895,32.347658054669424,32.79037122544132,7436400,VTI
2008-12-11,31.941852569580078,33.07815382068837,31.668843261848142,32.56903033281744,6746200,VTI
2008-12-12,32.259124755859375,32.32553203100383,30.990009192966436,31.02690149811281,7858200,VTI
2008-12-15,31.727872848510742,32.465730356615644,31.322051781993654,32.39932306829808,8839700,VTI
2008-12-16,33.39543533325195,33.43233046677759,32.05253466226091,33.39543533325195,8988000,VTI
2008-12-17,33.15194320678711,33.71271376146302,32.81252937593844,33.05602092773737,7705200,VTI
2008-12-18,32.57639694213867,33.4544460086047,32.192710855236186,33.34376630124176,8333900,VTI
2008-12-19,32.54690170288086,33.27737920712754,32.4509794193472,32.812530909771866,6242800,VTI
2008-12-22,32.08964157104492,32.69188100183401,31.494838770647746,32.6844443714421,9594600,VTI
2008-12-23,31.747631072998047,32.39447895660165,31.59892966028915,32.2680845993574,10094300,VTI
2008-12-24,31.874034881591797,31.992995479784625,31.636113685206137,31.807119367843057,2333700,VTI
2008-12-26,32.2086067199707,32.2086067199707,31.8665954155455,32.156561644786166,3522900,VTI
2008-12-29,31.963237762451172,32.1639813437597,31.49482945483178,32.15654755181009,6012300,VTI
2008-12-30,32.80339813232422,32.80339813232422,32.05246028426617,32.18629124114668,8725900,VTI
2008-12-31,33.26437759399414,33.55434376457962,32.72905368753276,32.81827339319523,6680900,VTI
2009-01-02,34.2234992980957,34.39450493313882,33.13054999271203,33.368471122880145,7316000,VTI
2009-01-05,34.216060638427734,34.5060267973244,33.829438147817775,34.11940430671444,7419100,VTI
2009-01-06,34.49859619140625,34.84060744446166,34.2086271694748,34.57294547729013,7686200,VTI
2009-01-07,33.53205490112305,34.07481573196315,33.31644073182811,33.985593141656786,6382300,VTI
2009-01-08,33.68073654174805,33.68817317134864,33.13797886687498,33.30898447652733,5518400,VTI
2009-01-09,32.85544967651367,33.769959504935684,32.82571166396857,33.732784862071725,5931900,VTI
2009-01-12,32.134239196777344,32.862872672332855,31.896318177667062,32.818261417658825,5924100,VTI
2009-01-13,32.178855895996094,32.40934318342791,31.851715119594836,31.9929798747184,8492400,VTI
2009-01-14,31.130508422851562,31.695572991919196,30.914894440995962,31.606350479176488,6675700,VTI
2009-01-15,31.242048263549805,31.55431868053805,30.163966556638055,31.085913055055684,9360600,VTI
2009-01-16,31.4725399017334,31.79968078849913,30.714165138725416,31.792244156843118,9328900,VTI
2009-01-20,29.836814880371094,31.27921155001087,29.762462782198398,31.227166499411254,9230000,VTI
2009-01-21,31.056154251098633,31.137940123383874,29.74015217692085,30.31265044667561,8915200,VTI
2009-01-22,30.52083969116211,31.041293076459077,29.970648300378308,30.446490423080874,13116500,VTI
2009-01-23,30.70672035217285,31.018993565182928,29.740165539391278,29.844255664980235,11839000,VTI
2009-01-26,30.877731323242188,31.53201587282359,30.550590466573336,30.86286089754219,8307800,VTI
2009-01-27,31.242048263549805,31.420487691473497,30.84055529635615,31.063605999382546,7171000,VTI
2009-01-28,32.32011795043945,32.49112352036994,31.792227984901636,31.896320921428572,7719500,VTI
2009-01-29,31.25691795349121,32.379608072858936,31.197436254753143,31.829416540749335,5493100,VTI
2009-01-30,30.587764739990234,31.509711268450296,30.372147824333105,31.383314069662312,6640200,VTI
2009-02-02,30.53571128845215,30.736457723496812,30.044998725979486,30.141655047203113,7746500,VTI
2009-02-03,30.966968536376953,31.16027848949729,30.394469639018023,30.71417685229957,6197800,VTI
2009-02-04,30.80337142944336,31.539438812678178,30.70671511378126,31.12307838135108,8225600,VTI
2009-02-05,31.294099807739258,31.532020985025344,30.372153118572562,30.587770071814376,6155400,VTI
2009-02-06,32.19371795654297,32.282937629435665,31.294078927915763,31.368428182619297,5202500,VTI
2009-02-09,32.201168060302734,32.453959602829975,31.92606946303487,32.19373142997471,3847000,VTI
2009-02-10,30.729019165039062,32.21602704327002,30.53570655257327,31.91118770543993,8626600,VTI
2009-02-11,30.91490936279297,31.108219227889563,30.483675518452017,30.91490936279297,7875200,VTI
2009-02-12,30.996694564819336,31.04873964113428,30.00783527859151,30.439066316093015,8848800,VTI
2009-02-13,30.68443489074707,31.204888673050053,30.662130660557423,30.937226565794525,5400600,VTI
2009-02-17,29.36098861694336,29.866568975715232,29.34611818929653,29.69556331214279,10271000,VTI
2009-02-18,29.264326095581055,29.60633735073678,28.98179370224901,29.59890355660012,9826600,VTI
2009-02-19,28.952045440673828,29.673245245751463,28.840521539716388,29.5245438748988,6115700,VTI
2009-02-20,28.61004638671875,28.959494330744096,27.99293926532167,28.357254800108826,9978900,VTI
2009-02-23,27.63605308532715,28.937185592235068,27.561703790858495,28.937185592235068,7559300,VTI
2009-02-24,28.63978385925293,28.803355700759475,27.62118383769766,27.80705989895742,8526000,VTI
2009-02-25,28.416732788085938,28.966924334053303,27.940890531170304,28.498518707788985,6295000,VTI
2009-02-26,27.896282196044922,28.91488231187273,27.881411769418634,28.721572438218733,5524900,VTI
2009-02-27,27.368398666381836,27.948331205221063,27.256871869107705,27.383269095101337,7456700,VTI
2009-03-02,26.09700584411621,26.966907551583805,25.98548187501412,26.79590186329835,8553900,VTI
2009-03-03,25.87394905090332,26.461318128105862,25.66576875467713,26.424143480386018,7251000,VTI
2009-03-04,26.439008712768555,26.885110070257543,26.000341148865637,26.282870685028474,6847500,VTI
2009-03-05,25.368371963500977,26.15648773024385,25.152757820696316,25.84421437502705,5771500,VTI
2009-03-06,25.360925674438477,25.948294602697807,24.728945478481428,25.57654254727946,6381500,VTI
2009-03-09,25.056093215942383,25.799597448841304,24.94456644651012,25.03378616030979,7974100,VTI
2009-03-10,26.654619216918945,26.67692626719709,25.54679976411008,25.5914081921806,5978000,VTI
2009-03-11,26.751283645629883,27.204821710086115,26.49849207705971,26.937159715571372,5740200,VTI
2009-03-12,27.851667404174805,27.97062796594075,26.50592658099317,26.758718129276247,5478100,VTI
2009-03-13,28.14907455444336,28.223423853386464,27.606316730675612,28.111899904971803,6277000,VTI
2009-03-16,27.992931365966797,28.758739705073204,27.94832009753844,28.47620734417988,5805600,VTI
2009-03-17,28.877700805664062,28.877700805664062,27.79961923934975,28.03754033638203,4114200,VTI
2009-03-18,29.494810104370117,29.87399883276074,28.453905931347485,28.736438320075717,7644800,VTI
2009-03-19,29.197412490844727,29.96322096738249,29.123060363454286,29.948350541904404,4713900,VTI
2009-03-20,28.58030891418457,29.375858417532136,28.483655381577535,29.30894290621111,3407100,VTI
2009-03-23,30.56545639038086,30.58032681389064,29.175104409014306,29.316369177992282,5687800,VTI
2009-03-24,29.95578384399414,30.632372528722595,29.95578384399414,30.223445800369063,5061400,VTI
2009-03-25,30.268728256225586,30.777824083486347,29.377811986493956,30.21632158482663,6892600,VTI
2009-03-26,31.024877548217773,31.032365846047274,30.32112891753267,30.63556888359979,6266300,VTI
2009-03-27,30.4409122467041,30.770325912089813,30.313639758696603,30.605620507371196,4531200,VTI
2009-03-30,29.370325088500977,29.782093035974544,29.040911301712026,29.782093035974544,5386200,VTI
2009-03-31,29.632369995117188,30.23130562653977,29.45268787771523,29.662314634725544,4491100,VTI
2009-04-01,30.223806381225586,30.313648835371552,29.160696377375647,29.280483460287602,3246400,VTI
2009-04-02,31.12969398498535,31.593868496064275,30.86765782180215,30.957497404861233,5423400,VTI
2009-04-03,31.519004821777344,31.548952306221004,30.882636485070762,31.152158133165088,5391600,VTI
2009-04-06,31.212066650390625,31.316882901032255,30.770351018514443,31.21955495341186,4136200,VTI
2009-04-07,30.41845703125,30.88263154203429,30.410968733362996,30.717923259906474,3986500,VTI
2009-04-08,30.845211029052734,30.950024394044927,30.425954713133958,30.590663061521692,2255000,VTI
2009-04-09,32.09547805786133,32.09547805786133,31.504031002876502,31.653762699258053,3068700,VTI
2009-04-13,32.14039993286133,32.37248863648308,31.631304158171048,31.81098619580548,3069700,VTI
2009-04-14,31.541454315185547,32.08798283708913,31.444126457437513,31.83343503248147,3185000,VTI
2009-04-15,31.87837791442871,31.923296297814026,31.24949484348331,31.33933446620405,2905000,VTI
2009-04-16,32.42491149902344,32.64202371401375,31.713674147705483,32.14790143363663,3199200,VTI
2009-04-17,32.64202117919922,32.84416248583129,32.260200615083285,32.52972235725938,3490500,VTI
2009-04-20,31.256973266601562,32.26019120544424,31.22702578043922,32.04307621469147,2939000,VTI
2009-04-21,31.87837791442871,31.89334880492374,30.950025626480695,31.002432311063636,1438100,VTI
2009-04-22,31.743608474731445,32.42489804616422,31.504034308246247,31.5714118651177,5320300,VTI
2009-04-23,31.96820831298828,32.00564124032512,31.369272907751004,31.82595919077929,3654500,VTI
2009-04-24,32.529720306396484,32.76180623734361,32.10297852683871,32.260198581212606,4707200,VTI
2009-04-27,32.192806243896484,32.64949534756408,32.06553372960175,32.132911280029035,4221500,VTI
2009-04-28,32.132938385009766,32.507273657095816,31.781065171295882,31.833471880911812,3880400,VTI
2009-04-29,32.896549224853516,33.22596575706019,32.409915579650544,32.507240595122,3673000,VTI
2009-04-30,32.889068603515625,33.53292516796881,32.74682235209301,33.34575769485796,4173900,VTI
2009-05-01,33.07624053955078,33.19602762426645,32.634525129171244,32.88907304118571,3597500,VTI
2009-05-04,34.206729888916016,34.206729888916016,33.2858661688595,33.36822032248191,3903700,VTI
2009-05-05,34.08693313598633,34.22918221768044,33.80244068449505,34.09442143289048,3588100,VTI
2009-05-06,34.61848831176758,34.648432929356886,34.02703856116766,34.49121297720701,4753400,VTI
2009-05-07,34.0794677734375,34.992846329377635,33.84737898379447,34.955410534698,4578000,VTI
2009-05-08,34.85057830810547,34.96287991948372,34.26661678321525,34.49870544728761,3835800,VTI
2009-05-11,34.25164794921875,34.5735762349223,34.14683462009648,34.431329981963366,3891300,VTI
2009-05-12,34.161800384521484,34.521161510155935,33.67516392042055,34.468754857831016,3763900,VTI
2009-05-13,33.188541412353516,33.690148925499734,33.09121351579182,33.637742255647126,4119500,VTI
2009-05-14,33.525447845458984,33.727589125310715,33.03881396962327,33.17357482285776,2830200,VTI
2009-05-15,33.173580169677734,33.6901616197044,32.978924303209446,33.44309906363704,2686800,VTI
2009-05-18,34.19176483154297,34.20673857745487,33.45058297257905,33.502989655295686,2532400,VTI
2009-05-19,34.199249267578125,34.49871844007273,34.034540937111124,34.18427552335842,2250500,VTI
2009-05-20,34.00459289550781,34.84310542247247,33.92224158756363,34.521177066860076,2455500,VTI
2009-05-21,33.390682220458984,33.697636818749345,33.09870136549371,33.58533802773552,2764100,VTI
2009-05-22,33.41313934326172,33.74255308005802,33.263404788009176,33.51046437661913,1559500,VTI
2009-05-26,34.31154251098633,34.35646087668558,33.12864271112347,33.143616451672884,2225400,VTI
2009-05-27,33.73508071899414,34.476262628182745,33.66021198436132,34.29658337696438,2778800,VTI
2009-05-28,34.154327392578125,34.2591407441951,33.44309026324195,33.94470068934417,2831800,VTI
2009-05-29,34.685890197753906,34.708349388853286,34.06449258847084,34.34898805151309,2629300,VTI
2009-06-01,35.546852111816406,35.79391458861139,35.097651243397586,35.15754335974367,2552200,VTI
2009-06-02,35.6890983581543,35.876265862501945,35.412091251385625,35.486959966694364,3590800,VTI
2009-06-03,35.254878997802734,35.4645057349371,34.89551765302235,35.41209905065351,2144200,VTI
2009-06-04,35.60673904418945,35.636683667626336,35.10512876029976,35.37465036287347,2176600,VTI
2009-06-05,35.539371490478516,36.033493655164875,35.33723021547729,35.973598674742355,2765700,VTI
2009-06-08,35.44203186035156,35.771445575942316,35.00780196366706,35.374651457622896,2058500,VTI
2009-06-09,35.62919235229492,35.82384522431591,35.40459200582506,35.62919235229492,1885100,VTI
2009-06-10,35.539371490478516,36.0110316095315,35.09765600568693,35.98857241984798,2766900,VTI
2009-06-11,35.7490119934082,36.16826845016434,35.59927734057023,35.64419859320691,2324600,VTI
2009-06-12,35.77894592285156,35.78643136747602,35.36717792570961,35.57680464659281,1410900,VTI
2009-06-15,34.947914123535156,35.397114959241044,34.783205817666676,35.397114959241044,2761900,VTI
2009-06-16,34.461280822753906,35.12759669744711,34.41636244842823,35.09765206654651,1805200,VTI
2009-06-17,34.41636276245117,34.70834362203031,34.12438190287203,34.446307393625,1585900,VTI
2009-06-18,34.6035270690918,34.80566830453399,34.28159875219675,34.49871372981421,2233500,VTI
2009-06-19,34.73080062866211,35.03775521252937,34.58855435768195,34.97786309799276,1394800,VTI
2009-06-22,33.72758483886719,34.453795693897696,33.72009939506101,34.43882195033577,2630200,VTI
2009-06-23,33.72758483886719,33.89977860590492,33.49549895353134,33.794965256921046,2142000,VTI
2009-06-24,33.993167877197266,34.3467940456331,33.81259201859116,34.08345437142236,3069500,VTI
2009-06-25,34.78318405151367,34.78318405151367,33.79002392199506,33.84269128718498,1841200,VTI
2009-06-26,34.71546936035156,34.8734714600297,34.50479989411405,34.647753764752906,1181400,VTI
2009-06-29,35.046531677246094,35.09919905435253,34.62518979023783,34.881003994821995,1671800,VTI
2009-06-30,34.813297271728516,35.17444632270855,34.53491208308595,35.06911154160906,2871600,VTI
2009-07-01,35.016448974609375,35.294834201599784,34.93368510087111,34.98635249867584,2159500,VTI
2009-07-02,34.09852600097656,34.52739073057479,33.99319120706232,34.52739073057479,1812800,VTI
2009-07-06,33.97059631347656,33.9856416704262,33.504109883674055,33.692208417258854,1877100,VTI
2009-07-07,33.2708740234375,33.932978884387445,33.22572933603609,33.91040797576486,1486800,VTI
2009-07-08,33.225738525390625,33.504123665969324,32.80439660358087,33.406314454782525,3177900,VTI
2009-07-09,33.293453216552734,33.54174475380914,33.16554754232267,33.43640712366109,1255800,VTI
2009-07-10,33.210689544677734,33.398788151405775,32.94735264332126,33.127925698492284,1503200,VTI
2009-07-13,33.97814178466797,34.01576094258889,33.022600248656204,33.346130173060104,1965000,VTI
2009-07-14,34.218894958496094,34.2339431900314,33.85774601211896,34.06089283261048,3939800,VTI
2009-07-15,35.242164611816406,35.33245116384349,34.6327239277787,34.685391322307645,2042400,VTI
2009-07-16,35.58824920654297,35.7387286379974,35.0991946420116,35.14433646233843,1762800,VTI
2009-07-17,35.603302001953125,35.678540292249586,35.37005870978321,35.58073108889555,1761500,VTI
2009-07-20,36.00205993652344,36.05472729888423,35.6333883999979,35.82900962160141,1956500,VTI
2009-07-21,36.16008758544922,36.31056421796299,35.70112639387197,36.280470613554904,2464000,VTI
2009-07-22,36.18262481689453,36.37824597911555,35.8967143150437,35.91928808502871,2460800,VTI
2009-07-23,37.040382385253906,37.168290947897106,36.17513039743316,36.1901757623019,1972700,VTI
2009-07-24,37.16075134277344,37.21341871036968,36.66417125532581,36.79960244918937,1639800,VTI
2009-07-27,37.31877899169922,37.32630454659665,36.91248800214303,37.13068030147864,1619700,VTI
2009-07-28,37.22846984863281,37.318756361544494,36.822176235295494,37.06294218316431,1511000,VTI
2009-07-29,37.04789733886719,37.14570653331873,36.79208315692365,36.9500852742591,1074600,VTI
2009-07-30,37.44667053222656,37.8604868881388,37.39400315257357,37.48428967909914,2054100,VTI
2009-07-31,37.50686264038086,37.73258327425042,37.34133781107549,37.454195257853186,1122700,VTI
2009-08-03,38.13888168334961,38.16897815653671,37.67239782958014,37.83040000857594,2769900,VTI
2009-08-04,38.281822204589844,38.33448957517517,37.89809951014653,37.95829243090487,1448300,VTI
2009-08-05,38.19153594970703,38.34201539376427,37.83791255685268,38.334492713131915,1726600,VTI
2009-08-06,37.92820739746094,38.39469119325363,37.77020523810238,38.37212027624735,1283300,VTI
2009-08-07,38.462406158447266,38.763365107465496,38.12382805834107,38.35707138733806,1463500,VTI
2009-08-10,38.37211990356445,38.48498022781432,38.11630565606774,38.31945251762313,1358700,VTI
2009-08-11,37.875526428222656,38.2592462305077,37.7927626020037,38.25172355092246,1335000,VTI
2009-08-12,38.28934860229492,38.61287840739289,37.84543581414818,37.85296136505188,1646800,VTI
2009-08-13,38.6279296875,38.64297792033827,38.12382393296726,38.50754669495078,1651600,VTI
2009-08-14,38.2742919921875,38.64296641153263,37.88304666538559,38.612869954819544,1975600,VTI
2009-08-17,37.28114318847656,37.58210210656968,37.22095312695211,37.55952832211067,2036400,VTI
2009-08-18,37.6723747253418,37.77018676813352,37.31874855766426,37.39398969448708,2236800,VTI
2009-08-19,37.995914459228516,38.08620097707193,37.303713038834594,37.371425774599665,1125500,VTI
2009-08-20,38.3570671081543,38.43983095340889,37.94325075203827,38.01848904582048,980100,VTI
2009-08-21,39.07184600830078,39.17718077744105,38.61288491119772,38.673077847939126,1644300,VTI
2009-08-24,39.124515533447266,39.49319011576629,38.95898781850925,39.31261416581961,2001900,VTI
2009-08-25,39.199745178222656,39.56089699832942,39.10945865827433,39.27498633664353,2144100,VTI
2009-08-26,39.16964340209961,39.38783554054593,38.95144839349717,39.10945048793778,2398700,VTI
2009-08-27,39.305091857910156,39.3878528460104,38.6956512499601,39.13956414139492,2014700,VTI
2009-08-28,39.274993896484375,39.658713832742585,39.019179648926475,39.56842729541547,1098300,VTI
2009-08-31,38.89878463745117,38.951452007150834,38.650493148733,38.9138328673877,1154000,VTI
2009-09-01,38.04106521606445,39.20727606377655,37.95077581367442,38.68812204558372,1996900,VTI
2009-09-02,37.883056640625,38.086203471696166,37.762673652229886,37.860485727224926,1460000,VTI
2009-09-03,38.229148864746094,38.274290678109786,37.77771064001731,38.04105032198143,917800,VTI
2009-09-04,38.718223571777344,38.785939197338706,38.168975884516314,38.281836217171076,897400,VTI
2009-09-08,39.10945129394531,39.19973779689265,38.91383005920005,39.13954775164648,1412600,VTI
2009-09-09,39.50069808959961,39.62108105468547,39.07935627672095,39.214787471212084,1760200,VTI
2009-09-10,39.90699005126953,39.90699005126953,39.290027021508074,39.53831562121395,2222000,VTI
2009-09-11,39.937110900878906,40.11768401637813,39.72643843925259,39.98225274467475,1291300,VTI
2009-09-14,40.14775466918945,40.18537380487522,39.56841079512918,39.59850725174022,1207200,VTI
2009-09-15,40.343387603759766,40.47129614639538,39.95966771616674,40.17786278467891,1684300,VTI
2009-09-16,40.975399017333984,41.01301816392891,40.365961380088265,40.471296138616815,2044700,VTI
2009-09-17,40.9001579284668,41.30645157229688,40.719582018934524,40.99044444815458,2068600,VTI
2009-09-18,40.960357666015625,41.11836270051025,40.8023555016784,41.065695312397835,1594000,VTI
2009-09-21,40.84750747680664,40.95284227177765,40.53150022173571,40.65188325458228,1248100,VTI
2009-09-22,41.088260650634766,41.216166327208434,40.91521027459903,41.11083156528729,1844300,VTI
2009-09-23,40.66691207885742,41.434354623201216,40.63681561747378,41.2312078140964,1878400,VTI
2009-09-24,40.234561920166016,40.8997217505132,40.04559628863224,40.77878386166705,1768600,VTI
2009-09-25,39.977569580078125,40.31015094554824,39.841514091183406,40.20432776710707,1387800,VTI
2009-09-28,40.725887298583984,40.816590024623494,40.12119765267451,40.128755011766266,1574900,VTI
2009-09-29,40.65786361694336,41.020677440930605,40.54448303546511,40.846829330481796,1754100,VTI
2009-09-30,40.50666809082031,40.80901421880061,40.06070913791188,40.78633638500095,1484700,VTI
2009-10-01,39.433349609375,40.38573807957647,39.39555705686569,40.36306312474827,1451700,VTI
2009-10-02,39.199031829833984,39.440907612235115,38.9798310009746,39.00250595451634,1942000,VTI
2009-10-05,39.803733825683594,39.924671754984686,39.274629303720964,39.39556723302205,1194200,VTI
2009-10-06,40.39329147338867,40.63516724578006,40.10606579579055,40.16653329719507,1941300,VTI
2009-10-07,40.4840087890625,40.552036549984145,40.22701534595712,40.33283566663802,1255100,VTI
2009-10-08,40.8392448425293,41.058445632115784,40.62004693632906,40.816569893050094,2355600,VTI
2009-10-09,41.118934631347656,41.118934631347656,40.75611797504314,40.87705878273635,1532500,VTI
2009-10-12,41.27009582519531,41.451504113571495,41.103808017852984,41.29277366335916,868000,VTI
2009-10-13,41.15671157836914,41.239856910421466,40.87704327514571,41.179386529515604,831100,VTI
2009-10-14,41.88990020751953,41.935252997532494,41.47417639092099,41.65558466758609,1322200,VTI
2009-10-15,42.03351593017578,42.03351593017578,41.63290971028658,41.66314202023892,1113400,VTI
2009-10-16,41.723609924316406,41.844547807090045,41.421263775689035,41.64802194546628,2161200,VTI
2009-10-19,42.063758850097656,42.184696762282,41.61023951686592,41.761412627943166,1088900,VTI
2009-10-20,41.806766510009766,42.14690241451659,41.58756563743493,42.1317876980656,1289100,VTI
2009-10-21,41.39859390258789,42.21492399061226,41.35324110971384,41.685822490683,2223900,VTI
2009-10-22,41.844547271728516,41.942810201283216,41.0886847932172,41.3910280545898,1289800,VTI
2009-10-23,41.307884216308594,41.98815869408384,41.14915090977991,41.98815869408384,1397500,VTI
2009-10-26,40.8392448425293,41.784072849312864,40.71830697299645,41.36079174764103,2158100,VTI
2009-10-27,40.62005615234375,41.57244173057207,40.51423296953002,40.899724498455626,2151600,VTI
2009-10-28,39.735694885253906,40.58982039264018,39.66766713894196,40.446204659655585,2342300,VTI
2009-10-29,40.536903381347656,40.642723661388644,39.962446313430334,40.02291669253169,2975500,VTI
2009-10-30,39.44091796875,40.536919517451544,39.350215247379275,40.4008639937017,3381100,VTI
2009-11-02,39.660118103027344,40.08339938365502,39.15368857792105,39.660118103027344,2723300,VTI
2009-11-03,39.84151840209961,39.894428555351766,39.342649183302775,39.41823717608236,1622500,VTI
2009-11-04,39.9095458984375,40.47644286541357,39.83396078952886,40.23456705684141,1880300,VTI
2009-11-05,40.67296600341797,40.695640957875256,40.136301386371514,40.21944673056407,1980000,VTI
2009-11-06,40.77878189086914,40.92239472587493,40.38573305026813,40.483995981265025,1946600,VTI
2009-11-09,41.69337844848633,41.69337844848633,41.10380657784558,41.14915648581067,1830400,VTI
2009-11-10,41.7085075378418,41.83700282366386,41.45907144175764,41.59512696991489,1837200,VTI
2009-11-11,41.92013168334961,42.18468527655094,41.708491115497736,41.9503668740103,1967200,VTI
2009-11-12,41.45149230957031,42.078856574637236,41.3305544462209,41.86721603462229,1767800,VTI
2009-11-13,41.69337844848633,41.84455153627255,41.323004527579435,41.57244055493472,1788800,VTI
2009-11-16,42.320743560791016,42.49459159355195,41.95792701554847,42.00327980455046,2485800,VTI
2009-11-17,42.3661003112793,42.403892866526895,42.063756985911354,42.230044805678226,1666100,VTI
2009-11-18,42.33585739135742,42.41900272776811,42.101541861530876,42.366092583395236,1530100,VTI
2009-11-19,41.73115539550781,42.041058812066666,41.459044515917455,42.00326627509817,1898800,VTI
2009-11-20,41.602664947509766,41.685810268373785,41.38346417130208,41.5270769815488,1109100,VTI
2009-11-23,42.093994140625,42.41901534322664,41.98061646184447,42.08643678206129,1753200,VTI
2009-11-24,42.124210357666016,42.18468073247361,41.77651435268086,42.18468073247361,2452800,VTI
2009-11-25,42.29051971435547,42.32075491513534,42.07131883378258,42.20737435390455,1407900,VTI
2009-11-27,41.57999038696289,41.889893863316544,41.04332876166033,41.12647408906506,865100,VTI
2009-11-30,41.685821533203125,41.7689639931488,41.300330011095376,41.5724409953157,2746200,VTI
2009-12-01,42.199798583984375,42.350968755154554,42.00327274804524,42.08641807222055,1958300,VTI
2009-12-02,42.320743560791016,42.57773693169559,42.13933528816975,42.24515557912104,1293700,VTI
2009-12-03,41.94282150268555,42.65333138591239,41.897468703735505,42.41145555828677,1349800,VTI
2009-12-04,42.25270462036133,42.7440133957601,41.82186333088562,42.555047816748434,2489800,VTI
2009-12-07,42.199798583984375,42.44167431792008,42.071300478426295,42.23759112677692,1233300,VTI
2009-12-08,41.761417388916016,42.0108534831383,41.60268690171325,41.8974729160577,1320600,VTI
2009-12-09,41.8974609375,41.95792844150432,41.5270870231965,41.74628785240905,1433500,VTI
2009-12-10,42.10911178588867,42.305637709403726,42.033526666621334,42.1393469869506,940600,VTI
2009-12-11,42.320743560791016,42.37365370626666,42.078864902833764,42.24515557912104,1291500,VTI
2009-12-14,42.638187408447266,42.668422589042514,42.38875437700029,42.60795222785202,1283700,VTI
2009-12-15,42.45679473876953,42.67599555318948,42.36609204719067,42.532382717907396,1641300,VTI
2009-12-16,42.56262969970703,42.78182769145977,42.471924099615514,42.66845001642643,1906500,VTI
2009-12-17,42.086429595947266,42.34342299404485,42.003284249005844,42.25272028983011,1845700,VTI
2009-12-18,42.34342575073242,42.35098310849775,41.950376829030546,42.29051559621363,2113100,VTI
2009-12-21,42.759151458740234,42.89520697143515,42.53995059013317,42.53995059013317,3190800,VTI
2009-12-22,42.97821044921875,43.046671431491035,42.82607461064148,42.88693010677229,3581300,VTI
2009-12-23,43.12274169921875,43.160777838526556,42.89453937212203,43.09231685022254,1297200,VTI
2009-12-24,43.343345642089844,43.35855951995603,43.19120976517849,43.19881815498684,607400,VTI
2009-12-28,43.396583557128906,43.52590004068164,43.24444771249329,43.52590004068164,1742400,VTI
2009-12-29,43.32052230834961,43.54872465193986,43.32052230834961,43.54872465193986,1527000,VTI
2009-12-30,43.305320739746094,43.35856787165893,43.16839871432709,43.19121808464657,1592300,VTI
2009-12-31,42.87934112548828,43.39660146970616,42.87934112548828,43.373782099204256,1322000,VTI
2010-01-04,43.59436798095703,43.64761509981234,43.23684912428536,43.25206300135121,2251500,VTI
2010-01-05,43.761714935302734,43.769323324729974,43.442232221366915,43.61718745543896,1597700,VTI
2010-01-06,43.82257080078125,43.906245674660596,43.67043493025064,43.7388959269019,2120300,VTI
2010-01-07,44.00513458251953,44.03556233909056,43.57915759752749,43.776932211738,1656700,VTI
2010-01-08,44.14965057373047,44.157256059517024,43.784526319233514,43.89102053074309,1650000,VTI
2010-01-11,44.21051025390625,44.38546547254536,44.00512728374292,44.347432234015145,1883100,VTI
2010-01-12,43.75410461425781,43.98230694211042,43.58675488634922,43.929059829003144,1730100,VTI
2010-01-13,44.164894104003906,44.25617450348599,43.63241978714719,43.89865549469976,1825200,VTI
2010-01-14,44.240936279296875,44.33221662855798,44.0735865541932,44.13444205486726,1667100,VTI
2010-01-15,43.7388916015625,44.23333240645412,43.58675574607661,44.19529626627008,2785900,VTI
2010-01-19,44.3170051574707,44.33982742233652,43.75410625444979,43.77692561756545,2546700,VTI
2010-01-20,43.9062385559082,44.04316052701082,43.51829200386749,44.04316052701082,2755100,VTI
2010-01-21,43.09994125366211,44.05078711868444,43.031480235310454,43.906259591831514,4350700,VTI
2010-01-22,42.149085998535156,43.05429001574178,42.073019506980216,42.902157032631905,4423000,VTI
2010-01-25,42.3316535949707,42.57506987278511,42.18712318506464,42.506608863290374,2781100,VTI
2010-01-26,42.141483306884766,42.590282601045935,42.04259453989987,42.17951655518639,1704300,VTI
2010-01-27,42.34687042236328,42.407725951097866,41.73832964377402,42.065420856344126,2077900,VTI
2010-01-28,41.84479522705078,42.51419107541338,41.57095424075408,42.51419107541338,2235100,VTI
2010-01-29,41.350379943847656,42.33165344248719,41.2895244237378,42.019776156301475,2421800,VTI
2010-02-01,41.98173522949219,42.01977137610929,41.60900536734948,41.62421924564621,2132800,VTI
2010-02-02,42.52180099487305,42.62068681220455,41.93607996916198,42.09582127569697,2565500,VTI
2010-02-03,42.30881881713867,42.53702114741233,42.164291351707035,42.34685205522594,1352600,VTI
2010-02-04,40.99284362792969,41.97411671030156,40.97002426844419,41.96650832263994,3029700,VTI
2010-02-05,41.061309814453125,41.12977080333972,40.17892534755371,40.98524333869026,5416200,VTI
2010-02-08,40.74183654785156,41.304735562758836,40.726622668833706,41.09174706001021,1494300,VTI
2010-02-09,41.28191375732422,41.609004882516025,40.886361631470166,41.19823887854252,2191500,VTI
2010-02-10,41.22106170654297,41.42644472577754,40.84833181744194,41.22867009711691,1340800,VTI
2010-02-11,41.66225814819336,41.71550527858749,40.89397314950489,41.129783942501035,1302300,VTI
2010-02-12,41.66225814819336,41.692685908918854,41.0765368121069,41.243886594346165,2189100,VTI
2010-02-16,42.362083435058594,42.42293896254411,41.867645332119444,42.01978124908197,1186500,VTI
2010-02-17,42.597877502441406,42.65873300599924,42.400102919378696,42.59027201537174,1936000,VTI
2010-02-18,42.84128952026367,42.93256986491662,42.49898460062781,42.552231710154516,1537400,VTI
2010-02-19,42.99344253540039,43.10754228635401,42.64353198967435,42.711993000946926,1863000,VTI
2010-02-22,42.92496109008789,43.145557899369834,42.841286238170625,43.137949511877565,3049500,VTI
2010-02-23,42.40770721435547,42.96300061083568,42.30121298787297,42.83368702203551,2144700,VTI
2010-02-24,42.78805160522461,42.85651260386299,42.438141124073105,42.54463536601048,1689100,VTI
2010-02-25,42.7728385925293,42.78044698239324,42.057803738096794,42.18711734827852,2956100,VTI
2010-02-26,42.7728385925293,42.90976059257496,42.52942234839268,42.765233104415884,1272600,VTI
2010-03-01,43.282493591308594,43.31291844568336,42.95540246733794,42.97061634540059,1580100,VTI
2010-03-02,43.41939926147461,43.63999315603824,43.35854377211261,43.48785733438269,1988900,VTI
2010-03-03,43.472660064697266,43.75410953732491,43.38898519132815,43.57154591345135,1617900,VTI
2010-03-04,43.586769104003906,43.662838505934694,43.36617219103109,43.57155522361775,1636600,VTI
2010-03-05,44.27898025512695,44.29419413398522,43.7845422501113,43.92146425808504,2699100,VTI
2010-03-08,44.28658676147461,44.385472617220714,44.202911882189014,44.28658676147461,2027600,VTI
2010-03-09,44.37786102294922,44.58324399791374,44.134444808565384,44.15726417186694,4736900,VTI
2010-03-10,44.61368942260742,44.71257530391848,44.37787860199756,44.431125738626996,1949600,VTI
2010-03-11,44.781028747558594,44.78863713821938,44.32462396743968,44.45393759116473,2391700,VTI
2010-03-12,44.781028747558594,44.99402015979814,44.65171512383354,44.986411769137355,1227600,VTI
2010-03-15,44.765811920166016,44.803848067463605,44.438720785311055,44.73538706477883,1624900,VTI
2010-03-16,45.13093185424805,45.176570580773394,44.77341302046531,44.864693375266164,1047800,VTI
2010-03-17,45.419979095458984,45.58732880235104,45.267843262079815,45.2830571355927,2022900,VTI
2010-03-18,45.366737365722656,45.488445466500416,45.19938763899698,45.442806742302515,2714900,VTI
2010-03-19,45.0700798034668,45.51127353868691,44.91033844488726,45.0700798034668,2010400,VTI
2010-03-22,45.38956069946289,45.44281071860323,44.77341465487759,44.81144789562047,1643100,VTI
2010-03-23,45.70905303955078,45.7394807973279,45.2830731359232,45.458028390515594,2298500,VTI
2010-03-24,45.442806243896484,45.678614054332726,45.39716461844915,45.564514343339376,1569000,VTI
2010-03-25,45.3634033203125,45.95144485865304,45.294670776274515,45.76816001672509,2437800,VTI
2010-03-26,45.35574722290039,45.653587160865825,45.13427545401264,45.43211830523698,1206300,VTI
2010-03-29,45.62303924560547,45.699407410673196,45.477935653414534,45.554306731741015,2434700,VTI
2010-03-30,45.645965576171875,45.82161474978822,45.462677835338404,45.70705954760982,1927500,VTI
2010-03-31,45.50849533081055,45.72996714279935,45.37103026911125,45.50849533081055,1346000,VTI
2010-04-01,45.836883544921875,45.997258478379045,45.53904355042728,45.82924497860898,1339600,VTI
2010-04-05,46.27982711791992,46.28746568470559,45.897980349906526,46.02017119914042,1458300,VTI
2010-04-06,46.40965270996094,46.486020891967314,46.096538502519756,46.17290668452613,1332000,VTI
2010-04-07,46.16525650024414,46.424912315897416,45.92851054932959,46.34854124467087,1348300,VTI
2010-04-08,46.27217102050781,46.35617773847661,45.83686613035892,45.96669257575917,1335900,VTI
2010-04-09,46.58530807495117,46.62349217104917,46.28746804682305,46.40202033511706,1585500,VTI
2010-04-12,46.692222595214844,46.791503571182275,46.59294161924742,46.692222595214844,1277000,VTI
2010-04-13,46.73805236816406,46.80678491379081,46.39438964003033,46.67695547726913,1184300,VTI
2010-04-14,47.31080627441406,47.31080627441406,46.852588490703035,46.921321012596735,1011200,VTI
2010-04-15,47.37192153930664,47.46356688522727,47.226820778156245,47.272643451116565,1120500,VTI
2010-04-16,46.63113021850586,47.28026858471641,46.36383572227935,47.203900393371555,2086900,VTI
2010-04-19,46.75331115722656,46.79149524480095,46.21872519140765,46.4936552831579,1311800,VTI
2010-04-20,47.19626235961914,47.21917514788933,46.88314811035129,47.04352306194365,1004900,VTI
2010-04-21,47.15806579589844,47.33371492214633,46.87550006352218,47.234433967916125,1271100,VTI
2010-04-22,47.387184143066406,47.425368237872746,46.54712240428825,46.89078508406466,447800,VTI
2010-04-23,47.70793151855469,47.723205737390664,47.21152960279308,47.36426887789352,1384500,VTI
2010-04-26,47.539920806884766,47.84539937496374,47.48646249445987,47.76902827631423,1701700,VTI
2010-04-27,46.39438247680664,47.50173869059223,46.29510150106126,47.31081530591401,2555300,VTI
2010-04-28,46.699851989746094,46.83731703308319,46.295092511805066,46.63875512014779,1876400,VTI
2010-04-29,47.31080627441406,47.402448665852624,46.982417882395175,47.03587618683927,1347100,VTI
2010-04-30,46.501285552978516,47.3871696831579,46.47073712115124,47.34134994867579,1892800,VTI
2010-05-03,47.12751007080078,47.21151679497916,46.623472638989064,46.69984371245058,1057900,VTI
2010-05-04,45.98198318481445,46.60057594503174,45.722327288171826,46.60057594503174,2658000,VTI
2010-05-05,45.607765197753906,46.02779593368941,45.287012494119985,45.53139411914642,2728200,VTI
2010-05-06,44.072757720947266,45.684151711007054,22.72752210484339,45.40922154411876,6153600,VTI
2010-05-07,43.240325927734375,44.370591978360494,42.644645919322386,44.042203534425795,5416700,VTI
2010-05-10,45.225929260253906,45.43976250450266,44.74480154743476,45.16483238289172,4080900,VTI
2010-05-11,45.1877326965332,45.760502690975876,44.76770194992701,44.851708681900014,2164100,VTI
2010-05-12,45.91325378417969,45.97435066438048,45.34048364196546,45.37103208206586,1394400,VTI
2010-05-13,45.3634033203125,46.05072584743237,45.332854875571165,45.8445282153184,1289700,VTI
2010-05-14,44.54622268676758,45.103718334785626,44.118553475445246,45.03498583498843,1997300,VTI
2010-05-17,44.5767936706543,44.8211753844093,43.66036078744313,44.63025198845947,1838600,VTI
2010-05-18,43.94293212890625,45.07319835067395,43.78255716593637,44.935733264339774,2967700,VTI
2010-05-19,43.62979507446289,44.08037419699118,43.07229936578526,43.66034058960665,2300900,VTI
2010-05-20,41.934410095214844,42.83556866099932,41.86567756347672,42.66755515824847,4710900,VTI
2010-05-21,42.54536437988281,42.65228100424898,41.109622690880705,41.23181353490769,3682200,VTI
2010-05-24,42.01076126098633,42.652263659573904,41.95730297054222,42.30096549001027,1564400,VTI
2010-05-25,42.01076126098633,42.04894825123926,40.62083988292297,41.01032504273954,4895500,VTI
2010-05-26,41.83511734008789,42.74391421633091,41.69765231533279,42.34679335740047,1742900,VTI
2010-05-27,43.30140686035156,43.30140686035156,42.49952954897178,42.67517864283528,2101500,VTI
2010-05-28,42.83556365966797,43.2708686720982,42.55299791251798,43.2708686720982,1535000,VTI
2010-06-01,41.94968032836914,42.98066529320683,41.90385767381176,42.33152704323632,1900000,VTI
2010-06-02,43.04176712036133,43.0570413403053,41.995507816906006,42.19406684965843,2962200,VTI
2010-06-03,43.270877838134766,43.37779447250125,42.80502429131525,43.17159685768311,1943500,VTI
2010-06-04,41.751121520996094,42.713376945697306,41.552562496281254,42.423172605028434,1940100,VTI
2010-06-07,41.071441650390625,41.98787457032712,41.05616742851136,41.83513526479438,1880200,VTI
2010-06-08,41.422725677490234,41.514368057343404,40.674303683370056,41.140157060283315,3281500,VTI
2010-06-09,41.23179626464844,42.140590104364975,41.094331258538936,41.6976466595103,3009700,VTI
2010-06-10,42.499534606933594,42.53008012578887,41.91149039840174,41.94967448191496,2065900,VTI
2010-06-11,42.75920486450195,42.78211473967942,42.07951513055224,42.132973448139545,2089600,VTI
2010-06-14,42.76683044433594,43.400697365357445,42.71337213934125,43.11049305734404,2438200,VTI
2010-06-15,43.72909164428711,43.78255287329549,42.97303665683619,43.03413062629479,2285500,VTI
2010-06-16,43.68326187133789,43.91236930243794,43.41596744067198,43.53052261285152,2221900,VTI
2010-06-17,43.7596321105957,43.87418728818537,43.331965662547226,43.820728982179304,2050600,VTI
2010-06-18,43.79019546508789,43.95057043774356,43.63745614735194,43.85128944422616,4139100,VTI
2010-06-21,43.62216567993164,44.39349763629722,43.4083324626861,44.35531354939753,1499500,VTI
2010-06-22,42.873741149902344,43.84363198492891,42.8126472011474,43.66034431214663,1523600,VTI
2010-06-23,42.705726623535156,43.05702774480189,42.41552527601126,42.91192415778129,1661200,VTI
2010-06-24,42.0296745300293,42.57451714802446,41.906893053757976,42.543821047121305,1815900,VTI
2010-06-25,42.24454879760742,42.42872250801636,41.76877085945193,42.15246340607386,2053300,VTI
2010-06-28,42.106407165527344,42.45940643191728,41.975953142229635,42.28290533505182,1585300,VTI
2010-06-29,40.77882766723633,41.55388795195485,40.510244159070915,41.50017125032176,3209800,VTI
2010-06-30,40.3337516784668,41.05509243564277,40.2263153327528,40.69442059338423,2394300,VTI
2010-07-01,40.15726089477539,40.45654059458273,39.48963379652957,40.287714947576895,4678400,VTI
2010-07-02,39.965415954589844,40.433518389539344,39.719850038397254,40.32608494783481,3750800,VTI
2010-07-06,40.08817672729492,40.77882117868823,39.74285303792815,40.50256222719482,2452000,VTI
2010-07-07,41.39274215698242,41.43111374543568,40.141906826150375,40.18794804854837,2279100,VTI
2010-07-08,41.7994499206543,41.87618722774982,41.32366924917207,41.761078339765916,1214000,VTI
2010-07-09,42.12175369262695,42.15244978900257,41.73038870953085,41.845494679928116,954000,VTI
2010-07-12,42.1370964050293,42.30592198637609,41.82246877537241,42.098727753088795,1570100,VTI
2010-07-13,42.8277587890625,42.99658150195975,42.513131049653026,42.62056448349897,1582200,VTI
2010-07-14,42.8200798034668,43.019601530611666,42.54382075193777,42.743342479082635,1624000,VTI
2010-07-15,42.85843276977539,42.96586908284501,42.23685305881518,42.85843276977539,1448900,VTI
2010-07-16,41.61528015136719,42.62822792130117,41.53854283714285,42.620555360815096,1585500,VTI
2010-07-19,41.85317611694336,41.95293405333298,41.39274338788312,41.79178391546548,1190100,VTI
2010-07-20,42.33663558959961,42.3673316969068,41.23160207261794,41.3236874671976,1010100,VTI
2010-07-21,41.80711364746094,42.635890440224394,41.62294297840684,42.635890440224394,2826200,VTI
2010-07-22,42.73566818237305,42.904493813537215,42.282910930257536,42.282910930257536,1637500,VTI
2010-07-23,43.17307662963867,43.22679627007737,42.53614863405193,42.6972987733441,1483100,VTI
2010-07-26,43.702571868896484,43.74861309069236,43.165401838329046,43.32655196929693,2204800,VTI
2010-07-27,43.64885330200195,44.03254574646703,43.50304829960697,44.024870258266745,2083200,VTI
2010-07-28,43.34188461303711,43.71022889318109,43.18840709780875,43.57977490800806,1486500,VTI
2010-07-29,43.11935043334961,43.717912562044305,42.7279854772352,43.64884781363109,1108100,VTI
2010-07-30,43.16541290283203,43.349586619247894,42.559177956834645,42.71265556595754,1540000,VTI
2010-08-02,44.09393310546875,44.16299785957462,43.63350336299025,43.8637182342295,1623000,VTI
2010-08-03,43.856056213378906,44.0862711399444,43.67188251572154,44.00953087952816,1360100,VTI
2010-08-04,44.201385498046875,44.21673355303245,43.84838901540531,44.01721469290439,1526900,VTI
2010-08-05,44.109283447265625,44.132304057384204,43.833024416478445,43.92511271163488,1022900,VTI
2010-08-06,43.94813537597656,43.98650403708131,43.349576066187204,43.67187633227649,3374500,VTI
2010-08-09,44.178348541259766,44.23974073849806,43.89441694738539,44.178348541259766,1773700,VTI
2010-08-10,43.902095794677734,44.11696558843771,43.510730726938164,43.73327308278101,2369000,VTI
2010-08-11,42.60520935058594,43.17307252862881,42.53614459354385,43.142379357875356,1947500,VTI
2010-08-12,42.3673210144043,42.49777797389547,41.85317451968442,41.983628551834414,2800000,VTI
2010-08-13,42.2061653137207,42.459403710726605,42.16012117044487,42.18314470575318,1879200,VTI
2010-08-16,42.16779708862305,42.32894720072299,41.753408576931065,41.8608419849977,1471200,VTI
2010-08-17,42.766357421875,43.06563704557889,42.45172974986055,42.55916316069364,2374900,VTI
2010-08-18,42.866127014160156,43.08099387964539,42.4901070722195,42.69730137565519,1336800,VTI
2010-08-19,42.11408233642578,42.74333769341474,41.91456063161995,42.60520818311561,1871600,VTI
2010-08-20,41.96828079223633,42.00665238063157,41.61528442679316,41.945260181072136,1100700,VTI
2010-08-23,41.7457389831543,42.3749943556953,41.7457389831543,42.17547264595828,841700,VTI
2010-08-24,41.14718246459961,41.461810194327,40.870923399016256,41.31600809964309,1473700,VTI
2010-08-25,41.27763748168945,41.46180823179998,40.65605461354851,40.84022829100034,2181600,VTI
2010-08-26,41.02439880371094,41.61528556763368,40.932313429188554,41.50017958131602,1521200,VTI
2010-08-27,41.730377197265625,41.76107035783297,40.68673362713413,41.30831623422893,1240200,VTI
2010-08-30,41.12415313720703,41.761081023586456,41.116480576940646,41.653647615812154,1814800,VTI
2010-08-31,41.13182830810547,41.36204611348037,40.77115940587739,40.93230952776702,1794000,VTI
2010-09-01,42.33663558959961,42.398027804213996,41.630642685585684,41.630642685585684,2835500,VTI
2010-09-02,42.78170394897461,42.80472455695146,42.36731544134652,42.428707632405846,1399800,VTI
2010-09-03,43.34955596923828,43.41862069814474,43.00423232470598,43.21909906915282,1956900,VTI
2010-09-07,42.88146209716797,43.21143778499391,42.81239735024299,43.18841425112518,1759400,VTI
2010-09-08,43.104007720947266,43.280508821112704,42.896816377405464,42.935185036307985,1155300,VTI
2010-09-09,43.31887435913086,43.66419811905692,43.18841741545176,43.57210983151609,1433300,VTI
2010-09-10,43.503047943115234,43.57211269964663,43.29585367352105,43.41096257685371,706800,VTI
2010-09-13,44.05557632446289,44.116968534591685,43.833033953758544,43.95581544667444,1167500,VTI
2010-09-14,44.04789733886719,44.293460288891346,43.810006950319476,43.97115708739634,1262900,VTI
2010-09-15,44.19367218017578,44.255061416164615,43.763935818896066,43.8867172182132,1513700,VTI
2010-09-16,44.178348541259766,44.21671720086316,43.93278560698877,44.063239635108516,1011500,VTI
2010-09-17,44.201385498046875,44.43160339548823,44.04023531171166,44.423927904324366,1563700,VTI
2010-09-20,44.93037033081055,45.00711055163182,44.255071024283836,44.393200494422025,1289400,VTI
2010-09-21,44.82294464111328,45.16826837572013,44.67714258754177,44.945726088157876,2983400,VTI
2010-09-22,44.585060119628906,44.99944865518395,44.43925804704813,44.71551707075149,4076300,VTI
2010-09-23,44.201385498046875,44.69251447555856,44.10162753165393,44.20906098921075,3749800,VTI
2010-09-24,45.14011764526367,45.163257570350524,44.67729854593308,44.72358133862015,2377700,VTI
2010-09-27,44.94727325439453,45.24810402490879,44.924133331282086,45.209536505550346,1903100,VTI
2010-09-28,45.20183181762695,45.29439741677198,44.538462678837114,45.00127890450701,3132100,VTI
2010-09-29,45.12470245361328,45.29440313094081,44.947289446640944,45.101562522164684,1842400,VTI
2010-09-30,45.024410247802734,45.66464227849787,44.816142103209614,45.410091343157426,2636800,VTI
2010-10-01,45.22495651245117,45.417797019395344,44.94726571164954,45.39465415765346,3235500,VTI
2010-10-04,44.82386779785156,45.31753924391926,44.62331193381536,45.132410980386915,4304800,VTI
2010-10-05,45.7572021484375,45.86519237779956,45.186395809662876,45.240390924343906,2023200,VTI
2010-10-06,45.7109260559082,45.86519909581359,45.525800762032546,45.74178125239198,1312200,VTI
2010-10-07,45.64921951293945,45.90376753270716,45.386956222640684,45.88062760614106,1157400,VTI
2010-10-08,45.95777130126953,46.081189162458166,45.55666251677798,45.71093263637834,1145100,VTI
2010-10-11,46.02719497680664,46.14290051879273,45.88835244594316,46.09661771349546,1040200,VTI
2010-10-12,46.18916320800781,46.30486575708952,45.60292636628077,45.9268999772379,1504000,VTI
2010-10-13,46.55170440673828,46.80625532772178,46.32801162035914,46.41285898484057,1612000,VTI
2010-10-14,46.42829895019531,46.605711938216515,46.11204050328555,46.54400448010707,1615200,VTI
2010-10-15,46.466861724853516,46.77540484931991,46.11974813512962,46.667414608631006,1934400,VTI
2010-10-18,46.72141647338867,46.82940672966638,46.4128703618691,46.50543596083325,2811800,VTI
2010-10-19,46.042625427246094,46.52858461413432,45.772649735927274,46.243181320095225,3053600,VTI
2010-10-20,46.50541687011719,46.72911256201494,46.104308266804445,46.104308266804445,1665500,VTI
2010-10-21,46.58256149291992,46.97595785179699,46.20459567322899,46.7522621138091,2393200,VTI
2010-10-22,46.72141647338867,46.74455640187281,46.53629116048797,46.690561273733955,792300,VTI
2010-10-25,46.87568664550781,47.28450771698517,46.82940384887291,46.999104494020614,1865900,VTI
2010-10-26,46.867977142333984,46.94511514621801,46.513151152009385,46.61342908580163,905500,VTI
2010-10-27,46.77540588378906,46.80626107967209,46.32801731353881,46.567137725348736,2228900,VTI
2010-10-28,46.77540588378906,47.068524359651015,46.536285471979134,47.01452923811242,1896900,VTI
2010-10-29,46.83711624145508,46.89882369066279,46.644275681096666,46.73683832616494,1665700,VTI
2010-11-01,46.84482955932617,47.3153610073485,46.56713867573834,47.0839529185298,1084000,VTI
2010-11-02,47.2150764465332,47.3153543498333,47.022235909232364,47.2150764465332,1004000,VTI
2010-11-03,47.40793228149414,47.42335988255798,46.82941048291339,47.323081946900054,1444800,VTI
2010-11-04,48.333560943603516,48.34898854249554,47.90931227287041,47.971019725924904,1676600,VTI
2010-11-05,48.54954147338867,48.61896419718935,48.31813337489095,48.39527136939927,1623900,VTI
2010-11-08,48.48783874511719,48.52640627487269,48.23328775220583,48.40298841414673,1005700,VTI
2010-11-09,48.10985565185547,48.67294965865938,47.90158752180257,48.59581462197891,1001800,VTI
2010-11-10,48.31812286376953,48.32583813279879,47.73960127211997,48.07128722006676,897200,VTI
2010-11-11,48.18699645996094,48.26413150116977,47.77817250251716,47.924733200332426,947900,VTI
2010-11-12,47.57762145996094,48.0558652073806,47.35392571233228,47.82445713233969,1219800,VTI
2010-11-15,47.508201599121094,47.917022654353154,47.49277400085583,47.72418208980769,804900,VTI
2010-11-16,46.752262115478516,47.29221622899804,46.52856637748264,47.23050584230407,2115400,VTI
2010-11-17,46.829402923583984,46.99138829483511,46.64427762572943,46.75226787323018,1101300,VTI
2010-11-18,47.48506164550781,47.65475934130046,47.27679348281758,47.27679348281758,2305100,VTI
2010-11-19,47.67790222167969,47.70104214781313,47.22279837180311,47.49277398507163,3205800,VTI
2010-11-22,47.68561935424805,47.68561935424805,47.122525202327964,47.45421124205694,2431800,VTI
2010-11-23,47.0068244934082,47.207380369041914,46.81398388972953,47.16109756485396,1481100,VTI
2010-11-24,47.762752532958984,47.762752532958984,47.32307625432812,47.32307625432812,924600,VTI
2010-11-26,47.438777923583984,47.61619088629415,47.30764775473825,47.37706753176474,351900,VTI
2010-11-29,47.36935043334961,47.469628338699906,46.79082880961915,47.122514775959,1372800,VTI
2010-11-30,47.076236724853516,47.353927602995086,46.82940104261955,46.89882376215494,2400700,VTI
2010-12-01,48.08672332763672,48.171573646900434,47.76274964885833,47.76274964885833,1611600,VTI
2010-12-02,48.70379638671875,48.71922397987648,48.132990152445224,48.14841480309043,1661400,VTI
2010-12-03,48.858070373535156,48.92749307290641,48.503244551198804,48.5340967956318,1549800,VTI
2010-12-06,48.84266662597656,48.950656890496376,48.711536431206504,48.79638382296206,1132400,VTI
2010-12-07,48.896644592285156,49.382600612021676,48.85807707456983,49.32089317217975,2037200,VTI
2010-12-08,49.03550720214844,49.120357536378876,48.72696106722211,48.99693967091115,937400,VTI
2010-12-09,49.21290588378906,49.336323713354474,48.996925417677886,49.336323713354474,1478600,VTI
2010-12-10,49.5291633605957,49.56001855305757,49.220620263516444,49.39031793703045,2079900,VTI
2010-12-13,49.54460906982422,49.80686945851443,49.52146325462095,49.74515905469507,9472500,VTI
2010-12-14,49.560028076171875,49.79914850741625,49.428897896781564,49.637163129635155,13621700,VTI
2010-12-15,49.34404373168945,49.72200958375908,49.26690574171666,49.52145375234326,16901300,VTI
2010-12-16,49.63715362548828,49.683439356725685,49.22062029702207,49.398033240028866,11039900,VTI
2010-12-17,49.72972106933594,49.814571380591765,49.53688052285025,49.637155488413285,17309800,VTI
2010-12-20,49.86084747314453,49.98426823841232,49.621727096720676,49.89941793354721,1739000,VTI
2010-12-21,50.161685943603516,50.246536261512745,49.99198530778507,50.069126240449386,1370400,VTI
2010-12-22,50.352455139160156,50.42224624565989,50.22837417226354,50.25939441398769,2097600,VTI
2010-12-23,50.28266143798828,50.39123524944863,50.18185008310447,50.329194761901725,1424100,VTI
2010-12-27,50.31368637084961,50.35246315830694,50.050023148962445,50.1353273481629,2789900,VTI
2010-12-28,50.36021423339844,50.43000534343855,50.22837672025638,50.406741640091845,715300,VTI
2010-12-29,50.43775177001953,50.53081248125301,50.39897499454594,50.46877200709736,6472400,VTI
2010-12-30,50.375736236572266,50.499817246315295,50.313695731700754,50.36797969433628,5767700,VTI
2010-12-31,50.352455139160156,50.40673908305089,50.20511047009696,50.26715095354527,5170800,VTI
2011-01-03,50.872039794921875,51.08917560855363,50.685924228452826,50.685924228452826,1465100,VTI
2011-01-04,50.7712287902832,51.0736688066376,50.43776852654538,51.04264855925417,1474900,VTI
2011-01-05,51.0504035949707,51.07366730069552,50.5540914844844,50.63939568314677,5170700,VTI
2011-01-06,50.93407440185547,51.15121019038883,50.825506507588784,51.1124393232973,4318100,VTI
2011-01-07,50.81776428222656,51.120204346663556,50.437776545255915,51.01939296402062,2944000,VTI
2011-01-10,50.85653305053711,50.92632416985048,50.45327575059134,50.65490440056423,1830000,VTI
2011-01-11,51.058143615722656,51.158960874935744,50.84876439117501,51.04263645396224,1090700,VTI
2011-01-12,51.515682220458984,51.538945920205485,51.25201315148575,51.383850644225134,4015900,VTI
2011-01-13,51.43813705444336,51.55446147527162,51.283035854503744,51.5234412352837,1468900,VTI
2011-01-14,51.77159881591797,51.77934943877171,51.31405765778924,51.37609813965517,1292800,VTI
2011-01-18,51.903419494628906,51.918926653583455,51.67077069477749,51.75607486028936,1288700,VTI
2011-01-19,51.28303146362305,51.88791721683819,51.174463591213865,51.87240413991956,1566600,VTI
2011-01-20,51.1279411315918,51.259772715606395,50.771217242578594,51.14344829350286,1857700,VTI
2011-01-21,51.213260650634766,51.53120785532983,51.14346360986758,51.41488931489728,1342000,VTI
2011-01-24,51.50018310546875,51.56221767564939,51.13570264181512,51.18223004857722,2149200,VTI
2011-01-25,51.53120422363281,51.53120422363281,51.11244567457261,51.36060173751918,1157500,VTI
2011-01-26,51.82587814331055,51.93444601865492,51.55445845494963,51.639756714286946,1396100,VTI
2011-01-27,51.98097610473633,52.058523745918805,51.740576642118924,51.849144523075545,1096900,VTI
2011-01-28,51.0504035949707,52.09731176813689,50.96509939630833,52.0430278159433,2088100,VTI
2011-01-31,51.38384246826172,51.47689725244127,51.05038235310764,51.1201734412423,1255200,VTI
2011-02-01,52.22914123535156,52.32995851136543,51.71732198088372,51.740585685654054,2355400,VTI
2011-02-02,52.16710662841797,52.322207871890704,52.097315506235844,52.11282267232938,1688900,VTI
2011-02-03,52.283416748046875,52.34545722842716,51.77159757617419,52.120564924428024,1807200,VTI
2011-02-04,52.43076705932617,52.461787302858795,52.0895502969738,52.345462868738075,1344000,VTI
2011-02-07,52.77974319458008,52.95035160403834,52.54710020427947,52.585871077742496,1359300,VTI
2011-02-08,53.04339599609375,53.058903157396415,52.686672121076114,52.85728047793361,1621900,VTI
2011-02-09,52.903812408447266,53.05115707771492,52.663412930384176,52.911568948015606,2110900,VTI
2011-02-10,52.965850830078125,53.02013477193097,52.52382275598901,52.64014126245515,1904400,VTI
2011-02-11,53.314823150634766,53.369107097546056,52.75647060154344,52.80299800846556,1559600,VTI
2011-02-14,53.454402923583984,53.49317970095577,53.25277433096068,53.32257134692879,1554800,VTI
2011-02-15,53.28379440307617,53.37685511857436,53.15196282683287,53.2915509418274,1598400,VTI
2011-02-16,53.632774353027344,53.69480892127507,53.37686179079684,53.47767314114237,1925900,VTI
2011-02-17,53.826663970947266,53.896455101658574,53.45442685762904,53.47769056786614,2054400,VTI
2011-02-18,53.927452087402344,53.997243188002614,53.71031633019398,53.896431848300345,1761600,VTI
2011-02-22,52.77198028564453,53.609503138880434,52.62463561786415,53.33808342178981,3178400,VTI
2011-02-23,52.32994842529297,52.841767581112805,51.980975171478576,52.717692540749624,3430300,VTI
2011-02-24,52.337711334228516,52.54709651897239,51.818135517505226,52.22914342973431,4472100,VTI
2011-02-25,52.99687576293945,53.00463230375853,52.500563647646736,52.593624387954286,3642300,VTI
2011-02-28,53.28379440307617,53.36909857982313,52.965847312342014,53.23726700357984,2694900,VTI
2011-03-01,52.384239196777344,53.50093837170917,52.36872611689268,53.46216750501039,1429600,VTI
2011-03-02,52.4927978515625,52.75646099813445,52.244641865639615,52.32994604047299,1592000,VTI
2011-03-03,53.4466552734375,53.508695760947994,52.98136345012187,53.01238369387711,1299000,VTI
2011-03-04,53.08993148803711,53.47767566126248,52.748714722316684,53.462168497596345,2721500,VTI
2011-03-07,52.609127044677734,53.36135169397302,52.314443600384436,53.2760475017948,1562800,VTI
2011-03-08,53.08216857910156,53.25277694149202,52.43851782531826,52.7021809915538,1123200,VTI
2011-03-09,53.00463104248047,53.1674828967632,52.702191039311565,53.01238758311497,1566500,VTI
2011-03-10,51.988731384277344,52.46177967548743,51.94220398399624,52.46177967548743,2239000,VTI
2011-03-11,52.337711334228516,52.516076272473036,51.73283131875877,51.73283131875877,2148700,VTI
2011-03-14,52.019771575927734,52.190379997737644,51.608763605117275,52.012015034070586,1622800,VTI
2011-03-15,51.46916198730469,51.756088879469324,50.5308218290105,50.6316331807837,4776300,VTI
2011-03-16,50.577354431152344,51.49243098047321,50.212873936248116,51.29855888033325,3839700,VTI
2011-03-17,51.15896987915039,51.414882467032726,50.90305729126805,51.29080148508728,1712000,VTI
2011-03-18,51.39936065673828,51.83363218678007,51.26752907319072,51.79486132388683,2604200,VTI
2011-03-21,52.20588302612305,52.283430689022964,51.95772695493886,51.95772695493886,1679300,VTI
2011-03-22,52.0352668762207,52.27567228690346,51.96547576494628,52.229138962880626,2036700,VTI
2011-03-23,52.15934371948242,52.29117530800574,51.60874774696789,51.89567462592969,1666700,VTI
2011-03-24,52.65565490722656,52.73320255120655,52.13607918440405,52.46953937837339,2419700,VTI
2011-03-25,52.84489822387695,53.109664974698056,52.68915377530806,52.821537150718605,1956100,VTI
2011-03-28,52.72028732299805,53.11744331072976,52.71250426102176,52.97727095866379,1739900,VTI
2011-03-29,53.109657287597656,53.117446291279684,52.50224570831797,52.73586828862663,1354200,VTI
2011-03-30,53.50680160522461,53.64697393452533,53.31211814459961,53.40556834455599,1276300,VTI
2011-03-31,53.50680160522461,53.63140187183312,53.41335140526823,53.49901260324465,1298400,VTI
2011-04-01,53.763790130615234,53.98962367860686,53.623617788457274,53.87281240326384,1707400,VTI
2011-04-04,53.81053924560547,53.966289671247694,53.66258376783441,53.849478337333835,1091500,VTI
2011-04-05,53.84165573120117,54.08306131370999,53.70927240797166,53.74042247366111,1317200,VTI
2011-04-06,53.981842041015625,54.160953479814715,53.76379746596913,54.09865333229598,1396900,VTI
2011-04-07,53.82610321044922,54.10644796216534,53.576908535731526,53.88839742317638,1506400,VTI
2011-04-08,53.60026168823242,54.11422302958967,53.36663911589897,54.03635081923479,1389100,VTI
2011-04-11,53.40559387207031,53.802744043867676,53.24984346436203,53.67036065326856,1138100,VTI
2011-04-12,52.95389938354492,53.17194390099201,52.75921592992895,53.070710643968006,1699900,VTI
2011-04-13,52.98506546020508,53.25762118937536,52.77480393965279,53.2031100435413,1521100,VTI
2011-04-14,53.0162239074707,53.08630713120948,52.49447343762572,52.67357897024941,1434300,VTI
2011-04-15,53.273189544677734,53.37442281394971,52.96169479295168,53.13301720346442,1376200,VTI
2011-04-18,52.63462829589844,52.735867518479246,52.229689229382,52.65020630303499,2323800,VTI
2011-04-19,52.93834686279297,52.946129926098,52.59570195674113,52.759235405192314,1048100,VTI
2011-04-20,53.70928192138672,53.78715412876992,53.553531565351726,53.600259642796516,1324700,VTI
2011-04-21,53.97407150268555,53.981860509107406,53.732665775047884,53.92734934669661,985400,VTI
2011-04-25,53.919532775878906,54.01298298135488,53.74821036980699,53.97404391042288,886800,VTI
2011-04-26,54.39455795288086,54.51136921803018,54.04413009870062,54.122002295044254,1400000,VTI
2011-04-27,54.752784729003906,54.830662880724994,54.28554552502149,54.51137909422124,2148700,VTI
2011-04-28,54.91631317138672,54.99419131604279,54.66711855578484,54.71384663083214,2221400,VTI
2011-04-29,55.0565071105957,55.13438528580046,54.86961256089964,54.96306280638298,1713200,VTI
2011-05-02,54.96304702758789,55.375775096096405,54.846235739585566,55.3212639538645,1506000,VTI
2011-05-03,54.659358978271484,54.908553700937794,54.371225166547276,54.84625353495351,1150000,VTI
2011-05-04,54.25438690185547,54.67490390154495,54.00519230292109,54.651542836217956,1715100,VTI
2011-05-05,53.818294525146484,54.34783375793385,53.57688894327509,53.94288884630777,1500000,VTI
2011-05-06,54.05195236206055,54.620425092324766,53.84169076715188,54.347869266768534,1709600,VTI
2011-05-09,54.34006881713867,54.48024120380343,54.02079090051182,54.12202420260908,1165500,VTI
2011-05-10,54.82288360595703,54.92411690338257,54.48023868964003,54.526960835948756,2353500,VTI
2011-05-11,54.26219177246094,54.7995201971893,54.0052080961761,54.7839421882371,1841800,VTI
2011-05-12,54.5191764831543,54.620409778185895,53.787164521522,54.09865935251041,1859900,VTI
2011-05-13,54.020782470703125,54.60483300045495,53.872821101959836,54.558104918011736,1906700,VTI
2011-05-16,53.64699172973633,54.26219238233131,53.57690851247257,53.80273617339114,1654300,VTI
2011-05-17,53.60026168823242,53.67034489517117,53.164166615961236,53.39000018487855,2058300,VTI
2011-05-18,54.114219665527344,54.1687308035139,53.52238615060711,53.63919148824371,1430500,VTI
2011-05-19,54.246620178222656,54.402364621486285,53.94290841370013,54.316703395310384,1343800,VTI
2011-05-20,53.84165573120117,54.18430051251759,53.693694404493165,54.09085031544924,1274200,VTI
2011-05-23,53.15637969970703,53.335485176410316,53.000629349021146,53.14859069685564,1400000,VTI
2011-05-24,53.101871490478516,53.428938333051725,52.99284920962077,53.31991605219399,984700,VTI
2011-05-25,53.319923400878906,53.537967992645825,52.86825620863626,52.91497835222359,1159000,VTI
2011-05-26,53.639198303222656,53.7248595225519,53.10965892067331,53.19532014000256,1121100,VTI
2011-05-27,53.888389587402344,54.020778880712676,53.75600623536084,53.818306380298786,937900,VTI
2011-05-31,54.47245407104492,54.47245407104492,54.01300375196039,54.41794291553879,1606000,VTI
2011-06-01,53.2342414855957,54.36340308604795,53.18751936016842,54.33225302200736,1760600,VTI
2011-06-02,53.13302993774414,53.374435606086614,52.844896183619205,53.24205223578717,1726500,VTI
2011-06-03,52.587913513183594,52.99285857761391,52.455530140349346,52.51004129041461,2139800,VTI
2011-06-06,51.98049545288086,52.564545963587385,51.91041224340521,52.45552367689036,1893100,VTI
2011-06-07,51.957130432128906,52.401008548861704,51.94155242591732,52.206325060096994,1369600,VTI
2011-06-08,51.6845817565918,52.01943764040237,51.60670359749261,51.871476267637185,1482500,VTI
2011-06-09,52.05057144165039,52.28419399003136,51.69235455772957,51.83252689850452,1047900,VTI
2011-06-10,51.31078338623047,51.86368381976001,51.18618903422965,51.848111753735786,1743300,VTI
2011-06-13,51.302982330322266,51.59111598486767,51.04600468304403,51.4042215301378,2814600,VTI
2011-06-14,52.01165008544922,52.190755597321264,51.7702444210697,51.79360549294261,1577100,VTI
2011-06-15,51.0849494934082,51.77023921959872,50.95256613858283,51.59112778445285,3630600,VTI
2011-06-16,51.170623779296875,51.45875757333812,50.757895602204336,51.100540552818735,3040000,VTI
2011-06-17,51.33414077758789,51.69235768316731,51.155035295432455,51.67678561825889,5544400,VTI
2011-06-20,51.5755615234375,51.692366884213016,51.13946639188698,51.1784054729919,3463200,VTI
2011-06-21,52.36207580566406,52.439948022331706,51.79360327684789,51.84032541859462,1916700,VTI
2011-06-22,52.073944091796875,52.53339429445522,52.050577081412364,52.23747751687538,1946600,VTI
2011-06-23,51.988285064697266,51.996068127217356,51.0849507457622,51.44316768356673,2929500,VTI
2011-06-24,51.39628601074219,52.02192193240001,51.32589846419978,52.00628357014794,1942200,VTI
2011-06-27,51.83422088623047,52.029733189492696,51.310249345462594,51.41973575796448,1569800,VTI
2011-06-28,52.55369186401367,52.55369186401367,51.98279941952915,52.06100312837573,1814100,VTI
2011-06-29,53.01511764526367,53.077683015199064,52.56934982595761,52.74921780631928,2576800,VTI
2011-06-30,53.49214553833008,53.562527074835465,53.101121091363574,53.16368643485251,1973000,VTI
2011-07-01,54.258567810058594,54.328955336081094,53.39831493946454,53.51562350512771,2021300,VTI
2011-07-05,54.25074768066406,54.37587243281997,54.08651808726884,54.235103357543906,2259400,VTI
2011-07-06,54.36024475097656,54.43062631915488,53.98485848767216,54.12562759059103,1753600,VTI
2011-07-07,54.946781158447266,55.07190593397398,54.7356245228128,54.8607552649017,1558900,VTI
2011-07-08,54.555755615234375,54.57139397444953,54.12562615479176,54.35242114606495,1598100,VTI
2011-07-11,53.546897888183594,54.070869304835725,53.40612882451699,53.8675348869705,1961300,VTI
2011-07-12,53.31230163574219,53.8362732572418,53.2575584210566,53.36704485042778,2108900,VTI
2011-07-13,53.5156364440918,54.05525239667333,53.37486732457326,53.58601802056959,1904000,VTI
2011-07-14,53.062042236328125,53.87537420016862,52.96037797830899,53.640757030509114,2059600,VTI
2011-07-15,53.3983154296875,53.42177594972321,52.99946868939573,53.31228954518218,4489000,VTI
2011-07-18,52.905635833740234,53.21063458050639,52.50678902390658,53.15589136869099,4783200,VTI
2011-07-19,53.79716873168945,53.83626761433073,53.20280962985659,53.20280962985659,1841300,VTI
2011-07-20,53.76587677001953,53.96138904918324,53.63292985216291,53.945750692137096,1390000,VTI
2011-07-21,54.422813415527344,54.57140470682358,53.930124454766585,54.0239725282005,2111200,VTI
2011-07-22,54.51664733886719,54.56356838012391,54.156905433921686,54.43062145218873,1162700,VTI
2011-07-25,54.16473388671875,54.454088296821524,53.89101783666379,53.96139940672261,3126000,VTI
2011-07-26,53.937923431396484,54.19600104747031,53.82061488167559,54.13343569207775,1500300,VTI
2011-07-27,52.749210357666016,53.64074587038546,52.694467158343286,53.61728535161304,2134000,VTI
2011-07-28,52.569358825683594,53.24192175122478,52.50679344503718,52.7335884749581,2786000,VTI
2011-07-29,52.27997589111328,52.73356575553308,51.787287155556925,52.0610031197549,5091800,VTI
2011-08-01,52.04536437988281,52.99164297286389,51.56049184220172,52.91343926460836,5148500,VTI
2011-08-02,50.66896057128906,51.99062542480003,50.66896057128906,51.709087278885725,3528500,VTI
2011-08-03,50.95050811767578,50.9974291617982,49.793072641305464,50.7080688010651,5828400,VTI
2011-08-04,48.39320373535156,50.27011996348388,48.361921052395815,50.254481605286855,7792400,VTI
2011-08-05,48.18986892700195,49.12832852584547,46.922950109367655,49.00320077821839,7689700,VTI
2011-08-08,44.85051727294922,47.38435781542164,44.80359623354835,46.82128147636538,11876100,VTI
2011-08-09,47.09498977661133,47.11845029098627,44.12320131354333,45.59345420773402,9100300,VTI
2011-08-10,45.092960357666016,46.7039829124418,44.98347393823798,46.203471861752945,6008700,VTI
2011-08-11,47.15756607055664,47.75192513202451,45.265008442255294,45.43705723728573,5850900,VTI
2011-08-12,47.470401763916016,47.86924566701009,47.087196224386375,47.564246861711936,3018800,VTI
2011-08-15,48.502689361572266,48.541791222997034,47.81448526402938,47.87705062893364,2803500,VTI
2011-08-16,48.04127502441406,48.50268409903738,47.540764092608526,48.04909420253831,3085300,VTI
2011-08-17,48.04910659790039,48.682567587477735,47.65808195864354,48.330644815490324,2398600,VTI
2011-08-18,45.90629959106445,46.79783541448258,45.44489033362925,46.75091137730417,5826100,VTI
2011-08-19,45.085140228271484,46.42244372303475,45.0225748566123,45.21808716812557,4061700,VTI
2011-08-22,45.092960357666016,46.125265145532076,44.9678325949938,46.1096238022879,2330500,VTI
2011-08-23,46.64139938354492,46.66485989763821,45.00691694179223,45.288455044031735,3714000,VTI
2011-08-24,47.30615234375,47.360895543212486,46.42243600727172,46.5710242653441,3163200,VTI
2011-08-25,46.51628875732422,47.83013172822837,46.367700474682856,47.60333673108014,3379100,VTI
2011-08-26,47.2905158996582,47.478206036310475,45.56218490690631,46.273849556881466,2649000,VTI
2011-08-29,48.76858901977539,48.78423036190716,47.884872580656705,47.91615526492025,1942400,VTI
2011-08-30,48.901519775390625,49.22215972481549,48.18985535187301,48.54960013533113,2465000,VTI
2011-08-31,49.0970458984375,49.667941434084355,48.73730399651442,49.269097670348906,4318100,VTI
2011-09-01,48.541786193847656,49.57409074157016,48.471401657262916,49.12050382613111,3652400,VTI
2011-09-02,47.21231460571289,47.78321022704584,47.06372631521186,47.5016749897725,2225600,VTI
2011-09-06,46.91512680053711,46.95422865886341,45.75769150777092,45.77333284775755,2405600,VTI
2011-09-07,48.31499099731445,48.32281315871746,47.486020885424544,47.64242831411892,1325200,VTI
2011-09-08,47.73627853393555,48.56524868372876,47.65025265425196,47.978711849464986,2727300,VTI
2011-09-09,46.49283218383789,47.41565061043773,46.2347544789651,47.19667477449923,2610800,VTI
2011-09-12,46.8212776184082,46.8212776184082,45.757690391508106,45.882818125068084,2692100,VTI
2011-09-13,47.2905158996582,47.46256469437596,46.64141363414016,46.97769502752983,1683700,VTI
2011-09-14,47.96307373046875,48.54178840584311,46.8212797534771,47.5642270105534,2517200,VTI
2011-09-15,48.79987716674805,48.80769634704874,48.041288396485335,48.447954387591054,3961800,VTI
2011-09-16,49.03447723388672,49.23780867922865,48.56524600241386,48.979734037706955,1550500,VTI
2011-09-19,48.51832580566406,48.768581273460306,47.86140445687881,48.205504979278516,2066400,VTI
2011-09-20,48.346282958984375,49.15961487079119,48.31500027392695,48.69038354477293,3733600,VTI
2011-09-21,46.77437210083008,48.48705908150179,46.38334743081796,48.33064861684065,4794000,VTI
2011-09-22,45.33539581298828,45.92975192819239,44.69411566897288,45.468342753031926,7423500,VTI
2011-09-23,45.59955596923828,45.8668638310914,44.915563469451094,45.04135522802244,4869000,VTI
2011-09-26,46.6766471862793,46.73954456390398,45.33224723022801,46.09486143881113,2532000,VTI
2011-09-27,47.266300201416016,48.0996725236719,46.98326797879657,47.596505460842785,3318600,VTI
2011-09-28,46.189205169677734,47.620087540962615,46.11844711838949,47.38422836970582,2326600,VTI
2011-09-29,46.52728271484375,47.18769035895372,45.66246453763173,47.022589197704434,2724200,VTI
2011-09-30,45.37942123413086,46.29927290822763,45.324387527088085,45.882588269443154,2520500,VTI
2011-10-03,43.877784729003906,45.654593856401654,43.84633603670354,45.11211741022593,4172100,VTI
2011-10-04,44.97846984863281,45.088537291857754,42.91076745293476,43.303867178231215,4981800,VTI
2011-10-05,45.898319244384766,46.016247348320725,44.71115653728675,45.127844235375555,7841300,VTI
2011-10-06,46.78669738769531,46.826009733805854,45.520919619286595,45.83539739439442,2284500,VTI
2011-10-07,46.3621711730957,47.069748705357114,46.118448323597654,47.05402436031412,3014200,VTI
2011-10-10,47.95815658569336,47.95815658569336,47.164096624129805,47.1719572974033,1636300,VTI
2011-10-11,47.9974479675293,48.17041270586595,47.59648780033477,47.643657820527565,2688300,VTI
2011-10-12,48.453453063964844,49.02737806710366,48.319797652761736,48.40628003663816,2856600,VTI
2011-10-13,48.39057540893555,48.5478158983073,47.79306514825836,48.186164872131286,2149100,VTI
2011-10-14,49.271087646484375,49.271087646484375,48.390545646337834,48.99591920866078,1654500,VTI
2011-10-17,48.27263259887695,49.058831807333505,48.15470151796368,49.043107463270935,3651800,VTI
2011-10-18,49.24751663208008,49.59344619406042,47.800910006911806,48.217597615741596,2640900,VTI
2011-10-19,48.594974517822266,49.45193178141358,48.484904108561075,49.18462392857467,2146000,VTI
2011-10-20,48.81510543823242,48.980206540266124,48.02104561480003,48.76793240946061,1829000,VTI
2011-10-21,49.734954833984375,49.82930088740784,49.27109723487638,49.39689197277432,1808400,VTI
2011-10-24,50.5683479309082,50.66269402342402,49.83718220903144,49.87649158135659,1737600,VTI
2011-10-25,49.538421630859375,50.31676033693083,49.42835419748036,50.28531164193321,3056600,VTI
2011-10-26,50.07304382324219,50.230284319133006,49.13746752131699,50.10449252224295,1772900,VTI
2011-10-27,51.802669525146484,52.16432047029053,51.008606581338675,51.441018580002435,5321400,VTI
2011-10-28,51.84983444213867,51.93631683333179,51.53535956313516,51.61397828288604,1285900,VTI
2011-10-31,50.536888122558594,51.299502374275214,50.53688812255859,51.22088364690971,1729900,VTI
2011-11-01,49.19247817993164,49.75067882946084,48.87013666409391,49.058825770514055,2837000,VTI
2011-11-02,50.00226974487305,50.14378584596574,49.459793356759086,49.92365102164912,2117800,VTI
2011-11-03,50.977149963378906,51.047911005894775,49.805714910380495,50.53688035918589,2056700,VTI
2011-11-04,50.70198440551758,50.796330468277176,50.05730130555327,50.552610637261346,1625300,VTI
2011-11-07,50.96145248413086,50.9771738352612,50.1202192403397,50.66269882684403,1455000,VTI
2011-11-08,51.57467269897461,51.62184873560145,50.6548209607835,51.236606761234555,1909600,VTI
2011-11-09,49.60917663574219,50.58406212764778,49.530557902209054,50.34820592704838,1885800,VTI
2011-11-10,50.0494499206543,50.30889714271971,49.53055847563594,50.27744844929739,1363100,VTI
2011-11-11,51.04005432128906,51.14226406355546,50.623369674824154,50.67053971080907,1234100,VTI
2011-11-14,50.536888122558594,50.906402739223296,50.31675328664542,50.85923270244888,1189700,VTI
2011-11-15,50.84349822998047,51.07936037723443,50.20667882990777,50.379643604797536,1076700,VTI
2011-11-16,49.99440002441406,50.92997585755504,49.90791764505175,50.308880858620384,3342400,VTI
2011-11-17,49.17674255371094,50.04156317762012,48.87012545035721,49.90790779975949,1795500,VTI
2011-11-18,49.105995178222656,49.4204760185846,48.90944540277433,49.373302992796845,2139800,VTI
2011-11-21,48.19401168823242,48.42201018230212,47.761602716139166,48.3748371493219,2008400,VTI
2011-11-22,47.96601486206055,48.34339314080063,47.706570669427876,48.05249725930881,1586600,VTI
2011-11-23,46.896785736083984,47.5729145613619,46.87319771955293,47.51002018187394,2141900,VTI
2011-11-25,46.74740219116211,47.313466556459524,46.739541519027135,46.77099020579073,1011000,VTI
2011-11-28,48.154701232910156,48.319802345921836,47.77732597497833,48.028909480266215,1887100,VTI
2011-11-29,48.30408477783203,48.6107050295804,48.11539862195405,48.31980912400726,1229700,VTI
2011-11-30,50.34819793701172,50.43468032964125,49.617032434559036,49.69565115561573,2363400,VTI
2011-12-01,50.34819793701172,50.63909380296779,50.12806011965145,50.27743988841591,1561400,VTI
2011-12-02,50.32461929321289,51.00075117672327,50.28530692859439,50.82778636956136,1746900,VTI
2011-12-05,50.87495040893555,51.299498704205504,50.591918212088906,51.05577886734134,2032800,VTI
2011-12-06,50.898536682128906,51.21301757508008,50.67840185653033,50.92212169941102,1241400,VTI
2011-12-07,51.03218078613281,51.22873053927942,50.301012465387295,50.72555765285944,3885800,VTI
2011-12-08,49.876487731933594,50.80420624206138,49.75069595073388,50.70986015682712,1964600,VTI
2011-12-09,50.7648811340332,50.874948540072076,50.02585497983514,50.08088868285458,2099300,VTI
2011-12-12,49.98655700683594,50.31675930016927,49.58559365165968,50.277449931788524,1369700,VTI
2011-12-13,49.45193099975586,50.552611082074016,49.22393251141522,50.29316390587013,1525300,VTI
2011-12-14,48.885868072509766,49.412620113923914,48.78366133346223,49.216070307585134,1896300,VTI
2011-12-15,49.066688537597656,49.467648782086506,48.95662113711491,49.45978811024276,5062400,VTI
2011-12-16,49.23179626464844,49.75855132242929,49.09028015951998,49.41262173250988,1320400,VTI
2011-12-19,48.65787124633789,49.5384135691869,48.555664503784655,49.459794843599575,2382900,VTI
2011-12-20,50.183101654052734,50.2538567103476,49.381178025809454,49.45979675443414,2053200,VTI
2011-12-21,50.27875900268555,50.37363865927206,49.669942091929784,50.17597094861772,1728200,VTI
2011-12-22,50.800601959228516,50.80851035675982,50.41317191678267,50.49224081124607,1636000,VTI
2011-12-23,51.18803024291992,51.18803024291992,50.78479244401584,50.93501580676168,3194000,VTI
2011-12-27,51.19594192504883,51.34617132977241,51.01408495973395,51.108967641507846,3100800,VTI
2011-12-28,50.571311950683594,51.2512894329601,50.45271312090505,51.21966187188439,2096300,VTI
2011-12-29,51.06943130493164,51.093156499454906,50.60293836242638,50.634565922783736,1565200,VTI
2011-12-30,50.84015655517578,51.116890246837755,50.83224815474485,50.97456920079131,1267600,VTI
2012-01-03,51.559654235839844,51.96289812746327,51.504307508153566,51.71779205232986,2230400,VTI
2012-01-04,51.5833740234375,51.67034831547257,51.21175769062236,51.51221652941297,1647400,VTI
2012-01-05,51.812686920166016,51.86803366730467,51.061551632949495,51.34619377033203,1146300,VTI
2012-01-06,51.69407272338867,51.86802132510213,51.47268578751394,51.83639375821408,1640000,VTI
2012-01-09,51.812686920166016,51.88385047068316,51.54386158616196,51.812686920166016,1978900,VTI
2012-01-10,52.32659912109375,52.49263928214431,52.23171644377625,52.34240988447662,1368200,VTI
2012-01-11,52.42148971557617,52.453111247117675,52.08940331098028,52.15265843874531,1825300,VTI
2012-01-12,52.547996520996094,52.5875324858773,52.10522266956482,52.56381331988509,945000,VTI
2012-01-13,52.302879333496094,52.302879333496094,51.78894206077611,52.168466733161026,1294700,VTI
2012-01-17,52.42148971557617,52.832635981366835,52.32660702392863,52.76147848688693,2181700,VTI
2012-01-18,53.05401611328125,53.06192451132605,52.31869193596131,52.44520217531711,2007300,VTI
2012-01-19,53.378196716308594,53.42563504224218,53.101463094461806,53.26750326756988,4201300,VTI
2012-01-20,53.39399337768555,53.39399337768555,53.14097898563518,53.25958080148293,1537600,VTI
2012-01-23,53.40983581542969,53.6944778972013,53.125193733658065,53.39401901514135,3387500,VTI
2012-01-24,53.401912689208984,53.42563185075886,52.98285808225395,53.10145992234353,1551900,VTI
2012-01-25,53.89214324951172,53.99492831739367,53.14100211050161,53.3544866783954,1737900,VTI
2012-01-26,53.61539840698242,54.24002921885172,53.394011492869964,54.14515255985551,2632700,VTI
2012-01-27,53.654937744140625,53.76563120815835,53.32285735208745,53.35448491785557,2056600,VTI
2012-01-30,53.44143295288086,53.51259645700531,52.93540415683241,53.14888863686668,1760300,VTI
2012-01-31,53.417728424072266,53.797253141211044,53.18843312051728,53.76562557875442,2250500,VTI
2012-02-01,54.03445816040039,54.25585112770863,53.789352058450355,53.86841795917538,1993200,VTI
2012-02-02,54.129337310791016,54.26374993644272,53.91585878959954,54.15305647621882,19893800,VTI
2012-02-03,54.93581008911133,54.951620850954164,54.603723767016746,54.706514832183444,2399700,VTI
2012-02-06,54.90419387817383,54.92791304200903,54.63536261257985,54.74605606537127,2289600,VTI
2012-02-07,55.03072738647461,55.11770172172339,54.58004493670547,54.7935295895321,1967000,VTI
2012-02-08,55.1493034362793,55.22836933151183,54.78559549233674,55.07814594027236,2407100,VTI
2012-02-09,55.236297607421875,55.31536353110614,54.88840030439914,55.252108379221404,1780800,VTI
2012-02-10,54.80141067504883,54.85675740940627,54.587932137482035,54.73816157317006,1365200,VTI
2012-02-13,55.2204704284668,55.27582320022375,54.95955353256407,55.20465965963779,1499600,VTI
2012-02-14,55.14139175415039,55.17301931682865,54.785592230616345,55.10976419147213,1875500,VTI
2012-02-15,54.90419387817383,55.426033579570415,54.77768362793178,55.34696768933951,2022900,VTI
2012-02-16,55.560455322265625,55.59999129004542,54.83303936091456,54.912105264132414,1601500,VTI
2012-02-17,55.639522552490234,55.75811838111671,55.48929312644172,55.72649684837714,2093300,VTI
2012-02-21,55.61581802368164,55.8846494106073,55.44977776955556,55.805583484691574,1525900,VTI
2012-02-22,55.44185256958008,55.67114788295617,55.33906147910814,55.513010063899735,1781800,VTI
2012-02-23,55.750213623046875,55.76602438873856,55.204648705398746,55.41022485343645,1500800,VTI
2012-02-24,55.82928466796875,55.96369730194471,55.71859120088955,55.860912234611604,1267400,VTI
2012-02-27,55.87671661376953,56.05066519424811,55.32324934164754,55.45766196025705,1350500,VTI
2012-02-28,56.03485870361328,56.09810780215168,55.79765497898506,55.932067607848445,1839300,VTI
2012-02-29,55.67113494873047,56.28785721891335,55.663226551529775,56.12181707173639,2211400,VTI
2012-03-01,56.098114013671875,56.20880748879735,55.82928872617915,55.87672706342093,2413800,VTI
2012-03-02,55.82136917114258,56.113919601138164,55.69486495299635,56.058572874635296,1609400,VTI
2012-03-05,55.5683479309082,55.742296487959926,55.37068021286579,55.69485816597856,2700400,VTI
2012-03-06,54.67490005493164,55.04651638465828,54.53257903572443,55.03860798571874,2393600,VTI
2012-03-07,55.1493034362793,55.21255856540177,54.79350389156233,54.87256978679486,1411000,VTI
2012-03-08,55.71858596801758,55.821371025697516,55.33115886962601,55.52091821932011,1697300,VTI
2012-03-09,55.99530792236328,56.145537310366535,55.758104260499174,55.82135937464157,1462200,VTI
2012-03-12,55.95580291748047,56.09022161746588,55.78186030588959,56.02696646833663,1431600,VTI
2012-03-13,56.991573333740234,56.99157333374023,56.17718308023346,56.27996814978327,1521000,VTI
2012-03-14,56.872962951660156,57.12597742004701,56.6990143735803,57.00737556841613,1893700,VTI
2012-03-15,57.205055236816406,57.23668280600127,56.793908902097236,56.959949116061246,1713900,VTI
2012-03-16,57.29201126098633,57.355266379170104,57.16550705695886,57.323638820078216,1178200,VTI
2012-03-19,57.50550842285156,57.711078553645784,57.189238794721675,57.25249392681594,1963700,VTI
2012-03-20,57.30782699584961,57.386892875945655,56.99155744312543,57.19712752490716,1547300,VTI
2012-03-21,57.24457931518555,57.41061949465867,57.09434990084954,57.33155360429158,2033400,VTI
2012-03-22,56.78599166870117,56.944123457686196,56.58832391629935,56.80971083381482,1823700,VTI
2012-03-23,57.01529312133789,57.070639856673154,56.493447303312465,56.80180854765777,1260600,VTI
2012-03-26,57.80777359008789,57.80777359008789,57.442499375109506,57.442499375109506,1585200,VTI
2012-03-27,57.61720275878906,57.91895054157609,57.6013241662199,57.847481729466814,2398100,VTI
2012-03-28,57.331302642822266,57.696576676689,56.9580984051155,57.569523785219644,2864300,VTI
2012-03-29,57.22811508178711,57.307520163086366,56.72785761720435,57.013720756457175,1567300,VTI
2012-03-30,57.378971099853516,57.55366585921511,57.140749871957254,57.5457235360939,1244400,VTI
2012-04-02,57.863338470458984,58.01420623086374,57.243964611064484,57.37895984477525,2391100,VTI
2012-04-03,57.67277145385742,57.91893500930925,57.331324252104636,57.799824393215474,1861200,VTI
2012-04-04,57.029571533203125,57.24396575396208,56.81517731244417,57.23602949045664,2402000,VTI
2012-04-05,56.989871978759766,57.148688138824106,56.77547773544422,56.870767431482825,1198700,VTI
2012-04-09,56.322853088378906,56.54518961796317,56.14021604866837,56.21962714484795,1735700,VTI
2012-04-10,55.26679229736328,56.34671863219696,55.242971372924735,56.20378702734483,5396000,VTI
2012-04-11,55.72732162475586,55.981421451426534,55.663795153533755,55.87819547935392,2120500,VTI
2012-04-12,56.569034576416016,56.60079781675021,55.79879265841299,55.8384982233854,1428600,VTI
2012-04-13,55.87819290161133,56.41815576565445,55.84642966746556,56.41815576565445,1567400,VTI
2012-04-16,55.8226203918457,56.2593513213911,55.61616235597369,56.17994624858455,1439000,VTI
2012-04-17,56.67225646972656,56.823124261514074,56.15611450864072,56.203756331498084,1287900,VTI
2012-04-18,56.47373962402344,56.65637064666219,56.36257133418661,56.48167588885648,1873500,VTI
2012-04-19,56.148170471191406,56.75165979456928,55.87819207228551,56.441975839016095,2368300,VTI
2012-04-20,56.235511779785156,56.608722162406714,56.21963319377043,56.42608510304544,1219600,VTI
2012-04-23,55.75114059448242,55.78290382898681,55.354109250503875,55.6796778605107,2151700,VTI
2012-04-24,55.93376922607422,56.092579316380544,55.7273112621027,55.83847953696045,2764700,VTI
2012-04-25,56.759613037109375,56.77549162789263,56.45786528826071,56.489628528045756,1536200,VTI
2012-04-26,57.17251205444336,57.24397478656707,56.61667061053433,56.68019101968295,1029400,VTI
2012-04-27,57.307498931884766,57.450430448558116,56.9898726661421,57.29162034479534,1252600,VTI
2012-04-30,57.013694763183594,57.251909898476036,56.89458416642906,57.172504853378555,1108900,VTI
2012-05-01,57.378971099853516,57.799823352015096,56.958118847691935,57.0137029931054,2125400,VTI
2012-05-02,57.25189971923828,57.2995475843984,56.84692618556277,57.069268753807044,1403700,VTI
2012-05-03,56.751651763916016,57.291614543537655,56.60872026171569,57.275729899839554,1432600,VTI
2012-05-04,55.80671310424805,56.481665036636215,55.76701361305831,56.44196554544648,1771800,VTI
2012-05-07,55.84642791748047,56.029058935323945,55.58438578765225,55.6558485185778,1105600,VTI
2012-05-08,55.63997268676758,55.719377744467714,54.9094364627782,55.536746717579156,1909000,VTI
2012-05-09,55.30645751953125,55.647904656510185,54.78237333142646,55.028536840180124,2191700,VTI
2012-05-10,55.44938659667969,55.759070491310034,55.32233368697689,55.73524958529481,2928000,VTI
2012-05-11,55.29853439331055,55.774970874469545,55.044434532811174,55.06825544813634,1075400,VTI
2012-05-14,54.671234130859375,55.04444469510519,54.57595045196745,54.79828711367483,1631300,VTI
2012-05-15,54.377418518066406,54.94913859583637,54.266244162097344,54.63151834981456,1185200,VTI
2012-05-16,54.12332534790039,54.84591937222119,54.107440698713475,54.59181950919803,1893600,VTI
2012-05-17,53.18632507324219,54.19478208898917,53.18632507324219,54.12331935022303,2499400,VTI
2012-05-18,52.741641998291016,53.50394144767005,52.64635835350457,53.37689456854896,4340800,VTI
2012-05-21,53.71833419799805,53.71833419799805,52.77339779885487,52.90045071829652,2172400,VTI
2012-05-22,53.734230041503906,54.20273025964119,53.424546023675276,53.80569884619745,1907800,VTI
2012-05-23,53.829505920410156,53.90891097103762,52.85280622886294,53.38483279032272,1777100,VTI
2012-05-24,53.9327507019043,54.051861348521356,53.464256498954796,53.988334862563036,1193600,VTI
2012-05-25,53.80568313598633,54.05978292406939,53.670687890585306,53.940672323170524,692900,VTI
2012-05-29,54.456809997558594,54.54415736089474,54.04389408756658,54.20271022918518,2231400,VTI
2012-05-30,53.5992431640625,54.02009551144308,53.50395343970093,53.996274594907405,962400,VTI
2012-05-31,53.464237213134766,53.8612685198269,53.00367944339982,53.60716872587261,1701100,VTI
2012-06-01,52.09050750732422,52.781344178915035,52.066686597651625,52.59870710772995,2883200,VTI
2012-06-04,52.04286193847656,52.31284030627114,51.566425604698864,52.1222669844034,3083000,VTI
2012-06-05,52.43988800048828,52.5272353597683,51.88404061795943,51.92374616607437,1918900,VTI
2012-06-06,53.66276168823242,53.66276168823242,52.81311479456442,52.852814296829756,1571300,VTI
2012-06-07,53.5992431640625,54.313900951227104,53.53571668115479,54.298016301390746,2965700,VTI
2012-06-08,54.06771469116211,54.06771469116211,53.2895368053505,53.472167794417665,1076900,VTI
2012-06-11,53.31336975097656,54.560047960687555,53.23396469178955,54.51240613681888,1439700,VTI
2012-06-12,53.89303207397461,53.93273156995131,53.17837450600714,53.40071106977102,1324600,VTI
2012-06-13,53.49601745605469,54.059801363851236,53.329264981203785,53.718354089189226,1517100,VTI
2012-06-14,54.051841735839844,54.25035738876392,53.456294777067605,53.59922628950162,1638500,VTI
2012-06-15,54.60768508911133,54.67121155428569,54.1788965947273,54.2185960917984,3736600,VTI
2012-06-18,54.76649856567383,54.901487753885064,54.25829898564117,54.43299372719306,1790500,VTI
2012-06-19,55.346168518066406,55.57644743117868,54.98884272150257,55.07619010434576,1461100,VTI
2012-06-20,55.242923736572266,55.528786699774926,54.8617710995635,55.36203431427598,1764800,VTI
2012-06-21,53.996246337890625,55.36203471457531,53.94860452975092,55.29850826491191,1732700,VTI
2012-06-22,54.43300247192383,54.52828612210185,54.07567060910273,54.274186291264066,1218300,VTI
2012-06-25,53.54389572143555,53.87111579190367,53.34437307035442,53.85515665895434,3125500,VTI
2012-06-26,53.799320220947266,53.97489513598053,53.37632685273342,53.67960534650755,2155800,VTI
2012-06-27,54.31806182861328,54.39787578554627,53.934981626715086,53.95094076473167,2700300,VTI
2012-06-28,54.20634078979492,54.254230391634394,53.55988900999923,53.9589345212709,1266600,VTI
2012-06-29,55.62693786621094,55.62693786621094,55.044334871140954,55.21991585780342,2008600,VTI
2012-07-02,55.778564453125,55.82644795174107,55.37153644803997,55.76260531656946,1567800,VTI
2012-07-03,56.233489990234375,56.25743174551722,55.73867138823525,55.82646188357301,1297100,VTI
2012-07-05,56.002052307128906,56.257441221414815,55.77060515215855,56.041959298622835,1128100,VTI
2012-07-06,55.47530746459961,55.5790571032312,55.18001160071579,55.499249220518344,2093000,VTI
2012-07-09,55.339622497558594,55.459337355571364,55.10019887048367,55.387512094134074,1117200,VTI
2012-07-10,54.844825744628906,55.72272480692337,54.653285570244314,55.62695167525489,1234800,VTI
2012-07-11,54.804908752441406,55.02837326328073,54.50961897266856,54.87674011032619,854400,VTI
2012-07-12,54.58941650390625,54.796921834168856,54.126522339839696,54.469701656102814,1466600,VTI
2012-07-13,55.44337844848633,55.49924457059978,54.685188403860124,54.70115363243576,2240100,VTI
2012-07-16,55.307708740234375,55.46732450466736,55.076261619540766,55.33165049600421,670900,VTI
2012-07-17,55.67481994628906,55.770586952299205,54.91662997799195,55.53116334832382,1976200,VTI
2012-07-18,56.073890686035156,56.225523876979295,55.49926403479712,55.51522318001917,1975400,VTI
2012-07-19,56.169639587402344,56.3691623274543,55.978099461858704,56.19358743092726,1023300,VTI
2012-07-20,55.658851623535156,55.930205666354375,55.60298551015321,55.88231607706293,1028600,VTI
2012-07-23,55.04433822631836,55.203953993585735,54.54951960546754,54.79693196036856,1398100,VTI
2012-07-24,54.549495697021484,55.116139338103565,54.19035733360069,55.10018020395203,1128500,VTI
2012-07-25,54.55750274658203,54.81289163004313,54.29413124799523,54.677217617662514,1299400,VTI
2012-07-26,55.38752365112305,55.52319767700322,55.044344233986685,55.363581892315004,1121000,VTI
2012-07-27,56.480899810791016,56.61657991420709,55.60300089096757,55.72271576388699,1422100,VTI
2012-07-30,56.425018310546875,56.70435496757856,56.257419969697686,56.43300092362056,1882700,VTI
2012-07-31,56.11377716064453,56.52080528207264,56.11377716064453,56.36916604117857,841100,VTI
2012-08-01,55.89030456542969,56.41704748036027,55.850403673933634,56.40108225260158,1300600,VTI
2012-08-02,55.5072135925293,55.89029373922871,55.09220299649759,55.51519011591322,1165700,VTI
2012-08-03,56.63251876831055,56.76819273417282,56.265397754768934,56.337222999419836,1486400,VTI
2012-08-06,56.776180267333984,56.99964472199218,56.72829676675,56.76819765425341,1019600,VTI
2012-08-07,57.1193733215332,57.36677958607955,57.007641067289605,57.03158282334878,1085900,VTI
2012-08-08,57.191192626953125,57.26301787999514,56.89589682356394,56.919838574577945,945700,VTI
2012-08-09,57.239078521728516,57.3667698954577,57.07148016867451,57.087439307034344,699200,VTI
2012-08-10,57.35081100463867,57.35879361832812,56.92782381335042,57.0634978013202,1391300,VTI
2012-08-13,57.30293655395508,57.3428374508061,56.96773370448985,57.24707042720273,1489400,VTI
2012-08-14,57.28696823120117,57.558322324313316,57.13532900008112,57.52639795518537,1070300,VTI
2012-08-15,57.4146614074707,57.486486665915905,57.19119692926292,57.21513868207799,897400,VTI
2012-08-16,57.853607177734375,57.925438524419455,57.31888774031891,57.47850348347417,1422600,VTI
2012-08-17,57.96533966064453,58.01322925495369,57.81370653069145,57.90947354140911,1140400,VTI
2012-08-20,57.957374572753906,57.965351099254214,57.70198567885901,57.88554321159047,1145100,VTI
2012-08-21,57.837642669677734,58.34842030709722,57.66206171513671,58.10101410148927,2609400,VTI
2012-08-22,57.76580047607422,57.88551529430901,57.47848734789015,57.63810913518607,2093300,VTI
2012-08-23,57.33484649658203,57.67802582213182,57.23907948690784,57.67004929729248,1682300,VTI
2012-08-24,57.66205596923828,57.76580557342422,57.143295770410326,57.17522013068657,969800,VTI
2012-08-27,57.65410232543945,57.87756687070457,57.56631181280642,57.79775897438877,933600,VTI
2012-08-28,57.64611053466797,57.813708899240495,57.446587802231555,57.54235481687267,884000,VTI
2012-08-29,57.717933654785156,57.86957287427644,57.53437006861411,57.749858021464924,1230700,VTI
2012-08-30,57.28696823120117,57.502456200577114,57.16725336920907,57.502456200577114,718000,VTI
2012-08-31,57.630149841308594,57.821689974614124,57.20716258948965,57.64611507097217,1273600,VTI
2012-09-04,57.590248107910156,57.773805623715674,57.15927824752407,57.57428287847865,1194900,VTI
2012-09-05,57.590248107910156,57.79774737891196,57.470533242977744,57.64611423301848,998200,VTI
2012-09-06,58.73948287963867,58.747465492710006,57.901491175640295,57.901491175640295,1738500,VTI
2012-09-07,59.02680969238281,59.02680969238281,58.80334518637627,58.8592113128779,1408300,VTI
2012-09-10,58.67564010620117,59.04276727733459,58.65968096738901,58.96295331642278,962600,VTI
2012-09-11,58.803340911865234,59.01882278729321,58.69959128131853,58.70756780670243,1335000,VTI
2012-09-12,59.05073928833008,59.09064626573543,58.83525744161083,59.05073928833008,1364800,VTI
2012-09-13,59.93663024902344,60.11221123554184,58.931033928295825,59.034789650666255,2242100,VTI
2012-09-14,60.2558708190918,60.583091053521166,60.01644108224343,60.032406312140594,5731100,VTI
2012-09-17,60.00843811035156,60.199978162047316,59.8328571925686,60.15209467136049,1347900,VTI
2012-09-18,59.90471267700195,59.9845266537127,59.745096901483535,59.88875353503072,2004200,VTI
2012-09-19,59.95258331298828,60.12018165094322,59.816903248877466,59.95258331298828,836100,VTI
2012-09-20,59.87276840209961,59.89671624052337,59.465746483138304,59.65728656788183,2569500,VTI
2012-09-21,59.888755798339844,60.1840516920554,59.87279056681373,60.176069076292336,954600,VTI
2012-09-24,59.75563049316406,59.89998737702343,59.555135161061166,59.6112736093047,1437100,VTI
2012-09-25,59.146095275878906,59.9801562011234,59.0658984043154,59.89995932955989,1619200,VTI
2012-09-26,58.75312423706055,59.08995475685081,58.57668745470502,59.081933234390405,1482600,VTI
2012-09-27,59.33858108520508,59.450857952003055,58.82531366023423,59.00175048481115,956900,VTI
2012-09-28,59.065914154052734,59.29848942664273,58.83333888146274,59.114031066095244,1398000,VTI
2012-10-01,59.170162200927734,59.72353109564911,59.04986381703657,59.33857749092338,1864000,VTI
2012-10-02,59.25838088989258,59.515014588054434,58.98571026249623,59.418774656757485,2136000,VTI
2012-10-03,59.474918365478516,59.61926908243976,59.08194324053986,59.39471536454905,1118800,VTI
2012-10-04,59.92402267456055,59.94005960273172,59.595207520070325,59.675410516814985,1614500,VTI
2012-10-05,59.907997131347656,60.34908926780075,59.723544869653736,60.188695464707656,1317400,VTI
2012-10-08,59.675411224365234,59.77164503179248,59.555112846451514,59.651346653878754,1128700,VTI
2012-10-09,59.07392501831055,59.675410784819185,59.05788197143772,59.635309286266754,4611600,VTI
2012-10-10,58.729103088378906,59.11405075016205,58.64088464117178,59.06593382209735,1264000,VTI
2012-10-11,58.81728744506836,59.25035794759254,58.80927203995799,59.18620411356033,1405800,VTI
2012-10-12,58.56066131591797,59.009774923923764,58.448384443574184,58.849375021553605,2111900,VTI
2012-10-15,59.04186248779297,59.08997940536888,58.49651498695075,58.680967250079355,948800,VTI
2012-10-16,59.651363372802734,59.67542795003396,59.266415797942344,59.3065111893983,2616300,VTI
2012-10-17,59.93206024169922,59.98017715772317,59.587208066721324,59.699484949864704,1265200,VTI
2012-10-18,59.81175231933594,60.044327574176975,59.59521399440831,59.80373079506411,1156900,VTI
2012-10-19,58.777191162109375,59.62728910663859,58.632834330148775,59.62728910663859,1466500,VTI
2012-10-22,58.777191162109375,58.88144649461379,58.32808373762296,58.69699428182677,1394100,VTI
2012-10-23,58.03135299682617,58.26392825050801,57.70253780825282,58.14362986155117,2302400,VTI
2012-10-24,57.87095642089844,58.328085381888485,57.77471649066845,58.2478823807152,1250400,VTI
2012-10-25,58.03135299682617,58.38422663946485,57.6784793541875,58.28798670457333,1092600,VTI
2012-10-26,57.96717834472656,58.17569509148111,57.5822309400106,57.98322138912312,1154800,VTI
2012-10-31,57.99927520751953,58.24788740041787,57.742641490086584,58.207792015005815,1373200,VTI
2012-11-01,58.729103088378906,58.76117696133353,58.103552430373966,58.175733941103786,1519100,VTI
2012-11-02,58.11956787109375,59.04986271058535,58.08748789474854,59.03382578172767,1467200,VTI
2012-11-05,58.30403518676758,58.40027514072808,57.90304455654598,58.05542295399225,1368200,VTI
2012-11-06,58.7451171875,58.95363399244006,58.400265060288916,58.464425018521304,1066100,VTI
2012-11-07,57.429866790771484,58.24788481673237,57.165211560543185,58.239869411183776,4727300,VTI
2012-11-08,56.70005798339844,57.67847584675881,56.70005798339844,57.42184215461755,1926100,VTI
2012-11-09,56.756195068359375,57.51808072162748,56.523625952957545,56.57174285702279,1974100,VTI
2012-11-12,56.78828048706055,57.02085574338425,56.684025145383146,56.93263733172249,3436500,VTI
2012-11-13,56.571754455566406,57.157197303822194,56.42739759514439,56.49957296603991,1497500,VTI
2012-11-14,55.777774810791016,56.836389368628296,55.63341800205735,56.76420790494708,3587700,VTI
2012-11-15,55.63343811035156,55.97026874626546,55.39284130262393,55.73769346376368,2332100,VTI
2012-11-16,55.938194274902344,56.06651421663382,55.256511410690784,55.71364049550387,1807200,VTI
2012-11-19,57.09303665161133,57.1010520572235,56.57174771119934,56.59580616529632,2239700,VTI
2012-11-20,57.15717697143555,57.21331539059462,56.708069618162945,57.020841684710476,2151200,VTI
2012-11-21,57.301536560058594,57.32560112826161,57.0850043952641,57.18124431218892,1144700,VTI
2012-11-23,58.04738235473633,58.04738235473633,57.52609960163852,57.558173457121626,787900,VTI
2012-11-26,57.97520446777344,57.97520446777343,57.598272436714154,57.79074615434664,1698500,VTI
2012-11-27,57.67047119140625,58.095520249622695,57.6544281409277,57.87898189857933,1655500,VTI
2012-11-28,58.12759780883789,58.151656264921805,57.133136754077256,57.46195197023942,1733100,VTI
2012-11-29,58.464412689208984,58.5847110558679,58.14361908432825,58.40025274450702,3237100,VTI
2012-11-30,58.44834899902344,58.56062580327974,58.263896871442476,58.47241355875859,1773800,VTI
2012-12-03,58.191741943359375,58.777190791123765,58.15164656278603,58.76114774399065,1671200,VTI
2012-12-04,58.11155319213867,58.3681869144986,57.951159410150176,58.20779313251011,1325600,VTI
2012-12-05,58.22384262084961,58.472460990773,57.77473503951481,58.20780568664418,1913700,VTI
2012-12-06,58.408267974853516,58.43232642186763,58.08747440453229,58.17569278933634,1273000,VTI
2012-12-07,58.576698303222656,58.696996687892636,58.29600615141271,58.63283673358465,1845700,VTI
2012-12-10,58.648895263671875,58.76117216574828,58.504538372626186,58.53661836159548,1318500,VTI
2012-12-11,59.01777648925781,59.28243167712882,58.865404266028705,58.89748423897936,2300700,VTI
2012-12-12,59.04186248779297,59.458890050257516,58.96968099279767,59.298496245916866,2046200,VTI
2012-12-13,58.70500946044922,59.17818145396266,58.544615700502476,59.02580309897244,2235500,VTI
2012-12-14,58.456417083740234,58.68899239742779,58.38424170292262,58.56067245113184,1810600,VTI
2012-12-17,59.18620300292969,59.18620300292969,58.58471722492687,58.640855652795274,3289300,VTI
2012-12-18,59.87590789794922,59.91600327911597,59.18620370813114,59.29848056520573,3438600,VTI
2012-12-19,59.50698471069336,60.05233200756169,59.48292626090388,60.020252034966006,3682400,VTI
2012-12-20,59.834197998046875,59.84227887597485,59.365611864589376,59.55950978753399,4601000,VTI
2012-12-21,59.325199127197266,59.41407027095456,58.953558964167804,58.99395101611964,4402300,VTI
2012-12-24,59.12324523925781,59.18787994624485,59.058610532270784,59.13940083405211,1429200,VTI
2012-12-26,58.840476989746094,59.26059026369699,58.71928845329131,59.236353789187035,2479600,VTI
2012-12-27,58.791996002197266,58.99397483521333,58.1214309611516,58.88086718183672,3277500,VTI
2012-12-28,58.15376663208008,58.71930507710327,58.14568575032067,58.436535854591675,3618600,VTI
2012-12-31,59.20404052734375,59.22827700352891,58.024484763057565,58.07295771542789,8359300,VTI
2013-01-02,60.70673751831055,60.714818394856955,60.18967236959005,60.213908835326514,5037200,VTI
2013-01-03,60.617889404296875,60.89258383614059,60.46438351109288,60.690604993042754,2634600,VTI
2013-01-04,60.92487716674805,61.013742151877054,60.58554815958034,60.7067366504329,2512900,VTI
2013-01-07,60.763301849365234,60.81985566717861,60.553242170099615,60.73906537943148,2511200,VTI
2013-01-08,60.60173034667969,60.739074472802265,60.351272404092015,60.6825206465221,1407900,VTI
2013-01-09,60.78752899169922,60.92487924008773,60.68250225013426,60.747136935975576,1421900,VTI
2013-01-10,61.20769119262695,61.21576591109035,60.7714160032216,61.09458349506711,1403700,VTI
2013-01-11,61.215721130371094,61.23996375974892,61.00566765365164,61.20764641781453,1248500,VTI
2013-01-14,61.151119232177734,61.239990420211164,60.94914038008457,61.19959218423037,2745100,VTI
2013-01-15,61.26420974731445,61.31268268579866,60.86832687001449,60.91680597240237,1109100,VTI
2013-01-16,61.215721130371094,61.328834909092805,61.0702961736177,61.143011733945755,1211300,VTI
2013-01-17,61.63584518432617,61.80550661969224,61.40154906008641,61.490420216311946,1534800,VTI
2013-01-18,61.80550765991211,61.83782500489288,61.43386743848822,61.6600826894503,2173800,VTI
2013-01-22,62.12871551513672,62.12871551513672,61.66820383528284,61.805548018207766,3583900,VTI
2013-01-23,62.201393127441406,62.27410870488615,62.0317316652759,62.15292018508103,2295000,VTI
2013-01-24,62.274105072021484,62.564955037024895,62.09636274186342,62.14483568139605,5386800,VTI
2013-01-25,62.62150573730469,62.63766132837678,62.30641931821918,62.51647282167385,2997100,VTI
2013-01-28,62.56496047973633,62.70230459629596,62.330664311773475,62.69422371770294,1634100,VTI
2013-01-29,62.7750129699707,62.83156679137447,62.40337269161675,62.48416298449296,2279300,VTI
2013-01-30,62.52457809448242,62.8800628758035,62.427626018511425,62.76695520245696,2074200,VTI
2013-01-31,62.411434173583984,62.61341292495481,62.330643905816125,62.47606885335921,2611300,VTI
2013-02-01,63.01740646362305,63.106277658158575,62.7023199244174,62.839664074552,2550000,VTI
2013-02-04,62.354896545410156,62.79117150121469,62.31449831909525,62.726536804672406,2457700,VTI
2013-02-05,62.9446907043457,63.106271316041145,62.645759792413386,62.710394502653656,1609800,VTI
2013-02-06,63.05778884887695,63.06586356350946,62.69422328157227,62.75885798205812,1739400,VTI
2013-02-07,62.9446907043457,63.122426911648596,62.5003347763254,63.05779836531356,2260100,VTI
2013-02-08,63.324398040771484,63.324398040771484,63.025473329174844,63.04162892281339,4399000,VTI
2013-02-11,63.29206848144531,63.332466703606144,63.13048792060857,63.30823023587096,2112700,VTI
2013-02-12,63.39713668823242,63.50216349485696,63.24363075524472,63.29210371770117,1568600,VTI
2013-02-13,63.485984802246094,63.65564627303583,63.2920806951397,63.56677509825485,1346500,VTI
2013-02-14,63.566768646240234,63.62332246409661,63.24360133110214,63.30015514895852,1287500,VTI
2013-02-15,63.49409484863281,63.6879990636379,63.275960311636965,63.62336432530287,1248400,VTI
2013-02-19,63.938411712646484,63.954573469261135,63.591007912280915,63.591007912280915,1763000,VTI
2013-02-20,63.09009552001953,63.93032807448939,63.08202080596491,63.91417248247629,2507600,VTI
2013-02-21,62.66189956665039,62.928513056145896,62.41144783258692,62.928513056145896,2641300,VTI
2013-02-22,63.267822265625,63.267822265625,62.831547421901554,62.95273590580846,1833200,VTI
2013-02-25,62.10442352294922,63.647537849794354,62.088261772399036,63.56674758874885,1979400,VTI
2013-02-26,62.50032043457031,62.564955129979055,61.94285697350157,62.362976329754595,2505700,VTI
2013-02-27,63.267822265625,63.44556455350148,62.419515206081364,62.42758991814678,1442500,VTI
2013-02-28,63.211299896240234,63.6718114329741,63.12242870810691,63.267853728333684,1564400,VTI
2013-03-01,63.35672378540039,63.42135849632627,62.62152398131067,62.9850834434345,1884800,VTI
2013-03-04,63.647579193115234,63.647579193115234,63.098196431682744,63.211304103397744,1418100,VTI
2013-03-05,64.28582000732422,64.40700853479008,63.906098831086624,63.946497061543425,1855000,VTI
2013-03-06,64.38276672363281,64.54434730425311,64.2454164498111,64.503949077146,2045000,VTI
2013-03-07,64.53626251220703,64.5928163283848,64.40699928833085,64.47163398222078,1564000,VTI
2013-03-08,64.85136413574219,64.92407972438268,64.48780468425507,64.81905294512987,1984200,VTI
2013-03-11,65.03719329833984,65.06142977545593,64.70594500733817,64.7867414829327,1610000,VTI
2013-03-12,64.92407989501953,65.09374138375311,64.73018193131045,65.01295107919975,1505700,VTI
2013-03-13,65.0452651977539,65.12605549828788,64.75441518470772,64.93215754422538,1021900,VTI
2013-03-14,65.4087905883789,65.43302704953412,65.1825753990615,65.21489273523565,1328200,VTI
2013-03-15,65.33611297607422,65.41690327384488,65.11797239179835,65.36034944901496,1850700,VTI
2013-03-18,64.98060607910156,65.25529423050004,64.63320236980775,64.74630998084271,1983400,VTI
2013-03-19,64.80290222167969,65.21494085706459,64.38278886921916,65.11798877700163,1522500,VTI
2013-03-20,65.28760528564453,65.38455729886988,65.08562654768483,65.15834209857933,1475900,VTI
2013-03-21,64.76251220703125,65.12607173200962,64.6251618815914,64.90793108589752,1418500,VTI
2013-03-22,65.16341400146484,65.18776102914663,64.90370205282368,64.95239610818724,1648200,VTI
2013-03-25,64.94426727294922,65.49615584352752,64.70079084570658,65.37442072591631,2905700,VTI
2013-03-26,65.43126678466797,65.43937833541077,65.12285447978454,65.2040133313768,1322900,VTI
2013-03-27,65.47994995117188,65.50429698339207,64.93617892484602,65.05792027796944,2494200,VTI
2013-03-28,65.70718383789062,65.7558778924475,65.39877783899509,65.47181892083042,1897700,VTI
2013-04-01,65.35819244384766,65.78833975214731,65.18775706840935,65.69906319472426,3097600,VTI
2013-04-02,65.5530014038086,65.772137112454,65.36633666594975,65.62604870403153,2480900,VTI
2013-04-03,64.83879089355469,65.64227399487433,64.66835545945798,65.59357992571042,2266100,VTI
2013-04-04,65.12286376953125,65.19591108080087,64.78199282900462,64.93619900344378,1317800,VTI
2013-04-05,64.89559936523438,64.93618188213118,64.23008695547672,64.32748128081542,1533500,VTI
2013-04-08,65.29328918457031,65.30952466991855,64.70894174452512,64.92807126053914,1927500,VTI
2013-04-09,65.47994995117188,65.7315442068105,65.20400247129062,65.41502040390306,1178300,VTI
2013-04-10,66.3239974975586,66.38892702721365,65.63413827303066,65.64224982022198,2209500,VTI
2013-04-11,66.57561492919922,66.77851513619642,66.29967361985402,66.33213839601632,1263200,VTI
2013-04-12,66.34025573730469,66.48634414677659,65.99938484587808,66.3564912228146,1413500,VTI
2013-04-15,64.72515869140625,66.10487746569945,64.7170409502806,66.10487746569945,3054500,VTI
2013-04-16,65.68281555175781,65.72339804543444,65.04165054218616,65.22020360713259,1945500,VTI
2013-04-17,64.7008056640625,65.26892364976435,64.35181713226804,65.24457662066592,2688400,VTI
2013-04-18,64.29500579833984,64.855012239737,64.05964086198483,64.80631198916657,1505800,VTI
2013-04-19,64.91178894042969,64.93613595653945,64.30308876961253,64.51410037057595,965500,VTI
2013-04-22,65.18777465820312,65.33386304685837,64.56284477963615,65.03356852794965,1237200,VTI
2013-04-23,65.89385986328125,65.9344361812508,65.24457685555168,65.51240656064176,1957600,VTI
2013-04-24,65.99124145507812,66.14544754737149,65.79645904882722,65.90196489554206,1039800,VTI
2013-04-25,66.25906372070312,66.58370515614818,66.10485764566215,66.17790490984696,1120900,VTI
2013-04-26,66.13732147216797,66.291527545026,65.91819206675626,66.16978623445493,1150200,VTI
2013-04-29,66.55937194824219,66.70546031491592,66.21849496465569,66.31588927311206,2118600,VTI
2013-04-30,66.76227569580078,66.7947404670282,66.2996635418483,66.56748706843618,1740800,VTI
2013-05-01,66.08053588867188,66.68923649087118,66.04807111351185,66.64054242414251,2159700,VTI
2013-05-02,66.77039337158203,66.81097588734576,66.23474007723165,66.23474007723165,1616200,VTI
2013-05-03,67.39531707763672,67.67125831974585,67.24922871651383,67.35473456931648,2382900,VTI
2013-05-06,67.65504455566406,67.73620339890574,67.44402660961747,67.48460912724971,1879100,VTI
2013-05-07,68.02836608886719,68.03648382911575,67.61444802449223,67.83358366705255,1967400,VTI
2013-05-08,68.34489440917969,68.34489440917969,67.91474702761157,67.9472117987517,1734900,VTI
2013-05-09,68.11766815185547,68.45853906562382,67.96346198952146,68.32868613315087,1495200,VTI
2013-05-10,68.41791534423828,68.41791534423828,68.02022669493981,68.20689750910232,1333200,VTI
2013-05-13,68.4341812133789,68.53157554136064,68.14200442145658,68.32867533541585,1285300,VTI
2013-05-14,69.14026641845703,69.18896047957625,68.49910111495849,68.49910111495849,1440100,VTI
2013-05-15,69.44054412841797,69.62721498761118,69.00227906911402,69.03474383558333,2743600,VTI
2013-05-16,69.15650939941406,69.60289235478633,69.06723280833961,69.41622143016977,2006200,VTI
2013-05-17,69.86258697509766,69.87069852352059,69.35939233189936,69.44866890072521,1540200,VTI
2013-05-20,69.85448455810547,70.11419658110947,69.71651390038963,69.80579048879942,1680900,VTI
2013-05-21,69.96808624267578,70.18722186988911,69.68402727408544,69.91127444895771,1483200,VTI
2013-05-22,69.27820587158203,70.68227099942219,68.98602925232828,70.02487670211084,3378000,VTI
2013-05-23,69.14837646484375,69.28635328838696,68.4341700851846,68.57214071670593,2748400,VTI
2013-05-24,69.05908966064453,69.06720740012585,68.48285399788968,68.71010735922005,1151700,VTI
2013-05-28,69.50547790527344,70.1385254100252,69.26199523789748,69.82200165764932,2120900,VTI
2013-05-29,69.03475189208984,69.245769802756,68.63706929246736,69.14837549198198,2420800,VTI
2013-05-30,69.31880187988281,69.61097236407844,69.05097222801469,69.11590175428945,1630000,VTI
2013-05-31,68.39359283447266,69.51360583820437,68.33678102935745,69.13215249299269,2005100,VTI
2013-06-03,68.66954040527344,68.71012291984974,67.96344551899348,68.53968131224718,3620100,VTI
2013-06-04,68.33675384521484,68.97791892904581,67.98776541204154,68.75878953706251,2311900,VTI
2013-06-05,67.37097930908203,68.26373888663767,67.31416750483818,68.16634456849583,2944800,VTI
2013-06-06,68.0040283203125,68.01214606166646,66.98140963049705,67.3547452364882,2633900,VTI
2013-06-07,68.84806823730469,68.9048800216006,68.15009134908621,68.4584972935469,2391500,VTI
2013-06-10,68.8724365234375,69.11591921245962,68.66953634659306,69.10780147161968,3643600,VTI
2013-06-11,68.17445373535156,68.75880718666373,67.9877828637296,68.25561256091792,2102200,VTI
2013-06-12,67.59822845458984,68.68577050743376,67.51706961650069,68.64519418440041,2568400,VTI
2013-06-13,68.64520263671875,68.75882626243857,67.38721881936227,67.54142496513484,4100100,VTI
2013-06-14,68.255615234375,68.83185096809426,68.11764460630596,68.57213900089654,1653500,VTI
2013-06-17,68.73445892333984,69.03474719174267,68.38547040685495,68.71822344330536,2416900,VTI
2013-06-18,69.2538833618164,69.40808327120422,68.81561827782816,68.81561827782816,2095100,VTI
2013-06-19,68.36923217773438,69.36750363098845,68.344885150683,69.14025645581415,4448100,VTI
2013-06-20,66.67301177978516,67.74432466557498,66.47011156511266,67.74432466557498,4933200,VTI
2013-06-21,66.84343719482422,67.18430801827961,66.12111303425446,67.06256666932491,4227700,VTI
2013-06-24,65.98396301269531,66.54660632216948,65.38870828981707,66.13889522166419,5378400,VTI
2013-06-25,66.64446258544922,66.85646788915119,66.1388985557133,66.58738327734822,2625000,VTI
2013-06-26,67.26419067382812,67.42727888323762,66.90540905548539,67.19080564547816,2496900,VTI
2013-06-27,67.76160430908203,68.00623353240339,67.67190734194284,67.69636902003906,2211600,VTI
2013-06-28,67.41094207763672,67.93281171282344,67.28047777942844,67.62295356104907,3023200,VTI
2013-07-01,67.97360229492188,68.44654871413702,67.7697467233131,67.91652298371855,2097000,VTI
2013-07-02,67.90020751953125,68.40577155042766,67.63112290711062,67.94913708457156,1958500,VTI
2013-07-03,67.99805450439453,68.16113645051304,67.54142007832074,67.67188439098005,1004800,VTI
2013-07-05,68.72380065917969,68.74011259146315,67.94915184755841,68.51178908775033,2434000,VTI
2013-07-08,69.09071350097656,69.27825708988578,68.95208702344507,69.07440157600742,1972700,VTI
2013-07-09,69.58000183105469,69.68600451401211,69.21305798171622,69.49846082715052,2229900,VTI
2013-07-10,69.61260986328125,69.82461519991796,69.4087542710836,69.54737458069505,4399500,VTI
2013-07-11,70.6237564086914,70.6482180928698,70.21604508256857,70.47698008243994,3560300,VTI
2013-07-12,70.68896484375,70.80312347397606,70.48510925817793,70.566650248171,2141400,VTI
2013-07-15,70.95802307128906,71.03141428978478,70.72155615469822,70.86833237051322,2340200,VTI
2013-07-16,70.64005279541016,71.02330238674114,70.46881480759467,70.99884070579324,1637900,VTI
2013-07-17,70.86835479736328,71.04774247686008,70.74604020861396,70.94989578280335,1718700,VTI
2013-07-18,71.26791381835938,71.42283983268419,70.94989960319431,71.01512866235167,2100100,VTI
2013-07-19,71.37391662597656,71.37391662597656,71.02328476994117,71.10482575993524,1604300,VTI
2013-07-22,71.52886962890625,71.61041064257428,71.32501398414588,71.50440794692389,2121000,VTI
2013-07-23,71.39834594726562,71.75713360607229,71.35757858133138,71.7000543168236,1915200,VTI
2013-07-24,71.11297607421875,71.7490044552801,70.96619981542165,71.7163868176387,2997600,VTI
2013-07-25,71.37391662597656,71.40653426620995,70.90097017436068,70.9417437799471,1781800,VTI
2013-07-26,71.3820571899414,71.40651885954391,70.77049056516931,71.12927830914572,1845100,VTI
2013-07-29,71.13743591308594,71.40652675080595,70.9580420212726,71.28421216809885,1681800,VTI
2013-07-30,71.21082305908203,71.44729624641278,71.02327321355152,71.38206097656062,1379400,VTI
2013-07-31,71.28418731689453,71.75713355385443,71.20264636390942,71.29234327854581,2211400,VTI
2013-08-01,72.1893539428711,72.24643326982506,71.81426033414782,71.83872201410237,2416600,VTI
2013-08-02,72.2219467163086,72.26272031631028,71.91208850830073,72.10778810171739,2224400,VTI
2013-08-05,72.23011016845703,72.31980712081706,72.03440433357413,72.17303085524416,1167300,VTI
2013-08-06,71.75716400146484,72.19749279983344,71.56961413096062,72.17303112567606,1587700,VTI
2013-08-07,71.47177124023438,71.57777390762058,71.17821869235685,71.47992720578067,1542700,VTI
2013-08-08,71.76532745361328,71.90394776908596,71.39838363943481,71.83055651777858,2251200,VTI
2013-08-09,71.58592224121094,71.89578046596739,71.3249873621586,71.67561918912064,2519700,VTI
2013-08-12,71.53700256347656,71.61854355089041,71.14559711424012,71.25975574085521,1102100,VTI
2013-08-13,71.69193267822266,71.78978560142937,71.20268050454689,71.69193267822266,1298200,VTI
2013-08-14,71.31683349609375,71.75716228392287,71.30052778743864,71.67562129829047,1369500,VTI
2013-08-15,70.25682830810547,70.79500409714468,70.16713130640194,70.79500409714468,2729700,VTI
2013-08-16,70.0284652709961,70.40355878452553,69.90615690226359,70.19155346460354,4926400,VTI
2013-08-19,69.55553436279297,70.17525091782856,69.55553436279297,69.84093096329347,2112200,VTI
2013-08-20,70.01216125488281,70.24047851027473,69.6044500927748,69.66152940662278,2044700,VTI
2013-08-21,69.60445404052734,70.19970888710606,69.40875441354602,69.82461534323396,3102600,VTI
2013-08-22,70.22416687011719,70.35463119596011,69.75937643341646,69.75937643341646,2065100,VTI
2013-08-23,70.51770782470703,70.58293686635102,70.11814650581083,70.46062852503287,1267900,VTI
2013-08-26,70.33834075927734,70.82759297447119,70.2404878277668,70.60742543386732,1982000,VTI
2013-08-27,69.09071350097656,69.8409002989666,69.04993990973026,69.61258311881107,2180200,VTI
2013-08-28,69.34349822998047,69.5881211346805,68.98471050434122,69.0825633989275,1444100,VTI
2013-08-29,69.53104400634766,69.86537007407607,69.18856819636537,69.21302986548163,1291300,VTI
2013-08-30,69.12332916259766,69.67781644331853,69.0010208236847,69.66966670150897,2437700,VTI
2013-09-03,69.4739761352539,70.06108117534997,69.18042361520587,69.9387665884669,1807200,VTI
2013-09-04,70.09368896484375,70.19154186483718,69.4087373284221,69.53104567694209,2610800,VTI
2013-09-05,70.17525482177734,70.34649279160386,70.11817549850184,70.13448743154035,1511200,VTI
2013-09-06,70.23233795166016,70.6482051701673,69.56369174797219,70.4525055113557,1807600,VTI
2013-09-09,71.02327728271484,71.04773895501646,70.46878989955857,70.47694586405181,1811100,VTI
2013-09-10,71.5777587890625,71.5777587890625,71.29236226701234,71.47991210788965,3454900,VTI
2013-09-11,71.76532745361328,71.77347719839693,71.34130432005317,71.5125422781981,1573200,VTI
2013-09-12,71.54513549804688,71.85499988706763,71.4717504929696,71.78160866081326,1124600,VTI
2013-09-13,71.69193267822266,71.75716796036048,71.44730970197423,71.65116529277071,1793300,VTI
2013-09-16,72.10779571533203,72.57258618700843,72.00179305378428,72.51550687368601,2519600,VTI
2013-09-17,72.49103546142578,72.49103546142578,72.19748296915127,72.19748296915127,1656800,VTI
2013-09-18,73.33909606933594,73.4858723570328,72.23012105588842,72.50736169866055,2702700,VTI
2013-09-19,73.22491455078125,73.57554633845677,73.11075594281037,73.44507580296005,2644500,VTI
2013-09-20,72.73568725585938,73.38802776894428,72.63784053372277,73.29833079286561,2673500,VTI
2013-09-23,72.4071044921875,72.6611050005024,72.09574257748608,72.52181480247442,2586500,VTI
2013-09-24,72.29239654541016,72.72665791301445,72.11213569442499,72.3005856740962,4013500,VTI
2013-09-25,72.16130065917969,72.51362700654938,72.06297484668916,72.3825259232287,1345300,VTI
2013-09-26,72.43987274169922,72.64471345468729,72.18586600674914,72.2841917994307,1210000,VTI
2013-09-27,72.15311431884766,72.22686025026623,71.93188902708094,72.09575915051965,1938800,VTI
2013-09-30,71.81718444824219,72.0056344801809,71.36653219578872,71.59595288749412,2522100,VTI
2013-10-01,72.43987274169922,72.49722789128619,71.83353973035994,71.89089487994691,3075700,VTI
2013-10-02,72.31697082519531,72.3579352191782,71.78438369347553,72.03019506234398,2014400,VTI
2013-10-03,71.70245361328125,72.23504078183531,71.31735202599997,72.13671497723905,8263300,VTI
2013-10-04,72.2268295288086,72.30056917761773,71.64508271142752,71.75159762123245,2509800,VTI
2013-10-07,71.5795669555664,71.98924854013295,71.53040716581678,71.65330664019083,1598500,VTI
2013-10-08,70.62908172607422,71.6369008756778,70.59631271012559,71.48941529893686,3431800,VTI
2013-10-09,70.57991790771484,70.8830844234384,70.16204108901323,70.77656324835687,3786700,VTI
2013-10-10,72.16950225830078,72.20227753195509,71.33374840822658,71.35013917067587,4036900,VTI
2013-10-11,72.67750549316406,72.70209163755561,72.02201875467816,72.08756930390008,3132700,VTI
2013-10-14,72.9970474243164,73.0298226948046,72.08756023605487,72.20227055714167,1851400,VTI
2013-10-15,72.43987274169922,73.04619950179604,72.33335157015024,72.83316340994055,2603000,VTI
2013-10-16,73.45589447021484,73.47227897972789,72.8249814571997,72.91511188763043,2427700,VTI
2013-10-17,73.9966812133789,74.0294564882603,73.13635368990938,73.21009336995914,4442100,VTI
2013-10-18,74.52103424072266,74.54562037249356,74.11135289525141,74.324388945244,2996600,VTI
2013-10-21,74.48007202148438,74.67671732267799,74.33258648277881,74.5620070427116,2461600,VTI
2013-10-22,74.90615844726562,75.1601652094186,74.5702228926342,74.74228835982247,3757600,VTI
2013-10-23,74.55384826660156,74.74230453406197,74.25887704437757,74.70133387771355,2779500,VTI
2013-10-24,74.84061431884766,74.88158496983749,74.48829422580728,74.76687464855837,1713400,VTI
2013-10-25,75.11100769042969,75.11100769042969,74.77507209774498,75.02907263742688,2038100,VTI
2013-10-28,75.16831970214844,75.25845008408518,74.93889918494226,75.09458007214941,1711900,VTI
2013-10-29,75.54527282714844,75.54527282714844,75.21753259895657,75.34043205890644,1454400,VTI
2013-10-30,75.10279846191406,75.70912519336174,74.81601647628732,75.66815455220302,2641200,VTI
2013-10-31,74.88159942626953,75.34044079996863,74.70953391113237,75.0454695593778,2937900,VTI
2013-11-01,74.97991943359375,75.20934010262542,74.56204250000354,74.92256426633583,2477600,VTI
2013-11-04,75.32405090332031,75.3568261778483,75.02088430236965,75.22572507973632,3443700,VTI
2013-11-05,75.10279846191406,75.26666852406463,74.78324121360878,75.13556747335043,2301300,VTI
2013-11-06,75.2994613647461,75.57804178568266,75.11100512316152,75.44694695560769,2655100,VTI
2013-11-07,74.29984283447266,75.53708281047692,74.23429228910622,75.53708281047692,2876200,VTI
2013-11-08,75.29125213623047,75.29125213623047,74.29162845438707,74.35717898298982,2637800,VTI
2013-11-11,75.34041595458984,75.43874175277637,75.16016136811213,75.20932114158397,1729500,VTI
2013-11-12,75.22573852539062,75.34044888111943,74.9389626360686,75.18477411334207,2067900,VTI
2013-11-13,75.86482238769531,75.87301776860723,74.80784954608676,74.87339383965003,1837800,VTI
2013-11-14,76.225341796875,76.2745015783519,75.77469588043446,75.98772576766359,1971100,VTI
2013-11-15,76.56128692626953,76.56128692626953,76.20076517664857,76.22534506844198,1623900,VTI
2013-11-18,76.20075225830078,76.79069456630586,76.02049141405,76.79069456630586,3123300,VTI
2013-11-19,75.97953796386719,76.38102410583558,75.83205236561946,76.18437872525325,1828700,VTI
2013-11-20,75.74192810058594,76.34825505333289,75.51250742934354,76.11063900061914,1931400,VTI
2013-11-21,76.4219741821289,76.47114020649131,75.91397318991196,76.01229273615124,2720700,VTI
2013-11-22,76.79890441894531,76.81528893003627,76.38102749681754,76.52031772044539,2687300,VTI
2013-11-25,76.71696472167969,76.99555142603307,76.61044976923993,76.9873560446933,1719500,VTI
2013-11-26,76.79071044921875,77.02832649749243,76.62683407907603,76.71696451984344,1355100,VTI
2013-11-27,77.011962890625,77.05293356041874,76.82351281256548,76.96280308786974,1480800,VTI
2013-11-29,76.9054183959961,77.29870916964447,76.9054183959961,77.07748389087277,934600,VTI
2013-12-02,76.74153900146484,77.16760499659843,76.64321319432169,77.06927918945527,3209500,VTI
2013-12-03,76.44656372070312,76.68417346884675,76.1515925663778,76.52849876329503,2129100,VTI
2013-12-04,76.34002685546875,76.70874384824552,75.77467080186452,76.17615680395136,2300800,VTI
2013-12-05,76.11880493164062,76.41377603804033,76.05325440772025,76.31545025215975,2185400,VTI
2013-12-06,76.9054183959961,76.99554883396637,76.59406267925411,76.85625861210107,2071600,VTI
2013-12-09,77.0774917602539,77.24955727269797,76.97916593118097,77.22497737824092,2121100,VTI
2013-12-10,76.823486328125,77.1430374383639,76.79071105383841,76.96277655540977,2403200,VTI
2013-12-11,75.8730239868164,76.92180778471062,75.79108892471427,76.92180778471062,3887100,VTI
2013-12-12,75.7337417602539,76.00413311988811,75.52890095772712,75.84025672711957,3587000,VTI
2013-12-13,75.75830841064453,75.97134455837345,75.58624291675568,75.94676466656705,3605700,VTI
2013-12-16,76.29084777832031,76.47929766473773,76.10239164066272,76.15155764466566,3207500,VTI
2013-12-17,76.06147766113281,76.39741327966537,75.84844150593881,76.39741327966537,3374200,VTI
2013-12-18,77.29053497314453,77.29872410454651,75.51251826464373,76.22536027382631,4089700,VTI
2013-12-19,77.18400573730469,77.21678101324505,76.88084537453456,77.12665056722022,6352600,VTI
2013-12-20,77.69795989990234,77.86269386113406,77.29435101174838,77.31082817839024,6210200,VTI
2013-12-23,78.15924835205078,78.2086673014955,77.96156627007186,78.11806170471347,3095000,VTI
2013-12-24,78.3733901977539,78.4228091362213,78.16746957520816,78.24159798290925,1362100,VTI
2013-12-26,78.74406433105469,78.77701239293609,78.46401523136323,78.57933030584798,2940500,VTI
2013-12-27,78.69462585449219,79.00762293840368,78.60402027784963,78.85112753854727,2370400,VTI
2013-12-30,78.71934509277344,78.7934797938623,78.58755914579245,78.7440545650699,3159900,VTI
2013-12-31,79.00759887695312,79.07349496429725,78.79344601937983,78.84286494278955,4570300,VTI
2014-01-02,78.31573486328125,78.87583922362532,78.10157565027352,78.87583922362532,3728200,VTI
2014-01-03,78.29926300048828,78.61226639860499,78.20865741515968,78.48871275641152,3206300,VTI
2014-01-06,78.09332275390625,78.71108452559317,77.97800772592717,78.66166559480148,3169400,VTI
2014-01-07,78.59576416015625,78.73578864402207,78.33218607350406,78.4063207488548,2617200,VTI
2014-01-08,78.6534423828125,78.76052513271857,78.32396811668426,78.61226202717081,3783100,VTI
2014-01-09,78.71934509277344,78.93350432634193,78.33221326893022,78.93350432634193,3440500,VTI
2014-01-10,78.94172668457031,78.96644243795318,78.49694367085742,78.89230774620191,2903700,VTI
2014-01-13,77.945068359375,78.9746714268706,77.7473863299914,78.86759497016249,4322200,VTI
2014-01-14,78.80169677734375,78.85112199652866,78.02743956436025,78.19217353711464,2660500,VTI
2014-01-15,79.19709014892578,79.31240522023961,78.94174424741652,79.02411754195504,2525100,VTI
2014-01-16,79.139404296875,79.17235234606144,78.90053565342163,79.11469483103463,3058200,VTI
2014-01-17,78.83465576171875,79.18060092299844,78.7028698220785,79.07352445427827,2716300,VTI
2014-01-21,79.09822845458984,79.37004518430977,78.6122588022409,79.37004518430977,5557200,VTI
2014-01-22,79.2464828491211,79.32061753280978,78.99938189995412,79.29590178211488,1860300,VTI
2014-01-23,78.56282806396484,78.94995981228988,78.17570259983803,78.88406370955407,3223500,VTI
2014-01-24,76.86605072021484,78.15923199505119,76.84134125066363,78.06038783264758,7275200,VTI
2014-01-27,76.37184143066406,77.0966797591007,75.9517616014503,76.86604966751625,6664700,VTI
2014-01-28,76.90724182128906,76.98960881930516,76.43774301997826,76.511871432933,10136000,VTI
2014-01-29,76.11650085449219,76.66836660687873,75.92705111939007,76.3306537742789,4720200,VTI
2014-01-30,77.00607299804688,77.24494167042764,76.56952229080562,76.79192007869743,2540800,VTI
2014-01-31,76.50364685058594,77.05551903512296,76.00943848783363,76.14123073614107,4099600,VTI
2014-02-03,74.7079849243164,76.6436434299466,74.57619901911035,76.47066461030509,6568100,VTI
2014-02-04,75.2763442993164,75.47402634270048,74.77389746405777,75.11984261102963,3427200,VTI
2014-02-05,75.16102600097656,75.31752768249748,74.45265856825887,74.9715762662829,3407300,VTI
2014-02-06,76.07533264160156,76.08357122795746,75.24341137725881,75.35872644944095,3237300,VTI
2014-02-07,77.05552673339844,77.10494568935081,76.2153667770026,76.5530797338796,3538500,VTI
2014-02-10,77.14612579345703,77.21201563440007,76.81665145194029,77.11317773088533,3419800,VTI
2014-02-11,78.02747344970703,78.20867838475026,77.27791909450625,77.4179436605764,4287900,VTI
2014-02-12,78.13451385498047,78.42280144141816,77.94506413577966,78.17570048912788,3128700,VTI
2014-02-13,78.61227416992188,78.67816400596597,77.54972279673697,77.54972279673697,2726400,VTI
2014-02-14,78.99114990234375,79.11470352932761,78.43104557298892,78.57930866852986,2244000,VTI
2014-02-18,79.22177124023438,79.29589963772042,78.88405844938154,79.12292709272184,3006400,VTI
2014-02-19,78.69462585449219,79.48536029084651,78.61225886232587,79.0488095765862,2320600,VTI
2014-02-20,79.22177124023438,79.3453248535756,78.52164247689785,78.78522058606681,2657600,VTI
2014-02-21,79.1559066772461,79.51009049169066,79.09824913927606,79.3947754157506,1952000,VTI
2014-02-24,79.60889434814453,80.11957334453679,79.32883910259643,79.38649661135676,2357600,VTI
2014-02-25,79.57597351074219,79.90544779525209,79.30415675470658,79.70775945402657,2427300,VTI
2014-02-26,79.65831756591797,79.97955317263113,79.44415840004338,79.75716170805951,1934600,VTI
2014-02-27,80.07841491699219,80.07841491699219,79.46065303226024,79.59243896655298,1594000,VTI
2014-02-28,80.22667694091797,80.60557013768349,79.68304347325521,80.03722720043582,2302800,VTI
2014-03-03,79.64186096191406,79.79835635977996,79.08175662442905,79.54301680205249,2743400,VTI
2014-03-04,80.89386749267578,81.00918255408348,80.42436866145886,80.66323736986038,3105300,VTI
2014-03-05,80.91032409667969,81.03387142806862,80.7950027803868,80.93503356295747,1855300,VTI
2014-03-06,81.0586166381836,81.25629872444865,80.94329527997874,81.16569312570212,2084500,VTI
2014-03-07,81.03390502929688,81.42103691937007,80.72090785299542,81.41279833246197,2312100,VTI
2014-03-10,80.97623443603516,81.05036913785642,80.49850330378503,80.98447302161519,2586600,VTI
2014-03-11,80.523193359375,81.23979302705278,80.33374364191428,81.13271657713028,3718500,VTI
2014-03-12,80.58087158203125,80.60558105496281,79.92192297759132,80.19373974823776,2225600,VTI
2014-03-13,79.65007019042969,80.9432510574222,79.41944016842288,80.86912267214721,3482400,VTI
2014-03-14,79.5512924194336,79.95489526274079,79.42773873313912,79.49363487038971,2892400,VTI
2014-03-17,80.18548583984375,80.44083167447486,79.9466171734848,79.97132664169462,2735800,VTI
2014-03-18,80.86913299560547,80.95149997338017,80.3090287488609,80.43258235762174,3672500,VTI
2014-03-19,80.40790557861328,80.95153288026947,79.91369094267111,80.89387534396957,2705400,VTI
2014-03-20,80.81147766113281,80.87737375880793,80.07016227278213,80.21842535045226,1466900,VTI
2014-03-21,80.51496887207031,81.28923247625951,80.43260187430954,81.19038830842713,2821700,VTI
2014-03-24,80.04547119140625,80.88562463503158,79.6748165542008,80.81149622127016,3922600,VTI
2014-03-25,80.32920837402344,80.72630714112204,79.90729211741944,80.41193544293166,1740900,VTI
2014-03-26,79.65914154052734,80.78424778297342,79.64259233337988,80.67669687153449,2896000,VTI
2014-03-27,79.49368286132812,79.83287218727104,79.16277445082319,79.49368286132812,3835100,VTI
2014-03-28,79.84939575195312,80.32094706560291,79.65084949138263,79.72530828389145,1533200,VTI
2014-03-31,80.63533020019531,80.72633189740301,80.28787261722373,80.32923300852642,2978400,VTI
2014-04-01,81.26404571533203,81.29713149484478,80.86694693279787,80.98276609610555,3881700,VTI
2014-04-02,81.52051544189453,81.6197917323849,81.22269288209556,81.4543312482343,2855300,VTI
2014-04-03,81.29714965820312,81.68597392689446,81.04069378382052,81.66943103344208,2169700,VTI
2014-04-04,80.18032836914062,81.77698603675415,80.05623456158733,81.76871143313774,3026800,VTI
2014-04-07,79.22067260742188,80.08931652699904,78.98903422886796,79.9155877430836,5316200,VTI
2014-04-08,79.568115234375,79.73356938465328,78.88146851854475,79.22065773178785,3728200,VTI
2014-04-09,80.51947784423828,80.51947784423828,79.60119295909635,79.83283125234475,1975300,VTI
2014-04-10,78.74911499023438,80.5360439911388,78.61674660633749,80.49468360492497,3283000,VTI
2014-04-11,77.97144317626953,78.84836136626292,77.84734943142686,78.31063232472813,3380100,VTI
2014-04-14,78.50094604492188,78.75740195995775,77.86394040343252,78.6084906485913,3248600,VTI
2014-04-15,79.0386734008789,79.08830839557328,77.78947343713102,78.69948410600671,3339400,VTI
2014-04-16,79.86593627929688,79.87421088015935,79.21238166792598,79.59293125587527,4498500,VTI
2014-04-17,80.02310943603516,80.22165564352339,79.63428530893766,79.76664734337312,2241100,VTI
2014-04-21,80.34576416015625,80.34576416015625,79.89075577636113,80.06448452880892,3043000,VTI
2014-04-22,80.75942993164062,80.99934294084674,80.40369771960026,80.46160732101738,2442400,VTI
2014-04-23,80.55260467529297,80.80906056605328,80.4946950770028,80.75942557085395,1798400,VTI
2014-04-24,80.66014862060547,80.99106331317842,80.21341473238292,80.94142200670515,1471400,VTI
2014-04-25,79.87422943115234,80.45332539259971,79.70049433104553,80.40369039923924,1927700,VTI
2014-04-28,79.99005889892578,80.42851822772771,79.12968313734297,80.16378770967711,2046000,VTI
2014-04-29,80.38711547851562,80.49466634528882,80.05620090139992,80.24647883453439,3062500,VTI
2014-04-30,80.68492889404297,80.70974637999366,80.04792361185227,80.38710643929488,1423900,VTI
2014-05-01,80.70977020263672,80.94140855544107,80.36231267343018,80.58568273625706,1776300,VTI
2014-05-02,80.64359283447266,81.09859494130971,80.53604194736778,80.73458820650265,1687900,VTI
2014-05-05,80.77597045898438,80.82560545540873,79.9652360629125,80.24650945821453,1300900,VTI
2014-05-06,80.03142547607422,80.6518882673964,80.00660797428915,80.5774357620412,1335400,VTI
2014-05-07,80.40369415283203,80.42023704750028,79.55159306477718,80.27132574879447,1644100,VTI
2014-05-08,80.18860626220703,80.90834532620227,79.965242448787,80.32096836713319,1863500,VTI
2014-05-09,80.38711547851562,80.38711547851562,79.83283719105741,80.18856925691443,1637500,VTI
2014-05-12,81.29714965820312,81.32197346589034,80.70151081883117,80.75114581086072,1847400,VTI
2014-05-13,81.24752044677734,81.54534304348904,81.18961084806523,81.40470634828432,1526600,VTI
2014-05-14,80.8007583618164,81.23094921216894,80.67666460453508,81.18958252251826,1387500,VTI
2014-05-15,80.05622100830078,80.60223114442805,79.59294427098467,80.54432155226353,2149200,VTI
2014-05-16,80.39543151855469,80.40370612295715,79.77496873352108,80.18033598580769,1149800,VTI
2014-05-19,80.76768493652344,80.80905163573328,80.06449523166114,80.19686361979493,1209700,VTI
2014-05-20,80.16378021240234,80.75942540022716,79.9321418197311,80.6766919928393,1858800,VTI
2014-05-21,80.78423309326172,80.84214268440124,80.32922465454261,80.43677554642461,1286400,VTI
2014-05-22,81.0572280883789,81.23095684021861,80.68494678157558,80.81731515155131,962400,VTI
2014-05-23,81.4791488647461,81.49569806902194,81.08205632553522,81.15650880976021,1171900,VTI
2014-05-27,82.01688385009766,82.03343305426384,81.71906129182707,81.76042799057046,1458800,VTI
2014-05-28,81.9258804321289,82.11615840598938,81.75215166208514,82.03343132192167,1383000,VTI
2014-05-29,82.36433410644531,82.36433410644531,81.90105741755563,82.11615287097078,1320000,VTI
2014-05-30,82.38089752197266,82.46362461473673,82.14098453478606,82.26507832976844,1444700,VTI
2014-06-02,82.48019409179688,82.59601332132935,82.03346638455709,82.56292752289833,2762600,VTI
2014-06-03,82.44706726074219,82.4967022453608,82.16578762066993,82.27333219123408,942000,VTI
2014-06-04,82.62078857421875,82.70351564501965,82.17405481788873,82.21541519745372,1754100,VTI
2014-06-05,83.29090881347656,83.35709301287157,82.43053315635942,82.74489863597672,1797400,VTI
2014-06-06,83.72105407714844,83.76242076021641,83.43150623068162,83.54732536926835,1929400,VTI
2014-06-09,83.8616943359375,84.10987549141505,83.6714164362355,83.72105140499713,1683400,VTI
2014-06-10,83.8451919555664,83.8451919555664,83.53910106173053,83.72937275600586,1569800,VTI
2014-06-11,83.56391143798828,83.65491313155468,83.33227305860926,83.60527182763599,2068800,VTI
2014-06-12,82.96826171875,83.49772264581607,82.77798373948933,83.45635594677223,2197400,VTI
2014-06-13,83.24124908447266,83.2991586638172,82.81933282829351,83.10060612463244,2099300,VTI
2014-06-16,83.30744171142578,83.46462758821002,82.98480166767952,83.10062084688731,2778000,VTI
2014-06-17,83.60527801513672,83.72109721339784,83.1089091209215,83.19163621801188,1089700,VTI
2014-06-18,84.22575378417969,84.25057128599164,83.44811137681846,83.62184020117598,1326200,VTI
2014-06-19,84.32498931884766,84.38289889895854,83.99407472749796,84.30017182903883,2130700,VTI
2014-06-20,84.52354431152344,84.54836180390508,84.36636475588247,84.54836180390508,1952800,VTI
2014-06-23,84.49873352050781,84.58973520757198,84.34154764072936,84.54010021887225,1308600,VTI
2014-06-24,83.90894317626953,84.78948245980574,83.82587450875852,84.34921281803763,1613400,VTI
2014-06-25,84.33260345458984,84.3990609301323,83.71788765015644,83.75111638792767,1379200,VTI
2014-06-26,84.28274536132812,84.34089405546844,83.70125841992491,84.34089405546844,1423900,VTI
2014-06-27,84.50704193115234,84.5236531284229,84.08338351682804,84.08338351682804,1378800,VTI
2014-06-30,84.54025268554688,84.65655640135769,84.35750418980251,84.35750418980251,1600800,VTI
2014-07-01,85.14669799804688,85.41252158218995,84.73134825171495,84.78949696269204,1818500,VTI
2014-07-02,85.09683227539062,85.25466082152136,85.03037481505545,85.17159216496852,1504300,VTI
2014-07-03,85.54541778564453,85.56202898325245,85.2795942597884,85.34604538795284,987100,VTI
2014-07-07,85.09683227539062,85.40418693840938,84.98883731791291,85.39588450916666,2198400,VTI
2014-07-08,84.44891357421875,85.0137831457271,84.1913924215047,85.0137831457271,2130100,VTI
2014-07-09,84.81439971923828,84.86424598834039,84.4405875585033,84.65657115732476,1866600,VTI
2014-07-10,84.44059753417969,84.68980355819951,83.79265299890105,83.92556161083156,1564100,VTI
2014-07-11,84.5153579711914,84.5568954776559,84.1498545327853,84.42398052715646,1252800,VTI
2014-07-14,84.92240142822266,85.07192757193185,84.86425272443205,84.98055013201326,1060300,VTI
2014-07-15,84.70639038085938,85.14665990094431,84.32426954573411,84.98052261183989,2591200,VTI
2014-07-16,84.92240142822266,85.13007627572246,84.68980027532683,85.03039006733853,1933100,VTI
2014-07-17,83.942138671875,84.96389491936382,83.82584131586376,84.63161404316146,1980400,VTI
2014-07-18,84.84760284423828,84.93067148402639,84.149818664741,84.18304105047147,996200,VTI
2014-07-21,84.64827728271484,85.04700947928823,84.27445871847655,84.59012857330897,1434700,VTI
2014-07-22,85.0802230834961,85.25466918068105,84.93069695194714,84.97223445316241,1198300,VTI
2014-07-23,85.27957153320312,85.379251367752,85.03866803682486,85.21311408501649,736500,VTI
2014-07-24,85.29620361328125,85.49556966892985,85.20482618408136,85.42911220446943,926000,VTI
2014-07-25,84.84760284423828,85.08019757073738,84.67315679936397,85.0386664197088,1139700,VTI
2014-07-28,84.82270812988281,84.96392549332293,84.32428980509056,84.88085682881304,1189400,VTI
2014-07-29,84.5153579711914,85.13008011065078,84.4987467712458,84.97224519136613,1090900,VTI
2014-07-30,84.57349395751953,84.94731244627563,84.21629300394338,84.8310150509469,1552900,VTI
2014-07-31,82.85395050048828,84.13322824621359,82.85395050048828,84.0003196472688,2938500,VTI
2014-08-01,82.646240234375,83.18619584211415,82.20597078640824,82.69608648312635,5157300,VTI
2014-08-04,83.21115112304688,83.38559722340803,82.41368051951035,82.85395015438368,3320100,VTI
2014-08-05,82.48016357421875,83.17794819212713,82.18111121290518,82.82074711265453,2855200,VTI
2014-08-06,82.49674987792969,82.88717958389952,82.00664030676451,82.08970897367163,1763200,VTI
2014-08-07,82.06478881835938,82.97024805970776,81.87372518095331,82.92040812722487,3313500,VTI
2014-08-08,83.01177215576172,83.04500088462831,82.04815803182696,82.2059929095102,1566700,VTI
2014-08-11,83.31083679199219,83.68464895641202,83.25268809224393,83.33575675792245,1979500,VTI
2014-08-12,83.16128540039062,83.47694876918686,82.87884441758894,83.21112531711344,1375300,VTI
2014-08-13,83.75111389160156,83.81757136516315,83.32745541981335,83.50190153461237,1208200,VTI
2014-08-14,84.11659240722656,84.11659240722656,83.79262026614376,83.84246018393152,1850400,VTI
2014-08-15,84.12490844726562,84.51533810039489,83.50188402318247,84.41565824869018,3760300,VTI
2014-08-18,84.88084411621094,84.91407284458481,84.50703201303578,84.61502062695192,2718600,VTI
2014-08-19,85.30451965332031,85.36266835524742,84.9805474086217,85.07192484561189,1896800,VTI
2014-08-20,85.50389862060547,85.58696730192398,85.08024010682666,85.14669758697514,2929800,VTI
2014-08-21,85.6949462890625,85.81954611890563,85.40419645214065,85.56203135358588,1591300,VTI
2014-08-22,85.57034301757812,85.77801785798928,85.37927937579727,85.66172045437769,1746400,VTI
2014-08-25,86.01889038085938,86.18502765812002,85.87766672368386,86.0604215313091,1216700,VTI
2014-08-26,86.1767349243164,86.35948976593937,86.06874630778105,86.10197503696087,1464800,VTI
2014-08-27,86.12691497802734,86.28474989381097,85.99400003047617,86.23490361961252,1154500,VTI
2014-08-28,86.03551483154297,86.10197228778065,85.71985142101174,85.79461130598024,1429300,VTI
2014-08-29,86.29304504394531,86.3345825459838,85.91092410857664,86.18505641147145,1737000,VTI
2014-09-02,86.35950469970703,86.61701947321643,86.02722368818104,86.42596216955886,1738200,VTI
2014-09-03,86.26811218261719,86.75822801493113,86.14350603286063,86.71669051910159,1523900,VTI
2014-09-04,86.08538055419922,86.71671390220088,85.86940326329723,86.40105039706692,1591200,VTI
2014-09-05,86.48412322998047,86.49243199933257,85.73649243164252,86.05215595194784,1490400,VTI
2014-09-08,86.30967712402344,86.52566076309989,86.0189335739594,86.36782583403624,1416200,VTI
2014-09-09,85.70323181152344,86.25979873413196,85.55370570747753,86.20165004576587,1296100,VTI
2014-09-10,86.02721405029297,86.06044278149618,85.43741833133419,85.75308810889835,1290900,VTI
2014-09-11,86.18505859375,86.19336736191468,85.63679397407785,85.68664024533278,1617300,VTI
2014-09-12,85.62848663330078,86.13521372082454,85.37927430451661,86.13521372082454,2477200,VTI
2014-09-15,85.4041976928711,85.76139866498762,85.19652285647156,85.64510126362252,3846200,VTI
2014-09-16,86.0105972290039,86.13520337843433,85.1715892497532,85.18820678313433,1242500,VTI
2014-09-17,86.10200500488281,86.52566352721533,85.71988399291527,86.14353617751352,2085200,VTI
2014-09-18,86.54225158691406,86.5837890861717,86.2930392668333,86.40933665947564,1829200,VTI
2014-09-19,86.37609100341797,86.88281159904754,86.17671866595326,86.88281159904754,1933000,VTI
2014-09-22,85.57862091064453,86.22657155064067,85.42079238684371,86.18503405937494,2333100,VTI
2014-09-23,85.03038024902344,85.64509595207731,85.02207148151749,85.35435246669593,1965300,VTI
2014-09-24,85.69378662109375,85.74385398755285,84.81756950813602,85.10129944026339,2364300,VTI
2014-09-25,84.35025787353516,85.5519192460068,84.32522419007904,85.47681819563844,3000900,VTI
2014-09-26,85.03455352783203,85.20144902288641,84.37530549905368,84.52551399126463,2227400,VTI
2014-09-29,84.88434600830078,84.98448075981882,84.20006428408868,84.30019903560672,2827800,VTI
2014-09-30,84.48377227783203,85.11798650899351,84.39197786148021,85.0011584093919,2140500,VTI
2014-10-01,83.37393188476562,84.5672469440815,83.16530930236954,84.37531773360445,3989800,VTI
2014-10-02,83.41561889648438,83.70768912056435,82.45595413166154,83.33217117055486,3237400,VTI
2014-10-03,84.35025787353516,84.50880665764191,83.74942400397235,84.03314757201369,2303800,VTI
2014-10-06,84.1833724975586,84.79255316958846,83.92468256239856,84.75917279623633,1758800,VTI
2014-10-07,82.88157653808594,83.92468941556217,82.85654284769143,83.77448090653937,2152000,VTI
2014-10-08,84.25849151611328,84.34193927764137,82.39757523742192,82.90661485939621,3455700,VTI
2014-10-09,82.52272033691406,84.21673411567973,82.50603333728183,84.07487233551745,3022400,VTI
2014-10-10,81.49632263183594,82.8982601701376,81.4879759464921,82.48936172146628,3784900,VTI
2014-10-13,80.19451141357422,81.7883908403491,80.1360973509867,81.53804121974241,5352300,VTI
2014-10-14,80.44482421875,81.36276179645645,80.14440735816935,80.60337296369637,3914100,VTI
2014-10-15,79.9942398071289,80.28631013565703,78.09160296225349,79.43513284013854,8265900,VTI
2014-10-16,80.16947937011719,80.71189931479323,78.2584959024571,78.2584959024571,6327700,VTI
2014-10-17,81.0456771850586,81.61313068238623,80.67015283683438,81.31271375046842,3855100,VTI
2014-10-20,81.85513305664062,81.88851342553777,80.887127825241,80.96222888026878,2487500,VTI
2014-10-21,83.47404479980469,83.54915222046854,82.2890703699668,82.2890703699668,4004400,VTI
2014-10-22,82.8231201171875,83.84954546505506,82.7813930767647,83.69933703284646,3905800,VTI
2014-10-23,83.82455444335938,84.35028744687664,83.48241670508173,83.67434592330532,4211600,VTI
2014-10-24,84.40869903564453,84.4337327271414,83.61592939385955,83.93303979723595,2899600,VTI
2014-10-27,84.2918472290039,84.37529496611394,83.74108070410001,84.15832575630445,2585900,VTI
2014-10-28,85.38502502441406,85.39337170790589,84.52550125772441,84.65067604348546,2847500,VTI
2014-10-29,85.25985717773438,85.68544893729815,84.65902325050425,85.50186008546066,2621200,VTI
2014-10-30,85.78558349609375,86.01089301827126,84.8843326740755,85.01784777734443,2593400,VTI
2014-10-31,86.80367279052734,86.95388128982472,86.39477435169488,86.78698578689666,3276300,VTI
2014-11-03,86.8537368774414,87.17084084440796,86.64511433865046,86.94553130384179,3672500,VTI
2014-11-04,86.5366439819336,86.75361324866124,86.07767812409949,86.70354586659175,2584200,VTI
2014-11-05,86.945556640625,87.21259331342831,86.63679290124198,87.20424662678107,2580400,VTI
2014-11-06,87.37112426757812,87.37112426757812,86.68684253573356,87.05402027314217,2096200,VTI
2014-11-07,87.43785858154297,87.52130630573113,87.07902763754596,87.37944453794593,1746300,VTI
2014-11-10,87.70491790771484,87.70491790771484,87.3627802396482,87.5213290468062,2923500,VTI
2014-11-11,87.78837585449219,87.82175623005024,87.53803258779027,87.76334216448755,1178000,VTI
2014-11-12,87.77168273925781,87.87182385896,87.40450500033829,87.4629190618341,1089800,VTI
2014-11-13,87.75498962402344,88.08878059980586,87.39615859506804,87.88850474100546,1671100,VTI
2014-11-14,87.76333618164062,87.89685767477064,87.57140699358524,87.81340992489199,2173900,VTI
2014-11-17,87.75498962402344,87.87181773887824,87.47960633901366,87.62146814038665,1449600,VTI
2014-11-18,88.27239990234375,88.43095512718571,87.80508728174463,87.82177428962734,1486000,VTI
2014-11-19,88.04706573486328,88.22230791873655,87.64650762411357,88.16389385744546,1771200,VTI
2014-11-20,88.29739379882812,88.3140871658435,87.5713915000111,87.67987291899475,1502500,VTI
2014-11-21,88.76471710205078,89.24037621978032,88.50602083335268,89.16526879768911,3435600,VTI
2014-11-24,89.09017944335938,89.09851976173371,88.87321019917678,88.99838500799963,3990900,VTI
2014-11-25,89.07349395751953,89.34887728797393,88.87321806566898,89.22370246807141,2310700,VTI
2014-11-26,89.27375793457031,89.29044493603412,88.98168129239052,89.09850940260064,1178300,VTI
2014-11-28,88.9566650390625,89.2988091193357,88.85653027734801,89.2487353718227,944100,VTI
2014-12-01,88.20560455322266,88.91492625993224,88.06374275854252,88.87319920660069,2754700,VTI
2014-12-02,88.75637817382812,88.86485960782316,88.24733864253876,88.28906569919722,2450900,VTI
2014-12-03,89.15692138671875,89.28209617808038,88.77305669542292,88.8231304319602,3299500,VTI
2014-12-04,89.04845428466797,89.29880390765474,88.65624284642787,89.04010759946031,2417600,VTI
2014-12-05,89.24873352050781,89.43232240205049,89.0401109490558,89.17363245077979,3314700,VTI
2014-12-08,88.61454772949219,89.34889707332854,88.28909694567152,89.09854737808624,2070200,VTI
2014-12-09,88.66459655761719,88.73135731125798,87.4712751445755,87.65486403375974,3044100,VTI
2014-12-10,87.21257019042969,88.61451394260853,87.09574207496935,88.43092508498377,3507300,VTI
2014-12-11,87.61312866210938,88.44761890351116,87.42119947191392,87.56306128495495,3340100,VTI
2014-12-12,86.23621368408203,87.41284791487327,86.22787336612467,86.97056913024561,3956600,VTI
2014-12-15,85.61031341552734,86.93715563046307,85.31824323194165,86.5783247287285,4328100,VTI
2014-12-16,84.97612762451172,86.79531628034063,84.95109394040809,85.14302309630536,7528300,VTI
2014-12-17,86.79533386230469,86.96222936790603,85.12635333966954,85.32662921972224,4949000,VTI
2014-12-18,88.84815979003906,88.84815979003906,87.64649203813497,88.0887707616402,6384400,VTI
2014-12-19,89.21533966064453,89.49906323869394,88.77305455958734,88.96499008394454,3575600,VTI
2014-12-22,89.56851196289062,89.57690267645043,89.1574566018087,89.47623971468948,5630200,VTI
2014-12-23,89.76985168457031,89.96279329691588,89.61046012635848,89.96279329691588,4050500,VTI
2014-12-24,89.7950210571289,90.05507558873856,89.77823962914405,90.05507558873856,1702600,VTI
2014-12-26,90.0634536743164,90.28995171843702,89.98795005945047,90.02150651047549,3293500,VTI
2014-12-29,90.25640869140625,90.35707805945404,90.00474487164612,90.0634670696141,3746700,VTI
2014-12-30,89.8117904663086,90.14734860237878,89.75306827251426,90.11379214874785,4473000,VTI
2014-12-31,88.92256927490234,90.08862886941259,88.90579424774822,89.92085299691414,2224400,VTI
2015-01-02,88.85546875,89.52658513400888,88.31018748802279,89.33363709352828,5298300,VTI
2015-01-05,87.32868957519531,88.54508728412063,87.12735720967132,88.37730497931688,5383500,VTI
2015-01-06,86.47299194335938,87.66421708928094,85.99482374251828,87.58032916637234,4226100,VTI
2015-01-07,87.50482940673828,87.62227378402679,86.86727604438315,87.32027212807391,3661500,VTI
2015-01-08,89.04840850830078,89.12390573435387,88.17595985032966,88.25984779046851,2796200,VTI
2015-01-09,88.3101806640625,89.21618579239305,88.01656966883678,89.19102004997937,3272500,VTI
2015-01-12,87.68102264404297,88.5450871115572,87.34547083557042,88.5450871115572,3705900,VTI
2015-01-13,87.47968292236328,88.92257861832161,86.76662578896246,88.3605223461313,2936200,VTI
2015-01-14,87.00151062011719,87.06862353319768,85.98645181067361,86.43945437360738,3291600,VTI
2015-01-15,86.12067413330078,87.46290033910813,86.04517050909693,87.28673374961836,5615200,VTI
2015-01-16,87.2615737915039,87.33707742624955,85.91934739829513,86.07873898257128,2768900,VTI
2015-01-20,87.38739013671875,87.68939181032181,86.5736637606349,87.59711316559648,3186900,VTI
2015-01-21,87.78166961669922,88.04172412194754,86.90922105687137,87.18605698840344,3119400,VTI
2015-01-22,89.11550903320312,89.18261553584247,87.47127491388481,88.28500126062454,3583500,VTI
2015-01-23,88.7128677368164,89.15747966691984,88.65414552718465,89.01486950070569,4571900,VTI
2015-01-26,89.08198547363281,89.10715122144438,88.25147739440455,88.71287077175359,4106500,VTI
2015-01-27,88.04171752929688,88.59538935090153,87.54677429504883,88.39405705224455,2709300,VTI
2015-01-28,86.85050201416016,88.68767784426751,86.74983905376354,88.62056493717705,2830400,VTI
2015-01-29,87.68102264404297,87.7649169964016,86.25490825731316,86.99313119628945,2607200,VTI
2015-01-30,86.48978424072266,87.67262531074536,86.36394913111009,86.96795253705875,4486900,VTI
2015-02-02,87.46290588378906,87.52162808400833,85.77673070572192,86.81695528113735,4083200,VTI
2015-02-03,88.80513000488281,88.81352071906336,87.84040268178941,87.99979425002145,3322000,VTI
2015-02-04,88.49472045898438,89.04000157089463,88.28499744672953,88.45277969667644,3141700,VTI
2015-02-05,89.46786499023438,89.5265871951691,88.7883578757151,88.87225222582784,3163500,VTI
2015-02-06,89.19939422607422,89.91245119662855,88.93933333545718,89.66078101867362,2844500,VTI
2015-02-09,88.75480651855469,89.21619343622862,88.57863350608548,88.91419170091031,1773800,VTI
2015-02-10,89.66079711914062,89.79502294488324,88.78834845253256,89.34202038336139,1866300,VTI
2015-02-11,89.7027359008789,89.92084964719315,89.23295835519194,89.48462215456465,2184600,VTI
2015-02-12,90.56681060791016,90.59197635250156,89.98797288134682,90.15575517902327,4443400,VTI
2015-02-13,90.99466705322266,91.00305776997264,90.53327363559812,90.6003865691147,3147700,VTI
2015-02-17,91.13724517822266,91.23791454308598,90.70940837785277,90.9107471075794,4147000,VTI
2015-02-18,91.18757629394531,91.22952346252957,90.82685240493447,90.9526875104479,2542600,VTI
2015-02-19,91.16240692138672,91.33857350199209,90.81846447360644,90.92751814724622,2349000,VTI
2015-02-20,91.67414855957031,91.70770501924761,90.60875816583724,90.99464785176576,2402600,VTI
2015-02-23,91.66573333740234,91.66573333740234,91.32179091808484,91.581845410757,3034000,VTI
2015-02-24,91.8754653930664,91.96774404152646,91.47280074545817,91.6741330692623,2856500,VTI
2015-02-25,91.84192657470703,92.09359041018948,91.65736925520926,91.85031088905514,2652100,VTI
2015-02-26,91.7831802368164,91.88384318444203,91.45600645631829,91.81673028586609,1742000,VTI
2015-02-27,91.45601654052734,91.84191254976986,91.41407577447158,91.73285247749911,1825400,VTI
2015-03-02,92.01807403564453,92.04323977393315,91.4560114794979,91.5315150946024,2681100,VTI
2015-03-03,91.64058685302734,91.95097928709068,91.22114073143683,91.83353488506452,2615700,VTI
2015-03-04,91.2714614868164,91.40568089240804,90.76812111519132,91.35534941534101,1949900,VTI
2015-03-05,91.41407012939453,91.52312379469193,91.12884349672957,91.46440160564893,1752500,VTI
2015-03-06,90.14736938476562,91.15404402505285,89.9628120473676,90.9946524336199,2799000,VTI
2015-03-09,90.48291778564453,90.64230935979202,90.19769109507743,90.2648040105332,1827900,VTI
2015-03-10,89.10713958740234,89.8453624945356,89.09874887248031,89.76147454603594,3543800,VTI
2015-03-11,89.0400161743164,89.33362715958053,88.905796752584,89.28329567646081,3071300,VTI
2015-03-12,90.1557388305664,90.18929528401671,89.27489952815334,89.316846695026,3907600,VTI
2015-03-13,89.65241241455078,90.09702425996642,89.06518402984516,90.07185851780925,2073000,VTI
2015-03-16,90.77652740478516,90.79330883351288,89.97958234669261,90.06347028961186,2706600,VTI
2015-03-17,90.6003646850586,90.75975626359987,90.15575280832773,90.43258879203414,1754000,VTI
2015-03-18,91.64058685302734,91.96775431584875,90.0550810254344,90.33191700174172,3662900,VTI
2015-03-19,91.31341552734375,91.60702651998841,91.07852673322803,91.46441638073809,3901300,VTI
2015-03-20,92.07682800292969,92.29493541019747,91.74966049178718,91.85032347968283,1741100,VTI
2015-03-23,91.91743469238281,92.35365589903097,91.91743469238281,92.04326982514849,2084200,VTI
2015-03-24,91.43083953857422,92.0600085540617,91.38889877768463,91.89223271002699,3398600,VTI
2015-03-25,90.00480651855469,91.65673401047454,90.00480651855469,91.56402323636895,2817000,VTI
2015-03-26,89.82781219482422,90.28293604537467,89.32212117094936,89.66767423901658,3164500,VTI
2015-03-27,90.0722427368164,90.15652351348771,89.6929695964789,89.84467756657169,3298000,VTI
2015-03-30,91.2184829711914,91.35333093324427,90.62007464328317,90.67907183234593,1885800,VTI
2015-03-31,90.39250183105469,91.58930544025267,90.18179669858137,90.79705851469602,2077100,VTI
2015-04-01,90.22396087646484,90.52737685084982,89.66769611335513,90.46837322729714,11026400,VTI
2015-04-02,90.510498046875,90.77177035883238,90.05537417977439,90.2070821354746,2041200,VTI
2015-04-06,91.1341552734375,91.37015035505611,90.0047791759152,90.4093293125587,2186600,VTI
2015-04-07,90.83077239990234,91.47974785687013,90.83077239990234,91.13418832753727,1983900,VTI
2015-04-08,91.2184829711914,91.38704453131032,90.78864263361342,91.02463138986444,2454300,VTI
2015-04-09,91.53875732421875,91.623038108713,90.80550099567411,91.19319774851708,2214200,VTI
2015-04-10,91.96856689453125,91.99385047839375,91.56401026210274,91.75786178873109,2406100,VTI
2015-04-13,91.60618591308594,92.22987144405556,91.58090232037542,91.9011718783951,3524800,VTI
2015-04-14,91.74104309082031,91.8506139105108,91.15950110948295,91.58091151084658,1460800,VTI
2015-04-15,92.20455932617188,92.44897803044456,91.9348570370106,92.06970496648634,1512400,VTI
2015-04-16,92.16242218017578,92.3984108959287,91.91800345880019,92.06128783354467,1490200,VTI
2015-04-17,91.09205627441406,91.69888816378115,90.69592954495438,91.61460095564924,2657000,VTI
2015-04-20,91.83373260498047,92.01915416743071,91.5471766849835,91.58931385722433,2005000,VTI
2015-04-21,91.8084487915039,92.30570986212406,91.65674082534318,92.24671267696216,3909900,VTI
2015-04-22,92.19615936279297,92.28887015773367,91.4713330188267,91.9348869935302,1469300,VTI
2015-04-23,92.48269653320312,92.77768242292314,91.95171550149696,91.98542909320928,2340700,VTI
2015-04-24,92.5838623046875,92.71028670896948,92.39001712430583,92.64285950265744,1775100,VTI
2015-04-27,92.10342407226562,92.94624458014538,92.01071330198204,92.87039382093708,1827800,VTI
2015-04-28,92.34786224365234,92.41528944173628,91.44604436746735,92.32257865192376,2595000,VTI
2015-04-29,91.94327545166016,92.25512131827374,91.5555788346378,91.87585470581107,2432000,VTI
2015-04-30,90.94878387451172,91.80002814287718,90.5779407127135,91.6820337605253,3635900,VTI
2015-05-01,91.78313446044922,91.8505616295391,91.21844638729111,91.36172429895056,3924700,VTI
2015-05-04,92.10342407226562,92.42369998059445,91.96857613471416,92.06971048032521,1713300,VTI
2015-05-05,91.00775909423828,92.1708490524283,90.9234719012974,92.01071110209263,1692700,VTI
2015-05-06,90.75492858886719,91.47975486819148,90.19024029201564,91.344900476591,3691700,VTI
2015-05-07,91.10047149658203,91.33646665541349,90.50206966894753,90.68749122149552,2363500,VTI
2015-05-08,92.2466812133789,92.36467554345708,91.93484181111887,91.9601253918201,1796400,VTI
2015-05-11,91.85900115966797,92.3646921552672,91.80843398917101,92.1455634629738,1656900,VTI
2015-05-12,91.58930969238281,91.87587202955987,90.96562427176544,91.42917815681184,1657500,VTI
2015-05-13,91.639892578125,92.12030009390315,91.51346819392836,91.84216773471283,2424500,VTI
2015-05-14,92.55011749267578,92.58383108446323,91.95171570642154,92.14556725164678,1579200,VTI
2015-05-15,92.65970611572266,92.70184329091312,92.37314374545518,92.60913250319817,1862700,VTI
2015-05-18,93.00523376464844,93.13165811600621,92.49954278942698,92.55010995788624,2769100,VTI
2015-05-19,92.9631118774414,93.18224059691359,92.81140391692414,93.03053263639632,2845000,VTI
2015-05-20,92.90411376953125,93.28338045194313,92.73554579829549,92.99681811594765,2478400,VTI
2015-05-21,93.1401138305664,93.26653821682147,92.76927067894123,92.86198146684752,1476400,VTI
2015-05-22,92.9631118774414,93.1738170209259,92.89568468827581,93.03053263639632,1187900,VTI
2015-05-26,91.9938735961914,92.72712343330548,91.75788484722545,92.72712343330548,2226700,VTI
2015-05-27,92.836669921875,92.9462342608594,92.0359866701584,92.24669177373495,2562200,VTI
2015-05-28,92.75240325927734,92.7776868467146,92.34784656964989,92.6849760726377,2022400,VTI
2015-05-29,92.12871551513672,92.72711735513609,92.01915115464469,92.70183376657721,1943200,VTI
2015-06-01,92.35626983642578,92.67653930427886,91.91799958545846,92.54169137104965,2354900,VTI
2015-06-02,92.28883361816406,92.65124664665838,91.82527982699365,92.0781285185792,1925300,VTI
2015-06-03,92.60911560058594,92.89567791855131,92.31412970724672,92.5248348353762,1731100,VTI
2015-06-04,91.8674545288086,92.54171364789363,91.6736029422529,92.28886487068387,1845800,VTI
2015-06-05,91.79158782958984,92.03600012689024,91.30275037456823,91.79158782958984,3342700,VTI
2015-06-08,91.2269058227539,91.83373772269556,91.17633864116253,91.76631052709953,2990700,VTI
2015-06-09,91.15103149414062,91.42916378143784,90.79704845405851,91.23531225174928,2976500,VTI
2015-06-10,92.2635726928711,92.42371066554878,91.52188644485726,91.61459722585899,1592600,VTI
2015-06-11,92.52482604980469,92.71867757856937,92.35626453539074,92.46582887673884,1850500,VTI
2015-06-12,91.91798400878906,92.28882701519275,91.76627609073381,92.1034055119909,1490900,VTI
2015-06-15,91.49657440185547,91.66514232862401,90.91503273757854,91.26058573458843,2865500,VTI
2015-06-16,92.0022964477539,92.07814721250338,91.3617510145123,91.40388818485846,2604800,VTI
2015-06-17,92.15398406982422,92.44897636878173,91.64829309051225,92.14556049515262,1911700,VTI
2015-06-18,93.06422424316406,93.3507865143079,92.35625821482486,92.35625821482486,2496300,VTI
2015-06-19,92.65970611572266,93.06425643465026,92.59227891916427,93.03897284349371,1735900,VTI
2015-06-22,93.22437286376953,93.46879157212116,93.0895185018335,93.28337003956408,1864800,VTI
2015-06-23,93.31708526611328,93.4266496144498,93.09795013923024,93.32551527143455,3080400,VTI
2015-06-24,92.60911560058594,93.3086581692262,92.59226201962807,93.18223380630648,4931200,VTI
2015-06-25,92.32254791259766,92.91251962386866,92.24669073245745,92.87880603605184,2110800,VTI
2015-06-26,92.27008819580078,92.59173189270871,91.96537039544546,92.50708949434357,1503900,VTI
2015-06-29,90.3401870727539,91.83837711138823,90.27247059044974,91.44055085010024,3642700,VTI
2015-06-30,90.5856704711914,91.11892982925356,90.29788503677122,91.09353775654598,3394000,VTI
2015-07-01,91.17819213867188,91.50830204287132,90.80575780252825,91.4321193569321,12016300,VTI
2015-07-02,91.05968475341797,91.58447150707886,90.86500142177523,91.45751113622617,3140000,VTI
2015-07-06,90.82266998291016,91.23742220106251,90.24709270845781,90.5602701871891,2570800,VTI
2015-07-07,91.32209014892578,91.41519873833899,89.66307435416624,90.94119607063683,3329600,VTI
2015-07-08,89.79847717285156,90.80573903314904,89.64612474806738,90.65338015056454,2938900,VTI
2015-07-09,89.98469543457031,91.15278236834773,89.95083718714774,90.69570571484358,3064800,VTI
2015-07-10,91.07658386230469,91.27972685372059,90.65336552980531,91.05965797043639,3432400,VTI
2015-07-13,92.10924530029297,92.16849561346693,91.73681107017099,91.90610229195362,2835300,VTI
2015-07-14,92.5240249633789,92.68485005737227,91.91458929961641,92.09234674971523,2292500,VTI
2015-07-15,92.40550994873047,92.73561980569306,92.18544101595587,92.57480119448097,2555700,VTI
2015-07-16,93.04881286621094,93.0657387635408,92.81181155678462,92.98109636128875,1314000,VTI
2015-07-17,93.0741958618164,93.10805411097466,92.8118025030908,93.09958793423492,1295400,VTI
2015-07-20,93.0826416015625,93.28578459410976,92.9218165678213,93.15035808501135,1339000,VTI
2015-07-21,92.6763687133789,93.14191156307018,92.51555010350428,93.00647856759612,1661000,VTI
2015-07-22,92.54097747802734,92.68487024725992,92.261651661656,92.34629408721617,1852400,VTI
2015-07-23,92.0076904296875,92.71023462169991,91.85533152609206,92.65945047310183,1569500,VTI
2015-07-24,91.04273986816406,92.1177182173048,90.89884716246814,92.05000172363603,2073500,VTI
2015-07-27,90.4417724609375,90.95809943510972,90.2301632570243,90.61952341728853,2958400,VTI
2015-07-28,91.51675415039062,91.60986272011137,90.38252541824734,90.70417555284651,2198600,VTI
2015-07-29,92.14313507080078,92.24470983862348,91.46598286758682,91.56755763540951,1624200,VTI
2015-07-30,92.21930694580078,92.29548963251855,91.55908713065476,91.89766321626345,1390400,VTI
2015-07-31,92.12618255615234,92.54940097610776,92.00768191518887,92.52400890415853,2422700,VTI
2015-08-03,91.79607391357422,92.25315058807891,91.32207134348077,92.25315058807891,2654600,VTI
2015-08-04,91.64373016357422,92.05002276064016,91.41519501746333,91.79608908024873,1600000,VTI
2015-08-05,91.94841766357422,92.54938695392181,91.80452497246274,92.12616859808833,1253600,VTI
2015-08-06,91.19512176513672,92.1939176965184,90.77190325959876,92.1939176965184,1969500,VTI
2015-08-07,90.93272399902344,91.16125913962549,90.47564726001777,91.09354908991477,3295100,VTI
2015-08-10,92.06694793701172,92.13466444562529,91.45751873289474,91.4829108091744,1981300,VTI
2015-08-11,91.23743438720703,91.60986869036168,90.88193243845089,91.41518536158509,1833100,VTI
2015-08-12,91.3305435180664,91.44057799112127,89.79848832574241,90.57721518778048,2611300,VTI
2015-08-13,91.20355987548828,91.61831207509074,90.94116654930303,91.33899285532577,3545400,VTI
2015-08-14,91.55062866210938,91.60987899356584,91.02583539935078,91.1612619607648,1154500,VTI
2015-08-17,92.13467407226562,92.14314025117733,91.00045149458747,91.3220952574061,1739100,VTI
2015-08-18,91.89763641357422,92.16849591150248,91.72835164904399,92.0753873536709,2695000,VTI
2015-08-19,91.07658386230469,91.79605373599377,90.63643963793702,91.45748423623367,2183200,VTI
2015-08-20,89.09596252441406,90.56876113088123,89.08749634603036,90.39947631001905,4377900,VTI
2015-08-21,86.53126525878906,88.65581767331652,86.48894082180067,88.30031565070266,9877600,VTI
2015-08-24,83.05241394042969,85.71868574717156,78.71865348810356,81.59654103621845,18137000,VTI
2015-08-25,82.06204223632812,86.09954924401919,81.99433220268263,85.8371559119177,9215900,VTI
2015-08-26,85.04151916503906,85.13462774371648,82.43449187767382,84.63522659828293,8299100,VTI
2015-08-27,87.09834289550781,87.22530969961,85.42239528851884,86.31115645943419,8779300,VTI
2015-08-28,87.16607666015625,87.45386211254186,86.64974962353389,86.83596032094748,5165600,VTI
2015-08-31,86.51431274414062,87.19146483137274,86.29423734712006,86.78517228747329,4526300,VTI
2015-09-01,83.97500610351562,85.34623623946298,83.58564589504195,84.60136761646882,9264700,VTI
2015-09-02,85.55783081054688,85.55783081054688,84.2627835773838,85.3038971947972,7681000,VTI
2015-09-03,85.6594009399414,86.70898721375319,85.40547377650971,85.9810510545419,5151300,VTI
2015-09-04,84.44053649902344,84.99072170747449,84.01731810141499,84.57596302820201,4317800,VTI
2015-09-08,86.57354736328125,86.60740560728117,85.54089352358271,85.98950395543213,3342000,VTI
2015-09-09,85.38856506347656,87.52158999049676,85.22774641945507,87.386156966266,3691200,VTI
2015-09-10,85.82870483398438,86.3958160195502,85.17694479032116,85.38855401996224,3696000,VTI
2015-09-11,86.21807861328125,86.23500451288433,85.23620853344467,85.52400048911485,2007900,VTI
2015-09-14,85.8879623413086,86.26039668311358,85.65942073781854,86.26039668311358,3711100,VTI
2015-09-15,86.97137451171875,87.15759162664631,85.93872066188395,86.17572191441002,2388300,VTI
2015-09-16,87.70779418945312,87.8009027653815,86.9290673309793,87.07296651237839,2447500,VTI
2015-09-17,87.58930206298828,88.8928093372275,87.38615253693915,87.72472862255268,4726600,VTI
2015-09-18,86.20113372802734,87.08989508637528,85.98952449583034,86.37889116593796,3271800,VTI
2015-09-21,86.54816436767578,87.19991787404908,86.05722946491125,86.6920570764101,2680300,VTI
2015-09-22,85.38856506347656,85.69328291019373,84.82145380456484,85.49013983164963,3034000,VTI
2015-09-23,85.2192611694336,85.72712198103868,84.93146928625033,85.52397894795676,1788900,VTI
2015-09-24,84.9145278930664,85.09227882179664,83.88187410518651,84.66059430470926,3723400,VTI
2015-09-25,84.74267578125,85.81461586618124,84.28327288770804,85.72103343468196,4937800,VTI
2015-09-28,82.47119140625,84.33431784292696,82.35208767023109,84.2747659749175,5606400,VTI
2015-09-29,82.45419311523438,83.23687685564931,81.98628732050885,82.71792844457842,4548600,VTI
2015-09-30,83.98552703857422,84.0450789144824,82.99015718810838,83.46657219537387,3747800,VTI
2015-10-01,84.15568542480469,84.32583830218718,83.12628485664789,84.18971600028118,3808800,VTI
2015-10-02,85.3807601928711,85.38926945940872,82.84553749015167,83.33897109863652,3654500,VTI
2015-10-05,86.95462036132812,87.08223337231779,85.95925055881,86.01029316693892,3405800,VTI
2015-10-06,86.67387390136719,87.16730742043524,86.24850152092938,86.95462123021633,2463100,VTI
2015-10-07,87.45657348632812,87.52462814166164,86.52074895547585,87.15030481998886,2583900,VTI
2015-10-08,88.2137451171875,88.37538224252039,87.09926482945973,87.22687786889956,2521000,VTI
2015-10-09,88.33282470703125,88.52849235535828,87.99252552524467,88.30730340426399,1649500,VTI
2015-10-12,88.34984588623047,88.43491906781226,88.06059577071886,88.34984588623047,1680100,VTI
2015-10-13,87.70327758789062,88.62208352201796,87.61820440673091,87.87343044087773,2221000,VTI
2015-10-14,87.25238037109375,88.00103991274116,87.09924605490836,87.6692499761174,1902900,VTI
2015-10-15,88.57107543945312,88.5795847080866,87.31196979917733,87.55868666418645,2218200,VTI
2015-10-16,88.91136932373047,88.93689063739238,88.34987446048926,88.79226553286169,1902100,VTI
2015-10-19,89.01343536376953,89.0474659381961,88.45194711240204,88.73269448341998,1457900,VTI
2015-10-20,88.91136932373047,89.25166865078546,88.63913116022044,88.80927757841303,1806000,VTI
2015-10-21,88.2137451171875,89.2091151416143,88.12866543044841,89.08150210217448,1777800,VTI
2015-10-22,89.50686645507812,89.6940313638585,88.57955766788037,88.71567347111359,1979200,VTI
2015-10-23,90.44268035888672,90.57880264654301,89.89820418959744,90.28954603060737,2404300,VTI
2015-10-26,90.22999572753906,90.43417916258784,90.0513400898724,90.40014859007971,3078300,VTI
2015-10-27,89.93224334716797,90.12791753168753,89.54941073525525,90.03433507265667,1686000,VTI
2015-10-28,91.11477661132812,91.131795143938,89.85567780627048,90.12791591201281,2421700,VTI
2015-10-29,90.97865295410156,91.1828298931247,90.75745748393689,90.79148805555207,2666900,VTI
2015-10-30,90.62986755371094,91.26792633005716,90.60434624116421,91.14882254439276,2203200,VTI
2015-11-02,91.82090759277344,91.88045948281146,90.75747634875941,90.8425495501467,3396400,VTI
2015-11-03,92.05058288574219,92.36536079196055,91.4976039695581,91.63371975963388,3100800,VTI
2015-11-04,91.82938385009766,92.33132010131943,91.51460597838215,92.314308063425,2893600,VTI
2015-11-05,91.727294921875,92.07610337058398,91.20834012641392,91.91445979770255,2144000,VTI
2015-11-06,91.74430847167969,91.7528177363576,90.96162487865881,91.5146102507136,2078900,VTI
2015-11-09,90.82553100585938,91.79537971173569,90.34910942898297,91.79537971173569,2620800,VTI
2015-11-10,91.02970123291016,91.06373180664377,90.42567315314207,90.57029822350873,1605400,VTI
2015-11-11,90.63835144042969,91.25939150739157,90.62984217507375,91.25939150739157,1342200,VTI
2015-11-12,89.28568267822266,90.31508981147054,89.28568267822266,90.15344618893806,3110400,VTI
2015-11-13,88.34133911132812,89.22611450419058,88.31581780520088,89.12402927968161,3003700,VTI
2015-11-16,89.62596893310547,89.63447819901948,88.21373585278202,88.30731830583174,2635400,VTI
2015-11-17,89.51538848876953,90.25553247275428,89.30270224221407,89.76210531365416,2243300,VTI
2015-11-18,90.94462585449219,91.02969904144402,89.78761233807646,89.82164291099082,2106100,VTI
2015-11-19,90.82553100585938,91.09776912521643,90.70642723430747,90.95314404414178,1623400,VTI
2015-11-20,91.21687316894531,91.54015390831246,91.01269620148548,91.2253824357012,1563500,VTI
2015-11-23,91.12328338623047,91.53163728834495,90.92760921057727,91.22537510709321,3145000,VTI
2015-11-24,91.36149597167969,91.5316423585409,90.44268990502447,90.66388540047893,2032600,VTI
2015-11-25,91.42955780029297,91.59120141247712,91.24239287895735,91.46358837605113,1820300,VTI
2015-11-27,91.56565856933594,91.67625954504653,91.21685658378951,91.53162799916865,552400,VTI
2015-11-30,91.17431640625,91.7528231155877,91.12327379652442,91.69327124068532,3618100,VTI
2015-12-01,92.03359985351562,92.05912116653202,91.3444984393943,91.53165689840445,2443600,VTI
2015-12-02,91.07225036621094,92.11015376299187,90.92761879041707,91.96552867786694,2937200,VTI
2015-12-03,89.71105194091797,91.43806963310337,89.37926193129995,91.2764260163827,3345600,VTI
2015-12-04,91.36149597167969,91.48910900715991,89.85568032688525,90.01731744720283,4520000,VTI
2015-12-07,90.64685821533203,91.25938900010915,90.22998860302427,91.22536492095558,3000500,VTI
2015-12-08,90.10238647460938,90.51924961658366,89.55790382158023,90.12790778055322,3149600,VTI
2015-12-09,89.32821655273438,90.81702016194662,88.88583205046265,89.79612885475424,4179800,VTI
2015-12-10,89.59193420410156,90.22999281402309,89.2601442461958,89.48133971502224,3684900,VTI
2015-12-11,87.83089447021484,88.84328289537123,87.68626940681192,88.62208742208749,5100700,VTI
2015-12-14,88.14567565917969,88.23925811324051,86.92911024705711,87.93298944370838,7237800,VTI
2015-12-15,89.09001922607422,89.4898704226042,88.78375050067548,88.85181165980173,2918000,VTI
2015-12-16,90.38312530517578,90.5362596280749,89.07297754052057,89.7195454028355,5972400,VTI
2015-12-17,89.05596923828125,90.5788032658411,89.05596923828125,90.55328195939803,4939900,VTI
2015-12-18,87.54164123535156,88.78372786471573,87.54164123535156,88.62208427567028,4207700,VTI
2015-12-21,88.23723602294922,88.36557617998672,87.58699054188862,88.28857600235514,3240700,VTI
2015-12-22,89.03292846679688,89.20405083534908,88.16022723395888,88.68213903465397,2876600,VTI
2015-12-23,90.14521789550781,90.17944237562686,89.41796564402134,89.52063255672635,3342300,VTI
2015-12-24,90.03398132324219,90.35054629908427,89.90564117168265,90.02542357243121,1460500,VTI
2015-12-28,89.83720397949219,89.83720397949219,89.25540087356653,89.73453053927514,3479600,VTI
2015-12-29,90.79546356201172,90.89813046747943,90.29921842674553,90.42755858623184,2508300,VTI
2015-12-30,90.1109848022461,90.69278785335482,90.05109359967541,90.65856337650706,2405900,VTI
2015-12-31,89.2383041381836,90.11100565295457,89.2383041381836,89.77732508604335,3652200,VTI
2016-01-04,87.90357971191406,88.08325337013088,86.91109571495642,87.76668829369554,6138300,VTI
2016-01-05,88.10035705566406,88.28003068977182,87.52711167146516,88.04046584429481,3652300,VTI
2016-01-06,86.91962432861328,87.46720944199262,86.37204574288559,86.86829087609244,3732800,VTI
2016-01-07,84.78922271728516,86.24373400863784,84.5924400808916,85.4736993870574,9256200,VTI
2016-01-08,83.82241821289062,85.55071260192823,83.6598535103635,85.22558972452828,7015800,VTI
2016-01-11,83.77104187011719,84.42128729215725,82.80421843215467,84.31862039796721,6863800,VTI
2016-01-12,84.34429168701172,84.84908801783953,83.23201907030615,84.53252304008355,4457300,VTI
2016-01-13,82.17106628417969,84.87473393293723,81.94861050985068,84.70361812354551,6163000,VTI
2016-01-14,83.42881774902344,84.00206309723934,81.56362603362146,82.44488517173143,5085100,VTI
2016-01-15,81.67487335205078,82.03422069738593,80.61394029682867,81.32408376093423,8101700,VTI
2016-01-19,81.58929443359375,82.71011842511324,80.85348442350627,82.62456048786747,7435700,VTI
2016-01-20,80.78501892089844,81.51227103005164,78.53481364659712,80.42567174145579,13844900,VTI
2016-01-21,81.10160064697266,82.10264214226763,80.27167501274202,81.02459394013752,7169500,VTI
2016-01-22,82.82991790771484,82.89836688267444,82.09410774603303,82.41923711326434,3701500,VTI
2016-01-25,81.46952819824219,82.6930258740717,81.37541249028195,82.68446812035162,4470500,VTI
2016-01-26,82.71011352539062,82.83845368748253,81.65773855707101,81.79462994302439,3333400,VTI
2016-01-27,81.76898956298828,83.26627670531501,81.32408425572177,82.47913303141446,5202400,VTI
2016-01-28,82.09407806396484,82.70155433752421,81.32405022086928,82.61598988593478,4540700,VTI
2016-01-29,84.13040161132812,84.15606833870633,82.43632580019566,82.52188373400698,5005400,VTI
2016-02-01,84.14751434326172,84.54108607848381,83.30903741576968,83.63416018982647,3868900,VTI
2016-02-02,82.52185821533203,83.46301477917338,82.27374224230103,83.42023256167154,3279600,VTI
2016-02-03,83.01815032958984,83.24060623707359,81.18718265701298,83.06948379760394,5457300,VTI
2016-02-04,83.21492767333984,83.77961532418041,82.53900882074308,82.81279815731938,3431800,VTI
2016-02-05,81.50372314453125,82.99245189721317,81.23848509657245,82.94111844880553,3993600,VTI
2016-02-08,80.23745727539062,80.75081142935996,79.14230000621546,80.59680453040393,6303900,VTI
2016-02-09,80.13478088378906,80.82780858330189,79.31340650139796,79.43318890556928,4793900,VTI
2016-02-10,80.1861343383789,81.51229886614931,80.10057638943454,80.58826387883582,3580000,VTI
2016-02-11,79.19363403320312,79.62143025253141,78.35515709880497,79.04818488526806,7239700,VTI
2016-02-12,80.73369598388672,80.75080495899883,79.57864759809382,79.97221930218946,2948100,VTI
2016-02-16,82.20531463623047,82.21386585982981,81.24704885332476,81.81174293815802,3577700,VTI
2016-02-17,83.56571960449219,83.78817548675013,82.6416781191003,82.79568503333229,3635000,VTI
2016-02-18,83.23201751708984,83.77959606436139,83.0694528919885,83.76248709060654,2432100,VTI
2016-02-19,83.24916076660156,83.30049423262743,82.5047928709596,82.86414018844744,2243700,VTI
2016-02-22,84.46407318115234,84.53252213201614,83.94216135420561,84.05338600362083,2235400,VTI
2016-02-23,83.44591522216797,84.29294976378816,83.39458177347922,84.1731673650803,3203900,VTI
2016-02-24,83.87371826171875,83.96783394381741,82.12830905868687,82.63311194700255,3253400,VTI
2016-02-25,84.86619567871094,84.86619567871094,83.69403196956613,84.07904586334946,4961900,VTI
2016-02-26,84.79776763916016,85.35390403323886,84.66942746704164,85.27689731890683,3194300,VTI
2016-02-29,84.12184143066406,85.29400532575421,84.12184143066406,84.80631793669441,2749400,VTI
2016-03-01,86.12390899658203,86.1410179674248,84.5667250162368,84.81484752318246,2955700,VTI
2016-03-02,86.6030502319336,86.62015920509171,85.78168243967367,86.00413172898404,3591400,VTI
2016-03-03,87.0308609008789,87.0565276287284,86.28649315498319,86.52605798511458,2703100,VTI
2016-03-04,87.330322265625,87.78378522569916,86.75707688317851,87.17631536148166,2442100,VTI
2016-03-07,87.5099868774414,87.7495516974884,86.8939593243767,86.97096603233567,2963900,VTI
2016-03-08,86.42337036132812,87.0992889858652,86.33781244645076,87.03939779268599,3436900,VTI
2016-03-09,86.84261322021484,87.01372905884952,86.3977081231742,86.84261322021484,2131700,VTI
2016-03-10,86.81695556640625,87.52709877346092,85.9014720260092,87.09930260453423,3702000,VTI
2016-03-11,88.28858184814453,88.33135755155494,87.55277186190492,87.58699634122442,3253500,VTI
2016-03-14,88.18590545654297,88.39980354938679,87.860782705375,88.0233408171331,2987100,VTI
2016-03-15,87.88504791259766,87.90224349632632,87.4724457178204,87.67874681520902,2992400,VTI
2016-03-16,88.43521881103516,88.61573315280474,87.60141634425071,87.67017902811824,3473600,VTI
2016-03-17,89.11428833007812,89.3291872639646,88.19452115537179,88.4266156765584,3472500,VTI
2016-03-18,89.50969696044922,89.63863762576347,89.22603536659149,89.35496947371107,2942300,VTI
2016-03-21,89.59564208984375,89.70738714419258,89.22601576152904,89.38074321426993,2539300,VTI
2016-03-22,89.56985473632812,89.84492505322373,89.06269650381802,89.18303935757274,1962600,VTI
2016-03-23,88.8392105102539,89.43233361668557,88.77903907613725,89.43233361668557,6087100,VTI
2016-03-24,88.81343078613281,88.82202857974917,88.13434937073009,88.33205927473645,2173000,VTI
2016-03-28,88.87358093261719,89.14865123868414,88.59851062655022,89.03690618122343,2103400,VTI
2016-03-29,89.86213684082031,89.87073463426562,88.50397403703661,88.70168393710938,2925100,VTI
2016-03-30,90.20597839355469,90.59279385044364,90.02546407646018,90.29193665528612,2258800,VTI
2016-03-31,90.1028060913086,90.44664562601024,89.99965226344,90.23174673659591,2230100,VTI
2016-04-01,90.67015075683594,90.74751121630135,89.35496392217553,89.65582764194795,2996000,VTI
2016-04-04,90.29190826416016,90.73030378679614,90.16296763300923,90.67872359942001,1847400,VTI
2016-04-05,89.41514587402344,89.87073712452045,89.28621175974554,89.66442942528575,2572500,VTI
2016-04-06,90.39508056640625,90.42945862076337,89.31198822471745,89.47530693659371,2572000,VTI
2016-04-07,89.31197357177734,90.03403064230965,88.9165604296011,89.8277295590423,2134800,VTI
2016-04-08,89.56985473632812,90.17157556329542,89.32057779511739,89.88790745450486,2337000,VTI
2016-04-11,89.32059478759766,90.30053338785032,89.32059478759766,89.95669378676985,2276300,VTI
2016-04-12,90.18875885009766,90.34348630339309,89.20882049862432,89.48389079801696,2358000,VTI
2016-04-13,91.24607849121094,91.26326751840425,90.62716858114345,90.68734001361145,2864500,VTI
2016-04-14,91.21166229248047,91.45234793900418,91.0311480575877,91.3234073260259,1666900,VTI
2016-04-15,91.168701171875,91.28045278968425,91.00538247831258,91.22028136401525,1622600,VTI
2016-04-18,91.77901458740234,91.79621017110307,90.7818871531497,90.89363221442993,1767100,VTI
2016-04-19,92.0368881225586,92.24318920222953,91.64147498727552,91.99390572512199,2103700,VTI
2016-04-20,92.13146209716797,92.52687530947581,91.8306049310853,92.15724891737587,1958900,VTI
2016-04-21,91.67585754394531,92.26038272177203,91.52972788903688,92.20021130162192,1675200,VTI
2016-04-22,91.8048324584961,91.91657754959236,91.32345435933782,91.5555488938702,1893600,VTI
2016-04-25,91.58129119873047,91.62426703217058,91.16868253691378,91.54690659706306,2088100,VTI
2016-04-26,91.83060455322266,92.01971664489484,91.4953627755108,91.78762214759013,1747500,VTI
2016-04-27,92.0540771484375,92.2603847863056,91.47814974865682,91.68445738652491,2267900,VTI
2016-04-28,91.22886657714844,92.23459828009351,91.00537647266562,91.65866432019045,4834200,VTI
2016-04-29,90.6959228515625,91.08273820247602,90.09420206790534,90.9452063330242,3068000,VTI
2016-05-02,91.40078735351562,91.46095877372876,90.66153472907263,90.94520280644579,2546500,VTI
2016-05-03,90.48103332519531,90.84206189777389,90.10280916828792,90.7904882611752,5172600,VTI
2016-05-04,89.94806671142578,90.40365124731298,89.71597882721274,90.05122052562757,2578800,VTI
2016-05-05,89.91368103027344,90.40365016502881,89.71597775316116,90.21453812035257,1616700,VTI
2016-05-06,90.2403564453125,90.24894768012419,89.39794980195771,89.51829267126631,1759600,VTI
2016-05-09,90.33490753173828,90.54980645332851,90.05983717443057,90.14580198962237,1747300,VTI
2016-05-10,91.4094009399414,91.46098114001842,90.60998325798492,90.68734372080863,2400900,VTI
2016-05-11,90.57559967041016,91.36642612647763,90.54980629098208,91.19450305459691,1531600,VTI
2016-05-12,90.54118347167969,91.01395699849165,90.01682976219942,90.96238337401567,2470000,VTI
2016-05-13,89.75897216796875,90.67014797562011,89.58705566896724,90.32630841942304,3754800,VTI
2016-05-16,90.65294647216797,90.90222997018054,89.7503750740469,89.89650474447693,2069600,VTI
2016-05-17,89.83634185791016,90.65295508977105,89.5354846966032,90.48103858565115,2792200,VTI
2016-05-18,89.82775115966797,90.4294655298041,89.24322581802369,89.83634895301128,2797700,VTI
2016-05-19,89.47528839111328,89.70738283818054,88.85638516805074,89.46669715840184,2616800,VTI
2016-05-20,90.16301727294922,90.3779162571174,89.78479296219031,89.86216000675306,2005700,VTI
2016-05-23,90.05121612548828,90.36067099478008,89.96525789694999,90.18874797951105,1662200,VTI
2016-05-24,91.25467681884766,91.43519111730981,90.44665481394571,90.44665481394571,2409000,VTI
2016-05-25,91.91656494140625,92.0970792445062,91.55553633520634,91.55553633520634,3266500,VTI
2016-05-26,91.89936065673828,92.09706395475166,91.74463320002663,91.99391013087943,1803600,VTI
2016-05-27,92.31197357177734,92.31197357177734,91.93374939845151,91.95094498352678,1691400,VTI
2016-05-31,92.26899719238281,92.56986092709863,91.94235319475898,92.46670708449368,2570700,VTI
2016-06-01,92.51825714111328,92.57842856107808,91.80479789244282,91.97671436143001,2679600,VTI
2016-06-02,92.82772064208984,92.82772064208984,92.0712789269123,92.32056242080108,2112700,VTI
2016-06-03,92.56986999511719,92.72459749508423,91.92517317162037,92.6472304660031,2502500,VTI
2016-06-06,93.05122375488281,93.23173804400601,92.66440835793225,92.69878641074183,1782300,VTI
2016-06-07,93.23176574707031,93.53262298500626,93.11142285189594,93.17159429948313,1271500,VTI
2016-06-08,93.55839538574219,93.63576241110856,93.26613598772343,93.36069204195182,1286500,VTI
2016-06-09,93.36927795410156,93.46383399629757,93.025438396861,93.22314171549333,1743400,VTI
2016-06-10,92.40653991699219,92.7675685454918,92.11428052007199,92.64722566932527,1666400,VTI
2016-06-13,91.64147186279297,92.56123873611676,91.62427628112736,92.10565419487126,2354800,VTI
2016-06-14,91.47657012939453,91.80466398794454,90.96717095116234,91.43340439186083,2170100,VTI
2016-06-15,91.38157653808594,92.03775752621954,91.29523849450348,91.6837695713803,1841500,VTI
2016-06-16,91.64925384521484,91.67515460545323,90.39732887392643,90.91537042738204,1884300,VTI
2016-06-17,91.34708404541016,91.62336985046173,90.99308935825206,91.62336985046173,1713000,VTI
2016-06-20,91.96869659423828,92.71985150559891,91.91689507868628,92.32269118296715,2402900,VTI
2016-06-21,92.16728973388672,92.37450240503951,91.85646743357151,92.2104620594974,2248300,VTI
2016-06-22,91.96009063720703,92.62490107441052,91.89965332473399,92.2104756709305,2002700,VTI
2016-06-23,93.22927856445312,93.24654354453125,92.504024244888,92.74577348901876,1622300,VTI
2016-06-24,89.83613586425781,91.46794977076354,89.6720889191345,89.89657317238127,7370400,VTI
2016-06-27,88.04888153076172,89.12812352223563,87.64308548802028,89.11948774189612,5213600,VTI
2016-06-28,89.66343688964844,89.6720726712935,88.78277818982161,88.99862662074862,7569500,VTI
2016-06-29,91.26935577392578,91.3729653989991,90.35416047421268,90.38006123368807,2635700,VTI
2016-06-30,92.52128601074219,92.55581596724042,91.19165872170645,91.52838178852765,5552300,VTI
2016-07-01,92.7026138305664,93.03070117097026,92.44359300218161,92.52130188556637,2938000,VTI
2016-07-05,92.01189422607422,92.38315389305662,91.64063455909184,92.33135236325498,3019900,VTI
2016-07-06,92.57308197021484,92.60761851181005,91.41613088187677,91.69241662746661,1767700,VTI
2016-07-07,92.52991485595703,93.04794983470742,92.16729102954898,92.70259757365527,1669800,VTI
2016-07-08,93.9718017578125,94.10131217794796,93.1256793089849,93.16885164475458,2362200,VTI
2016-07-11,94.36029052734375,94.64521200590558,94.10990558441098,94.2739524818564,3868300,VTI
2016-07-12,95.14599609375,95.31867880962605,94.6970342068164,94.86971033552038,3222800,VTI
2016-07-13,95.09420776367188,95.40503010819278,94.80928618333223,95.34459279604555,1485700,VTI
2016-07-14,95.55180358886719,95.82808937990573,95.3704916560456,95.59497591975594,1561100,VTI
2016-07-15,95.44820404052734,95.81082791949162,95.22371976857052,95.74175482240135,1385500,VTI
2016-07-18,95.71582794189453,95.77626523856503,95.3532041618715,95.53451605188302,1359900,VTI
2016-07-19,95.52589416503906,95.6208680146459,95.31868148733881,95.50862918655248,3154100,VTI
2016-07-20,96.03529357910156,96.1216316401449,95.54315938526554,95.56042436260547,1135900,VTI
2016-07-21,95.65540313720703,96.08710005185071,95.42228311448304,95.99212620365533,3393400,VTI
2016-07-22,96.1130142211914,96.14755076964164,95.58634338487823,95.75039034322357,3546700,VTI
2016-07-25,95.86260986328125,96.06982252504388,95.56905914138183,96.04392176572001,1394200,VTI
2016-07-26,95.96623992919922,96.13028030224928,95.51727138137984,95.88853104750338,1432300,VTI
2016-07-27,95.8539810180664,96.1993398707789,95.45682064295733,96.19071067516096,1977500,VTI
2016-07-28,95.97486877441406,96.16480989857266,95.54317182581488,95.7417487333538,1945800,VTI
2016-07-29,96.19934844970703,96.37203118504901,95.68131341802673,95.91442687677238,1638200,VTI
2016-08-01,96.06983947753906,96.41519836620002,95.83672601531735,96.1820849039783,2093200,VTI
2016-08-02,95.3445816040039,96.03529930789763,94.93014966423323,96.00076276398573,2473900,VTI
2016-08-03,95.69855499267578,95.71582655557222,95.15461933051947,95.31003046073144,1353600,VTI
2016-08-04,95.81080627441406,95.99211817293515,95.56905707638593,95.7071966521856,1113600,VTI
2016-08-05,96.60511779785156,96.631018554162,96.11298366644029,96.19932171653207,1379600,VTI
2016-08-08,96.544677734375,96.80369846439051,96.4324389311927,96.69145307403743,1238800,VTI
2016-08-09,96.63103485107422,96.85551908890913,96.48425948244729,96.64830641630803,1032500,VTI
2016-08-10,96.34611511230469,96.74328207404992,96.19933974093097,96.64830822500286,1259100,VTI
2016-08-11,96.82962036132812,96.92459421059195,96.46699652986929,96.6828449896194,1378000,VTI
2016-08-12,96.7346420288086,96.84688085129483,96.49289281904014,96.67420472636648,1542900,VTI
2016-08-15,97.08861541748047,97.25266232244006,96.76052819473223,96.95047585580735,1442800,VTI
2016-08-16,96.53605651855469,96.9073161077671,96.53605651855469,96.89868691272322,1228600,VTI
2016-08-17,96.65693664550781,96.72600973283762,96.06982857754879,96.56196279722238,2791500,VTI
2016-08-18,96.95914459228516,96.95914459228516,96.44973872924473,96.63105067085036,972100,VTI
2016-08-19,96.82100677490234,96.89871566355683,96.4670186450894,96.70013213670536,1000600,VTI
2016-08-22,96.84688568115234,96.9159587694372,96.50152682690029,96.73464685306864,1102000,VTI
2016-08-23,97.10588073730469,97.37353064952073,97.07997998285417,97.11451651784503,3252300,VTI
2016-08-24,96.56196594238281,97.09727250586626,96.3461174778258,97.071371744067,2267800,VTI
2016-08-25,96.50151824951172,96.76053901397115,96.31157715436936,96.4410809494274,1205200,VTI
2016-08-26,96.30293273925781,97.17496220844862,95.87987167659281,96.58785423718714,1851100,VTI
2016-08-29,96.82962036132812,96.98503151583509,96.44108918147461,96.45836074707107,1071200,VTI
2016-08-30,96.6742172241211,96.95913879554142,96.40656721972958,96.83826417503089,1534600,VTI
2016-08-31,96.3979263305664,96.6137747967848,96.00939513906985,96.59650323067076,1393700,VTI
2016-09-01,96.44973754882812,96.6051487236128,95.81082786901248,96.50153907803198,1670900,VTI
2016-09-02,96.9418716430664,97.14045514990416,96.63104929412138,96.8641693494167,1563200,VTI
2016-09-06,97.21817016601562,97.2354417360912,96.71740002860719,97.09729552418241,4111700,VTI
2016-09-07,97.34766387939453,97.34766387939453,96.95050346910563,97.1663519477739,1590000,VTI
2016-09-08,97.09728240966797,97.27859434792877,96.92460625527856,97.19225627073406,1152400,VTI
2016-09-09,94.67974853515625,96.46697308402362,94.67111275445691,96.45833730332429,3337400,VTI
2016-09-12,96.00074768066406,96.1820595673353,94.15308568829496,94.27396027940911,3043500,VTI
2016-09-13,94.49893951416016,95.44462644682889,94.19528100156344,95.39256597377008,5122100,VTI
2016-09-14,94.50762939453125,95.1843560571169,94.22999777348944,94.61174373464442,2041600,VTI
2016-09-15,95.47933959960938,95.65285687367178,94.34277961094352,94.4468939469368,2960400,VTI
2016-09-16,95.09759521484375,95.23640771252072,94.7592318913851,95.21905863253353,2779400,VTI
2016-09-19,95.23638916015625,95.86973967409689,95.01948929664019,95.60078596149971,3430200,VTI
2016-09-20,95.19303131103516,95.72226760847325,95.16700438153161,95.68756282938192,1603400,VTI
2016-09-21,96.28621673583984,96.37297538119248,95.18436142015449,95.53140262082532,1971800,VTI
2016-09-22,96.98896026611328,97.10174583139819,96.76338251628378,96.85014115259985,1525300,VTI
2016-09-23,96.4336929321289,96.89351964229965,96.39898815523271,96.81543223946836,1531900,VTI
2016-09-26,95.67020416259766,96.19076921356027,95.61815030520523,95.99121839479,2136700,VTI
2016-09-27,96.21678161621094,96.2601576177362,95.42726292890327,95.63549156555544,1292400,VTI
2016-09-28,96.78074645996094,96.8241224721844,95.83505937155064,96.35561785305363,1439800,VTI
2016-09-29,95.83505249023438,96.84147121890103,95.5834478080677,96.72000780258054,2037100,VTI
2016-09-30,96.58985137939453,96.91953679777724,96.0866420940272,96.27751503808092,1722500,VTI
2016-10-03,96.29489135742188,96.50312005671229,95.98255492774685,96.38165000582926,2207600,VTI
2016-10-04,95.86109924316406,96.49445000431746,95.52273585354796,96.40769134889865,2701100,VTI
2016-10-05,96.23414611816406,96.4944286460702,95.94783666131926,96.11268270361045,2119000,VTI
2016-10-06,96.26885986328125,96.38164543894062,95.77432830960512,96.0866647244806,1067600,VTI
2016-10-07,95.90446472167969,96.50311058970613,95.48801398321349,96.4337010300851,1770400,VTI
2016-10-10,96.42501068115234,96.68529318636189,95.90445228999232,95.90445228999232,1135000,VTI
2016-10-11,95.14096069335938,96.26015818042883,94.77656388671727,96.25148695162824,1996900,VTI
2016-10-12,95.25374603271484,95.54872667349656,94.96743662071475,95.24506818467461,1849100,VTI
2016-10-13,94.9154052734375,95.19303690321799,94.11721516522614,94.57704193149442,1986200,VTI
2016-10-14,94.8893814086914,95.71359847456931,94.88070355831343,95.43596683581735,2673900,VTI
2016-10-17,94.6203842163086,95.03683482216684,94.5162765292874,94.89801574712814,2507700,VTI
2016-10-18,95.17567443847656,95.46198389800536,95.00215716441895,95.36654741149576,1635200,VTI
2016-10-19,95.47933959960938,95.65285687367178,95.10627150304144,95.38390311309713,1408200,VTI
2016-10-20,95.29714965820312,95.5834591531958,94.9327593659909,95.34921014227668,2017000,VTI
2016-10-21,95.262451171875,95.34920981935639,94.74188604846566,94.92408781321524,1234400,VTI
2016-10-24,95.7396011352539,95.95650100489392,95.54872819088929,95.77430590870736,2004700,VTI
2016-10-25,95.33184814453125,95.72227196262315,95.25376735246893,95.65286240128324,2079100,VTI
2016-10-26,95.0455551147461,95.40994542056585,94.79395039331986,94.97614554622973,1827200,VTI
2016-10-27,94.72452545166016,95.43595686534049,94.63776681472542,95.43595686534049,1597800,VTI
2016-10-28,94.41220092773438,95.05422286484367,94.10854235067326,94.66380563994517,2868100,VTI
2016-10-31,94.47293090820312,94.75056254774053,94.40352134350367,94.61175003760204,1913600,VTI
2016-11-01,93.77017211914062,94.73320826386347,93.17152624018857,94.65512085304971,3169800,VTI
2016-11-02,93.1194839477539,93.77018376858078,92.9286109412296,93.58798861306056,2957400,VTI
2016-11-03,92.71170806884766,93.37975695129404,92.58156678494596,93.19756180153594,2096400,VTI
2016-11-04,92.65097045898438,93.27564328657023,92.56421181498862,92.73772910298014,2805400,VTI
2016-11-07,94.69850158691406,94.71585066715853,93.88295581096547,94.0564797097098,2527700,VTI
2016-11-08,95.10628509521484,95.42729276003328,94.33412186254141,94.57704872865071,2074200,VTI
2016-11-09,96.28621673583984,96.5898753042042,94.13456658708898,94.36881559146708,6482000,VTI
2016-11-10,96.62458038330078,97.28395138541643,95.8524171845456,96.81544675595929,5083500,VTI
2016-11-11,96.6592788696289,96.74603750959739,96.03460607103995,96.30355984072023,4005200,VTI
2016-11-14,96.91087341308594,97.21453857081488,96.55516101638189,96.98028297023883,5234000,VTI
2016-11-15,97.66569519042969,97.69172212160883,96.9629415715519,97.20586842157087,6037200,VTI
2016-11-16,97.52686309814453,97.63097080195324,97.29260752605715,97.49215832378867,7113900,VTI
2016-11-17,98.02140045166016,98.07345430669909,97.47480849671422,97.6309766810903,1874800,VTI
2016-11-18,97.83920288085938,98.14286803285714,97.75244424568554,98.0821363263095,2298200,VTI
2016-11-21,98.57666778564453,98.5853390156765,97.92596809323094,98.14286799070213,2493900,VTI
2016-11-22,98.86296844482422,98.94105584821102,98.4204974295836,98.80223673963869,2673200,VTI
2016-11-23,99.00178527832031,99.01046312722153,98.463871173853,98.66342198302516,1818700,VTI
2016-11-25,99.38353729248047,99.38353729248047,99.08854998508592,99.21001340011318,889800,VTI
2016-11-28,98.81092834472656,99.26208389113496,98.73284754972916,99.18399647687721,1849800,VTI
2016-11-29,98.94976043701172,99.21003640703142,98.62874612613342,98.81961914237127,1544200,VTI
2016-11-30,98.7154769897461,99.38353235848946,98.7154769897461,99.31412280498846,4406200,VTI
2016-12-01,98.30773162841797,98.932404546096,98.0995095289457,98.932404546096,2601100,VTI
2016-12-02,98.30773162841797,98.62006808725698,98.16891910185686,98.33375856344435,1755900,VTI
2016-12-05,98.99311065673828,99.22736624989308,98.70680120699772,98.81959338861282,3842900,VTI
2016-12-06,99.49632263183594,99.52234956081693,98.92370371721545,99.20133532511214,2357100,VTI
2016-12-07,100.72831726074219,100.8064046706524,99.3488370051747,99.4529447260417,4000000,VTI
2016-12-08,101.09270477294922,101.37901423606685,100.61552895367963,100.79772407950182,2679400,VTI
2016-12-09,101.63927459716797,101.63927459716797,101.17944795812845,101.30958257728427,2310200,VTI
2016-12-12,101.37899017333984,101.81278988021701,101.15341247237143,101.61324572183811,4224500,VTI
2016-12-13,101.96896362304688,102.19454133636742,101.62192251469034,101.76941945374142,4393900,VTI
2016-12-14,101.0493392944336,102.14251678255259,100.84111721740253,101.92561685502757,3885400,VTI
2016-12-15,101.46577453613281,101.96898391241338,101.07535734858473,101.12741120845517,3343100,VTI
2016-12-16,101.30960845947266,101.83884477677476,101.15344025733006,101.74340828550652,1991600,VTI
2016-12-19,101.5959243774414,101.78679737208486,101.33564843686798,101.47446094798839,2405700,VTI
2016-12-20,102.0298080444336,102.08218709160217,101.79408901095242,102.03853344522082,2942400,VTI
2016-12-21,101.74170684814453,102.07345190440529,101.74170684814453,102.02980491997184,2248600,VTI
2016-12-22,101.47982025146484,101.71553932871892,101.25283989784336,101.63696408276338,3105800,VTI
2016-12-23,101.63694763183594,101.63694763183594,101.38377113013333,101.47107842497739,2325800,VTI
2016-12-27,101.89013671875,102.13458118903907,101.7068033660332,101.76791448360547,3386800,VTI
2016-12-28,101.04330444335938,102.08220008181344,100.97346792511817,102.03854642987707,2591000,VTI
2016-12-29,101.052001953125,101.29644633491662,100.80755757133338,101.04326989360105,1622700,VTI
2016-12-30,100.6766357421875,101.27028942940504,100.3623481042128,101.27028942940504,2909900,VTI
2017-01-03,101.44486236572266,101.75042451659019,100.82501932531191,101.40121538746311,2731600,VTI
2017-01-04,102.22184753417969,102.30915481051234,101.6369260821671,101.68057972033343,3228700,VTI
2017-01-05,102.0210952758789,102.22188610173681,101.61950696355055,102.09966386148959,2604000,VTI
2017-01-06,102.34408569335938,102.59725550378846,101.82900069073081,102.1607457248808,2317600,VTI
2017-01-09,101.95121765136719,102.26550520886187,101.91629607157775,102.23058362907243,2461400,VTI
2017-01-10,102.0298080444336,102.45758580440331,101.81155313374947,101.93377535088366,2055300,VTI
2017-01-11,102.3528060913086,102.3528060913086,101.6980414549455,102.06471471337267,2751800,VTI
2017-01-12,102.0821762084961,102.17820889180786,101.27899982135285,102.17820889180786,2342300,VTI
2017-01-13,102.33537292480469,102.4925167412602,102.12585005640129,102.13457545798467,2031800,VTI
2017-01-17,101.88137817382812,102.19566574268131,101.68058740854504,102.02106449803422,2583600,VTI
2017-01-18,102.11710357666016,102.14329309893648,101.68932583805449,101.96869184335362,1901700,VTI
2017-01-19,101.71552276611328,102.26552275579397,101.47980372724194,102.16949006004809,1899300,VTI
2017-01-20,102.06471252441406,102.34407849684641,101.78533989137155,102.00359476547838,2636100,VTI
2017-01-23,101.7940902709961,102.1171099406271,101.41869155354813,101.92504455114982,1938900,VTI
2017-01-24,102.58854675292969,102.78933755387156,101.916317854374,101.98616102888062,2165400,VTI
2017-01-25,103.47028350830078,103.50520509273746,102.96393718549689,103.03377369375906,2427800,VTI
2017-01-26,103.32185363769531,103.5575726261232,103.21709556338071,103.50518692835588,2178500,VTI
2017-01-27,103.1559829711914,103.43534893299747,103.03375411857945,103.40915275418854,1479500,VTI
2017-01-30,102.45759582519531,102.84172663696462,101.86394214364817,102.78061552242059,3006100,VTI
2017-01-31,102.54487609863281,102.54487609863281,101.90757555362607,102.14328790273295,3309700,VTI
2017-02-01,102.5361557006836,103.0512407600747,102.20441062997519,102.89409695592623,2614500,VTI
2017-02-02,102.60598754882812,102.77186339618336,102.16074570943863,102.32662155679387,1745200,VTI
2017-02-03,103.3829574584961,103.4702580678174,102.94644775128008,103.00755884386594,1837600,VTI
2017-02-06,103.13853454589844,103.37425356677726,102.96393329093044,103.24329929524579,1598800,VTI
2017-02-07,103.12980651855469,103.47901570275981,102.98139477996615,103.39171507186133,3365700,VTI
2017-02-08,103.24329376220703,103.29567280376814,102.74567288554483,103.12979695801054,1836000,VTI
2017-02-09,103.92424774169922,104.07265946623914,103.24329356029432,103.24329356029432,1635300,VTI
2017-02-10,104.36077880859375,104.5004585011864,104.07268070056826,104.14252387717055,1837800,VTI
2017-02-13,104.88457489013672,105.05045074660605,104.64886252727962,104.6925095111956,1985500,VTI
2017-02-14,105.2686996459961,105.31234662742348,104.6313924395384,104.84964732850725,2051200,VTI
2017-02-15,105.84489440917969,105.94092709800148,105.15520812610087,105.25997287589128,1998200,VTI
2017-02-16,105.74884033203125,105.95836978923349,105.3210626796435,105.85360506063236,2034600,VTI
2017-02-17,105.90599060058594,105.90599060058594,105.3385332691466,105.3385332691466,1948400,VTI
2017-02-21,106.53458404541016,106.6218846760111,105.97585201683063,106.1155383542811,2422800,VTI
2017-02-22,106.39490509033203,106.53458476811889,106.22902922863713,106.35125144442983,1974000,VTI
2017-02-23,106.31633758544922,106.70920044528327,105.91474932428964,106.69173632140885,2024900,VTI
2017-02-24,106.49092864990234,106.49965404984549,105.84488938113402,105.96711158644464,2962900,VTI
2017-02-27,106.72663879394531,106.8226714762202,106.28139696345362,106.43854074712065,2625100,VTI
2017-02-28,106.33378601074219,106.66553104865032,106.16791016148277,106.66553104865032,2231800,VTI
2017-03-01,107.76553344726562,108.0187099114903,107.07584721588336,107.21552687785635,2874400,VTI
2017-03-02,107.07585906982422,107.74808125499736,107.04093748531233,107.74808125499736,2421400,VTI
2017-03-03,107.16315460205078,107.20680824576644,106.79648797303844,107.05838985349973,1651200,VTI
2017-03-06,106.74408721923828,106.92742716850731,106.42107427948129,106.92742716850731,1716200,VTI
2017-03-07,106.40363311767578,106.76157437319847,106.29014296038417,106.6917312022753,1612500,VTI
2017-03-08,106.10680389404297,106.66553590998997,106.04569278794285,106.49966005317067,2374200,VTI
2017-03-09,106.15917205810547,106.41234851760211,105.65281913911218,106.15917205810547,3852800,VTI
2017-03-10,106.54332733154297,106.72666067330344,106.03697429585489,106.6742816215467,2987300,VTI
2017-03-13,106.62189483642578,106.64809102265245,106.38618244528013,106.56078372312048,2003900,VTI
2017-03-14,106.23776245117188,106.39490625328176,105.84489961559153,106.39490625328176,2269500,VTI
2017-03-15,107.19807434082031,107.41632923442229,106.41235539173104,106.49093061694536,1892200,VTI
2017-03-16,107.0671157836914,107.38140335073753,106.88378247968292,107.3464817698868,2050100,VTI
2017-03-17,107.00603485107422,107.27666885320542,106.90127007898518,107.24174726250907,1974000,VTI
2017-03-20,106.75281524658203,107.0496453174443,106.56948196484784,106.95361264692501,3239900,VTI
2017-03-21,105.25999450683594,107.13698836415132,105.14650433336564,107.11079883647452,3355100,VTI
2017-03-22,105.39966583251953,105.55680963677496,104.84965918731986,105.18141091886541,2896300,VTI
2017-03-23,105.36475372314453,105.97586487209242,105.17268831615749,105.33856419684848,2257100,VTI
2017-03-24,105.3752670288086,105.88389753823303,104.93678806818404,105.60327127105963,2305400,VTI
2017-03-27,105.25247955322266,105.40156747452053,104.26151957874207,104.51583816135904,2927700,VTI
2017-03-28,105.98912048339844,106.23466759744966,105.0420044514948,105.19985712347875,2699200,VTI
2017-03-29,106.18206787109375,106.31361289885041,105.74358890567693,106.00667227053219,3196500,VTI
2017-03-30,106.57670593261719,106.65563563269511,106.10314780412567,106.23469284381642,2076900,VTI
2017-03-31,106.39253997802734,106.74332450193432,106.3399246411717,106.48023443633952,1815900,VTI
2017-04-03,106.12944793701172,106.55039069599661,105.5243515024598,106.50654012232758,3103100,VTI
2017-04-04,106.18206787109375,106.20837553851347,105.79620424051637,106.01544372322479,2462600,VTI
2017-04-05,105.75235748291016,107.00640763687059,105.62081914106606,106.54162098726607,3905800,VTI
2017-04-06,106.08560180664062,106.33992040908542,105.56819314907139,105.84005465687544,2056100,VTI
2017-04-07,106.00668334960938,106.3662393503453,105.75236472020906,105.97160422583084,1997000,VTI
2017-04-10,106.13821411132812,106.55915684937837,105.8488163970847,106.14698556375734,1669500,VTI
2017-04-11,106.10314178466797,106.1119132376587,105.28757061364475,105.99791111141224,2895500,VTI
2017-04-12,105.55940246582031,106.1031119665987,105.43662892108607,106.00664608278517,1967200,VTI
2017-04-13,104.84031677246094,105.72603941011978,104.84031677246094,105.36649016003179,2852200,VTI
2017-04-17,105.75235748291016,105.76990038892822,104.95432921620349,105.12971813243445,3198700,VTI
2017-04-18,105.52436065673828,105.73482870915983,105.10341786123644,105.41035183157176,1865800,VTI
2017-04-19,105.43666076660156,106.04175722250713,105.30511573161047,105.86636830295795,1806900,VTI
2017-04-20,106.30484771728516,106.48900809074523,105.55943477023484,105.75235990624651,1783400,VTI
2017-04-21,105.96282958984375,106.2960711987021,105.76989777236751,106.2960711987021,2006500,VTI
2017-04-24,107.08531188964844,107.23439310208957,106.88360866231415,107.13792721388491,2178800,VTI
2017-04-25,107.75181579589844,107.94474090696768,107.4448751891562,107.47995430680268,2145200,VTI
2017-04-26,107.77815246582031,108.26047540927846,107.73430188429712,107.77815246582031,3080100,VTI
2017-04-27,107.88335418701172,108.04997832326576,107.59396317490938,107.97105532650811,1868200,VTI
2017-04-28,107.52381134033203,108.04998475534494,107.47119600602812,108.00614087364434,1795800,VTI
2017-05-01,107.804443359375,108.03245430462019,107.53258853009004,107.804443359375,1983100,VTI
2017-05-02,107.804443359375,108.08506964173125,107.60274008268534,107.94475315522396,1756900,VTI
2017-05-03,107.54134368896484,107.67288871065375,107.23440976546253,107.50626457047062,3691000,VTI
2017-05-04,107.62029266357422,107.7167585840554,107.12919829796742,107.7167585840554,1564300,VTI
2017-05-05,108.15523529052734,108.15523529052734,107.5852112337132,107.8219869575837,2057700,VTI
2017-05-08,107.98860931396484,108.2604641573073,107.77814126397902,108.18154114755961,2150900,VTI
2017-05-09,107.9535140991211,108.24291180637604,107.73427462828995,108.18152502216962,1846200,VTI
2017-05-10,108.19029998779297,108.19906474963732,107.80443636558905,107.94474615233545,1468500,VTI
2017-05-11,107.87457275390625,107.97980339998674,107.2782412270429,107.88333751397526,1499600,VTI
2017-05-12,107.66410827636719,107.78688852618278,107.5150270531973,107.78688852618278,1235300,VTI
2017-05-15,108.242919921875,108.38322971458464,107.90090685698866,107.92721452495557,3097000,VTI
2017-05-16,108.18153381347656,108.43585242318666,107.92721520376648,108.41830951732625,2128400,VTI
2017-05-17,106.23465728759766,107.4799356398098,106.1732705150423,107.26069621058978,3703500,VTI
2017-05-18,106.55040740966797,107.00642267032957,105.98038331584654,106.0593130227002,2883400,VTI
2017-05-19,107.3133544921875,107.66413234496758,106.83102490862687,106.90995460896346,2144200,VTI
2017-05-22,107.88335418701172,107.9535124223458,107.55011260516119,107.57642027074708,1810100,VTI
2017-05-23,108.06753540039062,108.20784519880272,107.82198154451716,108.08507161619522,1796600,VTI
2017-05-24,108.38322448730469,108.44461796381077,108.06752579626946,108.25168615381412,1552200,VTI
2017-05-25,108.8392562866211,108.97956608537909,108.55862999844663,108.65509591225583,1492300,VTI
2017-05-26,108.82170104980469,108.87432307270264,108.68139126694484,108.74277805144435,1320800,VTI
2017-05-30,108.64630889892578,108.79539012958584,108.48845621626879,108.62877268558945,1348300,VTI
2017-05-31,108.6112289428711,108.82169695456929,108.13767089855706,108.7515454111082,2043800,VTI
2017-06-01,109.6197509765625,109.6197509765625,108.70771384555846,108.89187422432005,1926700,VTI
2017-06-02,109.97929382324219,110.12837506098957,109.50573575275834,109.69866087125962,2839300,VTI
2017-06-05,109.83897399902344,110.05821346808337,109.81266633324147,109.98805523222636,1494200,VTI
2017-06-06,109.55835723876953,109.87406263682225,109.42681220780453,109.5846649068309,2985200,VTI
2017-06-07,109.68112182617188,109.8302030600714,109.3391087880929,109.7249723964518,1253300,VTI
2017-06-08,109.87407684326172,110.08454490562379,109.51452082484492,109.72499557786605,1826700,VTI
2017-06-09,109.78636932373047,110.5142393467594,109.13741561504975,110.04068793540401,2585600,VTI
2017-06-12,109.76880645751953,109.79511412107128,109.29524844161705,109.67234056405844,1973500,VTI
2017-06-13,110.31254577636719,110.35638966123815,109.90037445276111,110.07576337356187,1567400,VTI
2017-06-14,110.1546859741211,110.51423524579442,109.7074355570395,110.4966990311076,2584300,VTI
2017-06-15,109.90914154052734,109.92667775564752,109.29526696079022,109.41804053860601,2483500,VTI
2017-06-16,109.83897399902344,110.08452113386534,109.39172360875706,109.98805523222636,2018000,VTI
2017-06-19,110.73347473144531,110.8036329715109,110.20730131226956,110.20730131226956,1816100,VTI
2017-06-20,109.97929382324219,110.64577701222733,109.97052237082828,110.63701225047124,1359500,VTI
2017-06-21,109.85154724121094,110.30085099101858,109.69296747025665,110.22156446627916,3364600,VTI
2017-06-22,109.8956069946289,110.1951495872638,109.76345604850988,109.93084769502573,1639300,VTI
2017-06-23,110.16871643066406,110.2920555164877,109.75464661905217,109.95727223655838,1829300,VTI
2017-06-26,110.24800109863281,110.73255230008873,110.08060946149787,110.52110810955745,2605600,VTI
2017-06-27,109.34056854248047,110.32728787596024,109.33175668802313,110.20394207798415,2386300,VTI
2017-06-28,110.37135314941406,110.48588711311025,109.76346279280119,109.92204259359251,2444400,VTI
2017-06-29,109.49034118652344,110.54754195833999,108.7855473934549,110.52991824866467,2354500,VTI
2017-06-30,109.64010620117188,110.03655900063336,109.50796198949372,109.9132199220833,1910000,VTI
2017-07-03,109.90441131591797,110.38896251131196,109.90441131591797,110.11584878232813,1645700,VTI
2017-07-05,110.02775573730469,110.14228297019359,109.58725707338034,110.10704899197869,2167500,VTI
2017-07-06,108.94412994384766,109.72821700744456,108.85602483618202,109.63130676619316,1881800,VTI
2017-07-07,109.70178985595703,109.78989497037999,109.15557578680327,109.20843347827581,1709700,VTI
2017-07-10,109.78107452392578,109.97489500612677,109.56082519805665,109.68416428282528,1404700,VTI
2017-07-11,109.75463104248047,109.88678196467242,109.09388315299584,109.71057849459146,1560200,VTI
2017-07-12,110.53871154785156,110.67966759421324,110.2127401883359,110.30083855749629,1993100,VTI
2017-07-13,110.71493530273438,110.7942285593601,110.39777571918417,110.61802505656756,1514100,VTI
2017-07-14,111.20828247070312,111.44614876357937,110.69730246796108,110.80301783302812,1410900,VTI
2017-07-17,111.20828247070312,111.40209621381784,111.11137223840807,111.25232829898927,1798400,VTI
2017-07-18,111.27875518798828,111.29637889617386,110.81182774319952,111.10255843498412,2010000,VTI
2017-07-19,111.921875,111.93068685321829,111.45494760154965,111.45494760154965,1276400,VTI
2017-07-20,111.99236297607422,112.13331902849228,111.71044414976306,112.13331902849228,1463800,VTI
2017-07-21,111.84262084960938,111.8778615533235,111.56951379767112,111.71928174734842,1819500,VTI
2017-07-24,111.8514175415039,111.93951592810669,111.61355122552881,111.80737170894055,4897700,VTI
2017-07-25,112.2214126586914,112.3888042652463,112.06283290550115,112.3359465880078,1709400,VTI
2017-07-26,112.14214324951172,112.41525025220464,112.03642115743264,112.37120442161185,1624400,VTI
2017-07-27,111.9483413696289,112.39765193375173,111.27878145153093,112.39765193375173,1707800,VTI
2017-07-28,111.76332092285156,111.85141931084794,111.48140204837748,111.69283952386401,1651800,VTI
2017-07-31,111.70165252685547,112.04524094860507,111.55188459357512,111.98357140422632,1496600,VTI
2017-08-01,111.93070983886719,112.071665911933,111.71046051350261,112.0452370683254,1790600,VTI
2017-08-02,111.82498168945312,112.00999030616704,111.33162537821603,112.00999030616704,2929400,VTI
2017-08-03,111.56948852539062,111.80736154120966,111.463766438196,111.79854968690792,2582500,VTI
2017-08-04,111.80736541748047,111.94832148381802,111.62235007810668,111.88665194451865,972400,VTI
2017-08-07,112.02759552001953,112.0452125047371,111.78091068365191,111.93949043200811,1114700,VTI
2017-08-08,111.71924591064453,112.52095653964923,111.54304917007033,111.93069006510335,1360300,VTI
2017-08-09,111.59590911865234,111.61353282595324,111.15541053677894,111.31399029511236,1679900,VTI
2017-08-10,109.95726776123047,111.1906652907427,109.94846262794148,111.12899575034088,2455300,VTI
2017-08-11,110.1598892211914,110.41537921235127,109.94845177803245,110.07179084666477,2039100,VTI
2017-08-14,111.2875747680664,111.38448500538914,110.66206751355882,110.82945914556639,1467400,VTI
2017-08-15,111.1818618774414,111.56069100337965,111.07614649814089,111.54307401398833,1523000,VTI
2017-08-16,111.38448333740234,111.71045474183151,111.20828657480452,111.44615287645914,1379800,VTI
2017-08-17,109.61369323730469,111.26116077012387,109.61369323730469,111.08495725990231,3440500,VTI
2017-08-18,109.42866516113281,110.07179609665485,109.19960399925813,109.66653817732299,2836500,VTI
2017-08-21,109.58724212646484,109.66653537032381,109.05864514614771,109.43747421431212,1627300,VTI
2017-08-22,110.68851470947266,110.7854249628641,109.73703588788965,109.88681055679804,2089500,VTI
2017-08-23,110.35372924804688,110.57397858415983,110.1422850459155,110.18633760172861,1268800,VTI
2017-08-24,110.17750549316406,110.67967361833273,110.07179013300755,110.56514640433815,1381700,VTI
2017-08-25,110.44182586669922,110.87351267654293,110.33610376732932,110.49468355564606,1158200,VTI
2017-08-28,110.48588562011719,110.70613496704688,110.22158371521091,110.70613496704688,1787900,VTI
2017-08-29,110.52992248535156,110.67088528225398,109.70178285724015,109.76345240051592,1312300,VTI
2017-08-30,111.11137390136719,111.25232996405802,110.45943110681118,110.52991249889435,1730600,VTI
2017-08-31,111.86902618408203,112.0099822393659,111.41090388109036,111.41090388109036,3384400,VTI
2017-09-01,112.1244888305664,112.2918804168095,111.99234465350493,112.08925486433262,2122600,VTI
2017-09-05,111.26115417480469,111.97475986484024,110.7325571184274,111.81618007577941,2319000,VTI
2017-09-06,111.56948852539062,111.76330899117637,111.28756968101374,111.61354107542391,1449900,VTI
2017-09-07,111.51664733886719,111.8514239156262,111.28758614346553,111.8514239156262,1218600,VTI
2017-09-08,111.43733215332031,111.65758144977721,111.24351169700223,111.31399308502246,1206100,VTI
2017-09-11,112.63550567626953,112.68837008591305,112.01881024272939,112.01881024272939,1346500,VTI
2017-09-12,113.06721496582031,113.06721496582031,112.76767904466709,112.80291302946839,2264200,VTI
2017-09-13,113.12004852294922,113.1288670994837,112.8733703531203,112.97028059433538,1692500,VTI
2017-09-14,113.0848159790039,113.19053135514136,112.82933267235433,112.97028202622019,1493200,VTI
2017-09-15,113.2962646484375,113.31387491652106,112.94385764247532,113.04076788874583,1531300,VTI
2017-09-18,113.56936645507812,113.73675809484556,113.37554597144764,113.51650876735201,1792300,VTI
2017-09-19,113.62224578857422,113.736779762435,113.51653039298253,113.70153233526798,1241700,VTI
2017-09-20,113.80721282958984,113.83365511333339,113.2962462789584,113.7367448827756,1729200,VTI
2017-09-21,113.49007415771484,113.76318115905951,113.4019690540127,113.75436258291843,1730600,VTI
2017-09-22,113.58120727539062,113.6431494480582,113.24498737630014,113.37770806688616,1601600,VTI
2017-09-25,113.3953857421875,113.63427078804152,112.97953080930654,113.4661709968169,2186000,VTI
2017-09-26,113.42195129394531,113.7050788683925,113.35116602510612,113.56352183162369,1851500,VTI
2017-09-27,114.0412826538086,114.22709563486792,113.4042288629007,113.99704018204143,2374400,VTI
2017-09-28,114.22710418701172,114.25364697187788,113.83779200776402,113.97936252765552,1484800,VTI
2017-09-29,114.59869384765625,114.63407972012622,114.14743959300671,114.15629618680309,1720600,VTI
2017-10-02,115.20037841796875,115.20037841796875,114.62526670829538,114.70489506792855,2678000,VTI
2017-10-03,115.43042755126953,115.46581343107879,115.13844341443831,115.2977001249419,1825100,VTI
2017-10-04,115.5454330444336,115.71354633785143,115.2888483077322,115.42156222311104,1495700,VTI
2017-10-05,116.15594482421875,116.20903039072091,115.66046153565574,115.66930462977042,2387200,VTI
2017-10-06,116.07633209228516,116.11171797441202,115.82859041467054,115.96130434878235,1635000,VTI
2017-10-09,115.84626770019531,116.22673678358399,115.69585408612792,116.17365121401994,1012100,VTI
2017-10-10,116.12055206298828,116.33289431640888,115.85511074530628,116.12939515657872,2915300,VTI
2017-10-11,116.27980041503906,116.2886435079954,115.99667293047825,116.12054373639334,2012700,VTI
2017-10-12,116.13825225830078,116.30636556314008,116.01438142856254,116.04978080900653,2171200,VTI
2017-10-13,116.22675323486328,116.43025244729895,116.15596796512267,116.39486656288352,1543900,VTI
2017-10-16,116.30638122558594,116.48333764891221,116.14712449486521,116.35062370664492,1789500,VTI
2017-10-17,116.35942840576172,116.41252746605649,116.20901482052297,116.35058531283188,1340600,VTI
2017-10-18,116.5098876953125,116.64261514675768,116.41257313219411,116.61607235665075,1470900,VTI
2017-10-19,116.53643035888672,116.53643035888672,115.85513399035315,116.12941845665773,1942600,VTI
2017-10-20,117.16458129882812,117.19112407533014,116.85491107267019,116.85491107267019,1751000,VTI
2017-10-23,116.66913604736328,117.39466134234696,116.6071938814617,117.3504323677407,1755700,VTI
2017-10-24,116.87264251708984,116.9965133557046,116.69568610491291,116.93458468685164,1574400,VTI
2017-10-25,116.26212310791016,116.74876333228923,115.63392586445454,116.71337745274705,2186500,VTI
2017-10-26,116.41255950927734,116.80185821892569,116.34177424363884,116.54527344428143,5396300,VTI
2017-10-27,117.35928344726562,117.38582623419849,116.58065902814467,116.73992925065073,2672600,VTI
2017-10-30,116.8460922241211,117.27079028624493,116.70452170311049,116.73992108381714,1688900,VTI
2017-10-31,117.0849838256836,117.23539743246923,116.89917084029713,117.03189825868952,2378300,VTI
2017-11-01,117.18231201171875,117.70433808902163,116.94341345904006,117.52738169851813,2275500,VTI
2017-11-02,117.20886993408203,117.26195550799896,116.63375821543673,117.0938421899894,5097200,VTI
2017-11-03,117.51854705810547,117.58047572382836,117.04074991837734,117.27079189248946,2677400,VTI
2017-11-06,117.73973846435547,117.82820990990255,117.45659743642726,117.4742971258996,2017700,VTI
2017-11-07,117.5362319946289,117.9697866536992,117.26194754740591,117.81937303750942,2527400,VTI
2017-11-08,117.73087310791016,117.78395867146938,117.27963231675058,117.4388890074282,1267700,VTI
2017-11-09,117.25309753417969,117.44775361444742,116.45677352374602,117.12922671045541,4320300,VTI
2017-11-10,117.27080535888672,117.35044722525892,116.9434353002678,117.00537747401175,2042100,VTI
2017-11-13,117.33272552490234,117.4565963482465,116.86378501503465,116.89032779854361,1876000,VTI
2017-11-14,117.12036895751953,117.16461143003524,116.60718597833286,116.98765504087949,3776500,VTI
2017-11-15,116.51873016357422,116.86379989403173,116.09403207245164,116.60720161956577,1772400,VTI
2017-11-16,117.58045959472656,117.76627256822265,116.89032026615196,116.89032026615196,1730600,VTI
2017-11-17,117.35928344726562,117.59818203057027,117.33274066033277,117.35928344726562,4850200,VTI
2017-11-20,117.66010284423828,117.7220450102187,117.39466149172289,117.5185458236837,1805700,VTI
2017-11-21,118.4740982055664,118.5094975819383,118.04940019544792,118.06709988363386,1956900,VTI
2017-11-22,118.38562774658203,118.56258412718759,118.288299712113,118.50949856309656,1295600,VTI
2017-11-24,118.65991973876953,118.67761942823225,118.54489200862285,118.63337695502912,670500,VTI
2017-11-27,118.53605651855469,118.81918406358453,118.44757156647202,118.66877044577052,1754300,VTI
2017-11-28,119.71283721923828,119.765922790587,118.68647117013556,118.78379921791095,2922900,VTI
2017-11-29,119.71283721923828,120.1463783858583,119.46509555233877,119.85440774344038,2066300,VTI
2017-11-30,120.63301849365234,121.14620151764608,120.13753516039172,120.22602011314895,2854400,VTI
2017-12-01,120.39413452148438,120.77459011981406,118.59798717066168,120.57993402269847,3585700,VTI
2017-12-04,120.23483276367188,121.55318262085187,120.2259896709986,121.25234195819745,3119400,VTI
2017-12-05,119.7216796875,120.62417489842903,119.65089442576948,120.41181911323744,2583300,VTI
2017-12-06,119.65086364746094,119.85437628542635,119.44736451040023,119.74819166969078,2835600,VTI
2017-12-07,120.12873077392578,120.27914444135345,119.51821950554059,119.5713050939371,1537600,VTI
2017-12-08,120.75688934326172,120.7922887247327,120.39413343908798,120.65956129557895,1502600,VTI
2017-12-11,121.04002380371094,121.06656658791542,120.75688277098637,120.77458246075854,1934300,VTI
2017-12-12,121.17271423339844,121.43815552489066,121.04884343082273,121.19925701245717,1517200,VTI
2017-12-13,121.1904525756836,121.5974509850071,121.1373670006335,121.24353815073368,1858800,VTI
2017-12-14,120.62415313720703,121.42932015561381,120.5710675757131,121.41162046814723,1856100,VTI
2017-12-15,121.7036361694336,121.95137785469265,121.10196814744066,121.17275341478742,2293000,VTI
2017-12-18,122.54418182373047,122.70343853988844,122.33182603461141,122.33182603461141,2696300,VTI
2017-12-19,122.0486831665039,122.73882251839426,122.01328378897239,122.73882251839426,3642100,VTI
2017-12-20,122.03987884521484,122.58846142467468,121.81867989406997,122.5442189342632,2522200,VTI
2017-12-21,122.3181381225586,122.638213252385,122.15808699054087,122.3625839569648,2111200,VTI
2017-12-22,122.27369689941406,122.5759991672629,121.9802810863467,122.380388625218,1926000,VTI
2017-12-26,122.17586517333984,122.27367042318427,122.06915990353453,122.1136193020281,2051300,VTI
2017-12-27,122.2203598022461,122.45152974710315,122.11365450168263,122.32705153570204,2242400,VTI
2017-12-28,122.48705291748047,122.53151231564335,122.2647694937696,122.5137258429575,2936500,VTI
2017-12-29,122.03363037109375,122.78939962901433,121.94471155235948,122.7716131518461,2256500,VTI
2018-01-02,122.89606475830078,122.90495121140806,122.20254153702109,122.4781708214907,3699700,VTI
2018-01-03,123.60740661621094,123.67853896089018,122.96722908120529,123.04724788130412,3052300,VTI
2018-01-04,124.07867431640625,124.30984431305458,123.90085019843748,123.9630825345268,2572400,VTI
2018-01-05,124.8077163696289,124.86996225243026,124.22978478384601,124.49652765694046,2188500,VTI
2018-01-08,125.09221649169922,125.16334881237846,124.56763088968061,124.75434136024856,2655300,VTI
2018-01-09,125.32341766357422,125.64350640303547,125.11003421533759,125.29674473254464,2625200,VTI
2018-01-10,125.12776947021484,125.23447472932891,124.54095159704752,124.98551840323314,2014900,VTI
2018-01-11,126.18586730957031,126.1858673095703,125.3411929127127,125.3678658413531,2188000,VTI
2018-01-12,126.9238510131836,127.01276982077047,126.25700065759769,126.32813299024615,2661800,VTI
2018-01-16,126.36370849609375,127.87524701530046,125.99917389952816,127.61739058066107,3973400,VTI
2018-01-17,127.52848052978516,127.7152046355381,126.47930894320619,126.89720300012706,2756400,VTI
2018-01-18,127.30615997314453,127.66182160268012,127.05720361602158,127.51955695086589,2705800,VTI
2018-01-19,127.9641342163086,127.9730206701055,127.31507034440328,127.58181319646594,2119000,VTI
2018-01-22,128.97775268554688,128.97775268554688,127.89300831516073,127.89300831516073,2849900,VTI
2018-01-23,129.2978515625,129.43122978926237,128.85328460750566,129.01333576619916,2261300,VTI
2018-01-24,129.17337036132812,129.9113531175524,128.5954387600846,129.6801831904763,3409300,VTI
2018-01-25,129.22669982910156,129.67126671738149,128.80880586875006,129.67126671738149,4234600,VTI
2018-01-26,130.5782012939453,130.58708774852812,129.48457042758423,129.65350803440143,1995900,VTI
2018-01-29,129.72459411621094,130.5426090133122,129.653475363257,130.32921205314193,2688200,VTI
2018-01-30,128.37315368652344,129.05777700447706,128.16864312620413,128.69324242538596,4898200,VTI
2018-01-31,128.4175567626953,129.13776636063022,127.84851181278131,128.87102357255452,4670200,VTI
2018-02-01,128.36424255371094,128.94218766482578,127.89300272438483,128.01748091388407,2924800,VTI
2018-02-02,125.63459777832031,127.75072681351386,125.58125192567482,127.59957570865032,5323600,VTI
2018-02-05,120.6910171508789,125.72350374152744,120.16641794023815,124.66544600132933,10357400,VTI
2018-02-06,122.66492462158203,122.91388104000133,117.81024732819125,118.4859842400283,10791200,VTI
2018-02-07,122.1225357055664,124.08751385182416,122.1225357055664,122.54931614073239,6176300,VTI
2018-02-08,117.73020935058594,122.522639975104,117.67686349348747,122.28257005105584,7683300,VTI
2018-02-09,119.3484115600586,120.21977234566928,115.44511519873215,119.05499581393705,9474000,VTI
2018-02-12,120.93998718261719,121.67796988851558,119.34843003161174,120.34426914542088,4251900,VTI
2018-02-13,121.32231140136719,121.5445948643844,120.04195648365116,120.33537228288658,2973000,VTI
2018-02-14,123.02054595947266,123.1894835423891,120.53986877120121,120.5843146049335,3076800,VTI
2018-02-15,124.52318572998047,124.52318572998047,122.6559994082099,123.88300833777939,2853000,VTI
2018-02-16,124.57658386230469,125.5724097493497,124.18536267321981,124.19424913038623,2813100,VTI
2018-02-20,123.8296890258789,124.86997411941498,123.42958146176618,124.0875319018737,2490000,VTI
2018-02-21,123.25170135498047,125.33228439235064,123.24281490269996,123.98968390734427,2182200,VTI
2018-02-22,123.33177185058594,124.55876743294013,123.03835602931886,123.75855233283492,2111700,VTI
2018-02-23,125.24339294433594,125.24339294433594,123.71408165783984,123.98971097684105,1439500,VTI
2018-02-26,126.55931091308594,126.62155679576084,125.40343417676218,125.8124417236236,1765700,VTI
2018-02-27,124.96774291992188,127.02163957435087,124.96774291992188,126.62153212702502,2305100,VTI
2018-02-28,123.58959197998047,125.72350756574268,123.56291905269127,125.52789705421897,2290500,VTI
2018-03-01,122.1225357055664,124.37204318667175,121.27784772217849,123.65184696260872,4846700,VTI
2018-03-02,122.91386413574219,123.15392049877704,120.77104837387648,121.17115587937332,3021300,VTI
2018-03-05,124.30091857910156,124.61210729544001,122.25590795086582,122.30036735808739,2916600,VTI
2018-03-06,124.75435638427734,125.02109922717231,123.87412263995991,124.79881578594394,2788000,VTI
2018-03-07,124.86105346679688,125.02110460626196,123.56292571174919,123.63405804405531,2569100,VTI
2018-03-08,125.33229064941406,125.39452295268993,124.57652158765566,125.21669892848307,2307500,VTI
2018-03-09,127.41290283203125,127.41290283203125,125.85691835744949,126.07030183101448,2325100,VTI
2018-03-12,127.34174346923828,127.90190210272306,127.1105735662169,127.58181339317534,1999200,VTI
2018-03-13,126.55043029785156,128.1597604947976,126.26590093610523,127.91080408682289,2080500,VTI
2018-03-14,125.91023254394531,127.13724147663224,125.67906265004822,127.0572091270754,2103100,VTI
2018-03-15,125.74136352539062,126.45267363608889,125.46573407968413,126.22150361613453,1927900,VTI
2018-03-16,125.95468139648438,126.4259211653756,125.8835490734494,125.8835490734494,2641400,VTI
2018-03-19,124.3364486694336,125.7234950184614,123.46510147503719,125.51011162144363,3154300,VTI
2018-03-20,124.52318572998047,124.8521608795183,124.17642410646359,124.47872632858507,1672000,VTI
2018-03-21,124.41651153564453,125.58128844793518,124.28314686524492,124.52321683907208,2106700,VTI
2018-03-22,121.36865234375,123.74335677145633,121.27938603743448,123.33268817135043,3130600,VTI
2018-03-23,118.82431030273438,121.80607396212034,118.76181164281724,121.52932531894757,5697000,VTI
2018-03-26,121.95787048339844,122.06499550276166,119.41354229588275,120.60089454190974,3859500,VTI
2018-03-27,119.79743957519531,122.58279928699187,119.11894473714824,122.46673809159833,3309900,VTI
2018-03-28,119.52069854736328,120.69019225507203,118.94040615516876,119.94921231015732,4740000,VTI
2018-03-29,121.16332244873047,121.9400060470543,119.77064277358252,120.06525018520294,2346400,VTI
2018-04-02,118.40473937988281,121.02941109846192,117.1816698213876,120.7794300385082,5703700,VTI
2018-04-03,119.87777709960938,120.10988585609536,118.15478608162871,119.04753092962831,3737200,VTI
2018-04-04,121.2258529663086,121.50261539414471,117.93163494020611,118.01197873108947,2928000,VTI
2018-04-05,122.07392883300781,122.5113650667145,121.51149525000825,121.99357144814745,2683600,VTI
2018-04-06,119.51173400878906,121.89536083040518,118.66362923005882,121.17223977041198,4942600,VTI
2018-04-09,119.91350555419922,121.68113670164584,119.77066309604828,120.27059807737002,2239400,VTI
2018-04-10,121.85968017578125,122.27927137312271,120.93123146345081,121.4133077209249,2153900,VTI
2018-04-11,121.29725646972656,122.15429764709744,120.87766523797933,121.11871019758479,2063800,VTI
2018-04-12,122.279296875,122.77923194914972,121.86862813711465,122.06503314798907,1858700,VTI
2018-04-13,121.93109893798828,122.97560882656919,121.42222781108153,122.94882756959578,2192600,VTI
2018-04-16,122.94886779785156,123.33274168820938,122.27930891002804,122.78816658122449,2892600,VTI
2018-04-17,124.24333953857422,124.56472833396462,123.58270323076898,123.85052949729597,2219900,VTI
2018-04-18,124.41292572021484,124.85037561083281,124.17188079091878,124.57361325827512,1554400,VTI
2018-04-19,123.73445892333984,124.2522390210441,123.21666520342832,124.07369275057292,4003900,VTI
2018-04-20,122.75240325927734,123.79691298325545,122.33281213654205,123.69871051575988,1669600,VTI
2018-04-23,122.70780944824219,123.34166445360094,122.13645313761569,123.00241696153212,2033700,VTI
2018-04-24,121.23477935791016,123.36843946216754,120.39559683936227,123.288095677764,3053500,VTI
2018-04-25,121.36865234375,121.63647850710564,120.17237758592664,121.20796481905934,2275400,VTI
2018-04-26,122.52030181884766,122.91309809000029,121.63647955879375,121.87752447011839,1284600,VTI
2018-04-27,122.60063934326172,122.9666679636467,122.1274857109412,122.78810811414888,1133600,VTI
2018-04-30,121.70791625976562,123.18987609241701,121.63649503168776,122.92204989267661,2277100,VTI
2018-05-01,121.89535522460938,121.94893134920737,120.62765938651778,121.44898287504742,1762700,VTI
2018-05-02,121.19012451171875,122.27927441846985,121.00264208223912,121.82397940717158,1661600,VTI
2018-05-03,120.85980987548828,121.23476110178439,119.32428754558637,120.69018616359584,2638000,VTI
2018-05-04,122.42208862304688,122.80596231653021,120.19914935153949,120.49375674575397,2379400,VTI
2018-05-07,122.95774841308594,123.47554207775018,122.64529587865108,122.88632718807648,1448000,VTI
2018-05-08,123.00238800048828,123.20771550787583,122.28818937481174,122.83276429439195,1357400,VTI
2018-05-09,124.1629638671875,124.33258757984504,123.10951778856993,123.37734398633414,1451700,VTI
2018-05-10,125.24321746826172,125.46640376711059,124.4843922255019,124.54687730563008,1810100,VTI
2018-05-11,125.49317932128906,125.76099194087864,125.02894807698625,125.35033684270228,1199100,VTI
2018-05-14,125.55565643310547,126.1448714032706,125.33247018278907,125.82348265792668,1396900,VTI
2018-05-15,124.79678344726562,125.08246830784303,124.39505103150707,124.93962587755432,2279700,VTI
2018-05-16,125.40385437011719,125.66274435023026,124.85035699195595,124.85035699195595,1345900,VTI
2018-05-17,125.43955993652344,125.91271356431508,125.00212372717105,125.32351238210536,1658500,VTI
2018-05-18,125.162841796875,125.43959055741892,124.95751426844035,125.30568426109353,910200,VTI
2018-05-21,126.1002197265625,126.35018721394307,125.73419104068154,125.93059601251004,1299600,VTI
2018-05-22,125.63595581054688,126.46621545183434,125.51097209943082,126.37693553437879,1213000,VTI
2018-05-23,125.96627807617188,125.96627807617188,124.9842534927053,125.06459724347914,1431800,VTI
2018-05-24,125.760986328125,125.93061006110038,124.85931876392858,125.8145488496524,1405100,VTI
2018-05-25,125.51994323730469,125.7966919874416,125.23425831961069,125.51994323730469,1264500,VTI
2018-05-29,124.27902221679688,125.12712713844343,123.6808711525411,124.80573843293246,2695000,VTI
2018-05-30,125.88597869873047,126.15380494689975,124.90396728505488,124.95752981024695,1587000,VTI
2018-05-31,125.0199966430664,125.8323978158488,124.81466911904901,125.76991275297692,1700900,VTI
2018-06-01,126.3233871459961,126.45729341493696,125.6627511007443,125.81451607961208,1857800,VTI
2018-06-04,126.91258239746094,127.00184868891739,126.52869511537118,126.68046007082918,1592000,VTI
2018-06-05,127.10009002685547,127.23400993831163,126.61801376335006,127.0018875406702,2952100,VTI
2018-06-06,128.2249755859375,128.2249755859375,127.10904427608901,127.43935558469748,3011000,VTI
2018-06-07,128.03753662109375,128.55533055940134,127.5733052242985,128.38570676313694,1663400,VTI
2018-06-08,128.47494506835938,128.5017263304274,127.76966884134545,127.9035887738941,1084200,VTI
2018-06-11,128.662353515625,128.97481958937513,128.52844726813336,128.5552285176317,1664500,VTI
2018-06-12,128.93019104003906,129.09981471667092,128.55523989168606,128.91233233139272,1582300,VTI
2018-06-13,128.4481658935547,129.14450596305565,128.37674465280986,129.03736729083403,1402000,VTI
2018-06-14,128.81414794921875,129.06412903874818,128.45705545938583,128.9123504272536,1809800,VTI
2018-06-15,128.68917846679688,128.8498796405617,127.8678547514622,128.42136588086683,3328300,VTI
2018-06-18,128.54638671875,128.60887179942733,127.68934532986536,127.93039034895959,1603500,VTI
2018-06-19,128.11782836914062,128.21603086274362,127.1268808872223,127.43934708201566,1962500,VTI
2018-06-20,128.41241455078125,128.7248806937473,128.1892283407213,128.51061702809585,1468400,VTI
2018-06-21,127.52861785888672,128.42136278300296,127.2697142024574,128.40350407030283,1881300,VTI
2018-06-22,127.71061706542969,128.27543499496218,127.6388930680324,128.2037109975649,1226300,VTI
2018-06-25,125.91753387451172,127.29819661809083,125.10168895148325,127.17268306685192,4347700,VTI
2018-06-26,126.20441436767578,126.63474453642256,125.78304456579579,126.14165075975988,2085300,VTI
2018-06-27,125.02998352050781,127.20854317618918,125.02100947224389,126.58993576384955,2958800,VTI
2018-06-28,125.80995178222656,126.13270286067683,124.6086058657536,125.00306724612548,2490500,VTI
2018-06-29,125.89955139160156,127.00229182784855,125.86369625348715,126.3209210841618,1834000,VTI
2018-07-02,126.20441436767578,126.3030331230083,125.00305489000232,125.11960805901788,2825900,VTI
2018-07-03,125.8816909790039,126.83200991376087,125.71134821146211,126.73339113676049,1325900,VTI
2018-07-05,126.94856262207031,126.9664833596727,125.91754565193362,126.52719272922397,2796400,VTI
2018-07-06,128.0154266357422,128.20370382837575,126.8051201572223,127.00235771904681,1756400,VTI
2018-07-09,129.18092346191406,129.19885788106436,128.32922323164863,128.61611921823896,2153000,VTI
2018-07-10,129.51263427734375,129.6471082061571,129.12711954815873,129.4498706572628,1437000,VTI
2018-07-11,128.58920288085938,129.18988960603122,128.2933602227276,128.75954565247952,2042300,VTI
2018-07-12,129.64706420898438,129.69189339669288,128.84915391558349,129.26154961062804,1440600,VTI
2018-07-13,129.727783203125,129.9788103054321,129.33330813379922,129.57537486814934,1964700,VTI
2018-07-16,129.52157592773438,129.8532873575037,129.29744362546862,129.7905374264433,1571100,VTI
2018-07-17,130.11328125,130.292584345847,129.10915928934804,129.11813333610746,1767100,VTI
2018-07-18,130.4001922607422,130.4450214645899,129.8622828544266,130.113309980031,1327700,VTI
2018-07-19,130.08642578125,130.37330808531007,129.63816106619393,130.0595309927429,2034200,VTI
2018-07-20,129.8533172607422,130.21193723492217,129.6022901187928,129.99676525041417,1507800,VTI
2018-07-23,130.0595245361328,130.14020889764862,129.52160143278854,129.80848372260678,1444500,VTI
2018-07-24,130.34642028808594,130.97398818683408,129.90711591898514,130.68710586738672,2340000,VTI
2018-07-25,131.4581298828125,131.4939850449745,130.00574273608333,130.26574396158924,2125700,VTI
2018-07-26,131.24290466308594,131.55669534459918,130.89325883394667,131.09945671268278,2084600,VTI
2018-07-27,130.19398498535156,131.46705493944089,129.66503598582634,131.4311997869101,2535000,VTI
2018-07-30,129.34230041503906,130.3015797598095,129.15402322179185,130.19400060935567,5379700,VTI
2018-07-31,130.077392578125,130.45393312594308,129.58429887981063,129.8353395916366,2003800,VTI
2018-08-01,129.92506408691406,130.47194767368163,129.53956293687503,130.16713090202907,1524100,VTI
2018-08-02,130.69606018066406,130.8126133850139,129.17196287434717,129.25264724045695,1508400,VTI
2018-08-03,131.13534545898438,131.15326619554472,130.67810675761598,130.794659945016,1977100,VTI
2018-08-06,131.72705078125,131.84360397429236,130.97396941071221,131.1712069620367,1802000,VTI
2018-08-07,132.15736389160156,132.34562735034552,131.1711763650174,131.1711763650174,2532500,VTI
2018-08-08,132.03189086914062,132.26498359241936,131.7718896778362,132.08568044528548,1270600,VTI
2018-08-09,131.94223022460938,132.39945529406265,131.85258549253484,132.12153336871145,1233800,VTI
2018-08-10,131.117431640625,131.5746567338705,130.83950970081182,131.20709005731803,1854000,VTI
2018-08-13,130.6153564453125,131.56567531844564,130.40915853584718,131.2518845901689,1898200,VTI
2018-08-14,131.47601318359375,131.5925663673508,130.82155064085651,130.99189339251646,1784200,VTI
2018-08-15,130.43606567382812,130.92018552449895,129.67401022152745,130.77673753913245,2684700,VTI
2018-08-16,131.4581298828125,131.92431539069366,131.12640465302758,131.1443390740861,1347500,VTI
2018-08-17,131.94223022460938,132.13946778710758,131.16225402379115,131.29672796187947,2188300,VTI
2018-08-20,132.19326782226562,132.40843982018563,131.93328029473878,132.19326782226562,5759800,VTI
2018-08-21,132.6863555908203,133.14358067516758,132.48911802189713,132.48911802189713,2090900,VTI
2018-08-22,132.73117065429688,132.9463289393194,132.42635396388033,132.49806427225315,1169600,VTI
2018-08-23,132.4711456298828,133.0180289724134,132.30977694517685,132.59665916685952,1351100,VTI
2018-08-24,133.29598999023438,133.36771398671533,132.77601495566617,132.82083048350742,1712700,VTI
2018-08-27,134.25527954101562,134.36285869294593,133.67254089478882,133.8697784599632,2126000,VTI
2018-08-28,134.3359832763672,134.65873445865242,134.0580613071684,134.56908971243467,3015300,VTI
2018-08-29,135.04421997070312,135.1697335321357,134.31803338813236,134.44354694956493,2688600,VTI
2018-08-30,134.48834228515625,135.01730491746176,134.18352563599726,134.7573037849819,2150400,VTI
2018-08-31,134.5421600341797,134.7304235283894,134.11181611608288,134.30905365855602,2537500,VTI
2018-09-04,134.3538818359375,134.56905379334583,133.78010362946685,134.3807766206196,2342700,VTI
2018-09-05,133.91456604003906,134.20146195858527,133.3228671479506,134.17456717621536,2772000,VTI
2018-09-06,133.51119995117188,134.20153164367673,133.00914551297106,133.99533364512084,2592200,VTI
2018-09-07,133.20635986328125,133.73530900539018,132.80292430879064,133.01808264187628,2334400,VTI
2018-09-10,133.4932403564453,133.87875516448943,133.39462156182518,133.76220194904158,2156000,VTI
2018-09-11,133.9414825439453,134.13872009994463,132.98220323063282,133.17944078663214,2575100,VTI
2018-09-12,133.95042419433594,134.15662206938865,133.39456681644063,133.8607658069482,2181100,VTI
2018-09-13,134.62283325195312,134.77524158035567,134.2552529823026,134.45249050845896,1905900,VTI
2018-09-14,134.73040771484375,134.9097108196965,134.29110347999702,134.73040771484375,1363900,VTI
2018-09-17,133.87872314453125,134.73042325075477,133.75320958866624,134.6945680976297,1661600,VTI
2018-09-18,134.595947265625,134.87386915793113,133.94147103153813,133.96836581595798,1665400,VTI
2018-09-19,134.6138916015625,134.9097479619999,134.48837802561516,134.58699681242763,1809800,VTI
2018-09-20,135.65386962890625,135.79731762487577,134.94561737873175,135.22353932095155,1713900,VTI
2018-09-21,135.5194091796875,136.12904270334352,135.42079038263077,136.1111219620279,1986100,VTI
2018-09-24,135.0262908935547,135.3131731824813,134.7214741865849,135.2593836083046,1668600,VTI
2018-09-25,134.95452880859375,135.4386621994363,134.85591005712203,135.2772798425058,2318900,VTI
2018-09-26,134.43455505371094,135.6359009364995,134.29110709398833,135.02626762760394,4903500,VTI
2018-09-27,134.7483673095703,135.33110592922486,134.55112975338977,134.6945777360579,1808300,VTI
2018-09-28,134.80599975585938,135.1122851223038,134.42766179816144,134.47270497663106,1797000,VTI
2018-10-01,135.01316833496094,135.81488726675954,134.68887675888254,135.49959882645578,2718800,VTI
2018-10-02,134.8150177001953,135.21137568145153,134.60782182665335,134.99517667024404,2159200,VTI
2018-10-03,134.99520874023438,135.56272268869466,134.8060328423304,135.3555267659304,2563900,VTI
2018-10-04,133.8511505126953,134.76997916039443,133.05844826814499,134.74295600121937,3220800,VTI
2018-10-05,132.9863739013672,134.1754340690439,132.17563793930543,133.87816559081273,3197900,VTI
2018-10-08,132.88726806640625,133.10345330017162,131.84232695238597,132.67106908739459,2515600,VTI
2018-10-09,132.65309143066406,133.33771487687076,132.43690612786253,132.64408829146421,3690600,VTI
2018-10-10,128.4282989501953,132.3738315863382,128.2841662638318,132.35581156423038,6890300,VTI
2018-10-11,125.68984985351562,128.78863430229922,124.98722009422764,127.93286869755117,11707900,VTI
2018-10-12,127.34733581542969,128.20311517269204,125.65382461610074,127.91484975861387,7981200,VTI
2018-10-15,126.77976989746094,127.89676343485849,126.56357094897542,127.1581077483773,3386400,VTI
2018-10-16,129.57229614257812,129.7704751195416,127.338294828464,127.68960960667246,3990400,VTI
2018-10-17,129.53627014160156,129.85154488184807,128.212080494923,129.63535963030702,3148300,VTI
2018-10-18,127.66261291503906,129.36514084625603,127.01402953693257,129.09489548116994,3783800,VTI
2018-10-19,127.32926940917969,128.8786609150749,127.02298411504133,128.0409019781078,2997700,VTI
2018-10-22,126.8248291015625,127.86076717626906,126.49153433813176,127.67159133376258,3220600,VTI
2018-10-23,126.07719421386719,126.71676070628007,123.82517241896227,124.93316329338543,4981600,VTI
2018-10-24,122.15867614746094,126.19429553216196,121.9695002604863,126.01413652972234,6013700,VTI
2018-10-25,124.45569610595703,125.17634559969119,122.66308238026463,123.07746030636666,4886000,VTI
2018-10-26,122.30280303955078,123.88822142908167,120.86150359797712,122.61807784253553,6623500,VTI
2018-10-29,121.6271743774414,124.6088484813438,119.87060045243446,123.87017887197041,5167200,VTI
2018-10-30,123.52788543701172,123.6720043639635,121.25784395823138,121.57313246051271,3675500,VTI
2018-10-31,124.8160400390625,125.96907397166711,124.64488420222689,124.85208008115879,4034500,VTI
2018-11-01,126.23031616210938,126.44650143368136,124.7800137359029,125.24842432114134,3713900,VTI
2018-11-02,125.71685791015625,127.19418360410815,124.66291339787803,126.95096141042865,3171400,VTI
2018-11-05,126.32941436767578,126.58163969872771,125.38356250360621,125.93305634880856,3140200,VTI
2018-11-06,127.05001831054688,127.11308150004817,126.26631935400682,126.28433937175666,2029700,VTI
2018-11-07,129.64434814453125,129.71641446866556,127.88777444765059,128.18504288023746,2781200,VTI
2018-11-08,129.3921356201172,129.77047355013175,128.7975986964169,129.31106615195276,1874800,VTI
2018-11-09,128.0679473876953,128.77959382555105,127.27523148079194,128.73455064988656,2226900,VTI
2018-11-12,125.60877227783203,127.88781727903556,125.37455320964085,127.7256645591147,3530700,VTI
2018-11-13,125.42857360839844,126.94192520767099,125.0502357085803,125.9060009875913,2290500,VTI
2018-11-14,124.50977325439453,126.62667908937543,123.75309728390106,126.41948320237782,2766000,VTI
2018-11-15,125.91500091552734,126.1221830052151,123.14050930897484,123.9062019705649,3600900,VTI
2018-11-16,126.18527221679688,126.6266733856604,125.05025831218173,125.27546046553583,2272300,VTI
2018-11-19,123.9963150024414,126.0501577876106,123.56393066484007,125.96008516262089,3481800,VTI
2018-11-20,121.7893295288086,123.06847619176445,121.28487887245976,122.26675702465657,4627200,VTI
2018-11-21,122.38384246826172,123.31167411688286,122.28475298417369,122.50995510753313,4151300,VTI
2018-11-23,121.72627258300781,122.43790534117979,121.36594088974147,121.5370967258869,1300000,VTI
2018-11-26,123.61798095703125,123.66302414359714,122.67212902015056,122.94237439429514,4699700,VTI
2018-11-27,123.7711181640625,123.78913818793829,122.75321361171922,123.09551159385418,2860100,VTI
2018-11-28,126.65371704101562,126.65371704101562,123.78913803924286,124.33863193216227,6061100,VTI
2018-11-29,126.41947937011719,127.15814904171833,125.6447834013581,126.28436357421396,2895000,VTI
2018-11-30,127.32926940917969,127.47338830291216,126.17623578784998,126.32937156229666,2142100,VTI
2018-12-03,128.81561279296875,129.71642127403845,127.9418274667114,129.35610337970923,3655400,VTI
2018-12-04,124.6088638305664,128.65349967015453,124.40168168703164,128.49134696350825,3917700,VTI
2018-12-06,124.45569610595703,124.45569610595703,121.0236181836341,122.64506236297866,6542900,VTI
2018-12-07,121.5190658569336,125.09527684001877,121.09568474592118,124.25753150030106,4986900,VTI
2018-12-10,121.6541976928711,122.14964514550525,119.31208995964477,121.43799869210865,5046800,VTI
2018-12-11,121.6271743774414,123.41977459657132,120.91552792497214,123.28465881205065,3459200,VTI
2018-12-12,122.32080078125,123.87019276198161,122.28477448308728,123.15855997496206,3720100,VTI
2018-12-13,122.02352905273438,123.13151969170677,121.51006159488907,122.72615860381417,3298400,VTI
2018-12-14,119.91563415527344,121.53709235351745,119.59134251562465,120.94255538995328,4503200,VTI
2018-12-17,117.35735321044922,119.95168659582653,116.62770038212425,119.39317586993306,7193100,VTI
2018-12-18,117.32131958007812,118.67253250965186,116.52860359624862,118.2401344756092,8065500,VTI
2018-12-19,115.51969909667969,119.25804926542237,114.67293681868539,117.35734258138675,8010800,VTI
2018-12-20,113.65501403808594,115.64580699785522,112.42091071292334,114.86210107877015,13119700,VTI
2018-12-21,111.2408676147461,115.27649372992381,110.90757278471006,113.9613138150886,13605000,VTI
2018-12-24,108.46005249023438,111.03337736256007,108.43287062507034,110.45347452910384,14488500,VTI
2018-12-26,113.67915344238281,113.73351715766512,108.142889278619,109.03992514570291,12512300,VTI
2018-12-27,114.70304870605469,114.70304870605469,110.46251277617537,112.13879424565926,16128500,VTI
2018-12-28,114.55809020996094,116.26155374260097,113.92382371189984,115.52761580727508,11668700,VTI
2018-12-31,115.6454086303711,115.7360240574296,114.42217640793264,115.4188838886978,9414800,VTI
2019-01-02,115.73600006103516,116.12562281244934,113.57041761969707,113.94192143724817,5093200,VTI
2019-01-03,113.05396270751953,114.99302081631173,112.87274568310241,114.99302081631173,5252900,VTI
2019-01-04,116.796142578125,117.22201016683272,114.45841267202564,114.60339181413295,4776900,VTI
2019-01-07,117.97406005859375,118.7351797263208,116.71458328962746,117.05890525520556,4485100,VTI
2019-01-08,119.18824768066406,119.36040869025906,117.83816911778808,119.10670209484724,3949400,VTI
2019-01-09,119.75003814697266,120.21214362484848,119.02515623632574,119.62318484955738,6405100,VTI
2019-01-10,120.3390121459961,120.41150172882847,118.69897508408935,119.09766087668034,2685700,VTI
2019-01-11,120.3661880493164,120.38431390062024,119.46915888639269,119.72286550075228,3033800,VTI
2019-01-14,119.60507202148438,120.04906552376325,119.2063862359236,119.41478514165802,2479400,VTI
2019-01-15,120.90985870361328,121.01858616463558,119.65038158486622,119.77723489805031,4542100,VTI
2019-01-16,121.25415802001953,121.716263468657,121.06387117295023,121.11823489326386,2963100,VTI
2019-01-17,122.23271179199219,122.68576115197136,120.656108867885,120.87356371205469,4401100,VTI
2019-01-18,123.81839752197266,124.08117392082933,122.7310817093195,123.1297674000188,4224900,VTI
2019-01-22,122.12400817871094,123.15696036780486,121.31758071376893,123.12977850698438,5037900,VTI
2019-01-23,122.2508773803711,123.02106707310541,121.05483387070663,122.66768901048026,3934200,VTI
2019-01-24,122.50457000732422,122.74922058457705,121.83406566177729,122.25991943007139,3785200,VTI
2019-01-25,123.65531158447266,123.97245171343549,123.25662587696667,123.43784288238632,2987300,VTI
2019-01-28,122.74919891357422,122.79450661632168,121.8521561726655,122.54080007209957,4371600,VTI
2019-01-29,122.57704162597656,123.11163658695656,122.17835595135753,122.88511189237485,2975100,VTI
2019-01-30,124.425537109375,124.86951682710477,122.88515755308109,123.36538897795734,3060700,VTI
2019-01-31,125.5218734741211,125.73934217701216,124.35301203276354,124.38019389237851,3932900,VTI
2019-02-01,125.7031021118164,126.1289697198192,125.2681784917611,125.67592024968624,3225400,VTI
2019-02-04,126.60013580322266,126.62731766336962,125.36784078133097,125.73027480060493,4938100,VTI
2019-02-05,127.12571716308594,127.2616265091009,126.54581424346178,126.80857692108276,2759100,VTI
2019-02-06,126.9988021850586,127.21625703312789,126.53668298097236,126.98973234907605,2945200,VTI
2019-02-07,125.79371643066406,126.39174504421706,124.244281172999,126.11084276138642,5097500,VTI
2019-02-08,125.92057037353516,125.9386962235464,124.73358297829084,125.16850659675285,2105800,VTI
2019-02-11,126.18333435058594,126.44611078769549,125.84808216459031,126.31018765009557,2337000,VTI
2019-02-12,127.75994873046875,127.92303990089195,126.9082135267767,126.96257725025112,3312300,VTI
2019-02-13,128.15866088867188,128.55734671096414,127.88682838929304,128.16771690246026,2369300,VTI
2019-02-14,127.93211364746094,128.49389057515677,127.20723171838618,127.63309933324362,2731400,VTI
2019-02-15,129.3365478515625,129.36372970951894,128.5844841875028,128.8110088877869,2537600,VTI
2019-02-19,129.5902862548828,129.92553846937648,128.97413172919366,129.03756529732698,2469900,VTI
2019-02-20,129.8621063232422,130.0523793575202,129.33656728052006,129.61745573891218,2357400,VTI
2019-02-21,129.41807556152344,129.6989639389487,128.89253667028933,129.62647438574726,3684900,VTI
2019-02-22,130.26983642578125,130.3332561562095,129.5993182948506,129.75335344128644,1838400,VTI
2019-02-25,130.4600830078125,131.27558010872195,130.38759345488933,130.9856218970292,3920000,VTI
2019-02-26,130.2154998779297,130.68666142676415,130.10675859083588,130.25173775631148,2155200,VTI
2019-02-27,130.2607879638672,130.45107483831987,129.46343024123684,129.925535756374,2046800,VTI
2019-02-28,129.98895263671875,130.38762453387028,129.86209934535876,130.16109981172946,2275100,VTI
2019-03-01,130.85879516601562,131.02190014965257,130.0251858773471,130.82255729519147,2985100,VTI
2019-03-04,130.25172424316406,131.41152979469493,129.0466109788758,131.38434793223507,3555400,VTI
2019-03-05,130.007080078125,130.38763999733789,129.73524761412338,130.30609440592946,2838000,VTI
2019-03-06,129.01943969726562,130.0705178851556,128.87446053494136,130.04333602046654,2139600,VTI
2019-03-07,128.0136260986328,128.89254296340636,127.54245089280276,128.8109973968115,2851800,VTI
2019-03-08,127.75089263916016,127.78713051279644,126.78136015122779,126.97164700924235,2328000,VTI
2019-03-11,129.62652587890625,129.67183359590138,128.08616028289035,128.1133421478926,1910400,VTI
2019-03-12,130.06141662597656,130.33324903317165,129.78052820806417,129.87114361911938,1966100,VTI
2019-03-13,130.89505004882812,131.33902965059423,130.4238747608178,130.44200060965673,2013500,VTI
2019-03-14,130.78628540039062,131.05811778049085,130.52352285607424,130.89502664801222,1494000,VTI
2019-03-15,131.3933868408203,131.81925439855334,130.9765891200418,131.04000884886855,2324300,VTI
2019-03-18,131.8826904296875,132.07296344571142,131.3390255891053,131.47494871223645,2489700,VTI
2019-03-19,131.8555145263672,132.71630570786292,131.375283220081,132.39916556553572,6104600,VTI
2019-03-20,131.3118438720703,132.28137627943335,130.7047593008122,131.67429170817525,2900900,VTI
2019-03-21,132.85218811035156,133.05153093214062,130.80441000811825,130.91313742874172,2949700,VTI
2019-03-22,130.07955932617188,132.35387647418958,130.02519560288374,132.14546376695523,5151000,VTI
2019-03-25,129.99026489257812,130.5550790220642,129.27056892043765,129.89005458888977,3676500,VTI
2019-03-26,130.99237060546875,131.52986988457363,130.2817934169286,130.91038413772725,2861000,VTI
2019-03-27,130.39109802246094,131.32030561644106,129.49831031742298,131.0378985692086,3402700,VTI
2019-03-28,130.9650421142578,131.1654627475043,130.1178208106715,130.69175388776134,2654500,VTI
2019-03-29,131.83047485351562,131.90334243222102,131.21098922875288,131.7393695290526,3614700,VTI
2019-04-01,133.36093139648438,133.4429178401855,132.63213057301778,132.7869984891375,3666800,VTI
2019-04-02,133.35186767578125,133.4611829678646,132.88724988297935,133.38830147290108,4292800,VTI
2019-04-03,133.67071533203125,134.22642459607346,133.29721676496644,133.98957015101718,2404400,VTI
2019-04-04,133.95310974121094,134.05332005475026,133.3245329388896,133.77091296224577,2248400,VTI
2019-04-05,134.6272735595703,134.67282623641034,134.15355074173962,134.27198492137862,1744500,VTI
2019-04-08,134.74566650390625,134.76387644848933,134.0168655996718,134.4085879190242,2130500,VTI
2019-04-09,133.9348907470703,134.35394192031268,133.65248367364126,134.2081928474192,2150700,VTI
2019-04-10,134.55435180664062,134.5725756520703,133.98043273245753,134.1353006668067,2019000,VTI
2019-04-11,134.54527282714844,134.7912461354444,134.22641802377498,134.77302228649407,1794600,VTI
2019-04-12,135.4471435546875,135.55647274101855,134.94610589516859,135.32872329551975,2612000,VTI
2019-04-15,135.33782958984375,135.55647406391662,134.88233069440096,135.51092139422772,2083000,VTI
2019-04-16,135.374267578125,135.79331874747703,135.04630784089542,135.73866110805912,2953300,VTI
2019-04-17,134.8732147216797,135.93908038200638,134.6181364730915,135.92085653547238,2983900,VTI
2019-04-18,135.0736083984375,135.19202862549122,134.3812413754193,135.19202862549122,2457000,VTI
2019-04-22,135.11009216308594,135.20119751056953,134.61815942855785,134.7821323731591,2148600,VTI
2019-04-23,136.46751403808594,136.5768293585511,135.23766107994302,135.32876644748228,2344200,VTI
2019-04-24,136.2852783203125,136.69522455582296,136.16684415644727,136.4492512542273,1924600,VTI
2019-04-25,136.0575408935547,136.36727684103198,135.3742924737358,136.23061881663338,2428600,VTI
2019-04-26,136.7954559326172,136.7954559326172,135.72958999589713,136.11220746799722,2184500,VTI
2019-04-29,136.995849609375,137.27825669500768,136.76810016602957,136.85008662946044,2461500,VTI
2019-04-30,137.0049591064453,137.19627476149034,136.0119748368466,136.9047487920357,2224500,VTI
2019-05-01,135.98464965820312,137.44223784235925,135.95732083542495,137.37847522278474,3761300,VTI
2019-05-02,135.75692749023438,136.41284717020676,134.8823632833624,135.87534777916932,2537800,VTI
2019-05-03,137.22361755371094,137.28738017806847,136.3763822818627,136.46748763177317,2147100,VTI
2019-05-06,136.78631591796875,136.9594077263727,134.84590003080908,135.0007679907696,2635300,VTI
2019-05-07,134.42684936523438,135.8206750553701,133.3974172787809,135.59292557788746,4385800,VTI
2019-05-08,134.20822143554688,135.04633786128377,133.92580040123613,134.23555026133093,2492100,VTI
2019-05-09,133.78005981445312,134.08067691721678,132.14936563498384,133.06036362105237,2768000,VTI
2019-05-10,134.39947509765625,134.79121129485188,131.77579755592632,133.30628075550885,3175300,VTI
2019-05-13,131.00149536132812,132.2313341348338,130.50044375698545,131.82138787699856,4241900,VTI
2019-05-14,132.185791015625,132.9236970356086,131.31122698037393,131.43876612085597,3090200,VTI
2019-05-15,132.9692840576172,133.25169123444493,131.2292744123999,131.39324739221186,2072300,VTI
2019-05-16,134.1717529296875,134.85500126979687,133.26986011648282,133.30630781236025,2319500,VTI
2019-05-17,133.2242889404297,134.4996799714345,133.01474949191345,133.06030215031782,1923900,VTI
2019-05-20,132.27688598632812,132.9328055550793,131.89426855467727,132.33154363360336,1669200,VTI
2019-05-21,133.5704803466797,133.74357213641403,133.04210000459872,133.1058765169101,1438800,VTI
2019-05-22,133.08766174316406,133.52495068411034,132.79614968325612,133.06033292194527,1539800,VTI
2019-05-23,131.39320373535156,131.95803180206394,130.61886397564362,131.93980795456412,2701100,VTI
2019-05-24,131.7120819091797,132.30422500123925,131.32946444805617,132.0582655695546,1381900,VTI
2019-05-28,130.55506896972656,132.34973542441116,130.5004113356908,131.93068429632322,3866100,VTI
2019-05-29,129.6623077392578,130.09047778164265,128.85152032083758,129.9264909629291,2955100,VTI
2019-05-30,129.9174041748047,130.42756074759308,129.3161422565652,129.99028567102076,2621700,VTI
2019-05-31,128.1682891845703,128.98818168572367,128.08630271459978,128.55090661182348,2836300,VTI
2019-06-03,127.91319274902344,128.7968616463562,127.19349676836421,128.16827099766363,4765100,VTI
2019-06-04,130.78285217285156,130.82840484655904,128.87886995810828,129.1157244003731,2767600,VTI
2019-06-05,131.78492736816406,131.93069033274256,130.5186411524214,131.53895410302803,5059700,VTI
2019-06-06,132.5228729248047,132.86905659410542,131.50255966883478,131.93072981747764,2795600,VTI
2019-06-07,133.72540283203125,134.32666490453607,132.98749660701512,133.06037812193034,1667900,VTI
2019-06-10,134.4723663330078,135.3469302106279,134.40858982389994,134.58168160493986,2259800,VTI
2019-06-11,134.34486389160156,135.58382161437757,133.98957526010753,135.39250593554613,1724500,VTI
2019-06-12,134.16262817382812,134.49969285701727,133.8528784074349,134.23550965411354,1729900,VTI
2019-06-13,134.78213500976562,134.90967415830298,134.30841221488782,134.6363720112302,1726600,VTI
2019-06-14,134.4906005859375,134.81856032783358,134.16264084404142,134.64546853339922,1401000,VTI
2019-06-17,134.5884552001953,135.02735650055973,134.54273311731092,134.67074657793475,2506100,VTI
2019-06-18,136.0606231689453,136.67326004071367,135.39312537618596,135.51198605419262,2261100,VTI
2019-06-19,136.52694702148438,136.69154372732038,135.68571372615753,136.1611982678364,4049900,VTI
2019-06-20,137.77967834472656,137.93513624574948,136.6549874504924,137.82540043606136,2968100,VTI
2019-06-21,137.79791259765625,138.01737017323495,137.194414729128,137.52359411628726,2414300,VTI
2019-06-24,137.02989196777344,137.5876680080531,136.89273964328814,137.45965452105892,1977300,VTI
2019-06-25,135.7314453125,137.0664409139712,135.60343184451753,137.03901045314794,2309500,VTI
2019-06-26,135.47540283203125,136.41721908535678,135.44797237435537,136.11547009850202,1903700,VTI
2019-06-27,136.28919982910156,136.4263521116413,135.84114578543944,135.93258994207886,2392200,VTI
2019-06-28,137.2401885986328,137.31334115143494,136.5269686493404,136.70984305513437,2589600,VTI
2019-07-01,138.2094268798828,138.91350794828676,137.6242204464154,138.84950818884383,3960800,VTI
2019-07-02,138.5294647216797,138.5294647216797,137.76138390942782,138.18199361271837,2705400,VTI
2019-07-03,139.5718536376953,139.5901452611178,138.75805080065157,138.86777263634536,2286800,VTI
2019-07-05,139.4895477294922,139.5535474761728,138.3099823089836,138.99577161546839,2446300,VTI
2019-07-08,138.73974609375,139.01406460953623,138.4105666652904,138.86775954079434,2611300,VTI
2019-07-09,138.98663330078125,139.06892466928662,138.09053917696676,138.09053917696676,3178000,VTI
2019-07-10,139.55352783203125,140.0198734243444,139.09633502539776,139.5260973798266,1852500,VTI
2019-07-11,139.7455596923828,139.92843403075892,139.2060755108271,139.8461426713523,2641000,VTI
2019-07-12,140.45877075195312,140.4862012034039,139.89185615208103,139.99243912487287,1656000,VTI
2019-07-15,140.36737060546875,140.65998078254148,140.1479269250854,140.65998078254148,2155000,VTI
2019-07-16,140.0107879638672,140.51370308347785,139.85534400915552,140.35825912876618,1778500,VTI
2019-07-17,139.08724975585938,140.05649664680112,139.08724975585938,139.9924968844825,2575500,VTI
2019-07-18,139.59927368164062,139.75471758808328,138.61173537681117,138.86776227594254,1463500,VTI
2019-07-19,138.80377197265625,140.15705909621312,138.74891105516915,140.093059343285,1487900,VTI
2019-07-22,139.1329345703125,139.35237821366937,138.7671719106863,139.04149041730125,1510000,VTI
2019-07-23,140.06561279296875,140.08390441599192,139.26096276141286,139.699864047027,1643800,VTI
2019-07-24,140.92510986328125,140.95254031618882,139.68154483927387,139.68154483927387,2168900,VTI
2019-07-25,140.1753692626953,140.76971455065615,139.8004676737121,140.76057571400622,2046000,VTI
2019-07-26,141.1903076171875,141.28173782113166,140.45879622353746,140.49536551463126,1721600,VTI
2019-07-29,140.8520050048828,141.16290683041254,140.4771173708049,141.13547636822202,1587600,VTI
2019-07-30,140.7147979736328,140.81538094669142,139.86442607156937,140.07473085072212,1970300,VTI
2019-07-31,139.17868041992188,140.91600800453796,138.13628107866796,140.7331336196975,2512000,VTI
2019-08-01,137.88934326171875,140.67822197022102,137.3955672530443,139.2517687970407,3901500,VTI
2019-08-02,136.7738037109375,137.53274545536007,135.85941808427185,137.43216247833016,7062200,VTI
2019-08-05,132.71392822265625,134.64328243741127,131.55265457950733,134.57926874690213,5701800,VTI
2019-08-06,134.442138671875,134.4878607508674,132.7779638254241,133.67405797351307,3408400,VTI
2019-08-07,134.5884552001953,134.89934303993593,131.83614486815193,132.86026650556332,3195500,VTI
2019-08-08,137.14874267578125,137.17617313588988,135.05479120468044,135.3108181339752,4143200,VTI
2019-08-09,136.17030334472656,136.96581436052347,135.34736187682748,136.75550957693454,2349700,VTI
2019-08-12,134.48785400390625,135.56682246141574,134.0032306862223,135.4388090181109,2610200,VTI
2019-08-13,136.40806579589844,137.2310213804068,133.98494902731144,134.3141284706308,2721400,VTI
2019-08-14,132.467041015625,134.59756119595036,132.38474965796345,134.36896478972338,3938800,VTI
2019-08-15,132.71392822265625,133.18941265135317,131.71725124623282,132.86937210364198,3591900,VTI
2019-08-16,134.72560119628906,134.96335043520176,133.50032756584093,133.57348010455098,3659300,VTI
2019-08-19,136.32577514648438,136.68238504927078,135.90516549315683,136.32577514648438,2875000,VTI
2019-08-20,135.2833709716797,136.2709092709321,135.2376488930031,136.0697432866907,1739000,VTI
2019-08-21,136.4263458251953,136.60922017762803,136.07888874129878,136.38977653567628,1439700,VTI
2019-08-22,136.30747985839844,137.06640769379982,135.4479550877975,136.801241985968,1730700,VTI
2019-08-23,132.869384765625,136.51778875705992,132.2567480166225,135.70398603645438,3808300,VTI
2019-08-26,134.21359252929688,134.30503672155274,133.1894845476704,133.98499600108204,3623000,VTI
2019-08-27,133.59178161621094,135.17366526970392,133.20772727144924,134.9999297214596,1984700,VTI
2019-08-28,134.54273986816406,134.63418403852117,132.86941200806368,133.2168831125149,1981000,VTI
2019-08-29,136.32577514648438,136.59095484100914,135.42054213686816,135.86858224791618,2576000,VTI
2019-08-30,136.28001403808594,137.05724732403473,135.7313910883715,137.04810849155177,2267900,VTI
2019-09-03,135.3931121826172,135.83201346019715,134.75303096030552,135.31995964428384,4307800,VTI
2019-09-04,136.8378143310547,136.8378143310547,136.07888647869865,136.51778770772324,2071700,VTI
2019-09-05,138.66661071777344,139.08723435434888,137.8436690210045,138.07226548704264,2991800,VTI
2019-09-06,138.69403076171875,139.04150182877672,138.43800385517707,138.81290537990594,1568700,VTI
2019-09-09,138.77633666992188,139.23352956958334,138.20940798669602,139.1878074891332,2575200,VTI
2019-09-10,138.91351318359375,138.91351318359375,137.7339614358332,138.40145927906445,3435200,VTI
2019-09-11,140.04733276367188,140.0564715988194,138.71232335387035,139.0689332585046,3848100,VTI
2019-09-12,140.46795654296875,140.93430227836376,139.9467638387538,140.47710933145663,3486800,VTI
2019-09-13,140.330810546875,140.88858652526716,140.1570749868545,140.69655933987028,3002500,VTI
2019-09-16,140.04605102539062,140.25731950221163,139.66023691453182,139.82558782152162,1690800,VTI
2019-09-17,140.38587951660156,140.42261636526507,139.6234602556124,139.94496725089817,2104500,VTI
2019-09-18,140.36752319335938,140.3950793376955,139.02641078116787,140.220547746,1716700,VTI
2019-09-19,140.27569580078125,141.10240829174688,140.1287203306333,140.66149589765536,2061400,VTI
2019-09-20,139.6602020263672,140.75330902924566,139.25604061143156,140.5420406052011,2106100,VTI
2019-09-23,139.73370361328125,140.04602994249865,139.22849829037537,139.35709830251778,2051800,VTI
2019-09-24,138.43850708007812,140.3675070434165,137.97002464756497,140.17461405525694,4234600,VTI
2019-09-25,139.31117248535156,139.54081637484356,137.712845968601,138.45688992793896,6144100,VTI
2019-09-26,138.8885955810547,139.3111464258721,138.21803947375017,139.3111464258721,1723000,VTI
2019-09-27,138.06195068359375,139.35714597374152,137.2719749055272,139.29283893749715,1940200,VTI
2019-09-30,138.70494079589844,139.0448093444035,138.2915845040821,138.3834336709558,1702000,VTI
2019-10-01,136.89527893066406,139.51322420135185,136.79423508472723,139.16416109423426,2823000,VTI
2019-10-02,134.67239379882812,136.16967678469723,133.9467251098874,136.1145504649243,3811500,VTI
2019-10-03,135.76547241210938,135.76547241210938,133.10159484217954,134.55294592862043,4380400,VTI
2019-10-04,137.53831481933594,137.61180254617557,135.98591987868193,136.27987078604042,2509200,VTI
2019-10-07,136.99635314941406,137.9608602533115,136.7667092683123,137.2168163211578,2237400,VTI
2019-10-08,134.7825927734375,136.27987547456144,134.76423135335895,135.98592455708996,2213900,VTI
2019-10-09,136.02268981933594,136.4911583752187,135.5082896756954,135.81142133527345,3294600,VTI
2019-10-10,136.89527893066406,137.3270104527262,135.93996676427258,135.94914747159518,3508900,VTI
2019-10-11,138.3650360107422,139.53161683736212,138.21806056261127,138.2547974164689,3377100,VTI
2019-10-14,138.2364501953125,138.47527481079112,138.01598700047342,138.26400634262342,1213500,VTI
2019-10-15,139.59597778320312,139.9266656610797,138.63147030470012,138.7325142122834,2153200,VTI
2019-10-16,139.33871459960938,139.6694023278322,139.04476372281164,139.29278302306608,1578400,VTI
2019-10-17,139.79798889160156,140.21134500805104,139.47648190305867,139.92658888374913,1640400,VTI
2019-10-18,139.23765563964844,139.80716788125292,138.61301710236,139.56834333201346,1720000,VTI
2019-10-21,140.14706420898438,140.25728877859788,139.6785817554287,139.94497648712687,1710100,VTI
2019-10-22,139.72451782226562,140.55123015363552,139.66021081035817,140.47774243274827,1711800,VTI
2019-10-23,140.00929260253906,140.07359962299972,139.41222406339716,139.5959363818753,1804000,VTI
2019-10-24,140.39508056640625,140.61554373937477,139.8806805124966,140.55123672446095,1582200,VTI
2019-10-25,140.95541381835938,141.24016999316075,140.0092821334095,140.07358914906163,2461600,VTI
2019-10-28,141.80966186523438,142.0668618325806,141.46059875968723,141.57082331245076,2725500,VTI
2019-10-29,141.7821044921875,142.19546057779758,141.5616413722336,141.6718659240371,1561500,VTI
2019-10-30,142.12200927734375,142.32409701831523,141.12994600794298,141.8280583754396,2246000,VTI
2019-10-31,141.62596130371094,142.085249045414,140.9278489822081,142.085249045414,2224400,VTI
2019-11-01,143.1416473388672,143.1416473388672,142.30574012107763,142.37922785612693,2341400,VTI
2019-11-04,143.66517639160156,144.00505879573117,143.46308869715062,143.94075179461169,2150600,VTI
2019-11-05,143.53662109375,144.0142843399246,143.36210349997907,143.8489474564516,2377100,VTI
2019-11-06,143.47230529785156,143.57334916048438,142.95790527584788,143.51823687474817,2288400,VTI
2019-11-07,143.95919799804688,144.52871049892622,143.6744417476072,144.21639809627328,2407300,VTI
2019-11-08,144.3633270263672,144.3633270263672,143.37126381758264,143.81217612714812,2132400,VTI
2019-11-11,144.07855224609375,144.15202594123377,143.5274014181091,143.66518211693136,1738900,VTI
2019-11-12,144.32659912109375,144.8501939602945,143.97754991131174,144.24393067796262,1730700,VTI
2019-11-13,144.39085388183594,144.57456613886205,143.65599083738473,143.82134168015097,2189400,VTI
2019-11-14,144.53785705566406,144.62052548475208,143.959150019349,144.20716932296253,2096200,VTI
2019-11-15,145.64013671875,145.64013671875,144.9420104239364,145.27269813823003,2615300,VTI
2019-11-18,145.72280883789062,145.8146719894369,145.24514567927835,145.5207211175681,3128400,VTI
2019-11-19,145.76873779296875,146.1912746432473,145.37374306804006,146.09942550970138,2225200,VTI
2019-11-20,145.3094482421875,145.79629209451747,144.445985102931,145.4288675322736,3336200,VTI
2019-11-21,144.94200134277344,145.4472205991166,144.6205083733535,145.38292761177172,2220300,VTI
2019-11-22,145.26351928710938,145.44723157154388,144.77667542600096,145.41967542969613,1886000,VTI
2019-11-25,146.641357421875,146.641357421875,145.68604529602166,145.8330066886823,2525300,VTI
2019-11-26,146.9537353515625,147.0272230889198,146.49444750534377,146.66897912952334,1884900,VTI
2019-11-27,147.65184020996094,147.65184020996094,146.9904646870221,147.32115244849152,2343200,VTI
2019-11-29,146.99046325683594,147.4773071764359,146.8986000954074,147.39463874096054,1171000,VTI
2019-12-02,145.65850830078125,147.30275210404616,145.54826972136553,147.2108889572578,3766700,VTI
2019-12-03,144.79507446289062,144.8685621919137,143.64685497756378,144.2990357960728,4040300,VTI
2019-12-04,145.7319793701172,146.01674951348562,145.22677412093807,145.40129167053104,2132100,VTI
2019-12-05,145.9433135986328,146.05353819883294,145.30029938719076,146.05353819883294,1858100,VTI
2019-12-06,147.2384490966797,147.46809295353893,146.87102453224438,146.95369295679,2021000,VTI
2019-12-09,146.7699737548828,147.36704214802768,146.74241761466678,147.05472988134724,1934300,VTI
2019-12-10,146.641357421875,147.06390821868385,146.31985046671522,146.76077669373657,2150800,VTI
2019-12-11,146.99046325683594,147.1006878374697,146.57710706310868,146.87104395024897,1781300,VTI
2019-12-12,148.1938018798828,148.6071580928468,146.82511920246534,146.99047009746164,3012200,VTI
2019-12-13,148.1938018798828,148.89191428363637,147.5875386254817,148.12031415059013,3023500,VTI
2019-12-16,149.27772521972656,149.6176077444974,149.01134444595158,149.13994447748988,2466000,VTI
2019-12-17,149.3328399658203,149.59922071896173,149.21342065423045,149.51655228002312,4421500,VTI
2019-12-18,149.39710998535156,149.6543099889384,149.04804683061988,149.5716415627174,2139800,VTI
2019-12-19,150.04933166503906,150.04933166503906,149.4522491080716,149.48899998166885,3018600,VTI
2019-12-20,150.82090759277344,150.958688305757,150.51777600786036,150.64637601209478,3142900,VTI
2019-12-23,150.91278076171875,151.1883562479197,150.83011232076393,151.16080010093475,3822900,VTI
2019-12-24,150.94601440429688,151.2046089903321,150.77053648684125,151.16765885384248,1624900,VTI
2019-12-26,151.67559814453125,151.67559814453125,151.12147299917035,151.18611459123997,2515000,VTI
2019-12-27,151.53704833984375,152.09117340460583,151.27845382448595,152.02653182193845,2356700,VTI
2019-12-30,150.71511840820312,151.81415239422805,150.45652383412047,151.74026621701194,4503500,VTI
2019-12-31,151.11227416992188,151.24157148555267,150.28107915405968,150.53967378532127,3262400,VTI
2020-01-02,152.36830139160156,152.36830139160156,151.26003674489417,152.09123170683733,3291100,VTI
2020-01-03,151.39857482910156,151.89730311403724,150.5489047391432,150.80749937120225,3625400,VTI
2020-01-06,151.91580200195312,151.94350756742077,150.3826949484306,150.46581164483356,6813800,VTI
2020-01-07,151.5555877685547,151.88806858555387,151.26004300128866,151.71259064153344,2498400,VTI
2020-01-08,152.30369567871094,152.89477123574807,151.50019199429195,151.64796440663946,4244800,VTI
2020-01-09,153.25491333007812,153.291849376299,152.71924905960807,153.13484651824984,2216900,VTI
2020-01-10,152.81161499023438,153.58739881575377,152.5714813592289,153.55044867605326,4023000,VTI
2020-01-13,153.855224609375,153.8921747492427,152.86702679932745,153.31032983129506,3997100,VTI
2020-01-14,153.7721405029297,154.34474096101548,153.4673652000398,153.818321141371,3062000,VTI
2020-01-15,154.15074157714844,154.60327501635064,153.69819404559945,153.7720802196695,2479200,VTI
2020-01-16,155.47146606445312,155.49917162640446,154.7972739030521,154.88963517112387,2205600,VTI
2020-01-17,155.8592987060547,156.0901876960098,155.49911244541852,156.0901876960098,2272000,VTI
2020-01-21,155.52682495117188,155.9424364255515,155.31441101677188,155.52682495117188,3174200,VTI
2020-01-22,155.61924743652344,156.3765704198312,155.48071961877287,156.01636990897623,2113600,VTI
2020-01-23,155.7947235107422,155.86860971009682,154.5940974328448,155.25905913468483,2370000,VTI
2020-01-24,154.3170166015625,156.1641291754296,153.6151188967392,156.1641291754296,3292500,VTI
2020-01-27,151.99888610839844,152.68232279222164,151.31544942457523,151.6756357907801,4692800,VTI
2020-01-28,153.4673309326172,153.92910902921616,152.44218299447354,152.69154711249473,4010700,VTI
2020-01-29,153.36573791503906,154.2246524956074,153.23644061275823,154.1969469374293,1751700,VTI
2020-01-30,153.73516845703125,153.8736962475725,151.89728657920656,152.38677022891758,2835900,VTI
2020-01-31,151.0198974609375,153.50426562542182,150.57658038632067,153.4580850019391,4525300,VTI
2020-02-03,152.34983825683594,153.15332764816253,151.7495182662873,151.78646840631922,2783200,VTI
2020-02-04,154.7510528564453,155.17589484933856,154.05838580384673,154.20615815723113,2732700,VTI
2020-02-05,156.27496337890625,156.40426069361752,155.31445696189365,156.20107718587832,4133700,VTI
2020-02-06,156.70899963378906,156.84754151069572,156.25646614266645,156.78288581633626,2202300,VTI
2020-02-07,155.8131561279297,156.4503980005694,155.53608647893327,156.12716182036334,2579200,VTI
2020-02-10,156.9583740234375,156.9583740234375,155.39756178417898,155.41603685411349,2494100,VTI
2020-02-11,157.3924102783203,158.15896344184992,157.10611017591629,157.68795495973484,2921700,VTI
2020-02-12,158.38067626953125,158.4360873932132,157.84501192002097,158.14978719262254,2154100,VTI
2020-02-13,158.3159942626953,158.78700282809427,157.51250491808872,157.65103270428003,2827500,VTI
2020-02-14,158.57460021972656,158.63925591948052,157.9096386136694,158.4822530530989,2527800,VTI
2020-02-18,158.20518493652344,158.4268294125062,157.49404269392937,158.17747937702558,2459400,VTI
2020-02-19,159.00868225097656,159.36886863470315,158.63926537774176,158.77779318211722,2488100,VTI
2020-02-20,158.52842712402344,159.24879988276155,156.91220366156094,158.81474140351955,7061600,VTI
2020-02-21,156.9029541015625,157.95580755116183,156.45040651383133,157.88192136791906,2983500,VTI
2020-02-24,151.7402801513672,153.19025599688604,151.0845490760755,151.92498856519558,8710900,VTI
2020-02-25,147.10406494140625,152.74699521178252,146.63305624208232,152.42374482895954,10112300,VTI
2020-02-26,146.2913055419922,149.440635762036,145.92188867595513,147.77823168016903,8210300,VTI
2020-02-27,139.88185119628906,145.48783092176964,139.82642597762475,143.18817053332975,14384200,VTI
2020-02-28,138.93980407714844,139.07833187728207,134.19272553045295,135.22710401771735,22272400,VTI
2020-03-02,144.69357299804688,144.83211490723568,138.1455617983135,139.83567162548496,12071600,VTI
2020-03-03,140.96238708496094,147.1225052378021,139.5308721588328,145.3123288881296,8623100,VTI
2020-03-04,146.59608459472656,146.61455966621193,142.2738479622808,143.63147682327093,5226600,VTI
2020-03-05,141.71043395996094,144.40721577108965,140.48210279698225,142.97570116206361,5343100,VTI
2020-03-06,139.07830810546875,139.77097517244349,135.8735673482112,137.59138223800244,9947700,VTI
2020-03-09,127.91252899169922,132.6503766328567,127.67240946178345,129.2978632407068,18537100,VTI
2020-03-10,134.25735473632812,134.29430487451674,127.35838908003659,133.31533759774797,11693300,VTI
2020-03-11,127.45997619628906,131.32967862872835,125.8807031085757,130.63701153248783,10760200,VTI
2020-03-12,115.06587219238281,123.45176480743054,114.8996388282623,119.30499208565955,20969500,VTI
2020-03-13,125.5389633178711,125.5389633178711,115.44450276079363,121.90939491539807,15351600,VTI
2020-03-16,111.25157928466797,118.20595636067097,110.82674427714653,111.80571159681877,14652900,VTI
2020-03-17,116.8298568725586,117.63335328648675,108.9796293356673,112.86780001133958,16645800,VTI
2020-03-18,110.09713745117188,113.00634098803577,104.36185410224438,109.4414133727076,15388000,VTI
2020-03-19,110.90985870361328,113.41270216174084,105.83029969393908,108.4347348959541,11083500,VTI
2020-03-20,106.38444519042969,113.28341140792388,106.0242588217085,111.88883951718228,12264900,VTI
2020-03-23,103.35518646240234,106.11661776094064,101.12017491434898,104.96217241333723,16443000,VTI
2020-03-24,113.1633529663086,113.20953360004593,108.05608772514903,108.63792566089205,10986900,VTI
2020-03-25,114.7241439819336,119.16644672740233,111.37163070920393,114.0961255295739,14428100,VTI
2020-03-26,121.6889419555664,122.1715807278459,115.70241689573619,115.86947599247638,10549100,VTI
2020-03-27,117.80931091308594,121.13206084577644,116.49134821412525,117.98566052814981,9731500,VTI
2020-03-30,121.38265991210938,121.74463547199231,117.54014467552422,118.5982281707476,10416300,VTI
2020-03-31,119.64701843261719,122.15300381355854,118.82097103246818,121.55899235909578,8662400,VTI
2020-04-01,114.12456512451172,116.593431125066,113.02007169466633,115.21049171219515,7911500,VTI
2020-04-02,116.5006103515625,117.06677865399536,113.25210694863485,113.58623929371574,6244300,VTI
2020-04-03,114.514404296875,116.98327073855846,113.10362853103928,115.87877711136568,6584400,VTI
2020-04-06,122.52424621582031,123.25748767857635,118.598202282942,119.20149003027622,9369400,VTI
2020-04-07,122.66346740722656,127.4155583332224,122.58921421621436,127.17424608419384,10469900,VTI
2020-04-08,126.9700927734375,127.57338066450257,122.9048178179362,124.12068410329509,6610400,VTI
2020-04-09,129.3461456298828,130.6641083821083,127.9075196282944,128.93776001267287,9311600,VTI
2020-04-13,127.80541229248047,129.99583246460188,125.88416178247614,128.77996622067488,7291600,VTI
2020-04-14,131.68507385253906,131.99136306876656,129.9123154324133,130.4877601743449,5609300,VTI
2020-04-15,128.59434509277344,129.46680265809798,127.55481425463977,128.77069470649042,5164100,VTI
2020-04-16,129.1976318359375,129.52248787540393,127.55481311930725,129.26260870877175,5301200,VTI
2020-04-17,132.85450744628906,133.17007294996802,130.94253341978,132.455412396757,6411200,VTI
2020-04-20,130.70118713378906,132.77094337390614,130.41345072453484,130.86824618205225,5414000,VTI
2020-04-21,126.64522552490234,128.99342833287542,126.10690039231447,128.17667137511384,6367500,VTI
2020-04-22,129.50392150878906,130.21859630083821,128.4179948094261,129.2533186820584,6340900,VTI
2020-04-23,129.5224609375,131.77784341363332,129.42036456024604,130.1443155399197,6198300,VTI
2020-04-24,131.45303344726562,131.76859899436607,129.2533226339998,130.4042262416256,4403600,VTI
2020-04-27,133.7826690673828,134.26530788929793,130.86829761604446,132.39972947639745,4968200,VTI
2020-04-28,133.364990234375,135.9545053087505,133.06797740853997,135.66678298519224,3594500,VTI
2020-04-29,137.14251708984375,137.86646809076797,135.53683234803492,136.26078334895914,4990900,VTI
2020-04-30,135.36050415039062,136.4835645105606,134.6922394036097,136.23296168992974,4228800,VTI
2020-05-01,131.6200408935547,133.28142585892064,129.75447736672186,132.83590673659108,4232500,VTI
2020-05-04,132.12127685546875,132.2140827389439,129.85660369588612,130.5619878921698,4741200,VTI
2020-05-05,133.34645080566406,134.89644963296934,133.1515484906988,133.7269932561158,3665900,VTI
2020-05-06,132.61318969726562,134.46018678173047,132.44611645007637,134.21887449395751,3927300,VTI
2020-05-07,134.3488311767578,135.28625142883627,134.02397514282305,134.30242114871683,3796300,VTI
2020-05-08,136.87338256835938,137.0218889918689,135.39763716090738,135.92667182142605,4248400,VTI
2020-05-11,136.89195251464844,137.5602172732361,135.5368561535256,135.71320576514628,4240900,VTI
2020-05-12,133.97755432128906,137.6529955949396,133.83832426310033,137.43952650053632,4864400,VTI
2020-05-13,131.2859344482422,133.9404262174427,129.958695644817,133.55988386983893,5862100,VTI
2020-05-14,132.6967315673828,132.80810430095542,128.4272640573123,129.80092719568205,7561000,VTI
2020-05-15,133.49493408203125,133.52277726505145,131.04463483979328,131.58295998210292,3845600,VTI
2020-05-18,137.92214965820312,138.67394373566316,136.6691500875378,136.92902917203392,4557800,VTI
2020-05-19,136.45570373535156,138.5718704399051,136.45570373535156,137.69941301283734,3180900,VTI
2020-05-20,138.9802703857422,139.39793230136374,138.20990926200156,138.4512215735636,3894000,VTI
2020-05-21,138.14492797851562,139.34224148237612,137.38385738184226,138.85032637221678,3419200,VTI
2020-05-22,138.53477478027344,138.55334162659537,137.33747519606175,138.07070275870464,3003000,VTI
2020-05-26,140.4652862548828,141.90391204865517,140.25181713576083,141.85750202388485,4197500,VTI
2020-05-27,142.68359375,142.68359375,139.24018694388434,142.00605249766028,5077700,VTI
2020-05-28,142.19163513183594,144.03864649365687,141.75540638890513,143.31469542291023,4601500,VTI
2020-05-29,142.66497802734375,143.05479669188682,140.5302446299751,141.82036383965908,4776100,VTI
2020-06-01,143.63026428222656,143.9458297999404,142.25661531626207,142.5814571742552,3478900,VTI
2020-06-02,144.71621704101562,144.79047026371026,143.33327732274168,144.04795219911784,4157200,VTI
2020-06-03,146.97157287597656,147.38923474350634,145.7278494503689,145.9041990341226,9496400,VTI
2020-06-04,146.5074920654297,147.24999571255623,145.36586509139153,146.37755251094762,5629200,VTI
2020-06-05,150.26649475097656,151.3617119393082,149.4311708892076,149.80242279169332,4373400,VTI
2020-06-08,152.30841064453125,152.40121653162976,150.65631573325564,151.19462670053997,5851300,VTI
2020-06-09,150.91619873046875,151.7329557046064,150.2479340119506,150.9625945940271,3200400,VTI
2020-06-10,149.79315185546875,151.51950017278293,149.44045262173543,151.1111145679028,4292900,VTI
2020-06-11,140.9572296142578,146.36831102054487,140.7344841104743,145.63508346666748,12504600,VTI
2020-06-12,142.90628051757812,145.24520650712586,139.99190999056285,145.24520650712586,6882100,VTI
2020-06-15,144.43772888183594,144.9389344482965,139.08234952855727,139.74132367400543,4859200,VTI
2020-06-16,147.212890625,148.61438268302777,144.7069051644371,148.61438268302777,4581200,VTI
2020-06-17,146.49822998046875,147.76979675563385,146.0991349008435,147.70481988461466,3702200,VTI
2020-06-18,146.61888122558594,146.92517038743784,145.18953180361038,145.66289421845008,2797800,VTI
2020-06-19,145.7928466796875,148.39165245298153,145.05960506189507,148.37308560937421,3824900,VTI
2020-06-22,146.8045196533203,146.92518289283993,144.83685910802734,145.67218295701156,2561300,VTI
2020-06-23,147.3799591064453,148.48445257937462,147.1572136412169,148.15961072179937,2555100,VTI
2020-06-24,143.3796844482422,146.56322580579794,142.38657770985247,146.3033466128163,3729100,VTI
2020-06-25,145.11386108398438,145.2350735652146,142.1023142249117,143.05332003715546,4029200,VTI
2020-06-26,141.7386932373047,144.67564894079865,141.46829834827938,144.49849661215805,3508500,VTI
2020-06-29,143.81785583496094,143.8458257546766,141.11399259913043,142.37268166678294,3161600,VTI
2020-06-30,145.94366455078125,146.58700119955873,143.65004562458475,144.03230596107306,4317400,VTI
2020-07-01,146.79212951660156,147.35154219712825,146.01826179306326,146.2886424546286,3640900,VTI
2020-07-02,147.3795623779297,149.24430022254353,147.1837586444441,148.5263721688574,3181600,VTI
2020-07-06,149.70114135742188,150.1393558582222,149.04848600308728,149.6452015023103,3307600,VTI
2020-07-07,148.18138122558594,149.99951194704212,147.99491029248844,148.98321904204334,2357400,VTI
2020-07-08,149.39344787597656,149.44006916103933,147.6592413501002,148.53567029273282,2434900,VTI
2020-07-09,148.4703826904297,149.83163289504307,146.64293395364749,149.7011018586169,2465200,VTI
2020-07-10,150.06472778320312,150.12066762457462,147.71515485788666,148.40511276403964,2391800,VTI
2020-07-13,148.4424285888672,152.4889053761027,148.13474520732845,151.11832223416528,4694700,VTI
2020-07-14,150.39108276367188,150.50296246149426,147.0718522779716,147.780447408877,3221300,VTI
2020-07-15,152.2558135986328,152.5728155464508,150.73604804465606,152.28378352186277,3747800,VTI
2020-07-16,151.57521057128906,151.78965142299367,150.74538863814857,151.192935928862,2190700,VTI
2020-07-17,152.1532745361328,152.45162516945786,151.10902597926582,152.06003196063273,2141100,VTI
2020-07-20,153.31871032714844,153.71030347143463,151.60315534451829,151.99474848880448,3113200,VTI
2020-07-21,153.75692749023438,154.67996340862973,153.25344041945738,154.43755266551108,2345600,VTI
2020-07-22,154.5587615966797,154.71726256663024,153.45855914544683,153.45855914544683,2723200,VTI
2020-07-23,152.87118530273438,154.9596821810801,152.05069625663114,154.40958803735995,3114900,VTI
2020-07-24,151.6870880126953,152.34906191839664,150.95050866617092,151.81761908049694,2360800,VTI
2020-07-27,152.99237060546875,153.00170339726807,151.63112032354312,152.03203202004468,2423500,VTI
2020-07-28,151.87355041503906,153.1229211691747,151.7709892798895,152.5541756427669,1904900,VTI
2020-07-29,153.88751220703125,154.2418027664026,152.40504885451892,152.40504885451892,2153300,VTI
2020-07-30,153.54249572753906,153.71964808572065,151.42602867668444,152.38636745615548,2473300,VTI
2020-07-31,154.32565307617188,154.4188813991283,151.93879176088905,154.34429020467377,3159700,VTI
2020-08-03,155.6682891845703,155.98529113785338,154.91305856388848,155.21142338590863,4341600,VTI
2020-08-04,156.28366088867188,156.28366088867188,155.26738226438425,155.3419734790319,2811700,VTI
2020-08-05,157.42111206054688,157.49570325626277,156.91763927298453,157.08545879323333,2683000,VTI
2020-08-06,158.18569946289062,158.29757917015644,156.89902592205624,157.2160279105223,2150900,VTI
2020-08-07,158.3162078857422,158.45605749982124,157.19736829265773,157.7754323332743,2194200,VTI
2020-08-10,158.7544403076172,158.86632001156238,157.61694922811142,158.5306666729079,2496700,VTI
2020-08-11,157.47703552246094,159.74269839789432,157.08544245579154,159.4350150826224,3124600,VTI
2020-08-12,159.584228515625,159.91988181335174,158.81967936037407,158.84764928294987,3364900,VTI
2020-08-13,159.4630126953125,160.13431927671394,158.95020708079517,159.23923909257306,2247200,VTI
2020-08-14,159.41639709472656,159.71476190900677,158.85698440817728,159.17398635323696,2213900,VTI
2020-08-17,160.0970458984375,160.2368955215871,159.79868106662747,159.8359695571946,3422400,VTI
2020-08-18,160.33941650390625,160.61912990698116,159.41636654180346,160.36738642153227,3551400,VTI
2020-08-19,159.71475219726562,160.83359172914857,159.42572019276764,160.52590836818786,2291000,VTI
2020-08-20,160.17161560058594,160.42335913763293,158.67983418978426,158.74509260201566,2184400,VTI
2020-08-21,160.57254028320312,160.64713148717888,159.8173239048226,159.93852216281792,2284500,VTI
2020-08-24,162.1109619140625,162.1109619140625,161.17859309559674,161.77530857034208,2467500,VTI
2020-08-25,162.6516876220703,162.67033897622534,161.69134917190104,162.4372468431393,5162700,VTI
2020-08-26,164.12484741210938,164.2646970146996,162.6796732024736,162.91276535800142,2441100,VTI
2020-08-27,164.51646423339844,165.29965057439512,163.65868668466612,164.5817368752239,3435300,VTI
2020-08-28,165.6632843017578,165.69126845489512,164.6003844212081,165.19709989402867,4163100,VTI
2020-08-31,165.29031372070312,166.09215133162263,164.98263035789273,165.64461836154234,3189600,VTI
2020-09-01,166.75411987304688,166.8846509002031,165.18773332035724,165.67256894700105,2877700,VTI
2020-09-02,168.98251342773438,169.38342515200472,166.90332092045207,167.82637108306332,4021900,VTI
2020-09-03,163.1085662841797,168.28321489519843,161.7752717790485,167.82634915639673,5341400,VTI
2020-09-04,161.71932983398438,164.22740362891108,157.7567633082581,163.4815059081171,4379900,VTI
2020-09-08,157.17874145507812,159.47236084468355,156.9736191712182,158.78241700517242,3976000,VTI
2020-09-09,160.2555389404297,161.43031839713638,158.81036458993955,159.27654894643203,4290400,VTI
2020-09-10,157.62628173828125,161.7566833050705,157.19740001733945,161.35575728576907,3507600,VTI
2020-09-11,157.68218994140625,159.02480314527116,156.17175720046686,158.72645255931081,3407700,VTI
2020-09-14,160.14366149902344,160.71240704153945,159.06212449305474,159.4350663258965,3080800,VTI
2020-09-15,161.0574188232422,161.8965451941753,160.47002182749625,161.48630057662712,2129700,VTI
2020-09-16,160.52590942382812,162.5864504086063,160.43268109453442,161.72867295429464,2826900,VTI
2020-09-17,159.2019805908203,159.9385457199904,157.77545739336438,158.09245938683912,2780400,VTI
2020-09-18,157.6542205810547,159.63085190571596,156.1997276806173,159.63085190571596,3178000,VTI
2020-09-21,155.75218200683594,155.76150057145335,153.1601983615697,155.21140649588466,4175300,VTI
2020-09-22,157.29991149902344,157.5050195007011,155.11815818021364,156.41414995470404,2090900,VTI
2020-09-23,153.50515747070312,157.69149738097772,153.23477685105848,157.57028491692236,2071400,VTI
2020-09-24,153.83151245117188,155.41653634961224,151.8362440603975,152.83387114237624,3792200,VTI
2020-09-25,156.30682373046875,156.75619246884216,153.09567361029772,153.32972191145518,2986000,VTI
2020-09-28,159.1435089111328,159.43372655707833,158.11369053663913,158.51626109582358,3291300,VTI
2020-09-29,158.25408935546875,159.3681615287725,157.92643031255102,159.00304675884033,2120600,VTI
2020-09-30,159.4430389404297,160.9971228599477,158.45067657512885,158.69408162986429,4786400,VTI
2020-10-01,160.77247619628906,161.259300726634,159.72394424032447,160.76311940567385,3234100,VTI
2020-10-02,159.51792907714844,160.37922494656928,157.4957487132011,157.88894806977333,2325600,VTI
2020-10-05,162.39207458496094,162.45760067898652,160.39797854894155,160.6601114953923,2574200,VTI
2020-10-06,160.3885955810547,163.81505118901276,160.09836374433723,162.64480991008904,2803300,VTI
2020-10-07,163.1878204345703,163.58101983068445,161.905240431638,161.95205294466493,1952400,VTI
2020-10-08,164.62020874023438,164.66702125723535,163.72147126858357,164.32999113407266,2335200,VTI
2020-10-09,166.0057830810547,166.29600068393057,165.18192850372358,165.612569370838,2489200,VTI
2020-10-12,168.46795654296875,169.11393210998588,167.02622535983733,167.25090257607008,2895800,VTI
2020-10-13,167.5785675048828,168.34625271569897,167.04493057270477,168.20581517741215,2448900,VTI
2020-10-14,166.46449279785156,168.4398608099319,166.16491843419107,167.7658006352295,2155600,VTI
2020-10-15,166.5206756591797,166.70792572253626,163.9836001516839,164.4048842238878,2865300,VTI
2020-10-16,166.2210693359375,167.8687638666234,166.2210693359375,167.09172196554002,1910200,VTI
2020-10-19,163.84315490722656,167.8126189300189,163.47804015711213,166.93259510021142,2713800,VTI
2020-10-20,164.4142303466797,166.04321151005274,164.05848667676415,164.6763632761641,2622900,VTI
2020-10-21,163.8525390625,165.4440646571078,163.8525390625,164.45170214347615,3237200,VTI
2020-10-22,165.0133819580078,165.29424273022553,163.00992940110746,164.1427292778224,3762200,VTI
2020-10-23,165.55636596679688,165.6593477677529,164.26442934636927,165.52828131973354,2412700,VTI
2020-10-26,162.55125427246094,164.2925744570929,160.65078293417477,163.87127602575197,3873600,VTI
2020-10-27,161.89585876464844,162.91632005523982,161.79289124196933,162.7384410884806,2525200,VTI
2020-10-28,156.531494140625,159.36815828431173,156.35361515386344,159.05921282601653,4617500,VTI
2020-10-29,158.01065063476562,159.59281906273281,155.87613177489607,156.8123247585291,3101000,VTI
2020-10-30,156.3349151611328,157.9826101300483,154.49061332524505,157.1774833677563,3990400,VTI
2020-11-02,157.96389770507812,158.97498822295796,156.49408159471807,158.0200670196531,3741600,VTI
2020-11-03,160.99713134765625,161.9239676754253,159.47113199688175,159.80816209014563,4096000,VTI
2020-11-04,164.5078887939453,166.50198510602178,162.60741752649423,163.0474295229165,3632100,VTI
2020-11-05,167.90626525878906,168.5896823320799,167.026241317337,167.2696464199018,3678100,VTI
2020-11-06,167.8219757080078,168.32752799901013,166.71727466907615,167.74707854322327,3222100,VTI
2020-11-09,169.8161163330078,175.5549863137362,169.5633401209955,175.5549863137362,5549800,VTI
2020-11-10,169.53517150878906,170.09689297172423,167.66278567923217,169.46027436138635,5609200,VTI
2020-11-11,170.9114227294922,171.22972497866402,170.00331421231002,170.78971304620774,2878800,VTI
2020-11-12,169.22625732421875,170.7616134160431,168.2338949372701,170.3403293837764,3325700,VTI
2020-11-13,171.62294006347656,171.92251445182416,169.99395879284378,170.27481960297692,4769900,VTI
2020-11-16,173.72000122070312,173.76681373593644,172.34379612685285,173.701273357575,6214800,VTI
2020-11-17,173.32679748535156,173.84170656973433,171.89442312299724,172.97103952065552,5733100,VTI
2020-11-18,171.4918670654297,173.8978904960681,171.48251027589902,173.6170296732252,3281900,VTI
2020-11-19,172.44677734375,172.58721488895924,170.58376209647,171.3233484079458,3038500,VTI
2020-11-20,171.53868103027344,172.4187049495221,171.47315493265648,172.4187049495221,2785700,VTI
2020-11-23,172.94296264648438,173.38297458518298,171.66973934656002,172.5310353604538,4390900,VTI
2020-11-24,175.62045288085938,175.83578757020902,173.75743783201887,174.40339904455047,5378100,VTI
2020-11-25,175.5549774169922,175.70475749320778,174.66559660963816,175.4894370269419,3459400,VTI
2020-11-27,176.17286682128906,176.35074585258042,175.70477012217606,176.12606857951982,1742500,VTI
2020-11-30,174.78724670410156,176.126010248473,173.70125929338414,176.0604698754182,3721800,VTI
2020-12-01,177.006103515625,177.68952073839566,176.61288969329718,177.0997142900824,3867300,VTI
2020-12-02,177.1558074951172,177.21197679269363,175.81705828563727,176.41622126840664,3831400,VTI
2020-12-03,177.51158142089844,178.1575569715763,176.95923089806539,177.24009169642622,4408600,VTI
2020-12-04,179.29037475585938,179.29037475585938,177.86737121712608,177.87672800751568,4401400,VTI
2020-12-07,179.09375,179.28098577040174,178.4571312384258,179.09375,4319700,VTI
2020-12-08,179.87081909179688,180.1142242014385,178.4384445191244,178.4758859647709,3449000,VTI
2020-12-09,178.1013946533203,180.34825255797213,177.41796335063378,180.25462752645575,4470500,VTI
2020-12-10,178.36354064941406,178.72865544276314,176.66903316527666,177.24946840465847,3223500,VTI
2020-12-11,178.0452423095703,178.22312132956407,176.56606940527604,177.46480701079213,3463000,VTI
2020-12-14,177.53965759277344,179.92695283706104,177.4834882928187,179.45885629054084,3530500,VTI
2020-12-15,179.9738006591797,180.00188531466722,178.2324805930748,178.9907948615893,3226100,VTI
2020-12-16,180.22653198242188,180.67591496433405,179.64609682058529,180.18909054318252,2983900,VTI
2020-12-17,181.6401824951172,181.6401824951172,180.88186839799474,181.07846094197407,4132800,VTI
2020-12-18,181.1252899169922,182.06148306721795,179.9456916903703,181.97722911213933,4542100,VTI
2020-12-21,180.6010284423828,181.01295572415466,177.70819496608627,179.3746176713093,5011900,VTI
2020-12-22,180.63845825195312,181.1346394589074,179.94568449101413,180.9754883439573,4336000,VTI
2020-12-23,180.9473876953125,181.82741142913866,180.8350491029677,181.29377454515694,3451400,VTI
2020-12-24,181.2501220703125,181.41931454628966,180.7049224090403,181.30651956230489,1744000,VTI
2020-12-28,182.39691162109375,182.92332170093863,182.17132164436833,182.91391255643634,3780500,VTI
2020-12-29,181.635498046875,183.25229298177817,181.25011042861135,183.1676967492232,4606200,VTI
2020-12-30,182.12428283691406,182.716485094803,181.99268392885043,182.26527654440892,4314000,VTI
2020-12-31,182.96090698242188,183.17710214808457,181.65431250116123,182.12431072238027,3746400,VTI
2021-01-04,180.35708618164062,183.70347072753884,178.37369340731934,183.66587718640523,8825800,VTI
2021-01-05,181.81410217285156,182.31229911795958,179.9341093707211,179.99991600353493,3894000,VTI
2021-01-06,183.44972229003906,185.07591223585126,180.91173458228852,180.9493281316678,6175700,VTI
2021-01-07,186.391845703125,186.70204617948963,184.61525340627617,184.6340573469297,4830900,VTI
2021-01-08,187.29428100585938,187.49168655908477,185.1604851810624,187.1908808290664,7538700,VTI
2021-01-11,186.17568969726562,187.11568612255178,185.38609614239496,185.57409255881075,3858600,VTI
2021-01-12,186.83370971679688,187.04991925110446,185.4989163326786,186.46711163484332,3874100,VTI
2021-01-13,187.04049682617188,187.60450045522998,186.16630697866074,186.80549770459902,3465800,VTI
2021-01-14,186.8618927001953,188.0274934911655,186.60810397940006,187.57629919987716,4289000,VTI
2021-01-15,185.2356719970703,186.35426990959945,184.2204742531751,186.08167728858575,3444800,VTI
2021-01-19,186.92770385742188,187.09689634204258,185.95950861353685,186.7397074267739,4153700,VTI
2021-01-20,189.2870635986328,189.65366160758072,187.97107442374448,188.07447459771473,5224900,VTI
2021-01-21,189.1460723876953,189.87926841530782,188.7324716863331,189.73827469584637,2960600,VTI
2021-01-22,188.83583068847656,189.23062736009481,187.96164113200828,188.24362850944752,3045900,VTI
2021-01-25,189.37167358398438,189.83226262216104,186.44828432158866,189.19307198011742,5323200,VTI
2021-01-26,188.68545532226562,190.19884995535102,188.63845263811658,189.77585448442022,4046900,VTI
2021-01-27,184.15472412109375,187.13451140787947,182.97031931051168,187.1063126593617,6727700,VTI
2021-01-28,185.60227966308594,187.6984675439026,184.93489027518763,185.0288813058968,5310100,VTI
2021-01-29,182.34986877441406,185.4142512358486,181.2500749369372,184.93485833537014,8315700,VTI
2021-02-01,185.46128845214844,185.86548001039418,182.85749446612505,184.12649531510422,3900700,VTI
2021-02-02,188.12144470214844,188.9016432718475,187.10624708169195,187.24724077486488,3278700,VTI
2021-02-03,188.40347290039062,189.18367163909605,187.61387936117313,188.77008526846325,2905600,VTI
2021-02-04,190.79107666015625,190.79107666015625,188.96748128993818,189.08968541573853,2746400,VTI
2021-02-05,191.8626708984375,192.0318633702139,190.96967716324534,191.8720656991338,3127200,VTI
2021-02-08,193.5828399658203,193.62043350674182,192.49244081742867,192.87784274209895,3676700,VTI
2021-02-09,193.6580352783203,194.06222678909097,192.93423413538136,193.2632385666822,3384800,VTI
2021-02-10,193.5734405517578,194.78604386969627,192.18224997646027,194.64505015514806,3682400,VTI
2021-02-11,194.03402709960938,194.52282917300158,192.53004168308635,194.297224906081,2630000,VTI
2021-02-12,195.0398712158203,195.05866081796538,193.45127489888998,193.53587113816602,2416700,VTI
2021-02-16,194.69204711914062,195.88584654693403,194.12805789276746,195.8106451147763,4955700,VTI
2021-02-17,194.28785705566406,194.48524826629455,192.73685439896235,193.6580611925937,4484000,VTI
2021-02-18,193.16925048828125,193.723844894029,191.76865075914293,192.91544745694347,3658900,VTI
2021-02-19,193.61105346679688,194.60744732403467,193.31024774367268,194.04344376478,4921800,VTI
2021-02-22,191.7686767578125,193.1974754237832,191.6746857157194,192.43608056975128,4400300,VTI
2021-02-23,191.7404327392578,192.3984272513834,187.39765461602445,190.39624497471593,5707900,VTI
2021-02-24,193.89305114746094,194.09044234878274,190.61245872212146,191.38326261392737,3722800,VTI
2021-02-25,188.8264617919922,193.99644145453658,187.9992604561594,193.3948443948051,7581100,VTI
2021-02-26,188.07447814941406,190.52786928430626,186.63628482998138,189.86987468443616,6324600,VTI
2021-03-01,192.9060516357422,193.4982539246599,190.88506522533035,190.96025231113026,4691800,VTI
2021-03-02,191.0918731689453,193.21627433848803,190.97907818408734,193.16927164706132,4859000,VTI
2021-03-03,188.3376922607422,191.32687413406148,188.16848543861045,191.02608272379402,4334000,VTI
2021-03-04,185.35789489746094,189.16488323717246,182.8481061969773,188.036876067475,7198800,VTI
2021-03-05,188.7042694091797,189.13667404610933,182.46269414790444,187.40706984159698,6614800,VTI
2021-03-08,187.78309631347656,190.7158806707784,187.5950998906355,189.3528886761712,4281400,VTI
2021-03-09,190.6970672607422,192.0882722757737,189.60668232509965,190.09547013158505,4116100,VTI
2021-03-10,192.06005859375,192.953052245878,191.39265488300666,192.27625373531228,4133800,VTI
2021-03-11,194.56982421875,195.3594176071765,193.3666301954703,193.71442420968586,4102700,VTI
2021-03-12,194.95518493652344,195.0115967506784,193.2162007616032,193.78959895496013,4069000,VTI
2021-03-15,196.31822204589844,196.36521038371424,194.00582496582362,195.2654164952216,3421900,VTI
2021-03-16,195.52865600585938,196.7412594561054,194.91766405187695,196.5908565820395,4599900,VTI
2021-03-17,196.27120971679688,196.7317986758227,193.97761669051692,194.87061021318723,3347000,VTI
2021-03-18,192.69927978515625,195.93286999451314,192.48308460930045,195.00226830906894,3641900,VTI
2021-03-19,192.9436492919922,193.78024548560992,191.35506747869593,192.83085431768166,3871000,VTI
2021-03-22,193.98707580566406,194.82367212853885,193.05648843741068,193.5264866939293,3603900,VTI
2021-03-23,191.77804565429688,194.05283493774144,191.42084247696752,193.81783586701528,4764800,VTI
2021-03-24,190.18948364257812,193.49827516603207,190.18948364257812,192.85907012091585,4014500,VTI
2021-03-25,191.59658813476562,192.07759297820633,188.1541741633654,189.49341517986363,4976800,VTI
2021-03-26,194.727783203125,194.88811335468014,191.6814815415731,192.50199890276775,3554900,VTI
2021-03-29,193.81295776367188,194.62404906279986,192.62462072164828,193.897835897173,4562900,VTI
2021-03-30,193.7563934326172,194.18079853732388,192.67178661947318,193.50174461339148,3960500,VTI
2021-03-31,194.935302734375,195.81240565010776,194.28454153057118,194.33170085089105,5494800,VTI
2021-04-01,197.37796020507812,197.39682680731798,195.75577779647324,196.16133059412493,4543300,VTI
2021-04-05,199.67922973632812,199.90558582801134,198.58519687969752,198.85871228935684,5941400,VTI
2021-04-06,199.75466918945312,200.4054303199397,199.3868495580045,199.6509244528393,4029900,VTI
2021-04-07,199.58494567871094,200.0565101581643,199.08508848177087,199.74527587480438,3299100,VTI
2021-04-08,200.74496459960938,200.74496459960938,199.72638380033447,200.4525825922503,3628900,VTI
2021-04-09,201.9615936279297,202.0653383679594,200.5280338723378,200.7449638503109,3559100,VTI
2021-04-12,202.01815795898438,202.1784881057445,201.19764062232915,201.88612052100535,3882800,VTI
2021-04-13,202.5840301513672,203.03672785881028,201.8295243782949,202.1690512566274,4056900,VTI
2021-04-14,202.13136291503906,203.59320098142402,201.867273622302,202.82926898776407,3765600,VTI
2021-04-15,204.2816925048828,204.34770403389936,203.20652630816247,203.46116070851542,5439600,VTI
2021-04-16,204.80038452148438,205.102192602957,204.01760039104272,205.0927664970365,4306000,VTI
2021-04-19,203.461181640625,204.57408116070943,202.77270161346507,204.4043104853388,3986900,VTI
2021-04-20,201.59375,203.28194396035713,200.81095148945414,202.98015027408712,5210300,VTI
2021-04-21,203.9987335205078,204.02702622923357,201.12218820837765,201.499433918722,3167900,VTI
2021-04-22,202.4048309326172,204.69662654004557,201.7163510789577,204.14018411573173,4394800,VTI
2021-04-23,204.8570098876953,205.4794639491367,202.74439622682428,202.84814096889838,4374300,VTI
2021-04-26,205.6020965576172,205.8567453855873,205.08337279360575,205.356888228723,3202500,VTI
2021-04-27,205.50775146484375,205.91330431578862,204.98904215859287,205.8850116042114,2670000,VTI
2021-04-28,205.47947692871094,206.2056901691025,205.24369471737637,205.66811421058185,2603900,VTI
2021-04-29,206.26222229003906,207.15819158335168,204.60232113199672,207.11104666607235,4178800,VTI
2021-04-30,204.75326538085938,205.76240569946387,204.42316454906168,205.13993724630416,3256600,VTI
2021-05-03,205.11163330078125,206.1396545593059,204.94187703612727,206.1396545593059,3846300,VTI
2021-05-04,203.57435607910156,204.22510285895927,201.65036527907733,204.1685174338415,4900000,VTI
2021-05-05,203.53660583496094,204.6023458888347,203.03674876691446,204.6023458888347,2032600,VTI
2021-05-06,204.57408142089844,204.61180024269316,201.90502506004327,203.50834121989507,4131200,VTI
2021-05-07,206.3094024658203,206.53575853385777,204.75324587219316,205.03617296848765,3868100,VTI
2021-05-10,203.88552856445312,206.4508394413516,203.76293163550577,206.44141333635565,4443800,VTI
2021-05-11,202.2445526123047,202.687824322462,199.96218252543306,201.1599458017266,5959900,VTI
2021-05-12,197.68922424316406,201.48060597000406,197.31197848739026,200.8298448089416,5788400,VTI
2021-05-13,199.86785888671875,200.8109877118114,198.36828750866232,198.4154468281177,4970900,VTI
2021-05-14,203.28195190429688,203.67807861894568,201.35797570501109,201.4051350178028,4292600,VTI
2021-05-17,202.84812927246094,203.13107077007587,201.58434022625025,202.67835861749103,4063200,VTI
2021-05-18,201.263671875,203.36685937390735,201.2070864518909,203.0084658395459,3173100,VTI
2021-05-19,200.67892456054688,200.67892456054688,197.82124573764318,198.59461818289205,6015000,VTI
2021-05-20,202.85755920410156,203.39514949880697,201.0561798393554,201.08448694155277,3478300,VTI
2021-05-21,202.744384765625,204.4137266515386,202.49917647594938,203.79125823428237,3623300,VTI
2021-05-24,204.79100036621094,205.3191502259761,203.64038200414925,203.94219014744613,2873700,VTI
2021-05-25,204.22511291503906,205.62095396135777,203.90445256291343,205.45118328664157,3700600,VTI
2021-05-26,204.9607391357422,205.18708081697304,204.16850007842794,204.64006443566166,3258100,VTI
2021-05-27,205.3380126953125,205.828443722786,205.21540134069312,205.60208761987423,2617200,VTI
2021-05-28,205.68695068359375,206.29055252277303,205.63036525976491,206.16795556814486,2635700,VTI
2021-06-01,205.77182006835938,207.04504961437283,205.422867042253,207.04504961437283,3805700,VTI
2021-06-02,206.0453338623047,206.37543467271237,205.4983174744589,206.18679741476382,3599400,VTI
2021-06-03,205.1304931640625,205.64921682957433,203.79125213101506,204.94187030142237,2967000,VTI
2021-06-04,206.91299438476562,206.99787250960458,206.03589164609414,206.13963637345324,2287100,VTI
2021-06-07,207.08279418945312,207.1865245404197,206.5734965866914,207.06392758427594,2762800,VTI
2021-06-08,207.5072021484375,207.7524104551362,206.22454640762248,207.51662825565552,2831700,VTI
2021-06-09,206.92245483398438,207.9599022797633,206.87530990636097,207.8750241408369,2688600,VTI
2021-06-10,207.83731079101562,208.33716795602126,206.72442559828758,207.6864211043949,2936700,VTI
2021-06-11,208.45033264160156,208.45033264160156,207.6109485802641,208.22397654749804,2837200,VTI
2021-06-14,208.77101135253906,208.79930406791618,207.84674907120834,208.62010727652452,3189400,VTI
2021-06-15,208.22398376464844,208.93133039336004,207.64867459765617,208.8936115718705,3094000,VTI
2021-06-16,207.1865234375,208.4031676223962,205.96046753657006,208.4031676223962,3459600,VTI
2021-06-17,206.9884490966797,207.54489155475346,205.5548894975223,206.96015638803195,3002900,VTI
2021-06-18,204.42315673828125,205.74353123301555,204.2156672618226,205.59264157004782,4538300,VTI
2021-06-21,207.24310302734375,207.29968844604858,204.73437726408352,205.29081973601666,3870000,VTI
2021-06-22,208.42201232910156,208.76153922979435,206.71493732858954,207.3468462087413,2684300,VTI
2021-06-23,208.33714294433594,208.9879041088408,208.2522648074883,208.5257802142238,2662200,VTI
2021-06-24,209.7514190673828,209.89331620100103,209.3446232258269,209.5527486452071,2931600,VTI
2021-06-25,210.53663635253906,210.67853349927552,209.9311844679443,210.26228262203318,2801300,VTI
2021-06-28,210.77317810058594,210.9529241413109,209.8839173318081,210.9529241413109,3094900,VTI
2021-06-29,210.7825927734375,211.3407407882936,210.4609496226843,211.25560250164327,4068000,VTI
2021-06-30,210.7920379638672,211.1042116456828,210.4514704213223,210.66905082944245,3041700,VTI
2021-07-01,211.936767578125,211.96514701101395,211.05697628834073,211.34077061723025,3836000,VTI
2021-07-02,213.10980224609375,213.24224438964015,212.20161723669625,212.58003367190813,3026400,VTI
2021-07-06,212.64627075195312,213.34633040722434,211.11372371851118,213.21388824921223,4147200,VTI
2021-07-07,212.93006896972656,213.19495327265042,211.45428087197587,212.93006896972656,4042200,VTI
2021-07-08,211.13262939453125,211.64348801863068,209.20275592655372,209.95010499537258,4486100,VTI
2021-07-09,213.6868896484375,213.78148293753375,211.92729279799286,212.0597349508172,3886600,VTI
2021-07-12,214.28286743164062,214.37747515377956,213.2990135229096,213.7530988319307,3294600,VTI
2021-07-13,213.0908966064453,214.2923454371344,212.96790944976726,213.89501897145794,4668400,VTI
2021-07-14,212.797607421875,214.23556096033008,212.30567328909368,214.0558149636344,2830200,VTI
2021-07-15,212.05029296875,212.62736551685768,210.82993400510662,212.33410174300383,3276500,VTI
2021-07-16,210.38525390625,212.8543651190352,210.19605291316628,212.8543651190352,3203300,VTI
2021-07-19,207.39585876464844,207.94455182755462,206.0619821900293,207.94455182755462,6966200,VTI
2021-07-20,210.98126220703125,211.63401793846765,207.54720697735857,208.07697556081095,5362900,VTI
2021-07-21,212.873291015625,212.873291015625,211.48264133245655,211.67184232684392,2542500,VTI
2021-07-22,213.05307006835938,213.18551222849035,212.0786566476159,213.0436006343489,2236200,VTI
2021-07-23,215.1815948486328,215.32349199498992,213.63957849436497,214.03690493927644,2982700,VTI
2021-07-26,215.6167755126953,215.6167755126953,214.86942641476153,214.9829441422672,2849700,VTI
2021-07-27,214.45314025878906,215.15318537685098,212.8354407321096,215.1058959549034,4169600,VTI
2021-07-28,214.78427124023438,215.51271033203773,213.98016328769674,214.85995453608132,3306700,VTI
2021-07-29,215.73028564453125,216.40196585722057,215.29512474767253,215.29512474767253,2960900,VTI
2021-07-30,214.45314025878906,215.61674007984348,214.17878654891845,214.33962254993804,2846800,VTI
2021-08-02,214.1504364013672,215.787060581659,213.98015981480964,215.550555699143,3558100,VTI
2021-08-03,215.68301391601562,215.6924689153798,213.11929444719428,214.58562771500135,3245400,VTI
2021-08-04,214.71804809570312,215.39918329376644,214.50992264989978,214.92617354150647,3374500,VTI
2021-08-05,216.25057983398438,216.26004926683396,214.97346225395185,215.2383465417413,2461700,VTI
2021-08-06,216.51548767089844,216.93173857844394,216.06140233317274,216.5722465337251,2343100,VTI
2021-08-09,216.43032836914062,216.67628822921984,215.71135878460137,216.50601165726758,3295500,VTI
2021-08-10,216.57225036621094,216.9317424172914,216.17492388428073,216.63847866408906,2946700,VTI
2021-08-11,216.99798583984375,217.10204857582477,216.08034565031502,217.05474470763087,3051400,VTI
2021-08-12,217.60342407226562,217.60342407226562,216.42089961770498,216.9695926968347,2746000,VTI
2021-08-13,217.72640991210938,217.8210176482171,217.35746283747133,217.8020932139728,2516000,VTI
2021-08-16,217.8115234375,217.82097843536312,215.9573189634308,217.0925394167883,3193200,VTI
2021-08-17,216.19384765625,216.67631243245165,214.53831343571287,216.37359368124066,3735100,VTI
2021-08-18,214.03688049316406,216.4776121775203,213.8571345049003,215.79647708257858,3194100,VTI
2021-08-19,213.87608337402344,214.5761429780191,212.28676315917448,212.58949631823583,3964500,VTI
2021-08-20,215.79652404785156,215.87220734543988,213.81934661686319,214.1031553740411,2655100,VTI
2021-08-23,217.88720703125,218.28453346872666,216.4303289920576,216.70468271669637,3180600,VTI
2021-08-24,218.66294860839844,218.91837791751445,218.21831828461254,218.39806430083817,2772300,VTI
2021-08-25,219.2873077392578,219.49543316959512,218.511564874344,218.8994363068009,2897000,VTI
2021-08-26,217.8209686279297,219.27783216437248,217.73583034566127,219.11701059727307,3352000,VTI
2021-08-27,220.16714477539062,220.36581524943614,218.2183466443116,218.34133381563092,3749800,VTI
2021-08-30,220.99964904785156,221.34021669622638,220.23337544778676,220.63070196503836,3194000,VTI
2021-08-31,220.58335876464844,221.01853407363305,220.20495674953173,220.95230578167624,3099400,VTI
2021-09-01,220.9712677001953,221.5672646884695,220.65907948896188,221.19831760885072,3533100,VTI
2021-09-02,221.7185821533203,221.9834664543987,221.0658263988372,221.66182329381948,3274600,VTI
2021-09-03,221.64291381835938,221.84158427513,221.0185518866076,221.36857450055618,2484200,VTI
2021-09-07,220.68743896484375,221.6523829454701,220.44147907904645,221.64291351151957,3256800,VTI
2021-09-08,220.16714477539062,220.66853402522693,219.08868297299185,220.43202911737532,3027600,VTI
2021-09-09,219.40086364746094,221.03747351174692,219.2400420478595,220.11037834664495,3265900,VTI
2021-09-10,217.66015625,220.6022773096294,217.54663853551628,220.450910733577,3385600,VTI
2021-09-13,218.152099609375,219.23056124780868,216.9506508183205,219.0129663723854,3312700,VTI
2021-09-14,216.83712768554688,218.99405090856501,216.27896523112622,218.9183676192349,3158900,VTI
2021-09-15,218.6251220703125,218.85215752206588,216.37359093967396,217.0358017324757,2598900,VTI
2021-09-16,218.4264373779297,219.02243427016063,216.92226986765434,218.47374123899928,2537200,VTI
2021-09-17,216.6763153076172,218.3696984164714,216.30736825383485,218.09534465833585,3078200,VTI
2021-09-20,212.9206085205078,214.0936634219647,210.3095855512284,213.33684496079513,7749300,VTI
2021-09-21,212.9016876220703,214.77480215733476,212.34353959130195,214.282867984145,4564400,VTI
2021-09-22,215.0491485595703,216.09921629261706,213.63957438074758,214.11258410631223,4187300,VTI
2021-09-23,217.66961669921875,218.48319402198692,215.73974332910743,216.10869034553068,3778100,VTI
2021-09-24,217.92967224121094,218.22386169652998,216.55361684789506,216.8952594851929,3122800,VTI
2021-09-27,217.4551544189453,218.1479244899936,216.85727622464665,217.47413858656606,2856700,VTI
2021-09-28,212.89993286132812,216.1739995932642,212.6247275829304,216.04113937598984,5078600,VTI
2021-09-29,213.04226684570312,214.4657752088774,212.84296930336134,213.73503686119201,4585500,VTI
2021-09-30,210.73619079589844,216.75288309796187,210.62231475253978,213.85842747096572,5080200,VTI
2021-10-01,213.64013671875,214.12413884392464,209.74922243476095,211.72315582673022,5148600,VTI
2021-10-04,210.4230194091797,212.9568627652984,209.29370036507214,212.8050328661156,4984000,VTI
2021-10-05,212.38748168945312,213.51680080602225,210.77417487178784,211.08733401441137,3568200,VTI
2021-10-06,213.27003479003906,213.34595697940708,209.7112636172212,210.5748622305208,3076000,VTI
2021-10-07,215.3198699951172,216.71490932071958,214.57964681998232,214.94975840754975,3081300,VTI
2021-10-08,214.8453826904297,215.94623268990003,214.49425524328072,215.80387315785939,1922600,VTI
2021-10-11,213.29852294921875,215.98421090641963,213.22260075303504,214.54173262096396,2354900,VTI
2021-10-12,213.14666748046875,214.19056497130157,212.72910269186502,213.8204533597076,2898400,VTI
2021-10-13,214.11465454101562,214.5037503409136,212.24511221345224,213.68760488583175,3179500,VTI
2021-10-14,217.67343139648438,217.7303694212153,215.89879538254146,216.09809294977737,2688800,VTI
2021-10-15,218.9640655517578,219.3721455037213,218.52753106994768,218.9261116979522,2717900,VTI
2021-10-18,219.76124572753906,219.84665276083447,217.7493438989589,218.33773724990715,3078300,VTI
2021-10-19,221.3650665283203,221.3840506970953,220.27371575494556,220.6438274023288,2683100,VTI
2021-10-20,222.22865295410156,222.3994815023076,221.48842970012208,221.6402740805992,2838400,VTI
2021-10-21,222.83602905273438,222.9688892732677,221.75416311962647,221.98192970368845,2839800,VTI
2021-10-22,222.40896606445312,223.31051854129504,221.42200655395484,222.63673263488064,2144500,VTI
2021-10-25,223.7755126953125,223.92735705942724,222.162206148451,223.0827426949678,2170100,VTI
2021-10-26,223.69012451171875,225.0946487963916,223.45287310305957,224.58217764450876,2759900,VTI
2021-10-27,222.16221618652344,224.04124321514902,222.0578249915622,224.01277420567564,3409600,VTI
2021-10-28,224.53475952148438,224.53475952148438,222.80756215745726,222.95940654827507,2104900,VTI
2021-10-29,224.8289337158203,225.03771611885216,223.36745689459727,223.4718480961132,3565900,VTI
2021-11-01,225.94876098632812,225.97722999853985,224.64862782640094,225.62610252747692,3967500,VTI
2021-11-02,226.65103149414062,226.74592337507474,225.77794799388727,226.1670438035469,4004800,VTI
2021-11-03,228.2548065185547,228.45408956403108,226.14801315375612,226.51812471888695,3704400,VTI
2021-11-04,229.11843872070312,229.46958067582906,228.264339384762,228.7388422337688,3557000,VTI
2021-11-05,230.00099182128906,231.09234244067233,229.08045525474455,230.3711034164489,3919400,VTI
2021-11-08,230.380615234375,231.1398226796864,230.06744162015866,230.76971104119028,3401400,VTI
2021-11-09,229.71632385253906,230.74125177489782,228.89069350425487,230.64634540997122,2764100,VTI
2021-11-10,227.45765686035156,229.6214029658234,226.55610443013288,228.84321141761424,3356500,VTI
2021-11-11,227.7328643798828,228.4825723974547,227.72337953736817,228.3971653727963,2277100,VTI
2021-11-12,229.42208862304688,229.69729385734368,227.9606264672245,228.36869189750516,2419900,VTI
2021-11-15,229.42208862304688,230.29517197960865,228.84319466611538,230.07690476063703,3630500,VTI
2021-11-16,230.40907287597656,230.9215440305596,229.09945494013772,229.336706350047,2947400,VTI
2021-11-17,229.46006774902344,230.22877448261553,229.1184251387637,230.22877448261553,2809000,VTI
2021-11-18,229.82066345214844,230.0768989953663,228.25481014724195,229.94403880271165,3507700,VTI
2021-11-19,229.16590881347656,230.24777480982334,229.023563740541,229.7448029112126,3353800,VTI
2021-11-22,228.06503295898438,231.17777017148188,227.99859561619678,229.9820138467152,3902900,VTI
2021-11-23,228.1409149169922,228.80523034719116,226.09107405569924,227.85622485339223,3826200,VTI
2021-11-24,228.90965270996094,228.90965270996094,226.46121646478323,226.94520411950057,2195400,VTI
2021-11-26,223.95584106445312,225.95824349819299,222.95938226915268,225.14209808726875,5730300,VTI
2021-11-29,226.06265258789062,227.0780811498384,224.45883064919593,226.31887369901114,4789200,VTI
2021-11-30,221.54537963867188,225.6071229104981,221.21323632927533,224.90486795420497,7231400,VTI
2021-12-01,218.4231414794922,225.73996685142123,218.15742105886588,224.35442672682365,5274700,VTI
2021-12-02,221.97239685058594,222.71262003613114,218.35668794872842,218.47057846389555,4257400,VTI
2021-12-03,219.40061950683594,223.27256431357253,217.34127897494608,222.8549995088249,5821900,VTI
2021-12-06,222.21914672851562,223.1871219793945,219.17283249127428,220.74818520561936,4210600,VTI
2021-12-07,226.97366333007812,227.47663513013018,225.2369813771777,225.44576376369093,4284700,VTI
2021-12-08,227.951171875,228.12200043517248,226.4707252633366,227.3533081160917,3417400,VTI
2021-12-09,225.77792358398438,227.6664354420553,225.65454822336324,227.30582316440885,2853800,VTI
2021-12-10,227.31533813476562,227.63799660304124,225.4552950394419,227.21094692671434,2610800,VTI
2021-12-13,225.24649047851562,227.3817531309026,225.04719292612845,227.28684677630366,5839100,VTI
2021-12-14,223.5572967529297,224.78150782781566,222.1148039243049,223.44340621338108,3360400,VTI
2021-12-15,227.0021209716797,227.04957414454296,221.92495005016508,223.54774140509213,3720700,VTI
2021-12-16,224.45883178710938,228.22638556732116,223.64268630745113,228.0365728431438,3876100,VTI
2021-12-17,223.43389892578125,225.06618984879228,221.4409812116676,223.01633411096296,4455100,VTI
2021-12-20,220.2926483154297,220.50143068100877,218.3376993292569,220.26417930927568,5839800,VTI
2021-12-21,224.61062622070312,224.7624705837931,221.32707513276657,222.2476116730707,4158800,VTI
2021-12-22,226.83132934570312,226.9072515336533,224.48728428519456,224.56320647314473,3202900,VTI
2021-12-23,228.397216796875,229.05203309470704,227.28688178429496,227.6380092851758,2925100,VTI
2021-12-27,231.39633178710938,231.39633178710938,228.9010207338827,229.03435685637973,4395100,VTI
2021-12-28,230.92007446289062,232.17724124338636,230.52005165780056,231.49150862400907,3960900,VTI
2021-12-29,231.05343627929688,231.58678070207438,230.20579649326567,231.00581312743196,3044300,VTI
2021-12-30,230.6820068359375,232.09156207756155,230.48199540428294,231.5391654686375,4501500,VTI
2021-12-31,229.94863891601562,231.13914502825267,229.94863891601562,230.56769628136075,3499900,VTI
2022-01-03,231.40585327148438,231.40585327148438,229.3962780597765,230.88202759401597,4204000,VTI
2022-01-04,230.96771240234375,232.4439429379519,229.86293373755933,232.1296475697866,4217000,VTI
2022-01-05,225.95806884765625,231.11058298864248,225.9104456948146,230.55818638728013,4878300,VTI
2022-01-06,225.90093994140625,227.405741556443,224.3294630020261,225.91045875950672,4519200,VTI
2022-01-07,224.87234497070312,226.73906516369064,224.11995141556113,225.90094411387415,3580200,VTI
2022-01-10,224.48184204101562,224.61517815166394,219.97697073209804,223.0627679775184,5819600,VTI
2022-01-11,226.7200164794922,226.7771584551222,222.94848622989306,224.49139223463902,3524800,VTI
2022-01-12,227.0723876953125,228.43433433829514,226.0152176136435,227.66287411717482,4033100,VTI
2022-01-13,223.74850463867188,228.00575624573102,223.3199252856724,227.79622597847842,4049300,VTI
2022-01-14,223.83421325683594,223.9389783816262,221.2531894729372,222.38655367770116,3829900,VTI
2022-01-18,219.48171997070312,221.62463112919187,218.99599867316238,221.43415304383547,6511600,VTI
2022-01-19,217.1769256591797,221.11036322532527,217.05310835039995,220.21510013963663,4868100,VTI
2022-01-20,214.6435089111328,220.87224571196955,214.42445983156085,218.2245609904667,5175100,VTI
2022-01-21,210.39578247070312,215.3292331707469,210.31958833026218,213.92919672180554,8582600,VTI
2022-01-24,211.74822998046875,211.9768124387269,202.00512976828864,207.61479528833763,22004300,VTI
2022-01-25,208.78619384765625,211.45293035291598,205.37658271677665,208.67190991526698,6600400,VTI
2022-01-26,207.97666931152344,213.49110224362974,205.7670973310034,212.11963675725,7096400,VTI
2022-01-27,206.4337921142578,211.814874769269,205.62424201843777,210.30055424572325,5789200,VTI
2022-01-28,211.51963806152344,211.5958322108682,204.70041428692167,207.1481022872725,4961200,VTI
2022-01-31,216.0149688720703,216.14830498653856,210.6910285787749,211.5196162520743,5306400,VTI
2022-02-01,217.66261291503906,218.0340502506474,214.4244420165328,217.09117868547392,4697600,VTI
2022-02-02,219.10076904296875,219.47220640469328,217.13881710501124,218.94838075801852,4048200,VTI
2022-02-03,213.89111328125,217.0816612615621,213.46253394449724,216.01497232874692,4217700,VTI
2022-02-04,215.31019592285156,217.1388116990888,212.6910822872304,214.12920854270934,3585300,VTI
2022-02-07,214.76731872558594,216.55784470284826,214.138727963456,215.70067151834024,2757300,VTI
2022-02-08,216.7388153076172,217.1959656437391,213.79587277918023,214.54828087602277,3075500,VTI
2022-02-09,220.26268005371094,220.2912510374278,218.67216565244283,218.91978568883744,3698700,VTI
2022-02-10,216.5292510986328,220.77696864316044,215.37683482177252,217.3006967113247,3511200,VTI
2022-02-11,212.32913208007812,217.62450053372223,211.4433880439588,216.55781178983543,4839800,VTI
2022-02-14,211.54820251464844,212.91014927671475,209.81483290139303,211.9291732496012,4402100,VTI
2022-02-15,215.31019592285156,215.40542769916453,213.7196668536699,213.89110730310742,4406200,VTI
2022-02-16,215.51019287109375,216.08164165927678,213.1577514607296,214.2911156866799,4812400,VTI
2022-02-17,210.61483764648438,214.0053970653798,210.2148292969846,213.7292060142538,5784600,VTI
2022-02-18,208.92906188964844,211.42437265309863,207.82428323120376,210.61482266102644,7007900,VTI
2022-02-22,206.52902221679688,209.60528618081372,204.82420919333794,207.72904723948994,7748900,VTI
2022-02-23,202.7289276123047,208.41478658931737,202.4527365583542,208.1671665225843,7684500,VTI
2022-02-24,206.2813720703125,206.52900664306134,197.14781264385033,197.75735119342804,10471000,VTI
2022-02-25,210.87197875976562,210.9005497450241,205.87185288388937,206.9385417536616,4615100,VTI
2022-02-28,210.6433868408203,211.49102660784968,207.86236631829087,208.81477120405626,4219800,VTI
2022-03-01,207.3576202392578,210.94819120125632,206.03377785474788,210.11958895922763,4765000,VTI
2022-03-02,211.29104614257812,212.01486868030233,208.02428957357202,208.57668619415617,3884900,VTI
2022-03-03,209.68148803710938,212.47202770815036,208.75765402561018,211.94820205226725,4161700,VTI
2022-03-04,207.586181640625,208.20523902227592,205.57660668893547,207.8242828693439,4518100,VTI
2022-03-07,201.18603515625,207.5480935086709,201.16698298735233,207.3195110795393,7953400,VTI
2022-03-08,200.0526580810547,205.23374321582892,199.31930221720535,201.02411517696135,6132200,VTI
2022-03-09,205.6051788330078,206.586154738257,203.40512579244808,204.45276248519065,4558400,VTI
2022-03-10,204.68136596679688,205.1004265000485,202.19558828777895,203.59562482725727,5271300,VTI
2022-03-11,201.90032958984375,206.23376046500724,201.62412401747545,206.02424474697958,5511000,VTI
2022-03-14,199.90980529785156,203.63371236567005,199.3098000251487,202.17653386653188,6284200,VTI
2022-03-15,204.0813751220703,204.42424155862,200.48128480457314,200.9574873813061,6491000,VTI
2022-03-16,209.18621826171875,209.18621826171875,203.80513621977872,206.0623312536563,4863500,VTI
2022-03-17,211.98629760742188,212.0053497757229,207.8909533754875,208.1290546153378,6570100,VTI
2022-03-18,214.46250915527344,214.71966252430295,210.89099110086872,211.42435000433025,3425100,VTI
2022-03-21,214.26254272460938,215.43399674378048,212.45297913296142,214.71017421363055,2802200,VTI
2022-03-22,216.8911895751953,217.29119793681204,214.8625767793211,215.0340027060652,3269300,VTI
2022-03-23,213.93714904785156,216.39247016587402,213.93714904785156,215.65682722302148,2695400,VTI
2022-03-24,216.98480224609375,217.05168550484666,214.31931195693141,214.96896007006677,2375100,VTI
2022-03-25,217.91151428222656,218.06437780478677,215.8192403730208,217.41472970070768,3851100,VTI
2022-03-28,219.3254852294922,219.3254852294922,216.37336486888518,217.8541993010323,6799400,VTI
2022-03-29,222.6501922607422,222.9463562389333,220.16621092091663,221.09292602692219,4470500,VTI
2022-03-30,220.84449768066406,222.42086066505772,219.7649192208618,222.01960489771872,3436400,VTI
2022-03-31,217.51026916503906,220.99739737781854,217.45294898572723,220.38594325750927,4087000,VTI
2022-04-01,218.37965393066406,218.54206595711318,216.51667530037372,218.45608569214622,3456400,VTI
2022-04-04,220.2330780029297,220.2521750093743,218.18857581755918,218.64715179597727,3241100,VTI
2022-04-05,217.01345825195312,220.5770180371659,216.46890200005447,219.63119139603526,3268800,VTI
2022-04-06,214.51991271972656,215.76190323160426,212.99132134791813,214.98805175405792,4122000,VTI
2022-04-07,215.3319854736328,216.33513220818475,212.7047040429746,214.19508681299843,4347500,VTI
2022-04-08,214.66326904296875,216.24919546986717,213.9180775079913,214.94032145351386,2954800,VTI
2022-04-11,211.30987548828125,213.59323616510704,211.13791495311708,213.2110773460727,2942200,VTI
2022-04-12,210.66021728515625,214.48171782547652,209.93413743052776,212.91490318705993,3164200,VTI
2022-04-13,213.42127990722656,213.8034241821539,210.44051374475836,210.6697944785669,2404600,VTI
2022-04-14,210.82264709472656,214.20468352183977,210.76532691424478,213.60279247104344,2465500,VTI
2022-04-18,210.4595947265625,211.41496991899442,209.37046759030486,210.57424966260493,3674400,VTI
2022-04-19,214.16644287109375,214.5772617608002,210.40226249605774,210.40226249605774,2631200,VTI
2022-04-20,213.88937377929688,215.45618829957502,213.43078325297165,214.9593891849893,2933200,VTI
2022-04-21,210.39271545410156,216.56443072297063,209.89591629723867,215.62816716331457,3172100,VTI
2022-04-22,204.66046142578125,209.9245731417585,204.4693893154379,209.9245731417585,6361400,VTI
2022-04-25,205.7782440185547,206.07440796970482,201.3835126886953,203.5617813475211,9271800,VTI
2022-04-26,199.9122314453125,204.8419702570605,199.9122314453125,204.69865525124,6891100,VTI
2022-04-27,200.30393981933594,202.92165817012028,199.24347291305082,200.48546341431927,4955900,VTI
2022-04-28,205.18594360351562,206.12220725338463,200.1033403484883,202.42490975343324,3767700,VTI
2022-04-29,197.6480255126953,204.7464562323475,197.4856134784736,203.39937370525917,7330500,VTI
2022-05-02,199.13839721679688,199.797608398182,194.61947687045307,197.9059551182418,10630500,VTI
2022-05-03,200.08421325683594,201.21156352891867,198.60339341746385,199.18617284962153,3901800,VTI
2022-05-04,205.95022583007812,206.27504987883674,198.42186506550982,200.36127543256603,3870600,VTI
2022-05-05,198.35499572753906,203.8675147513733,196.2913963604824,203.7719713995667,5186700,VTI
2022-05-06,196.75950622558594,198.54606764178416,194.04624433966194,197.20853370546598,5193900,VTI
2022-05-09,189.78524780273438,194.3041822841405,189.03050792768892,193.94113510031627,9551400,VTI
2022-05-10,190.16741943359375,193.66409585092524,187.7789816476352,192.8806812597545,7605000,VTI
2022-05-11,186.72805786132812,192.63228348019834,186.44144241961982,189.72793505175898,6365500,VTI
2022-05-12,186.92868041992188,188.7725472161575,183.5466446763253,185.40007455262108,7964900,VTI
2022-05-13,191.93484497070312,192.74691960812936,188.91587084065404,189.07828285256596,4543200,VTI
2022-05-16,190.98907470703125,192.85205357754236,189.9859277527961,191.4476507571871,4479400,VTI
2022-05-17,195.0684814453125,195.14491320286214,192.18325913161627,194.30419302555046,3954500,VTI
2022-05-18,187.43507385253906,193.0049133457137,186.71854241036536,192.8138412100413,4712200,VTI
2022-05-19,186.60386657714844,188.83944075313104,185.22812413720013,185.8109035158486,5710900,VTI
2022-05-20,186.60386657714844,188.72478583122418,182.15181523061207,188.24709829390142,5153300,VTI
2022-05-23,189.79481506347656,190.26293951833304,186.73761775249537,187.87450184133732,5018000,VTI
2022-05-24,187.89364624023438,188.49553730487506,184.69314794081217,187.7981174631904,4788700,VTI
2022-05-25,189.9859161376953,190.9412913542023,187.04335872150952,187.20577075897143,4921900,VTI
2022-05-26,193.87425231933594,194.7054385275866,190.4731194664228,190.5017795517556,4216700,VTI
2022-05-27,198.784912109375,198.8040091160845,195.0684888250287,195.15448366669233,4381100,VTI
2022-05-31,197.15121459960938,199.05241637745775,196.0334274344386,197.9250661310455,4100900,VTI
2022-06-01,195.8518829345703,199.02373506044742,194.38061178922538,198.4027325385693,3087800,VTI
2022-06-02,199.84536743164062,199.86447901649643,194.89653113834743,195.8519062909864,2977800,VTI
2022-06-03,196.6544189453125,198.34543705609866,196.13852277446094,197.45693057902295,2694100,VTI
2022-06-06,197.23719787597656,199.47277224046204,196.72130170642913,198.83267263582053,2745500,VTI
2022-06-07,199.37725830078125,199.5587819262298,195.23093331749888,195.49843721462233,3350500,VTI
2022-06-08,197.1416473388672,199.3867699589666,196.72127998453604,198.65112708888708,2187200,VTI
2022-06-09,192.422119140625,197.12256329246907,192.39345905135943,196.25316837709747,3061100,VTI
2022-06-10,186.70895385742188,189.53687064435002,186.64208517909992,189.53687064435002,5703800,VTI
2022-06-13,179.08506774902344,182.64861295278433,178.3494248066617,182.14226529291486,10468300,VTI
2022-06-14,178.57870483398438,180.6136583808966,177.0023418128814,180.09774768382783,7045900,VTI
2022-06-15,181.1773223876953,183.556211490385,177.87171832800598,180.1932872606324,5011700,VTI
2022-06-16,174.8527374267578,177.39402385986043,173.56297533937894,177.10742302076795,8225100,VTI
2022-06-17,175.51197814941406,177.13611301594133,173.68720808377702,175.08204766244577,5252700,VTI
2022-06-21,179.76339721679688,180.59456895778226,178.3589945371447,178.3589945371447,6103400,VTI
2022-06-22,179.7347412109375,181.47351649609058,177.33674012683318,177.61380709870173,7321300,VTI
2022-06-23,181.36439514160156,181.8344054495302,178.85131165788533,180.45316380970078,6675800,VTI
2022-06-24,187.22506713867188,187.25384178592677,182.81276916850535,183.1293049244473,3856400,VTI
2022-06-27,186.64955139160156,188.01160507472264,185.98770520951953,187.64712131814613,5950400,VTI
2022-06-28,182.80319213867188,188.81734254646247,182.78400416077736,187.4648755096046,6012700,VTI
2022-06-29,182.49624633789062,183.37870306719648,181.4603150549301,183.0046179902501,4155800,VTI
2022-06-30,180.9231719970703,182.54421223828146,178.53478824610602,180.32847638616985,4250300,VTI
2022-07-01,182.8319854736328,183.08137066719476,179.27336897164005,180.51073753987254,3223100,VTI
2022-07-05,183.48422241210938,183.50341039112678,178.75540279601975,180.67379088585207,3986100,VTI
2022-07-06,183.84872436523438,185.02852896503106,182.13177343174618,183.48422593759804,2981000,VTI
2022-07-07,186.87974548339844,187.25383051132644,184.73114592219272,184.76952187364728,2919300,VTI
2022-07-08,186.68792724609375,187.71425718419917,185.13402306060948,186.14117965731594,2799200,VTI
2022-07-11,184.3282928466797,185.8438209883665,183.98298245191387,185.48892392346244,3033800,VTI
2022-07-12,182.73602294921875,185.3546328102955,181.86316763166377,184.16522711616088,2640300,VTI
2022-07-13,181.93991088867188,183.29237794130074,179.7433630686452,180.12703481417702,3322400,VTI
2022-07-14,181.13418579101562,181.4699095349875,178.00721871767203,179.63784553952436,3355600,VTI
2022-07-15,184.65440368652344,184.69277963694535,182.2276444051911,183.38827540919803,2914600,VTI
2022-07-18,183.3787078857422,186.8222255817095,182.76482429113182,186.36180190864715,3974200,VTI
2022-07-19,188.50079345703125,188.69262931400777,185.11484008672056,185.38341321371522,3287500,VTI
2022-07-20,190.02590942382812,190.63979295153473,187.99242298257585,188.41445601601217,3332400,VTI
2022-07-21,191.9059295654297,191.9059295654297,188.4432390196218,189.5654941202449,2929300,VTI
2022-07-22,189.82447814941406,192.60614940513045,188.70222297657162,191.8387913126522,2717400,VTI
2022-07-25,190.0834503173828,190.49591129847084,188.9516085591237,190.24651152139623,2997100,VTI
2022-07-26,187.73345947265625,189.2777624690248,187.31141175149125,189.23938651102455,2918500,VTI
2022-07-27,192.66371154785156,193.48861899094757,189.2585698477643,189.4504057246412,2902200,VTI
2022-07-28,195.17678833007812,195.41658682677092,191.19613913943326,192.81717931885873,2670700,VTI
2022-07-29,197.83375549316406,198.34212712426753,195.29189733764665,195.83863028749033,3342400,VTI
2022-08-01,197.3733367919922,198.5915025309873,195.95371925398797,196.60597872963757,3531500,VTI
2022-08-02,196.3086395263672,198.59151120045487,195.5604694078481,196.63476196035995,3020900,VTI
2022-08-03,199.46437072753906,200.02070495187155,197.3445603819293,197.5172082604441,2827100,VTI
2022-08-04,199.2725067138672,199.7521036012652,198.47637412445027,199.45475587286012,2261800,VTI
2022-08-05,199.20538330078125,199.58906964472516,197.11434761180251,197.2965967956587,2758900,VTI
2022-08-08,199.3876495361328,201.59379863503182,198.81214192520616,200.10704502689518,3024200,VTI
2022-08-09,198.13108825683594,199.09988345618981,197.56516737246596,198.97518356649778,1829500,VTI
2022-08-10,202.64889526367188,202.79276849131497,200.9894793121235,201.70887472261325,2878200,VTI
2022-08-11,202.6585235595703,205.30589394493356,202.31321310616292,204.13569063542306,2835000,VTI
2022-08-12,206.16917419433594,206.21713682470258,203.2244413962739,203.76158772964473,2366500,VTI
2022-08-15,206.974853515625,207.26261460582373,204.97014182626424,205.1140150532951,4479200,VTI
2022-08-16,207.4161376953125,208.33695583614954,205.83345864677935,206.62000483504562,2835600,VTI
2022-08-17,205.55526733398438,206.9748702882315,204.46178681152648,205.6415912771983,4007900,VTI
2022-08-18,206.09242248535156,206.49528220717724,204.97975393775369,205.5840508385616,1640200,VTI
2022-08-19,203.14767456054688,204.75912796236145,202.61052830532125,204.65361604536085,2555000,VTI
2022-08-22,198.80255126953125,200.89360188550577,198.38051818669572,200.54829144599344,3142900,VTI
2022-08-23,198.42845153808594,200.06867966377513,198.21742769416946,198.89846185156142,2856400,VTI
2022-08-24,199.26296997070312,200.0111401316081,198.00641351653485,198.39968657540877,1790900,VTI
2022-08-25,202.15013122558594,202.21728182951273,199.6370476822889,200.0878700236475,1874100,VTI
2022-08-26,195.4549560546875,202.3131869695774,195.38780545257833,202.25563767413425,3550200,VTI
2022-08-29,194.02572631835938,195.62757825446442,193.39265487933258,193.94898905579828,3529100,VTI
2022-08-30,191.86756896972656,194.84107613616473,190.78367509824594,194.65882693977719,4799400,VTI
2022-08-31,190.4575653076172,193.33514741352067,190.40001600728144,192.75003846654138,2911400,VTI
2022-09-01,190.57266235351562,190.77409953918684,187.55120702142307,189.34489516923793,4555800,VTI
2022-09-02,188.68301391601562,193.1432591152137,187.83891871047078,192.46222509507902,3810400,VTI
2022-09-06,187.91571044921875,189.60388671360806,186.7838538558059,189.41205083022243,5382900,VTI
2022-09-07,191.38796997070312,191.78124300759853,187.65670604584545,187.74302998970882,3032400,VTI
2022-09-08,192.9034881591797,192.9706241222043,189.64223471399424,190.24651692576586,2971300,VTI
2022-09-09,196.10720825195312,196.49089462948706,194.0641350066226,194.12168430421798,2953400,VTI
2022-09-12,198.21743774414062,198.54357483336264,196.94172258142612,197.1431451287435,2736900,VTI
2022-09-13,189.69979858398438,194.28474466314353,189.10508836048305,193.7284103952945,5190300,VTI
2022-09-14,190.4383544921875,191.07142599224434,188.72140381478962,190.32325590531815,2793400,VTI
2022-09-15,188.40487670898438,191.2344959764044,187.70466921317336,189.7861183593403,2491000,VTI
2022-09-16,186.68792724609375,186.90853776128938,184.95178850048868,186.5344526980714,4966100,VTI
2022-09-19,188.01161193847656,188.07876254427595,184.99015667256288,185.02851799292037,3346700,VTI
2022-09-20,185.82464599609375,186.80302795564907,184.44340432051882,186.49607885612636,3244200,VTI
2022-09-21,182.6497039794922,188.39528081324082,182.63051600302728,186.69750348146815,3060200,VTI
2022-09-22,180.6066436767578,182.73605566744286,180.29970918740008,182.35238389671073,5279700,VTI
2022-09-23,177.49142456054688,179.04228372907923,175.14106738121822,178.7147767489608,8249900,VTI
2022-09-26,175.54563903808594,178.66661214512337,174.94840399429566,176.75934916879206,6603500,VTI
2022-09-27,175.28555297851562,178.58954901551832,174.03330396893986,177.4432745749889,6910700,VTI
2022-09-28,178.974853515625,179.84178717085953,175.02545642338993,175.84423852976977,6929100,VTI
2022-09-29,175.2566375732422,177.53957353965808,173.68650911794722,177.4721525553808,8241100,VTI
2022-09-30,172.87738037109375,176.96163421536627,172.694357447424,174.89060313491035,8431700,VTI
2022-10-03,177.26988220214844,178.22352105623082,173.60946760767365,174.85208926889703,7321600,VTI
2022-10-04,182.96278381347656,183.08801312253723,180.26563552216876,180.31380177167483,6212800,VTI
2022-10-05,182.6160430908203,183.6852693664453,179.51432415426055,181.00738999114643,4548100,VTI
2022-10-06,180.8725128173828,183.46370145236867,180.55463318240882,181.9417389720129,3784100,VTI
2022-10-07,175.69972229003906,179.00373249685217,174.7942645462424,178.86887583728472,4780100,VTI
2022-10-10,174.30300903320312,176.4703578971928,173.08929896074795,176.18137510900578,4304000,VTI
2022-10-11,173.1856231689453,175.76718422116477,171.96228568096598,173.4168123477081,4419100,VTI
2022-10-12,172.713623046875,174.0910865815152,172.3764740162124,173.551659891075,5016700,VTI
2022-10-13,177.0001678466797,177.77078376199393,168.41746230269118,169.89125844277694,5626900,VTI
2022-10-14,172.82920837402344,179.1578739433267,172.55949503177936,178.2909256018781,3798800,VTI
2022-10-17,177.4432830810547,178.02123401437302,175.87315438390056,176.04653525441307,4025800,VTI
2022-10-18,179.61061096191406,181.76831770898184,177.92489521662995,181.2288910222149,3906800,VTI
2022-10-19,178.07904052734375,179.7840260355077,176.60524422820671,178.4450864337336,2589100,VTI
2022-10-20,176.53781127929688,180.12116293613929,176.09470233322423,177.7611488446143,2636200,VTI
2022-10-21,180.602783203125,180.8821239309043,175.59378725792882,176.26808534935756,3381200,VTI
2022-10-24,182.5485382080078,183.13613106829706,179.83213567397786,181.46005759994017,4527800,VTI
2022-10-25,185.85256958007812,186.06448930466115,182.56782854731605,182.6063674235719,3287100,VTI
2022-10-26,184.706298828125,187.4901376332228,184.23429308602442,184.23429308602442,4091100,VTI
2022-10-27,183.83935546875,186.36310814504688,183.6081662952568,185.39021459919607,3556300,VTI
2022-10-28,188.11624145507812,188.34743062428683,183.7333921965107,183.829709993308,3178800,VTI
2022-10-31,186.90255737304688,188.00068035747964,186.4016547859247,186.86403318862693,5053900,VTI
2022-11-01,186.32456970214844,189.22401030399655,185.67918312686584,188.80017083407353,9873800,VTI
2022-11-02,181.42153930664062,188.09698122733286,181.37337306050958,185.97779868203878,4686000,VTI
2022-11-03,179.68768310546875,181.1807487600255,178.32948883873271,179.6491589220034,3935600,VTI
2022-11-04,181.99951171875,183.30955429217457,178.92669029811088,182.36555756520363,3586200,VTI
2022-11-07,183.65634155273438,183.9549517300556,181.54678617323785,182.62563963924384,3420000,VTI
2022-11-08,184.61959838867188,186.2089816960506,182.46187686809085,184.22465572984794,4847500,VTI
2022-11-09,180.6413116455078,184.02237075983962,180.33307410062625,183.4636892910995,13959600,VTI
2022-11-10,190.861572265625,191.02532576268328,186.53650155528686,187.21079968211978,3981600,VTI
2022-11-11,192.80738830566406,193.32754564627652,190.55334866588103,191.28542577074086,4550200,VTI
2022-11-14,191.06385803222656,193.53944454104143,190.9290013511815,191.94041910988153,4248200,VTI
2022-11-15,193.00001525878906,194.71462790861142,191.05421343097834,194.09813813225142,4606200,VTI
2022-11-16,191.03494262695312,192.38350930613717,190.75558722308858,192.12342334005365,2905000,VTI
2022-11-17,190.23544311523438,190.63037107821145,188.2703718776648,188.48229161305514,3704700,VTI
2022-11-18,191.13128662109375,192.08492549528265,189.6671178127781,191.767045870553,3039000,VTI
2022-11-21,190.3221435546875,190.9290059832511,189.42629831736616,190.4570002390043,2961700,VTI
2022-11-22,192.8169708251953,192.93255805216018,190.52439283523222,190.8519144754227,3390300,VTI
2022-11-23,193.99217224121094,194.34857601855526,192.48947937662103,192.65323286075966,2685700,VTI
2022-11-25,194.13668823242188,194.41604369707304,193.64542769916736,193.8284506522262,1289100,VTI
2022-11-28,190.98680114746094,193.38532467348153,190.53406483968269,192.5858119320492,3365800,VTI
2022-11-29,190.6881866455078,191.74777066446953,189.85977711156087,191.19871656428344,2640700,VTI
2022-11-30,196.56410217285156,196.60264105262172,189.8019692042395,190.86156792377844,4201300,VTI
2022-12-01,196.67967224121094,197.92229378546025,195.3407329024989,197.3058040474549,4354300,VTI
2022-12-02,196.49668884277344,196.96867990129226,193.80916775763595,194.14631682652933,2917100,VTI
2022-12-05,192.6339569091797,195.5045005645127,191.93077674852884,195.07101904661144,3840500,VTI
2022-12-06,189.74417114257812,192.70140541900315,188.6460482672427,192.56654873951547,3901000,VTI
2022-12-07,189.43594360351562,190.69782003496778,188.819453793559,189.23365122446708,3438100,VTI
2022-12-08,191.07347106933594,191.6128977530505,189.59004768912087,190.29322785194344,3982600,VTI
2022-12-09,189.47445678710938,191.52621847692265,189.39739372805377,190.2739694892513,3784900,VTI
2022-12-12,192.2005157470703,192.2005157470703,189.47447046655333,189.7634532843066,3931600,VTI
2022-12-13,193.63577270507812,198.07643040771353,192.28719122654965,198.07643040771353,4191900,VTI
2022-12-14,192.556884765625,195.27330218407175,190.98677103983482,193.53942028913488,3331200,VTI
2022-12-15,187.75987243652344,190.44739374481577,186.94110486994597,189.96576057684862,5537100,VTI
2022-12-16,185.6117706298828,187.08556677337089,184.3884184126827,186.4016412886532,4755400,VTI
2022-12-19,183.74302673339844,185.83331261317795,182.9724108375875,185.7177253732028,6433800,VTI
2022-12-20,184.12832641601562,184.91821174731749,182.76049018943797,183.4251462125394,5637800,VTI
2022-12-21,186.9121551513672,187.49974808411034,185.1397489831263,185.39983495618307,4973400,VTI
2022-12-22,184.2610626220703,185.52902263872218,181.36702053588755,185.46127660372727,5153500,VTI
2022-12-23,185.27737426757812,185.29673660751726,182.9447070710359,183.90294351465985,4214400,VTI
2022-12-27,184.50306701660156,185.37419519698412,183.66098973445767,185.24836212479622,6037700,VTI
2022-12-28,182.1800537109375,185.35479789279222,182.02518453886236,184.53206833913802,5711900,VTI
2022-12-29,185.52903747558594,185.99364504901067,183.2931670666082,183.40932634453384,5425700,VTI
2022-12-30,185.0547637939453,185.1321983865488,183.20605166452557,184.0771649853225,5979800,VTI
2023-01-03,184.29978942871094,187.15512163773272,182.86727166238344,186.20657375289053,4092500,VTI
2023-01-04,185.93557739257812,186.86476302412729,184.038466677028,185.36449908226388,3852500,VTI
2023-01-05,183.75775146484375,185.1321821323219,183.38026708975565,185.0837836700517,4150000,VTI
2023-01-06,187.81326293945312,188.39401488742234,183.75773216399386,184.9869673155497,3184300,VTI
2023-01-09,187.89071655273438,190.57183184584278,187.7842458437911,189.18772739871716,3888300,VTI
2023-01-10,189.3716278076172,189.3716278076172,187.08735910763602,187.4358073760785,2963500,VTI
2023-01-11,191.86883544921875,191.88819778864172,189.85558045422172,190.24275339699287,3435300,VTI
2023-01-12,192.7980499267578,193.38847578492562,190.3202019872794,192.41087695550263,3552700,VTI
2023-01-13,193.62075805664062,193.84338804578738,190.96869344929664,191.27841704637748,2798600,VTI
2023-01-17,193.3594207763672,194.43380166683494,192.94321171905366,193.62074589116457,5426700,VTI
2023-01-18,190.3105010986328,194.6370609264697,190.25242884899276,193.9692005173336,3890200,VTI
2023-01-19,188.76185607910156,189.94270773428332,188.08432187591643,189.13934047581455,2282400,VTI
2023-01-20,192.38185119628906,192.4302496664465,188.6747528731497,189.565243370456,2429300,VTI
2023-01-23,194.8209686279297,195.67273435083604,192.32375847870344,192.80771359051153,3438100,VTI
2023-01-24,194.5015869140625,194.99523065759178,193.33042363096092,193.96923325395258,2679400,VTI
2023-01-25,194.59835815429688,194.74353878372224,191.24938220054838,192.56574072751206,2802000,VTI
2023-01-26,196.60191345214844,196.75678262744506,194.4047679503195,195.85663323816613,2806200,VTI
2023-01-27,197.39561462402344,198.46999556984272,196.0792561207596,196.0986184607138,4521900,VTI
2023-01-30,194.7532196044922,197.07619819787865,194.63706033642646,195.78887584792162,2992300,VTI
2023-01-31,197.86990356445312,197.92799059088568,194.9855348888361,195.1791140028589,4827600,VTI
2023-02-01,200.2799835205078,201.63506670738175,196.0114958509327,197.36657903780664,4385600,VTI
2023-02-02,203.27084350585938,204.11293553771193,201.42214599629065,202.29325938743236,3730800,VTI
2023-02-03,201.1704559326172,203.43536229553314,200.39612480528228,200.85104378874888,2854200,VTI
2023-02-06,199.66050720214844,200.42516450148213,198.9055384566905,199.7863402494371,2841700,VTI
2023-02-07,202.1770782470703,202.83525006440627,198.450618236315,199.38949226979597,3028100,VTI
2023-02-08,200.01866149902344,202.01256916209428,199.6411770654067,201.2382379531232,2945400,VTI
2023-02-09,198.07313537597656,201.9157399086997,197.5504703858216,201.77055929175026,2705900,VTI
2023-02-10,198.4312744140625,198.5958173837505,196.9406991321523,197.47305272181248,2159800,VTI
2023-02-13,200.79296875,200.84136721399958,198.4119179202523,198.81843843340098,3467200,VTI
2023-02-14,200.87042236328125,201.9641657228835,198.72166032659916,200.01865657745728,2743400,VTI
2023-02-15,201.77056884765625,201.80927875763038,199.42821314293272,199.83474842791878,2001600,VTI
2023-02-16,199.07977294921875,201.3446941566979,198.94426610510789,199.3604751921802,2458800,VTI
2023-02-17,198.4990234375,198.6442040582719,196.99875968992828,198.19897364181313,2324000,VTI
2023-02-21,194.38540649414062,196.9697249459507,194.2111749788561,196.6309504695926,3110800,VTI
2023-02-22,194.2208709716797,195.47915722888223,193.51428586754358,194.54995690643074,3011700,VTI
2023-02-23,195.2565155029297,195.96310056458705,192.981935452748,195.6049637567586,3440100,VTI
2023-02-24,193.07872009277344,193.51427672337877,191.80108632505525,192.89481479406203,3020600,VTI
2023-02-27,193.76596069335938,195.54691205824082,193.3110416816907,194.85001547735004,2850300,VTI
2023-02-28,193.11746215820312,194.62739982378787,193.11746215820312,193.82403252342908,2299100,VTI
2023-03-01,193.58204650878906,193.58204650878906,191.83980513638232,192.981946890736,4176000,VTI
2023-03-02,193.882080078125,194.35636136923515,191.16225491555295,191.6365362066631,3364000,VTI
2023-03-03,197.03749084472656,197.16330913048532,194.46284611140362,194.62738907673264,2484700,VTI
2023-03-06,196.77613830566406,198.40222028382257,196.51479842733966,197.31816563171688,3812700,VTI
2023-03-07,193.84336853027344,196.94067803494576,193.53363019523783,196.5825560080555,3346700,VTI
2023-03-08,194.09503173828125,194.5499507150165,193.00128848326185,193.9691986858241,1985900,VTI
2023-03-09,190.26211547851562,195.27588323522025,189.82654407234634,194.35637149723385,2974300,VTI
2023-03-10,187.05833435058594,190.6783240944466,186.09042407599483,189.95239138850326,6310500,VTI
2023-03-13,186.28399658203125,188.89735106988394,184.0771478214509,184.7740443207632,6253700,VTI
2023-03-14,189.6039276123047,190.62991005650827,187.3583836386183,189.2264432268121,4473800,VTI
2023-03-15,188.14239501953125,188.16174259032988,185.38384495951362,186.44855211895782,3855400,VTI
2023-03-16,191.39456176757812,191.55910472369584,186.61308317883396,187.12607438588833,3224900,VTI
2023-03-17,188.92640686035156,191.09451640023326,188.14240190929516,190.9202996418379,2902400,VTI
2023-03-20,190.57183837890625,191.04611969302843,189.02317615375682,189.46842134345698,2898100,VTI
2023-03-21,193.29164123535156,193.63041567313215,191.86881222729045,192.38180339137932,2421700,VTI
2023-03-22,189.83621215820312,194.94677629172543,189.8265236049806,193.43683890261238,2187900,VTI
2023-03-23,190.18218994140625,193.34055543424293,188.7730759949304,191.2997743206253,2629700,VTI
2023-03-24,191.3775177001953,191.41639819731975,188.1899990499765,189.3853296652322,2324800,VTI
2023-03-27,191.86341857910156,193.00044326813762,191.36780345896736,192.6797458979691,2425400,VTI
2023-03-28,191.59129333496094,192.07719569171059,190.60977591260936,191.6398865363485,3678600,VTI
2023-03-29,194.35122680664062,194.44839837926057,193.0101315788447,193.47659368168388,3486500,VTI
2023-03-30,195.4008026123047,195.90613044301008,194.4775761688597,195.59516061092714,2259200,VTI
2023-03-31,198.34536743164062,198.43282630558775,195.88670245136262,195.88670245136262,2986300,VTI
2023-04-03,198.87013244628906,199.2102700556067,197.59707053874962,197.97607381525805,3068200,VTI
2023-04-04,197.53875732421875,199.2782813165901,196.8196164649664,199.2199754036763,2881800,VTI
2023-04-05,196.8196258544922,197.4318676264224,195.8964142559986,196.97511818205612,3119400,VTI
2023-04-06,197.47071838378906,197.60677045299363,195.77006010445035,196.53779414597588,1989800,VTI
2023-04-10,197.91775512695312,197.93718054501264,195.96441812684304,196.30455571420885,2545300,VTI
2023-04-11,198.12184143066406,198.87013528470447,197.66509198469072,198.12184143066406,3389300,VTI
2023-04-12,197.28607177734375,199.47263240741202,196.99454222285195,199.21996851733138,2431200,VTI
2023-04-13,199.85165405273438,199.99743367196228,197.60678730513254,197.79143259234908,2197600,VTI
2023-04-14,199.29769897460938,200.67765979522656,198.06350291975514,199.54065013658905,4142000,VTI
2023-04-17,200.09458923339844,200.10431677104015,198.68547533175322,199.249123858124,2780400,VTI
2023-04-18,200.19175720214844,200.99835683826416,199.51149691523221,200.85257724413503,2784500,VTI
2023-04-19,200.28897094726562,200.6582466799799,199.19082680150453,199.24913271569287,2531400,VTI
2023-04-20,199.0450439453125,199.96825543612871,198.31619042700032,198.69519366338014,2563100,VTI
2023-04-21,199.22000122070312,199.45323973114762,198.17045016655155,199.18113554991191,2341600,VTI
2023-04-24,199.29769897460938,199.64754924100262,198.34533457164636,199.1227664271317,3704400,VTI
2023-04-25,195.97415161132812,198.4716821355977,195.93527111690244,198.26761143983634,2606400,VTI
2023-04-26,195.08978271484375,196.80015355378742,194.75937269400725,196.46003082477176,2762300,VTI
2023-04-27,198.75350952148438,198.91871454781077,196.13935239904174,196.16850535494854,2254600,VTI
2023-04-28,200.48333740234375,200.48333740234375,198.24818334984334,198.24818334984334,2308700,VTI
2023-05-01,200.38613891601562,201.33850343057492,200.18206822003484,200.19178092936977,2838500,VTI
2023-05-02,197.93716430664062,200.09457181933004,196.37257305309134,199.82246770318565,2700600,VTI
2023-05-03,196.78073120117188,199.69614518501635,196.64467914173497,198.1023861336572,2154000,VTI
2023-05-04,195.3133087158203,196.32399392986912,194.55530221956533,196.1490613691993,2577600,VTI
2023-05-05,198.91873168945312,199.4823802664958,197.07229362771375,197.13061437311663,1941600,VTI
2023-05-08,199.1325225830078,199.31716786521935,198.36478849681924,199.15194800219325,2632600,VTI
2023-05-09,198.31619262695312,198.8604008874265,198.0538012054524,198.27731213488335,1802500,VTI
2023-05-10,199.19082641601562,200.1334782364074,197.3249630227786,199.82249358991916,2677600,VTI
2023-05-11,198.9283905029297,198.9283905029297,197.75251528910712,198.70487960608554,2108300,VTI
2023-05-12,198.4619598388672,199.4920704629269,197.20832345406765,199.25883199333177,2252400,VTI
2023-05-15,199.3074188232422,199.5892504852304,197.96633844449067,198.41336029455363,3240000,VTI
2023-05-16,197.76226806640625,199.03532992561486,197.73311510997885,198.64661395420714,1884400,VTI
2023-05-17,200.3278350830078,200.62909218972158,197.9080358627338,198.69521018395358,2650100,VTI
2023-05-18,202.3200225830078,202.4949403110533,200.0168501923646,200.1917679204101,2370200,VTI
2023-05-19,201.83413696289062,202.9517065275354,201.2316227449323,202.75734853740988,2683100,VTI
2023-05-22,202.18399047851562,202.92255678411482,201.3579504716951,201.82441262109649,2229400,VTI
2023-05-23,200.04600524902344,202.1256667328285,199.84191973559635,201.45511911114914,2386700,VTI
2023-05-24,198.50082397460938,199.3463041525305,197.94690300285984,199.21996479556876,2083700,VTI
2023-05-25,199.85165405273438,200.5124890370586,198.76323740627643,200.06545229808358,2230400,VTI
2023-05-26,202.4852294921875,202.83507978010664,200.16261683389638,200.19176978884272,2347000,VTI
2023-05-30,202.5532684326172,203.76802443913215,201.83414236704166,203.71944606172318,2772300,VTI
2023-05-31,201.3385009765625,202.1159477422338,200.48332288003135,201.63977290503993,2325400,VTI
2023-06-01,203.35012817382812,203.88462371060686,200.82343008827192,201.45511202394223,2696700,VTI
2023-06-02,206.71258544921875,207.0818611539176,204.56489052531165,204.7398082546064,3017900,VTI
2023-06-05,206.1683807373047,207.34427106045496,201.62034142744236,206.74175683442132,2249400,VTI
2023-06-06,207.1110076904297,207.35395885929648,205.67274092273576,206.02259119904645,2227700,VTI
2023-06-07,206.70286560058594,208.0828265544171,206.40160850321934,207.32482004215157,2272800,VTI
2023-06-08,207.67466735839844,207.93705878689366,206.11006115354874,206.63484401053918,1943100,VTI
2023-06-09,207.898193359375,209.0157777744338,207.39286554088187,208.06341322420425,2084600,VTI
2023-06-12,209.76405334472656,209.77376605357904,208.01480189467787,208.45211105004927,2479900,VTI
2023-06-13,211.30923461914062,211.62993197730898,210.35687008275727,210.6678399028039,4295700,VTI
2023-06-14,211.30923461914062,212.36849827491343,209.6182889565886,211.41613373853008,4131000,VTI
2023-06-15,213.88450622558594,214.48703526064895,210.794174204242,210.8719203645264,2895100,VTI
2023-06-16,213.07789611816406,215.17699785792738,212.95157158884714,215.17699785792738,4762600,VTI
2023-06-20,212.02835083007812,212.50454049045476,210.9496618052459,212.22272364072234,3156500,VTI
2023-06-21,210.8621826171875,211.9311737336349,210.59007848364874,211.67850984636695,2713400,VTI
2023-06-22,211.42584228515625,211.45499524181898,210.07503425504896,210.40544431626913,2669100,VTI
2023-06-23,209.6767120361328,210.60344616793355,209.32552685211806,209.8620618395216,3327100,VTI
2023-06-26,208.9451141357422,210.53520495416984,208.89633551284857,209.5401776106943,2846800,VTI
2023-06-27,211.49119567871094,211.79360229034194,209.29629169541397,209.49139129467798,2653000,VTI
2023-06-28,211.66677856445312,212.18379919522928,210.67176615341887,211.17902212899295,4362100,VTI
2023-06-29,212.68133544921875,212.75937827067395,211.35463725477302,211.58875083399238,2857900,VTI
2023-06-30,214.885986328125,215.45178561189556,214.10557300964334,214.23239445337606,3443600,VTI
2023-07-03,215.5298309326172,215.5298309326172,214.66162501308511,214.88598882101468,2423600,VTI
2023-07-05,214.87620544433594,215.20787621899368,214.25187785697983,214.6908556334555,3341400,VTI
2023-07-06,212.96420288085938,213.18856666322904,211.52044806473904,213.18856666322904,3404300,VTI
2023-07-07,212.70082092285156,214.69087552547253,212.47645712922352,212.57401437087668,2771700,VTI
2023-07-10,213.62757873535156,213.6665927025095,212.46671598422154,212.56425834468925,2080500,VTI
2023-07-11,215.3054656982422,215.5200648488751,213.6470818062872,214.0080317129042,2158200,VTI
2023-07-12,216.9540557861328,217.63692670152466,216.42728538712674,217.11990607254174,3030200,VTI
2023-07-13,218.7880401611328,219.13922541360438,217.66620623845353,217.98812729364798,4113300,VTI
2023-07-14,218.46612548828125,219.35384585867774,218.0271476311539,219.34409608768257,2911500,VTI
2023-07-17,219.29530334472656,219.8415881882185,218.2807615909738,218.46611142397552,2688200,VTI
2023-07-18,221.04147338867188,221.36339444492413,219.03191911492706,219.19775452842438,2949500,VTI
2023-07-19,221.6169891357422,222.1827883418149,221.1292327393151,221.51944678754313,3106700,VTI
2023-07-20,220.0171661376953,221.45117124732454,219.62696694377578,221.060972053405,2651700,VTI
2023-07-21,219.9976806640625,220.9926931377211,219.9391522697468,220.87563634908975,2296400,VTI
2023-07-24,220.77809143066406,221.15854087445697,220.11473490409296,220.51469877414715,2291700,VTI
2023-07-25,221.3341064453125,222.02672710733685,220.4854150424632,220.4854150424632,2084400,VTI
2023-07-26,221.4999542236328,222.1925749243772,220.5146915642665,220.88537634023604,1985600,VTI
2023-07-27,219.7928009033203,223.36318155632364,219.3245588966601,223.2070959257219,4730600,VTI
2023-07-28,222.0852813720703,222.4462163996777,221.2170754435296,221.6072746687729,2257600,VTI
2023-07-31,222.75839233398438,222.96324172170839,221.9877287531079,222.5340136339007,2658500,VTI
2023-08-01,222.15354919433594,222.41694184594164,221.50972199117678,222.07550637589182,2809500,VTI
2023-08-02,219.0026397705078,220.60248028522955,218.58317638040504,220.45615930848325,4239000,VTI
2023-08-03,218.3685760498047,219.26604616212674,217.52963433185096,218.00762614262314,2925200,VTI
2023-08-04,217.44183349609375,220.3098439889036,217.15894128629154,219.2367886607041,3023100,VTI
2023-08-07,219.1099395751953,219.20749681324756,217.75397732307914,218.24173374305107,2376600,VTI
2023-08-08,218.09542846679688,218.29052807179747,216.27120920291986,217.7344785681428,2796400,VTI
2023-08-09,216.53460693359375,218.2124903692024,216.13464305861987,218.18322617202344,2203400,VTI
2023-08-10,216.5736083984375,219.37334047647715,215.92001655726312,217.77349995408815,3033300,VTI
2023-08-11,216.36874389648438,216.96380730505908,215.36396689456805,215.68588790758164,2219700,VTI
2023-08-14,217.44183349609375,217.46134792319455,215.6371434456528,215.90053611350075,2435100,VTI
2023-08-15,214.97377014160156,216.79798936216204,214.6518491026791,216.56386091063337,2997300,VTI
2023-08-16,213.19833374023438,215.54932325245096,213.19833374023438,214.73964581062407,2933500,VTI
2023-08-17,211.45217895507812,214.12508976224348,211.24732957390316,213.91047572520085,3135900,VTI
2023-08-18,211.69602966308594,212.2325646859281,209.76451846599824,209.95961805108334,2931700,VTI
2023-08-21,212.9154510498047,213.32516470247447,211.06198239937285,212.08627397362048,2755400,VTI
2023-08-22,212.34963989257812,213.85193808694058,212.0569979321203,213.85193808694058,2892300,VTI
2023-08-23,214.67138671875,215.00305756371964,212.73987516170365,212.73987516170365,2560200,VTI
2023-08-24,211.7936248779297,215.72494101869444,211.76436067917635,215.29571292344968,3099400,VTI
2023-08-25,213.23736572265625,213.87145805207768,210.7595694540156,212.64230224573706,3631000,VTI
2023-08-28,214.6030731201172,214.9249941406692,213.7348672956507,214.19335951718134,2364700,VTI
2023-08-29,217.7247314453125,217.85155288842066,214.41774323510023,214.55431444877598,3160300,VTI
2023-08-30,218.69049072265625,219.00266201828768,217.58817118718108,217.7832708043774,2420800,VTI
2023-08-31,218.4563446044922,219.66597098206495,218.39781621656377,219.00262940535015,3044000,VTI
2023-09-01,219.17822265625,220.25129275834624,218.47586709004926,219.82206471750774,3047300,VTI
2023-09-05,217.87106323242188,219.1392330709463,217.81253483582248,218.76853337895466,2531500,VTI
2023-09-06,216.5053253173828,217.71495173051497,215.3444626388616,217.52961679167478,2473700,VTI
2023-09-07,215.76394653320312,216.07611782120105,214.69089122228945,214.98354808350092,2964700,VTI
2023-09-08,215.99803161621094,216.73941594858024,215.56880362399698,215.7931822741091,2244400,VTI
2023-09-11,217.3540496826172,217.5784135053275,216.51510790514925,217.2077286863164,2087900,VTI
2023-09-12,216.30047607421875,217.51011745641412,216.02733364681106,216.70043994476066,2448500,VTI
2023-09-13,216.32974243164062,216.856527750578,215.68591520926148,216.3590066287876,1990000,VTI
2023-09-14,218.1832275390625,218.49538393930925,216.89554331453596,217.39306443998765,2002400,VTI
2023-09-15,215.6175994873047,217.4613181394293,215.35420685553132,217.43205394535943,2638100,VTI
2023-09-18,215.63714599609375,216.2614737043848,215.14938950883055,215.50057477506593,2259600,VTI
2023-09-19,215.09083557128906,215.46152033569282,213.8031514529482,215.20789235108552,2977800,VTI
2023-09-20,213.1885528564453,216.06632741783838,213.1007602801357,215.7151422274563,2448400,VTI
2023-09-21,209.61294555664062,211.8942223809389,209.5052452794524,211.83547949150847,4190400,VTI
2023-09-22,209.17236328125,210.79765297442987,208.93737677896095,210.1906082451075,3261300,VTI
2023-09-25,210.01437377929688,210.01437377929688,208.3009697974145,208.69259901739449,3440000,VTI
2023-09-26,206.989013671875,208.9667608282311,206.597369477771,208.60450302092102,4371900,VTI
2023-09-27,207.20440673828125,208.01705160445042,205.4518307800074,207.68415031659586,4407300,VTI
2023-09-28,208.5751190185547,209.3975493671189,206.72464326443648,206.99878671395788,2952400,VTI
2023-09-29,207.96810913085938,210.18084288223417,207.3610643433715,210.06335708968123,4435400,VTI
2023-10-02,207.6939239501953,208.39886844335823,206.33299234750223,207.76245233552442,4358100,VTI
2023-10-03,204.6783447265625,207.26313639010817,203.97340018744123,206.58756329514222,4389100,VTI
2023-10-04,206.1567840576172,206.4798849172875,204.04195021597437,204.85459511641207,3045400,VTI
2023-10-05,206.04908752441406,206.45051723068335,204.4140121912305,205.98055912610155,2679700,VTI
2023-10-06,208.50660705566406,209.30945152403896,204.20841092092274,204.68815452553866,3666300,VTI
2023-10-09,209.81857299804688,210.1612448531899,207.33168097420665,207.47855314615202,2869700,VTI
2023-10-10,211.12074279785156,212.41313114376956,210.0829119446925,210.11228338848406,3494600,VTI
2023-10-11,211.95297241210938,212.09984458033156,210.38644052895663,211.67882895906519,3033000,VTI
2023-10-12,210.2493896484375,212.18797995565836,209.06468644198637,212.09986560980724,3244200,VTI
2023-10-13,209.0646514892578,211.49278545374446,208.3009640734943,211.02282741474306,3267700,VTI
2023-10-16,211.4927978515625,211.93339941238233,210.07312321030295,210.23956638096257,3361600,VTI
2023-10-17,211.76695251464844,212.8341698672752,209.69129058275863,209.88710520921455,3627700,VTI
2023-10-18,208.63385009765625,211.1207418857048,208.14430611698333,210.6116119626899,3255000,VTI
2023-10-19,206.6658935546875,209.8675154470195,206.2840498383321,208.9373699100154,4322700,VTI
2023-10-20,204.11048889160156,206.63653787703947,204.02237455180327,206.45050875544433,4446600,VTI
2023-10-23,203.55239868164062,205.57911810686144,202.33833906663884,203.3272126142932,5473000,VTI
2023-10-24,205.08956909179688,205.81409960611467,203.76779428668007,204.69793985901288,3180900,VTI
2023-10-25,202.04461669921875,204.1790215416426,201.78025873461723,204.09090720000827,3454500,VTI
2023-10-26,199.94935607910156,202.0446038384405,199.3716977344482,201.61380272049647,4133400,VTI
2023-10-27,198.87234497070312,200.82073542188343,198.20657231785574,200.71303514689967,4290700,VTI
2023-10-30,201.16343688964844,201.67255191796033,199.49897525650434,200.25287723648273,3562700,VTI
2023-10-31,202.46559143066406,202.67120647446697,200.53680190583853,201.32986075821327,3325300,VTI
2023-11-01,204.49232482910156,204.84479711453463,202.543934287444,202.8082922364432,5789300,VTI
2023-11-02,208.55552673339844,208.65344150797765,206.44070803563991,206.44070803563991,4111600,VTI
2023-11-03,210.90538024902344,211.67885330771836,209.7892203647564,209.8381777597952,4216600,VTI
2023-11-06,210.99346923828125,211.55155658319143,209.98500976842027,211.31657007906645,2915000,VTI
2023-11-07,211.62010192871094,211.9725742432854,210.40602730302132,210.87600034891983,3194300,VTI
2023-11-08,211.59072875976562,212.1879730951673,210.5039403769756,211.8159148384486,2813800,VTI
2023-11-09,209.7891845703125,212.24669000908358,209.58356952211162,212.09983278872357,2771200,VTI
2023-11-10,212.9124755859375,213.05933280490785,209.96541124789434,210.60182738939153,3303400,VTI
2023-11-13,212.7852020263672,213.30411748385694,211.8158995044177,212.27607207082525,2829400,VTI
2023-11-14,217.50440979003906,218.1212400577222,215.89870594533076,215.89870594533076,4055100,VTI
2023-11-15,218.04290771484375,219.11991055544266,217.64147802519344,218.19956538978508,2819200,VTI
2023-11-16,217.89605712890625,218.21915799094225,216.96592643257765,217.65128510673037,2754500,VTI
2023-11-17,218.4443359375,218.76743678750984,217.76876279108836,218.2093494266661,3123700,VTI
2023-11-20,220.0891876220703,220.53957468101228,218.3366266542319,218.44432693312908,2875600,VTI
2023-11-21,219.491943359375,219.73671536237532,218.933870961177,219.56048669126986,2513800,VTI
2023-11-22,220.43186950683594,221.0388992800315,219.834625235251,220.1479405631565,2880400,VTI
2023-11-24,220.6668701171875,220.72561301000286,220.3045973786627,220.33396882507037,1219500,VTI
2023-11-27,220.38291931152344,220.81372043160405,220.06961891309055,220.41229075701096,2410000,VTI
2023-11-28,220.51998901367188,221.18577663124148,219.75630155860793,220.06961689386364,2761900,VTI
2023-11-29,220.61790466308594,222.43900897229148,220.40250410417042,221.6459500688741,2653700,VTI
2023-11-30,221.52845764160156,221.65574386928006,220.1185833936853,221.00954216834046,3148000,VTI
2023-12-01,223.3985137939453,223.5551714641196,220.872464886251,221.26410906168678,4074400,VTI
2023-12-04,222.59568786621094,222.67400176810466,221.3522417829381,221.84178583811808,3837800,VTI
2023-12-05,222.16488647460938,222.69358748018246,221.47952778601504,221.84178560576515,3019000,VTI
2023-12-06,221.22496032714844,223.38875167125715,221.15643192658624,223.1243936926332,3172900,VTI
2023-12-07,222.99708557128906,223.28102946779458,221.9690550858456,222.24319854059024,2724300,VTI
2023-12-08,224.0643310546875,224.29930265132606,222.51736997145153,222.605484320191,2741500,VTI
2023-12-11,224.98463439941406,225.02380628729034,223.73140290193447,223.90764651798204,3076600,VTI
2023-12-12,225.83645629882812,225.9539420857376,224.17200957891808,224.7888248998911,3214900,VTI
2023-12-13,229.34158325195312,229.52759742646302,225.72874606671672,225.94414662635722,4231100,VTI
2023-12-14,230.7025146484375,231.6326452783495,229.29262551102678,230.7318860938254,5014500,VTI
2023-12-15,230.3892059326172,231.0060361828861,229.7234332317602,229.88007596509846,4297900,VTI
2023-12-18,231.3878631591797,231.86762164570712,230.88853366971418,230.92769061528725,3855100,VTI
2023-12-19,233.08168029785156,233.12085218297423,231.76970600048296,231.76970600048296,3731700,VTI
2023-12-20,229.60592651367188,233.69852221164984,229.53739812081858,232.76839157928592,5149700,VTI
2023-12-21,232.14479064941406,232.22345560180443,230.14871436940098,231.15167375762115,4427000,VTI
2023-12-22,232.67578125,233.55090823738703,231.70231931867048,232.63644127090063,3661900,VTI
2023-12-26,233.82623291015625,234.32770512549664,232.9019384316884,233.0199283638141,3829400,VTI
2023-12-27,234.26869201660156,234.4555193972026,233.50172750956935,234.0228696745065,5103700,VTI
2023-12-28,234.15069580078125,234.75050289952551,234.15069580078125,234.26868572059826,4099400,VTI
2023-12-29,233.25592041015625,234.48503220095094,232.52828082863562,234.1605448877244,4187500,VTI
2024-01-02,231.6924591064453,232.55774347496003,230.84682972089868,231.71211408941343,4847600,VTI
2024-01-03,229.47024536132812,230.81736205884977,229.2145955154845,230.61086468057957,3925500,VTI
2024-01-04,228.88027954101562,230.63053348572603,228.7721171060591,229.36208174816275,3681900,VTI
2024-01-05,229.22442626953125,230.47320804206163,228.51645668225467,228.8114465109209,3305100,VTI
2024-01-08,232.49876403808594,232.60692646684575,229.36206860785603,229.37191110380087,4156600,VTI
2024-01-09,232.0661163330078,232.60692848149094,230.8173496491889,231.22048688369003,4524800,VTI
2024-01-10,233.2657470703125,233.68856932681547,231.84980789176322,232.17429520383126,3343400,VTI
2024-01-11,233.10841369628906,233.88520568208122,230.99433258887652,233.5508909035785,3375600,VTI
2024-01-12,233.1477508544922,234.38669010041863,232.46927876607808,234.00320783355053,3049500,VTI
2024-01-16,232.0661163330078,232.95108575883611,231.17133441875924,232.34143615336197,3646700,VTI
2024-01-17,230.6698455810547,230.9451653994252,229.5292263313454,230.4928606994471,3336600,VTI
2024-01-18,232.70529174804688,233.0002815925678,230.69937280835003,231.70233227819844,3509900,VTI
2024-01-19,235.53713989257812,235.73380977864375,232.80359651889066,233.4132461588437,3850100,VTI
2024-01-22,236.5597686767578,237.36605819308696,236.0386264883997,236.52042869812377,3952700,VTI
2024-01-23,236.992431640625,237.13991905921662,236.04846715021898,236.992431640625,3015300,VTI
2024-01-24,236.9530792236328,238.81149561938346,236.82526180216394,238.60501324419218,3003000,VTI
2024-01-25,238.27069091796875,238.50667076787684,237.04157918701307,238.14285849673166,2993900,VTI
2024-01-26,238.0740203857422,238.958989831889,237.69053812688682,238.26084776894447,2858200,VTI
2024-01-29,240.23727416992188,240.25692915524408,238.08386797649976,238.29035034902194,3463400,VTI
2024-01-30,239.90292358398438,240.24708084677656,239.49978636653026,239.99143102548805,3098900,VTI
2024-01-31,235.8616180419922,239.17531344481992,235.8517905495928,238.78198869176646,3884500,VTI
2024-02-01,239.03765869140625,239.03765869140625,236.02878052987543,236.8744100124353,3986800,VTI
2024-02-02,241.0828857421875,241.89901773737265,238.6345047604375,238.89999709713757,3875800,VTI
2024-02-05,239.94227600097656,240.89606788911766,238.68366680908406,240.73873798917984,3324800,VTI
2024-02-06,240.7584228515625,240.92558025414647,239.8242858903493,240.39459556000358,2568400,VTI
2024-02-07,242.6561737060547,242.96099104051723,241.28940194572456,241.88920912134031,2305700,VTI
2024-02-08,243.2559356689453,243.33460061221888,242.39063629673976,242.68562608306473,2668200,VTI
2024-02-09,244.74070739746094,244.9865297291192,243.37393583359307,243.60993067335463,2367700,VTI
2024-02-12,244.9767303466797,246.15667467326932,244.5637505825636,244.87839540121132,2769700,VTI
2024-02-13,241.0533905029297,242.20385230472937,239.2834815852806,241.50571022878137,5832600,VTI
2024-02-14,243.71810913085938,243.88526652692585,241.50570800040632,242.74464723209007,2606900,VTI
2024-02-15,245.59619140625,245.76334879955115,243.87543499991986,244.19007979795583,3181900,VTI
2024-02-16,244.30809020996094,246.0485016401223,243.95410542684573,245.43886701512605,2907800,VTI
2024-02-20,242.77413940429688,243.60994137015646,241.6531901228669,243.4132864969557,3445100,VTI
2024-02-21,242.8233184814453,242.86265846024912,241.03373954482294,241.93836400783508,2174900,VTI
2024-02-22,247.62176513671875,247.9954199004817,245.43886152364976,245.78301880646353,3873000,VTI
2024-02-23,247.7889404296875,248.69356491968836,247.32679318969272,248.24126017659106,2856000,VTI
2024-02-26,247.04164123535156,248.22158554791937,247.00230125610926,247.80860578871093,2585800,VTI
2024-02-27,247.7299346923828,247.88726459783962,246.75647278165002,247.58243227958994,2024600,VTI
2024-02-28,247.31695556640625,247.74960530559954,246.7761433924146,246.90397581639598,2192200,VTI
2024-02-29,248.35923767089844,249.06720723697498,246.9236285497417,248.4575576083057,2610400,VTI
2024-03-01,250.64044189453125,250.80761428243116,248.4575384018407,248.81152315751498,3691300,VTI
2024-03-04,250.39463806152344,251.30910499948746,250.2766481355173,250.5224704839004,4966800,VTI
2024-03-05,247.73976135253906,249.61784770762904,246.7171469781173,249.4408478136335,3134800,VTI
2024-03-06,249.20484924316406,250.2569610202638,248.45753975278598,249.62765645162165,2501700,VTI
2024-03-07,251.6335906982422,252.0858954142573,250.39463646784134,250.73879375490944,2940900,VTI
2024-03-08,250.17831420898438,253.4035022325429,249.7948319441041,252.13508051522308,3671100,VTI
2024-03-11,249.77516174316406,250.09964902503506,248.47721261568017,249.64732932805606,3038700,VTI
2024-03-12,252.24322509765625,252.44970746667317,249.411346863553,250.728966044246,4380100,VTI
2024-03-13,251.92857360839844,252.57754822577078,251.20094904086503,252.28257340315227,2667400,VTI
2024-03-14,250.95510864257812,252.57753006555177,249.48017462030944,252.4005451847058,3664100,VTI
2024-03-15,249.4703826904297,250.39466220627895,248.47725070476187,249.36222024655913,3216100,VTI
2024-03-18,250.73880004882812,251.9285718351639,250.55197265994752,251.30910970821938,3455400,VTI
2024-03-19,252.18423461914062,252.26288456810389,249.9226659894041,250.17831583304869,2900200,VTI
2024-03-20,254.7407684326172,254.8686008439785,251.90889042205615,252.17436773269313,2480800,VTI
2024-03-21,255.79293823242188,256.70739024163777,255.6946032834752,256.29439545910714,3723200,VTI
2024-03-22,255.07354736328125,256.01096702937747,254.9156645714617,255.7544037285378,2463200,VTI
2024-03-25,254.50128173828125,255.0637034981257,254.3730000711539,254.67888860981108,2714400,VTI
2024-03-26,254.04734802246094,255.3991837945286,253.8697411574593,255.36958265036165,2591500,VTI
2024-03-27,256.2872619628906,256.4056665319896,254.5900595419889,255.69520900433153,4030200,VTI
2024-03-28,256.45501708984375,257.1259964564608,256.3168884499249,256.3563365681489,2669100,VTI
2024-04-01,256.2576904296875,256.9286698074855,255.25119124992264,256.86946751609554,3292300,VTI
2024-04-02,253.8894500732422,254.08681109796154,252.79417769132385,254.08681109796154,3213400,VTI
2024-04-03,254.2841796875,255.01436129716805,253.25795653194584,253.3270359039591,3241600,VTI
2024-04-04,251.23512268066406,256.54380006950214,251.0673778523852,256.20831041294446,3121300,VTI
2024-04-05,253.77105712890625,254.77755624279249,251.61996038102,251.7285029269751,4177700,VTI
2024-04-08,254.0670928955078,254.71834815641202,253.69212500773887,254.3828283840444,3223800,VTI
2024-04-09,254.43218994140625,255.0735681326663,252.01465278234997,254.92556241361643,2944100,VTI
2024-04-10,251.59034729003906,252.64617155569476,250.55426213812865,251.34366106608576,3348900,VTI
2024-04-11,253.29742431640625,254.01772881092467,250.51479651036658,252.36000462935112,3434200,VTI
2024-04-12,249.64645385742188,252.25145973019457,248.8175917743878,251.88636894382927,3571000,VTI
2024-04-15,246.57769775390625,251.82718817466665,245.95604361025482,251.61996510793844,4804300,VTI
2024-04-16,245.83761596679688,247.32759529806813,245.17649871160242,246.57767461826512,3466800,VTI
2024-04-17,244.39697265625,247.60389362128956,243.70625422893258,247.12039825043362,2861400,VTI
2024-04-18,243.89373779296875,246.22245638469244,243.38062622352933,245.02850347429575,2991700,VTI
2024-04-19,241.9794464111328,244.40684547796891,241.32820622332702,243.7950684610932,3467600,VTI
2024-04-22,244.35752868652344,245.58109789430122,242.12749042979328,243.32144343586432,3112000,VTI
2024-04-23,247.26841735839844,247.6236461483365,244.97917686721246,245.27520336824972,2399000,VTI
2024-04-24,247.32760620117188,248.17620742785948,245.99550960372446,247.88019599944838,2285900,VTI
2024-04-25,246.1533966064453,246.57768969876793,243.1635456196474,244.03188597523402,2473300,VTI
2024-04-26,248.442626953125,249.1925476484292,247.12039241540487,247.53482346200974,3238100,VTI
2024-04-29,249.4195098876953,249.7648615650359,248.01833395165346,249.39977077408003,2086000,VTI
2024-04-30,245.3146514892578,248.98534374120257,245.26531123269027,248.60051383042767,2502700,VTI
2024-05-01,244.702880859375,248.6399834978894,244.31805093854578,245.16665218146827,3509500,VTI
2024-05-02,247.2388153076172,247.59404409625304,244.3279206805771,246.814522201028,2580200,VTI
2024-05-03,250.16944885253906,251.02791215084352,248.85707624712813,250.23852822697117,2350200,VTI
2024-05-06,252.85337829589844,252.85337829589844,251.2449793056235,251.42260121538416,2811500,VTI
2024-05-07,253.08035278320312,253.7612092001255,252.74486311752722,253.18888027221632,1829900,VTI
2024-05-08,252.9027099609375,253.149396189972,251.9455812442936,252.0935869591013,2600100,VTI
2024-05-09,254.39271545410156,254.46179482836297,252.60670948747372,252.9027209299278,2418700,VTI
2024-05-10,254.6295166015625,255.5965374716164,254.03749373526975,255.24132375184075,1922500,VTI
2024-05-13,254.76768493652344,255.64587229662754,254.14603079044832,255.64587229662754,1948400,VTI
2024-05-14,256.010986328125,256.22807141910835,254.65912046746246,254.80715629868374,2466800,VTI
2024-05-15,259.15869140625,259.24749483245415,256.98784061104584,257.39240962801864,2508700,VTI
2024-05-16,258.4580993652344,259.79021107982527,258.38901999110703,259.1981580829997,2445000,VTI
2024-05-17,258.82318115234375,258.82318115234375,257.7772339434346,258.67517543656703,2208700,VTI
2024-05-20,259.089599609375,259.8691063507979,258.73435580853413,258.9514408776417,2366100,VTI
2024-05-21,259.6224365234375,259.6717918363406,258.65544579253725,258.72452516276286,2241900,VTI
2024-05-22,258.7442626953125,259.5830019277006,257.6687143104632,259.3757638062309,2356600,VTI
2024-05-23,256.5438232421875,260.42175398308257,255.99124845052563,260.3625215789845,6603000,VTI
2024-05-24,258.3988952636719,258.73438493313677,256.99773429785193,257.57991020484087,3122900,VTI
2024-05-28,258.3988952636719,258.99094825634296,257.0371824144482,258.99094825634296,3078100,VTI
2024-05-29,256.27740478515625,256.91878299297343,255.99124031222857,256.17872426555357,3179000,VTI
2024-05-30,255.02423095703125,256.17870562448246,254.33349748314126,255.843215972699,3031200,VTI
2024-05-31,256.9878234863281,257.1457062711917,252.85336027896562,255.56690853561793,3407400,VTI
2024-06-03,257.0667724609375,258.1916761097575,254.65911247759476,258.1916761097575,6203400,VTI
2024-06-04,257.0372009277344,257.43192302665597,255.5176352765456,256.39582268658916,2489800,VTI
2024-06-05,260.1849060058594,260.1849060058594,257.2444252727824,258.32982064742424,2384000,VTI
2024-06-06,259.9579772949219,260.46119675835644,259.11923803844155,260.15530822328566,2190200,VTI
2024-06-07,259.464599609375,260.7966812166271,258.7738660912642,259.40539732074456,1838900,VTI
2024-06-10,260.3328857421875,260.5006456197967,258.7245168994327,258.85276843752956,2142700,VTI
2024-06-11,260.7769470214844,260.84602639322355,258.4087652291193,259.5139147246853,3017300,VTI
2024-06-12,263.23394775390625,264.6548629356631,262.68137297356384,263.54971337497824,2762600,VTI
2024-06-13,263.3523864746094,264.2502979215992,261.9807964756996,263.92468532262205,2285200,VTI
2024-06-14,263.155029296875,263.155029296875,261.7242369862185,262.336014074725,2205600,VTI
2024-06-17,265.1581115722656,265.82909092986483,262.51364225956263,262.87873308316614,2452000,VTI
2024-06-18,265.8290710449219,265.96722978571654,265.0988894523351,265.2962203652442,2024300,VTI
2024-06-20,265.1581115722656,266.60862789378956,264.20096773951764,266.3619416494016,3168600,VTI
2024-06-21,264.7535400390625,265.2469125232191,263.914800793383,264.8620976443716,2679400,VTI
2024-06-24,264.3094787597656,266.2040422483366,264.23055241623,264.7831271601746,2226500,VTI
2024-06-25,265.1778259277344,265.1778259277344,263.94439475092815,264.81273511749026,2074800,VTI
2024-06-26,265.1679992675781,265.53309010578886,264.08257372622984,264.4279405048045,1857500,VTI
2024-06-27,265.809326171875,266.0165341537757,264.9311088220491,265.0593904675798,2655400,VTI
2024-06-28,264.9002990722656,267.7720018962441,264.3457646050089,266.7421392199693,2822800,VTI
2024-07-01,265.43499755859375,265.8707075092715,264.12789792642116,265.8707075092715,2881000,VTI
2024-07-02,266.96990966796875,266.9996157926636,264.6428291673331,264.8507720401969,4207800,VTI
2024-07-03,268.0690612792969,268.2572101386529,266.97978636193625,266.97978636193625,1948500,VTI
2024-07-05,269.46533203125,269.6039807685991,267.7621102601658,268.1780262523489,4237500,VTI
2024-07-08,269.8316955566406,270.25752362941876,269.25736708292345,269.99013829211543,2335000,VTI
2024-07-09,269.7624206542969,270.5149859266517,269.6534780446981,270.1585124113043,2702100,VTI
2024-07-10,272.3766174316406,272.5251480450429,270.1881858078863,270.54465928005175,1992600,VTI
2024-07-11,271.15863037109375,273.56494740426285,270.7724507414848,273.05991305337284,3598000,VTI
2024-07-12,272.95098876953125,274.65418017543567,271.66365288060075,271.6735649952412,2729500,VTI
2024-07-15,274.1194763183594,275.58501876587474,273.18864411635576,274.09965208861735,3386100,VTI
2024-07-16,276.3772277832031,276.4861401654921,274.69380015618026,274.8918611310754,3261100,VTI
2024-07-17,272.4756774902344,274.56507885856496,272.30732263019723,273.5451282426766,3346100,VTI
2024-07-18,270.0990905761719,273.852095349008,268.9999035031195,273.3074729799279,2904200,VTI
2024-07-19,268.4156799316406,270.6635241359865,267.86114541233184,269.9010467269031,2414200,VTI
2024-07-22,271.21807861328125,271.475521631878,269.24747152328536,270.11889151204645,2527300,VTI
2024-07-23,271.02001953125,272.45588614371167,270.8912829111152,271.1982562884226,2229500,VTI
2024-07-24,264.92010498046875,268.96028916906585,264.4744828757583,268.6929340381576,3050700,VTI
2024-07-25,263.900146484375,268.42557088323423,263.35552412366553,265.08845191483874,3237800,VTI
2024-07-26,267.0590515136719,268.34635732340433,265.6330969632696,266.0193068381083,2757900,VTI
2024-07-29,267.0788269042969,268.43545698977886,266.14799468713085,268.0888956019969,2814400,VTI
2024-07-30,265.9697570800781,268.50478049147955,264.2665353924306,267.86112763356,2174100,VTI
2024-07-31,269.91094970703125,271.6141714500788,268.4552890881484,269.2870908389581,2541500,VTI
2024-08-01,265.6825866699219,271.8320267595185,264.00907105106256,270.58430902194283,3767300,VTI
2024-08-02,260.3352966308594,262.18704917872344,258.14686454882604,261.9196940186126,4744200,VTI
2024-08-05,252.69056701660156,255.8098309348069,248.55135254178018,248.75931052096163,8463400,VTI
2024-08-06,255.25531005859375,258.8102841339074,253.03717208220857,254.06703480832888,5255200,VTI
2024-08-07,253.30453491210938,259.7906391220562,253.0668708030516,258.52312742694386,3398500,VTI
2024-08-08,259.2361145019531,259.61241224478766,254.98795716185018,256.15643841180514,2922800,VTI
2024-08-09,260.3550720214844,261.06804920122744,258.25572850011906,259.18656065755755,2667400,VTI
2024-08-12,260.1867370605469,261.4146305451101,259.2064046959271,261.05815703792587,2548500,VTI
2024-08-13,264.51409912109375,264.60321749739086,261.7216024509985,261.8305450574926,2316200,VTI
2024-08-14,265.2666931152344,265.85093372539416,263.53376529497865,265.0389260082787,2335300,VTI
2024-08-15,269.8614196777344,270.1089808021994,267.9403429342963,268.2968466678552,3031600,VTI
2024-08-16,270.505126953125,270.87151261490015,269.0791723311751,269.24749698773127,2571900,VTI
2024-08-19,273.0599060058594,273.0995242452639,270.3565277889175,270.9506805005364,2660000,VTI
2024-08-20,272.39642333984375,273.6144348626721,271.7527705070756,272.99057603926883,2041900,VTI
2024-08-21,273.7629699707031,274.1986799427672,272.26772141280605,273.07969888814176,1983700,VTI
2024-08-22,271.44580078125,274.881950193346,270.94076644700834,274.46606445209216,2554300,VTI
2024-08-23,274.8819580078125,275.1196070095707,272.64399584171343,273.0499996996256,2281800,VTI
2024-08-26,274.1888122558594,275.8127975105451,273.56495338990106,275.4167057571972,2263800,VTI
2024-08-27,274.43634033203125,274.67398931145004,272.9212374286565,273.4064777214499,1787900,VTI
2024-08-28,272.7628479003906,274.3769209813959,271.2477750892431,274.09965374209645,1856400,VTI
2024-08-29,273.03021240234375,275.5949420089185,272.55488416727775,273.7828078862323,3018000,VTI
2024-08-30,275.66424560546875,275.8127762240281,272.396420897857,274.02043624706914,2029300,VTI
2024-09-03,269.73272705078125,274.29773991348105,268.51471537706806,274.09967891585006,3818900,VTI
2024-09-04,269.128662109375,270.8715021846182,268.33647855873653,268.3661846863888,2946700,VTI
2024-09-05,268.2968444824219,270.3565397244538,267.1976573844213,269.14844023811037,3997800,VTI
2024-09-06,263.8407287597656,269.3861036204179,263.41493090696594,268.53447769495676,3599900,VTI
2024-09-09,266.6629638671875,267.415529177192,264.96962392497994,265.7717498143688,2969800,VTI
2024-09-10,267.7026672363281,267.8511978522265,265.0587316137542,267.49472437407036,1874700,VTI
2024-09-11,270.3664855957031,270.69325302139305,263.32586089975985,267.5839006495572,2640200,VTI
2024-09-12,272.6142883300781,272.86184944560483,269.495024318414,270.7625360211163,2422000,VTI
2024-09-13,274.51556396484375,274.9908921736344,273.069815548749,273.3074645432133,2474700,VTI
2024-09-16,275.0601806640625,275.1691232641943,273.55502003028573,274.41652783737527,2065700,VTI
2024-09-17,275.33746337890625,277.0505971947865,274.2680126457801,276.25841370505333,2133600,VTI
2024-09-18,274.644287109375,278.3180853280111,274.3868138980894,275.6543255061824,3389900,VTI
2024-09-19,279.2984313964844,280.2391756996754,277.8625950946046,279.3479617502566,2660200,VTI
2024-09-20,278.7142028808594,279.26873737207353,277.3476606632733,278.93205787525517,2293600,VTI
2024-09-23,279.40740966796875,279.80350144940184,278.7142263855614,279.4470279120718,1920800,VTI
2024-09-24,280.1104736328125,280.13029786471105,278.3973698860672,280.00156123683325,1952100,VTI
2024-09-25,279.1895446777344,280.387732095206,278.7538346677693,280.18970132149946,1744200,VTI
2024-09-26,280.437255859375,281.57603099597117,279.33806874467035,281.4967945124599,2616800,VTI
2024-09-27,280.1600646972656,281.54076532017166,279.57402172847134,281.2824977934491,2644100,VTI
2024-09-30,281.26263427734375,281.4911040297477,278.4913207342862,279.7329448630463,2828300,VTI
2024-10-01,278.699951171875,281.1534020684062,277.28948290377025,281.10374922028336,4874900,VTI
2024-10-02,278.7595520019531,279.2859994597879,277.0013927024532,278.36220800026615,3637500,VTI
2024-10-03,278.16357421875,279.0674803160243,277.03119834532106,277.95495951800746,2369200,VTI
2024-10-04,280.85540771484375,280.99448418229895,278.47149519738923,280.56734239875243,2335400,VTI
2024-10-07,278.292724609375,280.2395830742459,277.66694109596443,280.150189759915,11465600,VTI
2024-10-08,280.63690185546875,280.98456273730613,278.9979637703434,279.39527750111705,2164600,VTI
2024-10-09,282.59368896484375,282.83207112880706,280.36870793293775,280.6567429433624,2123800,VTI
2024-10-10,282.0076599121094,282.70295136249075,281.13355151680065,281.87852612919863,2547200,VTI
2024-10-11,284.19287109375,284.4710240207493,282.04737110822714,282.0672261831165,1799500,VTI
2024-10-14,286.407958984375,286.7953603190899,284.6895400279076,284.9378648897217,1997000,VTI
2024-10-15,284.4411926269531,286.7555971309996,283.99422609896146,286.38808121473164,3260800,VTI
2024-10-16,285.8914489746094,286.1794839836375,284.31210651982366,284.79881353992,2215300,VTI
2024-10-17,285.83184814453125,287.7588514264803,285.8020503747317,287.53038164928904,2810600,VTI
2024-10-18,286.95428466796875,287.32180060413697,285.9808403213693,286.7655553526781,1822100,VTI
2024-10-21,286.0503845214844,286.8648670268322,284.71936690537217,286.57683201377574,2320100,VTI
2024-10-22,285.7225646972656,286.31855039644205,284.5504786871768,284.97759015156805,2029000,VTI
2024-10-23,283.1399841308594,284.98753679258454,281.44145063081106,284.8484603251774,2637300,VTI
2024-10-24,283.8948974609375,284.2624133867352,282.56387991014134,284.20281784812437,2235600,VTI
2024-10-25,283.626708984375,286.3185417741,283.1399716829413,285.10671533706847,2813700,VTI
2024-10-28,284.7789306640625,285.553702930647,284.6398542072728,285.13650387336764,1874300,VTI
2024-10-29,285.1563720703125,285.72255999085854,283.5373195473292,284.3518019992593,2503400,VTI
2024-10-30,284.4511413574219,286.1695602141898,284.1134232025197,285.0570697479021,2204100,VTI
2024-10-31,279.14691162109375,282.87178413693215,279.0773733923231,282.87178413693215,3027400,VTI
2024-11-01,280.3388977050781,282.5837337131967,280.0706874694447,280.6269327027034,2449400,VTI
2024-11-04,279.8323059082031,281.17326614993254,278.98799536244076,280.2793027598102,2383900,VTI
2024-11-05,283.3883056640625,283.3883056640625,280.12037247537444,280.21967816453963,2060300,VTI
2024-11-06,291.3148498535156,291.6426253211689,288.2654133886137,290.3414055186641,5676800,VTI
2024-11-07,293.3511047363281,293.9172926815758,292.039972538245,292.04988491955436,4109000,VTI
2024-11-08,294.72186279296875,295.3774440485683,293.5299216753181,293.6292273669695,4142400,VTI
2024-11-11,295.54632568359375,296.1224260245771,294.77155332815073,295.9336967047685,3200900,VTI
2024-11-12,294.3841552734375,295.78471114562825,293.11273318077474,295.42713789132955,3474800,VTI
2024-11-13,294.2450866699219,295.55621881544306,293.6391582844499,294.81124427938016,2829100,VTI
2024-11-14,292.06976318359375,294.62251959595176,291.75190010140943,294.51327121256514,3280800,VTI
2024-11-15,288.36474609375,290.64932258617443,287.41118715839195,290.55001689674975,4025800,VTI
2024-11-18,289.5368347167969,290.28180927274303,288.1859620722988,288.6925544705317,2992100,VTI
2024-11-19,290.86785888671875,291.1261264388306,287.5105322747288,287.9574988305845,2342200,VTI
2024-11-20,291.0367126464844,291.1956441817462,288.19589102554295,290.9572620353989,2670800,VTI
2024-11-21,293.0729675292969,293.7881442895286,289.9937637271379,292.556462768665,2560700,VTI
2024-11-22,294.5232238769531,294.8212015809056,293.1524658125858,293.1524658125858,2639800,VTI
2024-11-25,295.9634704589844,297.46336220109,294.9105755565936,296.6687348339203,3384600,VTI
2024-11-26,297.0461730957031,297.3839215668272,295.8740870802225,296.43033231852155,3292800,VTI
2024-11-27,296.2018737792969,297.46335302185156,295.40721612355804,297.12563488557134,2730500,VTI
2024-11-29,297.8507385253906,298.36727360508405,296.7084502972165,296.93692006808794,1811900,VTI
2024-12-02,298.41693115234375,298.7347942351508,297.7911476809085,298.2877973803851,3583700,VTI
2024-12-03,298.41693115234375,298.5560076184813,297.63224645259703,298.3672783076329,2101200,VTI
2024-12-04,300.42340087890625,300.5723897189598,299.1519789219648,299.4598992957724,3258100,VTI
2024-12-05,299.5890197753906,300.72139565033683,299.49962646627785,300.57240680181553,2183400,VTI
2024-12-06,300.42340087890625,300.9200505544785,299.99625911996526,300.28432441946256,2332900,VTI
2024-12-09,298.5063171386719,300.62204965664034,298.3175878324527,300.5028585817843,2953900,VTI
2024-12-10,297.3839111328125,298.98310855853964,297.06604806119645,298.98310855853964,2557100,VTI
2024-12-11,299.7777404785156,300.2644777871628,298.8440366371412,298.9831131004951,2235300,VTI
2024-12-12,298.06927490234375,299.52942625387357,298.02956475119873,299.4599183328235,2120000,VTI
2024-12-13,297.9202575683594,299.2512750186768,297.0958324710836,298.9830951151727,2279200,VTI
2024-12-16,299.1321105957031,299.7280963030003,298.41693380956497,298.556010276941,2545400,VTI
2024-12-17,297.652099609375,298.1686043807884,296.9965183727204,297.95007730190355,3059900,VTI
2024-12-18,288.4442138671875,298.5162535507573,288.00715972651835,297.75142396113165,3890900,VTI
2024-12-19,288.0369567871094,291.73203158626916,287.9276780956652,291.0267672214591,4826200,VTI
2024-12-20,291.3148498535156,293.7285601455123,286.1794785642703,286.6761282694429,3837000,VTI
2024-12-23,292.97003173828125,293.15936854538717,289.5221616484567,291.50518036316316,3704500,VTI
2024-12-24,296.0791015625,296.1289446450652,293.219160832323,293.53804708234037,2642200,VTI
2024-12-26,296.2485046386719,296.73677827737106,294.50463545970035,295.40147638389556,4307800,VTI
2024-12-27,293.039794921875,294.89326420607387,290.96706473429833,294.2953600977088,3636800,VTI
2024-12-30,289.8011779785156,291.4952041243722,287.7683161928218,289.86096534774197,4968500,VTI
2024-12-31,288.7947082519531,291.1165626094704,288.0573104201119,290.7877016661542,3893200,VTI
2025-01-02,288.24664306640625,291.5250952897622,286.34333073403906,290.4289732563073,3796400,VTI
2025-01-03,292.0333251953125,292.3223177579759,289.17338448573474,289.6417391587411,2726800,VTI
2025-01-06,293.6675720214844,295.8598463834534,292.90025014573075,294.1658203415679,3678600,VTI
2025-01-07,290.38909912109375,294.8334657675786,289.3826277499756,294.803572083816,3317000,VTI
2025-01-08,290.65814208984375,291.2261524916377,288.49576134083634,290.39907363428733,2971300,VTI
2025-01-10,286.2934875488281,289.03385345279963,285.2172845017795,289.03385345279963,4403700,VTI
2025-01-13,286.7618408203125,286.871471269486,283.6328570350401,284.00155594371665,3633300,VTI
2025-01-14,287.4095764160156,288.73490357632943,285.51620845747544,288.3960983655023,3803700,VTI
2025-01-15,292.6810302734375,293.2689596631593,291.14644728765455,291.6845335971635,2815300,VTI
2025-01-16,292.4617919921875,293.62770645304136,291.90375630120263,293.1992201922252,3130300,VTI
2025-01-17,295.1623229980469,296.07908289571503,294.4049758046704,295.1423736020119,2603200,VTI
2025-01-21,298.092041015625,298.1717473718894,295.86984240009355,296.7068959888678,3893500,VTI
2025-01-22,299.5469055175781,300.23449065372625,299.21804458602986,299.5369308194509,3515700,VTI
2025-01-23,301.1213684082031,301.1213684082031,298.96893186618837,299.1881623587269,2647800,VTI
2025-01-24,300.24444580078125,301.6096718349944,299.7461974470391,301.20110453564587,2359000,VTI
2025-01-27,296.0591735839844,296.53747253381704,293.4084887312211,293.9665244464696,5321300,VTI
2025-01-28,298.6002197265625,299.0585996776935,295.1623244770829,296.85635056198646,2717300,VTI
2025-01-29,297.32470703125,298.55040888512303,295.92961777318214,298.2713910335095,2620200,VTI
2025-01-30,299.1881408691406,300.0550880785159,297.235015973598,298.45074308841475,2891200,VTI
2025-01-31,297.5539245605469,301.5399114122336,297.18522564247246,300.16474108269506,3338500,VTI
2025-02-03,295.3815612792969,296.6570758219628,291.6745923880075,292.2924154681115,5037700,VTI
2025-02-04,297.5240173339844,297.6934047374984,295.1922187811578,295.5808366679631,2601900,VTI
2025-02-05,298.8992004394531,298.91911942582067,296.0492040342513,297.19516916904246,2226200,VTI
2025-02-06,299.6365966796875,299.80598408957604,297.85285906262965,299.6764650628767,2899800,VTI
2025-02-07,296.9560241699219,300.60320583417473,296.6271936312324,299.88572697545834,3632000,VTI
2025-02-10,298.85931396484375,299.1782001914182,297.86281731479687,298.51053405519446,2623900,VTI
2025-02-11,298.69989013671875,299.0187763838817,297.63363135376756,297.6834744358866,2719900,VTI
2025-02-12,297.7133483886719,298.2813283661193,295.20215737203665,295.83992982409137,3283500,VTI
2025-02-13,300.8224182128906,300.9120992634957,297.7332724680563,298.47067026903034,3066800,VTI
2025-02-14,300.7825622558594,301.49006640252355,300.4437570249122,300.94200537818733,2377000,VTI
2025-02-18,301.62957763671875,301.6395523347707,300.16472632432044,301.31069140570276,2851500,VTI
2025-02-19,302.0580749511719,302.32714852309863,300.62311726978237,300.79253508953866,2566600,VTI
2025-02-20,300.43377685546875,301.65947873004507,298.82943178425796,301.4701419263951,2863900,VTI
2025-02-21,294.88330078125,300.73273122590217,294.6042829368758,300.6828881472178,3595000,VTI
2025-02-24,293.37860107421875,296.29832914624774,292.86043373103263,295.9196555294067,4465400,VTI
2025-02-25,291.9237060546875,293.7970942134809,289.52214547666256,293.3686079521397,3509200,VTI
2025-02-26,292.0233459472656,294.6640865323947,290.8474871391146,292.87037422491085,2807300,VTI
2025-02-27,287.499267578125,293.7572655273334,287.38963712951215,293.30882985597555,2747300,VTI
2025-02-28,291.93365478515625,292.1827789516808,286.34332308546425,287.6188376016434,3485800,VTI
2025-03-03,286.7020568847656,293.6875084793474,284.76885085497264,292.88034858564333,7835600,VTI
2025-03-04,283.1246337890625,287.4394814728968,280.51381733534237,284.20086724078357,6449600,VTI
2025-03-05,286.34332275390625,287.1305636341985,281.3309457456625,283.0847591967126,3662300,VTI
2025-03-06,281.02203369140625,284.81868354495276,279.6667824160486,282.5366976714744,4836300,VTI
2025-03-07,282.34735107421875,283.05485516547867,277.1356627592453,280.2347830874727,3868700,VTI
2025-03-10,274.6544189453125,279.2980972733507,272.1831265619328,278.45106898586454,6442900,VTI
2025-03-11,272.7311706542969,276.02957213394683,270.62854690861195,274.03657883334074,5282400,VTI
2025-03-12,274.0764465332031,276.3185639908129,271.5254175476203,275.8302599541262,3996100,VTI
2025-03-13,270.2299499511719,274.03657439219734,269.2534027125264,273.96681232924726,3932500,VTI
2025-03-14,276.01959228515625,276.4082405686407,272.402304646353,272.6414845172141,3610100,VTI
2025-03-17,278.3016052246094,279.6169882052883,275.71070764739335,275.7605507302373,3981100,VTI
2025-03-18,275.3021240234375,277.52432254497637,274.36541472095314,277.22538570829624,3120900,VTI
2025-03-19,278.43115234375,280.3942520996996,275.660892676992,276.02959159789623,2867800,VTI
2025-03-20,277.76348876953125,280.2148926208414,276.28869307206025,276.7271540660832,2256400,VTI
2025-03-21,277.87310791015625,278.0923383982421,274.71420002419234,275.44165355526474,3382500,VTI
2025-03-24,283.0150451660156,283.53321251621435,280.9124212585039,281.2612011950864,3251600,VTI
2025-03-25,283.4933166503906,284.09122071076195,282.66623782785274,283.52321033287603,2517200,VTI
2025-03-26,280.1750183105469,283.9218556672494,279.32799002588814,283.15453373860583,2327500,VTI
2025-03-27,278.989990234375,281.0799865722656,278.04998779296875,279.4599914550781,2345300,VTI
2025-03-28,273.42999267578125,278.75,273.04998779296875,278.30999755859375,3912900,VTI
2025-03-31,274.8399963378906,275.5799865722656,268.7300109863281,270.2699890136719,6064000,VTI
2025-04-01,275.7699890136719,276.7900085449219,272.05999755859375,273.8999938964844,3269900,VTI
2025-04-02,277.95001220703125,279.25,272.6099853515625,272.8500061035156,2594700,VTI
2025-04-03,263.9599914550781,269.3699951171875,263.70001220703125,268.010009765625,8137500,VTI
2025-04-04,248.47000122070312,257.7300109863281,248.17999267578125,256.9700012207031,16633700,VTI
2025-04-07,247.66000366210938,257.0299987792969,236.4199981689453,240.0,16346700,VTI
2025-04-08,243.75,257.7099914550781,240.0500030517578,256.5,11064300,VTI
2025-04-09,268.4800109863281,268.4800109863281,241.6199951171875,241.85000610351562,12138000,VTI
2025-04-10,257.42999267578125,261.6600036621094,249.88999938964844,261.1099853515625,7255700,VTI
2025-04-11,261.739990234375,262.75,254.6699981689453,256.7099914550781,5007900,VTI
2025-04-14,264.1499938964844,266.7300109863281,261.4599914550781,266.42999267578125,4039900,VTI
2025-04-15,263.69000244140625,266.3999938964844,263.1499938964844,264.25,4680400,VTI
2025-04-16,258.2099914550781,262.5899963378906,255.4499969482422,260.7699890136719,4295500,VTI
2025-04-17,258.75,260.95001220703125,257.3299865722656,259.1300048828125,3398200,VTI
2025-04-21,252.60000610351562,256.5,249.94000244140625,256.2300109863281,5523200,VTI
2025-04-22,259.0299987792969,260.2099914550781,255.27000427246094,255.6199951171875,3802300,VTI
2025-04-23,263.44000244140625,268.3800048828125,262.57000732421875,265.92999267578125,6842700,VTI
