DATE,CLOSE,HIGH,LOW,OPEN,VOLUME,SEC_ID
2005-03-10,14.72880744934082,14.8286439085802,14.667144050434425,14.769916381945082,108200,VWO
2005-03-11,14.711188316345215,14.86681642424679,14.7082524441815,14.793407298675938,184400,VWO
2005-03-14,14.623096466064453,14.714124178026212,14.564368946093456,14.670078258014396,112800,VWO
2005-03-15,14.305970191955566,14.493897366868888,14.300097327722735,14.461597173655477,127800,VWO
2005-03-16,14.182640075683594,14.320649563336952,14.167958477453993,14.279540640240414,196400,VWO
2005-03-17,14.297163963317871,14.364700238930684,14.16502840502106,14.167964277815267,243800,VWO
2005-03-18,14.317720413208008,14.358830478954047,14.241375388520593,14.358830478954047,75400,VWO
2005-03-21,14.13859748840332,14.185579282153627,14.071060109761332,14.185579282153627,81000,VWO
2005-03-22,13.912496566772461,14.232560370883805,13.874323511199291,14.185578579460774,68000,VWO
2005-03-23,13.786232948303223,13.886069396223695,13.768614356269866,13.82440600430836,54000,VWO
2005-03-24,13.742189407348633,13.830280142497223,13.73925353490195,13.745126399929786,113600,VWO
2005-03-28,13.789170265197754,13.844961919082609,13.72750686682076,13.800915994450817,66000,VWO
2005-03-29,13.48965835571289,13.686395363269824,13.454422294707987,13.65409517395942,51400,VWO
2005-03-30,13.783296585083008,13.783296585083006,13.563069215222578,13.621796737878892,177000,VWO
2005-03-31,13.859644889831543,13.980035826233365,13.80091735789869,13.953608492870305,180800,VWO
2005-04-01,13.874323844909668,14.129787271908498,13.830277924332428,14.129787271908498,142200,VWO
2005-04-04,13.95067310333252,13.965355828103867,13.853773616622497,13.962418835095743,43800,VWO
2005-04-05,13.91836929321289,14.038760202553412,13.880196238016847,13.962414092161325,70200,VWO
2005-04-06,14.047572135925293,14.118045398472368,14.021144802486951,14.044636263380813,96000,VWO
2005-04-07,14.106297492980957,14.141533558754205,13.971224974071555,14.035824241300123,48600,VWO
2005-04-08,13.991775512695312,14.109229405690591,13.991775512695312,14.094547809082934,62200,VWO
2005-04-11,14.044636726379395,14.094554402222686,14.021145264711109,14.094554402222686,89000,VWO
2005-04-12,14.065189361572266,14.065189361572266,13.856706586917342,14.012334699843906,252000,VWO
2005-04-13,13.95067310333252,14.09455551709544,13.924245766932579,14.076936919450603,58800,VWO
2005-04-14,13.595372200012207,13.809726749603588,13.595372200012205,13.809726749603588,97400,VWO
2005-04-15,13.36633586883545,13.551327208674444,13.292926731453973,13.551327208674444,224600,VWO
2005-04-18,13.331099510192871,13.366335581741478,13.257690374388142,13.331099510192873,86200,VWO
2005-04-19,13.598302841186523,13.604175703928213,13.507275148891395,13.507275148891395,107200,VWO
2005-04-20,13.383956909179688,13.574820029145455,13.375147049393599,13.56013842301497,60800,VWO
2005-04-21,13.686402320861816,13.686402320861816,13.49847507312243,13.580692963974723,154200,VWO
2005-04-22,13.589499473571777,13.683463082021616,13.536644803801922,13.671718471066312,35600,VWO
2005-04-25,13.715766906738281,13.715766906738283,13.563075722626172,13.610057539265677,67800,VWO
2005-04-26,13.630599975585938,13.742182111606771,13.624728233809888,13.66583714704549,123800,VWO
2005-04-27,13.56600570678711,13.624733227276131,13.507278186298086,13.612987499151469,77200,VWO
2005-04-28,13.287053108215332,13.53077196808582,13.287053108215332,13.53077196808582,62400,VWO
2005-04-29,13.53664493560791,13.53664493560791,13.33697198567415,13.50434585499812,40800,VWO
2005-05-02,13.598302841186523,13.604175703928213,13.510211020195223,13.566002656174252,61200,VWO
2005-05-03,13.504343032836914,13.589496765935628,13.504343032836914,13.50727890495714,117600,VWO
2005-05-04,13.974164962768555,13.985910694864552,13.668782649080557,13.668782649080557,622200,VWO
2005-05-05,13.98297119140625,14.09748925844612,13.886071719347308,14.018208381368106,222000,VWO
2005-05-06,14.050503730773926,14.150340168908475,13.99471320833827,14.012331798644661,251000,VWO
2005-05-09,14.09748649597168,14.12391382319727,13.889004870155496,13.988841315215032,248400,VWO
2005-05-10,13.806787490844727,13.977096067599241,13.800914626800187,13.92717840342208,148000,VWO
2005-05-11,13.88607406616211,13.889009939087876,13.74512864289761,13.844965124393461,41200,VWO
2005-05-12,13.639415740966797,13.906624912962615,13.598306809911188,13.859643117451295,106000,VWO
2005-05-13,13.60711669921875,13.698144425791888,13.510216107692399,13.680525830932245,83800,VWO
2005-05-16,13.698144912719727,13.730443990908855,13.560135381749506,13.592435580073131,42600,VWO
2005-05-17,13.715766906738281,13.748067115703229,13.59537593159112,13.659976349521013,139200,VWO
2005-05-18,14.050503730773926,14.11216823677921,13.777421741762781,13.777421741762781,518800,VWO
2005-05-19,13.991775512695312,14.038757293920229,13.93892086880053,14.009392980570894,54400,VWO
2005-05-20,13.859644889831543,13.921308294300513,13.815598960848277,13.897817953608074,70800,VWO
2005-05-23,13.874323844909668,13.909559909290884,13.77742326769346,13.836150788418347,56000,VWO
2005-05-24,13.871392250061035,13.877263995823165,13.771555770085271,13.859646518267501,49200,VWO
2005-05-25,13.818532943725586,13.87432347083617,13.730441104946202,13.87432347083617,64200,VWO
2005-05-26,13.874323844909668,13.93598723761037,13.830277924332428,13.880196708995586,45600,VWO
2005-05-27,14.053444862365723,14.062253600046676,13.965354125152686,13.994717330845534,69000,VWO
2005-05-31,13.93011474609375,14.024078333712968,13.889005816527133,14.021142461658632,130200,VWO
2005-06-01,14.006458282470703,14.02701274346985,13.771549356670375,13.800912552345123,194800,VWO
2005-06-02,14.129788398742676,14.129788398742678,14.015270340270323,14.047570535251628,271400,VWO
2005-06-03,14.094552040100098,14.241370290517807,14.059315973637467,14.129788106562728,46000,VWO
2005-06-06,14.217881202697754,14.229626933521255,14.118045851101611,14.182645130361788,91800,VWO
2005-06-07,14.144468307495117,14.256050480405296,14.135659571784977,14.19145121830719,228200,VWO
2005-06-08,14.082806587219238,14.214943239211568,14.079870715012465,14.194388773361025,52000,VWO
2005-06-09,14.182640075683594,14.2002586656396,14.065186169712648,14.118040819446524,81600,VWO
2005-06-10,14.191452026367188,14.285415613073118,14.123914648296386,14.279542748887208,69600,VWO
2005-06-13,14.182640075683594,14.232558853825207,14.123912562631048,14.173831340772661,112600,VWO
2005-06-14,14.23549747467041,14.238434466964026,14.167961213663887,14.18851567918177,45800,VWO
2005-06-15,14.4381103515625,14.4381103515625,14.291292059013921,14.37938393065081,59200,VWO
2005-06-16,14.655404090881348,14.678895558837697,14.464539834207969,14.464539834207969,88600,VWO
2005-06-17,14.702384948730469,14.708257815336912,14.593739716848209,14.646594396171421,61400,VWO
2005-06-20,14.652458190917969,14.708248708935118,14.561430495078762,14.65245819091797,333000,VWO
2005-06-21,14.567306518554688,14.608415448131959,14.549687925821146,14.608415448131959,120600,VWO
2005-06-22,14.68476676940918,14.705322363187724,14.617230481703347,14.705322363187724,63800,VWO
2005-06-23,14.467473983764648,14.699447143625683,14.391127848049425,14.687701411956477,129400,VWO
2005-06-24,14.388189315795898,14.517388979873022,14.388189315795898,14.496834513318353,49000,VWO
2005-06-27,14.446920394897461,14.508583809721289,14.388192853102757,14.441047528704521,124400,VWO
2005-06-28,14.564374923706055,14.590802262532783,14.470411301240963,14.499775633345514,35600,VWO
2005-06-29,14.517390251159668,14.517390251159668,14.426363639913346,14.485091172412773,136400,VWO
2005-06-30,14.4116792678833,14.535006054316064,14.388187811343174,14.532070182315698,87600,VWO
2005-07-01,14.543811798095703,14.561430386875813,14.43516663428686,14.549684661022406,23200,VWO
2005-07-05,14.567306518554688,14.567306518554686,14.276605899190045,14.35882487847891,233400,VWO
2005-07-06,14.45572566986084,14.50858033279619,14.417552608822104,14.432235330853143,174200,VWO
2005-07-07,14.446920394897461,14.4527932610904,14.244310431712464,14.323592445115112,71600,VWO
2005-07-08,14.535004615783691,14.55262320644507,14.417549584976207,14.446913902745173,35400,VWO
2005-07-11,14.769911766052246,14.82276641149228,14.623093555415277,14.623093555415277,96200,VWO
2005-07-12,14.949033737182617,14.9754610662225,14.843324421023086,14.843324421023086,57200,VWO
2005-07-13,14.946101188659668,14.96078279247225,14.902055257087357,14.937291330264465,42200,VWO
2005-07-14,15.037131309509277,15.148713540736756,14.96959502012115,15.14577766734372,66600,VWO
2005-07-15,14.963717460632324,15.001890523579837,14.90205405750252,14.960781588159968,57800,VWO
2005-07-18,14.922606468200684,15.00776131990906,14.922606468200684,14.954906661616572,51800,VWO
2005-07-19,15.075298309326172,15.078234181536098,14.946098649536193,14.993080445835675,28200,VWO
2005-07-20,15.204498291015625,15.225052757323416,15.02831683119617,15.054744162182528,199200,VWO
2005-07-21,15.313143730163574,15.351315668186013,15.081170629253352,15.189815819247197,184000,VWO
2005-07-22,15.336636543273926,15.360128004434861,15.198627009289726,15.360128004434861,51000,VWO
2005-07-25,15.07823371887207,15.310206821041636,15.078233718872072,15.272033762677623,138800,VWO
2005-07-26,15.163383483886719,15.172192217424739,15.06354706329792,15.095847246449292,106200,VWO
2005-07-27,15.2691011428833,15.280846874133204,15.122282862663269,15.207437734023188,105400,VWO
2005-07-28,15.54511547088623,15.55686119938914,15.357188295376968,15.386552616634242,74000,VWO
2005-07-29,15.41591739654541,15.492262399364389,15.401235794480352,15.445280600675533,202800,VWO
2005-08-01,15.595036506652832,15.650827044888356,15.518690380504763,15.609718109332235,273000,VWO
2005-08-02,15.909228324890137,15.915101190290143,15.794710249926375,15.794710249926375,111000,VWO
2005-08-03,15.938591957092285,15.982637888700468,15.882801414505217,15.932719091535557,111800,VWO
2005-08-04,15.81232738494873,15.918036719599797,15.785900051285966,15.900419243914298,72600,VWO
2005-08-05,15.562740325927734,15.756540443671634,15.504012779916147,15.756540443671634,102000,VWO
2005-08-08,15.562740325927734,15.827013722912493,15.545121726083828,15.689004157805478,87000,VWO
2005-08-09,16.02668571472168,16.02668571472168,15.85050308759809,15.876930425659895,66400,VWO
2005-08-10,15.959142684936523,16.202861507796612,15.932715356194278,16.035488799140484,124800,VWO
2005-08-11,16.06778907775879,16.13826120802443,15.959142770053258,16.10008927085317,270800,VWO
2005-08-12,15.91804027557373,16.026686627199528,15.747731625139263,15.953277475085498,625000,VWO
2005-08-15,15.988510131835938,16.000255862492143,15.818200397724548,15.909228130108346,77000,VWO
2005-08-16,15.724236488342285,16.138263964814975,15.677254686761502,15.962082488920663,241800,VWO
2005-08-17,15.782965660095215,15.838756205226623,15.753602451107026,15.82113872788756,73400,VWO
2005-08-18,15.515751838684082,15.61852415989338,15.489324510353937,15.61852415989338,58800,VWO
2005-08-19,15.474639892578125,15.597966653980025,15.407103648934124,15.565666467860268,107000,VWO
2005-08-22,15.683127403259277,15.774155133017715,15.606782396464892,15.721300466723719,98000,VWO
2005-08-23,15.492262840270996,15.606782027960309,15.415917835279254,15.606782027960309,104400,VWO
2005-08-24,15.295526504516602,15.462899232760241,15.260290435448058,15.389490102122348,65200,VWO
2005-08-25,15.527491569519043,15.53630030218204,15.365991789938876,15.445272624173578,76600,VWO
2005-08-26,15.357190132141113,15.474645190949527,15.357190132141115,15.474645190949527,60000,VWO
2005-08-29,15.504011154174805,15.530438491102126,15.280847846893272,15.360129857675235,120400,VWO
2005-08-30,15.342510223388672,15.38361916246904,15.257355352359573,15.307274149910437,493400,VWO
2005-08-31,15.636143684387207,15.644952420977669,15.38361611420659,15.451152375046977,70200,VWO
2005-09-01,15.794706344604492,15.832878280064511,15.700742761706454,15.741851689207563,105000,VWO
2005-09-02,15.935652732849121,15.991443263702514,15.903352539147663,15.944461469264304,100800,VWO
2005-09-06,16.117713928222656,16.144141268886493,16.00319582539097,16.06192337354781,329000,VWO
2005-09-07,16.150009155273438,16.158817892733286,16.061918420271567,16.09421861780363,137200,VWO
2005-09-08,16.15587615966797,16.20285794263506,16.085402925150305,16.194049208370625,71400,VWO
2005-09-09,16.355552673339844,16.370234273773764,16.202861564531577,16.202861564531577,97800,VWO
2005-09-12,16.31444549560547,16.35555442928767,16.273335441788838,16.34968156445672,100400,VWO
2005-09-13,16.2058048248291,16.290959714356195,16.182314477452387,16.290959714356195,128000,VWO
2005-09-14,16.279211044311523,16.326192850725647,16.238102103715992,16.296829641767303,83200,VWO
2005-09-15,16.335002899169922,16.340875765056698,16.267466621673936,16.337938772045995,96600,VWO
2005-09-16,16.461265563964844,16.461265563964844,16.335001756567635,16.41428376029155,123000,VWO
2005-09-19,16.490631103515625,16.508249702435407,16.370240144567244,16.42015782797122,83200,VWO
2005-09-20,16.50236701965332,16.65212110091835,16.473002705587792,16.599266455734448,316600,VWO
2005-09-21,16.56110191345215,16.6110195894244,16.49356452104861,16.52586472085868,102200,VWO
2005-09-22,16.54347801208496,17.119005198273488,16.414278374410248,16.53173228498703,83800,VWO
2005-09-23,16.41133689880371,16.426018493597855,16.2645187105945,16.329119071849394,96000,VWO
2005-09-26,16.63157081604004,16.63157081604004,16.452452375746695,16.54641596407528,238200,VWO
2005-09-27,16.496503829956055,16.602213182309047,16.44364915377956,16.590467449795447,104000,VWO
2005-09-28,16.596332550048828,16.62569574745806,16.51998644457014,16.62569574745806,72600,VWO
2005-09-29,16.898780822753906,16.93988975468009,16.713789508951695,16.769581162395273,306600,VWO
2005-09-30,16.922273635864258,16.931082373372412,16.81656430522852,16.884100573104803,544200,VWO
2005-10-03,16.840051651000977,16.94869795491091,16.840051651000977,16.89290630692087,329600,VWO
2005-10-04,16.81068992614746,17.025044440571296,16.81068992614746,17.025044440571296,186200,VWO
2005-10-05,16.496503829956055,16.749031478324937,16.458330759354208,16.749031478324937,150400,VWO
2005-10-06,15.979698181152344,16.352616679642292,15.812325461690591,16.352616679642292,257000,VWO
2005-10-07,16.21460723876953,16.25865203992417,16.14119811671083,16.223415974973598,143200,VWO
2005-10-10,16.252779006958008,16.45538889862188,16.235161534732832,16.45538889862188,149600,VWO
2005-10-11,16.32619285583496,16.493565611246073,16.308575378508287,16.493565611246073,152200,VWO
2005-10-12,16.032556533813477,16.29682989915086,15.965020256034956,16.29682989915086,147800,VWO
2005-10-13,15.791769981384277,15.827007166474866,15.644951737243078,15.827007166474866,144000,VWO
2005-10-14,15.871051788330078,15.891606252666884,15.650824424606348,15.891606252666884,132000,VWO
2005-10-17,15.944472312927246,15.973836654505458,15.90923622316849,15.973836654505458,212200,VWO
2005-10-18,15.562740325927734,15.812330996308516,15.509885646530783,15.812330996308516,185800,VWO
2005-10-19,15.568608283996582,15.56860828399658,15.216244239156861,15.32195356462222,358200,VWO
2005-10-20,15.060615539550781,15.827006942335837,15.04593393937144,15.612651323207158,203000,VWO
2005-10-21,15.556861877441406,15.568607606456258,15.363061829233832,15.489325615807562,159200,VWO
2005-10-24,15.90628719329834,15.918032921042107,15.606778976772027,15.606778976772027,121000,VWO
2005-10-25,15.586224555969238,15.803514919152715,15.536305772988655,15.70661546533691,105600,VWO
2005-10-26,15.72130012512207,15.815263725350922,15.615590794830993,15.644953999852083,94800,VWO
2005-10-27,15.283782005310059,15.662573418731101,15.283782005310059,15.662573418731101,114000,VWO
2005-10-28,15.665506362915039,15.665506362915039,15.44234312238452,15.536306709990457,156000,VWO
2005-10-31,15.96501350402832,15.997313692812842,15.809386543667449,15.809386543667449,138000,VWO
2005-11-01,16.076601028442383,16.15001016555856,15.98263742254444,16.08540976645327,141800,VWO
2005-11-02,16.420156478881836,16.44364794217814,16.18524744659193,16.214611775712306,142600,VWO
2005-11-03,16.426029205322266,16.56991161645464,16.39079313081143,16.455393534193473,182600,VWO
2005-11-04,16.38492202758789,16.44071369837747,16.17937618391703,16.44071369837747,174400,VWO
2005-11-07,16.36142349243164,16.370232227564074,16.22928686477424,16.370232227564074,99800,VWO
2005-11-08,16.264522552490234,16.30856846741078,16.17349597118453,16.182304706114977,175000,VWO
2005-11-09,16.45832633972168,16.47300794135381,16.267463278235212,16.337935414123187,86000,VWO
2005-11-10,16.514118194580078,16.540545525892476,16.285080949827822,16.44364493770221,121400,VWO
2005-11-11,16.669740676879883,16.687359266362932,16.487686399424824,16.613950157051395,99400,VWO
2005-11-14,16.640378952026367,16.669743272403554,16.599270023632595,16.669743272403554,154200,VWO
2005-11-15,16.496503829956055,16.66681247086444,16.496503829956055,16.599276189113294,105000,VWO
2005-11-16,16.66386604309082,16.69029336444029,16.56990248276693,16.634502850539853,87000,VWO
2005-11-17,16.881162643432617,16.907589972871,16.81362526365227,16.81362526365227,94000,VWO
2005-11-18,16.942829132080078,16.954574862893686,16.863547129290026,16.954574862893686,121200,VWO
2005-11-21,16.969257354736328,16.972193227526162,16.878229616367086,16.92814841487106,142600,VWO
2005-11-22,16.922273635864258,16.922273635864258,16.663873174325175,16.716727839643045,122800,VWO
2005-11-23,17.215913772583008,17.25114985012853,17.013303806393157,17.077904215338872,137600,VWO
2005-11-25,17.171863555908203,17.2012278799901,17.148373216777117,17.157181953934472,105800,VWO
2005-11-28,17.074970245361328,17.227660305121606,17.054415771157643,17.227660305121606,108000,VWO
2005-11-29,17.025041580200195,17.168923936463205,16.995678382661225,17.14543248232468,120400,VWO
2005-11-30,17.077899932861328,17.124881731185706,17.066154203246626,17.098454399619843,149400,VWO
2005-12-01,17.4508113861084,17.506601899002426,17.233519956695382,17.233519956695382,104200,VWO
2005-12-02,17.462570190429688,17.533042352117985,17.42439711610322,17.483124664266676,147600,VWO
2005-12-05,17.488990783691406,17.54771718906289,17.412644664493463,17.515418114162326,466800,VWO
2005-12-06,17.706279754638672,17.814924940040974,17.5653343767868,17.5653343767868,167600,VWO
2005-12-07,17.585895538330078,17.7826326399312,17.54185072105321,17.779695646698578,197400,VWO
2005-12-08,17.509544372558594,17.632871161822624,17.509544372558594,17.574143639258374,147000,VWO
2005-12-09,17.556533813476562,17.59470576765526,17.471378924675204,17.518360739163054,174200,VWO
2005-12-12,17.747386932373047,17.79730571217994,17.70627800790512,17.79730571217994,142800,VWO
2005-12-13,17.864845275878906,17.900081343367656,17.671045224489205,17.7415173594667,215800,VWO
2005-12-14,17.79437255859375,17.80024542337511,17.735646151048986,17.79730955105164,134800,VWO
2005-12-15,17.744455337524414,17.79731000176076,17.703346403148245,17.785564271900583,168000,VWO
2005-12-16,17.676910400390625,17.788492539061643,17.668100547249555,17.788492539061643,128600,VWO
2005-12-19,17.720964431762695,17.905955762372752,17.720964431762695,17.86191095422192,241400,VWO
2005-12-20,17.809057235717773,17.891275111413975,17.765011305089352,17.791438639439495,230800,VWO
2005-12-21,18.07625961303711,18.202523371592108,18.014595109460068,18.014595109460068,188400,VWO
2005-12-22,18.05865478515625,18.149682553988555,18.055718911383906,18.070400520515577,172200,VWO
2005-12-23,18.184913635253906,18.26713151987201,18.14967755900824,18.15848629803599,134800,VWO
2005-12-27,18.06148910522461,18.273661671727094,18.058501273001816,18.234813013077503,255200,VWO
2005-12-28,18.073442459106445,18.136197194529863,18.037582773144326,18.136197194529863,230000,VWO
2005-12-29,18.219879150390625,18.273669272445314,18.169076861801486,18.24079740452752,192800,VWO
2005-12-30,18.192974090576172,18.351355396269593,18.118265755443993,18.22883377225117,363600,VWO
2006-01-03,18.79662322998047,18.823518284317462,18.50675443767724,18.611345682343835,726600,VWO
2006-01-04,19.041667938232422,19.056609382850013,18.93109874015212,18.93109874015212,458200,VWO
2006-01-05,19.059593200683594,19.110395469632344,18.975920216484372,19.110395469632344,553600,VWO
2006-01-06,19.370386123657227,19.43612985418421,19.25683022178605,19.36441045720865,567400,VWO
2006-01-09,19.537729263305664,19.579565762034427,19.463020904158846,19.54669618153456,699600,VWO
2006-01-10,19.364408493041992,19.373373131764822,19.22395640660221,19.29567579630314,393800,VWO
2006-01-11,19.501869201660156,19.573588582516763,19.33153424717696,19.454054761143745,843200,VWO
2006-01-12,19.3883113861084,19.57657789905271,19.28073117297395,19.57657789905271,612400,VWO
2006-01-13,19.415212631225586,19.510839258903097,19.364411484004112,19.445095524890064,1470400,VWO
2006-01-17,19.044654846191406,19.498881808251515,18.981900097869975,19.427162421586765,713600,VWO
2006-01-18,18.94603729248047,18.975920175355732,18.647203903892187,18.668122149896654,399000,VWO
2006-01-19,19.47795867919922,19.498876923399266,19.238891076983595,19.24785799299872,510600,VWO
2006-01-20,18.960975646972656,19.498875430866896,18.957986675196405,19.486921823679335,377600,VWO
2006-01-23,19.26579475402832,19.27475939361048,19.155225546038494,19.214993609783743,393000,VWO
2006-01-24,19.53175163269043,19.678179363509322,19.454054308617604,19.561634517359067,438800,VWO
2006-01-25,19.540719985961914,19.782774361700277,19.51382606862138,19.7767986955974,857400,VWO
2006-01-26,19.839550018310547,19.842538990804275,19.489915473838153,19.669215064855944,1479600,VWO
2006-01-27,20.22803497314453,20.293778690473683,20.057700014572674,20.057700014572674,587200,VWO
2006-01-30,20.192169189453125,20.210098460720708,20.02183427265855,20.141368067583297,481000,VWO
2006-01-31,20.308719635009766,20.317684273125423,20.114477449470666,20.242975915604088,334800,VWO
2006-02-01,20.374460220336914,20.39238949381028,20.254926410706304,20.31768114778087,382400,VWO
2006-02-02,19.872421264648438,20.222055798364956,19.83656043558087,20.19217291410095,435600,VWO
2006-02-03,19.660247802734375,19.836558397721735,19.501866480479915,19.74392078204483,432200,VWO
2006-02-06,20.081615447998047,20.087593396288536,19.920247322862984,19.920247322862984,345600,VWO
2006-02-07,19.672204971313477,19.977014062523136,19.618414863462583,19.93218859266104,379800,VWO
2006-02-08,19.693126678466797,19.693126678466797,19.486930848839563,19.648301200732377,386000,VWO
2006-02-09,19.6991024017334,19.93817009706141,19.684162095724467,19.7230096272499,217800,VWO
2006-02-10,19.725994110107422,19.896329063281044,19.244872135720556,19.869432870717844,322000,VWO
2006-02-13,19.28670883178711,19.573588635914163,19.244872336180126,19.573588635914163,395200,VWO
2006-02-14,19.678176879882812,19.73794492159459,19.364403210587255,19.409226391974,228600,VWO
2006-02-15,19.648296356201172,19.672203575754043,19.457043159614095,19.564623367684067,228000,VWO
2006-02-16,19.99195671081543,20.012874959496706,19.66324039728762,19.734959781349406,412200,VWO
2006-02-17,20.033796310424805,20.093562093078045,19.94713432963468,20.0278183642084,369000,VWO
2006-02-21,19.91724967956543,20.17125765328987,19.87242420657447,20.120456514528637,342600,VWO
2006-02-22,20.04574966430664,20.10551544618878,19.9023085959037,19.962076657704273,276400,VWO
2006-02-23,20.066661834716797,20.162288424699454,19.947128027259033,20.066661834716797,176000,VWO
2006-02-24,20.123443603515625,20.153328772709965,20.054713186172588,20.102525353030575,308800,VWO
2006-02-27,20.237003326416016,20.320676334772237,20.237003326416016,20.293782416337088,316800,VWO
2006-02-28,19.872421264648438,20.105510953792784,19.812655496120424,20.021837965886395,466200,VWO
2006-03-01,20.28481674194336,20.2878057152591,20.063680594869655,20.13241330161995,353000,VWO
2006-03-02,20.34756851196289,20.395382958313856,20.24895520622103,20.383429346726114,282800,VWO
2006-03-03,20.01287269592285,20.192172275756533,19.95908259398096,20.192172275756533,424000,VWO
2006-03-06,19.740934371948242,20.180219850256726,19.717029431841198,20.180219850256726,333200,VWO
2006-03-07,19.02373695373535,19.62140498025852,18.901215287588087,19.62140498025852,510200,VWO
2006-03-08,19.173152923583984,19.188093226323033,18.68306516739114,19.023735076726418,394400,VWO
2006-03-09,19.09246826171875,19.463021088214077,19.05660856817771,19.295675091716486,270800,VWO
2006-03-10,19.424177169799805,19.49589657020339,19.176144821835734,19.22993494211808,335800,VWO
2006-03-13,19.427162170410156,19.690134771393023,19.40325494852494,19.64829827305298,279200,VWO
2006-03-14,19.923227310180664,19.926216283319707,19.436129564767153,19.594510942359097,234400,VWO
2006-03-15,20.11448097229004,20.144366144467128,19.860472968214555,19.929205672335904,353000,VWO
2006-03-16,20.000925064086914,20.117469939805297,19.947134946069312,20.117469939805297,206400,VWO
2006-03-17,20.078611373901367,20.105505278171663,20.006889736012678,20.096540643414897,258200,VWO
2006-03-20,20.12642478942871,20.192168488350475,20.066659034000246,20.159296638889593,205800,VWO
2006-03-21,19.740934371948242,20.075628612544705,19.723005096888464,20.066663975014812,309400,VWO
2006-03-22,19.833572387695312,19.851501661044868,19.65427053452869,19.73794579663474,307200,VWO
2006-03-23,19.705078125,19.947132486270792,19.699100179336032,19.893342374886366,242000,VWO
2006-03-24,19.833572387695312,19.908280733208816,19.743921461112002,19.82161877882302,258200,VWO
2006-03-27,19.926212310791016,19.93517694850245,19.848514984095214,19.93517694850245,230800,VWO
2006-03-28,19.6991024017334,19.917251844714094,19.62439403193321,19.917251844714094,205200,VWO
2006-03-29,19.9351806640625,19.977017167792116,19.64531183113699,19.69910194734913,167800,VWO
2006-03-30,20.078611373901367,20.27285120674404,19.97999583174238,20.102516306613648,253200,VWO
2006-03-31,20.105510711669922,20.210101945293353,20.039766999130077,20.204126280479684,184200,VWO
2006-04-03,20.595600128173828,20.7091582944694,20.320673910680288,20.401357936279272,309400,VWO
2006-04-04,20.810758590698242,20.828687865811236,20.661341884975297,20.76593312299776,218800,VWO
2006-04-05,21.007986068725586,21.007986068725586,20.81374392921585,20.82868422922885,1374600,VWO
2006-04-06,20.972124099731445,21.07372634197553,20.816731764558885,21.013960585351654,616200,VWO
2006-04-07,20.712148666381836,21.013971132632594,20.63744029314581,20.972134626013908,289400,VWO
2006-04-10,20.68225860595703,20.828686328380186,20.592609957091312,20.777885199364494,205600,VWO
2006-04-11,20.47008514404297,20.783861083765416,20.446177928081383,20.75397592385463,182400,VWO
2006-04-12,20.580659866333008,20.583646559196648,20.461126034159076,20.464115006940936,198800,VWO
2006-04-13,20.595600128173828,20.682262099324266,20.479055269020737,20.562728267395446,215800,VWO
2006-04-17,20.83765411376953,20.975117205027775,20.68225946805644,20.80776894965076,323000,VWO
2006-04-18,21.489112854003906,21.513017795452917,21.064767654450765,21.064767654450765,297200,VWO
2006-04-19,21.67737579345703,21.68036476592834,21.42037887895599,21.49807620378416,409200,VWO
2006-04-20,21.6265811920166,21.6983005935606,21.387513480311718,21.64749944579688,457200,VWO
2006-04-21,21.71025276184082,21.838751249342014,21.64152005832778,21.689334509453115,219400,VWO
2006-04-24,21.635534286499023,21.778973013041487,21.441292159385213,21.778973013041487,258000,VWO
2006-04-25,21.339698791503906,21.584742141165,21.262001452366956,21.57577522209972,307400,VWO
2006-04-26,21.725189208984375,21.758061068314614,21.24108051688105,21.24108051688105,223000,VWO
2006-04-27,21.599679946899414,21.740132023729657,21.33670734937603,21.710249136725338,276600,VWO
2006-04-28,21.674388885498047,21.722203329921452,21.56979763821959,21.614623109886985,227800,VWO
2006-05-01,21.734159469604492,21.937366322208895,21.695309659011095,21.82978608965842,328800,VWO
2006-05-02,22.110687255859375,22.110687255859375,21.928398661309068,21.99414238785749,253600,VWO
2006-05-03,22.125633239746094,22.18539902947,21.97920545897941,22.15850510806986,263800,VWO
2006-05-04,22.30792236328125,22.385619715602214,22.14057404444235,22.143563017971292,350800,VWO
2006-05-05,22.5918025970459,22.63662805908704,22.49020034434251,22.49020034434251,313400,VWO
2006-05-08,22.711339950561523,22.863745633343665,22.600770764242235,22.600770764242235,406400,VWO
2006-05-09,22.735246658325195,22.7711052088167,22.621688501987407,22.7711052088167,332400,VWO
2006-05-10,22.612730026245117,22.723299240198955,22.523081345669432,22.72031026687084,374200,VWO
2006-05-11,22.053903579711914,22.630652074008182,21.988159873639127,22.56191939586363,440200,VWO
2006-05-12,21.566810607910156,21.910469548421396,20.9183425364603,21.859668406584696,553200,VWO
2006-05-15,20.945232391357422,21.21717188594637,20.05172114326995,20.918338479102054,650800,VWO
2006-05-16,21.07971954345703,21.16936824328214,20.82272250010397,21.019951463654504,299400,VWO
2006-05-17,20.41032600402832,21.187292535443753,20.35354691768298,20.918341968437318,437200,VWO
2006-05-18,20.018848419189453,20.508935002797056,19.94712904302972,20.41032171554662,513000,VWO
2006-05-19,20.25193977355957,20.25492874612236,19.737948208744378,20.12344131237626,423800,VWO
2006-05-22,19.176143646240234,19.723009455598635,18.82949685898263,19.723009455598635,979600,VWO
2006-05-23,19.232919692993164,19.83955118971213,19.214990416808174,19.57657859268701,917200,VWO
2006-05-24,19.10441780090332,19.40922684097276,18.60237763849893,19.09545316441859,625200,VWO
2006-05-25,19.714040756225586,20.222056649858583,19.22096516539472,20.222056649858583,424600,VWO
2006-05-26,19.86943244934082,19.86943244934082,19.463018836366903,19.788748433198297,283400,VWO
2006-05-30,18.826507568359375,19.78277370748332,18.826507568359375,19.78277370748332,639400,VWO
2006-05-31,19.22693634033203,19.316587255880123,18.946034546121822,18.946034546121822,330000,VWO
2006-06-01,19.603471755981445,19.603471755981445,19.08947905242523,19.244872566510278,278400,VWO
2006-06-02,19.800703048706055,20.084593885755016,19.55864642814797,19.872422431133085,369600,VWO
2006-06-05,18.94603729248047,19.57358695253229,18.889258219074993,19.57358695253229,380200,VWO
2006-06-06,18.674104690551758,18.93707733251582,18.258725195257256,18.75180089386858,596600,VWO
2006-06-07,18.417098999023438,18.82351252239648,18.24377511524899,18.246764087015432,426400,VWO
2006-06-08,17.8762149810791,17.930005087538436,17.23969948128296,17.930005087538436,1128200,VWO
2006-06-09,17.759662628173828,18.22883080524324,17.670012868598768,18.097344567197055,941600,VWO
2006-06-12,17.233728408813477,18.09436925849045,17.182927258013773,17.780594293075122,336800,VWO
2006-06-13,16.82731056213379,17.07235387929142,16.68387065501413,16.794438703009877,747400,VWO
2006-06-14,17.281538009643555,17.281538009643555,16.585255562280953,16.585255562280953,786800,VWO
2006-06-15,18.08838653564453,18.154130252787194,17.58335846656953,17.64910218371219,1198400,VWO
2006-06-16,17.974830627441406,18.279639711973005,17.855296803734053,18.267687241569494,917800,VWO
2006-06-19,17.407041549682617,18.01068501575421,17.34428682369445,17.998731408911123,433400,VWO
2006-06-20,17.655075073242188,17.76564309485676,17.194871435228666,17.580366734861766,394000,VWO
2006-06-21,18.06148910522461,18.11527920490593,17.58036832023329,17.65208769316913,965600,VWO
2006-06-22,17.897136688232422,18.10930818251905,17.741743143978212,18.064483845112164,204400,VWO
2006-06-23,18.019651412963867,18.037581824981828,17.655075488269087,17.72081805241734,338800,VWO
2006-06-26,17.93000602722168,18.01965582936597,17.85230983601905,17.944947470919214,159200,VWO
2006-06-27,17.768638610839844,18.166087690080367,17.711860659502314,18.109308598783567,361200,VWO
2006-06-28,18.169076919555664,18.169076919555664,17.93001034297454,18.094368543126603,169000,VWO
2006-06-29,19.158214569091797,19.194075407432322,18.243783710675004,18.243783710675004,624200,VWO
2006-06-30,19.20901107788086,19.346474171802015,19.146256335868024,19.346474171802015,570000,VWO
2006-07-03,19.65129280090332,19.693129311069935,19.125345170341657,19.125345170341657,224200,VWO
2006-07-05,19.068559646606445,19.681167888043483,19.032698817869434,19.49887933182001,382400,VWO
2006-07-06,19.460033416748047,19.460033416748047,19.25383762434833,19.27176690023766,305600,VWO
2006-07-07,19.137290954589844,19.373369611034295,19.053616828532697,19.328544145648003,225400,VWO
2006-07-10,19.271770477294922,19.477966307966906,19.19108644089896,19.42417619039676,180600,VWO
2006-07-11,19.46600341796875,19.46600341796875,18.975916926972616,19.27176129265405,271800,VWO
2006-07-12,19.167177200317383,19.394291259506165,19.11637606126358,19.394291259506165,162000,VWO
2006-07-13,18.43204116821289,18.86534975485694,18.228834398475804,18.86534975485694,693000,VWO
2006-07-14,18.288599014282227,18.38721341495923,18.058497226091053,18.32445869271399,409000,VWO
2006-07-17,18.05850601196289,18.25274821622553,17.903112476544614,18.004715898165827,257200,VWO
2006-07-18,18.27964210510254,18.312513967923522,17.900124616058026,18.13919115481176,218200,VWO
2006-07-19,19.1641902923584,19.1641902923584,18.285620269676535,18.291597076084347,500600,VWO
2006-07-20,18.73386573791504,19.256825336312765,18.659157386709502,19.256825336312765,300200,VWO
2006-07-21,18.339406967163086,18.841447212198343,18.294582637402932,18.841447212198343,228200,VWO
2006-07-24,19.241886138916016,19.24786408481808,18.542615803026234,18.542615803026234,422800,VWO
2006-07-25,19.283720016479492,19.33452115014242,18.98488659975446,19.214989607386837,542200,VWO
2006-07-26,19.134302139282227,19.185103269841925,18.934084309487254,19.170162967869135,169200,VWO
2006-07-27,19.3135986328125,19.59450271201272,19.24785721079657,19.352448427546378,197600,VWO
2006-07-28,19.776796340942383,19.776796340942383,19.373371669437994,19.49589218926582,261600,VWO
2006-07-31,19.564626693725586,19.663242281207644,19.42417460487265,19.663242281207644,334400,VWO
2006-08-01,19.223953247070312,19.424171078701242,19.077524378895085,19.424171078701242,213400,VWO
2006-08-02,19.504858016967773,19.609451547000834,19.3494656282141,19.448081212573026,234000,VWO
2006-08-03,19.486927032470703,19.528763528851197,19.265790940185514,19.498880642853425,253200,VWO
2006-08-04,19.480955123901367,19.788753240877828,19.33153838518126,19.633358555854556,235000,VWO
2006-08-07,19.418193817138672,19.498877825667286,19.36440371814702,19.424169481507644,239600,VWO
2006-08-08,19.474971771240234,19.68714320773262,19.424170641358508,19.591516612694956,301200,VWO
2006-08-09,19.483930587768555,19.845520893400582,19.483930587768555,19.720009172475045,190000,VWO
2006-08-10,19.6303653717041,19.648294644848153,19.466006101491125,19.480948682389666,230400,VWO
2006-08-11,19.492902755737305,19.615423258338183,19.427159046085116,19.615423258338183,141000,VWO
2006-08-14,19.510833740234375,19.737947771698405,19.436125387245234,19.723005189133378,151400,VWO
2006-08-15,19.92024040222168,19.95310998672287,19.72300921570378,19.81266016956073,138000,VWO
2006-08-16,20.257915496826172,20.28182271487027,20.024825820690697,20.024825820690697,296000,VWO
2006-08-17,20.159303665161133,20.559741661835222,20.072641693642726,20.553763716258384,359600,VWO
2006-08-18,20.054712295532227,20.093559821873995,19.59151955261032,20.021840434812958,300400,VWO
2006-08-21,19.875417709350586,19.920243192558008,19.782777769410238,19.920243192558008,182800,VWO
2006-08-22,19.84552764892578,20.018849292210536,19.78575959958797,19.872421561189327,139800,VWO
2006-08-23,19.57059669494629,19.893337280605518,19.513819905187518,19.72599132356044,239200,VWO
2006-08-24,19.591522216796875,19.72002070437768,19.47199064874651,19.606464802762428,181200,VWO
2006-08-25,19.65726661682129,19.723010349439733,19.558651017893627,19.558651017893627,103200,VWO
2006-08-28,19.767824172973633,19.81563631764672,19.54369918752023,19.64829039141503,175000,VWO
2006-08-29,19.8604679107666,19.89931543281838,19.648296465866036,19.869432548169478,150000,VWO
2006-08-30,19.99195671081543,20.021839597514667,19.872422884100377,19.902305770799614,159000,VWO
2006-08-31,19.854496002197266,19.98000550941935,19.824610831976248,19.920239728814085,132200,VWO
2006-09-01,20.129426956176758,20.150345212280545,19.878405603012357,19.878405603012357,244000,VWO
2006-09-05,20.374460220336914,20.38043588485544,20.239986109451095,20.37744919255507,254800,VWO
2006-09-06,19.76484489440918,20.257920560201207,19.702090141296505,20.257920560201207,307200,VWO
2006-09-07,19.588529586791992,19.79472307513024,19.44209958444774,19.44209958444774,217200,VWO
2006-09-08,19.767824172973633,19.77678880760501,19.669208632193993,19.761846229941213,60000,VWO
2006-09-11,19.33452033996582,19.51382220642196,19.21498880221898,19.424171273193892,198800,VWO
2006-09-12,19.678176879882812,19.708059760779868,19.36738990273459,19.36738990273459,182800,VWO
2006-09-13,19.947126388549805,19.977009267979852,19.678175913844274,19.797709711482018,220800,VWO
2006-09-14,19.788745880126953,19.851500613456516,19.711048566516116,19.812653096609925,153200,VWO
2006-09-15,19.857479095458984,19.947130030033065,19.728980638525723,19.773806105812763,96800,VWO
2006-09-18,20.17722511291504,20.245957780869812,20.021832786985645,20.021832786985645,166800,VWO
2006-09-19,19.926212310791016,20.18320923146957,19.606460646214405,20.18320923146957,288800,VWO
2006-09-20,20.156312942504883,20.20113841076678,19.97701334937532,19.97701334937532,272800,VWO
2006-09-21,19.797710418701172,20.25492510207454,19.72001310547348,20.25492510207454,209600,VWO
2006-09-22,19.585542678833008,19.717030113599144,19.433136995801178,19.588531651418986,143600,VWO
2006-09-25,19.776796340942383,19.782772006333786,19.36739372412847,19.76484273024145,140800,VWO
2006-09-26,20.021839141845703,20.078618221224716,19.681169225407743,19.687144890644348,142400,VWO
2006-09-27,20.0098876953125,20.09057400419942,19.93816830512725,19.985980471944647,189400,VWO
2006-09-28,20.171262741088867,20.171262741088867,20.018857006445586,20.093565386968137,129600,VWO
2006-09-29,20.063676834106445,20.15332777742538,19.994946420157703,20.081606110802955,352200,VWO
2006-10-02,20.08757972717285,20.248950022418562,20.036778600868935,20.150334462004345,155000,VWO
2006-10-03,19.827592849731445,20.05470684021603,19.794720997954034,20.05470684021603,220400,VWO
2006-10-04,20.21309471130371,20.266884824393784,19.767833501785976,19.779787113574695,207400,VWO
2006-10-05,20.47008514404297,20.547782455959332,20.19217002826291,20.24596012421768,295200,VWO
2006-10-06,20.350553512573242,20.4312398050616,20.11447485961218,20.22803300757093,601000,VWO
2006-10-09,20.22803497314453,20.40135662438185,20.117465786734776,20.117465786734776,322000,VWO
2006-10-10,20.407331466674805,20.407331466674805,20.25193683481173,20.338598787212728,116200,VWO
2006-10-11,20.311710357666016,20.41032594527087,20.207119104108596,20.284814161083634,219600,VWO
2006-10-12,20.789838790893555,20.795814455512403,20.36549592550278,20.36549592550278,229200,VWO
2006-10-13,20.85858154296875,20.88846444032451,20.7211161112782,20.76893057098255,192800,VWO
2006-10-16,20.918338775634766,20.960175270792597,20.74501485002776,20.822712175285726,4348800,VWO
2006-10-17,20.68225860595703,20.85857149125325,20.502959028307764,20.85857149125325,485400,VWO
2006-10-18,20.756969451904297,20.96316524497638,20.733062230695165,20.95420060700248,188400,VWO
2006-10-19,20.915348052978516,20.921325997453977,20.73007281275971,20.756966723145872,93800,VWO
2006-10-20,20.795818328857422,20.903398551376743,20.71812327475211,20.89742288564489,257000,VWO
2006-10-23,20.840639114379883,20.864546331766913,20.62547871773206,20.679268816894016,196400,VWO
2006-10-24,20.912364959716797,20.9273052636411,20.774899572136796,20.82570298925036,175600,VWO
2006-10-25,21.115575790405273,21.127527123842547,20.91236892319225,20.942251816622683,280200,VWO
2006-10-26,21.20522117614746,21.24108201064364,21.040864147856094,21.217174787646186,222200,VWO
2006-10-27,20.84363555908203,21.09764356510864,20.801799053614992,21.0558070596416,345800,VWO
2006-10-30,20.697202682495117,20.858572998011695,20.586633499663947,20.843630415495756,192400,VWO
2006-10-31,21.08270263671875,21.11856119467893,20.915354339870127,20.97810909621893,347600,VWO
2006-11-01,21.04684066772461,21.339698461531842,21.022933443757008,21.3008486526049,216800,VWO
2006-11-02,21.148435592651367,21.172342808302197,20.99603222269187,20.99603222269187,163200,VWO
2006-11-03,21.312801361083984,21.390498695725725,21.217174749185794,21.390498695725725,265600,VWO
2006-11-06,21.731168746948242,21.749098024290365,21.44428890988284,21.44428890988284,323600,VWO
2006-11-07,21.671398162841797,21.808863539500077,21.611632392056645,21.731166213544967,468800,VWO
2006-11-08,21.689332962036133,21.70726223996972,21.44727631034096,21.60565995845493,280600,VWO
2006-11-09,21.725189208984375,21.928396030335804,21.665423435612,21.859665618949386,462200,VWO
2006-11-10,21.784955978393555,21.829781445740135,21.701282988636194,21.814838863318617,224000,VWO
2006-11-13,21.740135192871094,21.78197169675943,21.644508572566544,21.755077778510557,242600,VWO
2006-11-14,22.07183837890625,22.095745601631183,21.841735350035663,22.030001879096734,324400,VWO
2006-11-15,22.02700424194336,22.071829696940938,21.89850582023955,21.94930693860871,344400,VWO
2006-11-16,21.847707748413086,22.053903502204403,21.814835895492216,22.050914530143142,296400,VWO
2006-11-17,21.74312400817871,21.814843402906995,21.516009931634294,21.814843402906995,352800,VWO
2006-11-20,21.70427703857422,21.832775539237005,21.647500221945602,21.77599872260839,406400,VWO
2006-11-21,22.053903579711914,22.053903579711914,21.80288236379015,21.80288236379015,302000,VWO
2006-11-22,22.27804183959961,22.30792473831417,22.116671450638147,22.248156660966018,366000,VWO
2006-11-24,22.361703872680664,22.385611091864703,22.146543459860116,22.32285407152712,173600,VWO
2006-11-27,21.925405502319336,22.42744566254974,21.88954467661798,22.42744566254974,902800,VWO
2006-11-28,22.07781410217285,22.080803075000823,21.775993964177275,21.868631602580052,324000,VWO
2006-11-29,22.532052993774414,22.54101763662835,22.307927802748647,22.307927802748647,351200,VWO
2006-11-30,22.62766456604004,22.681454667223885,22.41549313356983,22.555945191100857,362400,VWO
2006-12-01,22.47824478149414,22.720299063586758,22.313885528272298,22.708345456087212,620400,VWO
2006-12-04,22.93845558166504,22.950409192901546,22.59778564113838,22.633644194929676,390000,VWO
2006-12-05,23.20142936706543,23.21935864487136,22.91454952257886,22.941443439287752,520600,VWO
2006-12-06,22.980295181274414,23.123733975627186,22.95937692876803,23.09385108346357,595600,VWO
2006-12-07,22.893634796142578,23.09983064232649,22.85777395509186,23.08189908184179,365600,VWO
2006-12-08,22.848804473876953,22.9533957215503,22.765131475738272,22.896618918480886,808400,VWO
2006-12-11,22.833866119384766,22.87570262202602,22.74122619503479,22.830877146362276,251200,VWO
2006-12-12,22.57387924194336,22.675481521281803,22.406533238365537,22.66950585540473,472000,VWO
2006-12-13,22.633649826049805,22.651581387324942,22.5469878329628,22.600777956950637,323200,VWO
2006-12-14,23.007177352905273,23.007177352905273,22.711332995680507,22.711332995680507,392800,VWO
2006-12-15,23.060972213745117,23.144645198356464,23.040053967592282,23.120740259837394,387200,VWO
2006-12-18,22.935466766357422,23.255218459395252,22.860758405554957,23.144649264637035,360400,VWO
2006-12-19,22.84581184387207,22.905579890059112,22.42146897557437,22.532038151082016,702200,VWO
2006-12-20,22.986265182495117,23.09982333661501,22.84880208848711,23.09982333661501,516800,VWO
2006-12-21,23.040063858032227,23.15362205439591,22.887658124970805,23.15362205439591,504000,VWO
2006-12-22,23.05495262145996,23.130981355676845,22.945471058570618,23.0610362195165,503400,VWO
2006-12-26,23.283050537109375,23.30433850059092,23.076252183196935,23.20398228430021,920800,VWO
2006-12-27,23.53545379638672,23.571948422564464,23.371231458905992,23.416849161574984,265200,VWO
2006-12-28,23.55674934387207,23.720971734304413,23.425979791502623,23.720971734304413,432600,VWO
2006-12-29,23.53545379638672,23.629728680413297,23.471589940735228,23.629728680413297,566000,VWO
2007-01-03,23.690561294555664,24.05549840237032,23.538503779597303,23.803082370688184,1176000,VWO
2007-01-04,23.43206214904785,23.553706295322133,23.276962846270774,23.53850193714453,1115600,VWO
2007-01-05,22.778207778930664,23.188762453407474,22.702179049575232,23.121856800340662,1145800,VWO
2007-01-08,23.027585983276367,23.04279033970374,22.77212820103767,22.905939530791898,496200,VWO
2007-01-09,22.47713851928711,22.899858141460115,22.270340247128054,22.899858141460115,934600,VWO
2007-01-10,22.413272857666016,22.45889056821967,21.97230706947801,22.200393302033145,839200,VWO
2007-01-11,22.711320877075195,22.905954399303912,22.382875938233763,22.47106961552718,1155600,VWO
2007-01-12,23.042795181274414,23.042795181274414,22.73259886646545,22.842080464683576,403200,VWO
2007-01-16,23.051916122436523,23.234384644101162,22.969803779548897,23.234384644101162,1024000,VWO
2007-01-17,22.991085052490234,23.112731471646658,22.91505633054403,23.03670274970045,1346400,VWO
2007-01-18,22.869447708129883,23.264798147213636,22.83903667132653,23.264798147213636,724800,VWO
2007-01-19,23.31041145324707,23.31041145324707,22.960678795628677,23.039749332531528,998000,VWO
2007-01-22,23.28913116455078,23.416858929131116,23.164442879926856,23.407735848834477,616800,VWO
2007-01-23,23.690561294555664,23.690561294555664,23.270881068333914,23.33778674614976,847600,VWO
2007-01-24,23.906484603881836,23.906484603881836,23.61149262997983,23.748343476327854,652000,VWO
2007-01-25,23.176599502563477,23.78178758882,23.100570766895622,23.748334759509113,1030000,VWO
2007-01-26,23.316499710083008,23.416858230780484,23.021507748149386,23.416858230780484,520000,VWO
2007-01-29,23.12794303894043,23.295204870494057,23.045830702541217,23.246547684661113,380200,VWO
2007-01-30,23.3773250579834,23.377325057983395,23.04888024250685,23.04888024250685,1012600,VWO
2007-01-31,23.553712844848633,23.556754645415328,23.061047882888847,23.149241537610862,2860200,VWO
2007-02-01,23.79091453552246,23.833490444652295,23.614527300434283,23.696637319409522,1995600,VWO
2007-02-02,23.781789779663086,23.84261416592841,23.657103848192097,23.84261416592841,650800,VWO
2007-02-05,23.781789779663086,23.84261416592841,23.651020249459016,23.84261416592841,1338200,VWO
2007-02-06,24.037256240844727,24.058544203670905,23.842622774944278,24.058544203670905,825200,VWO
2007-02-07,23.99467658996582,24.134569226849756,23.918647831645405,24.040294309000785,1913200,VWO
2007-02-08,24.040292739868164,24.040292739868164,23.72097104767942,23.891274712732926,1085600,VWO
2007-02-09,23.62060546875,24.11935375592796,23.52937238414685,24.116314277256762,1126400,VWO
2007-02-12,23.447265625,23.67535187100236,23.34082584090822,23.669270592002807,557800,VWO
2007-02-13,23.848697662353516,23.848697662353516,23.605407055305733,23.67231040609989,563400,VWO
2007-02-14,24.268381118774414,24.304873438635724,23.93081323877556,23.994677118746473,588800,VWO
2007-02-15,24.262292861938477,24.347444685556315,24.128481527560055,24.347444685556315,545600,VWO
2007-02-16,24.244047164916992,24.289664877066162,24.095031470762034,24.289664877066162,413800,VWO
2007-02-20,24.36264991760254,24.39306094991742,24.11631753957504,24.39001915062202,524000,VWO
2007-02-21,24.313993453979492,24.402187082884126,24.143689795522725,24.298789096024898,530000,VWO
2007-02-22,24.46302032470703,24.572501950523144,24.362661781006565,24.481266488938328,453000,VWO
2007-02-23,24.35049057006836,24.487341406667515,24.17714509427643,24.456930367446986,501200,VWO
2007-02-26,24.30487060546875,24.526875579672105,24.11327898788943,24.450846828538722,491200,VWO
2007-02-27,22.531879425048828,23.720970198712322,21.908445061954264,23.57499397659561,2139400,VWO
2007-02-28,23.006296157836914,23.280000073623246,22.65656350545509,22.66264478348905,2332200,VWO
2007-03-01,22.73260498046875,22.869455854941073,21.98752387240529,22.653534400441924,1349000,VWO
2007-03-02,22.261211395263672,22.775166356672447,22.227758568177144,22.52579221307186,1348400,VWO
2007-03-05,21.622577667236328,22.069627122197353,21.303258285273806,21.485726834997173,2326200,VWO
2007-03-06,22.656566619873047,22.656566619873047,22.209517216005196,22.23992825078117,1362800,VWO
2007-03-07,22.428476333618164,22.580533800286762,22.288583742708592,22.452806085136217,664800,VWO
2007-03-08,22.878578186035156,23.015429042135608,22.763012972230076,22.90898922958927,1443800,VWO
2007-03-09,22.957645416259766,23.05192266337109,22.763011961895565,23.04888086308652,667400,VWO
2007-03-12,23.185728073120117,23.249591947787156,22.954602332481333,22.978929770297277,447600,VWO
2007-03-13,22.23384666442871,23.033668237020578,22.200393830573802,22.97588796780926,1809600,VWO
2007-03-14,22.647443771362305,22.647443771362305,22.00880275373087,22.395027771754226,988400,VWO
2007-03-15,22.881614685058594,22.954603964335565,22.544046809096777,22.665693287678135,464200,VWO
2007-03-16,22.690021514892578,22.969806772582746,22.59574660246106,22.829914143737664,340200,VWO
2007-03-19,23.12490463256836,23.1461925895335,22.939394298923585,23.08232871863808,488600,VWO
2007-03-20,23.34691047668457,23.35603587681585,23.051920838420923,23.124907797975894,1240200,VWO
2007-03-21,24.01596450805664,24.07374710674882,23.31041772486888,23.410776242529955,729200,VWO
2007-03-22,23.897361755371094,24.59074371466152,23.8061263101113,24.59074371466152,510000,VWO
2007-03-23,23.946022033691406,24.02813440901464,23.83045913237114,23.89128122354727,636800,VWO
2007-03-26,23.93384552001953,24.119355824230514,23.629730571504858,24.119355824230514,431200,VWO
2007-03-27,23.803077697753906,23.87302516179688,23.745297431158154,23.83044925158397,950400,VWO
2007-03-28,23.59324073791504,23.778751061588924,23.45942940406157,23.778751061588924,498400,VWO
2007-03-29,24.046369552612305,24.164974200202728,23.75441947237334,24.00987492250256,374400,VWO
2007-03-30,23.985549926757812,24.16193485634693,23.806120877417293,24.025084039901138,972400,VWO
2007-04-02,24.19538688659668,24.22883971976523,23.94905449709477,24.031164520191023,761800,VWO
2007-04-03,24.55729103088379,24.770170644242473,24.32616293622738,24.770170644242473,572800,VWO
2007-04-04,24.6393985748291,24.65764705427442,24.45693002187065,24.56945341763157,972000,VWO
2007-04-05,24.70630645751953,24.776253941173934,24.572497410853764,24.584659971284864,1741600,VWO
2007-04-09,24.852279663085938,24.949596376119207,24.79753886699138,24.81274322577609,530000,VWO
2007-04-10,24.92829704284668,25.019530114565573,24.82793857576474,24.93133884130103,382000,VWO
2007-04-11,24.858360290527344,25.068200390087984,24.70022150607627,25.043870632414468,890200,VWO
2007-04-12,25.17464256286621,25.18680744285459,24.721511804313778,24.913103443650108,434800,VWO
2007-04-13,25.25675392150879,25.25675392150879,25.01346097181304,25.104696408002326,277400,VWO
2007-04-16,25.573036193847656,25.5912846765575,25.472679979906278,25.533502068368563,456600,VWO
2007-04-17,25.481796264648438,25.59127785085078,25.323655164483576,25.57911297236015,1060800,VWO
2007-04-18,25.363182067871094,25.430087714319026,25.043860508083235,25.351017193952156,429000,VWO
2007-04-19,25.19289207458496,25.19289207458496,24.67285556701387,25.08645226079215,534400,VWO
2007-04-20,25.56999397277832,25.606486293858573,25.354072565603246,25.54262241175443,426000,VWO
2007-04-23,25.46354866027832,25.545658685158237,25.30236576959526,25.545658685158237,429200,VWO
2007-04-24,25.481796264648438,25.521330379582988,25.268914371382404,25.521330379582988,437200,VWO
2007-04-25,25.843704223632812,25.843704223632812,25.460518518248524,25.60649247825208,1247200,VWO
2007-04-26,25.496994018554688,25.746370482700925,25.493954539879294,25.734205607361154,761000,VWO
2007-04-27,25.393598556518555,25.454420618987907,25.16247054275169,25.305404941788925,507600,VWO
2007-04-30,24.89788818359375,25.290196690666257,24.81577585967416,25.24457899073455,484600,VWO
2007-05-01,25.074281692504883,25.092530170883535,24.815784397572408,25.092530170883535,662800,VWO
2007-05-02,25.557828903198242,26.153894118639265,25.171601493056816,25.232425894763256,1061600,VWO
2007-05-03,25.810237884521484,25.810237884521484,25.512204198277683,25.591274738744495,457200,VWO
2007-05-04,25.907556533813477,25.95317192577885,25.746375961633895,25.819362908991714,387200,VWO
2007-05-07,25.99879264831543,26.074821404011928,25.895394654270664,25.950135451180685,830200,VWO
2007-05-08,25.764631271362305,25.807207199130662,25.551749312306473,25.712932261959878,856600,VWO
2007-05-09,26.07481575012207,26.077857549350146,25.731166684165327,25.83456465578996,452600,VWO
2007-05-10,25.427040100097656,25.931869491100166,25.396629082362168,25.922746417800713,591200,VWO
2007-05-11,26.093059539794922,26.123470565975847,25.72812026498612,25.74636873686473,508600,VWO
2007-05-14,25.928836822509766,26.15083939846849,25.743326549331908,26.10218222135649,556800,VWO
2007-05-15,25.94101905822754,26.126529455560807,25.709890931675357,25.828495635516088,646200,VWO
2007-05-16,26.357641220092773,26.357641220092773,25.947086516270176,26.12043193878251,929600,VWO
2007-05-17,26.20559310913086,26.28466367120981,25.980548623443973,26.099153306455552,958200,VWO
2007-05-18,26.391103744506836,26.391103744506836,26.138687695421563,26.229923138772342,382800,VWO
2007-05-21,26.448881149291992,26.552279132571805,26.321153409871073,26.467127306291193,1299600,VWO
2007-05-22,26.51882553100586,26.594854276588116,26.421508829469097,26.52186733048884,500400,VWO
2007-05-23,26.345478057861328,26.686087647152952,26.284655994158147,26.579647875565882,744600,VWO
2007-05-24,25.77373504638672,26.439747349345357,25.60343146288443,26.214700676617554,1026800,VWO
2007-05-25,26.281618118286133,26.28161811828613,26.035285707238305,26.0839429014219,1171000,VWO
2007-05-29,26.199504852294922,26.372850290552027,26.004871459171614,26.34547873703087,412200,VWO
2007-05-30,26.4580078125,26.461049612483073,25.722049991118496,25.816324908671707,576800,VWO
2007-05-31,26.555320739746094,26.646556164507594,26.4580040361,26.59789665257793,433600,VWO
2007-06-01,27.154436111450195,27.154436111450195,26.871608990702196,26.920266197599872,653800,VWO
2007-06-04,27.072324752807617,27.139230444983387,26.898979241358596,27.139230444983387,620200,VWO
2007-06-05,26.92329216003418,27.014527559590814,26.71345213318148,26.990197810347368,354000,VWO
2007-06-06,26.47929573059082,26.749957923322484,26.321156934921476,26.689135845037402,504000,VWO
2007-06-07,26.01095199584961,26.655676542317888,25.877140671813383,26.603977556290438,834800,VWO
2007-06-08,26.62223243713379,26.640478598132628,26.050496963770446,26.30595249860925,716000,VWO
2007-06-11,26.701303482055664,26.871607175011206,26.43368074145262,26.68305500051486,492600,VWO
2007-06-12,26.26641082763672,26.661758897012486,26.229916195913518,26.473209100308676,539600,VWO
2007-06-13,26.85031509399414,26.859438173257974,26.464087723593266,26.503624160687803,606000,VWO
2007-06-14,27.266952514648438,27.370350502845664,26.962837509061263,27.09360473405892,1722800,VWO
2007-06-15,27.735280990600586,27.76873381888269,27.446372732032735,27.485906838087583,498600,VWO
2007-06-18,27.95729637145996,28.01507897287475,27.683592365039477,27.975542531816767,497200,VWO
2007-06-19,28.012033462524414,28.012033462524414,27.674465619352603,27.77178232872201,480600,VWO
2007-06-20,27.817407608032227,28.206674551361246,27.48592095396317,28.088069852072373,882000,VWO
2007-06-21,28.130643844604492,28.130643844604492,27.580196312924446,27.81740569519068,828400,VWO
2007-06-22,27.735280990600586,28.081971828967134,27.498071713845874,27.972492587568105,653800,VWO
2007-06-25,27.504165649414062,27.780909136239092,27.309532204552994,27.72008705480014,464400,VWO
2007-06-26,27.3703556060791,27.67142886808611,27.330821483258397,27.67142886808611,527400,VWO
2007-06-27,27.726163864135742,27.726163864135742,27.117933866965906,27.230457251719116,497600,VWO
2007-06-28,27.729198455810547,27.881255915576958,27.525442016574612,27.726156656955663,424400,VWO
2007-06-29,27.762662887573242,27.929924771105366,27.47679400124904,27.884309370278036,455200,VWO
2007-07-02,28.337444305419922,28.39522691524617,27.932970677064233,28.112399787475937,3319200,VWO
2007-07-03,28.644601821899414,28.647641302325162,28.474295789280923,28.644601821899418,866000,VWO
2007-07-05,28.866594314575195,28.881800992171357,28.626343193877936,28.781442488548468,3051200,VWO
2007-07-06,29.258899688720703,29.347093304538138,28.897002147989333,29.05818502392581,693000,VWO
2007-07-09,29.483963012695312,29.605609537349995,29.319742872658143,29.520457666156062,857600,VWO
2007-07-10,28.966955184936523,29.480910302864586,28.878761552142073,29.465703624025966,742600,VWO
2007-07-11,29.1859130859375,29.21328231863854,28.84530349541993,28.942620189823092,963400,VWO
2007-07-12,29.94925308227539,30.016156448623782,29.444420952915827,29.608643368964824,552200,VWO
2007-07-13,30.156047821044922,30.165170900811358,29.964453865095468,29.979660544848578,478000,VWO
2007-07-16,29.718116760253906,30.09217689317453,29.657292371013785,29.973572234422797,1174600,VWO
2007-07-17,29.788082122802734,29.949265123513328,29.71813692797595,29.89756377751966,960800,VWO
2007-07-18,29.678577423095703,29.72115565150404,29.325805280875173,29.57213765260731,819800,VWO
2007-07-19,29.95532989501953,30.162128204362215,29.897547297931375,30.162128204362215,589200,VWO
2007-07-20,29.876256942749023,30.1651675848036,29.626882735620917,30.089138834822922,841400,VWO
2007-07-23,30.578773498535156,30.606142743174942,30.308111251654015,30.411509269467473,547800,VWO
2007-07-24,29.672508239746094,30.39630129430694,29.535657381937952,30.323314324823528,845200,VWO
2007-07-25,30.034391403198242,30.411493270087746,29.493067194224732,30.25031272699033,777000,VWO
2007-07-26,28.38001251220703,29.879299597543714,27.83260456859416,28.91525557704924,2002800,VWO
2007-07-27,28.069822311401367,28.754081229196174,27.963380179128844,28.5472828856763,1201200,VWO
2007-07-30,29.149423599243164,29.231535952262078,28.483413296982075,28.73278751540874,1130800,VWO
2007-07-31,28.73886489868164,29.590387749690784,28.602014089154114,29.395754352925227,1339200,VWO
2007-08-01,28.28269386291504,28.440832635663327,27.82652138125512,28.288775141776686,1999200,VWO
2007-08-02,28.583770751953125,28.793610863153372,28.206668767949758,28.48341455635666,522400,VWO
2007-08-03,27.43117332458496,28.55335846829886,27.233500421728696,28.529028710336625,921600,VWO
2007-08-06,28.130643844604492,28.130643844604492,27.19092939636305,27.47679598309254,888000,VWO
2007-08-07,28.234033584594727,28.422585707171596,27.72008084695706,27.887342693563152,552800,VWO
2007-08-08,29.0125732421875,29.316688260826332,28.51078299739073,28.51078299739073,1116000,VWO
2007-08-09,27.80828285217285,28.665887260122897,27.647102235675842,28.665887260122897,2677600,VWO
2007-08-10,27.507205963134766,27.81436282020349,26.914182530381357,27.251750429091373,1653800,VWO
2007-08-13,27.674455642700195,28.148874139821327,27.59842691840706,28.069805937109496,738400,VWO
2007-08-14,26.80774688720703,27.71400859799523,26.676977299651323,27.71400859799523,1273000,VWO
2007-08-15,25.48787498474121,26.75907565671374,25.48787498474121,26.424549652555307,1479800,VWO
2007-08-16,25.0590877532959,25.39361393995907,23.63582881930159,24.405239744691205,2274600,VWO
2007-08-17,26.020078659057617,26.898970823492093,25.299327593951876,26.07177997242277,1384800,VWO
2007-08-20,26.169103622436523,26.41239429486924,25.68251763714322,26.24513239261186,1300800,VWO
2007-08-21,25.96837615966797,26.211669054918275,25.749413017985297,25.937965127814934,953600,VWO
2007-08-22,27.02366065979004,27.17571816864764,26.752998479640585,26.7894907968298,1246600,VWO
2007-08-23,27.248708724975586,27.522412741140172,26.859441822080953,27.355148531202435,1423400,VWO
2007-08-24,27.863018035888672,27.917758830466582,27.145306427073127,27.218293379772547,725600,VWO
2007-08-27,27.993791580200195,28.14888858680632,27.701839087287404,27.88126817521894,911000,VWO
2007-08-28,26.883769989013672,27.823484348525618,26.683052948993478,27.823484348525618,1122800,VWO
2007-08-29,28.154972076416016,28.17321823707113,27.342985444271434,27.522412211283296,658000,VWO
2007-08-30,27.872146606445312,28.300947648278765,27.589319498771136,27.735293432930412,734200,VWO
2007-08-31,28.735828399658203,28.87876283431897,28.437796970981893,28.602019364833822,1209000,VWO
2007-09-04,29.137256622314453,29.341015430185497,28.088060828674465,28.088060828674465,906200,VWO
2007-09-05,28.462120056152344,28.735824004038008,28.30398128638128,28.61113806790926,1693000,VWO
2007-09-06,28.887874603271484,28.979110004205037,28.51381456391169,28.51381456391169,844200,VWO
2007-09-07,28.316152572631836,28.42259237639551,27.92384387857684,28.28269973141844,774000,VWO
2007-09-10,28.121522903442383,28.659805594909074,27.796119848100595,28.659805594909074,691800,VWO
2007-09-11,28.927425384521484,28.994328748839152,28.605061842707578,28.69629728892569,545000,VWO
2007-09-12,28.842254638671875,29.021683627699225,28.559430022447525,28.76622591726642,832800,VWO
2007-09-13,29.128129959106445,29.325805143494847,28.966949404520093,29.10380020590508,796800,VWO
2007-09-14,29.170713424682617,29.341019421002272,28.95175022956704,29.030820787850683,596800,VWO
2007-09-17,28.903091430664062,29.271070322000746,28.693251326926354,29.052107139007212,639200,VWO
2007-09-18,30.259441375732422,30.353716279761446,29.00040550812805,29.140298124504845,1107600,VWO
2007-09-19,30.326358795166016,30.825107384270588,30.070900899163068,30.070900899163068,1958600,VWO
2007-09-20,30.125635147094727,30.43887326734298,29.985742506994228,30.329393987440803,925200,VWO
2007-09-21,30.639572143554688,30.837247266587813,30.481433437255536,30.837247266587813,1333000,VWO
2007-09-24,31.01974105834961,31.18396349531951,30.85551862137971,30.93763099997173,2047000,VWO
2007-09-25,31.04709243774414,31.04709243774414,30.593961836628385,30.916325243783742,846000,VWO
2007-09-26,31.278230667114258,31.372507905050625,31.01669155322498,31.290395546854874,1196200,VWO
2007-09-27,31.813472747802734,31.84692558595629,31.460698207352,31.700949353994105,1423600,VWO
2007-09-28,31.561050415039062,31.883411532596423,31.390746778625818,31.883411532596423,1326400,VWO
2007-10-01,32.77447509765625,32.814011535691264,31.840842067295547,31.910789543671225,2959600,VWO
2007-10-02,32.66195297241211,33.4435284656977,32.51901854457709,33.01776698199284,1406200,VWO
2007-10-03,32.16320037841797,32.63153771794687,31.986813136216213,32.546383576039965,844200,VWO
2007-10-04,32.44907760620117,32.467326088464496,31.87430029950524,32.4034622010776,787400,VWO
2007-10-05,33.330989837646484,33.58340574076024,32.908270346992055,33.04816291107365,1721000,VWO
2007-10-08,33.02689743041992,33.08163823797069,32.82618268287643,33.02689743041992,1110600,VWO
2007-10-09,33.382694244384766,33.57428813177264,33.14244549579601,33.29754243675137,1268600,VWO
2007-10-10,33.60472106933594,33.905794391247376,33.303647747424506,33.905794391247376,1273000,VWO
2007-10-11,33.44960021972656,34.361945002053666,32.84441216377582,34.228136011723706,1936800,VWO
2007-10-12,33.95442581176758,33.95442581176758,33.480005035255154,33.55907555137595,859200,VWO
2007-10-15,33.72637176513672,34.285942546781015,33.172882265808326,34.285942546781015,1528400,VWO
2007-10-16,32.98127746582031,33.48915138149097,32.80185069337812,33.44353365825886,1376400,VWO
2007-10-17,33.95442581176758,34.00612478298749,33.18805503751569,33.83886067584972,1691800,VWO
2007-10-18,34.10345458984375,34.149072302114675,33.32187916300778,33.39182663118496,1545600,VWO
2007-10-19,32.415618896484375,33.9118665595569,32.388249658362874,33.9118665595569,2312000,VWO
2007-10-22,32.844417572021484,32.87482860573073,30.414539551306614,31.47590017318726,2213200,VWO
2007-10-23,33.63512420654297,33.83279945391194,33.22152755119715,33.662495767668496,1494600,VWO
2007-10-24,33.33404541015625,33.55300858188001,32.63154050105362,33.44656879568466,1649400,VWO
2007-10-25,33.72637176513672,33.93317016709538,33.35839269933953,33.908840397402706,1326800,VWO
2007-10-26,35.01580810546875,35.049260947955915,34.42886594212176,34.66607531960257,1150000,VWO
2007-10-29,35.608821868896484,35.76696295770216,34.97322267485577,35.268214576477796,1794200,VWO
2007-10-30,34.95801544189453,35.332077881971216,34.812041553240064,35.18306219390762,1649200,VWO
2007-10-31,35.666603088378906,35.83994852739149,34.86678155753366,35.31078913254461,1584600,VWO
2007-11-01,34.410621643066406,34.94282303116443,34.14604068913495,34.745147765828094,1592600,VWO
2007-11-02,34.593082427978516,34.723851975240066,33.920988533517686,34.638700143574574,1562800,VWO
2007-11-05,33.756771087646484,33.89666373444892,33.2093630608424,33.45265603280282,1457200,VWO
2007-11-06,34.79075241088867,34.79075241088867,34.00613524544608,34.161234527036605,1576000,VWO
2007-11-07,33.464813232421875,34.53225747957818,33.422237320133085,34.53225747957818,1562200,VWO
2007-11-08,33.76893615722656,34.030475291472705,32.48861204759609,33.52260370389319,3526400,VWO
2007-11-09,33.03905487060547,33.69290261346699,32.78968065242263,33.69290261346699,1681600,VWO
2007-11-12,31.26910400390625,32.67107433040889,31.171787297347453,32.67107433040889,2033600,VWO
2007-11-13,33.39183044433594,33.56821539426535,31.618839303880502,31.618839303880502,2019200,VWO
2007-11-14,33.54388427734375,34.261595838339325,33.242808767118724,34.10953834355574,1260200,VWO
2007-11-15,32.78361129760742,33.21849601776679,32.2422844278691,33.112053868187836,1619600,VWO
2007-11-16,32.838348388671875,33.10596883218391,32.388257035268815,32.78360757974737,1038000,VWO
2007-11-19,31.93206787109375,32.54029773530506,31.512390100064554,32.17231894588275,1038800,VWO
2007-11-20,32.35783386230469,32.67715319450176,31.618834378915555,32.12062455261168,1361000,VWO
2007-11-21,30.840301513671875,31.719193628182147,30.66999554559082,31.646204361770327,1948200,VWO
2007-11-23,31.402915954589844,31.707030958511304,30.98019628475608,31.369463118541415,1549800,VWO
2007-11-26,29.894489288330078,31.965510577736787,29.651196491596256,31.798246489955776,1447000,VWO
2007-11-27,31.357295989990234,31.573217348855945,30.612215211929506,30.85854760496262,1844000,VWO
2007-11-28,32.90524673461914,33.0907570965232,31.755692242960315,31.831721003733662,1972200,VWO
2007-11-29,32.63153839111328,32.89003566093434,32.236187987707076,32.415614712804256,2063200,VWO
2007-11-30,32.62546920776367,33.73853164379248,32.43387752034533,33.73853164379248,2707600,VWO
2007-12-03,32.69844055175781,32.79271777019767,32.47643792298901,32.753181339163405,1260400,VWO
2007-12-04,32.640663146972656,32.85962631579262,32.42778125719179,32.668032382968505,1549600,VWO
2007-12-05,33.86016845703125,33.92403465913773,33.282351719844975,33.282351719844975,1479400,VWO
2007-12-06,34.16732406616211,34.38324546478539,33.5864655499078,33.67769866920875,1472800,VWO
2007-12-07,33.96052932739258,34.25552131667745,33.7476497063694,34.25552131667745,1295400,VWO
2007-12-10,33.9422721862793,34.015259129847465,33.71114415806481,34.000054773386196,1065200,VWO
2007-12-11,32.52509689331055,34.31633397901674,32.35479324325908,34.31633397901674,1857200,VWO
2007-12-12,33.46177673339844,34.18253019739458,32.78360150864887,33.34925565604562,1347600,VWO
2007-12-13,32.86265563964844,33.300581841955875,32.236179682623956,33.300581841955875,1423800,VWO
2007-12-14,31.944250106811523,32.61634419358702,31.810438721497537,32.61634419358702,1419800,VWO
2007-12-17,30.490570068359375,31.58538358703484,30.411499519947792,31.58538358703484,1742800,VWO
2007-12-18,31.293434143066406,31.436368565118237,30.58788743183864,31.016688377780806,2066800,VWO
2007-12-19,31.43029022216797,31.728323994610008,31.275190895682123,31.576266468310006,1370800,VWO
2007-12-20,31.536727905273438,31.71919878073084,31.238696473091668,31.509358666082967,1711600,VWO
2007-12-21,32.373043060302734,32.47035977422303,31.786100976910927,31.786100976910927,1102800,VWO
2007-12-24,32.98313522338867,32.99243259740286,32.61441976143523,32.67328894655481,701600,VWO
2007-12-26,33.22480392456055,33.25268894355464,32.750737326214164,32.84059299398157,1081400,VWO
2007-12-27,32.536949157714844,33.438600343691995,32.34484366840143,33.438600343691995,782400,VWO
2007-12-28,32.66398620605469,32.66398620605469,32.37273238223933,32.53695049186626,1095200,VWO
2007-12-31,32.31696319580078,32.99242808139853,32.31696319580078,32.899473265496226,1039000,VWO
2008-01-02,32.22400665283203,32.83130495607811,31.799516483406478,32.30146820728596,1454800,VWO
2008-01-03,32.533851623535156,32.558639887355575,32.236399549506935,32.44399594014033,1434800,VWO
2008-01-04,31.458681106567383,32.29216805621307,31.210805590154276,32.09696345715599,2638800,VWO
2008-01-07,31.70656394958496,31.88937208290479,31.18912133459533,31.60431413064046,1826000,VWO
2008-01-08,31.6817626953125,32.81270139634354,31.536134654815445,32.20230422095193,1864600,VWO
2008-01-09,32.450199127197266,32.55864484299408,31.70346852253768,32.0319047943621,1724400,VWO
2008-01-10,32.7507438659668,33.032705055326424,31.883175885348944,32.19302209927082,2439800,VWO
2008-01-11,31.976125717163086,32.34484343804849,31.681772783575806,32.34484343804849,2259200,VWO
2008-01-14,32.32005310058594,32.406809649591615,31.997812801465802,32.34174223783736,1212400,VWO
2008-01-15,30.95673942565918,31.89866992876312,30.76773302738089,31.89866992876312,1900800,VWO
2008-01-16,29.76692008972168,30.600407005188067,29.159621908096216,30.519846342786543,3338200,VWO
2008-01-17,28.914857864379883,30.306067149279464,28.673178118221358,29.79791938455134,3145200,VWO
2008-01-18,29.546934127807617,29.928043633957685,28.877665194170035,29.49116171667115,3931800,VWO
2008-01-22,28.642183303833008,29.17202001881901,27.232382157148137,27.560818370616456,5044800,VWO
2008-01-23,28.95201873779297,28.967509623572575,26.507333333235966,27.39968920082101,3599400,VWO
2008-01-24,29.156530380249023,29.35483178248292,28.530642022686894,28.738238433785003,3348600,VWO
2008-01-25,28.474872589111328,29.735946809172212,28.394311897281803,29.642991982912033,3737000,VWO
2008-01-28,29.125545501708984,29.435391730450572,28.130939391121192,28.505853044225816,1645000,VWO
2008-01-29,29.23708152770996,29.435382865266153,28.852872981687135,29.33933131974505,1631800,VWO
2008-01-30,28.719642639160156,29.757626849801525,28.574014559075728,28.7692167977773,2987000,VWO
2008-01-31,29.40131378173828,29.56553193448648,28.115451226760026,28.400511605430015,3092000,VWO
2008-02-01,30.113954544067383,30.117051304196895,29.450883829741013,29.615101946288334,2586800,VWO
2008-02-04,30.07677459716797,30.35253756325666,29.94973886727752,30.30296339381673,2664200,VWO
2008-02-05,28.82499885559082,29.69876526473501,28.561629992156554,29.69876526473501,1659400,VWO
2008-02-06,28.381900787353516,29.2649616529,28.242470995297026,28.98300294604811,2646400,VWO
2008-02-07,28.837377548217773,29.038777993797986,27.969807489074512,28.192897067936393,2271600,VWO
2008-02-08,28.657682418823242,28.78472053116693,28.245588653763445,28.614304127764314,2205600,VWO
2008-02-11,29.048072814941406,29.048072814941406,28.192896889366832,28.508941245398795,1466800,VWO
2008-02-12,29.156530380249023,29.801011119478773,29.02949465253943,29.131742113984995,2798200,VWO
2008-02-13,29.77621841430664,29.89086235573279,29.184413420096455,29.773119290500848,1453000,VWO
2008-02-14,29.435382843017578,30.185209922831334,29.435382843017578,30.185209922831334,1611200,VWO
2008-02-15,29.88467025756836,29.88467025756836,29.28047100774615,29.407509106597615,778200,VWO
2008-02-19,30.175920486450195,30.631394767474134,30.039587405344022,30.368025976741723,1286800,VWO
2008-02-20,30.417593002319336,30.507448660701137,29.472563755637218,29.760720741503583,1289800,VWO
2008-02-21,30.00550079345703,30.677868752628633,29.915647487940635,30.597308089679583,1416400,VWO
2008-02-22,30.457887649536133,30.581824259723284,29.77622447381026,30.402115229376193,1378000,VWO
2008-02-25,30.792512893676758,31.055884041046244,30.268874450556076,30.98151925490158,1411400,VWO
2008-02-26,31.368839263916016,31.412217557511376,30.649995930699003,30.904069806303127,1373200,VWO
2008-02-27,31.495864868164062,31.69726535922033,31.062079740644123,31.192214569718477,1573600,VWO
2008-02-28,31.235605239868164,31.508271501095987,31.10547035915836,31.251098500688727,1453600,VWO
2008-02-29,30.24717903137207,31.003201955343165,30.05817270939472,30.90405129167786,1308400,VWO
2008-03-03,30.42070770263672,30.42070770263672,29.875377590843467,30.206913014116857,1557200,VWO
2008-03-04,29.86298370361328,30.157339088846673,29.280473546510454,30.011710958586086,4079600,VWO
2008-03-05,30.42380714416504,30.560137900578514,29.9187561922789,30.09846760293703,1439000,VWO
2008-03-06,29.506656646728516,30.423801176617964,29.4384900999227,30.368028762316758,1505200,VWO
2008-03-07,29.187509536743164,29.683265321436753,28.834285076709186,29.215396922503096,1662800,VWO
2008-03-10,28.36642837524414,29.230897431282898,28.257980284197533,28.855983709604484,1419800,VWO
2008-03-11,30.284366607666016,30.476472100664086,29.261875576780543,29.87227296259262,1857600,VWO
2008-03-12,29.562427520751953,30.2719732491439,29.562427520751953,30.135642526574514,1891000,VWO
2008-03-13,29.50356101989746,29.652285899704115,28.58951314183087,28.71655124210759,2226600,VWO
2008-03-14,28.43769645690918,29.56863606075251,28.180523429624976,29.56863606075251,2729000,VWO
2008-03-17,27.511245727539062,27.833486074975916,26.94112746240031,27.833486074975916,3267400,VWO
2008-03-18,29.08217430114746,29.08217430114746,28.072074687558587,28.363330969965492,2060400,VWO
2008-03-19,27.458580017089844,28.787820930670602,27.27267034553139,28.53994294455245,1965800,VWO
2008-03-20,27.873762130737305,27.929534537818128,27.00619424318295,27.607294226233222,1885000,VWO
2008-03-24,28.917945861816406,29.134837252104248,28.04108056519482,28.04108056519482,1811400,VWO
2008-03-25,29.23398208618164,29.435382544802177,28.917940071622972,29.23088296295839,1857800,VWO
2008-03-26,28.862178802490234,29.556233744006807,28.862178802490234,29.556233744006807,1794400,VWO
2008-03-27,29.17821502685547,29.50665359440451,28.979913655173203,29.44468293829204,1368200,VWO
2008-03-28,28.964420318603516,29.410597185248037,28.964420318603516,29.215394953837222,1131400,VWO
2008-03-31,29.13483238220215,29.280460447313118,29.00469756978154,29.16891564697018,2115600,VWO
2008-04-01,29.99311637878418,30.17282539780262,29.283568219677107,29.46637636293665,3481200,VWO
2008-04-02,29.98691177368164,30.281267051771184,29.791709538775766,30.281267051771184,1709400,VWO
2008-04-03,30.302961349487305,30.519852758540903,29.828894645803185,30.070576683813133,2967400,VWO
2008-04-04,30.25028419494629,30.597312796158715,30.02409778871467,30.371124025988152,1547600,VWO
2008-04-07,30.399002075195312,31.000104285727456,30.39900207519531,30.981511911628687,1435000,VWO
2008-04-08,30.33702850341797,30.634480433758082,30.219285489117762,30.433080024399455,966400,VWO
2008-04-09,30.1015682220459,30.49817110391901,29.977629230475642,30.49817110391901,1235400,VWO
2008-04-10,30.62211036682129,30.75534437025042,30.123257635187084,30.45789220620997,1024200,VWO
2008-04-11,30.058177947998047,30.470271562089167,30.055078824360738,30.278168447472783,1424200,VWO
2008-04-14,30.098453521728516,30.312248112453606,29.866068919266784,30.120142656734075,840600,VWO
2008-04-15,30.609704971313477,30.609704971313477,30.2316922465004,30.36492620091913,678000,VWO
2008-04-16,31.25108528137207,31.291364432951735,30.83589017919489,30.851383433461756,1182000,VWO
2008-04-17,31.058977127075195,31.136438663859362,30.749130979938545,30.97841883085539,1401200,VWO
2008-04-18,31.371931076049805,31.55164245844813,31.17672880037248,31.48037678475943,2163800,VWO
2008-04-21,31.678668975830078,31.681768099160642,31.176719737448593,31.34093781489135,1193800,VWO
2008-04-22,31.402915954589844,31.63220151031153,31.13954712334936,31.63220151031153,2481000,VWO
2008-04-23,31.790212631225586,31.790212631225582,31.356427574172617,31.542337144294162,1344400,VWO
2008-04-24,31.60431480407715,31.85838861284648,31.13954546872307,31.629103069308076,915000,VWO
2008-04-25,31.904869079589844,31.904869079589844,31.223205903986372,31.75924096231285,3164600,VWO
2008-04-28,31.616716384887695,31.9296618063187,31.545450696544933,31.9296618063187,3015800,VWO
2008-04-29,31.083770751953125,31.610508347436852,31.03419658910166,31.610508347436852,1011000,VWO
2008-04-30,31.591917037963867,31.802612540315778,31.18911841201441,31.282070850030983,2132400,VWO
2008-05-01,32.04738235473633,32.18991127767385,31.49275754968968,31.557824947295625,2427400,VWO
2008-05-02,32.2642936706543,32.37893765019478,32.05979634632272,32.217818617810494,2571800,VWO
2008-05-05,32.16204071044922,32.42540954209435,31.95134517234527,32.42540954209435,2390000,VWO
2008-05-06,32.44709777832031,32.493575185886726,31.90176774834861,32.028805838100865,1962400,VWO
2008-05-07,31.684865951538086,32.33554235248632,31.406003961435022,32.33554235248632,2572200,VWO
2008-05-08,31.80262565612793,31.923465530142565,31.6012250781236,31.79333064488677,2026000,VWO
2008-05-09,31.63839340209961,31.718954070224925,31.39671376166241,31.57952187186126,1154800,VWO
2008-05-12,31.883176803588867,31.892471812043983,31.36263505465088,31.557837324025474,1270000,VWO
2008-05-13,32.00091552734375,32.146543621255816,31.799515022230025,32.00711377522112,1651000,VWO
2008-05-14,32.0690803527832,32.443993955360476,32.0690803527832,32.15273778313565,1394400,VWO
2008-05-15,32.71976089477539,32.76623830132395,32.165135868224496,32.29217395519463,2753200,VWO
2008-05-16,33.07918167114258,33.13805084290497,32.76933546461167,32.914963559911435,1879200,VWO
2008-05-19,33.24340057373047,33.5625417958242,33.072984210506135,33.18762816066969,1620000,VWO
2008-05-20,32.46567916870117,32.74144205266081,32.27357606891809,32.74144205266081,2195000,VWO
2008-05-21,32.21160888671875,32.952141074645155,32.14344234825878,32.952141074645155,1433400,VWO
2008-05-22,32.58032989501953,32.58032989501953,32.09696819340233,32.37892938300728,1098600,VWO
2008-05-23,31.715869903564453,32.118671070210965,31.635309197447178,32.03191211380937,1527200,VWO
2008-05-27,31.821199417114258,31.85528268354089,31.378119317506602,31.85528268354089,2138400,VWO
2008-05-28,31.966835021972656,31.97922915486095,31.41220998590218,31.660087915789692,2612000,VWO
2008-05-29,32.208518981933594,32.38823038677743,31.91726509415644,32.01331668187598,2060800,VWO
2008-05-30,32.155845642089844,32.344852056608694,32.10936822862892,32.1806339111276,1723600,VWO
2008-06-02,31.976125717163086,32.36963170048121,31.656984521143094,32.338647554409725,1918400,VWO
2008-06-03,31.4215030670166,31.988519794593863,31.189118425963013,31.988519794593863,2165200,VWO
2008-06-04,30.9846134185791,31.3595269572713,30.95053015470359,31.26037628888938,1545600,VWO
2008-06-05,31.901771545410156,31.91726480442274,31.077581699820268,31.288277257118487,1937400,VWO
2008-06-06,30.792512893676758,31.60431074621515,30.79251289367676,31.539243331292653,2063200,VWO
2008-06-09,30.693359375,30.959827257564065,30.37111908994721,30.76772415427734,1468800,VWO
2008-06-10,30.02719497680664,30.321547907508187,29.90635278961658,30.237888113602665,2235800,VWO
2008-06-11,29.900165557861328,30.157338533631933,29.57482602331399,30.05508869546683,1550000,VWO
2008-06-12,30.08916664123535,30.126349038687916,29.64298732756084,29.881570240988093,1603600,VWO
2008-06-13,30.1015682220459,30.120158243402564,29.667782933519824,29.940446823822676,1921200,VWO
2008-06-16,30.364931106567383,30.364931106567383,29.946639161050463,30.02410071999579,1435000,VWO
2008-06-17,30.14183807373047,30.48886667008355,30.14183807373047,30.324648561682,1897800,VWO
2008-06-18,30.40830421447754,30.53224316048149,29.770021833874562,30.309153530462137,1251400,VWO
2008-06-19,30.011703491210938,30.172822477064692,29.862976273243756,30.036491754861952,1310000,VWO
2008-06-20,29.06357192993164,29.745232563946605,29.06357192993164,29.745232563946605,2132200,VWO
2008-06-23,29.125545501708984,29.28046861607978,29.020198918627628,29.28046861607978,922300,VWO
2008-06-24,29.06357192993164,29.336235710749886,28.759921640708324,28.87766233525602,1672000,VWO
2008-06-25,29.58411979675293,29.89396603425418,29.144136342907363,29.144136342907363,1314600,VWO
2008-06-26,28.6359806060791,29.33003768388275,28.604996463877168,29.33003768388275,1394300,VWO
2008-06-27,28.871469497680664,28.945831925032426,28.51824501283613,28.840485349945677,1556100,VWO
2008-06-30,29.00160789489746,29.088364464775644,28.772322336799515,28.921047209750906,1417500,VWO
2008-07-01,28.202199935913086,28.5058502504532,27.892353737538592,28.282760609393343,2846800,VWO
2008-07-02,27.495752334594727,28.56781995004174,27.48955645045552,28.419095091310748,3052800,VWO
2008-07-03,27.563919067382812,27.848977018506094,27.285057000440894,27.706448042944455,957800,VWO
2008-07-07,27.371807098388672,27.960515242025927,27.13632573208454,27.811790417406314,2418900,VWO
2008-07-08,27.59490394592285,27.675464626045194,26.999999763340362,27.43998083396247,2288500,VWO
2008-07-09,26.851272583007812,27.929536025416482,26.80169605676706,27.867567731554423,2599000,VWO
2008-07-10,27.70025062561035,27.725038888841883,27.167314785826946,27.316042001277225,1940200,VWO
2008-07-11,27.433778762817383,27.873759734216037,27.185900894005957,27.501945294937453,1799200,VWO
2008-07-14,27.57630729675293,27.960515860108274,27.328429431656147,27.76841276039986,1027200,VWO
2008-07-15,26.944229125976562,27.433786759412666,26.49185389288193,26.981411526318034,2266300,VWO
2008-07-16,27.69405746459961,27.749829885145225,26.845079386462427,26.987608380314704,1461100,VWO
2008-07-17,28.189815521240234,28.189815521240234,27.532940558329877,27.743636122739648,2163100,VWO
2008-07-18,27.88617515563965,27.886175155639652,27.427601457390928,27.681675403140254,1216800,VWO
2008-07-21,27.94193458557129,27.991508755730305,27.71264902521491,27.923344567254063,1193100,VWO
2008-07-22,27.638280868530273,28.171216725687216,27.495751896210926,27.73123567670936,2053200,VWO
2008-07-23,27.892351150512695,28.505847606525275,27.892351150512695,28.109244887621198,1567800,VWO
2008-07-24,27.402790069580078,28.295145994023503,27.216880516875143,28.295145994023503,1996600,VWO
2008-07-25,27.402790069580078,27.48334835421818,27.179700497484685,27.371803568170485,1399300,VWO
2008-07-28,27.495752334594727,27.712646102491014,26.938030568444994,27.712646102491014,1782400,VWO
2008-07-29,27.44618034362793,27.563921063110918,27.000001004215854,27.179712389694515,1292900,VWO
2008-07-30,27.88617515563965,28.25798987880537,27.6444953491879,27.725056072651935,4108400,VWO
2008-07-31,27.632081985473633,27.97291230524036,27.501947159298126,27.725036783563976,1779200,VWO
2008-08-01,27.570119857788086,27.91714613848097,27.241681231353297,27.855177835197022,2699500,VWO
2008-08-04,26.65917205810547,27.210698013655865,26.566217236049848,27.210698013655865,1886100,VWO
2008-08-05,27.012388229370117,27.123933035697092,26.65296555033017,26.7025420704482,1859400,VWO
2008-08-06,27.402790069580078,27.433774207051517,26.99379330871791,27.167306369708477,1749000,VWO
2008-08-07,26.584802627563477,27.08675191563129,26.429879540838602,27.04337364046342,2112900,VWO
2008-08-08,26.683956146240234,26.73353031001608,26.212988588705464,26.268761000415136,1207300,VWO
2008-08-11,26.361722946166992,26.683963371752935,26.361722946166992,26.560024382844556,1598400,VWO
2008-08-12,26.262569427490234,26.405098422158357,25.98990320817787,26.250175293527004,1345800,VWO
2008-08-13,26.20059585571289,26.25017238607474,25.841175466345778,25.92793203053994,2168900,VWO
2008-08-14,26.37411117553711,26.522836037771754,26.151021518246075,26.151021518246075,1747800,VWO
2008-08-15,26.00849723815918,26.26876697605134,25.934132429670427,26.23778282115077,4934600,VWO
2008-08-18,25.413585662841797,25.9837039310254,25.357813249257955,25.803992557928684,1562800,VWO
2008-08-19,25.1781063079834,25.302045277675404,24.936426617250557,25.097545623092707,1464900,VWO
2008-08-20,25.927932739257812,25.927932739257812,25.407390975925193,25.407390975925193,1626800,VWO
2008-08-21,25.804000854492188,25.921743967659026,25.47556451553162,25.60569940108885,1972300,VWO
2008-08-22,25.927932739257812,25.934128623752862,25.630480640773335,25.847372057187282,1450700,VWO
2008-08-25,25.134721755981445,25.698641681727565,25.122327625708728,25.673853421182134,2242700,VWO
2008-08-26,25.221481323242188,25.33922202901991,25.07275410610393,25.258661354572563,2010100,VWO
2008-08-27,25.711034774780273,25.760608929932612,25.333022090497206,25.333022090497206,1184300,VWO
2008-08-28,25.735822677612305,25.841171606927677,25.611886098095948,25.760610939091066,1478300,VWO
2008-08-29,25.444570541381836,25.711038459840747,25.41978227828359,25.636673670546017,1039400,VWO
2008-09-02,24.57080841064453,25.22768094344781,24.57080841064453,25.209090925029386,2562800,VWO
2008-09-03,24.36011505126953,24.63897480830195,24.112237085085738,24.459265764955152,1771300,VWO
2008-09-04,23.54831314086914,24.143217326556243,23.195088632871233,24.112233176790287,2407700,VWO
2008-09-05,23.48634910583496,23.60408984189982,22.916230718078793,23.238471134821058,2047700,VWO
2008-09-08,23.85196304321289,24.57700206294156,23.523524442706737,24.329124141496052,2190200,VWO
2008-09-09,22.835662841796875,23.573098273495802,22.57539318162463,23.498733487213343,2942800,VWO
2008-09-10,22.86665153503418,23.157905368667997,22.56919708937652,22.98439224531687,2023200,VWO
2008-09-11,22.922426223754883,22.922426223754883,22.011477507847886,22.37709617116287,3158900,VWO
2008-09-12,23.219873428344727,23.39338653225603,22.47624212539255,22.5629986773482,2152900,VWO
2008-09-15,21.54669761657715,22.457645887543226,21.54669761657715,22.036255011445864,5483100,VWO
2008-09-16,21.255456924438477,21.68924224206779,20.46225110747502,20.64196253911199,4645700,VWO
2008-09-17,19.84874725341797,21.026163784968233,19.84874725341797,20.85265066560085,7648800,VWO
2008-09-18,21.069538116455078,21.707820426463833,19.792972314468308,20.437451689288803,5726000,VWO
2008-09-19,24.149415969848633,26.640579947589078,21.69543202685979,21.69543202685979,6979500,VWO
2008-09-22,22.58159637451172,23.517333477970727,22.5506122188343,23.207487193317462,3195300,VWO
2008-09-23,21.8255672454834,22.618772766874997,21.707824175693826,22.58159037158267,3129400,VWO
2008-09-24,22.178794860839844,22.315125601630744,21.887538633076055,22.29653558332727,3287300,VWO
2008-09-25,23.002981185913086,23.232269075548555,22.19738154010817,22.38328878699563,2942600,VWO
2008-09-26,22.352306365966797,22.383290515517604,21.999081860421633,22.09823255734766,2884600,VWO
2008-09-29,19.910722732543945,21.54671072239616,19.21046947369646,21.54671072239616,3664100,VWO
2008-09-30,21.478532791137695,21.478532791137695,20.387875496624734,20.387875496624734,8941600,VWO
2008-10-01,21.205867767333984,21.348396689169913,20.672932098941654,21.224457776809675,2963500,VWO
2008-10-02,19.638059616088867,20.908430206448816,19.594681321456505,20.896036070276747,3290300,VWO
2008-10-03,19.334407806396484,20.573792891884214,19.14849933439149,19.873539656680602,3644400,VWO
2008-10-06,17.68602180480957,18.46683319492189,16.533393553359883,18.101214581439876,7464500,VWO
2008-10-07,16.490018844604492,18.256141635562592,16.48382177737678,18.05164314492693,5199800,VWO
2008-10-08,16.446636199951172,17.060131509368794,15.492309375099717,15.957078656352708,6825100,VWO
2008-10-09,15.77116870880127,17.196460453806566,15.263020055690513,16.917598460146344,4378900,VWO
2008-10-10,15.36837100982666,15.97567045864611,14.085607934062262,14.835436350862322,9109300,VWO
2008-10-13,18.48542022705078,18.590767959433002,16.508601569746364,16.71309997002136,6867700,VWO
2008-10-14,18.01445960998535,19.036951931847916,17.481523716542625,18.572182587185882,9970300,VWO
2008-10-15,15.250628471374512,16.973372375578165,15.207250197811012,16.973372375578165,4713500,VWO
2008-10-16,15.634839057922363,16.000457670575088,14.389257184948256,15.665824387281596,6142600,VWO
2008-10-17,15.554279327392578,16.266925344171938,14.891208654859536,14.891208654859536,7540900,VWO
2008-10-20,16.45903205871582,16.496214458806985,15.65343230158772,15.895111992332229,3655600,VWO
2008-10-21,15.213451385498047,15.988067060563521,15.182467231283313,15.988067060563521,4583900,VWO
2008-10-22,13.750972747802734,14.556572281410096,13.37915712384192,14.556572281410096,5015500,VWO
2008-10-23,13.912097930908203,14.221944199463222,13.044527433378382,13.633235816420802,6137100,VWO
2008-10-24,12.672710418701172,13.032131973800377,11.966260258563818,11.966260258563818,4718600,VWO
2008-10-27,12.220337867736816,12.833833411007609,12.12738421244788,12.245126139531122,5075400,VWO
2008-10-28,14.296307563781738,14.308701698995794,12.610744179673196,12.994952915550611,6367500,VWO
2008-10-29,14.153778076171875,14.748682362694597,13.503101365041429,13.658024504069607,5441500,VWO
2008-10-30,15.603854179382324,15.603854179382326,14.94078352776725,15.201054372341984,4689200,VWO
2008-10-31,15.622443199157715,15.721595060176814,15.083311529570748,15.275415822483515,7382000,VWO
2008-11-03,15.641027450561523,15.795950465541694,15.430332055630991,15.696799830511889,4381400,VWO
2008-11-04,17.010557174682617,17.010557174682617,16.235941660024384,16.328895285389475,4220200,VWO
2008-11-05,15.027538299560547,16.353679445497786,15.027538299560547,16.15537809828877,4360900,VWO
2008-11-06,14.190950393676758,15.058519191435742,13.961664953696166,14.953171475724144,4803100,VWO
2008-11-07,15.411751747131348,15.486114179207,14.742483948602734,15.05852605787858,5287200,VWO
2008-11-10,15.467519760131836,16.112000341121977,15.126689456472745,16.056227937691318,3849400,VWO
2008-11-11,14.655725479125977,15.0647223812806,14.345879269495533,15.002752902960612,4025000,VWO
2008-11-12,13.385354995727539,14.612345564993811,13.385354995727537,14.612345564993811,5449000,VWO
2008-11-13,15.163866996765137,15.225836450250375,13.149867441293521,13.943073845572727,9652900,VWO
2008-11-14,13.924492835998535,14.674321525675133,13.912099881815442,14.302505714875078,5908300,VWO
2008-11-17,13.707594871520996,14.252923602326103,13.589852997767762,13.850123823871622,3473300,VWO
2008-11-18,13.521690368652344,13.781961269930322,13.038330967685859,13.695204696827549,4495200,VWO
2008-11-19,12.49919319152832,13.42253453630242,12.424829598714723,13.341975060892796,5747300,VWO
2008-11-20,11.52628231048584,12.60454726590322,11.46431281562902,12.28850390590626,8599000,VWO
2008-11-21,13.013540267944336,13.044524414842142,11.991048054714026,12.55496803843406,9383900,VWO
2008-11-24,13.924492835998535,14.19715792151456,12.994953899983335,12.994953899983335,10986100,VWO
2008-11-25,13.651822090148926,14.054621857477992,13.28000646570314,14.029833597595939,6553400,VWO
2008-11-26,14.5813627243042,14.593755674115181,13.540279294136136,13.614641720879876,5148400,VWO
2008-11-28,14.271520614624023,14.426443760402519,14.172369895883373,14.426443760402519,2015200,VWO
2008-12-01,13.007344245910645,13.819141015861916,12.920587682059686,13.78815686647787,4993600,VWO
2008-12-02,13.732389450073242,13.769570679260545,13.236635787675999,13.565072145775435,6368800,VWO
2008-12-03,13.912097930908203,13.936885017768354,13.242830038108153,13.323389547865784,5071600,VWO
2008-12-04,13.341978073120117,13.775762052899312,13.08170721246481,13.521688258208355,5554700,VWO
2008-12-05,13.992654800415039,14.005048932491343,13.01354082380736,13.18085806092899,5635900,VWO
2008-12-08,14.575165748596191,14.965571446340075,14.494605073494306,14.537983353024796,6135600,VWO
2008-12-09,14.488412857055664,14.909804025488347,14.358277974906088,14.53798821910834,15147300,VWO
2008-12-10,15.380767822265625,15.417949041704246,14.990362063235985,15.021346215773226,5865200,VWO
2008-12-11,15.083313941955566,15.721597574647006,14.97796618086998,15.30020653030466,4900200,VWO
2008-12-12,15.225842475891113,15.300206085896665,14.575165911712828,14.668119537742657,5492900,VWO
2008-12-15,15.10810375213623,15.300209292423629,14.885015239304973,15.281618090533636,5981400,VWO
2008-12-16,16.279321670532227,16.359881172555124,15.244435185641892,16.279321670532227,6502300,VWO
2008-12-17,15.864123344421387,16.087211771888914,15.684412007493009,15.820745071912958,7356400,VWO
2008-12-18,15.560477256774902,16.03144364423824,15.386962951298038,16.01904951199643,4496200,VWO
2008-12-19,15.517097473144531,15.845533671958625,15.38696146114753,15.678216448806507,3664000,VWO
2008-12-22,14.99655818939209,15.492311690706877,14.804452673409227,15.492311690706877,4972000,VWO
2008-12-23,14.804455757141113,15.10810498769201,14.742487443046103,14.87262232100942,4054400,VWO
2008-12-24,14.985662460327148,15.083437304818293,14.737966104731278,15.050846104412779,2772500,VWO
2008-12-26,14.97262191772461,14.992177379276328,14.698851672372069,14.966103430540702,3177500,VWO
2008-12-29,15.031291961669922,15.13558530407984,14.822705276850087,15.063884408219716,3866100,VWO
2008-12-30,15.376758575439453,15.402831279468392,15.050841693795164,15.187726187314132,7031700,VWO
2008-12-31,15.36372184753418,15.585345430059157,15.122544047493285,15.19424491717542,5240700,VWO
2009-01-02,16.18503761291504,16.33495912936636,15.591868792803597,15.644015461276869,3513000,VWO
2009-01-05,16.445768356323242,16.550061676788097,16.061186270881166,16.19807203103782,3500100,VWO
2009-01-06,16.739097595214844,16.869463651401816,16.49139997489259,16.686950924085114,3923000,VWO
2009-01-07,15.85260009765625,16.230663706314107,15.761343750375746,16.230663706314107,3671500,VWO
2009-01-08,15.754833221435547,15.806979909550481,15.481062798013358,15.591874665666985,3591100,VWO
2009-01-09,15.370243072509766,15.728751214607625,15.233358552416776,15.683123041243295,7520900,VWO
2009-01-12,14.65974235534668,15.213801346947687,14.601077212513966,15.142099229424515,2643800,VWO
2009-01-13,14.75751781463623,14.985659908448769,14.588040866183329,14.692335424924982,2733000,VWO
2009-01-14,14.027467727661133,14.57500837733645,14.007912260431775,14.54241593195419,3337800,VWO
2009-01-15,14.216497421264648,14.451158029886335,13.623328654603862,14.15131378072812,4739000,VWO
2009-01-16,14.418564796447754,14.69233505344595,14.060055445728443,14.659742616139999,3074000,VWO
2009-01-20,13.362597465515137,14.092652117989042,13.362597465515137,14.079615139148943,4326700,VWO
2009-01-21,14.105682373046875,14.20997567669691,13.46036709048444,13.786283975209361,4421300,VWO
2009-01-22,13.779768943786621,13.955764404057156,13.42777926652011,13.68851259102763,3052700,VWO
2009-01-23,13.812362670898438,13.94924721276671,13.219193836253229,13.336522910736887,3815800,VWO
2009-01-26,14.020950317382812,14.307757642440867,13.838436339023183,14.033987296538806,3237000,VWO
2009-01-27,14.138277053833008,14.327308230504922,14.027465245689315,14.196942201866399,2603000,VWO
2009-01-28,14.946553230285645,14.966107453819742,14.614117754184948,14.692338378145259,5417100,VWO
2009-01-29,14.177388191223145,14.47723120677147,14.164351214040721,14.379456364452434,2586400,VWO
2009-01-30,13.994874954223633,14.48375043402577,13.994874954223633,14.359902874300301,2595100,VWO
2009-02-02,13.903617858886719,14.04050363247856,13.740659374256882,13.753696351413167,6690600,VWO
2009-02-03,14.301238059997559,14.372938953326795,13.910137418128022,14.079614404380642,4323900,VWO
2009-02-04,14.4446439743042,14.751005562585796,14.320795143605293,14.490272163699872,4554200,VWO
2009-02-05,14.718409538269043,14.85529530494362,14.209978644337694,14.327308946266044,3686400,VWO
2009-02-06,15.428912162780762,15.513650043061208,14.881371456011562,14.972627826048164,4028200,VWO
2009-02-09,15.272470474243164,15.500612617749216,15.161658647013063,15.415873503427848,4095300,VWO
2009-02-10,14.451155662536621,15.34416853206464,14.3859720326783,15.181210079056005,5821100,VWO
2009-02-11,14.79011344909668,14.966107679935773,14.53589734984082,14.848778607134596,3335500,VWO
2009-02-12,14.75751781463623,14.777073277514239,14.26212394452953,14.425082405356429,4146300,VWO
2009-02-13,14.842254638671875,14.946547938175499,14.672777716159938,14.894401288423687,4104100,VWO
2009-02-17,13.6754789352417,14.047024168308559,13.6754789352417,13.981841753807249,4288700,VWO
2009-02-18,13.786290168762207,13.968804153782122,13.59725893720123,13.955767174150383,4563400,VWO
2009-02-19,13.727625846862793,14.151317764719536,13.695034639056459,14.105689576480717,2712800,VWO
2009-02-20,13.401703834533691,13.603773226608672,13.16704448999171,13.34955717538276,5111600,VWO
2009-02-23,13.075785636901855,13.740656409102197,13.036675957147219,13.71458370369054,4428600,VWO
2009-02-24,13.773247718811035,13.825394373352099,13.160524838772107,13.219189980540094,4927900,VWO
2009-02-25,13.571186065673828,13.85799342418576,13.297415687838553,13.649406706458866,8514500,VWO
2009-02-26,13.421260833740234,13.877545085979385,13.421260833740234,13.753696290095975,4092800,VWO
2009-02-27,13.662433624267578,13.662433624267578,13.069265062415306,13.12141170818449,9580000,VWO
2009-03-02,13.023643493652344,13.023643493652344,12.384846448885252,12.88024045603363,6633900,VWO
2009-03-03,12.652094841003418,12.847644497333,12.423952746435974,12.736833937147459,4814100,VWO
2009-03-04,13.5125093460083,13.63635807002632,13.154001386761315,13.264813141246103,5043400,VWO
2009-03-05,12.919346809387207,13.206154053753128,12.834608955263445,13.075786785421052,3369800,VWO
2009-03-06,13.1018648147583,13.369116679082504,12.78246627552388,13.219195144124985,3380400,VWO
2009-03-09,12.873719215393066,13.245264330533661,12.710760744312141,12.886756191465413,3473000,VWO
2009-03-10,13.903617858886719,13.929691813199288,13.382151205381069,13.408223916419066,3474200,VWO
2009-03-11,13.864510536193848,14.09265270225514,13.701552023760751,14.027469048626946,4917200,VWO
2009-03-12,14.33382797241211,14.431602813263373,13.753696172523338,13.799324348702289,3081600,VWO
2009-03-13,14.42508316040039,14.503303772732291,14.21649651854793,14.431601648367586,4996200,VWO
2009-03-16,14.483747482299805,14.855293815580564,14.45115628759813,14.66626140514258,2837200,VWO
2009-03-17,14.816180229187012,14.855291147734391,14.372933098509977,14.438116719481451,2790200,VWO
2009-03-18,15.13558292388916,15.246394738182998,14.490267502980753,14.783593259427535,5011200,VWO
2009-03-19,15.031291961669922,15.37024594613951,14.99218226908488,15.272471093039552,5043700,VWO
2009-03-20,14.835738182067871,15.11602692906454,14.783591525180658,14.998696640249715,5091700,VWO
2009-03-23,16.139408111572266,16.191554775774655,15.376762370565684,15.396317835869535,5943400,VWO
2009-03-24,15.68312931060791,15.904753021207334,15.624464137609534,15.689647801304949,3990000,VWO
2009-03-25,15.930813789367676,16.145918831110237,15.57882304291224,15.806965055251066,3910400,VWO
2009-03-26,16.29584503173828,16.380582878862626,16.074221439844695,16.26325383898453,4360000,VWO
2009-03-27,15.839561462402344,16.00903840622593,15.754823612127728,15.989484187156442,8127600,VWO
2009-03-30,15.057358741760254,15.239871382344884,14.894400316510195,15.194243222198727,3329900,VWO
2009-03-31,15.35720443725586,15.624456203753283,15.27898507515992,15.435425042626143,4461200,VWO
2009-04-01,15.917781829833984,16.02859362823889,15.376759812509858,15.435424955387418,6800700,VWO
2009-04-02,16.817312240600586,17.051972816186666,16.556578958435143,16.576134420825436,7133900,VWO
2009-04-03,17.012863159179688,17.012863159179688,16.602207151312687,16.71953743927469,7338200,VWO
2009-04-06,16.791240692138672,16.830350376342356,16.563098588280717,16.791240692138672,4764200,VWO
2009-04-07,16.445768356323242,16.621763800835602,16.393621696090815,16.537025944185828,2587300,VWO
2009-04-08,16.71953582763672,16.830347617444474,16.491393761176724,16.569614360036297,3083700,VWO
2009-04-09,17.4495906829834,17.456109170011423,17.23448558415564,17.299669211161625,3954300,VWO
2009-04-13,17.57344627380371,17.658185400793368,17.254047722455812,17.417006243139934,2724400,VWO
2009-04-14,17.299671173095703,17.619069614045905,17.260560246492027,17.48870234524915,3481500,VWO
2009-04-15,17.527812957763672,17.579959619391893,17.227969964220016,17.338781775589297,2858600,VWO
2009-04-16,17.775503158569336,17.840686769381016,17.456104833193454,17.664691393171665,4183700,VWO
2009-04-17,17.606035232543945,17.74291976600182,17.488704921994568,17.638626432907838,6520900,VWO
2009-04-20,16.75864601135254,17.123673826017978,16.73909179350301,17.104118364894166,4389300,VWO
2009-04-21,17.182336807250977,17.19537253642137,16.62827791110022,16.732571204108112,1359800,VWO
2009-04-22,17.045454025268555,17.338779739529173,16.889014058754338,16.895532546101723,3242400,VWO
2009-04-23,17.371376037597656,17.40396848391192,17.0910872156685,17.319229366769537,4544100,VWO
2009-04-24,17.690771102905273,17.80810140021296,17.482184460258036,17.61255173354979,4327100,VWO
2009-04-27,17.09760093688965,17.36485270576407,17.01938157409801,17.175821542955642,5848800,VWO
2009-04-28,17.00634765625,17.201897341655247,16.771687039144037,16.771687039144037,3202300,VWO
2009-04-29,17.925432205200195,18.094909167969572,17.469147979030758,17.482184955384053,4925400,VWO
2009-04-30,18.036245346069336,18.375199296572905,17.93195201411048,18.375199296572905,6352500,VWO
2009-05-01,18.36216163635254,18.440382254049872,17.990616499657925,18.088391339323685,3972100,VWO
2009-05-04,19.59412384033203,19.62019778931721,18.811924019891478,18.831478238356045,5922200,VWO
2009-05-05,19.333396911621094,19.57457604578607,19.118291734998156,19.372506604659428,5728600,VWO
2009-05-06,19.744049072265625,19.848342394925787,19.39205817583172,19.587607845000907,7779900,VWO
2009-05-07,19.203031539916992,20.056935086095336,19.066146978891748,19.946123241957107,8300900,VWO
2009-05-08,19.926557540893555,19.965667217781323,19.470274661805014,19.698415479712178,6015800,VWO
2009-05-11,19.47679328918457,19.607160545772906,19.307317596203752,19.55501389179243,3953300,VWO
2009-05-12,19.581090927124023,19.789677575926895,19.320356372845943,19.770122111373688,4605800,VWO
2009-05-13,18.903179168701172,19.18346788633338,18.798885865853038,19.18346788633338,5276900,VWO
2009-05-14,19.1834716796875,19.281246515032414,18.792371095033342,18.824962292390154,3868500,VWO
2009-05-15,19.033557891845703,19.34643798898632,18.890153581533344,19.209552169440432,3541200,VWO
2009-05-18,20.213367462158203,20.25899563188659,19.652789963725102,19.685382401584224,7933600,VWO
2009-05-19,20.350252151489258,20.59794970831375,20.17425795858957,20.26551429885418,6413700,VWO
2009-05-20,20.428476333618164,20.858686646234787,20.37632966673356,20.597953311811775,7870600,VWO
2009-05-21,20.089519500732422,20.21336828307816,19.854858911714054,20.21336828307816,6126400,VWO
2009-05-22,20.291589736938477,20.428475509031855,20.109077031846716,20.200333384392597,5038500,VWO
2009-05-26,20.46758460998535,20.487140074945046,19.783159498964835,19.933081000498927,6416300,VWO
2009-05-27,20.272035598754883,20.773948026387625,20.239443156085805,20.578397100196845,7637900,VWO
2009-05-28,20.897794723510742,20.910831699269252,20.408918078762042,20.624023205679737,5705500,VWO
2009-05-29,21.2628231048584,21.282379814535688,20.98905403486865,21.217194926526776,12123300,VWO
2009-06-01,22.09065055847168,22.214500591341377,21.758216362269298,21.888583640082608,7320500,VWO
2009-06-02,21.771251678466797,21.95376436155792,21.66043863048375,21.71910377669858,5500800,VWO
2009-06-03,21.08030891418457,21.510519198696542,20.81957559679467,21.504001953627004,6030000,VWO
2009-06-04,21.412748336791992,21.48445048278165,21.11290525951674,21.308454984411483,5692900,VWO
2009-06-05,21.445331573486328,22.286195229203077,21.204151293378718,22.286195229203077,6676000,VWO
2009-06-08,21.1324520111084,21.26281927710817,20.786980869775462,20.995567500755588,5301200,VWO
2009-06-09,21.15201187133789,21.230231247981887,20.956462186453315,21.20415729358417,4541900,VWO
2009-06-10,21.35407066345215,21.62784210719482,21.08681894909879,21.608287892123272,4907200,VWO
2009-06-11,21.751691818237305,22.012426316176683,21.445331642689254,21.46488585974275,4728800,VWO
2009-06-12,21.4909610748291,21.53658924167832,21.35407408773284,21.51051529303631,3904200,VWO
2009-06-15,20.715280532836914,21.17156348919072,20.526248116533257,21.17156348919072,3924200,VWO
2009-06-16,20.441516876220703,20.956466389380196,20.35677775070783,20.86520753068576,3874600,VWO
2009-06-17,20.285072326660156,20.46106654181318,20.011302027975443,20.337218991015597,4724500,VWO
2009-06-18,20.245960235595703,20.389364486810262,20.037373590128507,20.32418084928314,4714400,VWO
2009-06-19,20.330699920654297,20.565359281900072,20.298107479318418,20.467584444441457,4291000,VWO
2009-06-22,19.555021286010742,20.148190165557754,19.541984306767457,20.083006512616095,5719700,VWO
2009-06-23,19.678869247436523,19.789681079641323,19.46376407236541,19.678869247436523,4482000,VWO
2009-06-24,20.239442825317383,20.46758494717421,20.076484344458873,20.239442825317383,4340000,VWO
2009-06-25,20.741352081298828,20.760907543598105,20.076481282415585,20.141664913472162,5150100,VWO
2009-06-26,20.852163314819336,20.917346944105685,20.70876032500882,20.721797299520954,10681900,VWO
2009-06-29,20.982534408569336,21.08682774336013,20.78698471665526,21.08682774336013,8366400,VWO
2009-06-30,20.741352081298828,21.041195043574984,20.584912112727654,20.956458436767832,9863800,VWO
2009-07-01,21.178081512451172,21.341039964423853,21.106379395735406,21.11289663973291,15005300,VWO
2009-07-02,20.571874618530273,20.86519908596844,20.53276493819338,20.767425506763374,5348500,VWO
2009-07-06,20.617515563964844,20.63055254658166,20.18078659250213,20.33722789735378,4367900,VWO
2009-07-07,20.135147094726562,20.63054096662446,20.083000436804383,20.58491279635185,4851500,VWO
2009-07-08,19.90700340270996,20.23292027903508,19.59412225654944,20.206846332157447,5938700,VWO
2009-07-09,20.226404190063477,20.38284416005187,20.10255541426144,20.30462355342049,5322700,VWO
2009-07-10,19.97870445251465,20.096034727986993,19.783154822243564,19.991741426072515,3641600,VWO
2009-07-13,20.122119903564453,20.161229602787657,19.574579141339914,19.880940731259034,7284000,VWO
2009-07-14,20.31766128540039,20.369807944006073,20.109074650977675,20.2589961390597,3542300,VWO
2009-07-15,21.37363624572754,21.393190468923784,20.884760773427544,20.884760773427544,6957700,VWO
2009-07-16,21.37363624572754,21.51052078119972,21.04771926419421,21.197640777313634,5173300,VWO
2009-07-17,21.601768493652344,21.61480546608249,21.321479802774803,21.39970163735568,9444600,VWO
2009-07-20,22.266645431518555,22.286199652389914,22.03198483486648,22.05154154228678,8009900,VWO
2009-07-21,22.240575790405273,22.40353429338475,21.875550335122874,22.36442584406131,8949200,VWO
2009-07-22,22.194942474365234,22.338346719510746,21.90161673954434,21.927690690761498,7043800,VWO
2009-07-23,22.78812026977539,22.911970344137654,22.26013622324099,22.312281659906805,8894000,VWO
2009-07-24,22.722929000854492,22.722929000854492,22.4100490430888,22.55997053410889,6335600,VWO
2009-07-27,22.872848510742188,22.89240272936233,22.5599685800766,22.794629149712954,5512600,VWO
2009-07-28,22.755517959594727,22.840257050204663,22.475229225426084,22.67729859948097,5641500,VWO
2009-07-29,22.27315902709961,22.4882653676377,22.162348478251648,22.455674176008802,7260300,VWO
2009-07-30,22.8663330078125,23.107510839836507,22.814185105456584,22.918478423619575,6664000,VWO
2009-07-31,23.003217697143555,23.192250114802437,22.84025923086152,22.95106979438985,8308400,VWO
2009-08-03,23.87666893005371,23.92229708975304,23.505123923045886,23.628971429865757,6849800,VWO
2009-08-04,23.694164276123047,23.811494591930998,23.48557760058653,23.557279736530205,6216800,VWO
2009-08-05,23.492097854614258,23.563799992150354,23.120552675153906,23.524689057162657,6127600,VWO
2009-08-06,23.29003143310547,23.628985453864104,23.048853519189596,23.609431227115426,5606500,VWO
2009-08-07,23.452983856201172,23.58986838095423,23.27698840156908,23.498612031118856,9778600,VWO
2009-08-10,23.25743293762207,23.355209013822485,23.042326564600724,23.283506889482037,4107900,VWO
2009-08-11,22.840261459350586,23.09447629370609,22.703376931089796,23.061885094579583,4967400,VWO
2009-08-12,23.094478607177734,23.205289192618046,22.742487653633184,22.794635566698755,5971800,VWO
2009-08-13,23.485570907592773,23.524681830565907,23.14661703480478,23.42038852251949,5907400,VWO
2009-08-14,23.16617202758789,23.492088901966284,22.964102670315857,23.479051928605337,6217900,VWO
2009-08-17,22.214502334594727,22.286201980797024,22.103689269465352,22.286201980797024,6829000,VWO
2009-08-18,22.579517364501953,22.63818249279215,22.383967765717312,22.462187107921558,5439700,VWO
2009-08-19,22.696853637695312,22.749001537353845,22.11672193001206,22.149313124024285,6177900,VWO
2009-08-20,22.990184783935547,23.087958389052535,22.71641321919952,22.755524153175898,6278000,VWO
2009-08-21,23.42038917541504,23.45298036886023,23.159654654756146,23.263947965709967,4461300,VWO
2009-08-24,23.466026306152344,23.739795419513634,23.387806914699063,23.68113274083589,8572800,VWO
2009-08-25,23.433429718017578,23.804974850270384,23.42690998640666,23.6420163716841,6926300,VWO
2009-08-26,23.303064346313477,23.387803458352046,23.159660077717326,23.355212257275443,4959700,VWO
2009-08-27,23.26395034790039,23.329135228014273,22.86633376867587,23.198767954335434,4349300,VWO
2009-08-28,23.26395034790039,23.492093698475593,23.1205485847477,23.420391573624784,5566400,VWO
2009-08-31,22.840261459350586,22.911963589358365,22.762039597588043,22.872852658477093,5595300,VWO
2009-09-01,22.48175621032715,23.24440081226058,22.42309104967462,22.879372869694915,8971900,VWO
2009-09-02,22.74900245666504,22.82722182276505,22.481750676486918,22.546933067145456,5278300,VWO
2009-09-03,23.16617202758789,23.16617202758789,22.820698449893868,23.08143294401595,6331200,VWO
2009-09-04,23.622465133666992,23.622465133666992,23.127069903724603,23.283511157008874,5208100,VWO
2009-09-08,24.124372482299805,24.1504464360847,23.980970709581076,24.143929190913024,4561300,VWO
2009-09-09,24.176525115966797,24.339483629154348,24.07223176698875,24.241707526621987,7247600,VWO
2009-09-10,24.521989822387695,24.52198982238769,24.039634144579175,24.254738031561644,5061100,VWO
2009-09-11,24.443771362304688,24.645840767390716,24.319923815893322,24.55458193227028,6748700,VWO
2009-09-14,24.43073272705078,24.456806678171954,24.117852773243218,24.117852773243218,3304300,VWO
2009-09-15,24.691465377807617,24.72405657094347,24.365548473351783,24.50895022045927,5246700,VWO
2009-09-16,25.34981918334961,25.349819183349613,24.93264589819496,25.082567392138106,8883200,VWO
2009-09-17,25.128192901611328,25.415001369669792,25.03041932194939,25.265077405067238,10978800,VWO
2009-09-18,25.212940216064453,25.27812262376406,25.08257291411578,25.25856839876407,4481200,VWO
2009-09-21,24.978282928466797,25.043465344930883,24.737105003689923,24.92613749260549,7178300,VWO
2009-09-22,25.428035736083984,25.467146659690865,25.22596884715337,25.388927299025745,5771900,VWO
2009-09-23,25.036937713623047,25.499739143596727,25.01086376323188,25.362854633866277,7143400,VWO
2009-09-24,24.541547775268555,25.141233780614712,24.437254448836658,25.09560560571007,5512400,VWO
2009-09-25,24.724061965942383,24.84139227607284,24.554583746176526,24.580657700994227,4614500,VWO
2009-09-28,25.03041648864746,25.141227030364263,24.697979890400312,24.76968199929865,3873100,VWO
2009-09-29,24.99782943725586,25.160787914647486,24.9000558427503,25.095605518310446,5031500,VWO
2009-09-30,25.11516571044922,25.375900330879034,24.80880539097625,25.19338758850794,27786800,VWO
2009-10-01,24.482873916625977,25.1151508953905,24.450280243386562,25.10863365267151,8733700,VWO
2009-10-02,24.541547775268555,24.580656218587368,24.14392869120037,24.163482912859774,5997400,VWO
2009-10-05,25.08256721496582,25.154269339073227,24.619765760425715,24.763170008640525,6935400,VWO
2009-10-06,25.49321937561035,25.7018059849934,25.310706714037316,25.382406340692064,11213600,VWO
2009-10-07,25.43456268310547,25.49974508772899,25.265084452605365,25.401971480793712,6984100,VWO
2009-10-08,25.825668334960938,25.910407470721815,25.551899185418044,25.727894704359883,6110100,VWO
2009-10-09,25.96255111694336,25.96255111694336,25.78003589411498,25.838701057425972,5210200,VWO
2009-10-12,26.118980407714844,26.236310691719716,25.988613149204024,26.11246316373619,5060600,VWO
2009-10-13,26.125507354736328,26.19068975872237,25.832181563700498,26.060322464200965,25530200,VWO
2009-10-14,26.95985221862793,26.979406441177446,26.588307070892174,26.705637379287587,17869700,VWO
2009-10-15,26.84252166748047,26.85555864457863,26.59482407571365,26.70563713777346,8450200,VWO
2009-10-16,26.45142364501953,26.542680002795272,26.19720630850949,26.4057929795824,9842600,VWO
2009-10-19,26.940290451049805,27.00547283232567,26.581779894387164,26.686073196357626,6081400,VWO
2009-10-20,26.523130416870117,26.836010507517635,26.308026442415542,26.80341929763663,11033400,VWO
2009-10-21,26.431865692138672,26.9207411457043,26.412311469691772,26.42534844683942,12071400,VWO
2009-10-22,26.640443801879883,26.692591693731114,26.105940343146468,26.353637856343134,7628100,VWO
2009-10-23,26.38623809814453,26.888150539942696,26.275427519765955,26.796894184442884,9072800,VWO
2009-10-26,26.145048141479492,26.822955735343445,26.04727209920271,26.620886408360523,6986800,VWO
2009-10-27,25.7148494720459,26.15157701901113,25.688775517631782,26.145059773682178,9850300,VWO
2009-10-28,24.606739044189453,25.44108595648188,24.528519642799523,25.44108595648188,15079300,VWO
2009-10-29,25.649673461914062,25.747449581527206,24.95873083668787,25.01087627701154,13010500,VWO
2009-10-30,24.508949279785156,25.460628494046915,24.359027807875425,25.447591519983217,14790500,VWO
2009-11-02,24.978282928466797,25.212943606217184,24.456816137104717,24.83487862838605,11016600,VWO
2009-11-03,24.730567932128906,24.945674231444364,24.378579648823337,24.463316233509982,9460900,VWO
2009-11-04,25.369373321533203,25.68225577093049,25.265080000583744,25.42803846997658,7469700,VWO
2009-11-05,25.897357940673828,25.897357940673828,25.46063046519709,25.571441023494625,10930800,VWO
2009-11-06,25.81261444091797,25.949501412549814,25.564919416447303,25.584473632445427,9514700,VWO
2009-11-09,26.70563316345215,26.71867013861015,26.288459904591036,26.30149439320028,11262900,VWO
2009-11-10,26.516603469848633,26.653487993207012,26.334090772037463,26.418827389421782,7054100,VWO
2009-11-11,26.686080932617188,26.95333275180172,26.56875062306796,26.907704574371373,8048800,VWO
2009-11-12,26.118980407714844,26.67955787872732,26.11246316373619,26.510079696698664,12246400,VWO
2009-11-13,26.581775665283203,26.633923551246042,26.20371343824485,26.327560937584504,9179000,VWO
2009-11-16,27.220577239990234,27.36398146560663,26.933771275305947,26.966362466614626,11431600,VWO
2009-11-17,27.122814178466797,27.13585115735291,26.731712271531794,26.95333593949679,11366900,VWO
2009-11-18,26.901187896728516,27.14888549839894,26.822968517561254,27.14888549839894,15956800,VWO
2009-11-19,26.45794105529785,26.614382302850842,26.20372620375485,26.60786257065528,7029400,VWO
2009-11-20,26.431865692138672,26.470976623581613,26.2232790308746,26.294981161912087,5742600,VWO
2009-11-23,26.881629943847656,27.142362000412664,26.822964795974478,27.057622900918314,5970300,VWO
2009-11-24,26.790369033813477,26.8425169330083,26.47748909829061,26.75777784009106,7800800,VWO
2009-11-25,27.011999130249023,27.051110064053592,26.731710321022838,26.894668815384605,6438500,VWO
2009-11-27,26.027729034423828,26.26238964716725,25.45411447955647,25.76047722247695,9214900,VWO
2009-11-30,26.268903732299805,26.308014658568457,25.98209773264278,26.21023858617123,22169500,VWO
2009-12-01,26.927261352539062,27.031554685010793,26.718674687595605,26.770820110556876,7348700,VWO
2009-12-02,27.051103591918945,27.21406204729195,26.95332752407566,26.972884229573538,6095700,VWO
2009-12-03,26.849037170410156,27.31835836929128,26.78385477569843,27.194510824719412,19789400,VWO
2009-12-04,27.018522262573242,27.48784109454194,26.731713685012235,27.377030497974896,10905600,VWO
2009-12-07,26.803407669067383,27.05762247701887,26.783853448932298,26.855555571492737,6699100,VWO
2009-12-08,26.405792236328125,26.614381388079057,26.294981658304973,26.58830743329154,9300700,VWO
2009-12-09,26.575267791748047,26.594822012603796,26.262387825311407,26.44490051742888,10920300,VWO
2009-12-10,26.633935928344727,26.74474650768863,26.477494684304204,26.660009883443017,11777100,VWO
2009-12-11,26.770822525024414,26.803413728133265,26.633937980037587,26.783859503577837,18813800,VWO
2009-12-14,26.9077091217041,26.99244824548794,26.809935504922375,26.927265834300123,12826400,VWO
2009-12-15,26.744739532470703,26.92073495365948,26.627409251678188,26.660002930324996,16316900,VWO
2009-12-16,26.816442489624023,26.992437916342805,26.738223128820778,26.894661850427266,10942600,VWO
2009-12-17,26.0733642578125,26.373207350005394,26.047290296782737,26.353653122507968,8827700,VWO
2009-12-18,26.184160232543945,26.223271152236222,25.916908497684354,26.138532069510482,11910400,VWO
2009-12-21,26.1385440826416,26.37972446843325,26.10595287786016,26.22980293719899,16585900,VWO
2009-12-22,26.308013916015625,26.33408786612545,26.177646652015255,26.242829040741068,16657100,VWO
2009-12-23,26.529640197753906,26.660007474918466,26.366681722935454,26.52312046629373,8827600,VWO
2009-12-24,26.850069046020508,26.89631650338906,26.76417983078003,26.836855126729866,2458300,VWO
2009-12-28,26.968994140625,27.06148906339195,26.869890997490337,27.054883363321863,7570200,VWO
2009-12-29,26.942567825317383,27.061490595693687,26.86989251894322,27.061490595693687,9393000,VWO
2009-12-30,27.00863265991211,27.035057977318072,26.902923829396297,26.968990903357184,6366800,VWO
2009-12-31,27.087913513183594,27.319150791152826,27.087913513183594,27.27290333555898,4666600,VWO
2010-01-04,28.012874603271484,28.012874603271484,27.58343095749078,27.590036658369865,16750400,VWO
2010-01-05,28.105361938476562,28.204462546656483,27.953405656362886,28.07232840241659,13083300,VWO
2010-01-06,28.277130126953125,28.303557956713096,28.11856818898642,28.1516017160381,16128000,VWO
2010-01-07,28.032684326171875,28.0987513928222,27.874119837795227,28.026076107328617,7696600,VWO
2010-01-08,28.2044620513916,28.23749810716872,27.966619083757923,28.059113991220553,7663100,VWO
2010-01-11,28.244110107421875,28.38946072031793,28.072334172424714,28.38946072031793,8068300,VWO
2010-01-12,27.834484100341797,27.966620770528294,27.64949175396175,27.940192932431522,11307800,VWO
2010-01-13,27.94680404663086,27.986445811456797,27.656105332134214,27.926984424366818,6855000,VWO
2010-01-14,27.880739212036133,27.98644807315019,27.808063897464336,27.887344913225366,6466600,VWO
2010-01-15,27.550384521484375,27.874116639339732,27.49092316020324,27.874116639339732,6679600,VWO
2010-01-19,28.026079177856445,28.09875447131231,27.68252736927887,27.69573876781874,6807700,VWO
2010-01-20,27.338972091674805,27.629670735113,27.153979754671198,27.60985111769367,12561800,VWO
2010-01-21,26.546154022216797,27.29932971044451,26.53954580303042,27.233262640363794,13739200,VWO
2010-01-22,25.9515438079834,26.427234841627904,25.90529634863435,26.39420130213537,16390400,VWO
2010-01-25,26.20261001586914,26.427241670883575,26.06386760196856,26.35456635304094,13534300,VWO
2010-01-26,25.700496673583984,26.011015087358615,25.59478779479504,25.733530225649567,17390700,VWO
2010-01-27,25.627811431884766,25.68727281071758,25.244615319340532,25.4692469148981,13263300,VWO
2010-01-28,25.528709411621094,25.997792242788922,25.29747210619966,25.931725161324973,18574200,VWO
2010-01-29,25.264440536499023,25.885479719723037,25.152123464890646,25.806198711721585,16906200,VWO
2010-02-01,25.991186141967773,25.991186141967773,25.50888939788483,25.50888939788483,10503100,VWO
2010-02-02,26.116714477539062,26.162961937688152,25.753340496240142,25.97136639719803,19955200,VWO
2010-02-03,26.044036865234375,26.23563490901348,25.911902716708276,26.176173534057803,12056000,VWO
2010-02-04,24.854812622070312,25.6145966000701,24.795351245354702,25.607988380269806,16197300,VWO
2010-02-05,24.808570861816406,24.808570861816406,23.943080371230614,24.61036706734703,22357500,VWO
2010-02-08,24.346086502075195,24.795349648256153,24.30644726701627,24.663215504330072,9580200,VWO
2010-02-09,25.09265899658203,25.33711021139996,24.755712863740968,24.947308399518537,15141100,VWO
2010-02-10,25.013378143310547,25.244615439708767,24.762318707008546,25.132300901543204,8529400,VWO
2010-02-11,25.627811431884766,25.654239271432125,25.00016410427119,25.191762160543306,9560200,VWO
2010-02-12,25.343721389770508,25.436216318590464,24.9737391541929,25.145517610828062,8314000,VWO
2010-02-16,25.991186141967773,26.02421968219036,25.594778618701607,25.72691277959195,9061000,VWO
2010-02-17,26.090288162231445,26.176174859061415,25.918509727976588,26.162960939480467,8934700,VWO
2010-02-18,26.143144607543945,26.248853457186083,25.859051601574855,25.892085144532192,21926100,VWO
2010-02-19,25.971364974975586,26.08367950910216,25.78637262421208,25.86565614038105,8423900,VWO
2010-02-22,25.984582901000977,26.14314491719337,25.931727215404976,26.12993099579437,11123200,VWO
2010-02-23,25.403182983398438,25.984582923979566,25.376755140577067,25.865660151581203,10393500,VWO
2010-02-24,25.720306396484375,25.806195615019767,25.482460880723295,25.601383638603835,6389200,VWO
2010-02-25,25.515491485595703,25.52209970488324,25.00676697323552,25.112475799161196,12701600,VWO
2010-02-26,25.74013328552246,25.79959468125573,25.376759209507238,25.541929473177632,10527800,VWO
2010-03-01,26.16956329345703,26.242238574713195,25.997784897706662,26.063854480801762,7483700,VWO
2010-03-02,26.46687889099121,26.618835202041435,26.3413479016427,26.44705674934276,8403900,VWO
2010-03-03,26.532939910888672,26.823638545542558,26.45365892330982,26.612220898467523,14434400,VWO
2010-03-04,26.361173629760742,26.58580527672199,26.262070468928574,26.565983132376715,29887400,VWO
2010-03-05,27.127559661865234,27.127559661865234,26.64526288951218,26.698116052906823,11541900,VWO
2010-03-08,27.120948791503906,27.246479767859864,27.081309552905154,27.18701838966427,11589900,VWO
2010-03-09,27.23326873779297,27.35879720717056,26.97560357837185,27.002028900142367,14900000,VWO
2010-03-10,27.28611946105957,27.523964977804578,27.253085921577767,27.305941600986664,7895100,VWO
2010-03-11,27.391820907592773,27.405034823879074,27.087908393898324,27.246472869037113,9597100,VWO
2010-03-12,27.31915283203125,27.51735910829452,27.253085753475155,27.51735910829452,8243500,VWO
2010-03-15,27.1341609954834,27.19362236991934,26.92274333533279,27.10112745864061,8356000,VWO
2010-03-16,27.45128059387207,27.457888811759975,27.12754848567175,27.233257289208115,7216800,VWO
2010-03-17,27.72877311706543,27.860907256703662,27.61645607401634,27.728773117065433,6937400,VWO
2010-03-18,27.550384521484375,27.695732555496335,27.398428269387423,27.66269902596165,7431800,VWO
2010-03-19,27.27950668334961,27.636274865900155,27.193617486743694,27.27950668334961,20515100,VWO
2010-03-22,27.345579147338867,27.41825444187817,26.949171657502944,27.002024813342302,14956200,VWO
2010-03-23,27.563600540161133,27.570206238453313,27.28611332624767,27.405036057882448,9365300,VWO
2010-03-24,27.193628311157227,27.378618174131088,27.14738084541376,27.259695399277074,7008200,VWO
2010-03-25,27.054874420166016,27.47110395532768,27.041660504096164,27.398428677091875,21332300,VWO
2010-03-26,27.246477127075195,27.391825188345628,27.015237336372355,27.279510662804963,9028600,VWO
2010-03-29,27.741985321044922,27.74198532104492,27.471106319047397,27.55699300044629,8973200,VWO
2010-03-30,27.834484100341797,27.88733725623798,27.64288605458624,27.814661961620537,5687300,VWO
2010-03-31,27.84770393371582,27.96001848903455,27.702353313611212,27.755206480732408,19106800,VWO
2010-04-01,28.514989852905273,28.514989852905273,28.257324684281986,28.257324684281986,16635600,VWO
2010-04-05,28.7990779876709,28.838719745476048,28.574446400703184,28.693369153821234,8805500,VWO
2010-04-06,28.85854148864746,28.937822489796623,28.640515585115295,28.699976966051562,17143500,VWO
2010-04-07,28.63390350341797,28.805679387673194,28.48194723495838,28.766040156081925,20281800,VWO
2010-04-08,28.706581115722656,28.73961465149251,28.310171125592696,28.415879952234572,18212300,VWO
2010-04-09,28.85854148864746,28.858541488647464,28.706585186320915,28.77265226722895,18586000,VWO
2010-04-12,28.620685577392578,28.785855740013865,28.594257746501974,28.746213993677955,16340700,VWO
2010-04-13,28.600879669189453,28.627307512743613,28.290358808172776,28.55463220311861,15363900,VWO
2010-04-14,29.050138473510742,29.05674417323734,28.77265119934116,28.898182176824,8673000,VWO
2010-04-15,28.87177276611328,29.010515231608345,28.818917053372818,28.851950613686057,11688700,VWO
2010-04-16,28.11196517944336,28.587656122063485,27.946794993288822,28.567836506219994,19577300,VWO
2010-04-19,27.979825973510742,28.01946772187775,27.570204654905528,27.781622272269303,22112700,VWO
2010-04-20,28.303569793701172,28.35642295502856,28.098757807850713,28.244108412021852,10697700,VWO
2010-04-21,28.191251754760742,28.290354894229072,27.960014456398003,28.277140974280126,12567000,VWO
2010-04-22,28.316789627075195,28.343217473406224,27.788245301945324,27.97984088709993,5544900,VWO
2010-04-23,28.462125778198242,28.468731476270513,28.09874937680173,28.230886020918927,8959200,VWO
2010-04-26,28.475343704223633,28.66033605652835,28.429096246221814,28.640513917172257,11066900,VWO
2010-04-27,27.464513778686523,28.211084145129067,27.418266302210284,28.151622743902696,24055400,VWO
2010-04-28,27.735389709472656,27.834492873422942,27.35880171893863,27.801459325538897,13648100,VWO
2010-04-29,28.14500617980957,28.19786186314482,27.920374566230155,27.99965809123303,14906000,VWO
2010-04-30,27.788240432739258,28.224289739601748,27.788240432739258,28.184647977051448,18274100,VWO
2010-05-03,27.96001625061035,28.039297255094013,27.70235109581518,27.913768787970074,8161800,VWO
2010-05-04,26.810426712036133,27.385218273159136,26.691503972452463,27.378610054128313,15761500,VWO
2010-05-05,26.314916610717773,26.764177221310344,26.083676826123178,26.314916610717773,20405800,VWO
2010-05-06,25.350322723388672,26.440447100232362,24.332876161338227,26.110106685467287,48930200,VWO
2010-05-07,25.37674903869629,25.852440013909067,24.801957457178982,25.535313537199617,37402900,VWO
2010-05-10,27.041662216186523,27.087909665210688,26.74435538653336,26.949167318138194,25015200,VWO
2010-05-11,26.56597137451172,26.995414854319108,26.380981577817806,26.407409411716067,14562300,VWO
2010-05-12,26.935958862304688,26.975600621061172,26.69811335036068,26.810430406688663,12108500,VWO
2010-05-13,26.67168426513672,27.068094273289663,26.645258947497734,26.883101928032687,11296700,VWO
2010-05-14,26.209213256835938,26.506520201781846,25.898694910157253,26.460272734823363,21039400,VWO
2010-05-17,26.083681106567383,26.288493088767897,25.489069820668348,26.162962107294405,21879400,VWO
2010-05-18,25.522096633911133,26.367767139560357,25.442813133783837,26.295091857925456,20500900,VWO
2010-05-19,25.204978942871094,25.389968800117103,24.78874924376979,25.112481493950305,19301200,VWO
2010-05-20,24.061992645263672,24.544291829466587,23.85057499862819,24.28001851102366,39853900,VWO
2010-05-21,24.716068267822266,24.72928218606581,23.65898001131098,23.68540532750086,35622700,VWO
2010-05-24,24.458404541015625,24.881239867446364,24.445190622027496,24.696250042207254,22918900,VWO
2010-05-25,24.22056007385254,24.227165773479943,23.322033706678496,23.487203920635565,25086200,VWO
2010-05-26,24.22056007385254,24.82177955184437,24.141279076836433,24.43197774609379,20800100,VWO
2010-05-27,25.62120819091797,25.627816412237756,24.927493649921246,25.086058197722377,18128800,VWO
2010-05-28,25.238000869750977,25.508879830455694,25.07283071028964,25.489060217815254,15386700,VWO
2010-06-01,24.788740158081055,25.449420857858385,24.755706627151557,24.953910333025387,20245500,VWO
2010-06-02,25.667442321777344,25.667442321777344,24.947300310294004,25.026583803146675,17532000,VWO
2010-06-03,25.561738967895508,25.819406594155016,25.231398571472628,25.779764839277274,15652900,VWO
2010-06-04,24.716068267822266,25.257826314321452,24.60375374319797,25.033194744775653,25904000,VWO
2010-06-07,24.372514724731445,24.881239251849795,24.34608688740905,24.775530422857493,15199600,VWO
2010-06-08,24.90105438232422,24.934090433172496,24.346082500050684,24.610355785055923,27233700,VWO
2010-06-09,24.72928237915039,25.290860047251048,24.650001389367326,25.00016140451499,19570200,VWO
2010-06-10,25.502283096313477,25.561744481306707,25.21819009249002,25.310687540488857,20720100,VWO
2010-06-11,25.6806640625,25.6806640625,25.15872810381068,25.178547722914814,13378500,VWO
2010-06-14,25.660846710205078,26.13653777310515,25.627813168680945,25.984581465855996,15212000,VWO
2010-06-15,26.44045066833496,26.46027028940034,25.885478595825017,25.964759600384237,11313800,VWO
2010-06-16,26.407419204711914,26.5527673044597,26.143145808319385,26.182787573867632,13302100,VWO
2010-06-17,26.314916610717773,26.526334258160333,26.09689074412548,26.526334258160333,10471100,VWO
2010-06-18,26.46687889099121,26.565979518042543,26.32152828029198,26.453664969991486,12347500,VWO
2010-06-21,26.95577621459961,27.292724834949308,26.764178177169175,27.19362170654122,14590800,VWO
2010-06-22,26.447059631347656,27.015245694763834,26.39420646188694,26.916145056913248,15835200,VWO
2010-06-23,26.56597137451172,26.684894106756936,26.242239230297372,26.585793510083892,22607500,VWO
2010-06-24,26.16956329345703,26.480084033261768,26.050640564182743,26.480084033261768,16979800,VWO
2010-06-25,26.46026611328125,26.526335706901175,26.02421687657891,26.281881990953387,12608800,VWO
2010-06-28,26.32152557373047,26.51972932775018,26.2290306565411,26.460267949514517,8237000,VWO
2010-06-29,25.310688018798828,25.64102849271545,25.178551325172617,25.614600649930647,21819600,VWO
2010-06-30,25.099266052246094,25.64102413578994,25.06622999422968,25.422998250309007,26323400,VWO
2010-07-01,25.251222610473633,25.31068398711907,24.75571197852743,25.198366933323282,27289000,VWO
2010-07-02,25.30406951904297,25.528701050869326,25.16532718122878,25.403172629079837,22616500,VWO
2010-07-06,25.74013328552246,26.162968757270953,25.53532377156203,25.964764944926124,13537200,VWO
2010-07-07,26.24223518371582,26.281874408153843,25.713688668440884,25.740116498263944,13967600,VWO
2010-07-08,26.414030075073242,26.427243999508804,26.083689525079382,26.32814082639129,15404000,VWO
2010-07-09,26.74435806274414,26.757571980972877,26.38758983145984,26.44044550437479,21336200,VWO
2010-07-12,26.539546966552734,26.7377532260788,26.374376763812535,26.618830478482074,13063000,VWO
2010-07-13,26.85667610168457,26.9425627929048,26.704717296577684,26.750967272238885,10777800,VWO
2010-07-14,26.817035675048828,26.883102751616327,26.60561800567593,26.704718620527178,14355000,VWO
2010-07-15,26.750957489013672,26.764168882602643,26.380975461113085,26.698101833472283,11402600,VWO
2010-07-16,26.01100730895996,26.54615976546351,25.977973766772816,26.519731923594705,17139200,VWO
2010-07-19,26.34133529663086,26.414010567203473,26.090278478666498,26.308301770087816,7344600,VWO
2010-07-20,26.84346580505371,26.91614110765971,26.156357060794015,26.189390601897387,15362800,VWO
2010-07-21,26.605615615844727,27.002023080237528,26.486692872467444,26.988809162051478,15343400,VWO
2010-07-22,27.299325942993164,27.40503475271224,27.028446960569486,27.048266574799054,10383500,VWO
2010-07-23,27.517356872558594,27.530568270958412,27.09451903514293,27.246477840011053,12109800,VWO
2010-07-26,27.689132690429688,27.708952308266156,27.365397984082794,27.471109333336702,10056300,VWO
2010-07-27,27.623064041137695,27.854301303691905,27.497533081210722,27.84769560488913,9774800,VWO
2010-07-28,27.490924835205078,27.623061481691558,27.378607803587656,27.49092483520508,9538700,VWO
2010-07-29,27.57021141052246,27.821270837771134,27.33897412246277,27.781629079690582,9199700,VWO
2010-07-30,27.662694931030273,27.755189808154,27.286107205428607,27.365388168635175,10322700,VWO
2010-08-02,28.38285255432129,28.435708239221004,28.131795611940966,28.22429054021769,9660100,VWO
2010-08-03,28.244110107421875,28.329999335069342,28.026084188077796,28.164829100523015,16498500,VWO
2010-08-04,28.33660125732422,28.40267085451217,28.08554182860486,28.290353799441366,22460800,VWO
2010-08-05,28.23749542236328,28.25070681906135,28.032683489385715,28.138392305049013,11763500,VWO
2010-08-06,28.171432495117188,28.224288175588654,27.880733813416793,28.00626227409019,25053200,VWO
2010-08-09,28.32999610900879,28.38945748748625,28.257320810836617,28.382849267490155,5688500,VWO
2010-08-10,27.93358612060547,28.09215063688036,27.715562746062165,27.854305122616765,12525900,VWO
2010-08-11,27.107736587524414,27.378615656382213,27.041669505480122,27.378615656382213,11300400,VWO
2010-08-12,27.1341609954834,27.206836288715916,26.830248424054066,26.8368541233037,7448700,VWO
2010-08-13,27.292722702026367,27.391823302392506,27.180405663921615,27.25308094970168,15756800,VWO
2010-08-16,27.510746002197266,27.550387754468822,27.213439160903224,27.299328364009735,12465400,VWO
2010-08-17,27.814664840698242,27.946801524562126,27.675922456775098,27.814664840698242,5776900,VWO
2010-08-18,27.768409729003906,27.920365991478214,27.62306168506587,27.768409729003906,7579700,VWO
2010-08-19,27.57021141052246,27.867518295383075,27.411649418795076,27.821270837771134,11229800,VWO
2010-08-20,27.537181854248047,27.537181854248047,27.319155933723778,27.497540090435148,5182000,VWO
2010-08-23,27.292722702026367,27.669310528071208,27.2729005657155,27.636276994615827,18178700,VWO
2010-08-24,26.995420455932617,27.12094891255137,26.770788861779724,26.96238691685373,9224900,VWO
2010-08-25,26.87649154663086,26.942558609665017,26.4668702111659,26.73114098359943,14689200,VWO
2010-08-26,26.68489646911621,29.730635287357494,26.645257235056597,26.995417244168152,12745100,VWO
2010-08-27,27.226659774780273,27.24648191593987,26.65847378729337,26.982208543058352,7255600,VWO
2010-08-30,26.82364273071289,27.193624930969413,26.810431330969397,27.094521790810376,7003000,VWO
2010-08-31,26.95577621459961,27.087912879044644,26.757572478080682,26.830247769540314,13275600,VWO
2010-09-01,27.85430908203125,27.920376169696844,27.41825975066393,27.45129329449673,14080700,VWO
2010-09-02,27.86751937866211,27.920372537859965,27.68913524081151,27.728777000433038,9447200,VWO
2010-09-03,28.178037643432617,28.277138253066603,28.045900976956684,28.2242850986546,16200900,VWO
2010-09-07,27.79483985900879,28.012865723374865,27.775020242356284,28.00625750429261,9434200,VWO
2010-09-08,28.078947067260742,28.178050241499854,27.940204639564723,27.993057817606743,9419600,VWO
2010-09-09,28.217687606811523,28.376252170924303,28.131800883202924,28.369643948924722,13622600,VWO
2010-09-10,28.363037109375,28.37625103254581,28.24411432113584,28.283756090648275,10025800,VWO
2010-09-13,28.957651138305664,28.977470762972857,28.81890620474085,28.865153675829735,10523300,VWO
2010-09-14,28.970855712890625,29.116206313653166,28.79247409233349,28.85193295232083,10812300,VWO
2010-09-15,28.990671157836914,29.01709647162922,28.779253525716616,28.8321066735982,9334700,VWO
2010-09-16,28.85854148864746,28.898183249370835,28.739618726774932,28.79247440773943,9589800,VWO
2010-09-17,28.8453311920166,29.00389573453171,28.77926410280908,28.984073591531132,7872000,VWO
2010-09-20,29.30779266357422,29.340826190466586,28.970844136501057,29.063341540214854,8067900,VWO
2010-09-21,29.28798484802246,29.400299388753517,29.102992486380767,29.32762408814045,10763200,VWO
2010-09-22,29.29458999633789,29.459760214512933,29.188881157517763,29.347443155599194,12252900,VWO
2010-09-23,29.13602066040039,29.38047435749394,29.050133975764698,29.116201043991705,10792400,VWO
2010-09-24,29.644742965698242,29.67117079915999,29.49278670373856,29.499394922252456,13481100,VWO
2010-09-27,29.585296630859375,29.7108276434281,29.54565738082563,29.631544102764213,14029900,VWO
2010-09-28,29.783506393432617,29.842965275333206,29.41352405527188,29.631547516469492,11866300,VWO
2010-09-29,29.889202117919922,29.99491095082682,29.770279365862486,29.84295214074436,20675000,VWO
2010-09-30,30.0345516204834,30.186507917516057,29.836347864366775,30.120440838909683,17898900,VWO
2010-10-01,30.50363540649414,30.556491087306917,30.292217723838203,30.391320865213366,24556100,VWO
2010-10-04,30.477214813232422,30.563101527427367,30.272402798764084,30.483820514209736,24180600,VWO
2010-10-05,30.926475524902344,30.9991483108203,30.589526836138173,30.62916859960977,19091100,VWO
2010-10-06,30.985925674438477,31.03217312157043,30.886822561843235,30.900036478209056,12470300,VWO
2010-10-07,30.688627243041992,31.038787301383394,30.543276643595732,31.025573381406684,18802500,VWO
2010-10-08,31.01236343383789,31.07843304218436,30.60935016426477,30.675417252313387,12629600,VWO
2010-10-11,30.999135971069336,31.0453859368578,30.90003538228572,30.98592457546893,9851800,VWO
2010-10-12,30.86701202392578,30.919865184633757,30.54327727851066,30.741481041686356,12793900,VWO
2010-10-13,31.355926513671875,31.50788287447383,31.203970152869925,31.237003706035818,21899600,VWO
2010-10-14,31.395551681518555,31.494652288592373,31.20395364609305,31.382337763182598,22199200,VWO
2010-10-15,31.329483032226562,31.507867154681886,31.11806537308632,31.481441837512328,24502000,VWO
2010-10-18,31.30967140197754,31.36252709039576,31.02557837747447,31.085039766795997,19618600,VWO
2010-10-19,30.34506607055664,30.81414878305838,30.239357254777417,30.615945068509458,16637700,VWO
2010-10-20,30.86040687561035,31.01897141411356,30.58952778423649,30.629169548936755,11648400,VWO
2010-10-21,30.827373504638672,31.20396145035961,30.543280490105634,31.052005131936937,17779400,VWO
2010-10-22,30.906652450561523,30.985935975112728,30.787729684032403,30.919866371320058,8542900,VWO
2010-10-25,31.243600845336914,31.435198914148614,31.19074516278293,31.28324008695474,11398300,VWO
2010-10-26,31.243600845336914,31.270028686613905,30.94629393171491,31.025574935248223,12222100,VWO
2010-10-27,30.728260040283203,30.794329626314802,30.45077533984151,30.78772140756314,15074000,VWO
2010-10-28,30.886837005615234,31.032187633313498,30.76130852188366,31.02557941189193,10048700,VWO
2010-10-29,30.966115951538086,30.992543794862502,30.80094571120727,30.840587476193893,13528100,VWO
2010-11-01,31.289844512939453,31.448406500777452,31.137888224470803,31.27663059390339,12394400,VWO
2010-11-02,31.659826278686523,31.673040198604877,31.488050360342985,31.54751173982681,13297400,VWO
2010-11-03,31.877857208251953,31.89107113025589,31.36913255244099,31.745720508510495,43025900,VWO
2010-11-04,32.58477783203125,32.591386051595975,32.30068487788371,32.327112715547976,18475700,VWO
2010-11-05,32.531925201416016,32.564958738880186,32.37336069317168,32.379966392545576,22568600,VWO
2010-11-08,32.37335968017578,32.37996537934297,32.16854772183091,32.26765085141975,13433900,VWO
2010-11-09,32.02320098876953,32.57817299288472,31.89106431725689,32.53853123534171,15788800,VWO
2010-11-10,32.19498825073242,32.26105786993615,31.79858061670314,32.16856040305093,17155300,VWO
2010-11-11,31.950511932373047,31.970331542459576,31.7721278807054,31.917478408796736,17749700,VWO
2010-11-12,31.19735336303711,31.6334026626343,31.045397056239352,31.507871676798754,22259600,VWO
2010-11-15,31.157705307006836,31.455012160377514,31.124671772253905,31.349303336989845,17930000,VWO
2010-11-16,30.325260162353516,30.84719625851399,30.245976624459832,30.827376634189623,20856400,VWO
2010-11-17,30.457387924194336,30.642380286609438,30.371501223381244,30.397926543471193,31660300,VWO
2010-11-18,31.151105880737305,31.263420425572267,31.045397036064184,31.085036277630568,14110100,VWO
2010-11-19,31.190738677978516,31.203952595869733,30.820759058213,31.025568484784014,10441900,VWO
2010-11-22,31.124670028686523,31.230378846152508,30.741473990186698,31.058600442584652,14597300,VWO
2010-11-23,30.127046585083008,30.331858561554423,30.034551666772533,30.312038942001465,16452600,VWO
2010-11-24,30.794340133666992,30.82076797709709,30.576314205815493,30.609350270252047,22499200,VWO
2010-11-26,30.127046585083008,30.331858561554423,30.113835185579372,30.18650796403939,9156700,VWO
2010-11-29,30.298818588256836,30.33845781894538,29.862769408604123,30.160076240253012,20637900,VWO
2010-11-30,30.087406158447266,30.312037745605576,29.86938027078005,29.91562772810993,20764600,VWO
2010-12-01,30.99254608154297,31.018973926817274,30.748094813500746,30.840589751662776,16247800,VWO
2010-12-02,31.4814453125,31.527692773023237,31.05200172730127,31.071821347440494,12438000,VWO
2010-12-03,31.5871524810791,31.653219558243062,31.223775995784997,31.250203834769557,18852100,VWO
2010-12-06,31.573942184448242,31.620189647829033,31.421985873297388,31.44180549466123,17386600,VWO
2010-12-07,31.428573608398438,31.93069223850762,31.408753998363913,31.910870108176802,16940500,VWO
2010-12-08,31.23699378967285,31.42198616521236,31.052003934431095,31.349310859139454,16283400,VWO
2010-12-09,31.1643123626709,31.342696482459797,31.032178217906317,31.33609078334047,19844000,VWO
2010-12-10,31.303049087524414,31.316263002615912,31.104845401745145,31.203945984486477,12982400,VWO
2010-12-13,31.46822738647461,31.63339758740255,31.421979931838564,31.50786662170707,12862900,VWO
2010-12-14,31.50126838684082,31.600371538999024,31.402165234682613,31.527696230122718,22410800,VWO
2010-12-15,31.038801193237305,31.395569631392583,31.005767638659666,31.329500001938644,25601600,VWO
2010-12-16,31.217174530029297,31.217174530029297,30.959509365727495,31.078432136989527,19989500,VWO
2010-12-17,31.190738677978516,31.22377221255799,31.03878240267523,31.104851992131312,20946600,VWO
2010-12-20,31.098255157470703,31.230391864458273,31.005760218668826,31.217177941729712,14435900,VWO
2010-12-21,31.50126838684082,31.633405082952475,31.441806999605465,31.455020921246415,20479400,VWO
2010-12-22,31.625614166259766,31.65922217062799,31.484459009437387,31.511346438582517,11354400,VWO
2010-12-23,31.578582763671875,31.612190789662115,31.504643568016537,31.504643568016537,10104600,VWO
2010-12-27,31.51807403564453,31.59201320020319,31.430691153518215,31.511353458924177,11203700,VWO
2010-12-28,31.544967651367188,31.612183688248145,31.471028472321667,31.605463110211026,6606300,VWO
2010-12-29,31.928089141845703,31.96842028279452,31.780210855826247,31.786933994714147,8565100,VWO
2010-12-30,32.156620025634766,32.18350744698066,32.03562919370387,32.13645574168816,6507800,VWO
2010-12-31,32.364994049072266,32.364994049072266,32.14989980420242,32.21039265670426,6466300,VWO
2011-01-03,32.6809196472168,32.801910507750655,32.63386793080099,32.640591069789664,19627100,VWO
2011-01-04,32.80863571166992,32.822079426367175,32.45238368250877,32.8019125722581,17722700,VWO
2011-01-05,32.68764114379883,32.775021433251304,32.49943172346603,32.512875436641664,19779300,VWO
2011-01-06,32.39862060546875,32.62715869208983,32.324681435660885,32.60027125504567,20625400,VWO
2011-01-07,32.096134185791016,32.3179516318871,31.85415244973216,32.257456197872386,16971400,VWO
2011-01-10,31.766754150390625,31.82052898299652,31.591991072671764,31.7801978585421,13384900,VWO
2011-01-11,32.12302017211914,32.17007188933621,31.988585595444842,32.12974074709603,12041300,VWO
2011-01-12,32.85569381713867,32.85569381713867,32.49944171873355,32.56666030528494,20144400,VWO
2011-01-13,32.485992431640625,32.68091987351608,32.391886434031136,32.66075558466289,17945000,VWO
2011-01-14,32.573368072509766,32.580091210584506,32.36499694645894,32.39188180638022,11803500,VWO
2011-01-18,32.566654205322266,32.586818495447325,32.459107051111275,32.53304620040504,10206100,VWO
2011-01-19,32.297786712646484,32.64731562298986,32.18351897717686,32.64731562298986,11856700,VWO
2011-01-20,32.01546859741211,32.0826845943934,31.69282719647528,32.069240882171954,11339800,VWO
2011-01-21,31.69954490661621,32.07596112243135,31.67265748460248,32.015465704963304,13123400,VWO
2011-01-24,31.914653778076172,31.941541212409984,31.672671997325608,31.69955943165942,10190200,VWO
2011-01-25,31.726444244384766,31.85415570072706,31.524793631797642,31.8003834006296,14081700,VWO
2011-01-26,32.022212982177734,32.12303961674712,31.93483006982612,32.04237728344048,15445600,VWO
2011-01-27,31.914653778076172,32.13647126513981,31.860881473535418,32.08941953711908,25311200,VWO
2011-01-28,30.92656135559082,31.793661853704798,30.839181043038028,31.786941277403347,28234100,VWO
2011-01-31,31.249202728271484,31.37019104012921,31.081160129862926,31.1618198591436,24583000,VWO
2011-02-01,31.921367645263672,31.981863072876816,31.504620226539274,31.55839507958479,24518200,VWO
2011-02-02,31.67267417907715,32.075978029485036,31.639066165908254,31.840716809048676,29050400,VWO
2011-02-03,31.645780563354492,31.793656293265283,31.477737979812787,31.75332771425613,25834700,VWO
2011-02-04,31.6323299407959,31.71298964532528,31.39034826308197,31.69282536022438,11580900,VWO
2011-02-07,31.544967651367188,31.746618326137504,31.49791591272503,31.544967651367188,30602900,VWO
2011-02-08,31.457563400268555,31.49117139589757,31.29624399559898,31.457563400268555,38073700,VWO
2011-02-09,30.845903396606445,31.09460576011834,30.650973338984745,31.09460576011834,48696000,VWO
2011-02-10,30.536697387695312,30.59719281815891,30.24766394927217,30.361931671188824,46760500,VWO
2011-02-11,30.872777938842773,30.899665362622887,30.308154860089655,30.321598571979713,38066800,VWO
2011-02-14,30.852624893188477,30.98705693281313,30.845901752731166,30.933284629788627,20655700,VWO
2011-02-15,30.913110733032227,31.02065786979684,30.785396745287624,30.872779595198246,17139000,VWO
2011-02-16,31.188720703125,31.20888500308527,30.953459425701936,31.047562911020094,19851900,VWO
2011-02-17,31.329862594604492,31.376914317234593,31.060993410324006,31.12148884858079,18226600,VWO
2011-02-18,31.524782180786133,31.591998172524193,31.343295926142503,31.46428676257159,17423300,VWO
2011-02-22,30.46949005126953,31.047554528455603,30.41571518039066,30.913122479512364,26949100,VWO
2011-02-23,30.442596435546875,30.711463042976558,30.173727263990735,30.603915887179394,28045200,VWO
2011-02-24,30.509809494018555,30.550140635087175,30.21405548522731,30.469480917076144,18214800,VWO
2011-02-25,30.92656135559082,30.94000507232051,30.684582146836796,30.812293609578653,19346700,VWO
2011-02-28,31.195425033569336,31.202145608679785,30.966887017919046,31.020661875307976,17197000,VWO
2011-03-01,30.872777938842773,31.430677879587932,30.8324468031726,31.383626170035658,29526500,VWO
2011-03-02,31.3029727935791,31.336580798038245,30.980331335343827,30.987051910585105,23243200,VWO
2011-03-03,31.887773513793945,31.941548394552996,31.625627380412197,31.706287137423324,26910400,VWO
2011-03-04,31.854158401489258,32.06253217183475,31.64578719527065,31.92809756400304,19880900,VWO
2011-03-07,31.471017837524414,31.975145636157283,31.356750100615056,31.96170192049855,18600700,VWO
2011-03-08,31.820537567138672,32.00874440378107,31.497896176840634,31.73315472264363,29313700,VWO
2011-03-09,31.82726287841797,31.94153316347832,31.665943441319648,31.807098589812234,21133100,VWO
2011-03-10,30.946718215942383,31.31641133214203,30.91983079116853,31.269359620850768,22350700,VWO
2011-03-11,31.168533325195312,31.29624731189474,30.751788494158706,30.75850906834637,18564500,VWO
2011-03-14,31.4038028717041,31.450854596017095,31.020665937083066,31.10132566960153,26666000,VWO
2011-03-15,30.906400680541992,31.027391581145903,30.160290981526913,30.167014122742177,38708900,VWO
2011-03-16,30.240938186645508,30.96016008981774,30.025841365353756,30.899664669731955,36046100,VWO
2011-03-17,30.650964736938477,30.79884302385732,30.482922161485686,30.70473959186395,19433200,VWO
2011-03-18,30.745073318481445,30.980331918248297,30.711462749263525,30.980331918248297,23674900,VWO
2011-03-21,31.296260833740234,31.390364297781698,31.23576538340971,31.28281711543044,13216800,VWO
2011-03-22,31.329862594604492,31.403801748487957,31.24247972509435,31.356750025857856,19705200,VWO
2011-03-23,31.733158111572266,31.813820390855447,31.329856971660806,31.437404113245602,17444200,VWO
2011-03-24,32.12302017211914,32.156628175256145,31.773491298416477,31.93481073912461,20910900,VWO
2011-03-25,32.12302017211914,32.26417532377033,31.99530617042173,32.08268902987897,19629900,VWO
2011-03-28,31.934814453125,32.13646762365173,31.901206446079403,32.05580532979041,21712600,VWO
2011-03-29,32.25074005126953,32.29107120406632,31.948262815611,32.08269742747334,14602200,VWO
2011-03-30,32.64731979370117,32.76159010789544,32.53305204363379,32.55993691392049,23649000,VWO
2011-03-31,32.90274429321289,32.996847746675876,32.82208455654845,32.862413142817275,22962900,VWO
2011-04-01,33.44046401977539,33.534567427862406,33.18503865202094,33.31947319105621,29832400,VWO
2011-04-04,33.74966812133789,33.7631118342259,33.50096584322488,33.595069269314884,14661100,VWO
2011-04-05,33.65556716918945,33.83705346032911,33.521132594553464,33.5547405971809,21920500,VWO
2011-04-06,33.810157775878906,34.01853144388457,33.783270354692576,33.9647566015119,25131800,VWO
2011-04-07,33.8034553527832,33.998385414859776,33.62868958536041,33.83706336524851,18994600,VWO
2011-04-08,33.85722732543945,34.01182623255424,33.682464123870076,33.978218220420935,18156400,VWO
2011-04-11,33.47407531738281,33.81688355396407,33.37997190000782,33.776552419035156,13228700,VWO
2011-04-12,32.87584686279297,33.258983700604084,32.80190772494766,33.211931988179984,23547400,VWO
2011-04-13,33.0976676940918,33.4740814323542,32.95650997811711,33.44047342917024,14397000,VWO
2011-04-14,33.29259490966797,33.312761762740934,32.922901748929654,33.02372832191568,17901400,VWO
2011-04-15,33.30603790283203,33.353089618773495,33.084223036840285,33.25898618689056,15413400,VWO
2011-04-18,32.53304672241211,32.68764559881311,32.27762126551519,32.66747874423806,17958700,VWO
2011-04-19,32.96996307373047,33.0035710864775,32.75486871519706,32.80864358689392,11405600,VWO
2011-04-20,33.79671859741211,33.81688544806903,33.58162432732861,33.70933831302728,13698900,VWO
2011-04-21,34.08575439453125,34.0924775332638,33.816887820130404,33.97820725194568,10812700,VWO
2011-04-25,33.79671859741211,34.05214400468349,33.70933831302728,34.02525657989157,12968700,VWO
2011-04-26,34.058876037597656,34.09248661195849,33.736234523922796,33.917720856138686,14601100,VWO
2011-04-27,34.05215072631836,34.09248187146731,33.57491038062487,34.018542720757466,17954200,VWO
2011-04-28,33.76984786987305,33.82362017783536,33.58163838168736,33.76312472879836,13139300,VWO
2011-04-29,34.01182174682617,34.065596610448814,33.75639883699851,33.81689427651066,13366800,VWO
2011-05-02,33.95802688598633,34.22689333308771,33.85720036574523,34.139513083945346,16920600,VWO
2011-05-03,33.26571273803711,33.521135632454694,33.02373099458763,33.48080705129743,28514100,VWO
2011-05-04,32.66748046875,33.16488769379402,32.50616100839225,33.15816711799853,35558400,VWO
2011-05-05,32.324676513671875,32.64059744051849,32.06925102889958,32.405336248395386,33800000,VWO
2011-05-06,32.76158905029297,33.13800286342423,32.526327852959135,32.81536135325738,28356800,VWO
2011-05-09,32.84896469116211,32.91618326546591,32.559931231971824,32.76158439075681,14276200,VWO
2011-05-10,33.13127517700195,33.19177060743361,32.88929345527533,32.936345171819255,22756100,VWO
2011-05-11,32.52631759643555,32.96322927933645,32.33138761088739,32.96322927933645,23333400,VWO
2011-05-12,32.52631759643555,32.64730844511192,32.08268533933084,32.2507278998118,25494400,VWO
2011-05-13,31.874317169189453,32.492715232353255,31.692833428826276,32.44566351238852,39648700,VWO
2011-05-16,31.867599487304688,32.21712841315497,31.739888030679776,31.760052322745114,16040600,VWO
2011-05-17,32.01546859741211,32.01546859741211,31.592000636877433,31.706268344570802,21527000,VWO
2011-05-18,32.479278564453125,32.53977401240857,32.08269786432898,32.21713247802186,9276800,VWO
2011-05-19,32.31795883178711,32.43894716264432,32.116305630728846,32.43222658586829,14876400,VWO
2011-05-20,32.069236755371094,32.2574461381258,31.914637930907812,32.21039186934293,19138000,VWO
2011-05-23,31.41051483154297,31.45756654294931,31.215584847644735,31.316411408730296,20700000,VWO
2011-05-24,31.679393768310547,31.793661513098566,31.565123459395775,31.699558061125668,20220000,VWO
2011-05-25,31.75333595275879,31.84743941369737,31.497910441549074,31.524797877282097,23566600,VWO
2011-05-26,32.1431884765625,32.1633527681384,31.820546990714977,31.86759871380983,11640900,VWO
2011-05-27,32.465843200683594,32.553226106688115,32.34485227363968,32.39862715860482,16645700,VWO
2011-05-31,33.01029586791992,33.05062445956965,32.78847835733788,33.01029586791992,20600000,VWO
2011-06-01,32.53304672241211,33.05061564752022,32.485995001947735,32.94306849158358,20522900,VWO
2011-06-02,32.81536102294922,32.8758564657545,32.47255522313713,32.74142186350645,9586100,VWO
2011-06-03,32.61371612548828,32.795202485755766,32.43222976522079,32.452394061652555,20651200,VWO
2011-06-06,32.17679977416992,32.58682417231818,32.123027469760096,32.58682417231818,13755500,VWO
2011-06-07,32.43222427368164,32.71453463243335,32.42550369738474,32.593546310201745,14277000,VWO
2011-06-08,32.22384262084961,32.418772619380086,32.1364623297507,32.35155661636151,14125500,VWO
2011-06-09,32.40534210205078,32.51961243066689,32.12975227484713,32.23057888455974,21468000,VWO
2011-06-10,31.739892959594727,32.062534503376725,31.65251007353073,32.04909078520326,17367400,VWO
2011-06-13,31.679393768310547,31.928096114828456,31.571846599751986,31.8743212484858,14065100,VWO
2011-06-14,32.129737854003906,32.27089299294491,32.06924242815404,32.07596556665183,13857000,VWO
2011-06-15,31.49790382385254,31.8944844431487,31.42396467318481,31.706274996687267,24708800,VWO
2011-06-16,31.249202728271484,31.4911819161135,30.98705412088782,31.316418741984286,17614600,VWO
2011-06-17,31.3029727935791,31.464294804759923,31.202146216075285,31.45757166539227,27241700,VWO
2011-06-20,31.215593338012695,31.27608877829307,31.067717589425854,31.121489889604707,12113800,VWO
2011-06-21,31.760047912597656,31.81382276947369,31.4508501779394,31.477737606377417,17198900,VWO
2011-06-22,31.511350631713867,31.773496690446038,31.471019482629412,31.52479434807535,19447500,VWO
2011-06-23,31.35002326965332,31.376910697805133,30.879503533501747,31.08115668051405,19640900,VWO
2011-06-24,31.35002326965332,31.605448708842967,31.302971552450792,31.571840705716344,12697100,VWO
2011-06-27,31.6323299407959,31.746597641868707,31.30968855855259,31.370181413855295,14577200,VWO
2011-06-28,32.042354583740234,32.06924200912798,31.6121660340404,31.706269458771487,14198300,VWO
2011-06-29,32.31122589111328,32.398608747460784,31.97514074345109,32.123019028942835,21791700,VWO
2011-06-30,32.6809196472168,32.7010865000566,32.40532992358438,32.485992206691115,24351400,VWO
2011-07-01,33.057350158691406,33.13128933460635,32.62716138696155,32.66748998173164,14643700,VWO
2011-07-05,32.96996307373047,33.138005701592625,32.929634484084836,33.1111182657442,15211900,VWO
2011-07-06,32.8825798034668,32.92291095676622,32.67420858840388,32.875859226647044,17959600,VWO
2011-07-07,33.279151916503906,33.373257916588166,33.171604766248215,33.21193590914147,13856900,VWO
2011-07-08,32.93635177612305,32.93635177612305,32.62043084672947,32.929631199894715,16989400,VWO
2011-07-11,31.995309829711914,32.3918904659884,31.96170182273117,32.311230736409314,29405800,VWO
2011-07-12,31.71300506591797,32.00203859216171,31.665953335052897,31.82055224562771,15201200,VWO
2011-07-13,32.19023513793945,32.472547996243186,31.90792484376192,31.995305136268566,22930200,VWO
2011-07-14,31.901212692260742,32.40534058903146,31.807109228457204,32.3986200119571,26887500,VWO
2011-07-15,32.08269119262695,32.210402638807324,31.901204886501294,32.20368206337739,23968200,VWO
2011-07-18,31.7197265625,31.84071746369725,31.511355338092486,31.78694515434686,17944400,VWO
2011-07-19,32.17679977416992,32.223851502076094,31.85415825533036,31.96170542827688,14880600,VWO
2011-07-20,32.2440185546875,32.37845059858786,32.190243685825855,32.33139887039736,13645200,VWO
2011-07-21,32.694366455078125,32.768305606193366,32.31795268812998,32.39861241474366,12279700,VWO
2011-07-22,32.721248626708984,32.82207519186716,32.55992663528113,32.721248626708984,17812500,VWO
2011-07-25,32.6809196472168,32.78846679389954,32.41877363743551,32.49271278155356,17815300,VWO
2011-07-26,32.82208251953125,32.976681406929494,32.67420420805178,32.8691342433426,20568800,VWO
2011-07-27,32.30452346801758,32.71454542468737,32.19697626290085,32.68766054650391,16224900,VWO
2011-07-28,32.33811950683594,32.59354498589511,32.21712862539353,32.43222295592967,16963800,VWO
2011-07-29,32.479278564453125,32.53977401240857,32.002038121764045,32.08942100528347,29921100,VWO
2011-08-01,32.45238494873047,32.8489655733307,32.15663090623046,32.82880128256126,23282200,VWO
2011-08-02,31.504621505737305,32.21712295276374,31.491177791930063,32.18351495030875,19827200,VWO
2011-08-03,31.363466262817383,31.5315088387142,30.819007393826247,31.524788263893864,57941000,VWO
2011-08-04,29.568777084350586,30.59719697792161,29.535166512980965,30.51653724771301,53168500,VWO
2011-08-05,29.340240478515625,29.817480871407778,28.47314000300618,29.76370600589089,53412100,VWO
2011-08-08,26.974185943603516,28.44623749109327,26.644821477223203,28.089988170332706,84218900,VWO
2011-08-09,28.41263771057129,28.466409998996006,26.718768317112072,27.606032871191744,70857000,VWO
2011-08-10,26.947307586669922,27.85473647130982,26.947307586669922,27.612757315765073,45774500,VWO
2011-08-11,28.500028610229492,28.842834417582914,27.377502605509804,27.585876371784597,48216500,VWO
2011-08-12,28.479848861694336,28.688222533651214,28.163930631204078,28.540344278447904,30435800,VWO
2011-08-15,29.165470123291016,29.185634412611723,28.91004468068136,28.916767819872472,20611900,VWO
2011-08-16,28.84282684326172,29.057921129454503,28.506741700569727,28.869714270067355,26005100,VWO
2011-08-17,29.037757873535156,29.34695560041168,28.862992157212783,29.064645301296483,28824000,VWO
2011-08-18,27.807693481445312,28.103450149021207,27.370784185268143,28.056398418111776,31123900,VWO
2011-08-19,27.38422203063965,28.096720982543463,27.33716774569411,27.417830036349486,34652400,VWO
2011-08-22,27.35733985900879,27.955571193665016,27.27668011697559,27.834580298551735,17535200,VWO
2011-08-23,28.298372268676758,28.325259699548674,27.45143870922373,27.706864174253848,25261700,VWO
2011-08-24,28.103437423706055,28.21098455481955,27.612753477742867,27.888343161479067,22082500,VWO
2011-08-25,27.55226707458496,28.170662639868052,27.39094504304819,28.07655918985773,28424900,VWO
2011-08-26,27.962289810180664,27.995900384121313,27.14896417770196,27.572432280911634,27266300,VWO
2011-08-29,28.862987518310547,28.862987518310543,28.473130134934745,28.506738132171755,13568700,VWO
2011-08-30,28.9033203125,29.064642298273572,28.560514618404383,28.721834040051977,16784900,VWO
2011-08-31,29.52845001220703,29.609109753546935,29.273024506482553,29.427623412436937,23863200,VWO
2011-09-01,29.387287139892578,29.817475733392627,29.373843425829918,29.602381436642602,28644400,VWO
2011-09-02,28.762165069580078,29.091527049947945,28.61428679685314,28.92348449062223,20675600,VWO
2011-09-06,28.419363021850586,28.446250452607433,27.80768807482819,27.83457550558504,24786200,VWO
2011-09-07,29.252849578857422,29.279737004239543,28.75544246579225,28.889877028576837,11876500,VWO
2011-09-08,28.654619216918945,29.09825149083328,28.580680077245542,28.735278931050804,31514700,VWO
2011-09-09,27.659809112548828,28.271483988333173,27.53881825236061,28.231152846895025,34029900,VWO
2011-09-12,27.55898094177246,27.59258894229087,26.98091410200194,27.148956668720064,28205700,VWO
2011-09-13,27.59931755065918,27.646369273535143,27.24306549500697,27.458159817904694,34523400,VWO
2011-09-14,27.485050201416016,27.720311405191396,26.886818891343914,27.411111039204524,37946100,VWO
2011-09-15,27.848020553588867,27.874907985632376,27.471604197359735,27.800968829576057,17350500,VWO
2011-09-16,27.91522979736328,28.08999549912143,27.65980694729526,27.99589207392521,14933800,VWO
2011-09-19,27.128795623779297,27.269950781303706,26.826318454708144,26.97419675161546,21693300,VWO
2011-09-20,27.02796745300293,27.47159975345055,26.980915736601382,27.249784885289856,27475800,VWO
2011-09-21,25.99955177307129,26.967476244448864,25.99955177307129,26.859929080962466,42542200,VWO
2011-09-22,24.198131561279297,24.984569606240257,23.983037263642473,24.796362736839605,60839500,VWO
2011-09-23,24.72915267944336,24.82997671339472,24.25191225201029,24.419954872722798,47198900,VWO
2011-09-26,24.971132278442383,25.018184002994495,24.18469154897898,24.534220477170862,48254400,VWO
2011-09-27,25.757568359375,26.22136499133928,25.643300627317352,25.797899504638774,53512600,VWO
2011-09-28,25.125728607177734,25.844950682450722,25.078676887421665,25.636576949154968,55360800,VWO
2011-09-29,25.421476364135742,25.885272871848805,25.07867069567405,25.78444888188985,25792600,VWO
2011-09-30,24.08386993408203,25.058515095166378,24.063703075736697,24.782925296298203,82505500,VWO
2011-10-03,23.660402297973633,24.453563699310468,23.6133505677356,24.124199023517246,70437700,VWO
2011-10-04,23.962879180908203,23.996487192844743,22.994952026723315,23.38481214474266,37435700,VWO
2011-10-05,24.37962532043457,24.493893079236308,23.69401107524293,23.875497425216633,26171700,VWO
2011-10-06,25.192943572998047,25.246718429991468,24.399782381229254,24.500608956028763,35352900,VWO
2011-10-07,24.877029418945312,25.45509646715642,24.762761663154606,25.367716147126,22779300,VWO
2011-10-10,25.99955177307129,26.006272348983785,25.569363119125697,25.596250551028955,16927700,VWO
2011-10-11,26.073488235473633,26.167591673287962,25.623132772056877,25.67018449096404,15757200,VWO
2011-10-12,26.799421310424805,27.142229499143532,26.584327082420113,26.611214501952066,33934200,VWO
2011-10-13,26.604507446289062,26.6986108983373,26.187759924180074,26.59778430592747,23282200,VWO
2011-10-14,27.03469467163086,27.081746395132697,26.792712914120486,26.954032376376322,27867900,VWO
2011-10-17,26.207929611206055,26.83304583361931,26.160875315974014,26.7859941025143,17982500,VWO
2011-10-18,26.880096435546875,26.9943641770653,25.844953365210486,26.24153401869642,34114900,VWO
2011-10-19,26.416297912597656,26.80615800054759,26.35580247012704,26.70533140838764,21685400,VWO
2011-10-20,25.89872932434082,26.167598558087786,25.441653165447207,26.127267403787627,21934700,VWO
2011-10-21,26.617938995361328,26.63810584504342,26.30202074376802,26.30874131757816,22252400,VWO
2011-10-24,27.59931755065918,27.727029003590143,26.920424010660383,26.95403201783942,31743800,VWO
2011-10-25,27.088455200195312,27.377488555613162,26.987631221128357,27.283385149500468,22296500,VWO
2011-10-26,27.572429656982422,27.727028538715228,27.06157872557038,27.65308938568507,14933700,VWO
2011-10-27,29.2192440032959,29.528441728464074,28.547073697734003,28.815940281483027,67958300,VWO
2011-10-28,29.057924270629883,29.17219456484343,28.681507947038654,28.742003381827843,21817600,VWO
2011-10-31,27.91522979736328,28.56723576354571,27.888344935968664,28.506740338187278,27466400,VWO
2011-11-01,27.29683494567871,27.55898093947698,26.79942782001902,26.90697496014462,41132900,VWO
2011-11-02,28.029499053955078,28.137046187998696,27.666526515010656,28.022775915756515,40603900,VWO
2011-11-03,28.338703155517578,28.48658145983261,27.84129594544752,28.244599712454015,19027500,VWO
2011-11-04,28.21771812438965,28.251326137567197,27.76736510673097,28.157222675019238,24140200,VWO
2011-11-07,28.419363021850586,28.486581598742706,28.036226108008346,28.170660697666058,13267700,VWO
2011-11-08,28.775619506835938,28.815948095064154,28.18410875959518,28.466419133700384,16487800,VWO
2011-11-09,27.196014404296875,27.787525088078453,27.09519038041614,27.659813632178864,21295600,VWO
2011-11-10,27.337169647216797,27.65309056394236,27.155685890934716,27.599318263891618,14127700,VWO
2011-11-11,27.962289810180664,28.069836980061098,27.706866884293873,27.720310601044776,7550100,VWO
2011-11-14,27.632919311523438,27.85473416006594,27.471597323753063,27.77407444824376,7964000,VWO
2011-11-15,27.77407455444336,27.935396542830578,27.40438142937492,27.592588279054993,11414500,VWO
2011-11-16,27.12208366394043,27.57915989357923,27.07503192537121,27.28340574198307,24760300,VWO
2011-11-17,26.44991111755371,27.276683181765662,26.32892020884597,27.22290830495011,27050100,VWO
2011-11-18,26.51040267944336,26.81960304747906,26.38941178850045,26.806159330249084,13666500,VWO
2011-11-21,25.69034767150879,25.898718807124517,25.374426834767522,25.831502808047055,16272300,VWO
2011-11-22,25.737401962280273,25.945773118772397,25.508863952743624,25.78445367917374,18265000,VWO
2011-11-23,24.991289138793945,25.354261675221778,24.957681140411943,25.334094824891842,27847400,VWO
2011-11-25,24.877029418945312,25.266889545088432,24.877029418945312,25.01146403361973,10045900,VWO
2011-11-28,25.9726619720459,26.04660112097211,25.750847089393673,25.9726619720459,19723300,VWO
2011-11-29,25.83150863647461,26.221366134515197,25.824785496574304,25.89200407494446,14727200,VWO
2011-11-30,27.4379940032959,27.458158293658652,26.960753661116858,27.088465106958356,25517100,VWO
2011-12-01,27.38422203063965,27.64636806495343,27.303559739984276,27.43799432695009,15244600,VWO
2011-12-02,27.31700325012207,27.73374815887525,27.28339524466441,27.679975862968284,21057000,VWO
2011-12-05,27.767356872558594,27.82112916487155,27.558983150045954,27.80768545076174,40185800,VWO
2011-12-06,27.35733985900879,27.525382483985343,27.16240979864551,27.37078357670215,13930300,VWO
2011-12-07,27.511924743652344,27.612751292898462,27.148952243317108,27.30355107180234,30186200,VWO
2011-12-08,26.57761573791504,27.182567502683348,26.463345447289896,27.088464065772257,14669500,VWO
2011-12-09,27.021251678466797,27.11535512798737,26.604506731678548,26.611227307732864,15732500,VWO
2011-12-12,26.0667724609375,26.308754263186618,25.878565532133564,26.295310544825323,30489700,VWO
2011-12-13,25.844955444335938,26.416299326143804,25.74412884678072,26.302031575432988,25584500,VWO
2011-12-14,25.475255966186523,25.885277704503235,25.428204249262865,25.757566267728482,19308800,VWO
2011-12-15,25.62985610961914,25.972661859183454,25.562637536284498,25.965941283913185,16025500,VWO
2011-12-16,25.811336517333984,26.012987063037603,25.717230536154876,25.89199622279027,24481400,VWO
2011-12-19,25.145885467529297,25.636569374380297,25.098833761675476,25.616405090193133,18613100,VWO
2011-12-20,26.140701293945312,26.19447614612816,25.811339298766676,25.838224160732018,19927900,VWO
2011-12-21,26.275585174560547,26.296230420088243,25.85578101359375,26.09665096236869,23553400,VWO
2011-12-22,26.537111282348633,26.57152091073696,26.30312213390711,26.344412637858554,29063900,VWO
2011-12-23,26.654109954833984,26.660993457080853,26.447649517305244,26.53023316725936,14636300,VWO
2011-12-27,26.44075584411621,26.543987335814066,26.36505572552846,26.44763934371521,15551500,VWO
2011-12-28,25.993431091308594,26.330649136117053,25.945257084907386,26.310003883455522,19166300,VWO
2011-12-29,26.261831283569336,26.296240914943596,26.082899625251226,26.110425755178678,16190400,VWO
2011-12-30,26.29624366760254,26.3857108187702,26.234305274530595,26.25495315574582,15639900,VWO
2012-01-03,27.067031860351562,27.170260760390097,26.922507199838826,26.984445589976644,29435300,VWO
2012-01-04,26.99132537841797,27.011970630528,26.7504527275599,26.819274610070654,13972300,VWO
2012-01-05,26.86056900024414,26.908743012327875,26.57840580434509,26.791749733063597,18686900,VWO
2012-01-06,26.543991088867188,26.83303773131793,26.49581708600644,26.81927335545968,21649100,VWO
2012-01-09,26.757335662841797,26.85368367103381,26.633458902227403,26.76421653830423,22563300,VWO
2012-01-10,27.356069564819336,27.507475066653296,27.30789556428783,27.404243565350846,16547600,VWO
2012-01-11,27.36295509338379,27.39048384845107,27.135849427295177,27.204668689676797,20206000,VWO
2012-01-12,27.500591278076172,27.562529653151007,27.307895277970516,27.514355653124593,19255700,VWO
2012-01-13,27.26661491394043,27.321672439901715,27.01886129768932,27.280379295430752,13618200,VWO
2012-01-17,27.713937759399414,27.913517278439233,27.624470625814954,27.851578897540197,26786400,VWO
2012-01-18,28.395259857177734,28.415907736177,27.82405262707198,27.872226635925962,20889700,VWO
2012-01-19,28.66365623474121,28.718711110043092,28.491605483332886,28.567305608712207,16341700,VWO
2012-01-20,28.698062896728516,28.732472518399966,28.49160254141395,28.608595780154058,16880900,VWO
2012-01-23,28.849468231201172,29.021518979598945,28.718710607521853,28.787532482052608,14202900,VWO
2012-01-24,28.904525756835938,28.911406631652167,28.5053667600566,28.60171738448636,12564400,VWO
2012-01-25,29.241762161254883,29.31058144770408,28.615497203532165,28.698080872328706,19387300,VWO
2012-01-26,29.124755859375,29.55144105914889,29.028407842518305,29.448212166210958,43435600,VWO
2012-01-27,29.338090896606445,29.40691013774601,29.131630547901977,29.145392295901274,20204900,VWO
2012-01-30,28.897642135620117,28.987106626158884,28.64300516175671,28.739353151743586,15422600,VWO
2012-01-31,29.13163948059082,29.30369026148176,28.96646957580943,29.27616150647043,39885300,VWO
2012-02-01,29.806074142456055,29.95747702369915,29.544556256256218,29.585849383114994,39432300,VWO
2012-02-02,29.923072814941406,30.157061992266392,29.89554405871807,29.957482447577235,29546200,VWO
2012-02-03,30.425460815429688,30.459870448080444,30.150181128936936,30.30846753935977,31704100,VWO
2012-02-06,30.143299102783203,30.157063481574628,29.971248305820644,30.012541442194912,21268600,VWO
2012-02-07,30.205236434936523,30.27405832647899,29.84737047477587,30.01942126570195,24170600,VWO
2012-02-08,30.439218521118164,30.542450021728264,30.301577395400066,30.41168977091732,26597000,VWO
2012-02-09,30.425460815429688,30.50116358243337,30.246529150473734,30.46675394978261,21133600,VWO
2012-02-10,29.78544044494629,29.812969209289808,29.654682752245773,29.771676062774528,27037400,VWO
2012-02-13,30.232763290405273,30.30846605369815,30.053829008933633,30.280937298812276,16566700,VWO
2012-02-14,30.012540817260742,30.136417598517315,29.81296126687107,30.060714829384214,13739500,VWO
2012-02-15,30.095115661621094,30.363514400754287,30.033177289106817,30.363514400754287,17974400,VWO
2012-02-16,30.397933959960938,30.404817462093526,29.888665064197355,29.98501309175874,21315500,VWO
2012-02-17,30.4736270904541,30.569975087532917,30.342869469459426,30.52180108899351,22421200,VWO
2012-02-21,30.356630325317383,30.549326297138812,30.287808460177075,30.528681050239577,17394000,VWO
2012-02-22,30.452983856201172,30.459864731325233,30.287813975075508,30.391045478939823,22059800,VWO
2012-02-23,30.384170532226562,30.439225419819692,30.19835536418717,30.356641775786642,19247700,VWO
2012-02-24,30.63191795349121,30.70762071238107,30.50116031331826,30.52868906660301,22093300,VWO
2012-02-27,30.384170532226562,30.46675417625961,30.10200734193416,30.232764997093714,12416800,VWO
2012-02-28,30.769550323486328,30.797079068923754,30.480506372250304,30.56308998327693,25745200,VWO
2012-02-29,30.71451187133789,31.15496153256475,30.645689970966774,30.996675099641788,37502500,VWO
2012-03-01,31.03108024597168,31.1136638891774,30.803971945547605,30.838384203396114,20749300,VWO
2012-03-02,30.94849967956543,31.031083330981343,30.81773938742937,30.941616177196718,9799600,VWO
2012-03-05,30.487398147583008,30.70762293925861,30.363521374104653,30.700742063081634,14442600,VWO
2012-03-06,29.41379737854004,29.730370128508117,29.310565878413612,29.70972225331117,31132100,VWO
2012-03-07,29.7647762298584,29.819833723484333,29.558315879332724,29.69595698811177,21608800,VWO
2012-03-08,30.418581008911133,30.487400276633192,30.16394656799537,30.274058971522738,11262100,VWO
2012-03-09,30.391054153442383,30.597514594814708,30.384173276354318,30.425463789456614,17740500,VWO
2012-03-12,30.1088809967041,30.25340299541962,29.985004247723346,30.21899337076632,10361000,VWO
2012-03-13,30.879669189453125,30.914078815860705,30.30846204028587,30.39104566872131,13860100,VWO
2012-03-14,30.356630325317383,30.803960634943653,30.294691959333967,30.728260521217894,30530300,VWO
2012-03-15,30.604389190673828,30.631915316302365,30.3566356830137,30.542450813758794,15934100,VWO
2012-03-16,30.59062957763672,30.693858471708566,30.494281559721696,30.549336444836026,25365200,VWO
2012-03-19,30.418581008911133,30.556222169642034,30.26717546957846,30.335997362587303,15598300,VWO
2012-03-20,29.991891860961914,29.998772736721797,29.764783581589175,29.90930560012468,20775900,VWO
2012-03-21,30.06070899963379,30.115763877689353,29.833600736278175,29.985006245181918,17684300,VWO
2012-03-22,29.592727661132812,29.764778403348704,29.47573441656328,29.74413315437431,16047000,VWO
2012-03-23,29.806074142456055,29.854248144481524,29.489498753777845,29.640904260307153,13305500,VWO
2012-03-26,30.267169952392578,30.287815203888563,29.964361554210793,30.0125355578923,14624300,VWO
2012-03-27,30.129528045654297,30.31534318022157,30.10888279468668,30.274052678286335,17383400,VWO
2012-03-28,29.702850341796875,30.046951945675563,29.530799539857533,29.985013551965924,15898400,VWO
2012-03-29,29.60649299621582,29.65466699557654,29.138514752180768,29.351858624554005,25561800,VWO
2012-03-30,29.916189193725586,29.94371532213672,29.64090690732268,29.916189193725586,33896200,VWO
2012-04-02,30.253406524658203,30.377283288089913,29.785428223979824,29.847366605695683,34417400,VWO
2012-04-03,30.136411666870117,30.39104605587347,29.902422528917075,30.294698050590377,35868100,VWO
2012-04-04,29.53767204284668,29.661548795146764,29.386269165258028,29.627139169571443,14487400,VWO
2012-04-05,29.70972442626953,29.81295593394627,29.544557164330307,29.55832154037296,14142700,VWO
2012-04-09,29.27615737915039,29.400034133950783,29.172925875054663,29.248628628020036,14898900,VWO
2012-04-10,28.711830139160156,29.25550851657608,28.62924388855415,29.172924891256187,20828900,VWO
2012-04-11,29.00088882446289,29.193584922872628,28.959598303539344,29.117884759416977,19628000,VWO
2012-04-12,29.737247467041016,29.744130966383448,29.16604041005121,29.17292128410785,20291300,VWO
2012-04-13,29.296796798706055,29.572079004645826,29.23485843363389,29.572079004645826,41026500,VWO
2012-04-16,29.159162521362305,29.537673674167763,29.02152138617315,29.50326404669205,33695700,VWO
2012-04-17,29.461977005004883,29.54456064570572,29.172930324622058,29.331216729834743,22008100,VWO
2012-04-18,29.33121109008789,29.43444259007974,29.18668909032818,29.20733434021211,24114000,VWO
2012-04-19,29.234865188598633,29.510147458144722,29.0628144264539,29.317448819347945,14618500,VWO
2012-04-20,29.420686721801758,29.57209226549113,29.37939358480824,29.420686721801758,14799600,VWO
2012-04-23,28.883878707885742,28.918288330395622,28.567303355051447,28.897643081946875,15237500,VWO
2012-04-24,28.93206024169922,29.110991900536575,28.88388623257814,28.93206024169922,16710900,VWO
2012-04-25,29.179813385009766,29.200458638551247,29.014643480818233,29.159165506181722,22048100,VWO
2012-04-26,29.358732223510742,29.4206705823798,29.055923927531687,29.104097914953687,13222900,VWO
2012-04-27,29.37249755859375,29.475729035190746,29.214211219687726,29.365614060001683,19214600,VWO
2012-04-30,29.28992462158203,29.40003701159493,29.20733836010751,29.393153510495488,29346300,VWO
2012-05-01,29.496383666992188,29.744137189438856,29.248630144545515,29.33121377693229,18281400,VWO
2012-05-02,29.461977005004883,29.496386636523017,29.26239746679848,29.41380299582218,18263100,VWO
2012-05-03,29.179813385009766,29.475740937108277,29.069700990644264,29.475740937108277,24126900,VWO
2012-05-04,28.698062896728516,29.076573985686196,28.64300540182551,29.055928737740494,14597800,VWO
2012-05-07,28.7600040435791,28.828823293568774,28.60859854325849,28.643008168253328,20463400,VWO
2012-05-08,28.347082138061523,28.505368521476502,28.030509371231563,28.484723270466013,30027200,VWO
2012-05-09,27.961694717407227,28.140626381267186,27.658883651247287,27.817170060700587,33932400,VWO
2012-05-10,28.106224060058594,28.25762963252348,28.030521273826157,28.25762963252348,20783700,VWO
2012-05-11,27.720813751220703,28.106208345060832,27.713932876904757,27.748342499056257,14768200,VWO
2012-05-14,27.094552993774414,27.287251630482388,27.087672118489177,27.245958502912195,27986000,VWO
2012-05-15,26.888092041015625,27.21154830363058,26.77109878662327,27.115200299946007,22141400,VWO
2012-05-16,26.46141242980957,26.88121678384502,26.433883672921763,26.722930369670248,27216800,VWO
2012-05-17,26.117311477661133,26.51646796106298,26.09666359685139,26.454529569207388,19529700,VWO
2012-05-18,25.952138900756836,26.282476081739322,25.821381253686646,26.199892442815337,35088400,VWO
2012-05-21,26.55087661743164,26.59216712287396,26.04160517292256,26.07601480255331,23786900,VWO
2012-05-22,26.33754539489746,26.709175874538662,26.131084892414925,26.5164771303056,24917900,VWO
2012-05-23,26.124181747436523,26.124181747436527,25.552974699167592,26.027833760399773,26443800,VWO
2012-05-24,25.96590232849121,26.19989148462376,25.745677549223693,26.193010608834474,18569600,VWO
2012-05-25,25.85578155517578,25.993422653909764,25.773197946049635,25.883310299979698,21391800,VWO
2012-05-29,26.571521759033203,26.674750647493763,26.351296979973604,26.53022862847711,20573100,VWO
2012-05-30,26.08289909362793,26.172363608320218,25.959022322976185,26.069134716301456,28555300,VWO
2012-05-31,26.16547966003418,26.310001667063062,25.862671270266105,26.124186532903256,43026500,VWO
2012-06-01,25.51856803894043,25.786966784043884,25.50480366415486,25.64244216143844,26069500,VWO
2012-06-04,25.61491584777832,25.69061859589624,25.422217227491064,25.552977474344207,23347800,VWO
2012-06-05,25.711273193359375,25.773211589312993,25.497929246122034,25.60804165834102,23440000,VWO
2012-06-06,26.433881759643555,26.461410514538837,25.993432182465266,26.000313058545803,15291200,VWO
2012-06-07,26.557764053344727,27.046387740542382,26.509590034904793,26.99133284459122,18685000,VWO
2012-06-08,26.33754539489746,26.399483808170995,26.096672620928068,26.186139801276,13580500,VWO
2012-06-11,26.014068603515625,26.619687879154977,26.00030423074136,26.61280438012501,16353800,VWO
2012-06-12,26.557764053344727,26.58529281396386,26.25495556239557,26.392594114917024,24577200,VWO
2012-06-13,26.426990509033203,26.736679691526483,26.371933020856734,26.523338488056492,24493300,VWO
2012-06-14,26.578397750854492,26.68162924563201,26.2687058918079,26.399466135230888,25287400,VWO
2012-06-15,27.005094528198242,27.032620660781536,26.654109428571076,26.709166944311356,36920800,VWO
2012-06-18,27.108325958251953,27.17714785934017,26.798633966572698,26.86745586766092,25999700,VWO
2012-06-19,27.521244049072266,27.70705658206503,27.294135758301994,27.314781011904174,41175700,VWO
2012-06-20,27.47994613647461,27.631351637317966,27.190899509890574,27.52812013669093,29554000,VWO
2012-06-21,26.47517204284668,27.301013598539313,26.454524166253968,27.25972309592645,25765200,VWO
2012-06-22,26.585281372070312,26.702274616418894,26.41323063017936,26.6885102420333,17082900,VWO
2012-06-25,26.103548049926758,26.179250823318025,25.952142503144234,26.179250823318025,27448300,VWO
2012-06-26,26.33754539489746,26.44765783790733,26.08291086267859,26.282487860748667,15377000,VWO
2012-06-27,26.482051849365234,26.58528335230351,26.413232597597172,26.495816224776085,17699500,VWO
2012-06-28,26.371946334838867,26.385710713831987,26.062254370710832,26.241188672334523,14286700,VWO
2012-06-29,27.47994613647461,27.50059138648557,27.135844634765974,27.170254259879613,29285800,VWO
2012-07-02,27.507474899291992,27.51435577420343,27.245957022793412,27.431772148835606,18237600,VWO
2012-07-03,28.009870529174805,28.016751405990636,27.665768932072623,27.755236082399506,18407000,VWO
2012-07-05,27.769001007080078,27.899761309094508,27.576304930789945,27.76900100708008,18649900,VWO
2012-07-06,27.26661491394043,27.397375225454812,27.13585722771338,27.35608208098385,22628000,VWO
2012-07-09,27.142732620239258,27.177144879653973,26.984446203021424,27.128968241530735,11112900,VWO
2012-07-10,26.874324798583984,27.418005761704503,26.771095930771,27.39047701350667,23284300,VWO
2012-07-11,26.998212814331055,27.128970484944766,26.812397624330295,26.977567557204424,28661900,VWO
2012-07-12,26.571521759033203,26.71604377804986,26.351296979973604,26.488938123207465,22893300,VWO
2012-07-13,27.067031860351562,27.10144149369774,26.777985164612833,26.784866041167373,20163400,VWO
2012-07-16,27.011978149414062,27.073916548271335,26.805517694985515,26.92251098988975,13316400,VWO
2012-07-17,27.335418701171875,27.383592691810552,26.888085787772084,27.197777602796126,28214600,VWO
2012-07-18,27.23908233642578,27.349194737028412,26.950035644039676,26.970680898750572,21121200,VWO
2012-07-19,27.514368057250977,27.555661201012157,27.314788467002867,27.411139135778956,17270900,VWO
2012-07-20,27.1014404296875,27.25284333552391,27.03261854041037,27.18402407153342,14749100,VWO
2012-07-23,26.44075584411621,26.557751709726173,26.144830993506535,26.344407852017355,20297600,VWO
2012-07-24,26.330657958984375,26.578411575085756,26.15172625029301,26.578411575085756,11305500,VWO
2012-07-25,26.44075584411621,26.61280658008871,26.296233855967927,26.509577713676745,18474600,VWO
2012-07-26,27.005094528198242,27.067032920762635,26.74357657900561,26.860569862023432,32678300,VWO
2012-07-27,27.79652214050293,27.85846052306946,27.25284107411744,27.32166295768382,33030700,VWO
2012-07-30,27.631364822387695,27.769003388520304,27.56942641751307,27.603836059046223,17334700,VWO
2012-07-31,27.534997940063477,27.87909940338751,27.521236191782037,27.76898704013525,29064600,VWO
2012-08-01,27.62447166442871,27.8653443215529,27.562533281200942,27.83093206675912,25117400,VWO
2012-08-02,27.23908233642578,27.52812640352517,27.073912422878475,27.29413722408374,33661800,VWO
2012-08-03,28.0511531829834,28.126855933186,27.8034023077105,27.817164057487236,14182000,VWO
2012-08-06,28.223217010498047,28.367741702980034,28.10622370618446,28.113104584261066,17828300,VWO
2012-08-07,28.278263092041016,28.49848785538997,28.27826309204102,28.298908343203024,20100300,VWO
2012-08-08,28.360851287841797,28.484728065329517,28.181919623296576,28.209448379468668,17925200,VWO
2012-08-09,28.49848175048828,28.66365160026069,28.45030775790585,28.491600876670375,15486900,VWO
2012-08-10,28.62925148010254,28.670544616355144,28.305797767960982,28.395262291911408,15107700,VWO
2012-08-13,28.395259857177734,28.539784509026266,28.230092576903104,28.457198243602363,14542000,VWO
2012-08-14,28.402141571044922,28.60172109532842,28.33331968752315,28.560427965215357,12311600,VWO
2012-08-15,28.32643699645996,28.415904126661378,28.257617742635027,28.298908244815486,9522500,VWO
2012-08-16,28.61548614501953,28.649895774946458,28.292029848076133,28.415906616042264,20785000,VWO
2012-08-17,28.457197189331055,28.498490320513195,28.319558669296907,28.470961566391768,18921900,VWO
2012-08-20,28.457197189331055,28.45719718933106,28.216327153984807,28.285146414001883,18635500,VWO
2012-08-21,28.395259857177734,28.704951789300893,28.326440594611068,28.59483939402228,11078500,VWO
2012-08-22,28.41590118408203,28.46407518182813,28.14750244655779,28.2300860676531,19441500,VWO
2012-08-23,28.16814422607422,28.367723692318073,28.08556061515063,28.32643057421345,12478800,VWO
2012-08-24,28.18191146850586,28.264495087838835,27.927277110812387,28.05115122716889,18320100,VWO
2012-08-27,27.89974594116211,28.051148792584524,27.865336321533636,28.023622672053165,13327700,VWO
2012-08-28,27.851573944091797,27.947921936068788,27.789635574208603,27.8378095701971,10077300,VWO
2012-08-29,27.713937759399414,27.87910502493927,27.624470625814954,27.86534327388291,11200900,VWO
2012-08-30,27.37671661376953,27.54876737705423,27.34919048686157,27.535003000957097,22200100,VWO
2012-08-31,27.603822708129883,27.748344707841763,27.39736233350061,27.590058333116453,37323900,VWO
2012-09-04,27.473060607910156,27.645111346061753,27.390476988677445,27.631349597261238,21548200,VWO
2012-09-05,27.328542709350586,27.40424546551667,27.204665949312684,27.356071461644856,17215700,VWO
2012-09-06,27.91351890563965,28.009866920368836,27.466185836926705,27.4868310900011,29104400,VWO
2012-09-07,28.567304611206055,28.56730461120606,28.271379744380006,28.292024993736558,23327600,VWO
2012-09-10,28.223217010498047,28.484735007293622,28.2025717509809,28.38838696249718,16988100,VWO
2012-09-11,28.532888412475586,28.615474641443882,28.36083770671977,28.374602078214487,19306400,VWO
2012-09-12,28.656766891479492,28.746233999049807,28.54665453804125,28.691176509687892,20990100,VWO
2012-09-13,29.386274337768555,29.482622356452897,28.498491665114344,28.567310928378415,46426200,VWO
2012-09-14,29.744138717651367,30.067592388320815,29.640907202899246,29.702845586693222,28960700,VWO
2012-09-17,29.48262596130371,29.6615576428403,29.400042310231974,29.620267129947898,26321300,VWO
2012-09-18,29.461977005004883,29.558325023370294,29.33810023131033,29.46885788119387,14618300,VWO
2012-09-19,29.4550838470459,29.52390571280637,29.372500233419075,29.475731719416913,18620800,VWO
2012-09-20,29.310575485229492,29.324339864776825,28.98711912908454,29.14540555594844,15323900,VWO
2012-09-21,29.35186004638672,29.565201303808347,29.338095670861744,29.55832042868896,14766700,VWO
2012-09-24,29.341411590576172,29.40412190836341,29.167216558723315,29.250829429771215,14587400,VWO
2012-09-25,28.91637420654297,29.438959282564827,28.909407575051606,29.404120809097734,16980000,VWO
2012-09-26,28.783977508544922,28.87455697826565,28.60978254030682,28.839718516218888,23871300,VWO
2012-09-27,29.24386215209961,29.32050838970279,28.993020886491077,29.139344072094325,16421700,VWO
2012-09-28,29.069660186767578,29.195080789640855,28.97907804958031,29.18114487176554,19055600,VWO
2012-10-01,29.376249313354492,29.60618802535667,29.285667154868314,29.3205082867512,13696900,VWO
2012-10-02,29.355350494384766,29.571350654703068,29.229929846068423,29.52954554393463,18495100,VWO
2012-10-03,29.20206069946289,29.404127613539778,29.146319660617472,29.3971583224305,13027200,VWO
2012-10-04,29.47380256652832,29.501674413053088,29.222961263816536,29.292640880128467,19160500,VWO
2012-10-05,29.452884674072266,29.724628391173745,29.348366633031297,29.627079637137747,26957200,VWO
2012-10-08,29.18114471435547,29.243855015453835,29.055724112158742,29.090562577656826,12132200,VWO
2012-10-09,28.94424057006836,29.41805116195428,28.867594348144955,29.16720994766119,15267400,VWO
2012-10-10,28.797914505004883,29.01391457259828,28.742170837236024,28.999978655656065,14868700,VWO
2012-10-11,29.069660186767578,29.229919255326863,29.069660186767578,29.139337118139597,10853800,VWO
2012-10-12,28.986055374145508,29.188122270884886,28.93031434008272,29.055734989230917,15733100,VWO
2012-10-15,29.18114471435547,29.229919097653696,28.951206057659956,29.062690742056542,12002000,VWO
2012-10-16,29.438953399658203,29.55043808727755,29.348371260341036,29.348371260341036,24583500,VWO
2012-10-17,29.675872802734375,29.752519060290627,29.438967396654082,29.543485503868222,20533700,VWO
2012-10-18,29.59223747253418,29.72462467101363,29.473783530312474,29.51559127309729,14395100,VWO
2012-10-19,29.132368087768555,29.404111818934787,29.04875258740638,29.397142531569106,18703100,VWO
2012-10-22,29.431997299194336,29.50167425713243,29.222961109368917,29.376253606439406,15256600,VWO
2012-10-23,28.818822860717773,28.951210111348892,28.65159448170565,28.944243480475638,16777800,VWO
2012-10-24,28.867605209350586,29.125413150814598,28.85366928575717,29.069672114446593,11277600,VWO
2012-10-25,29.153278350830078,29.313537448605548,29.006955173470526,29.27869897656828,11473400,VWO
2012-10-26,28.95120620727539,29.048754974375953,28.832754892368865,28.98604467295351,13957800,VWO
2012-10-31,28.909408569335938,29.083603600667665,28.804890487334802,29.027859914798995,20021100,VWO
2012-11-01,29.334428787231445,29.397139076129726,29.12539537690517,29.139331291994125,18799600,VWO
2012-11-02,29.153278350830078,29.501668387212845,29.08360140675554,29.48773246679693,18809700,VWO
2012-11-05,29.292634963989258,29.292634963989258,29.076632184056038,29.146311786295,15446800,VWO
2012-11-06,29.480770111083984,29.56438298770052,29.327477622282483,29.35534946715647,18335500,VWO
2012-11-07,29.03481674194336,29.25778875211876,28.853655140056002,29.250819464735972,36917500,VWO
2012-11-08,28.679471969604492,29.17418525719112,28.651600124612315,28.999990212998185,32682500,VWO
2012-11-09,28.783977508544922,28.986041651617864,28.69339538081991,28.735203130078595,32991700,VWO
2012-11-12,28.867605209350586,28.95818738370494,28.818830805776464,28.89547705653741,12163400,VWO
2012-11-13,28.59585952758789,28.74914936136558,28.43560040345344,28.519213281696313,14613800,VWO
2012-11-14,28.177783966064453,28.67946644730163,28.122042944818613,28.644627976772362,21341400,VWO
2012-11-15,28.27533531188965,28.365914803367268,28.11507356357251,28.233527552588885,19735500,VWO
2012-11-16,28.345020294189453,28.35895621790999,28.003596808050464,28.247471486151362,20789500,VWO
2012-11-19,28.846694946289062,28.846694946289062,28.57494849582569,28.581917784763306,14642900,VWO
2012-11-20,28.777019500732422,28.783988790676013,28.533147512813077,28.609793754160677,17975600,VWO
2012-11-21,28.735210418701172,28.790951440513727,28.59585387716236,28.672500107908952,12253600,VWO
2012-11-23,29.18114471435547,29.222949809751352,29.055724112158742,29.076626659856686,5113900,VWO
2012-11-26,29.222957611083984,29.222957611083988,29.02786002580803,29.083603711889875,11487700,VWO
2012-11-27,28.97909164428711,29.215997043295697,28.95818908667058,29.195094485679167,10176700,VWO
2012-11-28,29.11843490600586,29.146306742077794,28.700365338940586,28.797916765192358,16353500,VWO
2012-11-29,29.320512771606445,29.41806157658712,29.16722027349076,29.285671634394273,16230100,VWO
2012-11-30,29.27869415283203,29.39714546984461,29.21598385029461,29.39017883978694,32907600,VWO
2012-12-03,29.28567123413086,29.494707422524538,29.271735311037578,29.494707422524538,25021400,VWO
2012-12-04,29.362319946289062,29.522579088302766,29.35535331316054,29.39715842794321,23493300,VWO
2012-12-05,29.696765899658203,29.850058365932107,29.585281194551282,29.668896716885246,17532300,VWO
2012-12-06,29.8848934173584,29.92670117374018,29.717667707840736,29.74553688742386,17100700,VWO
2012-12-07,29.989418029785156,30.024256505377245,29.850061469411497,29.97548210794726,15659600,VWO
2012-12-10,30.191476821899414,30.240251206263984,29.989409996386417,30.01728183259606,13555800,VWO
2012-12-11,30.34477424621582,30.37961272124831,30.18451513466215,30.226322899504297,18825500,VWO
2012-12-12,30.463228225708008,30.637423258731488,30.379612696092945,30.463228225708008,22271600,VWO
2012-12-13,30.31690788269043,30.518974795609324,30.25419755309511,30.43536190881748,20015300,VWO
2012-12-14,30.47018814086914,30.532898445254375,30.351736820366288,30.37263936915981,17409300,VWO
2012-12-17,30.546844482421875,30.567747038139363,30.372649430094654,30.41445719953519,22566600,VWO
2012-12-18,30.73496437072754,30.76283620696689,30.393541021806993,30.525930914941608,20192700,VWO
2012-12-19,30.693157196044922,30.874321477017602,30.679221277662048,30.783739336531262,24975700,VWO
2012-12-20,30.904354095458984,30.925472383969193,30.636844137429417,30.721319976908774,26727000,VWO
2012-12-21,30.56644058227539,30.573481800969017,30.362290892607867,30.404527463017235,36781400,VWO
2012-12-24,30.503087997436523,30.552365790207965,30.432689232449967,30.545324570990157,3808000,VWO
2012-12-26,30.580522537231445,30.784674927044115,30.573484003468863,30.714278847665128,12662200,VWO
2012-12-27,30.798757553100586,30.840996815931288,30.53124759271658,30.756518290269888,15200700,VWO
2012-12-28,30.890262603759766,31.009936440429172,30.742426584046825,30.77058608165286,17555700,VWO
2012-12-31,31.347858428955078,31.404177453044642,30.869157465949275,30.9325150253306,23846300,VWO
2013-01-02,32.00959396362305,32.0166324990091,31.76320225808878,31.770243478913738,25446200,VWO
2013-01-03,31.819517135620117,32.05886758913282,31.756159583647975,31.791357626868372,47765500,VWO
2013-01-04,31.875835418701172,31.882876639039356,31.63648495053861,31.664644461013907,19000300,VWO
2013-01-07,31.601289749145508,31.657608775164572,31.544973408565415,31.608330970117375,16385200,VWO
2013-01-08,31.340816497802734,31.502729646358205,31.256340656260445,31.474570137364577,16626800,VWO
2013-01-09,31.523849487304688,31.566088752874567,31.43937364160365,31.467533151983567,15458300,VWO
2013-01-10,31.805437088012695,31.833596596504822,31.580166390952762,31.713920028132556,22008300,VWO
2013-01-11,31.566083908081055,31.58720219490538,31.453448569287477,31.530885868227745,20592300,VWO
2013-01-14,31.692811965942383,31.728010020195786,31.53793730470014,31.692811965942386,14793500,VWO
2013-01-15,31.57311248779297,31.57311248779297,31.40416087558728,31.502716430280174,15723900,VWO
2013-01-16,31.516813278198242,31.54497279065618,31.312660841036564,31.319702061870505,12085600,VWO
2013-01-17,31.73504638671875,31.854720289957598,31.650567846908867,31.678727360178826,15182200,VWO
2013-01-18,31.770231246948242,31.79134953041448,31.64351617527509,31.742071745368015,10905200,VWO
2013-01-22,31.742088317871094,31.742088317871094,31.629452938181267,31.68576928530654,12863000,VWO
2013-01-23,31.53794288635254,31.608341692758074,31.46754676538688,31.594261931476968,20810700,VWO
2013-01-24,31.44640350341797,31.629437584967093,31.354889148081384,31.51680225995147,17504400,VWO
2013-01-25,31.368976593017578,31.432334146717967,31.200022221337004,31.383056347777515,13662100,VWO
2013-01-28,31.136661529541016,31.284494911463046,31.045144475544273,31.277456377511772,22382700,VWO
2013-01-29,31.502729415893555,31.55904843346879,31.298577005341166,31.312656759734974,21512200,VWO
2013-01-30,31.340816497802734,31.446410628370952,31.326736743305922,31.36897600679636,14045900,VWO
2013-01-31,31.368976593017578,31.418254391958033,31.27041830969804,31.383056347777515,26095400,VWO
2013-02-01,31.580167770385742,31.65760507940231,31.44641144192489,31.54496972595239,12021200,VWO
2013-02-04,31.171859741210938,31.354893850208718,31.080345372150425,31.347852630780444,13499000,VWO
2013-02-05,31.263368606567383,31.354885637094256,31.1788927936244,31.319687605487818,33305400,VWO
2013-02-06,31.185945510864258,31.192986731650887,30.99587283120872,31.080351368014888,18427800,VWO
2013-02-07,30.93250274658203,31.157773382640695,30.798749145621514,31.14369631764511,14299500,VWO
2013-02-08,31.178892135620117,31.185930667617793,31.009937827862117,31.024017577295087,13048000,VWO
2013-02-11,31.164831161499023,31.171869697737076,31.00995650986946,31.108512129837642,10492600,VWO
2013-02-12,31.214096069335938,31.312651648566796,31.04514172962723,31.129620242200648,11362600,VWO
2013-02-13,31.340816497802734,31.43937209384184,31.29153869978318,31.390094295822287,10556900,VWO
2013-02-14,31.312664031982422,31.361941841086054,31.18594889844759,31.21410841377515,10268300,VWO
2013-02-15,31.263368606567383,31.347844419510363,31.20705229308462,31.347844419510363,13824200,VWO
2013-02-19,31.2774658203125,31.37602143801488,31.25634752664461,31.2774658203125,19722800,VWO
2013-02-20,30.988832473754883,31.418255611567208,30.988832473754886,31.411214391194594,30313700,VWO
2013-02-21,30.636842727661133,30.77059635780192,30.489009344015248,30.756516604296827,26589300,VWO
2013-02-22,30.75651741027832,30.826916179648602,30.61572524241469,30.826916179648602,18602100,VWO
2013-02-25,30.298946380615234,31.031077684171635,30.25670710660416,31.002918168164253,29123800,VWO
2013-02-26,30.503087997436523,30.57348407698478,30.31301536013027,30.46084873844459,30166000,VWO
2013-02-27,30.777639389038086,30.84099694082143,30.496049673236886,30.517167962018483,20752600,VWO
2013-02-28,30.62980842590332,30.841002090739217,30.608690133595335,30.77764452837625,31158700,VWO
2013-03-01,30.672046661376953,30.707244709182692,30.418616420473395,30.538293005539593,17239900,VWO
2013-03-04,30.40452766418457,30.43972838700941,30.24261454385514,30.341170122713216,18459000,VWO
2013-03-05,30.749479293823242,30.833955132776804,30.679083208935026,30.714281251379134,17769800,VWO
2013-03-06,30.91138458251953,30.960662366506998,30.805787796581924,30.904346049994675,13156800,VWO
2013-03-07,30.988832473754883,31.031071739674353,30.8902768720482,30.91843369722244,18762400,VWO
2013-03-08,31.27042007446289,31.305620806068617,31.052190576964588,31.185944226574474,27187200,VWO
2013-03-11,31.12962532043457,31.143705074826993,30.995868996425802,31.108504346126647,14793400,VWO
2013-03-12,30.812835693359375,31.002908337983442,30.742436925662457,30.988828584444057,17453400,VWO
2013-03-13,30.51715850830078,30.763550104658375,30.503081443766263,30.756508886953394,12152600,VWO
2013-03-14,30.672046661376953,30.728365686217263,30.61573032197556,30.629807392746724,13816800,VWO
2013-03-15,30.418607711791992,30.545322795965937,30.397489426242384,30.517163291607694,12922000,VWO
2013-03-18,30.08070182800293,30.242614950509505,30.066622075771292,30.073663294606185,17460800,VWO
2013-03-19,29.84840202331543,30.137030321302287,29.672409093190783,30.11590934358881,15842900,VWO
2013-03-20,30.024383544921875,30.122939118672775,30.003262575233844,30.073661331797325,19376800,VWO
2013-03-21,29.749845504760742,29.911761373339093,29.686487938711565,29.86952210082659,17197000,VWO
2013-03-22,29.840070724487305,29.854167138792587,29.713181482707636,29.776626103597472,18292100,VWO
2013-03-25,29.77663230895996,30.02335994765496,29.642692142985897,30.00221263266098,16929500,VWO
2013-03-26,30.114999771118164,30.136147083989062,29.995158723548045,30.002209620591216,21237300,VWO
2013-03-27,30.227794647216797,30.241893754377973,29.85417503027001,29.93876967323705,11982900,VWO
2013-03-28,30.241893768310547,30.277140191664856,30.100905385763582,30.15729912530453,17741300,VWO
2013-04-01,29.974000930786133,30.26302575852949,29.91760453067603,30.22777935302486,21973300,VWO
2013-04-02,30.00220489501953,30.13614233732123,29.95285938000686,30.13614233732123,25705400,VWO
2013-04-03,29.62858772277832,29.995156355331435,29.572193996531972,29.959909940286327,14592800,VWO
2013-04-04,29.621551513671875,29.706143481870043,29.45941578748781,29.635650623226603,22689600,VWO
2013-04-05,29.579240798950195,29.64973631482114,29.099882047543613,29.156278460240372,26455900,VWO
2013-04-08,29.656784057617188,29.67088316057068,29.403005582712176,29.46645020143843,11990100,VWO
2013-04-09,29.966970443725586,30.10795885088563,29.61450077039057,29.67794541915608,14343000,VWO
2013-04-10,30.227794647216797,30.39697855489143,30.129103586218307,30.150250902395204,12786300,VWO
2013-04-11,30.220735549926758,30.31237837704604,30.13614361903996,30.255981963702176,10005100,VWO
2013-04-12,29.847122192382812,29.952864135127655,29.607442786073236,29.917615028126498,36404100,VWO
2013-04-15,29.06463623046875,29.593340509267517,29.06463623046875,29.57924140580407,22504100,VWO
2013-04-16,29.70612144470215,29.74841874198853,29.466442138335708,29.69202234560669,14326000,VWO
2013-04-17,29.27611541748047,29.4594010609385,29.064634258137914,29.45235016512074,19005000,VWO
2013-04-18,29.339563369750977,29.466452617608056,29.1703794986943,29.452353513498476,15909400,VWO
2013-04-19,29.762531280517578,29.80482590777414,29.628591123193395,29.713185755965323,13701500,VWO
2013-04-22,29.840070724487305,29.861218035074245,29.607439551514904,29.83301982820565,15684100,VWO
2013-04-23,29.98810386657715,30.058596686603114,29.762523615539614,29.797770025552595,16112400,VWO
2013-04-24,30.178442001342773,30.29123214290914,30.044501859456453,30.058600963293387,13020700,VWO
2013-04-25,30.432220458984375,30.552061507492855,30.284183889470366,30.319430307574272,10662000,VWO
2013-04-26,30.150238037109375,30.319421872592258,30.05154701822293,30.270076363149034,8478200,VWO
2013-04-29,30.467464447021484,30.55205637408345,30.298277903768685,30.38992072674432,9419400,VWO
2013-04-30,30.848129272460938,30.93272388812826,30.43926605325097,30.530908875659478,18425900,VWO
2013-05-01,30.523860931396484,30.812885840052594,30.4533681006527,30.805837632629864,13443000,VWO
2013-05-02,30.80583953857422,30.81288774643302,30.63665296954087,30.7141967016341,14142600,VWO
2013-05-03,31.017333984375,31.193568836558946,30.939790219153192,30.975036651763894,13122800,VWO
2013-05-06,31.052562713623047,31.10190822897177,30.960919889777323,31.038463610790714,10360300,VWO
2013-05-07,31.29930305480957,31.369795902534147,31.137164664609468,31.179461986722075,11356500,VWO
2013-05-08,31.5742244720459,31.58832357742803,31.43323610735396,31.43323610735396,8591000,VWO
2013-05-09,31.32748794555664,31.538971795196645,31.193550504696308,31.4543771796891,10075900,VWO
2013-05-10,31.2076416015625,31.23583979949798,31.05255420204554,31.193542502594763,10651600,VWO
2013-05-13,30.92568016052246,31.038470318427002,30.897484637893438,31.017323004172862,6943700,VWO
2013-05-14,31.073715209960938,31.158307144625052,30.982072378749493,31.01027058668057,16897600,VWO
2013-05-15,31.045520782470703,31.080767202111982,30.897484206499676,30.989124359741105,17981000,VWO
2013-05-16,30.92568016052246,31.13716137045229,30.911581054643207,31.017323004172862,12388400,VWO
2013-05-17,31.03140640258789,31.094851002365424,30.93271540051797,31.010259099038084,13544200,VWO
2013-05-20,31.10191535949707,31.130113571626552,30.93977967344682,31.0032243061734,11132900,VWO
2013-05-21,31.08076286315918,31.207652107457275,30.862230789283778,31.05961555215252,12035000,VWO
2013-05-22,30.728290557861328,31.419130442582482,30.622548634135825,31.123057358757197,17340800,VWO
2013-05-23,30.502721786499023,30.50272178649902,30.072708412098656,30.206645902022608,20936300,VWO
2013-05-24,30.199596405029297,30.277140149779342,30.023361599371828,30.277140149779342,22998800,VWO
2013-05-28,30.347625732421875,30.580256910989704,30.27713290268385,30.55205870344286,17409200,VWO
2013-05-29,29.924663543701172,30.16434293093648,29.896465335996055,30.086799204311955,18052400,VWO
2013-05-30,29.854175567626953,30.065659489721416,29.811880934511883,29.847127358484368,20826400,VWO
2013-05-31,29.283161163330078,29.65677790209903,29.269062063302975,29.65677790209903,30571000,VWO
2013-06-03,29.74842643737793,29.790721056476986,29.191523980123343,29.410056038941047,27019400,VWO
2013-06-04,29.41006088256836,29.73433223166777,29.297270731180333,29.73433223166777,18723900,VWO
2013-06-05,28.810853958129883,29.360708164389617,28.803805751889417,29.346609062780015,19904700,VWO
2013-06-06,29.106937408447266,29.10693740844727,28.705122318299292,28.761516050517393,18915000,VWO
2013-06-07,28.980045318603516,29.1774273957795,28.803810552802357,28.965946214643928,14339100,VWO
2013-06-10,28.57118034362793,28.733316010988048,28.479540198465173,28.70512049123831,16252000,VWO
2013-06-11,28.007226943969727,28.197560802079238,27.88738860134279,27.986079633889435,19352200,VWO
2013-06-12,27.81690216064453,28.253966431834282,27.76755662827308,28.246915533421316,16641000,VWO
2013-06-13,28.458385467529297,28.458385467529297,27.795743803778738,27.81689111235871,20134600,VWO
2013-06-14,28.049530029296875,28.444294240774408,27.936739870427655,28.4231469263394,25794300,VWO
2013-06-17,28.246915817260742,28.458397056567723,28.105927428012805,28.35265778147916,20658000,VWO
2013-06-18,28.310359954833984,28.331507271649894,28.06363229488233,28.14117335291727,19146900,VWO
2013-06-19,27.408029556274414,28.19051229033348,27.386879557293817,28.12706767164953,36388300,VWO
2013-06-20,26.2166805267334,26.801781189408256,25.906508333816284,26.787682086667175,79385400,VWO
2013-06-21,26.681947708129883,26.794737872834318,26.153243306866045,26.583256650154713,45082800,VWO
2013-06-24,26.07890510559082,26.37898982867155,25.735949968256346,26.07890510559082,51498400,VWO
2013-06-25,26.579055786132812,26.621923485707804,26.207520278276466,26.514751511204487,45888900,VWO
2013-06-26,27.143505096435547,27.186372797554558,26.836273852441597,26.86485141133229,37348400,VWO
2013-06-27,27.557903289794922,27.60791741568406,27.33641021402485,27.343556646617838,43154000,VWO
2013-06-28,27.715097427368164,27.77940170523821,27.31498161778055,27.336415468548577,37191500,VWO
2013-07-01,27.765111923217773,27.979458610377815,27.700807644513162,27.865140195521395,21667300,VWO
2013-07-02,27.293540954589844,27.908003295186838,27.10777187574805,27.707944077544497,24205200,VWO
2013-07-03,27.079198837280273,27.300689211693577,26.90057616084852,27.000604423559786,20680400,VWO
2013-07-05,26.950597763061523,27.200668489160694,26.679090456463495,27.193524779372073,26303700,VWO
2013-07-08,26.993453979492188,27.179223061696415,26.886282024896214,26.957729994626863,19516800,VWO
2013-07-09,27.314983367919922,27.372143941051704,27.10063666980803,27.27925937249563,18296600,VWO
2013-07-10,27.050621032714844,27.343562139873292,27.036330890223457,27.17922958957133,32041300,VWO
2013-07-11,28.308122634887695,28.329559210683954,27.843705284645964,27.96516740337251,54366800,VWO
2013-07-12,28.008039474487305,28.086633897369484,27.908011200115826,27.993749331639087,13095500,VWO
2013-07-15,28.372426986694336,28.486745397503803,28.150936598881817,28.150936598881817,16138600,VWO
2013-07-16,28.42244529724121,28.465315729681013,28.215245021031272,28.436735441387814,12195300,VWO
2013-07-17,28.658233642578125,28.701101357013417,28.565349052023677,28.658233642578125,22000400,VWO
2013-07-18,28.37957191467285,28.608208724160253,28.32955778294534,28.508180460705233,22677600,VWO
2013-07-19,28.258108139038086,28.34384626442827,28.18666015547391,28.32241241447219,20427200,VWO
2013-07-22,28.558195114135742,28.608209246776912,28.24381745117317,28.322411866913814,17309900,VWO
2013-07-23,28.872570037841797,28.958308161533747,28.722527639989433,28.843989754755878,16429600,VWO
2013-07-24,28.522470474243164,28.82970172601794,28.372428065394836,28.82970172601794,18677000,VWO
2013-07-25,28.71538734436035,28.72253377944229,28.422446194027913,28.45102648322288,12092600,VWO
2013-07-26,28.62250328063965,28.629646989603067,28.286691722469083,28.52247227618849,12764500,VWO
2013-07-29,28.2652530670166,28.37957146996895,28.243816492636608,28.365281328904192,18507300,VWO
2013-07-30,28.072343826293945,28.365284941516272,28.05090724918378,28.35099479863152,23454600,VWO
2013-07-31,27.90801429748535,28.258113296641255,27.765115578709604,27.893724153051142,21470300,VWO
2013-08-01,28.42244529724121,28.543910159704165,28.17237458859147,28.22238873032142,15774300,VWO
2013-08-02,28.436735153198242,28.593924011651524,28.32956316153432,28.32956316153432,17624200,VWO
2013-08-05,28.222389221191406,28.34385136020063,28.12950464540612,28.34385136020063,9279000,VWO
2013-08-06,27.87228012084961,28.115207060142254,27.815122283962555,28.115207060142254,17316700,VWO
2013-08-07,27.550765991210938,27.750822541301627,27.550765991210934,27.643647832000998,15020500,VWO
2013-08-08,28.165231704711914,28.258116290592238,27.743684664288356,27.936594820673157,14770900,VWO
2013-08-09,28.279541015625,28.415293256867024,28.136642341621783,28.165219895970022,12429900,VWO
2013-08-12,28.5081844329834,28.643936705792715,28.386719577887785,28.415299864447476,9830500,VWO
2013-08-13,28.62250328063965,28.708241416031598,28.50103842373205,28.679661129045552,15318100,VWO
2013-08-14,28.708240509033203,28.78683493297865,28.679660222950115,28.73682079511629,11819400,VWO
2013-08-15,28.372426986694336,28.451021405169453,28.11520988098156,28.372426986694336,13614500,VWO
2013-08-16,28.065202713012695,28.39387061054282,28.0437688574049,28.365290319354706,18802300,VWO
2013-08-19,27.515033721923828,27.84370149223027,27.472166027301856,27.807974779291257,18225100,VWO
2013-08-20,27.479318618774414,27.64365119427455,27.3935804762453,27.415014330485977,18965400,VWO
2013-08-21,26.87199592590332,27.20066099698195,26.807691653251783,27.164937006745706,19546700,VWO
2013-08-22,27.307832717895508,27.35784684389004,27.150643907303856,27.186367893647745,14534500,VWO
2013-08-23,27.62937355041504,27.665100291069162,27.357868855303668,27.515055066797714,16412100,VWO
2013-08-26,27.300695419311523,27.657940853405314,27.236391132151986,27.657940853405314,8761100,VWO
2013-08-27,26.593339920043945,26.821976684677832,26.543325798128112,26.793396407707288,26627400,VWO
2013-08-28,26.5719051361084,26.843412334453014,26.400428913886312,26.52189101082984,20212000,VWO
2013-08-29,26.72910499572754,27.03633630693091,26.68623455966432,26.821989577747903,18987400,VWO
2013-08-30,26.950597763061523,27.057769763289812,26.750538456615686,27.057769763289812,47137400,VWO
2013-09-03,27.10778045654297,27.415011724093564,27.014898613286203,27.300693303067725,29742300,VWO
2013-09-04,27.529329299926758,27.550765877037694,27.179230338718895,27.250678327579173,15429300,VWO
2013-09-05,27.900863647460938,27.97231435883783,27.522184416644237,27.565054843470374,18443500,VWO
2013-09-06,28.279541015625,28.415293256867024,27.993743667618567,28.265250875668126,20473300,VWO
2013-09-09,29.108352661132812,29.158366792678418,28.565338196400877,28.579628337637587,21642900,VWO
2013-09-10,29.33699607849121,29.379863786292333,29.186950924488187,29.265545356212066,30922900,VWO
2013-09-11,29.37986183166504,29.43702240568549,29.158371421251246,29.229819413210627,18174100,VWO
2013-09-12,28.99403190612793,29.294116671072338,28.979741766049784,29.28697296381603,19544100,VWO
2013-09-13,29.208391189575195,29.24411519243937,28.979754300564434,29.02976844968762,19008600,VWO
2013-09-16,29.529911041259766,29.722821191222522,29.472750459369646,29.66566333489896,19618100,VWO
2013-09-17,29.508468627929688,29.601353192359255,29.4441643487963,29.579919341170132,18979700,VWO
2013-09-18,30.701671600341797,30.730249161890924,29.251253373250336,29.408442226818426,30886500,VWO
2013-09-19,30.580196380615234,30.65164707419208,30.380139889730607,30.64450064205176,30950400,VWO
2013-09-20,29.85142707824707,30.444455796735642,29.801412936394577,30.444455796735642,25118500,VWO
2013-09-23,30.006311416625977,30.107172524189643,29.86222294228114,29.948674927584417,22042800,VWO
2013-09-24,29.7037353515625,29.91266357232832,29.660507970219918,29.862233001558636,18014700,VWO
2013-09-25,29.52362060546875,29.761367041974367,29.494802355905726,29.754161105453843,16543200,VWO
2013-09-26,29.610082626342773,29.754171174659817,29.429972628011587,29.631697694959637,11859400,VWO
2013-09-27,29.192224502563477,29.372334474014437,29.11297567540344,29.336313029376257,17579700,VWO
2013-09-30,28.9112491607666,29.04092854111643,28.716730090241864,28.9184523493373,26400200,VWO
2013-10-01,29.48760414123535,29.502013268447207,29.09856595129521,29.105771889031143,16989800,VWO
2013-10-02,29.581260681152344,29.617282123331563,29.257062205019597,29.33631102676981,10574200,VWO
2013-10-03,29.502012252807617,29.80459566905984,29.300287227046223,29.718143657024907,15040400,VWO
2013-10-04,29.898258209228516,29.941485596013166,29.545241421138016,29.595674746516945,14847900,VWO
2013-10-07,29.631696701049805,29.797397564165284,29.494811348022825,29.516426415914676,15935200,VWO
2013-10-08,29.350717544555664,29.782980308805882,29.32189929406975,29.746958869828305,23228800,VWO
2013-10-09,29.581260681152344,29.696530945081776,29.321901900246147,29.588463870284237,20172000,VWO
2013-10-10,30.24406623840332,30.308905938403697,29.92707367632374,29.955891931492815,16318100,VWO
2013-10-11,30.366544723510742,30.39536023257832,30.056755327886957,30.099979965618463,11041300,VWO
2013-10-14,30.561058044433594,30.625897742829903,30.04954639500716,30.114386093403468,15091100,VWO
2013-10-15,30.193634033203125,30.474605135257296,30.09277289382572,30.36654080660719,19654800,VWO
2013-10-16,30.409770965576172,30.54665632097505,30.29450067844368,30.330522127873753,18815300,VWO
2013-10-17,30.618684768676758,30.647503013923583,30.330507812726733,30.38814430322039,17451300,VWO
2013-10-18,30.618684768676758,30.791591491898593,30.5970724588712,30.755567311210495,16546000,VWO
2013-10-21,30.63310432434082,30.70514721373517,30.51062811445835,30.66192257940259,13128700,VWO
2013-10-22,30.914079666137695,31.09418966250258,30.777197058274147,30.80601256901459,19353200,VWO
2013-10-23,30.236846923828125,30.460181411636906,30.20802868402744,30.445772291736564,22265300,VWO
2013-10-24,30.172014236450195,30.380939652677938,30.107174556032135,30.36653327770437,18132700,VWO
2013-10-25,30.34493064880371,30.359339777938885,30.121596017859435,30.229660363982685,14390700,VWO
2013-10-28,30.4313907623291,30.474615409057346,30.30891451732375,30.316120457285695,13861700,VWO
2013-10-29,30.51784324645996,30.582682965753158,30.48902498271612,30.539455570137395,9218500,VWO
2013-10-30,30.366544723510742,30.647515861806667,30.21525024666962,30.64030992334456,17838800,VWO
2013-10-31,30.164810180664062,30.517826851221027,30.150401056533223,30.517826851221027,20353600,VWO
2013-11-01,30.150405883789062,30.294494399907432,29.95588954752811,30.200836452191513,19047400,VWO
2013-11-04,30.34493064880371,30.352136587501484,30.229660363982685,30.251275431815635,12040900,VWO
2013-11-05,29.73975944519043,29.984709131438073,29.732556255121484,29.941484494503932,17095000,VWO
2013-11-06,29.847824096679688,29.999115810115192,29.811802652755993,29.97750349341298,15901700,VWO
2013-11-07,29.329103469848633,29.934273009126162,29.271469715196343,29.91266069466402,19648100,VWO
2013-11-08,29.228246688842773,29.249859006522062,28.990502949590194,29.141794669865483,47208300,VWO
2013-11-11,29.091365814208984,29.26426986237309,29.033729299314086,29.228248414693926,10337900,VWO
2013-11-12,28.889636993408203,29.098565210269555,28.716732967789106,29.069746956579728,18527500,VWO
2013-11-13,29.004905700683594,29.06254220496487,28.637482604799715,28.67350404584562,19114000,VWO
2013-11-14,29.48040199279785,29.50201706052396,28.96168708779737,29.026526794454973,14657100,VWO
2013-11-15,29.977506637573242,30.10718604790783,29.71814781690407,29.71814781690407,18723400,VWO
2013-11-18,30.27289390563965,30.59709250643728,30.25128158167345,30.359345949765373,17858700,VWO
2013-11-19,29.984697341918945,30.337713978221725,29.97028821918627,30.308895732756366,18596600,VWO
2013-11-20,29.610082626342773,30.085572912006686,29.545242917013127,30.042348271293903,25865700,VWO
2013-11-21,29.602880477905273,29.65331105935273,29.458791924515143,29.523631636127675,12720800,VWO
2013-11-22,29.790199279785156,29.855039003599956,29.588476916032935,29.624498374094248,9531100,VWO
2013-11-25,29.42996597290039,29.819004140903573,29.40115046836152,29.819004140903573,15174100,VWO
2013-11-26,29.45157814025879,29.552439266875428,29.293080513712884,29.422759890294156,12566300,VWO
2013-11-27,29.638898849487305,29.70373855436251,29.458788863529545,29.509219439736896,9395600,VWO
2013-11-29,29.88384246826172,29.9775004114424,29.790184525081038,29.833411902301286,8886600,VWO
2013-12-02,29.3219051361084,29.86223507320526,29.26426862365318,29.811804498937033,24138300,VWO
2013-12-03,29.213838577270508,29.44437913473682,29.048137723357858,29.235453643961883,21322000,VWO
2013-12-04,29.221038818359375,29.3146940121412,28.932861803582266,29.084153499623387,29191100,VWO
2013-12-05,29.12738037109375,29.35792087961276,29.105768057251233,29.163401810251163,27715500,VWO
2013-12-06,29.775775909423828,29.862227909106206,29.545232663171625,29.57405091248559,23180700,VWO
2013-12-09,29.78299331665039,29.955900146824025,29.768584185114186,29.8478330344329,15373900,VWO
2013-12-10,29.84061622619629,29.855025352484503,29.65330308096915,29.667712207257363,26049000,VWO
2013-12-11,29.235445022583008,29.6172771929875,29.141787089900227,29.610071256795294,25228300,VWO
2013-12-12,28.976083755493164,29.084148054608455,28.831995275080263,29.026514311398802,19571300,VWO
2013-12-13,29.062541961669922,29.120175717208934,28.93286257638244,29.076951087619616,18957500,VWO
2013-12-16,29.20663833618164,29.429972977880652,29.19222920635259,29.19943239713686,15484000,VWO
2013-12-17,29.01211929321289,29.199432485033384,28.961688712789663,29.17061697354905,15132200,VWO
2013-12-18,29.48760414123535,29.811802632852135,28.67350631745543,29.14899652240671,37865600,VWO
2013-12-19,28.997703552246094,29.098564690097543,28.767163023368532,28.990500363082372,20168300,VWO
2013-12-20,28.936864852905273,29.146920350766948,28.90789110911298,29.03102813868607,21910500,VWO
2013-12-23,29.146921157836914,29.28454230002855,29.0744867963505,29.125189467846806,19991100,VWO
2013-12-24,29.299036026000977,29.34249388997019,29.233846466958145,29.24108852325668,10329600,VWO
2013-12-26,29.110706329345703,29.23384337812222,29.074490525501567,29.226598559500164,8545800,VWO
2013-12-27,29.4583797454834,29.4583797454834,29.277297983301413,29.30627172839175,12732200,VWO
2013-12-30,29.5670166015625,29.63944816860252,29.451124436446165,29.4656113024716,12105200,VWO
2013-12-31,29.798809051513672,29.813295921486556,29.465619331401015,29.668429984845602,13949700,VWO
2014-01-02,28.75577163696289,29.356961384036815,28.71231103859758,29.342474517915047,48716300,VWO
2014-01-03,28.71955680847168,28.92236741474797,28.58917777212627,28.907880548144337,44478300,VWO
2014-01-06,28.444316864013672,28.654372322021263,28.444316864013672,28.63988545287373,14390900,VWO
2014-01-07,28.560213088989258,28.71232109189598,28.502265604212514,28.610915756624834,15990800,VWO
2014-01-08,28.509504318237305,28.65437023607912,28.415341057176988,28.625396499893245,21010100,VWO
2014-01-09,28.328428268432617,28.43707565619342,28.111130729822893,28.400859860273155,16266900,VWO
2014-01-10,28.878915786743164,28.980321121384883,28.50226542729669,28.50226542729669,26005300,VWO
2014-01-13,28.516754150390625,28.95135202247865,28.43707773568674,28.90789140634335,16094200,VWO
2014-01-14,28.8354549407959,28.900644472448462,28.552965128242874,28.705075877490764,12584300,VWO
2014-01-15,28.828216552734375,28.90789297175287,28.777513879375054,28.79200075220464,13821900,VWO
2014-01-16,28.66884994506836,28.871660521549085,28.618144537861305,28.820957877428903,12403800,VWO
2014-01-17,28.56745719909668,28.683349413903,28.5095124732377,28.683349413903,9840600,VWO
2014-01-21,28.48053550720215,28.705077856841545,28.35015643490676,28.697833039998443,19951000,VWO
2014-01-22,28.842695236206055,28.86442415773667,28.60366881010624,28.676100390600077,16219800,VWO
2014-01-23,28.183557510375977,28.57469467095432,27.980746877374305,28.567449855154177,19647300,VWO
2014-01-24,27.495450973510742,27.82864071481796,27.459235177818755,27.82864071481796,32588900,VWO
2014-01-27,27.314367294311523,27.531664816136686,27.08982771909695,27.451991176501515,33060600,VWO
2014-01-28,27.495450973510742,27.604101123674795,27.4012904573292,27.4519931239156,22512700,VWO
2014-01-29,27.010150909423828,27.365069545003678,26.93771656118151,27.046366702001055,33390800,VWO
2014-01-30,27.292646408081055,27.48821506424032,27.2129699818952,27.430267567709258,25723100,VWO
2014-01-31,27.28539276123047,27.430258692597768,26.952203053247157,26.98117679213818,24855500,VWO
2014-02-03,26.561065673828125,27.169500370664498,26.546581567576037,27.162258317538456,31513700,VWO
2014-02-04,27.1767520904541,27.314373239510573,26.966696576298038,27.03188612334342,22462700,VWO
2014-02-05,27.08258628845215,27.25642598549825,26.894262482816433,27.089831105835202,17615800,VWO
2014-02-06,27.618589401245117,27.64031832714939,27.22745215643876,27.249181082343032,28605500,VWO
2014-02-07,27.727237701416016,27.893832586007616,27.60410343314374,27.806914116457286,18019700,VWO
2014-02-10,27.415775299072266,27.68377827316137,27.336101651652225,27.68377827316137,9570000,VWO
2014-02-11,27.995241165161133,28.060430709200663,27.56064328386812,27.56064328386812,26770500,VWO
2014-02-12,27.951786041259766,28.306707575911368,27.901083359607952,28.16184158701094,16511100,VWO
2014-02-13,27.98075294494629,28.009723925166227,27.56788677361358,27.59685775383352,18583900,VWO
2014-02-14,28.321186065673828,28.466052025815333,28.11113332471143,28.154591178592025,10676700,VWO
2014-02-18,28.0821590423584,28.386375066051013,28.0821590423584,28.328430340956935,12031000,VWO
2014-02-19,27.959020614624023,28.219778772240137,27.87210214978138,28.031454971233046,34637000,VWO
2014-02-20,28.1038818359375,28.169071364372606,27.792421062646188,27.930044935502362,27963500,VWO
2014-02-21,28.299449920654297,28.364639447936266,28.132855076064303,28.132855076064303,26589200,VWO
2014-02-24,28.270471572875977,28.51674277321247,28.227013737167145,28.24874265502156,18554500,VWO
2014-02-25,27.915563583374023,28.255995398623188,27.828642352891112,28.205292729052285,14129700,VWO
2014-02-26,27.84312629699707,28.04593971704357,27.741720968517804,27.995237052803937,14250900,VWO
2014-02-27,28.39360809326172,28.429823876793066,28.053173649275283,28.096634247365202,19574100,VWO
2014-02-28,28.1690731048584,28.451560157835345,28.01696511680741,28.393615441805967,21899800,VWO
2014-03-03,27.67653465270996,27.763455884161854,27.466479154666995,27.662047780801313,26634900,VWO
2014-03-04,28.132858276367188,28.263237345762626,28.03145294752362,28.19080299438295,13426800,VWO
2014-03-05,28.219778060913086,28.241509748892096,28.02420944763064,28.06767006050055,10025800,VWO
2014-03-06,28.610919952392578,28.741299049172085,28.422596125426935,28.422596125426935,13865300,VWO
2014-03-07,28.212533950805664,28.50226305955819,28.06766801488545,28.480534136250924,19698800,VWO
2014-03-10,28.045934677124023,28.074905649277685,27.84312129352356,28.06042154474459,14103000,VWO
2014-03-11,27.719999313354492,28.198055103744906,27.65480976179722,28.082162874652948,17460500,VWO
2014-03-12,27.828636169433594,27.850367853769722,27.54614914085273,27.60409661496555,19015100,VWO
2014-03-13,27.350587844848633,27.90831999783523,27.205724647159343,27.872104198412906,18654100,VWO
2014-03-14,27.531665802001953,27.67653174276878,27.40853154835735,27.40853154835735,15544300,VWO
2014-03-17,27.828636169433594,27.901070512074615,27.741717721352018,27.821394116713314,13620200,VWO
2014-03-18,28.25598907470703,28.28496281171678,27.886583598639458,27.908312519852952,14198000,VWO
2014-03-19,27.698261260986328,28.190801000084555,27.546150515393748,28.031450964498102,22847800,VWO
2014-03-20,27.828636169433594,27.908312564794894,27.41577008718654,27.49544648254784,18680400,VWO
2014-03-21,27.995241165161133,28.357404684694455,27.95178054810532,28.00248321979291,19791100,VWO
2014-03-24,28.241512298583984,28.328430769082853,28.074914649085986,28.241512298583984,23802000,VWO
2014-03-25,28.6809024810791,28.753529636374658,28.499331822291825,28.52838102208102,17673500,VWO
2014-03-26,28.68817710876465,28.964165411134513,28.659125125241584,28.85522185819783,26585300,VWO
2014-03-27,29.022266387939453,29.051318371242605,28.73901647710778,28.76806846041093,16809800,VWO
2014-03-28,29.254669189453125,29.472556237640234,29.247407580769714,29.283721165284597,15315900,VWO
2014-03-31,29.47255516052246,29.63233548065832,29.421712819401048,29.472555160522464,20248500,VWO
2014-04-01,29.755807876586914,29.770333865381833,29.603286379514838,29.755807876586914,12472100,VWO
2014-04-02,29.864744186401367,29.886534551621164,29.625072333372877,29.66864752271515,11813800,VWO
2014-04-03,29.690439224243164,29.726752807179015,29.407189398575223,29.712226819894916,23427100,VWO
2014-04-04,29.63959312438965,30.235144619093106,29.596015172137626,30.03904798978126,38442400,VWO
2014-04-07,29.799379348754883,29.872009283653775,29.61780866733074,29.741278171384494,12439600,VWO
2014-04-08,30.07536506652832,30.344088877000765,29.995473530038232,30.213357775571254,29428700,VWO
2014-04-09,30.31505012512207,30.44577850106311,29.908330694868376,30.213368189646555,13632000,VWO
2014-04-10,30.024534225463867,30.45304123342272,29.980956255475924,30.35136207400016,18638200,VWO
2014-04-11,30.010000228881836,30.053578187243296,29.79937758595762,29.806641964292147,15167400,VWO
2014-04-14,29.96642303466797,30.09715414253745,29.806642724365325,30.05357895361338,11506100,VWO
2014-04-15,29.523399353027344,29.784858855240298,29.138467553438904,29.784858855240298,23778900,VWO
2014-04-16,29.828426361083984,29.879265921782245,29.55970257302914,29.58875454215622,12091800,VWO
2014-04-17,30.184309005737305,30.2787237588029,29.80664168182931,29.915582420877733,10141600,VWO
2014-04-21,29.988210678100586,30.126203381417675,29.908319144925496,30.082625425899888,8541100,VWO
2014-04-22,29.88654327392578,30.04632363239334,29.879278893216206,29.980958058754506,9462800,VWO
2014-04-23,29.726760864257812,29.792126439478405,29.5234025282602,29.784862058593042,14422900,VWO
2014-04-24,29.726760864257812,29.777600448257214,29.46529856337543,29.777600448257214,10679300,VWO
2014-04-25,29.385406494140625,29.450772068242795,29.182048161622532,29.450772068242795,15519200,VWO
2014-04-28,29.47255516052246,29.58149591008571,29.23288052449547,29.407189602564994,11892700,VWO
2014-04-29,29.755807876586914,29.908326603109916,29.661390334694502,29.675916323489417,15126200,VWO
2014-04-30,29.73402976989746,29.73402976989746,29.516145389220288,29.53793299612294,11793000,VWO
2014-05-01,29.755807876586914,29.8211734408895,29.55244680400717,29.668651943817423,8681600,VWO
2014-05-02,29.951904296875,30.031793078696282,29.690442042044474,29.734017237483528,14743400,VWO
2014-05-05,29.821170806884766,29.83569679439665,29.675913702314762,29.792118831861,11111900,VWO
2014-05-06,29.937366485595703,30.111672739614438,29.828422998923024,29.835687375660115,9665900,VWO
2014-05-07,30.126209259033203,30.140735247039814,29.828433431269946,29.872011395289785,8329300,VWO
2014-05-08,30.046316146850586,30.28599078066516,30.046316146850586,30.2060992360603,12276300,VWO
2014-05-09,30.024534225463867,30.16252697460172,29.973694645752587,30.082635414898483,13521100,VWO
2014-05-12,30.51114845275879,30.547464820200577,30.351368072324306,30.41673365494973,12806900,VWO
2014-05-13,30.641860961914062,30.743542850072924,30.51112987625798,30.547446221588796,14746500,VWO
2014-05-14,30.845230102539062,30.93238325911209,30.72902497025873,30.743550958112383,16633300,VWO
2014-05-15,30.569236755371094,30.801646981012937,30.416718064271468,30.801646981012937,11088300,VWO
2014-05-16,30.946914672851562,30.997754253978545,30.707239987067748,30.794395929470614,11901400,VWO
2014-05-19,30.961435317993164,31.012274890343075,30.88880537852979,30.910595745643253,6559100,VWO
2014-05-20,30.699970245361328,30.910592894554647,30.591026731489293,30.808910988684715,11702000,VWO
2014-05-21,30.917863845825195,30.961441818652844,30.83797228091591,30.83797228091591,15397100,VWO
2014-05-22,31.157527923583984,31.164789531306116,31.055846021634377,31.106688357883453,8280700,VWO
2014-05-23,31.157527923583984,31.244681068992254,31.128475951598382,31.164789531306116,20551100,VWO
2014-05-27,30.903331756591797,31.092166831031808,30.772600634456076,31.048588866803588,11396400,VWO
2014-05-28,31.019542694091797,31.063120666473008,30.874285556703875,30.94691551067256,10312700,VWO
2014-05-29,31.05585479736328,31.128484747850976,30.990489227199014,31.10669714797933,7035300,VWO
2014-05-30,30.65639877319336,30.939648644543453,30.605559194774074,30.8960734462122,13774100,VWO
2014-06-02,30.808916091918945,30.888807645918636,30.77986688455014,30.794392873509096,9076500,VWO
2014-06-03,30.983232498168945,31.070385681933974,30.816187741556906,30.845239726328504,7256200,VWO
2014-06-04,30.808916091918945,30.859758438549836,30.73628891767328,30.84523244959088,6949900,VWO
2014-06-05,31.157527923583984,31.230155082999453,31.012270834204514,31.106688357883453,9615200,VWO
2014-06-06,31.49163055419922,31.58604811764729,31.38268699863993,31.38268699863993,9160500,VWO
2014-06-09,31.687726974487305,31.724040569126778,31.49163023877454,31.535205444122035,9324400,VWO
2014-06-10,31.811195373535156,31.832985747870435,31.65141499485876,31.738568180550413,9653100,VWO
2014-06-11,31.702253341674805,31.774880531813352,31.62962338098655,31.66593697605582,7968900,VWO
2014-06-12,31.556995391845703,31.8111933214442,31.49162981415614,31.79666732967434,9127000,VWO
2014-06-13,31.673192977905273,31.694980575072744,31.477096291751096,31.57151383039177,7699200,VWO
2014-06-16,31.469831466674805,31.571510603796742,31.39720153262435,31.54972023830726,8539900,VWO
2014-06-17,31.49163055419922,31.49163055419922,31.331847411525516,31.440790967084805,9028300,VWO
2014-06-18,31.85476303100586,31.876550627732335,31.331838545179018,31.41899170263385,17662300,VWO
2014-06-19,31.658668518066406,31.818451626472676,31.578776963863273,31.74582168149296,8962100,VWO
2014-06-20,31.673192977905273,31.687718966199913,31.54246185380249,31.62961501302135,14210300,VWO
2014-06-23,31.527936935424805,31.622354477269585,31.43351939358002,31.615090097601254,15211800,VWO
2014-06-24,31.48247718811035,31.834482185346207,31.43847551439823,31.65847828798476,17451200,VWO
2014-06-25,31.614471435546875,31.63647086810904,31.497136466071428,31.599804214676652,13493500,VWO
2014-06-26,31.599794387817383,31.658460455568047,31.497126671139622,31.658460455568047,11566300,VWO
2014-06-27,31.680479049682617,31.709813497459276,31.51181017119719,31.621810154129296,7431000,VWO
2014-06-30,31.629146575927734,31.746481574782273,31.570477677756944,31.739146563767406,8567700,VWO
2014-07-01,31.915142059326172,31.951808712287125,31.797807091359346,31.797807091359346,10496300,VWO
2014-07-02,32.105804443359375,32.105804443359375,32.01780393289965,32.01780393289965,7641100,VWO
2014-07-03,32.27447509765625,32.31847675414254,32.01047355119639,32.06180741835408,6807600,VWO
2014-07-07,32.34048843383789,32.34782344477367,32.230488447184406,32.303821771620065,8695700,VWO
2014-07-08,32.20114517211914,32.36248179863981,32.1204768588588,32.36248179863981,7398000,VWO
2014-07-09,32.391815185546875,32.413817416020784,32.186479684366354,32.20114690552016,16559400,VWO
2014-07-10,32.19382095336914,32.22315260389353,31.812481521682674,31.922481505494755,18552700,VWO
2014-07-11,32.25247573852539,32.281810176246914,32.083806917855554,32.12047356626448,7000100,VWO
2014-07-14,32.5018196105957,32.50915462029159,32.362485198725714,32.42848629855603,6750600,VWO
2014-07-15,32.45780944824219,32.56047997470232,32.31114286255647,32.52381053079508,7029400,VWO
2014-07-16,32.56050109863281,32.67783612179507,32.509167200842306,32.626502224004554,6164500,VWO
2014-07-17,31.937152862548828,32.362494021296506,31.87848675642101,32.274490665873834,9976700,VWO
2014-07-18,32.43581008911133,32.52381060020773,32.289140705626785,32.32581014961228,5486600,VWO
2014-07-21,32.55315017700195,32.626486279067926,32.274478584123734,32.32581525431304,18890200,VWO
2014-07-22,32.8904914855957,32.95649258599936,32.85382482925735,32.868492051290005,13261400,VWO
2014-07-23,32.89781951904297,32.978487824372756,32.84648565155783,32.97115281616861,5720500,VWO
2014-07-24,33.05916213989258,33.125160440812635,32.949159376719535,32.971158810359555,11809400,VWO
2014-07-25,32.927154541015625,32.96382119022891,32.824484006738,32.89048509431632,9415600,VWO
2014-07-28,33.10316467285156,33.11783189606457,32.86116248355381,32.92716358926898,7212300,VWO
2014-07-29,32.802486419677734,33.088490216090605,32.802486419677734,33.0811580048304,9090800,VWO
2014-07-30,32.63382339477539,32.949161687332825,32.45781952085325,32.905160019480626,12966300,VWO
2014-07-31,32.06180953979492,32.28914445296797,31.922472350445105,32.25247780221291,12562700,VWO
2014-08-01,32.25247573852539,32.3258118328292,31.95180474559464,32.15714021467341,18805600,VWO
2014-08-04,32.6191520690918,32.67048594305223,32.29648160455675,32.472482658853565,9841300,VWO
2014-08-05,32.127811431884766,32.3624813595566,32.01047646804884,32.29648026755601,12124800,VWO
2014-08-06,31.900468826293945,32.061805425898235,31.87113439045939,31.951802690261534,11361000,VWO
2014-08-07,31.753799438476562,32.0251359761794,31.658463920775546,31.99580433783628,13451300,VWO
2014-08-08,32.105804443359375,32.1571383075847,31.834467904241848,31.907801196710654,13077200,VWO
2014-08-11,32.56782150268555,32.59715594720963,32.28914987467994,32.31115210681631,9570000,VWO
2014-08-12,32.57514572143555,32.582480729509925,32.4138119111161,32.43581134036741,10632900,VWO
2014-08-13,32.71448516845703,32.897821218226476,32.6338168589607,32.83182012841003,8844800,VWO
2014-08-14,32.73649215698242,32.80982827231269,32.67049105192855,32.73649215698242,4965400,VWO
2014-08-15,32.69248962402344,32.8831579075556,32.50181854300484,32.861158474163624,11960400,VWO
2014-08-18,33.029823303222656,33.04449052286052,32.82448502577866,32.92715556324371,6372200,VWO
2014-08-19,33.22048568725586,33.227820694520375,33.05915189474948,33.05915189474948,6587000,VWO
2014-08-20,33.16917037963867,33.242506505876584,33.044503161264984,33.08116982564035,7220200,VWO
2014-08-21,33.139835357666016,33.2351709213877,33.08116925517452,33.17650481889621,8392800,VWO
2014-08-22,32.9931640625,33.183832365640455,32.90516072490896,33.15449791977678,7724500,VWO
2014-08-25,33.27182388305664,33.286491102011006,33.07382062340163,33.088487842355995,6201100,VWO
2014-08-26,33.45515823364258,33.469825451855975,33.30115663863065,33.30115663863065,7718900,VWO
2014-08-27,33.62382125854492,33.63115626513182,33.455152474355835,33.51382133710961,6193700,VWO
2014-08-28,33.31583023071289,33.31583023071289,33.147161385218425,33.169160818004464,5110500,VWO
2014-08-29,33.2938232421875,33.367156533156184,33.2058199360422,33.34515710536272,8893300,VWO
2014-09-02,33.359825134277344,33.38182456260577,33.24249018738273,33.31582348013469,8423100,VWO
2014-09-03,33.917171478271484,34.02717423449283,33.82917095178619,34.02717423449283,9409000,VWO
2014-09-04,33.7704963684082,34.04916791897033,33.689828067128175,34.00516626441237,8460100,VWO
2014-09-05,34.09316635131836,34.09316635131836,33.77782818383738,33.89516312074991,12796400,VWO
2014-09-08,33.69716262817383,34.03450024952134,33.638493756207765,34.03450024952134,10875600,VWO
2014-09-09,33.286495208740234,33.572499019921274,33.16182802847622,33.51383293435183,16864600,VWO
2014-09-10,33.139835357666016,33.19116924640374,32.89049812773115,32.963834252704416,9892500,VWO
2014-09-11,32.905155181884766,32.963824063729085,32.84648909752671,32.949156843268,16440700,VWO
2014-09-12,32.45780944824219,32.677814921742375,32.369808937333595,32.6704799139666,12908600,VWO
2014-09-15,32.31848907470703,32.42115684816177,32.20115407683204,32.42115684816177,8249800,VWO
2014-09-16,32.72915267944336,32.97115481260019,32.22314338718484,32.22314338718484,16662400,VWO
2014-09-17,32.4138298034668,32.78050207998229,32.384495349948565,32.72916818506911,17700000,VWO
2014-09-18,32.48715591430664,32.61182591528753,32.435822030810634,32.509158148295526,6975000,VWO
2014-09-19,32.245147705078125,32.633819264038465,32.149812168875776,32.58248539011866,9872600,VWO
2014-09-22,31.76848602294922,32.02515549920727,31.63648377873437,32.00315605766729,8417100,VWO
2014-09-23,31.563138961791992,31.827143354197965,31.5264723067326,31.70980837951603,9503300,VWO
2014-09-24,32.05665969848633,32.09371311680068,31.64168855044337,31.767661127019572,24576300,VWO
2014-09-25,31.315624237060547,31.552754148483405,31.234114098470798,31.545342337025723,10643000,VWO
2014-09-26,31.515716552734375,31.641691969702645,31.30823095629162,31.34528155183079,10346400,VWO
2014-09-29,30.84137535095215,30.996992323664895,30.70799098964311,30.767274184348597,9813500,VWO
2014-09-30,30.908077239990234,30.95994863826145,30.700591646905373,30.789513640116144,17054200,VWO
2014-10-01,30.315244674682617,30.804319642518802,30.293014893755743,30.804319642518802,16451400,VWO
2014-10-02,30.500507354736328,30.67835412311249,30.033662061180074,30.381943784745047,13899500,VWO
2014-10-03,30.75246810913086,30.833981127488002,30.478290269294746,30.567212277148144,10816200,VWO
2014-10-06,31.300819396972656,31.523125778727575,31.24894517534346,31.48607518623159,13566700,VWO
2014-10-07,30.997005462646484,31.32305469139718,30.997005462646488,31.30082489734903,9017600,VWO
2014-10-08,31.471248626708984,31.552761611356043,30.722813792020983,31.06368370347369,20005800,VWO
2014-10-09,31.034042358398438,31.404553838423514,30.9525293805084,31.397142025827186,16903600,VWO
2014-10-10,30.330080032348633,30.811746246716165,30.315259229022644,30.796925443390176,14541000,VWO
2014-10-13,30.700584411621094,31.130376299832335,30.68576361178229,30.871019369599562,13471900,VWO
2014-10-14,30.84137535095215,31.05627269159207,30.604248225686817,30.745044399723195,21901300,VWO
2014-10-15,30.41159439086914,30.5375669845783,29.744672345410873,30.315260578351985,22885200,VWO
2014-10-16,30.107765197753906,30.456044084575854,29.64091991755447,29.7076121004401,19816000,VWO
2014-10-17,30.493104934692383,30.707999508166623,30.30784914001449,30.30784914001449,14580100,VWO
2014-10-20,30.515335083007812,30.56720647998303,30.359720892082162,30.404180474187132,12094500,VWO
2014-10-21,30.6561222076416,30.796918393619045,30.41899506226528,30.41899506226528,12031700,VWO
2014-10-22,30.41159439086914,30.678363209052446,30.322669566955156,30.656130589684288,10747800,VWO
2014-10-23,30.44122886657715,30.60425201866511,30.389354651391596,30.456046840311696,12315200,VWO
2014-10-24,30.730226516723633,30.856199077257575,30.456045955364033,30.50050835561173,10254100,VWO
2014-10-27,30.41159439086914,30.426415194854805,30.063312564154344,30.144825572685832,13554900,VWO
2014-10-28,31.04886817932129,31.10814855578988,30.752457816642167,30.811741019889478,11078200,VWO
2014-10-29,30.989582061767578,31.33786378114581,30.83396790804565,31.219300212579796,18343100,VWO
2014-10-30,31.345279693603516,31.471255103103648,31.10815250407523,31.13038229472504,10325600,VWO
2014-10-31,31.59722137451172,31.66391355991897,31.441607217487643,31.47865780342978,11619800,VWO
2014-11-03,31.38232421875,31.52312040371819,31.293402246565922,31.49347880406399,10467100,VWO
2014-11-04,31.411958694458008,31.441600287389765,31.211882182335472,31.382317101526247,9961400,VWO
2014-11-05,31.226709365844727,31.271171764336607,31.056274411793556,31.226709365844727,11449600,VWO
2014-11-06,30.7821044921875,31.08592389196279,30.774692677170513,31.0488732972154,11926800,VWO
2014-11-07,30.982177734375,30.982177734375004,30.796921953959224,30.796921953959224,9549300,VWO
2014-11-10,31.004404067993164,31.285993614339876,30.989583267998224,31.285993614339876,6117000,VWO
2014-11-11,31.056278228759766,31.09332881866746,30.92289384366901,30.982177048944372,6155100,VWO
2014-11-12,30.96736717224121,31.17485281034379,30.93772555914661,31.0266475716506,10036500,VWO
2014-11-13,30.893251419067383,31.130378580302065,30.819150241223568,31.12296959322918,5725300,VWO
2014-11-14,31.219308853149414,31.219308853149414,30.88584784089722,30.922898436307634,9329700,VWO
2014-11-17,30.826568603515625,30.908081620001447,30.782109013999435,30.900672630675277,8701400,VWO
2014-11-18,30.982177734375,31.01181651088958,30.826560730473805,30.856202333767257,10234500,VWO
2014-11-19,31.04145622253418,31.13779001397794,30.81174087795582,30.945122431090418,11202500,VWO
2014-11-20,30.989582061767578,31.130375416071452,30.937710677193603,31.041453446341556,5362600,VWO
2014-11-21,31.945505142211914,31.960325942891338,31.656506595909825,31.730607772528266,20346300,VWO
2014-11-24,31.70096778869629,31.826943187509904,31.66391719849658,31.80471057196701,6854500,VWO
2014-11-25,31.49346923828125,31.752826089532498,31.463827647630342,31.752826089532498,8999400,VWO
2014-11-26,31.819538116455078,31.864000530184303,31.708386322301166,31.738027931453985,9824500,VWO
2014-11-28,31.24894905090332,31.49348807990728,31.211898453812243,31.49348807990728,8916300,VWO
2014-12-01,30.67836570739746,30.908081120934213,30.619082486626976,30.908081120934213,15525800,VWO
2014-12-02,30.66353416442871,30.819148324288843,30.6561223510381,30.77468592428085,10411600,VWO
2014-12-03,30.819164276123047,30.90808629538603,30.7450630645339,30.782113670328474,11135700,VWO
2014-12-04,30.7821044921875,30.91548889470145,30.737642082423122,30.900668091446658,8921900,VWO
2014-12-05,30.75986671447754,30.83397071832183,30.582022758808655,30.670944736643097,9472900,VWO
2014-12-08,30.26338005065918,30.63389155822025,30.19668786622705,30.544969587903566,8763600,VWO
2014-12-09,29.922517776489258,29.937338579786463,29.7224411721458,29.811363165149828,10952400,VWO
2014-12-10,29.492725372314453,29.922520222732615,29.4704955789409,29.89287861371493,18882400,VWO
2014-12-11,29.21854019165039,29.522359540558913,29.188898590103534,29.366745372605973,20709000,VWO
2014-12-12,28.781333923339844,29.18889601492668,28.773924936996142,29.166666229117105,13660100,VWO
2014-12-15,28.20333480834961,28.75910202703148,28.05512965134546,28.69981883351852,22763900,VWO
2014-12-16,27.943981170654297,28.440468130870592,27.640161804591976,27.77354619230508,32239800,VWO
2014-12-17,28.810977935791016,29.203719260812246,28.136647050886168,28.136647050886168,44882800,VWO
2014-12-18,29.25558090209961,29.41119501750972,29.05550439938186,29.292631478133764,20617900,VWO
2014-12-19,29.396385192871094,29.507539789235725,29.263003634723873,29.292642410546136,21019200,VWO
2014-12-22,29.77895736694336,29.82361566267314,29.637543689315194,29.644988158219988,18404500,VWO
2014-12-23,29.54076385498047,29.622635917634373,29.369578105445452,29.622635917634373,17551100,VWO
2014-12-24,29.600322723388672,29.63009491336131,29.43657851777148,29.533336715566396,7001000,VWO
2014-12-26,29.80128288269043,29.987354824506582,29.80128288269043,29.808724511100774,7018900,VWO
2014-12-29,29.704517364501953,29.950133630058442,29.689631272113818,29.86826154153961,14944200,VWO
2014-12-30,29.786386489868164,29.860814105172953,29.67474222767945,29.734286591308503,17308200,VWO
2014-12-31,29.786386489868164,29.942686185547142,29.734286591308503,29.86825857024235,13162800,VWO
2015-01-02,29.44402313232422,29.741736515844487,29.3770371241665,29.734294887930215,17844900,VWO
2015-01-05,28.975122451782227,29.339821860786504,28.930464164478,29.339821860786504,17336400,VWO
2015-01-06,28.83370018005371,29.10908577134643,28.6922837321543,28.975113788721515,13779200,VWO
2015-01-07,29.49612808227539,29.533341906666138,29.28028392588313,29.362156043082457,11570800,VWO
2015-01-08,29.994794845581055,30.098994673137124,29.86826729475793,29.890595018024985,9996800,VWO
2015-01-09,29.845935821533203,30.032007747700447,29.73429436937222,30.009680025114704,9140200,VWO
2015-01-12,29.577987670898438,29.771501179301993,29.50355721441122,29.719401279376743,10631000,VWO
2015-01-13,29.786386489868164,30.06921653864312,29.540770248745602,29.97989999319954,14364400,VWO
2015-01-14,29.674753189086914,29.7268531068915,29.41425360006399,29.51845343567316,14774300,VWO
2015-01-15,29.76406478881836,30.188308528110074,29.741734228328408,30.1064364311885,16712300,VWO
2015-01-16,30.061784744262695,30.084112470418702,29.70452692960298,29.711968558577407,14325300,VWO
2015-01-20,29.957578659057617,29.98735084721525,29.83849274565922,29.979906380559775,15672600,VWO
2015-01-21,30.627443313598633,30.664657134789675,30.210641134254324,30.218082762799508,15433200,VWO
2015-01-22,31.274972915649414,31.289859011985566,30.724198708142044,30.880501300055357,15263300,VWO
2015-01-23,31.00702476501465,31.170768963854318,30.99213867064448,31.13355514754499,11386400,VWO
2015-01-26,31.04423713684082,31.148436953351414,30.850723597497158,30.887937412074933,9006500,VWO
2015-01-27,30.8804931640625,30.96236241349264,30.642318524667804,30.69442126773326,8518600,VWO
2015-01-28,30.515798568725586,30.887942453710046,30.471140280403745,30.820956440843542,7616000,VWO
2015-01-29,30.545574188232422,30.62000183788728,30.232971813369772,30.58278801305985,19101200,VWO
2015-01-30,29.72684669494629,30.098990507127937,29.711960601751187,30.009676787189292,22047700,VWO
2015-02-02,30.25529670715332,30.33716597073104,29.979908208750082,30.069224778669554,15944400,VWO
2015-02-03,30.79117774963379,30.820949935564432,30.515792127855157,30.538119847687177,20858100,VWO
2015-02-04,30.58279037475586,30.88794830467854,30.55301817690168,30.657218030158248,8677100,VWO
2015-02-05,30.813514709472656,30.83584243394273,30.530684562844165,30.567898383371794,11220500,VWO
2015-02-06,30.307397842407227,30.523239130337572,30.21063964070798,30.3446116617585,19724000,VWO
2015-02-09,30.270177841186523,30.359494404845545,30.188308583347247,30.21063630464595,7247100,VWO
2015-02-10,30.218080520629883,30.247852711066656,30.08410850289676,30.195752797418482,8334500,VWO
2015-02-11,30.084104537963867,30.15853500424624,29.83104947029974,29.979904724400527,8760600,VWO
2015-02-12,30.78373908996582,30.82839453393413,30.381823058857833,30.389267525674015,12508900,VWO
2015-02-13,31.096338272094727,31.12611046062452,30.895380258366878,30.90282472511541,9417500,VWO
2015-02-17,30.99957275390625,31.074000361594816,30.768842627301698,31.074000361594816,11226100,VWO
2015-02-18,31.029354095458984,31.074012380884493,30.813512813983188,30.93259873588555,8921500,VWO
2015-02-19,30.93259048461914,31.074004091896015,30.753960229799038,30.828387846422327,9102100,VWO
2015-02-20,31.08888816833496,31.13354643895378,30.72418605635978,30.82838584857229,9549800,VWO
2015-02-23,30.79117774963379,31.00702183878306,30.709305657940487,30.99213574581774,8091300,VWO
2015-02-24,31.215431213378906,31.289861701457223,30.776301271031656,30.902831681148395,14370900,VWO
2015-02-25,31.11122703552246,31.207985236929495,31.036799397044685,31.074013216283575,17352900,VWO
2015-02-26,31.08888816833496,31.163315780134926,31.059115987922418,31.11121588402867,8884800,VWO
2015-02-27,31.11122703552246,31.289857342794495,31.051685492586724,31.074013216283575,8053900,VWO
2015-03-02,31.066570281982422,31.074011909824364,30.940039894811086,31.05912581490819,10396600,VWO
2015-03-03,30.78373908996582,30.88049728395082,30.746525273581494,30.88049728395082,10312800,VWO
2015-03-04,30.42647933959961,30.50835143379619,30.24784905778597,30.47113478062901,8853100,VWO
2015-03-05,30.366933822631836,30.493464192326083,30.24784791898355,30.4711336334201,10768900,VWO
2015-03-06,29.875703811645508,30.15853389464863,29.801276187333468,30.121320082492613,11776300,VWO
2015-03-09,29.756620407104492,29.90547850745623,29.749178779741356,29.90547850745623,11645900,VWO
2015-03-10,29.138866424560547,29.38447990461757,29.138866424560547,29.354707713328104,11056900,VWO
2015-03-11,29.36959457397461,29.421694490472028,29.198408728449873,29.31749465747719,14603600,VWO
2015-03-12,29.533336639404297,29.786394575054494,29.488678354560506,29.682194749651288,11430700,VWO
2015-03-13,29.176067352294922,29.324925403735286,29.019767675936574,29.324925403735286,11391200,VWO
2015-03-16,29.51845359802246,29.555667419625756,29.384481568864526,29.429139858328035,8754600,VWO
2015-03-17,29.704517364501953,29.77894498721081,29.414245661012874,29.4514594723673,22040000,VWO
2015-03-18,30.471149444580078,30.567907678761113,29.63010605581942,29.689647618923107,15803800,VWO
2015-03-19,29.935245513916016,30.188303388942842,29.853373430932102,30.128759023415768,14064600,VWO
2015-03-20,30.307397842407227,30.441369863457744,30.19575354512099,30.203198012530695,9673000,VWO
2015-03-23,30.39670753479004,30.471135163595804,30.28506325234935,30.41903525558536,10710700,VWO
2015-03-24,30.515798568725586,30.55301238937753,30.411598735207143,30.471140280403745,9908500,VWO
2015-03-25,29.987171173095703,30.523985812647947,29.9871711730957,30.523985812647947,12034800,VWO
2015-03-26,29.815698623657227,29.95735757727298,29.681494206902293,29.95735757727298,15470600,VWO
2015-03-27,29.882802963256836,29.94990233226227,29.793331449600817,29.88280296325684,11582700,VWO
2015-03-30,30.49417495727539,30.57618623860259,30.166118455336612,30.166118455336612,8958700,VWO
2015-03-31,30.4718074798584,30.516543235748635,30.27050084458884,30.35251497497544,7977300,VWO
2015-04-01,30.881872177124023,30.956431762764563,30.717846777029592,30.78494898202739,19184900,VWO
2015-04-02,31.359045028686523,31.418689853109925,31.090636208387764,31.127914579172064,8147100,VWO
2015-04-06,31.73929786682129,31.925692617199218,31.605093419016523,31.642371800260474,9861400,VWO
2015-04-07,31.66472816467285,31.836210923645844,31.657270784976582,31.776563262703753,8011500,VWO
2015-04-08,32.30592727661133,32.47741004077349,32.1866319511172,32.39539592657483,12052700,VWO
2015-04-09,32.72344970703125,32.775639990124034,32.49977665889687,32.596702689279375,13440400,VWO
2015-04-10,32.6563606262207,32.67872993092986,32.462511331743634,32.55198001810549,16176100,VWO
2015-04-13,32.54452133178711,32.88002957392599,32.5146974920812,32.7532825214127,9835600,VWO
2015-04-14,32.633975982666016,32.71599008453369,32.395391055863676,32.55196188079833,8511700,VWO
2015-04-15,32.82783508300781,32.850204382008684,32.537059793414286,32.626528456945174,7688700,VWO
2015-04-16,33.12606430053711,33.29009253670976,32.87256741015994,32.90239124294719,9275300,VWO
2015-04-17,32.44758605957031,32.52960017339027,32.25373400069458,32.44758605957031,15807600,VWO
2015-04-20,32.343204498291016,32.432673145085914,32.31338066797372,32.38793739960996,7263500,VWO
2015-04-21,32.596702575683594,32.745816044482126,32.57433328003813,32.67871669001705,13383700,VWO
2015-04-22,32.97694778442383,32.98440516465486,32.72345089555589,32.82783146553259,7972000,VWO
2015-04-23,33.14097595214844,33.23044460563814,32.738362745208946,32.745817281267584,10249500,VWO
2015-04-24,33.30500411987305,33.334827954908775,33.25281383063925,33.312461500710704,9414500,VWO
2015-04-27,33.4466552734375,33.55103581869729,33.401919535116214,33.439197894972345,12363400,VWO
2015-04-28,33.52867126464844,33.610685367456384,33.40192142099342,33.55103771299362,9074100,VWO
2015-04-29,33.170799255371094,33.30500081138551,33.051506771236035,33.21553215932351,13425300,VWO
2015-04-30,32.730918884277344,32.94713463038272,32.701095042001384,32.94713463038272,12762400,VWO
2015-05-01,32.92476272583008,33.006776856446834,32.73836800866751,32.85020597662812,16071600,VWO
2015-05-04,33.08878707885742,33.12606544905535,32.917304300621076,32.98440650464028,9339800,VWO
2015-05-05,32.74581527709961,32.96203378361045,32.7234488261354,32.924755417284416,8205000,VWO
2015-05-06,32.313392639160156,32.827841104015484,32.253744956427795,32.79056272438679,11969200,VWO
2015-05-07,32.268653869628906,32.28356578892218,32.04498076854531,32.14936135944047,10209000,VWO
2015-05-08,32.76072692871094,32.89493132172983,32.611613464607295,32.68617019665912,10508200,VWO
2015-05-11,32.44758605957031,32.82037541754678,32.432674143952404,32.768185134962636,6711000,VWO
2015-05-12,32.358116149902344,32.44012741637146,32.17917601361296,32.23882367376175,6223800,VWO
2015-05-13,32.44013595581055,32.73091410934394,32.402857580483,32.671266433493685,8898200,VWO
2015-05-14,32.74581527709961,32.78309648758268,32.57433251667423,32.62652279836209,7597900,VWO
2015-05-15,33.081329345703125,33.08878672615762,32.723451876134476,32.77564216268674,11497700,VWO
2015-05-18,32.76072692871094,32.9545789826969,32.74581501346917,32.91730061667099,9050400,VWO
2015-05-19,32.83529281616211,32.865116652378056,32.75327868864703,32.85020473427008,8265600,VWO
2015-05-20,32.79055404663086,32.88002270289418,32.62652580668369,32.73836376013082,9714800,VWO
2015-05-21,32.693626403808594,32.71599569989348,32.54451293208086,32.574333919932116,9166900,VWO
2015-05-22,32.775630950927734,32.88746886622969,32.723440682228514,32.84273313127764,9856400,VWO
2015-05-26,32.291015625,32.63398115612909,32.18663221433899,32.63398115612909,8760500,VWO
2015-05-27,32.37302780151367,32.41030901415716,32.0524315572059,32.12698829417846,8811600,VWO
2015-05-28,31.918230056762695,31.94805104776819,31.731835353230426,31.880948840730273,9480300,VWO
2015-05-29,31.567806243896484,31.888405352769556,31.560351707387586,31.85112698191028,9557900,VWO
2015-06-01,31.545433044433594,31.716915789041742,31.433595111614167,31.68709196106899,12350000,VWO
2015-06-02,31.657285690307617,31.79149014645835,31.470890928338083,31.51562669510778,11940100,VWO
2015-06-03,31.500699996948242,31.605080559624486,31.403773969824435,31.523066447762574,19170100,VWO
2015-06-04,31.03844451904297,31.33667431600938,31.00116614994182,31.26211757780709,10652300,VWO
2015-06-05,30.889331817626953,31.023536237440926,30.710391643155795,30.83714152593903,8362200,VWO
2015-06-08,30.874406814575195,30.978787353713695,30.85204036880448,30.904230638373733,9510900,VWO
2015-06-09,30.650739669799805,30.762574764137813,30.620915840313565,30.717841864065377,9589800,VWO
2015-06-10,31.098087310791016,31.172646888283552,30.948970999963013,30.993706746458535,8038500,VWO
2015-06-11,30.971343994140625,31.03844619981927,30.859506036623753,31.03844619981927,7797900,VWO
2015-06-12,30.97879981994629,31.06081394631752,30.911697611475052,30.978799819946286,12815300,VWO
2015-06-15,30.66566276550293,30.688029223694144,30.546370248219837,30.64329346315375,9747600,VWO
2015-06-16,30.732749938964844,30.75511638620653,30.54635529419996,30.620912014443288,7337200,VWO
2015-06-17,30.92660903930664,31.06081345412248,30.553819630186513,30.710390499419173,14673000,VWO
2015-06-18,31.20247459411621,31.284488724939997,31.060815632611828,31.09809400730691,17347100,VWO
2015-06-19,30.919147491455078,31.112996688811805,30.919147491455078,31.03843996155695,16788300,VWO
2015-06-22,31.32176971435547,31.41869577198015,31.29940325650282,31.359050936320443,10445000,VWO
2015-06-23,31.60508155822754,31.63490538969365,31.455965245054088,31.493246456465286,7286300,VWO
2015-06-24,31.441064834594727,31.687107267989145,31.433610296078903,31.605093123524338,10280000,VWO
2015-06-25,31.329227447509766,31.537988640895144,31.306860989406463,31.537988640895144,9855100,VWO
2015-06-26,31.040271759033203,31.198294271789067,31.002647761309476,31.070372105422994,8493300,VWO
2015-06-29,30.355497360229492,30.656495010625534,30.340447190657056,30.55867034366787,18997300,VWO
2015-06-30,30.761850357055664,30.934923040901158,30.664025667742305,30.934923040901158,20400900,VWO
2015-07-01,30.761850357055664,30.9574968651554,30.67154931898472,30.90482269487751,16460800,VWO
2015-07-02,30.90480613708496,31.070355080992282,30.85213199502817,30.94243011419332,9116100,VWO
2015-07-06,30.046968460083008,30.28776537128096,29.911519838718462,30.09964260499971,14949800,VWO
2015-07-07,29.587953567504883,29.618053904241066,29.001011353779884,29.444981273797183,18876400,VWO
2015-07-08,28.496841430664062,28.858036868416857,28.46674396374596,28.730114740067943,21238300,VWO
2015-07-09,29.07625961303711,29.49012920041679,29.06873596404161,29.33963325629773,18488900,VWO
2015-07-10,29.896474838256836,29.971725680086017,29.64815423653581,29.821226866953765,16651400,VWO
2015-07-13,30.084596633911133,30.152320954036167,30.009348665117095,30.06954646604712,20934700,VWO
2015-07-14,30.159849166870117,30.189946633762265,29.941626026376596,30.024400519013874,10899400,VWO
2015-07-15,29.791133880615234,30.01688072074928,29.776083708536056,29.986780376590925,11107800,VWO
2015-07-16,30.144794464111328,30.189942092922017,30.031919651033128,30.10716761273477,7439900,VWO
2015-07-17,30.13727378845215,30.257672272832327,30.107173449725533,30.220048284687202,8366500,VWO
2015-07-20,29.94915008544922,30.016874410304435,29.753503630604264,29.94162643625473,9953900,VWO
2015-07-21,29.9566707611084,30.122216845827626,29.949144242856004,30.024395072751698,8696200,VWO
2015-07-22,29.5578556060791,29.73845477048328,29.52023161739841,29.69330426175065,9318100,VWO
2015-07-23,29.309545516967773,29.56539275067393,29.271921514766618,29.520242225716125,9391100,VWO
2015-07-24,28.88812255859375,29.09881907282099,28.745150334014514,29.09881907282099,9799800,VWO
2015-07-27,28.240991592407227,28.383966746279352,28.158217107644603,28.338816244447223,16577500,VWO
2015-07-28,28.51189422607422,28.51189422607422,28.24099690517138,28.399022256048994,17999500,VWO
2015-07-29,28.775270462036133,28.88814244212207,28.45922260263679,28.534470589360744,12955200,VWO
2015-07-30,28.594669342041016,28.61724316242678,28.406546517422324,28.572095521655253,10258100,VWO
2015-07-31,28.835464477539062,28.9709131322149,28.715065992330132,28.842990997535676,16153200,VWO
2015-08-03,28.361392974853516,28.56456594818972,28.24852101446198,28.526941961392538,13893800,VWO
2015-08-04,28.45169448852539,28.684964933088995,28.35386982471013,28.58714313979998,12430300,VWO
2015-08-05,28.481796264648438,28.782793950907816,28.436648621078202,28.700019443660153,11748600,VWO
2015-08-06,28.278615951538086,28.38396424266154,28.188314955838862,28.331290097099814,12595100,VWO
2015-08-07,28.248523712158203,28.383972373984168,28.195849551506598,28.27109753228704,15026300,VWO
2015-08-10,28.730121612548828,28.79784595273558,28.383976260717365,28.383976260717365,9670300,VWO
2015-08-11,28.113075256347656,28.188323237679523,27.8722782714539,28.15822289693618,13511000,VWO
2015-08-12,27.6766300201416,27.684156540887916,27.450883196704424,27.601382035838075,21512500,VWO
2015-08-13,27.623952865600586,27.78197533784155,27.57127870818693,27.69920371228173,10543300,VWO
2015-08-14,27.706724166870117,27.781972134348248,27.66157366406766,27.684150350731866,8488500,VWO
2015-08-17,27.41326141357422,27.44336175793182,27.247712390134232,27.34553707403303,11034300,VWO
2015-08-18,27.09720230102539,27.17245313071111,27.014430694159564,27.104728819256785,10526800,VWO
2015-08-19,26.728490829467773,27.014438321962412,26.510267667550114,26.916613651012007,51010200,VWO
2015-08-20,26.3221435546875,26.472642378644966,26.276993046342366,26.38234423248101,24409500,VWO
2015-08-21,25.479358673095703,26.028677037908395,25.479358673095703,25.99857669367917,28574600,VWO
2015-08-24,24.222692489624023,24.96013357580868,23.2519795160265,23.665850567854093,57267200,VWO
2015-08-25,24.553794860839844,25.75777993669738,24.546268339444385,25.697582118167926,46411700,VWO
2015-08-26,25.40410041809082,25.43420075355867,24.644085605946497,25.133206010458117,41855600,VWO
2015-08-27,26.427494049072266,26.44254421976143,25.659952567084137,26.06629856411195,33427600,VWO
2015-08-28,26.043720245361328,26.246893208785472,25.915795251860473,26.08886787910488,38196200,VWO
2015-08-31,25.991050720214844,26.073825224184727,25.584704721013548,25.802927891383863,36190300,VWO
2015-09-01,24.97518539428711,25.4041052087479,24.862313420786467,25.2761830646752,38527100,VWO
2015-09-02,25.351430892944336,25.358957413447886,25.020335753950768,25.3138069020061,28058000,VWO
2015-09-03,25.46430015563965,25.780345054889587,25.366475504217863,25.38152567140013,24315200,VWO
2015-09-04,24.666662216186523,25.01281037222176,24.546263731204014,24.8999355366954,32687900,VWO
2015-09-08,25.494401931762695,25.509452099796075,25.276178801067715,25.381527106775348,27382300,VWO
2015-09-09,25.351430892944336,25.991050221000332,25.328857072486695,25.97600005051974,23291100,VWO
2015-09-10,25.539552688598633,25.705101686684976,25.29123206199551,25.313805881543143,17698900,VWO
2015-09-11,25.637374877929688,25.644901397401878,25.41162809270789,25.48687606427312,19755800,VWO
2015-09-14,25.637374877929688,25.682525383184494,25.42667826112616,25.57717707478273,15522700,VWO
2015-09-15,25.900745391845703,25.94589589665235,25.592224118648844,25.607274286917725,11497900,VWO
2015-09-16,26.502737045288086,26.562934839671442,26.186689295566957,26.224313275872266,19198000,VWO
2015-09-17,26.502737045288086,27.089679175522857,26.20173946179422,26.26194012670327,35484800,VWO
2015-09-18,25.85560417175293,26.329674542987487,25.81798017701011,26.201749516229743,25827900,VWO
2015-09-21,25.915790557861328,26.02866536282786,25.817968788784235,25.975991219316953,18833600,VWO
2015-09-22,25.41162872314453,25.464302878652205,25.223505919038214,25.381528385561236,22127100,VWO
2015-09-23,25.027860641479492,25.336381975270864,25.012813340781364,25.29123433212317,16098700,VWO
2015-09-24,24.98271369934082,25.042911515402427,24.478542996007047,24.644092013598247,38040700,VWO
2015-09-25,24.93694305419922,25.31073150527627,24.868288151347073,25.249703631643616,24883000,VWO
2015-09-28,24.380067825317383,24.715715186771824,24.32666991053474,24.662317271989185,26861500,VWO
2015-09-29,24.57840919494629,24.69283206844261,24.38770004083293,24.47161334902897,17911600,VWO
2015-09-30,25.24207305908203,25.29547098603031,25.0208514131713,25.181045194016132,25326500,VWO
2015-10-01,25.325984954833984,25.470921769619913,25.120020274894753,25.432780808883486,22868900,VWO
2015-10-02,25.98964500427246,25.997274941819942,25.12764538942582,25.211557242636804,25144000,VWO
2015-10-05,26.508363723754883,26.54650467229909,26.249001199699286,26.29477208393304,20860400,VWO
2015-10-06,26.439708709716797,26.538877503370887,26.317655929053235,26.45496567104572,19085300,VWO
2015-10-07,27.095748901367188,27.324597547010086,26.90504121167004,27.004210025103713,25467000,VWO
2015-10-08,27.4466552734375,27.469539269114563,26.912673064544226,26.96607099443666,19821600,VWO
2015-10-09,27.47715950012207,27.713638041791224,27.39324766565986,27.561071334584284,14719900,VWO
2015-10-12,27.32459831237793,27.59158792144501,27.286457355363847,27.58396089402959,10790600,VWO
2015-10-13,26.83639144897461,27.210176962539425,26.821134481690684,26.996585240502387,16355100,VWO
2015-10-14,27.042346954345703,27.194913665379364,26.97369207987895,27.027089992245536,20882400,VWO
2015-10-15,27.66023826599121,27.69838212671021,27.3093368631333,27.47716053839926,13702000,VWO
2015-10-16,27.744157791137695,27.767044695904335,27.477168151933718,27.60684800241313,15284900,VWO
2015-10-19,27.4619083404541,27.492422270335936,27.31697153846815,27.4695353679403,11931000,VWO
2015-10-20,27.40087890625,27.484790753619265,27.316969968849087,27.393251879202044,13382600,VWO
2015-10-21,27.00421714782715,27.30172075663031,27.00421714782715,27.294090817447618,18034900,VWO
2015-10-22,27.591588973999023,27.652616835524423,27.332229292421896,27.332229292421896,13883500,VWO
2015-10-23,27.774673461914062,27.866212356801338,27.637363664598656,27.805187396866156,13522100,VWO
2015-10-26,27.4619083404541,27.63735907232189,27.43902434802698,27.599218114953853,10645900,VWO
2015-10-27,27.21017837524414,27.255949279472265,27.072871482498,27.21780831426672,25301900,VWO
2015-10-28,26.91266632080078,27.347479589523584,26.721958644695405,27.217799766556663,22700000,VWO
2015-10-29,26.615175247192383,26.73722810052837,26.56177730573099,26.615175247192383,13553100,VWO
2015-10-30,26.57701873779297,26.767726391505615,26.57701873779297,26.752469430012457,16265300,VWO
2015-11-02,27.08049774169922,27.09575470934153,26.782994147596725,26.798251115239037,14081100,VWO
2015-11-03,27.4161319732666,27.53818475846323,27.004205641957935,27.01183266792175,10746600,VWO
2015-11-04,27.263574600219727,27.69075799411028,27.20254673825329,27.660244063127063,14083600,VWO
2015-11-05,27.301712036132812,27.42376483434818,27.156772337648896,27.240684182041008,11034000,VWO
2015-11-06,26.99658203125,27.019466024471043,26.615166624399972,26.737219438193236,15823800,VWO
2015-11-09,26.363439559936523,26.714341110261497,26.264270718333645,26.638056266732654,21176300,VWO
2015-11-10,26.29477310180664,26.340541077844236,26.14220639175609,26.256629241818036,19953100,VWO
2015-11-11,26.325288772583008,26.49311247432213,26.24900685904803,26.49311247432213,9942300,VWO
2015-11-12,26.050670623779297,26.363431107044246,26.020156696151425,26.22612134268712,11957500,VWO
2015-11-13,25.7074031829834,25.959135879245363,25.623491314239715,25.943878911294775,21667000,VWO
2015-11-16,26.26426887512207,26.271895903955077,25.791314518311854,25.821825543612906,13815000,VWO
2015-11-17,26.23375129699707,26.340547145643523,26.14221241386706,26.2871492213203,32174300,VWO
2015-11-18,26.439708709716797,26.470222632374647,26.119321251712883,26.1727191613802,17408200,VWO
2015-11-19,26.6380558013916,26.69908367514858,26.51600296384683,26.54651690072532,16116300,VWO
2015-11-20,26.866899490356445,27.034720273730645,26.805871634607048,26.8516425264191,13749200,VWO
2015-11-23,26.645681381225586,26.8363890905616,26.58465351745308,26.760107170814678,19688800,VWO
2015-11-24,26.714332580566406,26.760103472069396,26.38631513304909,26.47022697915375,18208200,VWO
2015-11-25,26.508363723754883,26.554134607988637,26.393937968154415,26.554134607988637,14325600,VWO
2015-11-27,25.928617477416992,26.187980038858104,25.890473613406737,26.142209148026755,11853100,VWO
2015-11-30,25.966760635375977,26.004901592655163,25.814193896290714,25.87521884594371,20716500,VWO
2015-12-01,26.11932945251465,26.16509744090357,26.012530689680098,26.081185582232223,25152600,VWO
2015-12-02,25.859966278076172,26.088814944879683,25.753167517597102,26.04304404753151,20783200,VWO
2015-12-03,25.783681869506836,26.035417444072745,25.661629051223926,25.98964654597838,18260800,VWO
2015-12-04,25.882848739624023,25.951503626597898,25.55483126963422,25.608229191728515,21296900,VWO
2015-12-07,25.516691207885742,25.745539869173562,25.440406380810728,25.745539869173562,17519800,VWO
2015-12-08,25.211557388305664,25.22681435352023,24.92168086916609,24.99796569523891,27372400,VWO
2015-12-09,25.02847671508789,25.4098920711912,24.952191897886287,25.4098920711912,22757400,VWO
2015-12-10,24.7767391204834,25.00558773309891,24.730968233973098,24.9293058322164,18375700,VWO
2015-12-11,24.074939727783203,24.303789841602473,24.036798769638803,24.27327591109952,35139000,VWO
2015-12-14,24.471616744995117,24.486870802269948,24.128340801947818,24.349562462029297,34610700,VWO
2015-12-15,24.830141067504883,24.944566847388575,24.753859154228063,24.753859154228063,25302800,VWO
2015-12-16,25.249696731567383,25.40226346398737,24.8682813555016,24.98270713230869,27582500,VWO
2015-12-17,25.02847671508789,25.432776061367566,25.02847671508789,25.394635107750883,25812300,VWO
2015-12-18,24.89879608154297,25.09713371303266,24.89116905416343,25.013221862015367,25895500,VWO
2015-12-21,25.0743408203125,25.150999075978216,24.905698506274828,25.082008107985796,27997300,VWO
2015-12-22,25.265987396240234,25.273654685528893,25.05135008358296,25.059014448657546,23691400,VWO
2015-12-23,25.641599655151367,25.656931305949534,25.449958406494353,25.480621708090688,26337300,VWO
2015-12-24,25.56494140625,25.633932372748795,25.511282090552424,25.53428102886095,8553500,VWO
2015-12-28,25.434627532958984,25.472955199018976,25.30430995929885,25.442291896485592,22117000,VWO
2015-12-29,25.419300079345703,25.534286020727524,25.396304060754925,25.488291059332003,15829400,VWO
2015-12-30,25.066673278808594,25.25064722065452,25.05134162961925,25.1739918989209,18923200,VWO
2015-12-31,25.0743408203125,25.219990043970636,25.036013154586367,25.0743408203125,18736900,VWO
2016-01-04,24.361434936523438,24.4380902627795,24.1621278716231,24.4074284246984,27116100,VWO
2016-01-05,24.415096282958984,24.5070832669693,24.35377113958319,24.45342394927882,17664200,VWO
2016-01-06,23.978153228759766,24.123799523020462,23.878498962048052,24.008815067827978,19744800,VWO
2016-01-07,23.203927993774414,23.663867387144656,23.188596339503768,23.364905977295134,29616400,VWO
2016-01-08,22.996950149536133,23.441557793942895,22.966286847525527,23.3649010010231,32237200,VWO
2016-01-11,22.897296905517578,23.16559348245984,22.69798983256998,23.119599992427837,22946800,VWO
2016-01-12,22.981616973876953,23.211587337379576,22.79764156033883,23.119598899557204,18211700,VWO
2016-01-13,22.72098731994629,23.265249258695004,22.651996349371004,23.17326081055903,25802600,VWO
2016-01-14,23.012277603149414,23.088934382087174,22.560004215733734,22.743979607920487,28402100,VWO
2016-01-15,22.046411514282227,22.238052781135753,21.80111092664681,22.115402487318043,30550400,VWO
2016-01-19,22.35303497314453,22.628998837192906,22.176725376494375,22.598335535806783,27171300,VWO
2016-01-20,21.885427474975586,22.069404339014838,21.448485712622038,21.85476563904006,37987300,VWO
2016-01-21,21.923757553100586,22.230383236353102,21.68612283134321,21.831769117071534,35402900,VWO
2016-01-22,22.667329788208008,22.68266144112391,22.445026669355062,22.56767696846846,27700100,VWO
2016-01-25,22.291704177856445,22.590663980002123,22.2687067076505,22.452683545085414,23231500,VWO
2016-01-26,22.613664627075195,22.644327924990833,22.376029916655078,22.39902592798529,19936800,VWO
2016-01-27,22.468019485473633,22.83597179249643,22.368366679932194,22.56767375312176,27060500,VWO
2016-01-28,22.82830810546875,22.9816202408246,22.65199702975462,22.843638295529555,24075900,VWO
2016-01-29,23.633197784423828,23.66386108479863,23.25758112747231,23.29590879083418,26927300,VWO
2016-02-01,23.39556121826172,23.472218001074097,23.16559086982458,23.234581828145068,24750700,VWO
2016-02-02,22.697996139526367,23.050615431263086,22.636670981741414,23.004621928451144,29716500,VWO
2016-02-03,23.30357551574707,23.326572991916173,22.567673823616122,22.958622145850697,32564800,VWO
2016-02-04,23.464555740356445,23.748183979100958,23.303576325790395,23.472221566012614,29315800,VWO
2016-02-05,23.219249725341797,23.47221606427468,23.134927124995368,23.418555297259243,21578900,VWO
2016-02-08,22.897296905517578,23.01994718700738,22.644330517181526,22.927958744836683,21019500,VWO
2016-02-09,22.606006622314453,22.843641414935604,22.391367848978142,22.48335631243857,24152800,VWO
2016-02-10,22.67498779296875,23.081267682453152,22.67498779296875,22.83596716884234,24953100,VWO
2016-02-11,22.345367431640625,22.483349353067595,22.15372619901574,22.268710646169357,33509500,VWO
2016-02-12,22.713321685791016,22.7363191635458,22.406695959594515,22.537012075991377,14751400,VWO
2016-02-16,23.249916076660156,23.295909566647424,23.088938130651375,23.157927634578936,15600800,VWO
2016-02-17,23.732851028442383,23.79417763033417,23.44922280522619,23.44922280522619,14718700,VWO
2016-02-18,23.61787223815918,23.863172856127797,23.594876219041506,23.80951352871054,19042100,VWO
2016-02-19,23.518217086791992,23.64086738365841,23.387900963608065,23.495219607839463,12877300,VWO
2016-02-22,24.10080337524414,24.11613356363967,23.878498829282247,23.916827955537748,11432300,VWO
2016-02-23,23.579540252685547,23.870834317724913,23.579540252685547,23.85550412848571,15057200,VWO
2016-02-24,23.579540252685547,23.648531221635587,23.09660347003527,23.226919582262372,26766800,VWO
2016-02-25,23.61787223815918,23.656201373533662,23.34957413896588,23.4722259100572,13856000,VWO
2016-02-26,23.4108943939209,23.786511045879166,23.364899443970128,23.76351357090378,23966300,VWO
2016-02-29,23.55653953552246,23.80184007489023,23.54120788628534,23.587202833996706,15013400,VWO
2016-03-01,24.415096282958984,24.46108977496414,24.016482119962955,24.039479597018907,18666900,VWO
2016-03-02,24.790708541870117,24.81370455271278,24.43808793384887,24.476417055430794,20574900,VWO
2016-03-03,25.05901336669922,25.097343963059384,24.760053430059152,24.80604839116299,21570700,VWO
2016-03-04,25.610942840576172,25.733593153814343,25.273655210224724,25.334978904736747,27889000,VWO
2016-03-07,25.557270050048828,25.69525194529221,25.319633913971323,25.411623793608637,20468000,VWO
2016-03-08,25.112667083740234,25.3119756131282,25.04367611960029,25.304308325883046,14888800,VWO
2016-03-09,25.273645401000977,25.449954975088083,25.22765045480795,25.273645401000977,22002800,VWO
2016-03-10,25.212324142456055,25.40396540583649,24.867369283528546,25.373302101884352,18410400,VWO
2016-03-11,25.764244079589844,25.80257173576443,25.572602874504184,25.580267236054013,13730600,VWO
2016-03-14,25.61860466003418,25.779585556086246,25.526617665300027,25.679931272666174,11353200,VWO
2016-03-15,25.186288833618164,25.217004523725333,25.07110938953044,25.209327065803254,11979500,VWO
2016-03-16,25.71611976623535,25.785228592360546,24.98663836362694,25.00967366259903,13208200,VWO
2016-03-17,26.23827362060547,26.32274029510067,25.908090238174704,26.038627513878826,15864200,VWO
2016-03-18,26.414886474609375,26.54542374595815,26.384170788688827,26.437921774445268,16644200,VWO
2016-03-21,26.522401809692383,26.583830283275777,26.399541933315085,26.445612556200004,10944400,VWO
2016-03-22,26.407211303710938,26.553109376042574,26.261316160588915,26.299709310967383,16639700,VWO
2016-03-23,26.000234603881836,26.23827385682869,25.954161073048983,26.23827385682869,11668200,VWO
2016-03-24,25.961841583251953,25.961841583251953,25.631655267064975,25.71612194272339,16494700,VWO
2016-03-28,26.03095054626465,26.046305460816956,25.908090725381896,26.000234858741663,11695400,VWO
2016-03-29,26.284345626831055,26.322738768681834,25.76219069587533,25.862015208054533,16646000,VWO
2016-03-30,26.58381462097168,26.821856772735728,26.583814620971676,26.68363912709322,12617700,VWO
2016-03-31,26.553110122680664,26.798829807063704,26.53007188843809,26.722040574937946,15589400,VWO
2016-04-01,26.62989044189453,26.65292574175141,26.015591368969147,26.11541295448831,19357800,VWO
2016-04-04,26.26898765563965,26.629889631529785,26.261310198990664,26.629889631529785,8805500,VWO
2016-04-05,25.777549743652344,26.007911534736255,25.746834057052066,25.946483090744792,16533000,VWO
2016-04-06,26.10773468017578,26.10773468017578,25.639330736358023,25.746832704602962,11604700,VWO
2016-04-07,25.56255340576172,25.79291526542364,25.493444554942144,25.754522110348315,11248400,VWO
2016-04-08,26.00791358947754,26.161489105402996,25.93880475377155,26.08470281204493,14067100,VWO
2016-04-11,26.353452682495117,26.560779149604617,26.338094840945292,26.3918458217653,14099300,VWO
2016-04-12,26.760433197021484,26.867938119870885,26.345783068583767,26.48400075446622,15883900,VWO
2016-04-13,27.259550094604492,27.26722755225791,27.090616734136017,27.15972556985409,20159200,VWO
2016-04-14,27.12133026123047,27.20579693473157,27.075256731354663,27.198116548481053,12682300,VWO
2016-04-15,26.960081100463867,27.11365662582038,26.937045796883716,27.044547785870424,14448200,VWO
2016-04-18,27.052221298217773,27.20579680117411,26.791143821954723,26.83721735160435,14337200,VWO
2016-04-19,27.466873168945312,27.51294669673553,27.251869231008893,27.27490453029952,14039400,VWO
2016-04-20,27.290267944335938,27.44384347244755,27.105976724760094,27.205801257414073,11243500,VWO
2016-04-21,26.990795135498047,27.22115694479542,26.929363757440438,27.22115694479542,14503400,VWO
2016-04-22,26.890968322753906,27.11365265545175,26.837217336131538,26.96007715258396,13128300,VWO
2016-04-25,26.675968170166016,26.852578998358695,26.645252479382204,26.821863307574883,14106300,VWO
2016-04-26,26.990795135498047,26.990795135498047,26.80650393053455,26.898648068411635,8723400,VWO
2016-04-27,27.152048110961914,27.221156946676835,26.821861776902768,26.914005914786223,17920200,VWO
2016-04-28,26.875612258911133,27.136689752308925,26.84489657046215,26.914005404867723,12803200,VWO
2016-04-29,26.821863174438477,26.952400465807482,26.606859198438002,26.875614168438595,15634500,VWO
2016-05-02,26.752748489379883,26.81417692801037,26.614530840950234,26.81417692801037,14558400,VWO
2016-05-03,26.00791358947754,26.338099923494006,25.99255574496406,26.284348932301494,15472600,VWO
2016-05-04,25.639333724975586,25.91576906366146,25.608618036408426,25.908091606124312,18129500,VWO
2016-05-05,25.639333724975586,25.92344652119861,25.570224890304118,25.86201807327357,10408300,VWO
2016-05-06,25.70077133178711,25.777557642608162,25.524160473530696,25.524160473530696,17872600,VWO
2016-05-09,25.309152603149414,25.616303693597445,25.22468590681571,25.616303693597445,13903000,VWO
2016-05-10,25.815948486328125,25.815948486328125,25.53183564667914,25.562551339941123,15833000,VWO
2016-05-11,25.73916244506836,25.91577328931258,25.6854114459162,25.800590903009507,7523200,VWO
2016-05-12,25.69308090209961,25.931123059351915,25.585578937278843,25.89272991894576,13447900,VWO
2016-05-13,25.232357025146484,25.600936440747546,25.163248201645736,25.52415016095063,32199700,VWO
2016-05-16,25.52414894104004,25.62397051416336,25.447359735704403,25.455040120842302,11871300,VWO
2016-05-17,25.416650772094727,25.5779066813209,25.32450663054366,25.508797842855238,11682000,VWO
2016-05-18,25.21700668334961,25.554870515835333,25.071111536660027,25.27843513961534,20860300,VWO
2016-05-19,24.909852981567383,24.994319663063603,24.763957850298056,24.932891213290496,14302500,VWO
2016-05-20,25.186288833618164,25.278432974730233,25.10950253755968,25.132537840535342,20352900,VWO
2016-05-23,25.132535934448242,25.286111444127254,25.101820246670595,25.117178090559417,16081800,VWO
2016-05-24,25.432010650634766,25.5087998824082,25.293792962652265,25.32450865536164,18077800,VWO
2016-05-25,25.723800659179688,25.831302641022173,25.631656521773174,25.6623692814358,10387000,VWO
2016-05-26,25.892732620239258,25.9771992954702,25.769872800596747,25.915767921044367,9200700,VWO
2016-05-27,25.885059356689453,26.030957446493378,25.800592658215592,25.97720644368455,13249900,VWO
2016-05-31,25.95416259765625,26.04630673552556,25.85433807292572,25.91576945097815,23613800,VWO
2016-06-01,25.931127548217773,25.992555997659554,25.762194186136494,25.86969616956663,16739100,VWO
2016-06-02,26.13845443725586,26.161489739980162,25.869696545564945,25.938805382947248,12816100,VWO
2016-06-03,26.545427322387695,26.583820470356518,26.268991970277078,26.437925336391217,31196000,VWO
2016-06-06,26.768108367919922,26.81417896809574,26.61453286584606,26.622210322805675,14301300,VWO
2016-06-07,27.02918815612793,27.067581302630224,26.898647942968953,26.921686174237784,12981800,VWO
2016-06-08,27.251873016357422,27.274908318847704,27.144368103247565,27.1904416374375,13666600,VWO
2016-06-09,26.944726943969727,26.975442639088172,26.83722494026508,26.93704948479507,12983200,VWO
2016-06-10,26.26131248474121,26.491674283977435,26.192203652049425,26.453281138972933,13902700,VWO
2016-06-13,25.931127548217773,26.15381190201412,25.900411858892202,26.000236384595627,17217100,VWO
2016-06-14,25.85614776611328,25.979824286378914,25.6397116441378,25.879336192200327,21714100,VWO
2016-06-15,26.09577178955078,26.350856294926608,26.04166349120096,26.072583361309746,14844500,VWO
2016-06-16,26.033931732177734,26.064851598407763,25.51603429320728,25.72473896723889,18044900,VWO
2016-06-17,26.149877548217773,26.196254394966225,25.95663282361793,26.064849397604963,25507600,VWO
2016-06-20,26.528642654418945,26.714158937085656,26.50545422484109,26.582750955888137,26054100,VWO
2016-06-21,26.729616165161133,26.80691288837756,26.505451539680116,26.667776427643204,17067200,VWO
2016-06-22,26.76826286315918,26.969236100240277,26.721883062903174,26.86874800735933,30414000,VWO
2016-06-23,27.433027267456055,27.45621569494325,27.038806308087658,27.108374539230255,15544600,VWO
2016-06-24,25.879337310791016,26.482260004561184,25.78658065375275,25.948905540739958,33890700,VWO
2016-06-27,25.60879135131836,25.82522449609536,25.338246971666667,25.802036073063665,35826600,VWO
2016-06-28,26.343124389648438,26.343124389648438,26.0803114251268,26.19625649999531,17853600,VWO
2016-06-29,26.961505889892578,26.976965822326143,26.76826115749391,26.80690951423752,16422300,VWO
2016-06-30,27.232051849365234,27.27843165435317,26.922861995488944,27.05426701993312,24261600,VWO
2016-07-01,27.433027267456055,27.487135564046852,27.32480772559345,27.340267660145248,18071300,VWO
2016-07-05,26.891944885253906,27.09291816346411,26.830105138923752,27.015621429232816,21404200,VWO
2016-07-06,26.891944885253906,26.899673379204476,26.474535443569568,26.5672921143834,19563600,VWO
2016-07-07,26.77599334716797,27.061994764984576,26.698696623005976,26.98469804082258,11178100,VWO
2016-07-08,27.37118911743164,27.386649052880486,27.069727747882087,27.069727747882087,9527200,VWO
2016-07-11,27.595348358154297,27.68810500401421,27.525780136589212,27.525780136589212,15134400,VWO
2016-07-12,28.02049446105957,28.09779119734163,27.896817913799396,27.97411465008145,18160500,VWO
2016-07-13,27.974109649658203,28.035949386575062,27.79632482904365,28.02048945234585,15234600,VWO
2016-07-14,28.360595703125,28.414703991992763,28.18281090417655,28.21373076886687,14575100,VWO
2016-07-15,28.260122299194336,28.329690549291232,28.175094110333486,28.30649916680439,16445900,VWO
2016-07-18,28.507463455200195,28.522923387474385,28.159622350732345,28.198270707077533,10288200,VWO
2016-07-19,28.260122299194336,28.34514753937337,28.15963417156953,28.298770671763318,10503800,VWO
2016-07-20,28.406982421875,28.461090723926922,28.24465751571923,28.314225753883317,7415600,VWO
2016-07-21,28.329681396484375,28.461086410500698,28.24465323509458,28.368329756566773,10652300,VWO
2016-07-22,28.51519203186035,28.538380456000358,28.337407233198924,28.41470394611934,13089900,VWO
2016-07-25,28.28330421447754,28.445629111064946,28.236924408874938,28.445629111064946,7189200,VWO
2016-07-26,28.453357696533203,28.49200605631484,28.32968117602346,28.39151796193791,12670200,VWO
2016-07-27,28.49200439453125,28.58476104233336,28.229191435191392,28.484272953817353,13836300,VWO
2016-07-28,28.476539611816406,28.491999541930483,28.321943259355784,28.476539611816406,8528500,VWO
2016-07-29,28.631141662597656,28.67751851348989,28.368328695712226,28.46108534617745,17030800,VWO
2016-08-01,28.522930145263672,28.700714985517635,28.476550337452572,28.662066620015693,11055000,VWO
2016-08-02,28.368335723876953,28.54612057659791,28.15189955426239,28.538389133746595,12871300,VWO
2016-08-03,28.522930145263672,28.553847068456463,28.144169086509557,28.221465817513444,14441500,VWO
2016-08-04,28.662059783935547,28.785736293252913,28.53065183415302,28.607948546721158,17134100,VWO
2016-08-05,28.978981018066406,28.994438001632755,28.78573628800074,28.847573068307856,12316500,VWO
2016-08-08,29.16449546813965,29.218603758816585,29.118115669553404,29.149035535277566,8541800,VWO
2016-08-09,29.35774040222168,29.4427685591914,29.257252312286493,29.272712245251963,12643400,VWO
2016-08-10,29.28816795349121,29.47368417363598,29.22633117922981,29.46595273392813,12931300,VWO
2016-08-11,29.628286361694336,29.651474788019662,29.365473384844115,29.380930369940426,15284900,VWO
2016-08-12,29.512340545654297,29.63601707646456,29.41185244290812,29.56644884359122,10770300,VWO
2016-08-15,29.836992263793945,29.89110056523179,29.690127295417113,29.690127295417113,9350500,VWO
2016-08-16,29.682388305664062,29.78287343069776,29.605088653314798,29.78287343069776,26223200,VWO
2016-08-17,29.57417869567871,29.612830009136363,29.264988828786052,29.489153472643057,22088600,VWO
2016-08-18,29.813796997070312,29.821528437606265,29.659200621837876,29.705580419011785,8914100,VWO
2016-08-19,29.636018753051758,29.651478688862788,29.357745805815767,29.47369385005785,11658200,VWO
2016-08-22,29.264991760253906,29.373208371940432,29.179963580019773,29.365479877683473,12970200,VWO
2016-08-23,29.118118286132812,29.558719040593164,29.102661300562445,29.496879303587868,14133800,VWO
2016-08-24,29.203140258789062,29.24952005171001,29.00989554463894,29.094923690653847,19143000,VWO
2016-08-25,29.195415496826172,29.226335362722924,29.079467474053715,29.1181158320843,17293700,VWO
2016-08-26,28.96352195739746,29.566444589767855,28.747085848108075,29.257251832886254,24056100,VWO
2016-08-29,29.179956436157227,29.23406472875365,28.948063332361013,28.96352326577153,9128800,VWO
2016-08-30,29.133583068847656,29.31136791930373,29.05628633340813,29.195422816144436,12146200,VWO
2016-08-31,28.855304718017578,29.017629584766507,28.723896767306115,29.009898144246694,20049800,VWO
2016-09-01,29.009899139404297,29.009899139404293,28.76254611053578,28.863034199976333,18507300,VWO
2016-09-02,29.45050048828125,29.4736918647763,29.257255726681816,29.38866369788358,18244600,VWO
2016-09-06,29.960664749145508,30.02250448452588,29.728771638830867,29.852448160910733,20559900,VWO
2016-09-07,29.92201042175293,30.022498497366016,29.836982276901878,29.991578635841947,15457800,VWO
2016-09-08,29.860179901123047,30.045693211759698,29.79834016512356,29.983856424441115,23677200,VWO
2016-09-09,28.917142868041992,29.46595722371206,28.917142868041992,29.43504030621063,17067000,VWO
2016-09-12,29.156763076782227,29.241791221812125,28.515189217869562,28.60794585395659,18950400,VWO
2016-09-13,28.429216384887695,28.81255055350626,28.264931591601133,28.749964165044755,26155200,VWO
2016-09-14,28.530914306640625,28.796900456710265,28.49962111621293,28.554382707319952,19857100,VWO
2016-09-15,28.984657287597656,29.078533886441917,28.609147907937345,28.7108492975172,15309100,VWO
2016-09-16,28.789077758789062,28.85166414419201,28.554384782094225,28.78125595275525,18397800,VWO
2016-09-19,29.03159523010254,29.258466398452793,28.992480231765654,29.148940225113197,12623900,VWO
2016-09-20,29.0394287109375,29.242831558917402,29.039428710937504,29.22718495643554,18862700,VWO
2016-09-21,29.743507385253906,29.782622394692677,29.195888300259355,29.321058121033772,25792800,VWO
2016-09-22,29.876502990722656,30.048612636301502,29.790451152217557,29.954736004296826,15670400,VWO
2016-09-23,29.485340118408203,29.727857928482674,29.47751831098551,29.657449724543866,11140500,VWO
2016-09-26,29.125473022460938,29.313229200206788,29.102004619348907,29.25064281286377,9973500,VWO
2016-09-27,29.430566787719727,29.44621338061476,29.13329047556149,29.28192863164061,11045800,VWO
2016-09-28,29.720033645629883,29.74350205022688,29.266291261531943,29.500984260352116,10150800,VWO
2016-09-29,29.2271728515625,29.6417972006139,29.141118065695295,29.579213800890596,12570900,VWO
2016-09-30,29.43840789794922,29.516637921515272,29.25847645632001,29.375821491669093,19286700,VWO
2016-10-03,29.633983612060547,29.673098620769323,29.383643975183734,29.493167193281856,23704700,VWO
2016-10-04,29.336702346801758,29.743504977458116,29.266294141798085,29.665271980629768,17833400,VWO
2016-10-05,29.78261375427246,29.82172875236333,29.563567377537122,29.64179737371887,11921900,VWO
2016-10-06,29.78261375427246,29.80608215627037,29.547920781444162,29.618328971720956,13547500,VWO
2016-10-07,29.680908203125,29.845195946885344,29.438393458452957,29.790434360392776,17118600,VWO
2016-10-10,29.884319305419922,29.986020702069382,29.782617908770465,29.798264507046035,8509400,VWO
2016-10-11,29.32887840270996,29.508809805881988,29.195883809932,29.477516609430296,19170700,VWO
2016-10-12,29.297592163085938,29.40711539239011,29.148950936786694,29.25065235726236,12309300,VWO
2016-10-13,29.117658615112305,29.21935704396193,28.749970956749,28.94554899046838,12723300,VWO
2016-10-14,29.19588851928711,29.446228162713997,29.148948717038085,29.38364474399925,13522800,VWO
2016-10-17,29.141124725341797,29.2428261304525,29.09418492660984,29.148946532988592,13280100,VWO
2016-10-18,29.65744400024414,29.688737192462174,29.500981023437035,29.626150808026107,11709200,VWO
2016-10-19,29.81391716003418,29.87650058156263,29.65745412978692,29.766977355674776,10188100,VWO
2016-10-20,29.774797439575195,29.86084925753197,29.649627632030164,29.727857642639453,12620300,VWO
2016-10-21,29.78261375427246,29.80608215627037,29.587035779535032,29.626150777625906,6764100,VWO
2016-10-24,29.93125343322754,30.025133014466533,29.837376836271755,29.97037141755206,8127200,VWO
2016-10-25,29.907794952392578,29.986027962713315,29.83738673524602,29.892148350328434,7842500,VWO
2016-10-26,29.688739776611328,29.81390957209535,29.579216578598224,29.66526838826329,8109200,VWO
2016-10-27,29.461862564086914,29.71220210385483,29.43839416482202,29.71220210385483,18351800,VWO
2016-10-28,29.297592163085938,29.579225029459057,29.180244140669082,29.4853454178119,14379500,VWO
2016-10-31,29.532278060913086,29.594864453498232,29.391461661879966,29.461869861396526,11070400,VWO
2016-11-01,29.313228607177734,29.641798181231753,29.06288903143663,29.641798181231753,20149500,VWO
2016-11-02,28.97683334350586,29.258466103545683,28.843838769361252,29.22717291147836,29829800,VWO
2016-11-03,28.90642547607422,29.07853206579901,28.80472409286201,29.00030206904075,24351200,VWO
2016-11-04,28.601333618164062,28.781265056687804,28.53874721296412,28.7108568429799,11795700,VWO
2016-11-07,29.57139015197754,29.60268334518839,29.250642382274208,29.336697171462472,21821000,VWO
2016-11-08,29.712203979492188,29.876488753282647,29.37580964214053,29.446217828662572,37954500,VWO
2016-11-09,28.929895401000977,29.25064317944569,28.718670817495937,28.86731199715684,24618000,VWO
2016-11-10,28.092819213867188,28.73431471038647,27.959827628036997,28.7186681148271,35285600,VWO
2016-11-11,27.576499938964844,27.77989976018162,27.20881231814121,27.607793137393166,25373300,VWO
2016-11-14,27.443506240844727,27.60779104370911,27.232281643897622,27.435681449689223,22905700,VWO
2016-11-15,27.959829330444336,27.9911195391853,27.607788369631024,27.670371771396088,21154200,VWO
2016-11-16,27.732954025268555,27.795537417708772,27.58431287269298,27.59995946687371,27749800,VWO
2016-11-17,27.740779876708984,27.99111945155178,27.709486683782853,27.79554147218815,20662200,VWO
2016-11-18,27.67819595336914,27.86594913882027,27.63125616486482,27.811187544373436,9265300,VWO
2016-11-21,27.952009201049805,27.99894899841318,27.858132590606694,27.889425788848943,12332900,VWO
2016-11-22,28.257118225097656,28.335351242303712,28.116301778411227,28.311879844999662,17857000,VWO
2016-11-23,27.983301162719727,28.022416166652242,27.842484761135864,27.889424556424988,13911000,VWO
2016-11-25,28.131938934326172,28.186700535837634,28.10064573795292,28.131938934326172,3781700,VWO
2016-11-28,28.272754669189453,28.358809465051504,28.21017126219739,28.225817860016257,12095100,VWO
2016-11-29,28.28840446472168,28.350990863071882,28.147588052717456,28.23364285830712,8356600,VWO
2016-11-30,28.335338592529297,28.429215186982674,28.311867205703606,28.413568590526587,22257900,VWO
2016-12-01,28.014598846435547,28.28058509377428,27.975480851954334,28.257113700228757,18792600,VWO
2016-12-02,27.983301162719727,28.155410761163,27.97547637136312,27.998947761149434,19213700,VWO
2016-12-05,28.171049118041992,28.210167098957836,28.06152593375671,28.069350723653056,11260500,VWO
2016-12-06,28.28840446472168,28.343166071136242,28.202349659132018,28.272757865134132,19646200,VWO
2016-12-07,28.710840225219727,28.765601805931784,28.437029337377112,28.47614731012772,15254700,VWO
2016-12-08,28.84384536743164,28.85167015937993,28.63262074908384,28.679560547922375,10455300,VWO
2016-12-09,28.710840225219727,28.749955213688008,28.601317063795612,28.663900448488395,9646100,VWO
2016-12-12,28.47615623474121,28.593501236922744,28.38227665185607,28.468331444025818,8385500,VWO
2016-12-13,28.76561164855957,28.828195054666296,28.632617061122335,28.671735047257805,8788500,VWO
2016-12-14,27.93636703491211,28.577862779253532,27.912898624648243,28.52310116578176,18577100,VWO
2016-12-15,28.061534881591797,28.139767884086286,27.905071860886725,27.93636506188452,24969800,VWO
2016-12-16,27.88942527770996,28.08500328671414,27.834663673931473,28.038063490211048,21234600,VWO
2016-12-19,27.701671600341797,27.91289622742854,27.69384979235363,27.889427819180188,13079200,VWO
2016-12-20,27.74883460998535,27.819582468427594,27.72525299006462,27.796000848506864,13983500,VWO
2016-12-21,27.6623592376709,27.858880694883144,27.6623592376709,27.827439540725575,12815300,VWO
2016-12-22,27.4029483795166,27.442252065351266,27.2850343233336,27.442252065351266,16299900,VWO
2016-12-23,27.536592483520508,27.536592483520508,27.418681379032808,27.418681379032808,9171400,VWO
2016-12-27,27.67021942138672,27.685941496467798,27.607331121062405,27.607331121062405,12169100,VWO
2016-12-28,27.843156814575195,27.88246350241463,27.772411973294457,27.81957520081495,13701900,VWO
2016-12-29,28.275508880615234,28.330534650019526,28.10256903467058,28.10256903467058,11408400,VWO
2016-12-30,28.12615203857422,28.29909189305371,28.0632667270142,28.291232353613587,11523000,VWO
2017-01-03,28.432720184326172,28.605660009184465,28.32266865893605,28.44058272109928,18705200,VWO
2017-01-04,28.692138671875,28.75502699052226,28.582087112922377,28.605668733075056,19171200,VWO
2017-01-05,28.9908504486084,29.030154146064632,28.880798896258977,28.888658436278266,11923400,VWO
2017-01-06,28.872940063476562,28.92010630568589,28.76288849700174,28.896521685241083,13515300,VWO
2017-01-09,28.82576560974121,28.90437599102988,28.810046532162907,28.841487685998946,14763200,VWO
2017-01-10,28.982986450195312,29.116622613231872,28.943682754718587,28.98298645019531,12678400,VWO
2017-01-11,29.234533309936523,29.25025538765357,28.865074978964866,28.990848602021547,13874600,VWO
2017-01-12,29.30527687072754,29.32886148319074,29.179503266081124,29.289554795311826,11681900,VWO
2017-01-13,29.273841857910156,29.3131455553526,29.203094003041794,29.23453516178781,11592600,VWO
2017-01-17,29.24239158630371,29.289554813901507,29.171643746227748,29.242391586303714,8271700,VWO
2017-01-18,29.13234519958496,29.29742252267603,29.085178964981882,29.27384090471439,14802100,VWO
2017-01-19,29.053733825683594,29.12448167585489,28.927960203010148,29.07731844152716,13001200,VWO
2017-01-20,29.10089683532715,29.13234098718252,28.967260689281503,29.085174759399465,10665100,VWO
2017-01-23,29.50180435180664,29.541111047728144,29.305282866918656,29.32100494555128,11086500,VWO
2017-01-24,29.71404266357422,29.816234657284603,29.627572745717686,29.643294821571544,8260100,VWO
2017-01-25,29.973453521728516,29.98917559816176,29.816235756075503,29.863401985375248,13756300,VWO
2017-01-26,29.847684860229492,29.965595955019353,29.83196278118819,29.949873875978046,10131500,VWO
2017-01-27,29.87912368774414,29.94201199900131,29.80051629735241,29.902708303805444,9442900,VWO
2017-01-30,29.729761123657227,29.76120527154066,29.643291216317273,29.729761123657227,12465800,VWO
2017-01-31,29.7454833984375,29.816231232313417,29.64329141646584,29.729761324389628,15384000,VWO
2017-02-01,29.80837631225586,29.949872016161105,29.745490998675624,29.94201247646849,11604600,VWO
2017-02-02,29.91057777404785,29.949881482293026,29.855551982768464,29.89485569101364,10856100,VWO
2017-02-03,30.099231719970703,30.154257496530217,29.981317628097504,30.05992802223961,8619300,VWO
2017-02-06,30.028484344482422,30.12281382028055,29.997040186323055,30.12281382028055,10007500,VWO
2017-02-07,29.918428421020508,30.044202036612987,29.886984267452508,30.020617422097217,10258000,VWO
2017-02-08,30.154264450073242,30.185708614981078,29.918439210625703,29.918439210625703,7498800,VWO
2017-02-09,30.311473846435547,30.358637082000786,30.1542560642986,30.1542560642986,10809300,VWO
2017-02-10,30.586599349975586,30.594458888811555,30.36649627841504,30.37435581725101,9271600,VWO
2017-02-13,30.70452117919922,30.759546960988807,30.625910777585375,30.625910777585375,8548700,VWO
2017-02-14,30.75168228149414,30.75954482044848,30.484412931966617,30.688796963259428,11946300,VWO
2017-02-15,30.979650497436523,30.995372577967007,30.735962747234424,30.75954736737027,10624700,VWO
2017-02-16,30.89317512512207,31.042533364575387,30.869593507810375,31.018948748583973,9897200,VWO
2017-02-17,30.790992736816406,30.79099273681641,30.641637449390338,30.657359532068977,8944600,VWO
2017-02-21,31.04253387451172,31.06611549221079,30.91676024898373,30.95606394470877,6873400,VWO
2017-02-22,31.121150970458984,31.129010512582923,31.00323684783498,31.034681013692143,7027800,VWO
2017-02-23,31.13686752319336,31.27050070633076,31.10542336292097,31.24691908546655,15360200,VWO
2017-02-24,30.80670738220215,30.869595697734326,30.759544144232944,30.806707382202145,12380100,VWO
2017-02-27,30.68092918395996,30.790980721083752,30.64162549194139,30.71237333704661,8300700,VWO
2017-02-28,30.413667678833008,30.657355429722358,30.413667678833008,30.649495888775075,12186300,VWO
2017-03-01,30.90104103088379,30.916763110364855,30.65735329694734,30.680934916828914,14624700,VWO
2017-03-02,30.350778579711914,30.57088168301906,30.34291604106244,30.547300064430402,13655700,VWO
2017-03-03,30.610187530517578,30.64949422916638,30.44511019144094,30.50799851033495,10080800,VWO
2017-03-06,30.657352447509766,30.6966561457834,30.563022971917047,30.680934066737954,8232800,VWO
2017-03-07,30.69664192199707,30.76738974557945,30.641616170175062,30.743808137278183,14789500,VWO
2017-03-08,30.390085220336914,30.610188344962044,30.350781519322453,30.5866067240894,15601800,VWO
2017-03-09,30.130678176879883,30.240729738396873,29.965597835924246,30.209285578340545,12131900,VWO
2017-03-10,30.382221221923828,30.382221221923828,30.232862981830486,30.31933291058353,14955600,VWO
2017-03-13,30.767396926879883,30.798841077739883,30.6337637837438,30.680927011354523,9506700,VWO
2017-03-14,30.594459533691406,30.696651532789744,30.56301837900535,30.696651532789744,12217700,VWO
2017-03-15,31.309803009033203,31.380547861690804,30.641628191140523,30.71237604247787,22872700,VWO
2017-03-16,31.522045135498047,31.61637760776943,31.474881898042252,31.537767214209943,28561200,VWO
2017-03-17,31.490598678588867,31.56920606024308,31.419850835628317,31.537761908109637,17399400,VWO
2017-03-20,31.797176361083984,31.852202136104168,31.577070262323417,31.60851441910062,13336300,VWO
2017-03-21,31.411998748779297,31.938677976858617,31.388417126173493,31.891511732966613,17365900,VWO
2017-03-22,31.562400817871094,31.633271585308126,31.341902971116028,31.412776742569992,14085400,VWO
2017-03-23,31.57815170288086,31.68052560828459,31.452154205467536,31.475780801494423,12783300,VWO
2017-03-24,31.66477394104004,31.719897655613977,31.570276573772887,31.578150102704672,12543700,VWO
2017-03-27,31.570268630981445,31.617518804735884,31.34189729719292,31.436394640685403,12759600,VWO
2017-03-28,31.64902687072754,31.71990065388141,31.54665596485217,31.54665596485217,14135900,VWO
2017-03-29,31.69626808166504,31.704141609110582,31.546647028067124,31.562397086974784,8453000,VWO
2017-03-30,31.515155792236328,31.64902682465575,31.499405728889794,31.57027951194049,7378000,VWO
2017-03-31,31.278915405273438,31.404912926377527,31.278915405273438,31.33403913300536,12271800,VWO
2017-04-03,31.523021697998047,31.53089822977507,31.310400400268815,31.444274404327974,15366400,VWO
2017-04-04,31.593902587890625,31.61752918453247,31.436404961020273,31.460031557662116,9319600,VWO
2017-04-05,31.53877830505371,31.822273427546886,31.51515471285172,31.727776054721602,12539600,VWO
2017-04-06,31.4836483001709,31.55452206664119,31.38915094621608,31.523021947317343,9571400,VWO
2017-04-07,31.475780487060547,31.609651512467302,31.420656770243966,31.460030424539056,9168500,VWO
2017-04-10,31.326148986816406,31.38127269059682,31.24740169684912,31.31039892801964,9915800,VWO
2017-04-11,31.357650756835938,31.39702440389442,31.121405870468333,31.373400816462674,9421600,VWO
2017-04-12,31.467905044555664,31.467905044555664,31.24741016964639,31.436404918420806,15934700,VWO
2017-04-13,31.302536010742188,31.562407562948483,31.294662480683318,31.46790717813661,7977100,VWO
2017-04-17,31.570268630981445,31.57026863098145,31.357647355111066,31.397020997898235,8196600,VWO
2017-04-18,31.200151443481445,31.334025440915404,31.129277681079124,31.231651560997264,9943200,VWO
2017-04-19,30.971786499023438,31.24740504747983,30.916659785315282,31.22378145875982,9400400,VWO
2017-04-20,31.294668197631836,31.310415260626268,31.160794130034187,31.271041595103945,10125000,VWO
2017-04-21,31.26315689086914,31.294657013636822,31.20015664533377,31.27890695225298,15182100,VWO
2017-04-24,31.625391006469727,31.68051470486516,31.57814083469524,31.649014590348838,12490700,VWO
2017-04-25,31.853769302368164,31.916766541172446,31.767145470497468,31.79864559190807,14389000,VWO
2017-04-26,31.735652923583984,31.86952696952293,31.704152794655098,31.775026582736274,14912900,VWO
2017-04-27,31.633270263671875,31.775017800657597,31.55452296713172,31.751394212498912,9172700,VWO
2017-04-28,31.76714324951172,31.790766836909576,31.65689583629943,31.704143011095148,11072600,VWO
2017-05-01,31.893152236938477,31.97189955937318,31.806528379849624,31.877402171647976,11578900,VWO
2017-05-02,32.050636291503906,32.08213640872409,31.948262412546576,31.971885998453455,12444500,VWO
2017-05-03,31.822265625,31.940389565081617,31.78289197964499,31.940389565081617,11621700,VWO
2017-05-04,31.4836483001709,31.696269599581775,31.45214818084705,31.680519539919853,8595000,VWO
2017-05-05,31.66477394104004,31.68052400292076,31.420655491931797,31.452152611676084,12179700,VWO
2017-05-08,31.467905044555664,31.66477632687248,31.467905044555664,31.633276200737622,11275700,VWO
2017-05-09,31.822265625,31.885265860781285,31.696268157454014,31.696268157454014,11584900,VWO
2017-05-10,32.07426452636719,32.09001458726014,31.964017104133422,31.971890632571423,11575600,VWO
2017-05-11,32.05852127075195,32.09789492933398,31.893150102296858,32.03489767640625,15037400,VWO
2017-05-12,32.23176193237305,32.255385521558225,32.10576445002387,32.12938803920905,12963900,VWO
2017-05-15,32.531005859375,32.538879387469116,32.35775820113623,32.39713184964045,11248300,VWO
2017-05-16,32.56251525878906,32.57039179387113,32.444394268719556,32.53889166157875,12030900,VWO
2017-05-17,32.07426452636719,32.33413602507559,32.04276440458126,32.29475937083471,15453300,VWO
2017-05-18,31.4836483001709,31.735643246728223,31.200153234289726,31.38915094621608,28731200,VWO
2017-05-19,32.042781829833984,32.13728224658222,31.869537073832742,31.893160676010506,13669500,VWO
2017-05-22,32.03489685058594,32.09789410188968,31.956149535451882,32.027020316662025,11599700,VWO
2017-05-23,32.01914596557617,32.0585196221334,31.940398652461706,32.01914596557617,9220500,VWO
2017-05-24,32.12939453125,32.19239478716284,32.01127355743974,32.05852074535683,9619400,VWO
2017-05-25,32.294769287109375,32.38926968148397,32.23177202821086,32.27902222539816,8191900,VWO
2017-05-26,32.373504638671875,32.381378165884925,32.286880819245894,32.31050440490153,7416800,VWO
2017-05-30,32.31838607788086,32.33413613882923,32.22388571219064,32.24751230562168,6041400,VWO
2017-05-31,32.08214569091797,32.23964031455311,32.02701896782481,32.21601672181131,11719000,VWO
2017-06-01,32.31838607788086,32.31838607788086,32.097888228620654,32.16088847241413,14434600,VWO
2017-06-02,32.42076873779297,32.42076873779297,32.302647743823954,32.35777147514644,9060500,VWO
2017-06-05,32.42076873779297,32.4916425357816,32.36564500647049,32.42076873779297,9021800,VWO
2017-06-06,32.44438171386719,32.49162889000478,32.342007825541074,32.36563141360987,8196500,VWO
2017-06-07,32.42076873779297,32.4995190711237,32.25539754382552,32.397145139802774,9212800,VWO
2017-06-08,32.483760833740234,32.50738442578833,32.38138692816967,32.460137241692145,8695200,VWO
2017-06-09,32.26327133178711,32.49951630362574,32.12939727853395,32.468016172975844,11495200,VWO
2017-06-12,32.145137786865234,32.19238796879225,31.995516716788405,32.15301431919486,10177700,VWO
2017-06-13,32.294769287109375,32.302645821982864,32.18452183102357,32.25539562479557,11591300,VWO
2017-06-14,32.27113723754883,32.47588503437839,32.1608898103408,32.45225843996446,10990800,VWO
2017-06-15,31.987646102905273,31.995522636692233,31.798651348262702,31.893148725583988,8540000,VWO
2017-06-16,32.09002685546875,32.10577692238306,31.93252919034381,32.050653190192044,7584200,VWO
2017-06-19,32.30263137817383,32.34200502288209,32.184507440032505,32.20813403007069,8124800,VWO
2017-06-20,31.916776657104492,32.17664823508214,31.901026591407252,32.13727457284798,9637300,VWO
2017-06-21,32.03800964355469,32.19649656721054,31.998388668362384,32.117251593939294,8380200,VWO
2017-06-22,32.15687561035156,32.25988954133295,32.0855566458101,32.18064759090317,8842400,VWO
2017-06-23,32.2757453918457,32.32329238593525,32.156882440952764,32.20442641215502,6915700,VWO
2017-06-26,32.616493225097656,32.65611421107654,32.489704256232734,32.576872239118764,10063100,VWO
2017-06-27,32.2757453918457,32.50555132894758,32.2757453918457,32.45800433485803,14590500,VWO
2017-06-28,32.46592712402344,32.537246096637794,32.30744018233743,32.41045714786638,12546900,VWO
2017-06-29,32.101402282714844,32.35498317179549,31.927069389010576,32.3470571631032,11106500,VWO
2017-06-30,32.354976654052734,32.45799056320789,32.29158068883171,32.33912766274748,11532700,VWO
2017-07-03,32.50554275512695,32.58478470148767,32.434223794247714,32.497616746758986,6820200,VWO
2017-07-05,32.4500846862793,32.465933685939945,32.18858072620994,32.33914471154233,19264400,VWO
2017-07-06,32.09348678588867,32.34706471125483,32.077637787692375,32.315366714862236,21303900,VWO
2017-07-07,32.18064498901367,32.23611495440696,32.0380070714634,32.204416967643255,12959100,VWO
2017-07-10,32.410457611083984,32.44215258156459,32.23612167044902,32.25989365403124,8247300,VWO
2017-07-11,32.64026641845703,32.67989042878784,32.46593346912927,32.56894743190417,15378800,VWO
2017-07-12,33.258358001708984,33.274206997781306,33.05232407565572,33.06817307172804,11911200,VWO
2017-07-13,33.35344314575195,33.36136613096463,33.20288224361997,33.24250321545613,8977700,VWO
2017-07-14,33.69419860839844,33.74174560197037,33.54363766308484,33.56740964842718,11393500,VWO
2017-07-17,33.519859313964844,33.55155730652016,33.456466351741156,33.543634319824804,9052500,VWO
2017-07-18,33.57533645629883,33.58326246757298,33.40100350580632,33.456473493174975,9279400,VWO
2017-07-19,33.900230407714844,33.92400541655666,33.813062428698636,33.892307420025794,5670000,VWO
2017-07-20,33.82891082763672,33.892306819575296,33.7734408461341,33.86853483404197,9700900,VWO
2017-07-21,33.75758743286133,33.84475539893219,33.694194472101444,33.8051344205964,7316900,VWO
2017-07-24,33.884368896484375,33.916066881309675,33.78135498013148,33.900217888897025,7845800,VWO
2017-07-25,33.82891082763672,33.9794747970472,33.82891082763672,33.93192780309327,8233800,VWO
2017-07-26,34.07455825805664,34.09040725255097,33.828903377724494,33.8922993557018,7826200,VWO
2017-07-27,33.900230407714844,34.17758334302891,33.74174647083519,34.16965733245253,9828500,VWO
2017-07-28,34.027015686035156,34.04286468258424,33.852682769769245,33.9398507393457,7734800,VWO
2017-07-31,34.08248519897461,34.130032187975196,33.98739424386039,34.130032187975196,13137600,VWO
2017-08-01,34.225128173828125,34.272675169817624,34.15380919128757,34.23305418460341,12685800,VWO
2017-08-02,34.304359436035156,34.312282420751686,34.12210055869315,34.25681245907743,9114600,VWO
2017-08-03,34.17757797241211,34.22512193685008,34.09041000709335,34.22512193685008,6689000,VWO
2017-08-04,34.264747619628906,34.3122915864006,34.114183663819894,34.240972613356064,7597600,VWO
2017-08-07,34.5341796875,34.5341796875,34.39946470806738,34.39946470806738,6558800,VWO
2017-08-08,34.48662185668945,34.70850172618342,34.45492386879417,34.58963880590587,8501600,VWO
2017-08-09,34.29644775390625,34.29644775390625,34.122114811348865,34.201356783157905,8288600,VWO
2017-08-10,33.50400924682617,34.01116501995368,33.496086260384054,33.94777205975617,15740200,VWO
2017-08-11,33.60701370239258,33.71795360862153,33.45645283292268,33.53569475940458,11205400,VWO
2017-08-14,33.900230407714844,34.01909638326192,33.836837437540446,33.91607940598028,7448700,VWO
2017-08-15,33.87645721435547,33.900229199462686,33.749668255638284,33.82891022125382,6730900,VWO
2017-08-16,34.28851318359375,34.29643616894337,34.145875264209046,34.18549623673003,6457500,VWO
2017-08-17,33.852684020996094,34.22512487356081,33.82890901385022,34.18550389216717,8869000,VWO
2017-08-18,34.09833908081055,34.240977045362065,33.87645914612481,33.99532512421354,8787600,VWO
2017-08-21,34.185489654541016,34.27265759103545,34.09832171804659,34.16964066400695,8192900,VWO
2017-08-22,34.48662185668945,34.557940818010586,34.39153091589011,34.39945390142068,6428100,VWO
2017-08-23,34.65304183959961,34.68473983671604,34.43908489339478,34.45493389195299,6166200,VWO
2017-08-24,34.732276916503906,34.81944184935787,34.65303194633686,34.7639718816842,8666500,VWO
2017-08-25,35.02548599243164,35.1047279628872,34.93831801119807,34.97001600853526,8066200,VWO
2017-08-28,35.01755142211914,35.06509840650275,34.95415846582766,35.057175420548816,6031200,VWO
2017-08-29,34.94624328613281,34.96209228583864,34.70851433632062,34.73228934732316,6912100,VWO
2017-08-30,34.985862731933594,35.001708706684255,34.89076874610637,34.94623872639531,6004800,VWO
2017-08-31,35.1047248840332,35.19189285762172,35.03340590772325,35.07302688947608,20190800,VWO
2017-09-01,35.35829544067383,35.397916414186035,35.23150651170284,35.26320449966722,12011700,VWO
2017-09-05,35.08887481689453,35.310757749142034,34.938313881669515,35.231512765165405,10663500,VWO
2017-09-06,35.34244155883789,35.36621655796635,35.17603167936915,35.223578654739974,13072700,VWO
2017-09-07,35.51677322387695,35.51677322387695,35.41375630092852,35.46130327064758,7514500,VWO
2017-09-08,35.28699493408203,35.47717993844737,35.23152493757716,35.46925392586776,7524900,VWO
2017-09-11,35.69904708862305,35.73074508176805,35.52471417209955,35.540560145785044,7503500,VWO
2017-09-12,35.63563919067383,35.72280712384786,35.60394121081314,35.643562174196134,6662000,VWO
2017-09-13,35.397918701171875,35.508861666214976,35.34244873009368,35.50093565726855,6943000,VWO
2017-09-14,35.469234466552734,35.48508346012869,35.30282456833478,35.35829453440743,8206400,VWO
2017-09-15,35.70697021484375,35.73866518254223,35.477164317430926,35.57225526629988,9236800,VWO
2017-09-18,35.67528533935547,35.87339331901234,35.65151334912076,35.80999731453596,8914300,VWO
2017-09-19,35.70697021484375,35.71489320104668,35.57225526629988,35.66734621516882,7863100,VWO
2017-09-20,35.60435485839844,35.78874993489445,35.27565005972007,35.75668042811692,10112100,VWO
2017-09-21,35.63642883300781,35.716599551686336,35.55625505601241,35.70056479628725,8827900,VWO
2017-09-22,35.41994857788086,35.468052822830835,35.36382848793032,35.41192967456477,9244700,VWO
2017-09-25,34.762542724609375,35.05116210703724,34.626248879211396,35.04314320290545,15752800,VWO
2017-09-26,34.754539489746094,34.89884924602285,34.682384611607716,34.858763882238684,10536900,VWO
2017-09-27,34.56211471557617,34.65832016189556,34.40177026616653,34.61021590957787,10746600,VWO
2017-09-28,34.578147888183594,34.61823323412749,34.41780344609216,34.44987294617361,11065100,VWO
2017-09-29,34.930908203125,34.99504721244855,34.738497291786956,34.8106490898015,14298700,VWO
2017-10-02,34.962974548339844,35.04314524443332,34.89883554481225,34.89883554481225,12778600,VWO
2017-10-03,35.44401168823242,35.45203059438039,35.1634111393858,35.219531249155125,11289400,VWO
2017-10-04,35.484092712402344,35.540215873637194,35.419956762630875,35.46004211352757,6821600,VWO
2017-10-05,35.70856857299805,35.82080875491722,35.580293642473904,35.580293642473904,12686500,VWO
2017-10-06,35.572288513183594,35.572288513183594,35.33177330760886,35.44401353298929,15506500,VWO
2017-10-09,35.4520263671875,35.46004221406307,35.363836759974994,35.44400746199569,6590500,VWO
2017-10-10,35.7967643737793,35.820814971702994,35.69254001891643,35.73262536822796,10455500,VWO
2017-10-11,35.9009895324707,35.90900843818533,35.732629212260804,35.732629212260804,11717400,VWO
2017-10-12,35.9009895324707,35.97314439232015,35.86090417884689,35.90900843818533,7783100,VWO
2017-10-13,36.2216796875,36.29383454975863,36.14952482524137,36.1735754265554,6768400,VWO
2017-10-16,36.18960952758789,36.34193815534054,36.18960952758789,36.29383389526342,6396800,VWO
2017-10-17,36.01321792602539,36.077356917425554,35.88494300154049,36.077356917425554,7672900,VWO
2017-10-18,36.04529571533203,36.15753591779206,35.97314086256256,36.101415816562046,6273900,VWO
2017-10-19,35.780731201171875,35.83685130434747,35.6284025854242,35.83685130434747,7952000,VWO
2017-10-20,35.925045013427734,35.94909561515859,35.81280173594501,35.925045013427734,9160700,VWO
2017-10-23,35.60435485839844,35.8288352892081,35.60435485839844,35.82081944167197,6816300,VWO
2017-10-24,35.7005615234375,35.81280174262456,35.65246031996681,35.7005615234375,9090400,VWO
2017-10-25,35.62039566040039,35.85289503654284,35.35582677203477,35.804790768208086,11457400,VWO
2017-10-26,35.43599319458008,35.75667907527275,35.43599319458008,35.70857787524286,9558200,VWO
2017-10-27,35.86892318725586,35.892973787835714,35.476079380658256,35.57228484129415,10371300,VWO
2017-10-30,35.58030319213867,35.78874886331836,35.54823368632137,35.57228428652614,13080700,VWO
2017-10-31,35.780731201171875,35.788747048061424,35.64443733751954,35.72461109799628,9046800,VWO
2017-11-01,35.86892318725586,36.10943836800381,35.844869528359546,36.01322984905147,11585500,VWO
2017-11-02,35.981163024902344,35.99719777789344,35.78874904732561,35.925042918591714,13033000,VWO
2017-11-03,35.77271270751953,35.925041325019706,35.54823229223459,35.925041325019706,11810400,VWO
2017-11-06,36.117454528808594,36.12547343461576,35.8929740992716,35.91702470006014,11000700,VWO
2017-11-07,35.892982482910156,36.125481872559945,35.83686236241775,36.1094471155168,9439500,VWO
2017-11-08,36.02124786376953,36.05331736929371,35.909007652751285,36.03728261653162,8138100,VWO
2017-11-09,35.88495635986328,35.965130128958506,35.652460075278576,35.85288991054177,11793000,VWO
2017-11-10,35.7486686706543,35.860908898900746,35.67651380130774,35.84487414367742,7360200,VWO
2017-11-13,35.6765022277832,35.716587573679334,35.53219253590443,35.59633153599093,9159700,VWO
2017-11-14,35.43599319458008,35.63642301688164,35.4039236890159,35.59633766408461,10146000,VWO
2017-11-15,35.147369384765625,35.283660178968596,35.083230381623515,35.25159373571354,13328300,VWO
2017-11-16,35.77271270751953,35.86892122119847,35.532197539954765,35.60435239605582,8438400,VWO
2017-11-17,35.97312927246094,36.109423087476024,35.87692385253657,35.88493969656562,12684600,VWO
2017-11-20,36.125465393066406,36.173566583936136,35.91701670491158,35.91701670491158,7485500,VWO
2017-11-21,36.57443618774414,36.72676482280405,36.52633498367607,36.55038558571011,10976100,VWO
2017-11-22,36.6946907043457,36.75081080758546,36.55038099363883,36.686671799130735,7984200,VWO
2017-11-24,36.55839157104492,36.60649582045226,36.4782208803485,36.50227147589427,6938700,VWO
2017-11-27,36.18157958984375,36.398044088418125,36.14951009561452,36.38200934130351,9797900,VWO
2017-11-28,36.398040771484375,36.51028093274301,36.26174696258816,36.390021869500174,12112400,VWO
2017-11-29,35.892982482910156,36.269791627631044,35.83686236241775,36.22970320586459,18533500,VWO
2017-11-30,35.66046905517578,35.83684825489981,35.57227945531377,35.804778753437986,23875400,VWO
2017-12-01,35.315731048583984,35.50814500714794,35.16340549769477,35.476075504334595,20960900,VWO
2017-12-04,35.43599319458008,35.74064738080704,35.41193953624875,35.700558969693624,19045700,VWO
2017-12-05,35.3798713684082,35.61236762665082,35.34780186440362,35.46806097526268,11648600,VWO
2017-12-06,34.93893051147461,35.01108231651669,34.77858603086461,34.995050620940624,14737000,VWO
2017-12-07,34.98702621459961,35.08323166451472,34.714441557910035,34.79461531476939,10283400,VWO
2017-12-08,35.38788986206055,35.46806362806853,35.25961489476424,35.43599412166534,7498000,VWO
2017-12-11,35.62039566040039,35.676515777632424,35.54022493815948,35.660481021520845,9189700,VWO
2017-12-12,35.363826751708984,35.43598158643366,35.21149817933722,35.27563716945488,8005000,VWO
2017-12-13,35.7486686706543,35.87694365412408,35.53220406261463,35.580308328284616,9287200,VWO
2017-12-14,35.52417755126953,35.77270853684026,35.52417755126953,35.65245249623647,8231000,VWO
2017-12-15,35.62039566040039,35.69255053374401,35.452035308704275,35.61237675318609,12428100,VWO
2017-12-18,35.98917770385742,36.10141791283481,35.876937494880025,35.88495334195713,10117200,VWO
2017-12-19,35.892982482910156,36.125481872559945,35.82082760537461,36.125481872559945,9252300,VWO
2017-12-20,35.94107437133789,36.10141576989286,35.93305546642046,36.05331457365283,11610100,VWO
2017-12-21,36.29711151123047,36.40988499775294,36.192391956810866,36.21655682596653,7505900,VWO
2017-12-22,36.59516143798828,36.603215371251736,36.33739255369301,36.40183323834308,11845800,VWO
2017-12-26,36.63543701171875,36.643494017777286,36.474330691870186,36.570996327487805,6154300,VWO
2017-12-27,36.62738800048828,36.67571775194416,36.53877935902199,36.61933099334705,9021600,VWO
2017-12-28,36.80459976196289,36.933484212017035,36.756270013722386,36.89320839753405,8106500,VWO
2017-12-29,36.9818115234375,37.16708270073506,36.957646652917404,37.134860824810126,10462900,VWO
2018-01-02,37.61819076538086,37.65041265074519,37.416808591125985,37.48124928900652,17804600,VWO
2018-01-03,37.980682373046875,38.02095819659375,37.819576006011,37.82762994158103,17896200,VWO
2018-01-04,38.21427536010742,38.31899493763428,38.15788860440397,38.16594561113174,13003300,VWO
2018-01-05,38.552589416503906,38.584811289737154,38.294820576331844,38.310931512948464,12102300,VWO
2018-01-08,38.5606575012207,38.6331552061807,38.48010586141986,38.4881597962607,10947500,VWO
2018-01-09,38.552589416503906,38.592865221621985,38.36731825468317,38.56870035312053,11180700,VWO
2018-01-10,38.38344192504883,38.47204749656481,38.238446520243784,38.35927397568267,11029500,VWO
2018-01-11,38.63315200805664,38.64926294925273,38.34316121222262,38.367329160440676,8602200,VWO
2018-01-12,39.043975830078125,39.0520297647687,38.63315448535397,38.7137091964999,15391100,VWO
2018-01-16,38.85063552856445,39.20506692897054,38.78619485251202,39.09229344124347,12005900,VWO
2018-01-17,39.39840316772461,39.4870118041762,39.156745205577906,39.180910079938265,14469200,VWO
2018-01-18,39.46284103393555,39.519227780917156,39.374232410722385,39.39839728147243,9635700,VWO
2018-01-19,39.83339309692383,39.841447031520325,39.591735112004926,39.70450863344388,12419600,VWO
2018-01-22,40.15559768676758,40.171708626789496,39.88171785209022,39.913939732134054,13386000,VWO
2018-01-23,40.30058288574219,40.32475082608898,40.07503592815102,40.16364453944664,9450400,VWO
2018-01-24,40.671142578125,40.74364027898201,40.38920570908203,40.55031205241402,15625500,VWO
2018-01-25,40.526145935058594,40.8805774212541,40.42142635417326,40.62280850895777,15871800,VWO
2018-01-26,41.06584167480469,41.073898680425295,40.70335324305995,40.832237677363935,11067100,VWO
2018-01-29,40.421424865722656,40.55836325096664,40.365038110287166,40.50197649553115,16983900,VWO
2018-01-30,39.905879974365234,40.09115114830591,39.77699554584793,40.08309414304705,18372200,VWO
2018-01-31,40.14754104614258,40.46975367915978,39.96226985765428,40.421420862352974,23959200,VWO
2018-02-01,39.76893997192383,40.075041652987096,39.720610230019865,39.921992348879094,28080700,VWO
2018-02-02,38.87480163574219,39.46284010820846,38.83452582782116,39.39034242481174,24335900,VWO
2018-02-05,37.626243591308594,39.18091417656201,37.56985683000701,38.83453660122485,31099600,VWO
2018-02-06,38.5606575012207,38.94731090339133,37.26375581962966,37.44903012229817,55111300,VWO
2018-02-07,37.46514129638672,38.40761154399212,37.457087360835516,38.05317999562037,24815200,VWO
2018-02-08,36.2165641784668,37.787345522264594,36.20045323814325,37.73901270129395,31474900,VWO
2018-02-09,36.76432800292969,37.03820787361221,35.71714134661934,36.69988730721804,35526400,VWO
2018-02-12,37.27180862426758,37.53763146391265,36.901266206411904,37.2073648614156,21421800,VWO
2018-02-13,37.561790466308594,37.658453014719264,37.27179974822956,37.35235135976396,13535000,VWO
2018-02-14,38.33510971069336,38.41566134893759,37.40875050664458,37.424861448863034,15575200,VWO
2018-02-15,39.052032470703125,39.156752066024886,38.51232969644528,38.99564570541792,16484400,VWO
2018-02-16,38.90703201293945,39.25340956787347,38.71370686353544,38.71370686353544,15935200,VWO
2018-02-20,38.5606575012207,38.66537709124027,38.30288856644028,38.4156620913007,17430700,VWO
2018-02-21,38.5123176574707,39.30173519753933,38.48814971358321,38.90702489108138,11135300,VWO
2018-02-22,38.5606575012207,38.91509209117985,38.49621680394964,38.65732315639943,14643500,VWO
2018-02-23,39.18896484375,39.21312971672735,38.81841937862799,39.02785852059011,9523400,VWO
2018-02-26,39.55951690673828,39.591738793816724,39.10036577083947,39.28563701226808,8733100,VWO
2018-02-27,38.4962043762207,39.100350698234784,38.4962043762207,39.09229369314689,11459300,VWO
2018-02-28,37.99677276611328,38.60897606467354,37.99677276611328,38.576754191518376,15494200,VWO
2018-03-01,37.988731384277344,38.584823943186294,37.690686641246856,38.31899801110788,17585700,VWO
2018-03-02,38.08538818359375,38.173996814174046,37.3765252846464,37.577907418566156,15955000,VWO
2018-03-05,38.19816589355469,38.30288547512264,37.72290695509916,37.73096088929,10805600,VWO
2018-03-06,38.31093978881836,38.67342518603157,38.22233115470931,38.67342518603157,13594800,VWO
2018-03-07,38.30288314819336,38.35121596894566,37.92428680726712,38.08539006407948,10584600,VWO
2018-03-08,38.32704544067383,38.42370799507032,38.157882129420955,38.3995400518358,7127100,VWO
2018-03-09,39.011749267578125,39.02786020787539,38.5123224097536,38.56870916437019,9149500,VWO
2018-03-12,39.14868927001953,39.221186967931885,38.93925318318817,39.08424857901288,7912100,VWO
2018-03-13,38.77009582519531,39.36618532139503,38.68148717966205,39.325909502383915,9567400,VWO
2018-03-14,38.81841278076172,39.116460503445744,38.625087684106845,39.052016755996114,8146600,VWO
2018-03-15,38.66537857055664,38.97148034463771,38.560658976530554,38.92314751519916,11780100,VWO
2018-03-16,38.54453659057617,38.6734210246352,38.504260781091595,38.54453659057617,13220200,VWO
2018-03-19,38.18206024169922,38.43177216313332,37.980678073911456,38.3592744598158,10828200,VWO
2018-03-20,38.5123176574707,38.61703414720978,38.383433223844136,38.48009578085224,10136500,VWO
2018-03-21,38.72175216674805,38.86674753290583,38.343152813686366,38.41565049676526,16454000,VWO
2018-03-22,37.49736785888672,38.08540355857931,37.45709203041301,37.908189298725254,16549100,VWO
2018-03-23,36.94959259033203,37.66651248610066,36.91737378468827,37.6342936804569,20510700,VWO
2018-03-26,38.062583923339844,38.10293804044921,37.40883614240974,37.804313879253776,19587400,VWO
2018-03-27,37.497615814208984,38.16750583571741,37.36041120478486,38.08679452533114,15427400,VWO
2018-03-28,37.239341735839844,37.40076126026666,36.981071728285464,37.30391077713911,15551800,VWO
2018-03-29,37.917293548583984,38.070640372188684,37.41689589577115,37.441107741913804,12121900,VWO
2018-04-02,37.360408782958984,37.90116067279605,36.981073345787536,37.72360195909958,22033000,VWO
2018-04-03,37.723594665527344,37.75587610252621,37.37654381751727,37.65902563388785,15576500,VWO
2018-04-04,37.844661712646484,37.86080397257433,36.779297187978834,36.79543944790668,17380200,VWO
2018-04-05,37.925376892089844,38.09486602043923,37.772026946498094,37.9738005980059,11815800,VWO
2018-04-06,37.25548553466797,37.82852194516703,37.0375696295159,37.53796740496428,17487900,VWO
2018-04-09,37.22320556640625,37.60254104905734,37.198993711367876,37.44919416911121,12813900,VWO
2018-04-10,37.917293548583984,37.97378990879733,37.59445764433923,37.73166221090859,9043200,VWO
2018-04-11,37.96572494506836,38.04643316125708,37.707454958679136,37.71552454876957,7750500,VWO
2018-04-12,37.95766830444336,38.070661086349176,37.84467552253754,37.91731417930877,7302600,VWO
2018-04-13,37.56217956542969,37.91730004458446,37.45725641613485,37.86887326518193,6828300,VWO
2018-04-16,37.5944709777832,37.60254056975251,37.36848237795883,37.49761740122055,6754000,VWO
2018-04-17,37.62674331665039,37.72359686976892,37.368473332643106,37.40075785034929,8308800,VWO
2018-04-18,37.89309310913086,37.98187401013999,37.659034929892556,37.69938904521807,8475400,VWO
2018-04-19,37.68323516845703,37.97378963535962,37.554100191924846,37.949577789391306,7601500,VWO
2018-04-20,37.239341735839844,37.505684412967305,37.0859948809861,37.47339989231767,7393200,VWO
2018-04-23,36.9891471862793,37.24741721330332,36.88422402566904,37.15863631423476,6367000,VWO
2018-04-24,36.81965255737305,37.36040750757162,36.674375291876196,37.279696205172606,13532500,VWO
2018-04-25,36.54522705078125,36.60979606931463,36.3353838981883,36.561369305414594,9333700,VWO
2018-04-26,36.92457580566406,36.93264539651395,36.56945531066288,36.61787901340495,11162300,VWO
2018-04-27,37.11827850341797,37.13441768453089,36.851935832735684,37.013355353256344,10434400,VWO
2018-04-30,36.86808395385742,37.2716312799033,36.85194169135697,37.23934675490241,10113300,VWO
2018-05-01,36.65823745727539,36.698594652758054,36.20626642455835,36.63402560304319,16821500,VWO
2018-05-02,36.416107177734375,36.83579673559496,36.39189532516484,36.77930036038503,12032200,VWO
2018-05-03,36.3031120300293,36.456458884212594,35.90763742967505,36.4080351822712,14692200,VWO
2018-05-04,36.48067092895508,36.63401777101104,35.98027321593254,36.028696914044374,16855200,VWO
2018-05-07,36.38382339477539,36.57752436052155,36.23047346150323,36.286969833080974,23101400,VWO
2018-05-08,36.56945037841797,36.60173181628498,36.262753627524084,36.51295401362449,8755400,VWO
2018-05-09,36.617881774902344,36.71473534533336,36.44839264488049,36.68245082185636,5893400,VWO
2018-05-10,37.34426498413086,37.46532731864485,36.92457545107538,36.997214083312315,12379800,VWO
2018-05-11,37.21512222290039,37.4895344342835,37.12634134880281,37.42496540627773,11430900,VWO
2018-05-14,37.32811737060547,37.59446001021896,37.287763264887914,37.48953687229659,7092700,VWO
2018-05-15,36.617881774902344,36.787373983745816,36.47260449807744,36.6905204133148,12520900,VWO
2018-05-16,37.13442611694336,37.19092557895346,36.940725111390336,36.96493696737897,7113500,VWO
2018-05-17,36.617881774902344,36.86000954333665,36.488746759815946,36.755089460268806,10318000,VWO
2018-05-18,36.278900146484375,36.39189288934128,36.198188845285635,36.27082747695383,10000300,VWO
2018-05-21,36.51295471191406,36.64208970231466,36.36767746286077,36.55330881913531,8062300,VWO
2018-05-22,36.65823745727539,36.811587410937314,36.60981374881099,36.698594652758054,6125800,VWO
2018-05-23,36.4968147277832,36.529096168279395,36.10133706319796,36.173975692251524,10280500,VWO
2018-05-24,36.367679595947266,36.375749186336414,36.004486452011534,36.31118322675962,6830500,VWO
2018-05-25,36.45644760131836,36.5048743670935,36.26274669585856,36.343454893330076,6083900,VWO
2018-05-29,35.64936828613281,36.05291560064455,35.479879152955085,35.95606510723181,16673400,VWO
2018-05-30,35.964141845703125,36.02063822981956,35.560594485544605,35.697799110163935,13925200,VWO
2018-05-31,36.004486083984375,36.165905599508186,35.81885471871941,35.97220156511538,14220700,VWO
2018-06-01,36.40803527832031,36.44031979891397,36.14976527121377,36.182049791807415,15672900,VWO
2018-06-04,36.78736877441406,36.83579247395084,36.658230698792835,36.69051521769814,9361300,VWO
2018-06-05,36.46453857421875,36.69052410364415,36.440326718586576,36.625958129017725,15166900,VWO
2018-06-06,36.9891471862793,36.9891471862793,36.714734897713576,36.779300865058794,9056900,VWO
2018-06-07,36.42417526245117,36.86807661699959,36.17397486171752,36.83579209842341,17280700,VWO
2018-06-08,36.39996337890625,36.529098385191745,36.10941192387995,36.24661652107392,11903300,VWO
2018-06-11,36.351531982421875,36.50487880780009,36.3192474679778,36.40802834328863,6571600,VWO
2018-06-12,36.32732009887695,36.42417365031875,36.19011551923259,36.383819543295175,9972600,VWO
2018-06-13,36.06098937988281,36.408040327339805,35.883427570815016,36.34347127719815,9965000,VWO
2018-06-14,35.86727523803711,36.206256498463524,35.84306339044269,36.14168746645053,11315800,VWO
2018-06-15,35.673583984375,35.697795838542504,35.41531394384916,35.61708760543633,18342900,VWO
2018-06-18,35.261962890625,35.27810515250704,34.987550596273685,35.18932425156666,12885800,VWO
2018-06-19,34.85840606689453,34.92297509680126,34.487143381393274,34.640490209190546,16855000,VWO
2018-06-20,34.971412658691406,35.16511365053105,34.914913200681276,35.084405417068155,16733300,VWO
2018-06-21,34.47908020019531,34.78577391279059,34.42258382793717,34.78577391279059,21299600,VWO
2018-06-22,34.759334564208984,34.91367496362976,34.64560973318639,34.91367496362976,19564700,VWO
2018-06-25,34.30443572998047,34.42628554669111,33.94701435240925,34.401913724087244,18765800,VWO
2018-06-26,34.16633224487305,34.35316630382782,34.068851180295084,34.30442577153884,12667500,VWO
2018-06-27,33.41086959838867,34.09322152719757,33.33776035248884,34.06072784040464,24698400,VWO
2018-06-28,33.7276725769043,33.73579444856308,33.32963269272189,33.418988774809876,15198000,VWO
2018-06-29,34.28006362915039,34.33692604500851,34.12572013001898,34.19070751886784,21602100,VWO
2018-07-02,33.906394958496094,33.95513240067197,33.646448505558176,33.76829830853629,39165600,VWO
2018-07-03,33.93887710571289,34.16632980807048,33.922630262775314,34.117589279257764,9351600,VWO
2018-07-05,33.906394958496094,34.10135092473802,33.727682740466655,34.05261038379293,19557700,VWO
2018-07-06,34.3206672668457,34.450638900591905,33.93887423700515,33.97136792013375,10606600,VWO
2018-07-09,34.946163177490234,34.970531894953716,34.6374793282882,34.79994467517184,16749200,VWO
2018-07-10,34.913673400878906,34.92992024726481,34.63748320985675,34.8730578342987,8374800,VWO
2018-07-11,34.263816833496094,34.52376019174416,34.1175983071354,34.40191038685383,11505700,VWO
2018-07-12,34.743080139160156,34.85680494537783,34.5887397734031,34.69433960845176,11355500,VWO
2018-07-13,34.76744842529297,34.84868264213597,34.6049830903755,34.718710993955696,8977500,VWO
2018-07-16,34.57249450683594,34.64560375684907,34.44252285112022,34.58874135114649,5417400,VWO
2018-07-17,34.840553283691406,34.89741567893672,34.41002283432887,34.47500710085146,8495600,VWO
2018-07-18,34.808067321777344,34.84056101163008,34.548124000493054,34.62935822512491,6998900,VWO
2018-07-19,34.410030364990234,34.548123898302684,34.19070260728622,34.29630554961085,12734200,VWO
2018-07-20,34.856807708740234,34.92991696121446,34.686220485889976,34.73495792169359,10122000,VWO
2018-07-23,34.7512092590332,34.82431852095867,34.62936255500357,34.767456105990995,8881900,VWO
2018-07-24,35.27110290527344,35.474183884042915,35.17362490311964,35.319843455735246,7780600,VWO
2018-07-25,35.831600189208984,35.85596890947778,35.425438324627194,35.52291630447147,10505600,VWO
2018-07-26,35.4822998046875,35.62851831999336,35.401068673414926,35.52291537032379,8623700,VWO
2018-07-27,35.53104019165039,35.75036486490769,35.344203012733566,35.65288688804122,11648400,VWO
2018-07-30,35.4822998046875,35.661012012010005,35.40919054703457,35.604149600365396,15212500,VWO
2018-07-31,35.64476013183594,35.70974440792236,35.392938702425646,35.46604794975324,12934100,VWO
2018-08-01,35.37669372558594,35.53103719962721,35.27109078525803,35.35232500811364,9810800,VWO
2018-08-02,34.97052764892578,35.02739004861566,34.63747512269862,34.71870933566157,15504100,VWO
2018-08-03,35.189857482910156,35.246719886004904,35.011145302458914,35.05176396075679,8813400,VWO
2018-08-06,34.921810150146484,35.035535014430174,34.83245401427497,34.954300755106004,12280600,VWO
2018-08-07,35.23860168457031,35.42543575688334,35.222354839312366,35.29546409358868,9338200,VWO
2018-08-08,35.15736770629883,35.23860193316161,35.05988973283239,35.15736770629883,9664000,VWO
2018-08-09,35.1086311340332,35.327958903813645,35.09238428826032,35.27109339422407,7938800,VWO
2018-08-10,34.410030364990234,34.51563330731487,34.28818057778729,34.410030364990234,18475700,VWO
2018-08-13,33.857643127441406,34.17444879101999,33.74391833526121,34.04447715727574,18977500,VWO
2018-08-14,34.060733795166016,34.1257180813444,33.890146557832544,33.97137769024779,10719000,VWO
2018-08-15,33.06156921386719,33.18341588750826,32.76101036703041,33.04532237096136,22726100,VWO
2018-08-16,33.29714584350586,33.548964177171584,33.2565271843494,33.37837696428152,17396200,VWO
2018-08-17,33.581459045410156,33.630199578850004,33.02095685531119,33.110309851797815,14498500,VWO
2018-08-20,33.7276725769043,33.75204129064892,33.55708538315538,33.63019462315753,9194100,VWO
2018-08-21,34.09321212768555,34.21505877141308,33.99573109418232,33.99573109418232,13516600,VWO
2018-08-22,34.296302795410156,34.345040227362375,34.085096927722,34.09322189889308,8513300,VWO
2018-08-23,33.760162353515625,34.296295685220656,33.73579054382363,34.19881464398853,14860200,VWO
2018-08-24,34.263816833496094,34.32067924943978,34.101351459898744,34.19070757031575,10948400,VWO
2018-08-27,34.824317932128906,34.962414579550526,34.59686827610407,34.64560881615331,13398800,VWO
2018-08-28,34.653724670410156,34.95428353491419,34.58874039373541,34.88117428692471,10697500,VWO
2018-08-29,34.848690032958984,34.86493378100408,34.53188116823422,34.57249983465452,11600200,VWO
2018-08-30,33.92262649536133,34.3125444850223,33.7926548650637,34.288172673938426,21254300,VWO
2018-08-31,34.15009307861328,34.2150773708401,33.833287294430306,33.898271586657124,17517100,VWO
2018-09-04,33.38649368286133,33.573330809586174,33.28901573322482,33.50022157266676,19209200,VWO
2018-09-05,33.02907943725586,33.11843553442957,32.87473905953596,33.05344815511458,19402200,VWO
2018-09-06,33.01283264160156,33.12655745680339,32.79350488423997,33.04532633130746,14535500,VWO
2018-09-07,32.866607666015625,33.167169588468234,32.736636031549274,32.90722322076733,14695300,VWO
2018-09-10,32.4766960144043,32.7772548681827,32.41983361230483,32.7772548681827,16287800,VWO
2018-09-11,32.51731491088867,32.52543988274743,32.06241564740082,32.15177174523417,16237600,VWO
2018-09-12,32.72038269042969,32.91534165278734,32.30609915622511,32.40357708802014,19573900,VWO
2018-09-13,33.134681701660156,33.410871860563226,33.04532560631377,33.22403779700655,16522600,VWO
2018-09-14,33.094058990478516,33.337755407742726,32.92346870950231,33.256521202809274,13379800,VWO
2018-09-17,32.834129333496094,33.004719701237676,32.769145035265204,32.834129333496094,10816400,VWO
2018-09-18,33.094058990478516,33.1752900966439,32.939715550489,32.939715550489,10998000,VWO
2018-09-19,33.54084777832031,33.61395703845697,33.35401369103089,33.35401369103089,12179500,VWO
2018-09-20,33.817039489746094,33.87390190587401,33.59771169949444,33.79266766942751,11635100,VWO
2018-09-21,33.95512771606445,34.0607306574914,33.841402901651804,33.91451215359833,11775400,VWO
2018-09-24,33.53272247314453,33.6220785789554,33.467738186316964,33.58958488615706,12027800,VWO
2018-09-25,33.74392318725586,33.77641687505619,33.57333597445706,33.60582656348877,9965000,VWO
2018-09-26,33.8055534362793,34.17532798814144,33.739817479621806,33.739817479621806,11270900,VWO
2018-09-27,33.90415573120117,34.01098017710284,33.81376919117434,33.83841978076237,8952000,VWO
2018-09-28,33.69050598144531,33.879501126651235,33.57546573085143,33.68229016409364,13852400,VWO
2018-10-01,33.772682189941406,33.887725593870435,33.68229564591553,33.87950664056938,14389800,VWO
2018-10-02,33.411128997802734,33.55082300239398,33.271438127823956,33.39469422463833,16632100,VWO
2018-10-03,33.131736755371094,33.641202071722624,33.041347090374,33.641202071722624,16370600,VWO
2018-10-04,32.375755310058594,32.868785843872,32.21962657114872,32.868785843872,21225800,VWO
2018-10-05,32.22785568237305,32.37576551606591,31.923817060552892,32.35933074180974,20543000,VWO
2018-10-08,32.28537368774414,32.3428938265267,31.956684493604556,32.03063940555534,16332100,VWO
2018-10-09,32.20320129394531,32.31824471138165,31.915600586885994,32.03064086970972,18285000,VWO
2018-10-10,31.307533264160156,32.088167953867725,31.266447887778344,32.07995213243668,26144900,VWO
2018-10-11,31.028141021728516,31.45543573179352,30.69945495333336,31.151400256509547,47600100,VWO
2018-10-12,31.81698989868164,31.882725849046167,31.43078061097419,31.80877094575351,28567400,VWO
2018-10-15,31.504737854003906,31.726602580358932,31.45543353660979,31.570473809250394,16002300,VWO
2018-10-16,32.22785568237305,32.28537582496331,31.833430504062964,31.833430504062964,16985900,VWO
2018-10-17,31.841644287109375,32.0142047038422,31.669083870376554,31.97311933813617,14034300,VWO
2018-10-18,31.011701583862305,31.537601668730495,30.904877149557276,31.51294794720671,16859000,VWO
2018-10-19,31.299304962158203,31.627994111374754,31.192480518471015,31.488300125843505,15167700,VWO
2018-10-22,31.62799835205078,31.89094845283551,31.521173894040594,31.759473402443145,14177800,VWO
2018-10-23,31.31573486328125,31.496514180699204,30.77340004563893,30.921309826324247,17778900,VWO
2018-10-24,30.403635025024414,31.233570709991515,30.39541920559851,31.151399977282406,24787200,VWO
2018-10-25,30.978837966918945,31.184267922754465,30.66658355635749,30.740538465842775,18853500,VWO
2018-10-26,30.740537643432617,30.93775177498803,30.3050271517886,30.43650219462145,28023400,VWO
2018-10-29,30.140682220458984,31.036356919097624,29.869513184492938,30.962402012435266,27499700,VWO
2018-10-30,30.75697135925293,30.75697135925293,30.28859133933433,30.35432729118689,23070700,VWO
2018-10-31,31.110313415527344,31.24178846357756,30.94596882181147,31.143182961193,23487500,VWO
2018-11-01,32.22785568237305,32.252506276450966,31.439002191140204,31.60334679908924,21896400,VWO
2018-11-02,32.3428840637207,32.770178633276906,31.997760200589664,32.67157002403288,26037100,VWO
2018-11-05,32.49081039428711,32.51546099184974,32.293596209946685,32.342900539685076,13925400,VWO
2018-11-06,32.36753845214844,32.43327753270261,32.21141283775011,32.26893296592907,12328700,VWO
2018-11-07,32.9427490234375,32.98383438915413,32.60584400918115,32.79483919916764,13378200,VWO
2018-11-08,32.14567947387695,32.64692908110147,32.03885815089751,32.52367298506077,14379200,VWO
2018-11-09,31.59512710571289,31.718383195603998,31.34861179131839,31.710167376789506,16329300,VWO
2018-11-12,31.176050186157227,31.537608928693817,31.093879454460264,31.46365401632156,19434100,VWO
2018-11-13,31.545825958251953,31.8498614387298,31.35683076040829,31.488305816934865,16903400,VWO
2018-11-14,31.792335510253906,31.973114855550413,31.504734856020406,31.866290412001383,21155800,VWO
2018-11-15,32.416847229003906,32.59762345621171,31.866293324648222,31.89916286945412,25360800,VWO
2018-11-16,32.53187942504883,32.64691966869797,32.09636903563091,32.17853974263414,18183200,VWO
2018-11-19,32.12923812866211,32.35932176984269,32.014197875377725,32.31823641289995,22622200,VWO
2018-11-20,31.4554443359375,31.751264072638783,31.323969245693974,31.611573160648405,19310100,VWO
2018-11-21,32.04707336425781,32.268938094471544,31.981334273255644,32.04707336425781,16361300,VWO
2018-11-23,31.710172653198242,31.87451726834477,31.65265250808888,31.669087283064815,11634300,VWO
2018-11-26,31.932031631469727,32.104592035552024,31.833426134081595,31.997767584857737,21898200,VWO
2018-11-27,32.162113189697266,32.162113189697266,31.77590387198461,31.833427143114285,16505200,VWO
2018-11-28,32.877010345458984,32.89344511887551,32.12102957597368,32.3593290885946,26402800,VWO
2018-11-29,32.65514373779297,32.85235471935173,32.499014981562574,32.66335955593623,22376500,VWO
2018-11-30,32.61405944824219,32.65514794809226,32.441499033476674,32.556539309987016,18214800,VWO
2018-12-03,33.263214111328125,33.485078813361504,33.11530430997254,33.435774501372315,22344600,VWO
2018-12-04,32.64693069458008,33.37826089158102,32.55654100558219,33.32074075033011,23569400,VWO
2018-12-06,32.383975982666016,32.383975982666016,31.611560527985883,31.767686155692207,31668000,VWO
2018-12-07,31.73481559753418,32.490799391105924,31.69373023730586,32.293585273553106,22938500,VWO
2018-12-10,31.365041732788086,31.537605264683407,30.987051395516666,31.480085132255674,33157000,VWO
2018-12-11,31.685516357421875,31.90738107776154,31.45543268376653,31.86629258040763,30196700,VWO
2018-12-12,32.162113189697266,32.44971700689626,32.15389737074293,32.24428705230227,26534300,VWO
2018-12-13,32.2114143371582,32.383974729727576,32.129240482640384,32.27715028616043,23109700,VWO
2018-12-14,31.808773040771484,32.071723128772454,31.75947185840399,31.808773040771484,23516600,VWO
2018-12-17,31.463661193847656,31.923822411703114,31.356836710582698,31.800566286040347,26749700,VWO
2018-12-18,31.660865783691406,31.8334293397634,31.562260276373525,31.669084737825223,30125000,VWO
2018-12-19,31.13496208190918,32.038855724138415,30.888446773887463,31.767686691085984,55565500,VWO
2018-12-20,31.373262405395508,31.644428311044752,31.118528137387305,31.438998359796546,38334200,VWO
2018-12-21,31.1185302734375,31.611564071043595,30.98705522099838,31.406134105694186,36971100,VWO
2018-12-24,30.877758026123047,31.274899232956408,30.861210081313605,31.043234318019717,20581900,VWO
2018-12-26,31.423826217651367,31.456922105835364,30.761924234959448,31.010137083944215,39456100,VWO
2018-12-27,31.357643127441406,31.39901141686795,30.87776213273863,31.01014255262247,36809700,VWO
2018-12-28,31.581035614013672,31.820976134860143,31.440382784951005,31.630679459905576,29480000,VWO
2018-12-31,31.523115158081055,31.854067774056972,31.43210618707583,31.796151539690896,25687900,VWO
2019-01-02,31.66377067565918,31.68031862184319,31.183889704916925,31.250081489652967,17856900,VWO
2019-01-03,31.16735076904297,31.382470975427157,31.04324587108187,31.357650627074722,15615100,VWO
2019-01-04,32.15191650390625,32.276021336894964,31.55620320572913,31.58929909033836,21471400,VWO
2019-01-07,32.218116760253906,32.3091288977216,31.98645179666226,32.1436525710711,17582800,VWO
2019-01-08,32.40013885498047,32.458055091981194,32.08573417112069,32.259486038321064,17090900,VWO
2019-01-09,32.87174606323242,33.02894683548264,32.590437258648926,32.59871281077694,21629700,VWO
2019-01-10,33.119964599609375,33.13651255047895,32.69800289913149,32.70627529646682,18736700,VWO
2019-01-11,32.91310501098633,32.95447644748399,32.74763188978559,32.79727256366682,22542300,VWO
2019-01-14,32.68144989013672,32.83037826871423,32.482877666633904,32.549069459867646,15067200,VWO
2019-01-15,32.896575927734375,33.02068399598545,32.76419546115956,32.83865967087035,17548300,VWO
2019-01-16,33.21924591064453,33.33507838823669,33.03722164231496,33.06204198574234,14705500,VWO
2019-01-17,33.37644577026367,33.508826191934496,32.9213882680326,32.946208610783934,19549000,VWO
2019-01-18,33.55018997192383,33.64947448578104,33.4095371736426,33.48400134808495,19264800,VWO
2019-01-22,32.98757553100586,33.22751602163298,32.83037477311124,33.153051840272774,19421400,VWO
2019-01-23,33.31024932861328,33.31024932861328,33.0289405773307,33.27715659496657,14975900,VWO
2019-01-24,33.591556549072266,33.61638004342327,33.3102478106094,33.3102478106094,16300100,VWO
2019-01-25,33.922515869140625,34.01352800207395,33.79840784128642,33.848051683667755,18232000,VWO
2019-01-28,33.566741943359375,33.5915622857515,33.35162494483189,33.45918186599655,18843600,VWO
2019-01-29,33.60810089111328,33.74048127407208,33.533636728436626,33.73220888097347,10577500,VWO
2019-01-30,34.20383071899414,34.270019364355655,33.58329678226072,33.740497576668275,21068900,VWO
2019-01-31,34.5678825378418,34.60097844472919,34.30312159514138,34.31966954858508,29177100,VWO
2019-02-01,34.31138229370117,34.394118868896705,34.236918113545975,34.38584647385636,20402700,VWO
2019-02-04,34.3858528137207,34.46031700760518,34.17073262863285,34.21210092385787,18100400,VWO
2019-02-05,34.77471160888672,34.80780750091515,34.476854893026776,34.50995078505521,18520300,VWO
2019-02-06,34.36103057861328,34.65888736513397,34.294841935052425,34.64233941519407,19303700,VWO
2019-02-07,34.03834533691406,34.29483376558556,33.76531211844258,34.14590540780185,20658500,VWO
2019-02-08,33.905967712402344,33.95561155447726,33.641206867065925,33.83977907916736,12385500,VWO
2019-02-11,33.7073974609375,33.972158296883165,33.7073974609375,33.9556103501118,14924600,VWO
2019-02-12,34.03834533691406,34.137629856703875,33.955608763122214,34.03834533691406,11353000,VWO
2019-02-13,33.79841232299805,34.12936500369517,33.732223680577825,34.07144875800297,18557900,VWO
2019-02-14,33.8646125793457,33.97217270086534,33.51711186220513,33.59157607614957,14819300,VWO
2019-02-15,33.80668258666992,33.90596711286594,33.69912250884197,33.83977848080132,24894400,VWO
2019-02-19,34.15418243408203,34.20382627880774,33.70740045634429,33.70740045634429,16260300,VWO
2019-02-20,34.3031120300293,34.52650460492916,34.22864783839601,34.31138758254328,14907000,VWO
2019-02-21,34.22864532470703,34.344477801808175,34.09626489999168,34.319657458486006,9401100,VWO
2019-02-22,34.617515563964844,34.73334804561938,34.4685871857809,34.551323770906016,9400000,VWO
2019-02-25,35.080848693847656,35.23804946827566,35.00638450465578,35.10566903817881,11812100,VWO
2019-02-26,34.97328567504883,35.09739054249496,34.83262970450542,34.865725598303655,11900800,VWO
2019-02-27,34.70025634765625,34.807816446291895,34.576151454952466,34.758172595491104,12705800,VWO
2019-02-28,34.43548583984375,34.57614179973578,34.36102166253572,34.55959385408978,21919600,VWO
2019-03-01,34.47686767578125,34.70026029550198,34.410679023382045,34.65061959525236,18902800,VWO
2019-03-04,34.60096740722656,34.74989578451321,34.286562704488276,34.741623388529895,20129800,VWO
2019-03-05,35.006385803222656,35.07257444262715,34.75816972590984,34.84090947041362,27879800,VWO
2019-03-06,34.83262634277344,35.08911476065854,34.79125805761722,35.03119853020027,12473400,VWO
2019-03-07,34.270015716552734,34.68370496367403,34.195554682021445,34.667160171243836,17155400,VWO
2019-03-08,34.02180480957031,34.054900708783,33.848056073001715,33.91424787142709,16063000,VWO
2019-03-11,34.71678924560547,34.749885131789796,34.3858398523545,34.4189325823414,10339700,VWO
2019-03-12,34.857452392578125,34.948464520308306,34.79126060652051,34.874000339092525,9999100,VWO
2019-03-13,34.93191909790039,35.0063832844968,34.832631411639646,34.93191909790039,14035200,VWO
2019-03-14,34.74989700317383,34.82436119442857,34.63406451815501,34.79954084940982,9892900,VWO
2019-03-15,35.221500396728516,35.26286868802729,35.04775167955468,35.04775167955468,13439600,VWO
2019-03-18,35.6186408996582,35.635188847057464,35.44489218626335,35.48626047666237,12380900,VWO
2019-03-19,35.62691879272461,35.74275127593325,35.53590665414683,35.65173913735548,12983700,VWO
2019-03-20,35.6186408996582,35.94131798344814,35.25459552546924,35.502808424061634,19124300,VWO
2019-03-21,35.70138168334961,35.70138168334961,35.37870143390107,35.42007288171127,22384800,VWO
2019-03-22,34.62578582763672,35.21322690816295,34.6092410365893,35.147035119180416,22669000,VWO
2019-03-25,34.78494644165039,34.86784859456956,34.594276233526976,34.66888658995734,15398600,VWO
2019-03-26,34.9010124206543,34.98391458812798,34.71863397700086,34.92588465209357,10330200,VWO
2019-03-27,34.519676208496094,34.801537287991955,34.42848539418939,34.726926909231445,13250700,VWO
2019-03-28,34.818119049072266,34.82640768596355,34.5528383950233,34.66889828587037,8694300,VWO
2019-03-29,35.23261642456055,35.265777293111285,35.04194617398556,35.21603599028518,15447000,VWO
2019-04-01,35.76318359375,35.796344467791776,35.57251331160229,35.69686500806146,14802400,VWO
2019-04-02,35.6554069519043,35.81291949862773,35.53105843661133,35.81291949862773,15054200,VWO
2019-04-03,35.829505920410156,36.111367029526754,35.77147597109748,35.91240494445825,12024000,VWO
2019-04-04,36.06163024902344,36.11966020562793,35.80463818234964,35.821218621721705,7841200,VWO
2019-04-05,36.35176467895508,36.37663690870617,36.14451401792935,36.202543950025024,11259800,VWO
2019-04-08,36.32689666748047,36.401507034114125,36.13622643328205,36.20254500229296,7890700,VWO
2019-04-09,36.27716064453125,36.38493189254011,36.24400293640094,36.36006282084371,9449900,VWO
2019-04-10,36.451255798339844,36.50928574400748,36.34348454393072,36.42638356277167,9027500,VWO
2019-04-11,36.02846145629883,36.185974014536626,35.937270640981104,36.16110177974422,11339300,VWO
2019-04-12,36.25228500366211,36.376636664400046,36.16938600476622,36.351764434816,8444700,VWO
2019-04-15,36.06163024902344,36.202559240092796,35.89582901769826,36.185981963116184,9751200,VWO
2019-04-16,36.35176467895508,36.36834511132443,36.19425531503741,36.227416179776114,10231500,VWO
2019-04-17,36.442955017089844,36.633625243346295,36.35176422140326,36.60046754141906,9475700,VWO
2019-04-18,36.48440933227539,36.57560013999925,36.27715864650097,36.38492988857413,12727500,VWO
2019-04-22,36.26887512207031,36.30203599544242,36.09478528045916,36.17768430149449,7510300,VWO
2019-04-23,36.35176467895508,36.37663690870617,36.14451401792935,36.185966680049795,8520900,VWO
2019-04-24,35.928977966308594,36.19425858338488,35.84607895937015,36.19425858338488,9331500,VWO
2019-04-25,35.86266326904297,35.91240458040462,35.60567439966201,35.71344565974807,13595300,VWO
2019-04-26,36.02846145629883,36.07820276348888,35.846082988058136,35.97043151244114,8892300,VWO
2019-04-29,35.96214294433594,36.04504196074932,35.92898207281268,36.04504196074932,8655000,VWO
2019-04-30,35.98700714111328,36.06990614629516,35.763176032248985,35.93726584056755,10598500,VWO
2019-05-01,35.78805160522461,36.32690472401772,35.738313458034106,36.06162406435201,23283100,VWO
2019-05-02,35.837791442871094,35.94556269468229,35.647121174217304,35.837791442871094,17667800,VWO
2019-05-03,36.302024841308594,36.33518570449172,36.09477419000502,36.169384550970065,13250800,VWO
2019-05-06,35.53105545043945,35.564216316688416,35.11655410951019,35.158003611124265,21419100,VWO
2019-05-07,34.85956573486328,35.1248463674258,34.619154173355184,35.11655773120586,16799200,VWO
2019-05-08,34.76837921142578,35.05853211321329,34.75179877454693,34.90101954406165,19133200,VWO
2019-05-09,34.27925491333008,34.478216921053956,33.85646499520835,34.154906425597254,25300200,VWO
2019-05-10,34.56112289428711,34.65231370114819,34.047142083899935,34.445063017334625,17748100,VWO
2019-05-13,33.39222717285156,33.62435007530919,33.24300643641247,33.51657884068223,21780900,VWO
2019-05-14,33.856475830078125,33.98082752000025,33.71554370400673,33.83160675705164,15379800,VWO
2019-05-15,33.94767379760742,34.005703755154464,33.62436313058948,33.674101287118084,13267800,VWO
2019-05-16,33.86476516723633,34.17149849874847,33.8481878931391,33.972536423237756,12010900,VWO
2019-05-17,33.2181396484375,33.5414502121214,33.209851012463716,33.33419952643741,14372900,VWO
2019-05-20,33.10208511352539,33.26788632131385,33.00260565381031,33.18498413622212,12574800,VWO
2019-05-21,33.549747467041016,33.549747467041016,33.259594562456094,33.34249674764965,10937500,VWO
2019-05-22,33.4088134765625,33.53316516624392,33.3507835313498,33.50829293087073,9154500,VWO
2019-05-23,32.98602294921875,33.077213765353385,32.80364131694949,32.91970120570455,14334300,VWO
2019-05-24,33.035762786865234,33.25959393910024,32.969444202348356,33.21814442847782,8292500,VWO
2019-05-28,33.13523864746094,33.425388325020684,33.085497347424564,33.35906975403316,13114600,VWO
2019-05-29,33.41709899902344,33.42538763432774,33.06062759544788,33.11865752976072,16330800,VWO
2019-05-30,33.56632614135742,33.65751379668913,33.4336858144083,33.475135323630866,11041600,VWO
2019-05-31,33.690670013427734,33.73211951692254,33.3673594588161,33.4088089623109,14599100,VWO
2019-06-03,33.8896369934082,34.04714639458666,33.781865738709854,33.86476475777328,22369900,VWO
2019-06-04,33.897918701171875,33.93107956697667,33.64921853242434,33.71553710163971,19595700,VWO
2019-06-05,33.64921951293945,33.9642414224761,33.55802871051613,33.94766098909056,14323700,VWO
2019-06-06,33.640926361083984,33.71553355771129,33.491705643041605,33.60776549876481,12285000,VWO
2019-06-07,33.881343841552734,34.17149672148182,33.815025261428346,33.83160569705812,10334800,VWO
2019-06-10,34.19636154174805,34.34558228146722,34.08859030475212,34.16320067461171,12823700,VWO
2019-06-11,34.5528450012207,34.677196715128844,34.478234605354906,34.619163596215046,10155000,VWO
2019-06-12,34.17978286743164,34.362164483674434,34.14662199858849,34.32900361483129,9932300,VWO
2019-06-13,34.21294021606445,34.33728871784012,34.105168984610195,34.270970149371934,8963500,VWO
2019-06-14,33.79014587402344,33.98910789706943,33.79014587402344,33.97252746494942,12373600,VWO
2019-06-17,33.93122863769531,34.00635325369178,33.831060360239434,33.86444978605806,10116700,VWO
2019-06-18,34.699161529541016,34.774286135152195,34.281803317076786,34.29015226447273,10405800,VWO
2019-06-19,34.94122314453125,35.099818087584154,34.63237901997988,34.740889841136685,18670200,VWO
2019-06-20,35.4837760925293,35.742539201269835,35.34187589960598,35.68410933545566,15149900,VWO
2019-06-21,35.34189224243164,35.45875202809838,35.28346234959827,35.33354647953702,9494500,VWO
2019-06-24,35.3669319152832,35.43371075369096,35.30015626106572,35.34189144297543,8305600,VWO
2019-06-25,34.98295593261719,35.208329689480045,34.932871814140015,35.199980744305705,16757300,VWO
2019-06-26,35.3251953125,35.43370932845274,35.21668129654726,35.24172495203798,9161700,VWO
2019-06-27,35.525516510009766,35.5589027322852,35.3836131246302,35.43369723432694,10934500,VWO
2019-06-28,35.500484466552734,35.57560906355811,35.400319398608936,35.56726330130867,17584300,VWO
2019-07-01,36.0096549987793,36.25172345184412,35.87610053918999,36.18494462995473,17863000,VWO
2019-07-02,35.95958709716797,36.0680979457749,35.867767775892375,36.01801699539959,33509300,VWO
2019-07-03,36.001312255859375,36.001312255859375,35.817673664459974,35.8677577850752,6009200,VWO
2019-07-05,35.75089645385742,35.8093263332521,35.55056316436881,35.709158096412985,7884500,VWO
2019-07-08,35.609012603759766,35.65074779993969,35.508847496089665,35.609012603759766,8298700,VWO
2019-07-09,35.51716995239258,35.533864656746395,35.32518562860756,35.3335345728791,11298600,VWO
2019-07-10,35.75089645385742,35.951226559156424,35.73420174771757,35.81767209422722,11914000,VWO
2019-07-11,35.6757698059082,35.85940519445139,35.56725581436716,35.83436472878401,11012600,VWO
2019-07-12,35.6757698059082,35.71750497675031,35.55056110919243,35.684115566400855,5732200,VWO
2019-07-15,35.84272003173828,35.89280416059645,35.79263908707039,35.826025322118895,4783100,VWO
2019-07-16,35.775943756103516,35.959582374537135,35.75090328420447,35.85106835599088,6803400,VWO
2019-07-17,35.69247055053711,35.842719751747644,35.66743007839877,35.81767927960931,10681900,VWO
2019-07-18,35.917842864990234,35.917842864990234,35.634039183810486,35.65073389260813,11575100,VWO
2019-07-19,35.68412399291992,35.94288720794898,35.63403986556876,35.93453826129536,8186900,VWO
2019-07-22,35.642398834228516,35.76760441152672,35.617355171416015,35.709174505282675,8014200,VWO
2019-07-23,35.642398834228516,35.69247979147137,35.525539021740435,35.684134026661255,6357300,VWO
2019-07-24,35.75089645385742,35.7759369209724,35.659077162183046,35.659077162183046,7515200,VWO
2019-07-25,35.54222106933594,35.742551195297644,35.45040176819101,35.73420543346172,8636000,VWO
2019-07-26,35.57561492919922,35.69247472509963,35.48379560836586,35.66743425003257,5603300,VWO
2019-07-29,35.56727600097656,35.592316480855956,35.391986273438356,35.517191857026546,4350000,VWO
2019-07-30,35.216670989990234,35.28344980616839,35.13320065395675,35.26675510212385,6821400,VWO
2019-07-31,34.857749938964844,35.300151726105824,34.490475927476176,35.2751080728251,18317400,VWO
2019-08-01,34.22337341308594,35.14156020659011,34.106513623097094,34.891145916015375,23622500,VWO
2019-08-02,33.89783477783203,34.173289544327275,33.79766969766926,34.131554359608664,17077200,VWO
2019-08-05,32.70419692993164,33.079820040068455,32.56229345090611,33.05477637659856,18574000,VWO
2019-08-06,33.22171401977539,33.363617471826444,33.00468914416799,33.313533338598326,19442300,VWO
2019-08-07,33.363616943359375,33.388657417481525,32.787660565025895,32.912869304017654,14145300,VWO
2019-08-08,33.79766845703125,33.82270893010514,33.52221051645697,33.61402982998173,12756300,VWO
2019-08-09,33.463768005371094,33.622362915356845,33.288478391567494,33.57228198809249,10582100,VWO
2019-08-12,33.0881462097168,33.205005956066046,32.97963222345424,33.02137057645549,8128700,VWO
2019-08-13,33.4804801940918,33.680810376148344,32.787663952685044,32.86278856700395,11871700,VWO
2019-08-14,32.55393600463867,32.91286427173271,32.53724129637964,32.821044968403065,15201900,VWO
2019-08-15,32.737579345703125,32.879479610141,32.57063542315997,32.8043550042061,18404400,VWO
2019-08-16,33.171630859375,33.23006075215067,33.01303270682074,33.038076363860554,10991100,VWO
2019-08-19,33.28014373779297,33.6056826415518,33.26344902680655,33.5722964037695,9873400,VWO
2019-08-20,33.33857345581055,33.48047690634075,33.288492507309726,33.37196287760477,7996200,VWO
2019-08-21,33.59733581542969,33.63072523634638,33.45543555281941,33.63072523634638,7337600,VWO
2019-08-22,33.255104064941406,33.447088469626735,33.14659003300949,33.38865857186123,18196300,VWO
2019-08-23,32.779319763183594,33.49717651578452,32.737584571932814,33.18832909530859,14002600,VWO
2019-08-26,32.98799133300781,33.0547669868461,32.88782626015526,33.03807546152922,9735100,VWO
2019-08-27,33.004676818847656,33.28848043277513,32.971287409164574,33.18831220372588,13179200,VWO
2019-08-28,33.12989044189453,33.16327985975419,32.86278146739757,32.92956030311688,10898000,VWO
2019-08-29,33.51387023925781,33.53056176791233,33.23841225359483,33.346926294994574,8794100,VWO
2019-08-30,33.72254943847656,33.76428462857501,33.52221606813672,33.755935680040785,10270600,VWO
2019-09-03,33.5472526550293,33.5472526550293,33.34692249211177,33.388657677370375,14146900,VWO
2019-09-04,34.09816360473633,34.10651255186785,33.89783345224477,33.931222872390144,10591600,VWO
2019-09-05,34.3569221496582,34.473781920041645,34.323532734065815,34.40700627304679,22002800,VWO
2019-09-06,34.46543884277344,34.590644384712355,34.42370366212713,34.532214494969494,9765900,VWO
2019-09-09,34.55725860595703,34.65742367766575,34.448744587494964,34.55725860595703,5861500,VWO
2019-09-10,34.55725860595703,34.62403425903277,34.373619987665876,34.50717447800756,10037700,VWO
2019-09-11,34.81601333618164,34.84105698843645,34.632377930054844,34.69080781166652,8676800,VWO
2019-09-12,35.03304672241211,35.21668215675208,34.882797522558356,35.01635201307389,10526400,VWO
2019-09-13,35.216670989990234,35.291795566096056,35.15824111792895,35.216670989990234,9503700,VWO
2019-09-16,34.93288040161133,35.11651903031482,34.874450507785745,34.96626982213749,7936800,VWO
2019-09-17,34.974613189697266,34.98295895140217,34.60733599088377,34.64072540608316,10816800,VWO
2019-09-18,34.799320220947266,34.91618317370504,34.52386550706435,34.866099051094565,11450700,VWO
2019-09-19,34.582298278808594,34.849407253320386,34.56560356987784,34.749242183926,10263900,VWO
2019-09-20,34.640724182128906,34.92452783291635,34.548904885669764,34.8994873644965,18953100,VWO
2019-09-23,34.76594161987305,34.76594161987305,34.56560826965543,34.607343455561846,13422300,VWO
2019-09-24,34.34246826171875,34.72283096200736,34.334013965951726,34.68902022767746,15055800,VWO
2019-09-25,34.37627410888672,34.42699020792841,34.055081821396165,34.156510795110606,13863900,VWO
2019-09-26,34.35938262939453,34.45235733660302,34.24104502824111,34.41009551980463,20552000,VWO
2019-09-27,33.92828369140625,34.42698057380175,33.793044022843134,34.376264488952565,23051800,VWO
2019-09-30,34.029727935791016,34.241040214445476,34.029727935791016,34.11425478187449,14543400,VWO
2019-10-01,33.793052673339844,34.06353207970461,33.77614730739594,34.029721347816796,26339900,VWO
2019-10-02,33.63245391845703,33.70007215260638,33.48030886116023,33.65781035321696,16861600,VWO
2019-10-03,34.038185119628906,34.038185119628906,33.666276638425614,33.75080026730871,20121600,VWO
2019-10-04,34.19877243041992,34.249488529211916,33.91984194798626,33.94519838519779,13811200,VWO
2019-10-07,33.93674850463867,34.164962896285346,33.90293777092471,34.01282104331057,15542800,VWO
2019-10-08,33.64937210083008,33.86068440263903,33.62401243204152,33.82687366050084,15143200,VWO
2019-10-09,33.9029426574707,34.02972809061853,33.86913191888348,33.92829909922637,9411600,VWO
2019-10-10,34.266395568847656,34.40163528119504,34.03817794969224,34.04662902105248,13111600,VWO
2019-10-11,34.72282791137695,34.98485301849028,34.6805628849933,34.73973005268784,16599400,VWO
2019-10-14,34.64675521850586,34.78199491895207,34.62984985290399,34.73972989276299,6153400,VWO
2019-10-15,34.883419036865234,34.976396922560475,34.72282292253513,34.73972506141758,11229100,VWO
2019-10-16,34.97640609741211,35.01866790444087,34.798901348900614,34.883428187327326,9017100,VWO
2019-10-17,35.08628463745117,35.28914581655616,35.06092819920144,35.2806947452626,20217600,VWO
2019-10-18,34.993316650390625,35.187723571025394,34.908789799438765,35.08629134988316,9191200,VWO
2019-10-21,35.24688720703125,35.24688720703125,35.027120641044824,35.09474211500045,8315700,VWO
2019-10-22,35.22152328491211,35.331406554623804,35.187715776389936,35.21307221387381,9087600,VWO
2019-10-23,35.23843002319336,35.28069505313714,35.0778338722619,35.12009567783659,9716800,VWO
2019-10-24,35.28069305419922,35.39902739285139,35.2384280266501,35.38212202670552,11299600,VWO
2019-10-25,35.4412841796875,35.49200027094677,35.238423039018876,35.263782696832735,9776500,VWO
2019-10-28,35.72022247314453,35.796295014572394,35.63569886016652,35.652604227635955,9763100,VWO
2019-10-29,35.51736068725586,35.60188429113121,35.466644590309365,35.50045532160703,8959700,VWO
2019-10-30,35.65260696411133,35.65260696411133,35.28069852434587,35.41593825011235,13014400,VWO
2019-10-31,35.37366485595703,35.551169573875,35.22151979738086,35.551169573875,10505500,VWO
2019-11-01,35.9230842590332,35.9230842590332,35.728677366438035,35.7624881019422,22384400,VWO
2019-11-04,36.18511199951172,36.34570815383717,36.15130126458978,36.32880278637621,10487900,VWO
2019-11-05,36.36262130737305,36.40488312289011,36.210476192015726,36.354167009647725,10576500,VWO
2019-11-06,36.303443908691406,36.38796751594923,36.16820420245753,36.32880034599496,14736800,VWO
2019-11-07,36.5485725402832,36.67535797079184,36.48940213680252,36.506307505744225,13938400,VWO
2019-11-08,36.21891784667969,36.32880111794491,36.13439423762583,36.27808501789119,9167900,VWO
2019-11-11,36.01606750488281,36.032972875139244,35.770944472719016,35.79630091591883,6983100,VWO
2019-11-12,35.74557876586914,35.88081846850288,35.677957302367844,35.83010237087691,8638100,VWO
2019-11-13,35.51736068725586,35.57652785484237,35.390572057074024,35.407477422722856,9925900,VWO
2019-11-14,35.50045394897461,35.57652647926859,35.348308888386654,35.466643218984245,9311500,VWO
2019-11-15,35.73712921142578,35.79629638765376,35.64415129896202,35.686416331441386,6708700,VWO
2019-11-18,35.728668212890625,35.84700253246921,35.67795212262764,35.770930009258926,8754000,VWO
2019-11-19,35.85545349121094,36.02450390053019,35.80474062547302,36.01605283103,9778500,VWO
2019-11-20,35.72022247314453,35.8892729234697,35.61034242114695,35.77939287147212,12367400,VWO
2019-11-21,35.762489318847656,35.762489318847656,35.576533491616324,35.64415174055634,15122400,VWO
2019-11-22,35.69486999511719,35.78784791433207,35.618797445247694,35.77939684184413,6350200,VWO
2019-11-25,36.01606750488281,36.04987824539568,35.847017026688135,35.88927884014438,8433700,VWO
2019-11-26,35.87236785888672,35.89772752248957,35.65260452866685,35.81320068442871,13212800,VWO
2019-11-27,35.98225021362305,35.98225021362305,35.787843327621296,35.838559429157485,7688500,VWO
2019-11-29,35.551170349121094,35.65259931559414,35.5258106892263,35.58497785503297,11590600,VWO
2019-12-02,35.55963134765625,35.64415497258776,35.43284268588937,35.635703899842454,19384700,VWO
2019-12-03,35.41592788696289,35.41592788696289,35.12008885666102,35.272233906674906,9971200,VWO
2019-12-04,35.728668212890625,35.77938430315361,35.65259568968033,35.70331177994332,18321300,VWO
2019-12-05,35.914634704589844,35.94844221715304,35.77939498122904,35.796297125325964,9433100,VWO
2019-12-06,36.04986572265625,36.10057859143961,35.97379319511265,36.04986572265625,10105700,VWO
2019-12-09,35.914634704589844,36.15130341437892,35.914634704589844,36.041420131532846,5427200,VWO
2019-12-10,35.990699768066406,36.07522336845602,35.91462723796829,35.97379440311475,9171900,VWO
2019-12-11,36.47249984741211,36.53166702628843,36.202020394157664,36.202020394157664,8658400,VWO
2019-12-12,36.9711799621582,37.03879818222841,36.506290592565776,36.52319595367531,17743400,VWO
2019-12-13,36.92892074584961,37.309283369619614,36.86975358485966,37.04725829219796,16061400,VWO
2019-12-16,37.24167251586914,37.36000686128905,37.233218220128244,37.275480025725486,10399600,VWO
2019-12-17,37.52060317993164,37.56286498571769,37.427625272580876,37.503697812743404,7372500,VWO
2019-12-18,37.72346878051758,37.74037414968601,37.622036565506995,37.715014483748625,9846200,VWO
2019-12-19,37.748817443847656,37.7657228095327,37.60512667207806,37.64738847410624,8887600,VWO
2019-12-20,37.78263473510742,37.83334761659859,37.698107892006526,37.76572936648724,14516000,VWO
2019-12-23,37.85025405883789,37.85025405883789,37.75609867816177,37.79889568795931,6509500,VWO
2019-12-24,37.816017150878906,37.87593362081426,37.756100680943554,37.85025606661417,3320300,VWO
2019-12-26,38.132713317871094,38.132713317871094,37.875928018245475,37.96152202971993,5064100,VWO
2019-12-27,38.18407440185547,38.303907332530436,38.10703847996407,38.295349236854705,7894700,VWO
2019-12-30,37.970088958740234,38.3124683200542,37.93585004304802,38.30391022373251,10039700,VWO
2019-12-31,38.06423568725586,38.13271023786424,37.918721961259834,38.02999677935068,6616100,VWO
2020-01-02,38.9715461730957,38.9715461730957,38.535011499941476,38.57780850472881,13427400,VWO
2020-01-03,38.278221130371094,38.54356448398964,38.278221130371094,38.37237648753963,12501600,VWO
2020-01-06,38.209747314453125,38.218308674291755,37.995759031316446,38.004320391155076,10315100,VWO
2020-01-07,38.192626953125,38.24398531533109,38.047116491344084,38.12415240205222,11859300,VWO
2020-01-08,38.36381912231445,38.543568496420114,38.06423683213835,38.09847247587128,11113700,VWO
2020-01-09,38.56068801879883,38.654843385934875,38.44941319716513,38.63772393143722,17924500,VWO
2020-01-10,38.749000549316406,38.8859529264441,38.68908408839818,38.791797554943386,14887200,VWO
2020-01-13,39.27968978881836,39.30536733862217,38.90307157581979,38.954426675427406,8973900,VWO
2020-01-14,39.09994888305664,39.09994888305664,38.91163810314783,39.04859050711709,13281100,VWO
2020-01-15,38.851715087890625,39.02290638032445,38.78324053003848,38.98010937351657,13064600,VWO
2020-01-16,39.04859161376953,39.08283053203291,38.92875866505067,39.05715297593686,14620400,VWO
2020-01-17,39.296810150146484,39.296810150146484,39.08282185630661,39.16841586776167,13094800,VWO
2020-01-21,38.3210334777832,38.535021824253825,38.28679455869918,38.49222480800031,14543900,VWO
2020-01-22,38.552127838134766,38.714757749259604,38.46653057027809,38.67196074793222,15637600,VWO
2020-01-23,38.20119094848633,38.295346319759496,37.79033381809616,37.97008320041644,15386000,VWO
2020-01-24,37.9101676940918,38.26110837254403,37.721856946804444,38.26110837254403,19643500,VWO
2020-01-27,36.634788513183594,36.82309922198665,36.26672845426942,36.37800326085319,19866500,VWO
2020-01-28,36.94293975830078,37.01997567644367,36.62623799046993,36.788867922015,13930500,VWO
2020-01-29,37.114131927490234,37.27676186287902,37.02853464686267,37.24252295062799,9174200,VWO
2020-01-30,36.60911560058594,36.64335450928354,36.155461488549875,36.335210861409216,16587300,VWO
2020-01-31,35.958595275878906,36.14690603930515,35.75316832050718,36.10410902903625,15755300,VWO
2020-02-03,36.21538543701172,36.33521837703769,36.00139711119312,36.00139711119312,23429800,VWO
2020-02-04,37.07989501953125,37.29388333486336,37.062775562480375,37.10557257250628,15264900,VWO
2020-02-05,37.28532409667969,37.747536362082926,37.20828817491207,37.71330071423257,20121100,VWO
2020-02-06,37.26820373535156,37.550666598173514,37.24252291858419,37.53354714206273,9642900,VWO
2020-02-07,36.7631950378418,36.95150254427126,36.694717206265466,36.95150254427126,8298300,VWO
2020-02-10,36.994300842285156,36.994300842285156,36.780312527862314,36.780312527862314,8238000,VWO
2020-02-11,37.465065002441406,37.636256263709384,37.36235155176131,37.3880290981309,8439700,VWO
2020-02-12,37.94440841674805,37.978644064541754,37.67906173883145,37.78177521261749,10143100,VWO
2020-02-13,37.54210662841797,37.69617846052055,37.447951257110596,37.56778417870099,14411400,VWO
2020-02-14,37.465065002441406,37.69617271537292,37.336670740189994,37.679053262725944,8417000,VWO
2020-02-18,37.33667755126953,37.41371346963318,37.21684462608215,37.2938805444458,8623800,VWO
2020-02-19,37.64482116699219,37.6961795342233,37.584904704490384,37.627701711248484,9889700,VWO
2020-02-20,37.13125228881836,37.46507352839793,37.00285799734815,37.430834615312214,13407400,VWO
2020-02-21,36.994300842285156,37.148372689885804,36.900145461506696,37.07133676608548,8103800,VWO
2020-02-24,35.69325256347656,35.89012142679373,35.47926424267059,35.52206125379126,17789800,VWO
2020-02-25,35.4107780456543,36.20681467217664,35.393658592210585,36.18113712461201,21292800,VWO
2020-02-26,35.63333511352539,36.155467124344874,35.62477375241545,35.82164261031086,25218200,VWO
2020-02-27,34.77738571166992,35.44502828339328,34.75170489069392,35.213920485826826,35274700,VWO
2020-02-28,34.683223724365234,34.72602073091577,33.57048522803987,33.793031621224024,54845800,VWO
2020-03-02,35.350860595703125,35.350860595703125,34.48634944495291,34.66609880324724,40151000,VWO
2020-03-03,35.17967987060547,35.92436160412365,34.88009751703109,35.42790711511153,50334100,VWO
2020-03-04,35.67612838745117,35.71036729790031,35.36798472381333,35.57341492130596,25280500,VWO
2020-03-05,34.991363525390625,35.53061162564421,34.77737525110531,35.41077871447675,24944100,VWO
2020-03-06,34.3322868347168,34.46923922991187,33.94710720285482,34.349406292266515,36225700,VWO
2020-03-09,31.772985458374023,32.4834282619128,31.62747496523632,31.832901927925164,38193800,VWO
2020-03-10,33.37361145019531,33.40784709125133,32.48341947870264,33.14250373075769,43913600,VWO
2020-03-11,31.927045822143555,32.69740481797391,31.747296478183646,32.58613001519807,41684100,VWO
2020-03-12,28.717226028442383,29.521824037116318,28.100942012992313,29.110963673213647,42380000,VWO
2020-03-13,30.728717803955078,31.259407815288558,29.205119055310877,31.25084645571755,42239300,VWO
2020-03-16,27.013883590698242,28.46044501236483,26.53455023709202,27.18507489042965,44521000,VWO
2020-03-17,28.70867156982422,28.768588033564267,27.262110181609515,27.71576597258605,41307800,VWO
2020-03-18,26.371925354003906,27.304914745700458,25.712842437865483,26.31200887368238,37816500,VWO
2020-03-19,26.517427444458008,26.93684428017204,25.832665596884283,26.260642159768118,40757300,VWO
2020-03-20,26.637264251708984,27.86983731449428,26.568788061143202,27.77568194024089,49851800,VWO
2020-03-23,26.12101936340332,26.558370849101607,25.692243589461835,26.44688986756272,55124600,VWO
2020-03-24,27.767518997192383,27.844698764465317,27.373044449391866,27.578856616903117,40806400,VWO
2020-03-25,28.67652130126953,29.088145633291653,27.973329325152655,28.264896969247413,48730200,VWO
2020-03-26,29.83422088623047,29.877097811880148,28.95951786351811,28.97666928803793,38009500,VWO
2020-03-27,28.222017288208008,28.65079300104696,28.09338326583669,28.29919704737098,30660100,VWO
2020-03-30,28.63364601135254,28.63364601135254,28.06766211366478,28.256324503327228,26917400,VWO
2020-03-31,28.770851135253906,29.122447106747707,28.59934018716685,28.659368528302434,28798700,VWO
2020-04-01,27.7503662109375,28.2563217112469,27.664609100792276,28.041933842832734,27389300,VWO
2020-04-02,28.565044403076172,28.667949677056694,28.067662914787576,28.187719612981464,23383500,VWO
2020-04-03,28.016202926635742,28.62506691244864,27.870420757512278,28.5050102387472,20830000,VWO
2020-04-06,29.39686393737793,29.439744128781726,28.92521127363002,29.019542460639464,24480000,VWO
2020-04-07,29.568378448486328,30.434507386836806,29.50835009885408,30.425930039003795,25931000,VWO
2020-04-08,29.911394119262695,30.005725297841494,29.482618413940177,29.7227317621051,20939200,VWO
2020-04-09,29.859941482543945,30.425925313530104,29.782761720532232,30.27156578950668,24956000,VWO
2020-04-13,29.971420288085938,29.99714578172855,29.628398440123494,29.885663190445936,25044100,VWO
2020-04-14,30.571720123291016,30.820407635876595,30.460237483738734,30.58886827894503,21580400,VWO
2020-04-15,29.894245147705078,30.04860467597166,29.782762539223818,29.92854799205305,16109900,VWO
2020-04-16,30.06575584411621,30.31444328528958,29.95427323657688,30.271566365866537,32117900,VWO
2020-04-17,30.554561614990234,30.786100918260093,30.365899233518622,30.751798072301717,28173200,VWO
2020-04-20,30.331594467163086,30.62316209675023,30.254414704292984,30.35732323565261,22379500,VWO
2020-04-21,29.49119758605957,29.791342594443094,29.422595162425925,29.654134475876212,17501900,VWO
2020-04-22,30.25442123413086,30.34875243925382,30.220121654240643,30.323026936511173,16567900,VWO
2020-04-23,30.134357452392578,30.67461578226512,30.134357452392578,30.48595341630664,19398700,VWO
2020-04-24,30.091482162475586,30.245841693649247,29.834217367619264,30.19438742615824,15272300,VWO
2020-04-27,30.65746307373047,30.70891733627711,30.417349724444215,30.45164929484294,17169500,VWO
2020-04-28,30.734649658203125,31.129122611444462,30.691772732207287,31.094819762127884,15768600,VWO
2020-04-29,31.56647300720215,31.635075428548664,31.189148240248148,31.240602509732643,14100100,VWO
2020-04-30,31.017635345458984,31.540742269711945,30.79467340086391,31.47213985264395,26071100,VWO
2020-05-01,29.979997634887695,30.39162193459724,29.877092377785097,30.280142602444066,21870700,VWO
2020-05-04,30.357330322265625,30.35733032226563,30.01430834692364,30.10006220510914,22859900,VWO
2020-05-05,30.49452781677246,30.78609541267772,30.46879905125512,30.64888732468106,14461600,VWO
2020-05-06,30.41735076904297,30.73464388739621,30.408773422674447,30.683189623082516,12747300,VWO
2020-05-07,30.61458969116211,30.768949225321034,30.494533002660596,30.68319211117751,13151400,VWO
2020-05-08,31.300626754760742,31.360655092312523,31.009059141809637,31.026210562724295,16327000,VWO
2020-05-11,31.146270751953125,31.326355784926836,31.120545253328142,31.18057359765271,13167700,VWO
2020-05-12,31.051931381225586,31.626492445776282,31.034779962894373,31.377801786921527,14340900,VWO
2020-05-13,30.957605361938477,31.42068391996016,30.760368925292006,31.33493008534834,17270700,VWO
2020-05-14,31.051931381225586,31.103385636219226,30.254408420966232,30.374465077986166,19407500,VWO
2020-05-15,30.666032791137695,30.820392285545484,30.50309922317328,30.606004462345616,11522500,VWO
2020-05-18,31.8237361907959,31.892338608647528,31.360657602924984,31.369234949718507,13599700,VWO
2020-05-19,31.506441116333008,31.87518522326187,31.506441116333004,31.737977124709538,10852400,VWO
2020-05-20,31.90091323852539,32.14960393356826,31.746553722381474,32.01239583825134,12651500,VWO
2020-05-21,31.575040817260742,31.84945699078955,31.437832730496336,31.720826249553514,12794500,VWO
2020-05-22,30.974760055541992,31.120545515342954,30.854703365882052,31.120545515342954,12949400,VWO
2020-05-26,31.660797119140625,32.02954449450725,31.592194706046346,31.8923363970196,16462700,VWO
2020-05-27,31.695104598999023,31.798013140646756,31.352085940738597,31.77228436958504,15722400,VWO
2020-05-28,31.48929214477539,31.96951889141769,31.472140722209684,31.815159359625703,15888900,VWO
2020-05-29,32.03812026977539,32.08099718476931,31.489287906735807,31.70367575300433,19256500,VWO
2020-06-01,32.76704025268555,32.79276902077365,32.28681353236344,32.36399329402938,17416900,VWO
2020-06-02,33.53025817871094,33.59028651455449,33.09290840737947,33.15293674322302,13518600,VWO
2020-06-03,34.182010650634766,34.267764510522234,33.873291520959775,33.90759437343479,15842100,VWO
2020-06-04,33.75321960449219,34.00191026596347,33.59028276428065,33.78752244151552,9021900,VWO
2020-06-05,34.53359603881836,34.77370938934444,34.499293196943476,34.559321534575,15422000,VWO
2020-06-08,34.80801010131836,34.84231294109426,34.310628738464445,34.49929108593302,9854000,VWO
2020-06-09,34.619361877441406,34.67939023588944,34.23346295077531,34.34494558987889,8289400,VWO
2020-06-10,34.790870666503906,34.902353298530684,34.42212319013071,34.696539460273556,14451800,VWO
2020-06-11,33.01573181152344,33.88185736253198,32.990006314070484,33.70177233776277,15532800,VWO
2020-06-12,33.7703857421875,33.976196311435054,33.31588113177412,33.88186510415492,20416800,VWO
2020-06-15,33.63317108154297,33.80467876554746,32.98143010564814,33.07576129463024,12808400,VWO
2020-06-16,33.761802673339844,34.396392242152416,33.55599213896242,34.387814894962005,23321700,VWO
2020-06-17,34.070526123046875,34.23345975630176,33.976194919630935,34.027649195485054,11793300,VWO
2020-06-18,34.079097747802734,34.224879931289,33.98476656022958,33.98476656022958,10108700,VWO
2020-06-19,34.139129638671875,34.54217665751068,33.97619274454798,34.54217665751068,14298700,VWO
2020-06-22,34.50944900512695,34.58695975381275,34.2941417349251,34.371652483610895,11636800,VWO
2020-06-23,34.85394287109375,35.06925014697581,34.81949291847383,34.91422864551446,8474300,VWO
2020-06-24,34.3286018371582,34.75921650488908,34.12190535110254,34.655869904525844,11226800,VWO
2020-06-25,34.474998474121094,34.526673400819384,34.1391196639026,34.27691618310322,9676800,VWO
2020-06-26,34.06161117553711,34.3974900080316,33.94965046959615,34.38026503132311,14051900,VWO
2020-06-29,34.28553771972656,34.2941485667056,33.94104470464542,34.12190205916503,11001500,VWO
2020-06-30,34.1132926940918,34.25970009639756,33.99272111917435,34.20802844162095,17667800,VWO
2020-07-01,34.56973648071289,34.724757985720174,34.40610413001782,34.414714975705614,14205900,VWO
2020-07-02,35.38790512084961,35.60321240357921,35.267333568173584,35.35345516713406,10983200,VWO
2020-07-06,36.94672775268555,36.96394944268704,36.62807063707995,36.636684767408816,14011700,VWO
2020-07-07,36.36110305786133,36.74865362483606,36.352488924849496,36.50751046577104,10095000,VWO
2020-07-08,37.334285736083984,37.35151071489101,36.8778352963485,36.91228525396255,9999700,VWO
2020-07-09,37.36012649536133,37.73906618984915,37.05869428093174,37.70461623071509,12825400,VWO
2020-07-10,37.10174560546875,37.187867188339744,36.89504920711944,37.14480639690425,11639100,VWO
2020-07-13,36.92089080810547,37.678773340328576,36.86921916442028,37.377344467737274,13812300,VWO
2020-07-14,36.938106536865234,37.024231396992754,36.37830973001005,36.47304214815909,13107100,VWO
2020-07-15,36.972572326660156,37.15342968244875,36.83477577672662,37.10175802955423,11187400,VWO
2020-07-16,36.44721603393555,36.49027683279705,36.21468377768939,36.25774457655089,10468500,VWO
2020-07-17,36.6108512878418,36.71420115570152,36.455833056709466,36.679751199748274,8784800,VWO
2020-07-20,37.12759017944336,37.162040134847565,36.76587221835638,36.86922208456899,6068600,VWO
2020-07-21,37.403175354003906,37.69599334245134,37.39456122430752,37.67876836838644,11708700,VWO
2020-07-22,37.27400207519531,37.429023607956246,37.09314471541721,37.42041276072685,7924600,VWO
2020-07-23,37.02423858642578,37.45485311469842,36.86921709342138,37.325667442085376,10331200,VWO
2020-07-24,36.929500579833984,36.96394724311531,36.51611105250682,36.602232638702006,10235300,VWO
2020-07-27,37.44624328613281,37.47207910949216,37.032853685740704,37.16203937319446,11259000,VWO
2020-07-28,37.04145812988281,37.35150109792435,37.02423644083867,37.30844030465812,8114600,VWO
2020-07-29,37.69599533081055,37.76489194537635,37.41178817174048,37.42901314671395,10379200,VWO
2020-07-30,37.25677490234375,37.40318557925704,36.92089602957572,37.265389034395064,10312000,VWO
2020-07-31,37.04145812988281,37.35150109792435,36.78309008495751,37.34289025340228,13362600,VWO
2020-08-03,37.32567596435547,37.40318672855508,37.153429456653136,37.1964902622465,13509600,VWO
2020-08-04,37.747676849365234,37.75628769569205,37.44624466266857,37.45485879432401,10605300,VWO
2020-08-05,38.135223388671875,38.29024488905902,38.02326597142538,38.0577126384783,12702000,VWO
2020-08-06,38.1869010925293,38.19551193858626,37.833797268280335,38.00604375737633,8029700,VWO
2020-08-07,37.41178894042969,37.609871228702374,37.18787083182999,37.49791381706658,8387500,VWO
2020-08-10,37.403175354003906,37.489296939000496,37.144807313686265,37.41178619837242,6852100,VWO
2020-08-11,37.2653923034668,37.63572116626926,37.21371736261212,37.584046225414596,10318000,VWO
2020-08-12,37.72183609008789,37.782121867725095,37.49791795676804,37.601264534813474,8539800,VWO
2020-08-13,37.57542419433594,37.695995735115304,37.42040270324015,37.66154578479889,9935300,VWO
2020-08-14,37.62710189819336,37.67016598569282,37.50653033798355,37.54959114015439,9409400,VWO
2020-08-17,38.03187942504883,38.05771524844239,37.81657213589313,37.876857914030445,6255500,VWO
2020-08-18,38.169673919677734,38.264409647498034,37.91130584355858,38.169673919677734,8910600,VWO
2020-08-19,37.7304573059082,38.04911123115598,37.687393212085475,38.04911123115598,7516500,VWO
2020-08-20,37.62710189819336,37.66155185406148,37.11036570148601,37.17065148159091,8194300,VWO
2020-08-21,37.86825180053711,37.894087627159465,37.480697974557195,37.601269545900074,9016600,VWO
2020-08-24,38.247188568115234,38.41082093308685,38.10078118135041,38.384985108440986,6431200,VWO
2020-08-25,38.60028839111328,38.60890252198459,38.23857374239808,38.31608449359824,8753300,VWO
2020-08-26,38.63473892211914,38.67779972113513,38.52277821641488,38.600288968775004,9533100,VWO
2020-08-27,38.410823822021484,38.806991779916984,38.238580597656124,38.806991779916984,9293300,VWO
2020-08-28,38.875885009765625,38.90172083409322,38.531395305859405,38.634741888498404,10728400,VWO
2020-08-31,38.05772399902344,38.2471955083506,37.85964164169471,38.2471955083506,10682700,VWO
2020-09-01,38.82421112060547,38.82421112060547,38.44526819724982,38.49694312825152,14007900,VWO
2020-09-02,38.72086715698242,38.85005286150143,38.35053830837878,38.832827881876966,16252400,VWO
2020-09-03,38.04049301147461,38.4624967741651,37.70461414184786,38.453885927523096,24019500,VWO
2020-09-04,37.97159194946289,38.26440998103789,37.351505933109145,38.040488570541996,20440200,VWO
2020-09-08,37.2653923034668,37.540985417366905,37.09314578594696,37.20510651513421,12380900,VWO
2020-09-09,37.747676849365234,37.859634278257005,37.50653044294218,37.57543035487123,14665800,VWO
2020-09-10,37.17925262451172,37.833788473864786,37.153416807017805,37.77350270949382,17578000,VWO
2020-09-11,37.454856872558594,37.74767491257566,37.282610386902356,37.661550027083315,12849800,VWO
2020-09-14,38.07494354248047,38.13522932586921,37.885475345542474,37.94576112893122,9573000,VWO
2020-09-15,38.50556564331055,38.5916905544138,38.37638320464982,38.51417977708559,8892600,VWO
2020-09-16,38.36775588989258,38.69502386899537,38.36775588989258,38.608902272808045,8966300,VWO
2020-09-17,38.298858642578125,38.35053028531269,37.9715906688368,38.00604062087867,8176800,VWO
2020-09-18,37.9974250793457,38.37636796707956,37.962978413911095,38.341918016316825,8180300,VWO
2020-09-21,37.68089294433594,37.68089294433594,37.05476121641939,37.35912896340124,11789400,VWO
2020-09-22,37.35042190551758,37.52434769700813,37.08953487696103,37.5156495828864,7874800,VWO
2020-09-23,36.76778030395508,37.28955781043756,36.76778030395508,37.21998614929613,12848800,VWO
2020-09-24,36.66341781616211,36.88951902888443,36.27208560437479,36.34165724974082,13662200,VWO
2020-09-25,36.65472412109375,36.66341891834657,36.11555380537427,36.359051254116814,11081400,VWO
2020-09-28,37.01997375488281,37.211292511633054,36.863440829788885,37.1069350166641,7950600,VWO
2020-09-29,37.0025749206543,37.141714907665225,36.8808278466896,36.91561367278207,13454500,VWO
2020-09-30,37.60261917114258,37.663492708709576,37.263462339522015,37.298248165948586,13773800,VWO
2020-10-01,37.933074951171875,37.967860777947884,37.654794971681866,37.88089952836689,19828700,VWO
2020-10-02,37.515655517578125,37.837416126452666,37.3330349004352,37.39390843948284,11787700,VWO
2020-10-05,38.002647399902344,38.002647399902344,37.663493875137284,37.68958158708564,6401600,VWO
2020-10-06,38.115699768066406,38.37658684022589,37.98525457330711,38.176573307658316,10749600,VWO
2020-10-07,38.47224426269531,38.5592055098997,38.2896203357918,38.41136740882152,8247700,VWO
2020-10-08,38.75922393798828,38.79400976821634,38.49833684599654,38.61138913555806,7747200,VWO
2020-10-09,39.02880859375,39.115769850729826,38.750528590583386,38.82879504880895,8708500,VWO
2020-10-12,39.41144943237305,39.507108821640344,39.176650017996934,39.272309407264224,8960200,VWO
2020-10-13,39.23751449584961,39.34187197856282,39.063588675353365,39.27230032342068,13170600,VWO
2020-10-14,39.063594818115234,39.376660680766356,39.03750710201418,39.2896994155231,9391400,VWO
2020-10-15,38.75052261352539,38.802698032721786,38.463544538510014,38.489632248108215,8102500,VWO
2020-10-16,38.90705490112305,39.002710940615984,38.78530451771989,38.889661989208314,4824700,VWO
2020-10-19,38.78531265258789,39.20273599137486,38.71574430769636,39.02881015310686,8547500,VWO
2020-10-20,39.176639556884766,39.35926016907099,38.967931233631646,39.00271374260117,17041500,VWO
2020-10-21,39.25490951538086,39.454923058605154,39.16794825914744,39.22882180198269,12939500,VWO
2020-10-22,39.263607025146484,39.3679611944871,39.08098308210136,39.32448056704178,10713600,VWO
2020-10-23,39.446231842041016,39.446231842041016,39.07229243503313,39.27230599642067,7445600,VWO
2020-10-26,38.93315124511719,39.194038346981685,38.620085395936,38.96793707666165,9128300,VWO
2020-10-27,39.07228088378906,39.20272605877969,38.91574800074375,39.05488797263307,14578400,VWO
2020-10-28,38.09830856323242,38.51572856088343,38.09830856323242,38.46354981716733,12620700,VWO
2020-10-29,38.49833297729492,38.637472966865616,38.167874258054894,38.28962133425937,11452300,VWO
2020-10-30,38.09830856323242,38.31571501934394,37.906989820299316,38.272231074234234,14105600,VWO
2020-11-02,38.58530044555664,38.58530044555664,38.263539789821095,38.48964106530456,13291200,VWO
2020-11-03,38.68965530395508,38.76792176269999,38.42007009775386,38.567904899072396,10498200,VWO
2020-11-04,39.93321990966797,40.03757740662155,39.17664630223203,39.27230568242637,16731400,VWO
2020-11-05,40.61152267456055,40.71587683437951,40.220190428540796,40.550649138219576,14643200,VWO
2020-11-06,40.75935745239258,40.91589035077949,40.42890206011703,40.550649132782645,10405400,VWO
2020-11-09,41.063724517822266,42.115970764902364,41.020240581156614,42.10727265062579,15498100,VWO
2020-11-10,40.60282897949219,40.96807355465762,40.41151355189057,40.85502126742079,13534000,VWO
2020-11-11,40.77674865722656,40.820229278877434,40.36802351551901,40.446289961434104,8907700,VWO
2020-11-12,40.472381591796875,41.01154860649658,40.376722232323296,40.87240862472379,9333100,VWO
2020-11-13,40.9854621887207,41.020244697241345,40.689789303462106,40.898497624021736,7870500,VWO
2020-11-16,41.4637565612793,41.60289655038323,41.31591845684193,41.428970734663565,10332300,VWO
2020-11-17,41.40287780761719,41.54201777919283,41.15938368669945,41.272432632920626,9620200,VWO
2020-11-18,41.26375198364258,41.62899329024503,41.26375198364258,41.602905573304774,8092000,VWO
2020-11-19,41.36809539794922,41.428968933200274,41.08112063424551,41.14199416949656,6457800,VWO
2020-11-20,41.65507125854492,41.768120208065625,41.48984025679226,41.53332087717397,6578200,VWO
2020-11-23,41.6463737487793,42.055098884491365,41.56810730401228,42.02901117535527,10310200,VWO
2020-11-24,42.20294189453125,42.20294189453125,41.75943416588164,41.976840630728574,8058800,VWO
2020-11-25,42.011627197265625,42.020321996373696,41.71595426719957,41.785522612142465,7539900,VWO
2020-11-27,42.402950286865234,42.489914852642606,42.25511550108217,42.29859612529137,4810600,VWO
2020-11-30,41.35940170288086,41.88117582390151,41.33331067467856,41.855088113058166,12958600,VWO
2020-12-01,42.2203254699707,42.37685835542159,41.89856490203661,42.11597131878966,14525400,VWO
2020-12-02,42.20294189453125,42.298601269841406,41.91596708596018,42.089892921309605,11283000,VWO
2020-12-03,42.620361328125,42.81168007613802,42.49861424024739,42.54209486915234,9625700,VWO
2020-12-04,42.9073371887207,42.92473010283786,42.75080427902543,42.82907073387307,13482300,VWO
2020-12-07,42.9073371887207,43.011691356064496,42.76819719314259,42.84646364799023,11203600,VWO
2020-12-08,43.029083251953125,43.029083251953125,42.82037492220435,43.0029955400743,7361100,VWO
2020-12-09,42.52470397949219,43.03778334664471,42.350778151797236,43.03778334664471,10921800,VWO
2020-12-10,43.09865188598633,43.14213250852317,42.463825508343646,42.472520305907466,8627300,VWO
2020-12-11,42.811676025390625,42.95951413051057,42.7160166604352,42.811676025390625,6862100,VWO
2020-12-14,42.655147552490234,42.95951859235717,42.629059838377984,42.93342756088554,7073600,VWO
2020-12-15,43.05516815185547,43.0725610644251,42.71601465014486,42.84645983573765,9327100,VWO
2020-12-16,43.28996658325195,43.33345052243912,43.08125827153227,43.1508266029859,11855500,VWO
2020-12-17,43.6378173828125,43.65521029469285,43.4725896959873,43.58563864717146,8853900,VWO
2020-12-18,43.50737380981445,43.61173128495214,43.44650027466357,43.54215963486035,10548800,VWO
2020-12-21,42.922080993652344,43.11455441832937,42.607120232895284,42.633365850478825,9401200,VWO
2020-12-22,42.607120513916016,42.86083927702582,42.572124131948044,42.85208851281449,8976600,VWO
2020-12-23,43.044559478759766,43.14079784749053,42.974566724250764,43.07955585601427,9989700,VWO
2020-12-24,42.79958724975586,42.95706760655693,42.58086490280304,42.93082199290281,5756600,VWO
2020-12-28,42.887081146240234,43.02706332443832,42.790842772959344,42.965821330066554,9984800,VWO
2020-12-29,43.35076904296875,43.41201103388958,43.114548504800624,43.14079745622254,11728500,VWO
2020-12-30,43.954437255859375,44.05942303106009,43.7707079774611,43.84944814322104,7124900,VWO
2020-12-31,43.84071731567383,44.173176290009835,43.63074234834612,44.173176290009835,8787500,VWO
2021-01-04,44.04193115234375,44.69809818182596,43.928194599417495,44.53187040250152,24105400,VWO
2021-01-05,45.065555572509766,45.065555572509766,44.40938846358457,44.40938846358457,15242700,VWO
2021-01-06,44.63685989379883,45.23178498351926,44.58436532560995,44.759343882134495,20028000,VWO
2021-01-07,44.9868049621582,45.03055209590081,44.680595050586334,44.864320997529454,12432000,VWO
2021-01-08,45.89670181274414,45.922950766884234,45.35427126380123,45.63423563341296,16257000,VWO
2021-01-11,45.36301803588867,45.546747362465,45.29302861321457,45.328024993270866,11278200,VWO
2021-01-12,45.8617057800293,45.984193112922185,45.63423597953394,45.78296892932744,14721300,VWO
2021-01-13,46.01043701171875,46.246657567319176,45.77421645611833,46.04543339123847,15715800,VWO
2021-01-14,46.46538162231445,46.789089801043474,46.41288705112654,46.52662361998106,9727400,VWO
2021-01-15,45.931697845458984,46.22916040309855,45.84421023215733,46.11542383585558,9889700,VWO
2021-01-19,46.762847900390625,47.00781591052456,46.70160589785714,46.972819526951476,10475200,VWO
2021-01-20,47.57648849487305,47.64647791433029,47.37526432495576,47.6114815358825,8069100,VWO
2021-01-21,47.585243225097656,47.707727231027874,47.35777340514709,47.69897980379237,13484300,VWO
2021-01-22,47.24403381347656,47.34027219412383,46.9728168623287,47.06030781629832,7062500,VWO
2021-01-25,47.48025894165039,47.73397772636406,47.042814142118814,47.67273572142476,8700600,VWO
2021-01-26,47.18278503417969,47.26152521271794,46.929066310285506,47.1740342713209,8155500,VWO
2021-01-27,45.98418426513672,46.491618339732206,45.957935315848076,46.272896007808406,10388300,VWO
2021-01-28,46.202911376953125,46.37788659064377,45.74796847899325,45.80045970812513,13367000,VWO
2021-01-29,45.21428298950195,45.66047510052762,45.05680263562511,45.581734923589195,22707500,VWO
2021-02-01,46.36039733886719,46.421639338543685,45.89670362175256,46.150422384663,14517800,VWO
2021-02-02,47.08655548095703,47.12155186406642,46.867833092681515,47.11280109956968,8347500,VWO
2021-02-03,47.26152420043945,47.4102537914716,47.077798233598074,47.322766189386584,8442500,VWO
2021-02-04,47.33152389526367,47.34027465983574,47.01656645688444,47.296530849291855,7187100,VWO
2021-02-05,47.68149185180664,47.69899004747437,47.32278718421724,47.515263999122624,6459000,VWO
2021-02-08,47.92644119262695,47.99643394795345,47.681473223860756,47.742715216052304,6861100,VWO
2021-02-09,48.46012878417969,48.49512516510224,47.98768765404094,48.005185844502215,7816900,VWO
2021-02-10,48.56511306762695,48.906322764771524,48.2851487038969,48.87132638494565,9137500,VWO
2021-02-11,49.07255172729492,49.265028483466295,48.89757316145172,48.96756592276442,7932200,VWO
2021-02-12,49.160037994384766,49.28252532332552,48.845080589423915,48.941315627433966,7561200,VWO
2021-02-16,49.30002212524414,49.57123907246592,49.16879070234735,49.44000431213054,7423300,VWO
2021-02-17,49.42251205444336,49.43125948145374,49.08130232714051,49.343771861594824,6377000,VWO
2021-02-18,48.783836364746094,48.783836364746094,48.293900387604126,48.67010313430301,5971700,VWO
2021-02-19,49.046295166015625,49.26501749015288,48.888814825641774,49.09003896335551,7144800,VWO
2021-02-22,47.65522003173828,48.10141209496233,47.63772184568902,47.86519158945392,10568800,VWO
2021-02-23,47.92644119262695,48.07517412897662,46.87657656223568,47.48024905845449,8986900,VWO
2021-02-24,47.62023162841797,47.637729817395375,46.86782618958081,47.12154492359581,10751500,VWO
2021-02-25,46.587867736816406,47.698977846712936,46.49162935398021,47.58524127268482,13034500,VWO
2021-02-26,45.922950744628906,46.351644725259746,45.695477608530524,46.351644725259746,17343800,VWO
2021-03-01,47.18278503417969,47.27902340099735,46.77158595320899,46.89406993372669,9398300,VWO
2021-03-02,46.73659896850586,46.97281955158984,46.62286572799192,46.92032831364151,11948000,VWO
2021-03-03,46.70159912109375,47.20903325951555,46.500374950905936,47.10404746146938,16340400,VWO
2021-03-04,45.695472717285156,46.70159685688314,45.42425580325694,46.52661831033069,21671700,VWO
2021-03-05,46.01918411254883,46.29914847185048,45.23178560355234,46.22915905074428,14267100,VWO
2021-03-08,44.820587158203125,45.41551226493884,44.72434878249022,45.328024652893546,15723000,VWO
2021-03-09,45.79171371459961,46.019183501974766,45.42425841199251,45.48550374362567,14264200,VWO
2021-03-10,45.71297073364258,46.115419052991875,45.45050458352078,46.08917343921115,13436600,VWO
2021-03-11,47.08655548095703,47.104053672511725,46.48288289079458,46.6666088959607,9102700,VWO
2021-03-12,46.255401611328125,46.255401611328125,45.896697091075275,46.11541944092306,9332500,VWO
2021-03-15,46.22916030883789,46.237907735174815,45.85295756501851,45.97544155836649,13127000,VWO
2021-03-16,46.43037796020508,46.587858311633816,46.24665199601757,46.36913597214257,12282800,VWO
2021-03-17,46.46538162231445,46.657858379231556,45.791716310543165,45.86170573468848,9336200,VWO
2021-03-18,45.74797439575195,46.22041554367115,45.70423058667174,46.132924588072015,11070900,VWO
2021-03-19,46.202911376953125,46.22915699151906,45.642979345852936,45.721719526989034,8992100,VWO
2021-03-22,46.104801177978516,46.262484592640895,45.877034760469975,46.09603913175199,10854500,VWO
2021-03-23,45.35142135620117,45.780668012313924,45.307621154397594,45.63174665783351,10632700,VWO
2021-03-24,44.291446685791016,45.07110173813095,44.256405183232864,45.018539484293726,12406600,VWO
2021-03-25,44.36152648925781,44.50168915819142,44.08120115139059,44.12500135885579,15605700,VWO
2021-03-26,45.465309143066406,45.482826552162905,44.53672939910011,44.79077527363922,15609700,VWO
2021-03-29,45.21126174926758,45.38646591001884,45.00101608801778,45.16746154451511,13062000,VWO
2021-03-30,45.395225524902344,45.43902573053344,45.044817196370616,45.193741905606124,27514100,VWO
2021-03-31,45.596710205078125,45.67555191374507,45.307626167793714,45.31638487242713,10759700,VWO
2021-04-01,46.00843811035156,46.29752213890806,45.92959640406498,46.25372193358028,10280700,VWO
2021-04-05,46.104801177978516,46.29752275232247,45.99967667370927,46.280005343352435,9804500,VWO
2021-04-06,46.32380676269531,46.53404909325803,45.990919173939155,46.10480238567656,9533200,VWO
2021-04-07,45.64927673339844,45.8244809181495,45.526634806595254,45.675556191501435,9164400,VWO
2021-04-08,46.1223258972168,46.31504748814319,46.06976364055953,46.13984330769409,7447000,VWO
2021-04-09,45.728118896484375,45.754398354844284,45.58795621566168,45.728118896484375,7633400,VWO
2021-04-12,45.43026351928711,45.465305017783685,45.263818072298996,45.43026351928711,7718000,VWO
2021-04-13,45.439029693603516,45.60547516795668,45.20250455247674,45.27258756099213,6725000,VWO
2021-04-14,45.6843147277832,45.929598562539105,45.62299376909423,45.81571534994174,8492500,VWO
2021-04-15,46.0872802734375,46.131080479199404,45.929596859301434,46.09603897789328,6200800,VWO
2021-04-16,46.2362060546875,46.34133056864015,46.03472241555763,46.24496810172113,6678900,VWO
2021-04-19,46.13984298706055,46.29752641419479,46.017201064120975,46.236205452725,8932100,VWO
2021-04-20,45.7894287109375,46.166116450503104,45.65802476765049,46.1223162499878,7101600,VWO
2021-04-21,46.14860534667969,46.17488480413287,45.58795464273313,45.719355271740845,6235100,VWO
2021-04-22,46.069759368896484,46.31504319373703,45.8945552046926,46.218680736337824,7556200,VWO
2021-04-23,46.70048522949219,46.744285427797976,46.47271885151661,46.49023959918711,12992200,VWO
2021-04-26,46.761810302734375,46.80561050490603,46.54280595013487,46.665447852911996,6543700,VWO
2021-04-27,46.83189392089844,46.945777129574815,46.76181425984171,46.84065596711897,6886100,VWO
2021-04-28,47.20858383178711,47.445108964266616,46.96329999443428,47.1472628724489,7698100,VWO
2021-04-29,47.103458404541016,47.462625423213716,46.735529340045794,47.462625423213716,8465400,VWO
2021-04-30,46.411407470703125,46.70049485423447,46.288765553474654,46.63917389562024,8573300,VWO
2021-05-03,46.393882751464844,46.58660765733578,46.20116118733523,46.35884125189898,7350400,VWO
2021-05-04,45.8244743347168,46.01719590268768,45.474066015556545,45.95587494809585,9975300,VWO
2021-05-05,45.99967956542969,46.157362990004664,45.96464140354547,46.03472106905562,4339000,VWO
2021-05-06,46.455204010009766,46.455204010009766,46.104799037273196,46.244961694716096,6971900,VWO
2021-05-07,46.8669319152832,47.050894771250526,46.630406811150394,46.67420701375101,9221800,VWO
2021-05-10,45.99091720581055,46.61288880790927,45.964637751050205,46.54280914796788,10549000,VWO
2021-05-11,45.8682746887207,45.912074893323194,45.13241988947818,45.15869934389139,11065600,VWO
2021-05-12,44.69440841674805,45.36018017437019,44.62432542029245,45.167458617599706,10822600,VWO
2021-05-13,44.64185333251953,45.07110340033337,44.405328194141504,44.82581621512186,9134100,VWO
2021-05-14,45.37770080566406,45.43902175653289,44.983492305977876,45.08861680038832,6270500,VWO
2021-05-17,45.40399169921875,45.412750404444715,45.044821291860025,45.149945805022384,7666700,VWO
2021-05-18,46.06100082397461,46.28000519455249,45.982159116896916,46.07851823288833,7707900,VWO
2021-05-19,45.938350677490234,46.043475170226955,45.42150028429532,45.5003419829773,10025800,VWO
2021-05-20,46.104801177978516,46.1836428853097,45.912076261893056,45.9295970126046,7164800,VWO
2021-05-21,45.614227294921875,46.113556962487294,45.544147638254756,46.087277508954784,6526300,VWO
2021-05-24,46.04347229003906,46.14859343445894,45.798185164071455,45.92082705618479,5340500,VWO
2021-05-25,46.52528762817383,46.72677124206797,46.42892517332416,46.66545028748025,7610500,VWO
2021-05-26,46.8669319152832,46.91073211788382,46.67420701375101,46.68296905931588,5032200,VWO
2021-05-27,46.95453643798828,47.03337814627961,46.831894523255436,46.919498277879995,7659800,VWO
2021-05-28,47.19982147216797,47.287421881084775,46.972055062198045,46.998337858266204,7318100,VWO
2021-06-01,48.18971252441406,48.32111646244142,48.02327043242157,48.26855421888229,10035300,VWO
2021-06-02,48.30359649658203,48.31235854152088,48.005750461740305,48.11087160881944,8016400,VWO
2021-06-03,47.76047134399414,47.95319625061214,47.65535018663039,47.83931304745229,8433000,VWO
2021-06-04,48.18971252441406,48.18971252441406,48.02327043242157,48.084591379036745,7317400,VWO
2021-06-07,47.99699020385742,48.01451095142659,47.75170307962993,47.96194870871908,24666100,VWO
2021-06-08,47.79551696777344,47.856837926671865,47.655354298613936,47.80427567258394,7113900,VWO
2021-06-09,47.76047134399414,47.92691345496519,47.71667114023769,47.79551284369584,8168100,VWO
2021-06-10,48.093360900878906,48.1722026076046,47.90063598627354,47.9531982380045,6263600,VWO
2021-06-11,47.883113861083984,48.084597474322976,47.786751406547644,48.049555974174964,7187200,VWO
2021-06-14,48.07584762573242,48.18096880379841,47.91816418776245,48.014526660048766,6120900,VWO
2021-06-15,47.751705169677734,47.95319210467165,47.64658402140256,47.944430059633106,6168100,VWO
2021-06-16,47.103458404541016,47.70790923838296,46.910733497341546,47.61154678478323,7464200,VWO
2021-06-17,47.37501907348633,47.5502198670664,47.234853091836776,47.331215533350374,6889700,VWO
2021-06-18,47.00708770751953,47.26989222650565,46.954525467026,47.17352978980456,6643100,VWO
2021-06-21,47.236061096191406,47.236061096191406,46.7693374756724,47.01590793794348,8283400,VWO
2021-06-22,47.033512115478516,47.059929414739706,46.681265782069346,46.82216364357901,6060600,VWO
2021-06-23,47.30650329589844,47.59710366622076,47.27127799062603,47.34172524190083,9520000,VWO
2021-06-24,47.65875244140625,47.71159040615603,47.491437258604286,47.60591783592692,7323200,VWO
2021-06-25,48.04621887207031,48.125474130884776,47.87009570145261,48.08144081877779,4814100,VWO
2021-06-28,48.16069412231445,48.21353207913561,48.019796263394625,48.07263422021578,7693600,VWO
2021-06-29,48.12547302246094,48.12547302246094,47.69397143234941,47.82606464708783,6154100,VWO
2021-06-30,47.8260612487793,47.93173379749942,47.72038534078942,47.76441864875341,8876600,VWO
2021-07-01,47.57068634033203,47.91412466837115,47.32411592210292,47.826064764509326,13517900,VWO
2021-07-02,47.51785659790039,47.51785659790039,47.218448170026925,47.42098867134271,9074600,VWO
2021-07-06,46.66366195678711,46.98948766984533,46.505151424105726,46.96307036748857,8443800,VWO
2021-07-07,46.70768737792969,46.989483106604105,46.513951554739755,46.93664514775138,8505200,VWO
2021-07-08,45.818275451660156,45.97678599860271,45.650960256229986,45.809470803172545,9691400,VWO
2021-07-09,46.65485382080078,46.663661827742274,46.2585774901932,46.38186271321103,5764300,VWO
2021-07-12,46.68126678466797,46.69007479079087,46.39066640874351,46.51395162030359,5978100,VWO
2021-07-13,46.70768737792969,46.96306580681277,46.69007472497878,46.70768737792969,8827900,VWO
2021-07-14,46.9366455078125,47.174411285568624,46.830972948566476,47.174411285568624,5652100,VWO
2021-07-15,46.980674743652344,47.21844051777857,46.866197539246045,47.068738007738006,9812900,VWO
2021-07-16,46.66366195678711,47.095160238542796,46.56679403578511,47.08635559084733,7143600,VWO
2021-07-19,45.97678756713867,46.05604284331381,45.74782974667206,46.05604284331381,11160800,VWO
2021-07-20,46.012001037597656,46.144094250313096,45.5716948075728,45.72139731333168,6426700,VWO
2021-07-21,46.40827941894531,46.40827941894531,45.81826729716184,45.91513520963898,7511500,VWO
2021-07-22,46.47873306274414,46.54037567747426,46.285000570422575,46.50515372567887,5295300,VWO
2021-07-23,45.75661849975586,45.96796694922471,45.536465404557724,45.96796694922471,7681900,VWO
2021-07-26,44.88481903076172,45.11377679671875,44.72630851614915,44.74392116880277,13939000,VWO
2021-07-27,43.9161376953125,44.03061824334067,43.387771620100246,43.95136299613187,20521700,VWO
2021-07-28,45.157806396484375,45.21944900065622,44.40928714052908,44.47092974470093,14409300,VWO
2021-07-29,45.316322326660156,45.501250161280694,45.14019913971519,45.501250161280694,9256000,VWO
2021-07-30,45.00810623168945,45.23706400777794,44.82317840954835,44.867208363495735,10373900,VWO
2021-08-02,45.36915588378906,45.60692165917986,45.316317925056644,45.404381189610675,17030800,VWO
2021-08-03,45.483642578125,45.501251874139044,45.02572361853826,45.25468141869637,9155700,VWO
2021-08-04,45.598114013671875,45.879909743933055,45.49244145464146,45.71259457886238,7944600,VWO
2021-08-05,45.457210540771484,45.66855899202969,45.457210540771484,45.51004849340345,8354500,VWO
2021-08-06,45.14899826049805,45.36915136103143,45.03451770762516,45.35153870987639,9084400,VWO
2021-08-09,45.30751037597656,45.44840823096747,45.24586777437241,45.34273567954175,6354300,VWO
2021-08-10,45.474830627441406,45.59811584447191,45.36035005765442,45.57169854347115,6007900,VWO
2021-08-11,45.642154693603516,45.81827453399389,45.43080618215618,45.765439925585035,7275100,VWO
2021-08-12,45.34273910522461,45.377961052181,45.17542058028383,45.36034839906776,7988900,VWO
2021-08-13,45.25467300415039,45.26348100979018,44.99048994254475,45.19303040175141,6751900,VWO
2021-08-16,44.893619537353516,44.92884483941227,44.70869174044961,44.92884483941227,9926500,VWO
2021-08-17,44.083465576171875,44.312423361684175,43.8809250922613,44.1098828777736,9863000,VWO
2021-08-18,44.13631057739258,44.58542496604995,44.13631057739258,44.400493733459285,9206600,VWO
2021-08-19,43.458229064941406,43.599126942027205,43.299718533311086,43.361364503852094,16111900,VWO
2021-08-20,43.458229064941406,43.54629233766401,43.06195609513597,43.06195609513597,11097600,VWO
2021-08-23,44.083465576171875,44.14510818608943,43.757636513155894,43.863312438103385,7661300,VWO
2021-08-24,45.06975173950195,45.10497704863482,44.71750536671401,44.73511802128044,13128400,VWO
2021-08-25,45.1137809753418,45.16661893819672,44.911240489970055,45.03452571069457,7730800,VWO
2021-08-26,44.743919372558594,44.972877129324125,44.71749871500382,44.89362187519954,10140100,VWO
2021-08-27,45.30751037597656,45.325123027759155,44.93765140708177,45.06093661029009,5895500,VWO
2021-08-30,45.439598083496094,45.54527398921028,45.228252990607096,45.439598083496094,13626500,VWO
2021-08-31,45.994384765625,46.10005731191918,45.94154681284307,46.056027364235746,14079700,VWO
2021-09-01,46.54917907714844,46.71649424924393,46.22335338021713,46.24096267473646,22058700,VWO
2021-09-02,46.364253997802734,46.6372417495367,46.30261138552278,46.557986482423836,8506000,VWO
2021-09-03,46.57559585571289,46.62843381648884,46.40828068549434,46.452310639839204,6490300,VWO
2021-09-07,46.96307373046875,47.06874630673332,46.78695053051405,46.79575517884,8152100,VWO
2021-09-08,46.26737976074219,46.707685993655375,46.17931649859757,46.707685993655375,9100300,VWO
2021-09-09,46.32902526855469,46.42589318335055,46.10887213829869,46.16170673962722,9331500,VWO
2021-09-10,46.25857162475586,46.725298514634396,46.24095897237649,46.69007320987564,9145300,VWO
2021-09-13,46.40827941894531,46.531564631454366,46.1705136408478,46.33782880650008,12018100,VWO
2021-09-14,45.97678756713867,46.29380867183922,45.87111498532876,46.17932808197051,13299400,VWO
2021-09-15,45.959163665771484,45.967971671675286,45.63333799200053,45.809461158106714,11561100,VWO
2021-09-16,45.483642578125,45.53647718470814,45.20184681211324,45.35154934312614,10831000,VWO
2021-09-17,45.30751037597656,45.52766348435422,45.16661252098565,45.457212877223846,11198000,VWO
2021-09-20,44.07476806640625,44.456945192052366,43.692590940760134,44.181421122965304,21047400,VWO
2021-09-21,44.43029022216797,44.54582964012188,44.23475676033811,44.43029022216797,12919900,VWO
2021-09-22,45.0702018737793,45.38127807370292,44.90133426155059,44.90133426155059,12007600,VWO
2021-09-23,45.28351974487305,45.363510395034524,45.105762367798654,45.19463936111587,12078800,VWO
2021-09-24,44.78579330444336,44.92799850749429,44.741354814197344,44.848007868875676,8825500,VWO
2021-09-27,45.02577590942383,45.13242898942161,44.643598699788136,44.794693671021925,9239500,VWO
2021-09-28,44.50138473510742,44.9102242869485,44.35917952618706,44.90133794470831,13751000,VWO
2021-09-29,44.145870208740234,44.52804734507597,44.10143171646763,44.40361821053683,13801500,VWO
2021-09-30,44.448062896728516,44.78580158785615,44.37696197727223,44.64359635850348,22117300,VWO
2021-10-01,44.4747200012207,44.6347012767275,44.092542886447745,44.52804483276334,19161600,VWO
2021-10-04,43.8614616394043,44.288080676443755,43.59482728408447,44.199200297710625,12834400,VWO
2021-10-05,44.279197692871094,44.4214029300808,44.04811545382043,44.08366422029263,8676000,VWO
2021-10-06,44.11031723022461,44.14586598637882,43.621487081101186,43.69258798384893,11198200,VWO
2021-10-07,44.97244644165039,45.159093564581454,44.688035975824256,44.75025055332121,9236800,VWO
2021-10-08,45.14131546020508,45.2213061120303,44.9991102336758,45.087987228841584,7621400,VWO
2021-10-11,45.01688766479492,45.4879418561338,45.00799793074694,45.363512702983165,8801500,VWO
2021-10-12,44.89244842529297,45.21241099449368,44.88356208301056,45.132420352193506,8007500,VWO
2021-10-13,45.47904968261719,45.53237791272417,45.15020073972403,45.274629886200366,9178000,VWO
2021-10-14,45.55015182495117,45.683470698663534,45.372394456814625,45.64791854694826,6776300,VWO
2021-10-15,46.03898620605469,46.11897685942466,45.683474828085984,45.77235182496813,7626600,VWO
2021-10-18,45.976776123046875,46.11009502183826,45.772356297889736,45.79901872147184,7677900,VWO
2021-10-19,46.50115203857422,46.5722563453582,46.198965515622234,46.278956165534225,6456300,VWO
2021-10-20,46.510032653808594,46.590019897599056,46.385600141331736,46.57224721482737,7013600,VWO
2021-10-21,46.13674545288086,46.216736093275266,46.030092395834835,46.13674545288086,11157300,VWO
2021-10-22,46.02120590209961,46.34116848619482,45.82567584882793,46.16341111831528,7901900,VWO
2021-10-25,46.19007873535156,46.27006938450653,45.94121705440283,46.18118900186772,5926000,VWO
2021-10-26,45.87899398803711,46.33227537947764,45.82566915876596,46.27006081836844,9875200,VWO
2021-10-27,45.63903045654297,45.958993052617615,45.603481693987945,45.71902110556163,9150100,VWO
2021-10-28,45.59458923339844,45.63014138426692,45.26574031396425,45.41683186949573,8851200,VWO
2021-10-29,45.02577590942383,45.23019572543637,44.83913217181764,45.15909480225127,11536200,VWO
2021-11-01,45.461273193359375,45.461273193359375,45.02576782668381,45.0613199771144,12786000,VWO
2021-11-02,44.9813346862793,45.070211682491745,44.91023037695727,45.03465952783073,8543400,VWO
2021-11-03,45.310176849365234,45.39016749014287,44.89244757081095,45.03465277770013,9914200,VWO
2021-11-04,45.2124137878418,45.416833577363064,45.079098302731325,45.39017115842894,8669400,VWO
2021-11-05,45.23019027709961,45.40794764931048,45.061322638241215,45.40794764931048,10389300,VWO
2021-11-08,45.70123291015625,45.75456112550726,45.51458924208625,45.56791745743726,7855200,VWO
2021-11-09,45.59458923339844,45.91455181033536,45.505712246666945,45.76346025480388,8560100,VWO
2021-11-10,45.47016906738281,45.914560869601345,45.34573990523209,45.710141047433666,11786500,VWO
2021-11-11,46.25229263305664,46.35005935731274,46.04787284163021,46.07453526081282,7881700,VWO
2021-11-12,46.28784942626953,46.36783669183665,46.14564080186518,46.198969036016805,6535100,VWO
2021-11-15,46.1989631652832,46.403382951227485,46.145634937908255,46.394496608551556,8483900,VWO
2021-11-16,46.181190490722656,46.287846953327765,46.03009892102546,46.21674264492436,7932600,VWO
2021-11-17,46.0123291015625,46.31451567249403,45.914562359431635,46.31451567249403,10025700,VWO
2021-11-18,45.461273193359375,45.61236474702988,45.27462609881861,45.58570232942677,8646900,VWO
2021-11-19,45.38128662109375,45.67458341235749,45.38128662109375,45.559040608313,9875000,VWO
2021-11-22,44.91023254394531,45.31907556139408,44.91023254394531,45.18575667020249,10581300,VWO
2021-11-23,44.95466995239258,45.15908974551499,44.74136042584229,44.99910844821225,14304900,VWO
2021-11-24,44.901336669921875,44.927999086325094,44.599150185740484,44.670251092962246,10756400,VWO
2021-11-26,43.58594512939453,43.83480343287933,43.35485951292428,43.82591708937206,13251100,VWO
2021-11-29,43.64816665649414,43.923687424819164,43.514847749572546,43.923687424819164,19083200,VWO
2021-11-30,43.71925735473633,43.99478144901578,43.30153143233568,43.76369924026903,20824800,VWO
2021-12-01,43.692596435546875,44.56360385293617,43.67482035881159,44.2791934060515,18932600,VWO
2021-12-02,44.20808792114258,44.47472226373831,43.95033992077621,44.19919818847361,22318400,VWO
2021-12-03,43.59482192993164,44.27029916358471,43.43484065830009,44.14586664864067,21125000,VWO
2021-12-06,43.87923812866211,43.914790280490394,43.35485575573418,43.550389200349954,13722700,VWO
2021-12-07,44.5191535949707,44.55470573904889,44.35028599625792,44.36805867785794,14655400,VWO
2021-12-08,44.78579330444336,44.86578394306198,44.49249655646809,44.59025987883353,11548300,VWO
2021-12-09,44.563602447509766,44.79468804734067,44.49250153325093,44.670255514117954,17677100,VWO
2021-12-10,44.643592834472656,44.67914498661447,44.456949121387886,44.59026460625993,13189500,VWO
2021-12-13,43.959232330322266,44.35029925118192,43.8703553340033,44.30585736258236,17059600,VWO
2021-12-14,43.8614616394043,43.95034201813743,43.66593158707097,43.6748179297244,16849400,VWO
2021-12-15,43.70148849487305,43.73704065299386,43.12378118239162,43.63038756907182,20915100,VWO
2021-12-16,43.81702423095703,44.243639888127404,43.72814724046149,44.03922009763576,20637200,VWO
2021-12-17,43.51483154296875,43.6748128155152,43.3015254398664,43.43484090669553,14400100,VWO
2021-12-20,42.91168212890625,42.94758137231972,42.624467638397675,42.91168212890625,23244400,VWO
2021-12-21,43.63869857788086,43.65664991409934,43.22582811645765,43.27968212511309,19453500,VWO
2021-12-22,43.88103485107422,43.8989861866259,43.45021306943534,43.513041031932644,14604100,VWO
2021-12-23,44.141326904296875,44.24903150062919,43.86308632124874,43.988742254281,18927300,VWO
2021-12-27,44.28493118286133,44.37468443643142,44.132346543151584,44.159275258316335,15682600,VWO
2021-12-28,44.13235092163086,44.31186087044782,44.13235092163086,44.2849355764789,18368000,VWO
2021-12-29,43.94386291503906,44.08747017591695,43.755379027111935,44.051570928597855,13618500,VWO
2021-12-30,44.50931930541992,44.64395261437538,43.96181553733974,43.96181553733974,15833800,VWO
2021-12-31,44.392635345458984,44.77858049506367,44.37468401014398,44.47341464244292,14828700,VWO
2022-01-03,44.7067756652832,44.75165228871369,44.32980449595995,44.58111632626419,13977200,VWO
2022-01-04,44.52727127075195,44.76960917597588,44.446491969010644,44.733706503231446,9323100,VWO
2022-01-05,43.86308670043945,44.66190235922224,43.85411274394559,44.37468781727489,18329200,VWO
2022-01-06,44.11439895629883,44.30288284450393,43.84513234587191,44.01566832232458,14844700,VWO
2022-01-07,44.338783264160156,44.43751046925372,44.024640042570425,44.213123921204065,10705600,VWO
2022-01-10,44.42853546142578,44.59906800131189,44.1592722949178,44.47341208519929,18169200,VWO
2022-01-11,45.29019546508789,45.29917284743362,44.55420761067413,44.66191223174566,16480000,VWO
2022-01-12,45.981300354003906,46.008225649600796,45.63125781577358,45.78383905597954,15080100,VWO
2022-01-13,45.40686798095703,45.864615092768084,45.3889166438846,45.837689799093155,12451500,VWO
2022-01-14,45.496620178222656,45.550474188180246,45.254282269214556,45.32608761582468,13133500,VWO
2022-01-18,44.823463439941406,45.0837527028998,44.7696128502725,44.84141477778691,19183200,VWO
2022-01-19,45.00296401977539,45.218376605180346,44.94911344132432,45.137597313636846,14639500,VWO
2022-01-20,45.281211853027344,45.954371582981565,45.218383885474346,45.72998500633016,16328800,VWO
2022-01-21,44.57215118408203,45.20940826484951,44.54522588947336,45.19145692715453,21514300,VWO
2022-01-24,43.979766845703125,43.9887408018231,43.0642692474387,43.9169388812615,36464800,VWO
2022-01-25,43.970794677734375,44.20415520888368,43.52202152840561,43.77333339639215,26653700,VWO
2022-01-26,43.51304626464844,44.32981329920191,43.41431561917479,44.231082653728265,20414900,VWO
2022-01-27,43.12709426879883,43.638695329406346,43.10016897840908,43.58484474862684,22849100,VWO
2022-01-28,43.198909759521484,43.22583505623834,42.66935723959368,43.1091530640189,27922500,VWO
2022-01-31,44.581119537353516,44.643950923322095,43.69255068828059,43.737427314943446,20554000,VWO
2022-02-01,44.84141159057617,44.84141159057617,44.383664491587915,44.742680951377224,21060100,VWO
2022-02-02,44.760623931884766,44.98501046131412,44.45545811490617,44.9760365066383,11594200,VWO
2022-02-03,44.383663177490234,44.572147070089095,44.17722794885329,44.26698120517639,13942700,VWO
2022-02-04,44.41059112548828,44.60805240984854,43.99772064352363,44.10542524232583,15478800,VWO
2022-02-07,44.41059112548828,44.63497770358222,44.2759612329524,44.32083786379769,13489300,VWO
2022-02-08,44.81448745727539,44.8234614138587,44.33878900940839,44.35673692257502,11707700,VWO
2022-02-09,45.478660583496094,45.505589295518824,45.12861814200134,45.20042347557296,11085600,VWO
2022-02-10,45.22735595703125,45.765885772869986,45.07477473472402,45.137602699658444,13962400,VWO
2022-02-11,44.52727127075195,45.33506086429771,44.43751458889088,45.19145359718731,15697700,VWO
2022-02-14,44.195186614990234,44.39264449642435,43.96182263165741,44.32981652180425,17819000,VWO
2022-02-15,45.200435638427734,45.24531227205234,44.81449042629429,44.85039310274105,12628200,VWO
2022-02-16,45.541500091552734,45.712032653425595,45.1196522411857,45.13760357778295,12961900,VWO
2022-02-17,44.94911575317383,45.353008807797686,44.86833645747564,45.24530422148913,11970000,VWO
2022-02-18,44.59907150268555,44.86833811419998,44.48239295648764,44.86833811419998,15194200,VWO
2022-02-22,43.907962799072266,44.20415471779505,43.629725640854666,43.94386547234788,19444900,VWO
2022-02-23,43.50407028198242,44.21312925725627,43.44124231485521,44.1772300073746,15556200,VWO
2022-02-24,42.62447738647461,42.64242530035257,41.42176514846361,41.49356707557821,31161900,VWO
2022-02-25,43.4143180847168,43.45022076217663,42.633453681238144,42.884765575721445,18987800,VWO
2022-02-28,42.92066192626953,42.992467270604415,42.47188879577833,42.56164205232966,22508100,VWO
2022-03-01,42.33725357055664,43.001439280118795,42.15774706557989,42.64241942243107,23007800,VWO
2022-03-02,42.471885681152344,42.651395604958125,42.02311258357138,42.38213243118296,16913500,VWO
2022-03-03,41.8795051574707,42.39110621270456,41.82565115338982,42.328278253210364,17723400,VWO
2022-03-04,41.089664459228516,41.349953682243445,40.9011805765765,41.20634642538471,25190600,VWO
2022-03-07,39.635650634765625,40.61397639085927,39.60872533721606,40.515245734686935,21377900,VWO
2022-03-08,39.806182861328125,40.21905682189396,39.40228970630986,39.806182861328125,25919200,VWO
2022-03-09,40.81143569946289,40.89221501201347,40.21007783406016,40.24598051160881,16960800,VWO
2022-03-10,40.183143615722656,40.326750870163494,39.931831776417944,40.272896865798046,17520900,VWO
2022-03-11,39.36638641357422,40.461394138400756,39.35740903203454,40.38958878155475,18450900,VWO
2022-03-14,38.42395782470703,39.17789684363735,38.30727584857556,38.92658155474899,27183200,VWO
2022-03-15,38.406009674072266,38.459860264548325,37.67002193071311,37.84055450700006,34112700,VWO
2022-03-16,41.394832611083984,41.41278394717345,39.940808626509614,40.129292519648146,33405400,VWO
2022-03-17,41.089664459228516,41.15249242011252,40.560112057586835,40.95503458184868,26385700,VWO
2022-03-18,41.73590087890625,41.80770622279936,40.658844687580384,40.79347799544633,30410100,VWO
2022-03-21,41.20841979980469,41.35244210334054,40.84836575784634,41.22642301696699,22204800,VWO
2022-03-22,41.84751510620117,41.99153738604267,41.676486288178005,41.703492826359664,23516500,VWO
2022-03-23,41.559478759765625,42.00054904688094,41.352446889083076,41.45146287805364,19841900,VWO
2022-03-24,41.8115119934082,41.85651831559725,41.47846108869452,41.68549291777396,17516500,VWO
2022-03-25,41.48746871948242,41.51447183108106,41.21742730220724,41.44246238889704,22809800,VWO
2022-03-28,41.62248611450195,41.62248611450195,41.24442542899884,41.49646359682591,19367000,VWO
2022-03-29,42.26158905029297,42.36960492810721,42.03655396848498,42.26158905029297,15914100,VWO
2022-03-30,42.20757293701172,42.549627170481315,42.10855696676297,42.270582475576866,23389300,VWO
2022-03-31,41.52347183227539,42.01854829659488,41.52347183227539,42.01854829659488,19759200,VWO
2022-04-01,42.31558609008789,42.53162123260087,42.05454806149408,42.36959573415666,18031700,VWO
2022-04-04,43.0537109375,43.134720265717526,42.72965988957935,42.84667565284642,15647300,VWO
2022-04-05,42.29758834838867,42.945686939649185,42.252578592613666,42.936687048751544,15185300,VWO
2022-04-06,41.82951736450195,42.12656185326612,41.62248552475421,42.090555420154566,17994600,VWO
2022-04-07,41.52347183227539,41.68549735641815,41.28943343795245,41.59548126869293,18050600,VWO
2022-04-08,41.60447692871094,41.81150874168932,41.523464181566176,41.64047992340482,12011400,VWO
2022-04-11,41.082401275634766,41.3434427774166,41.0373949489944,41.17241736267813,16692400,VWO
2022-04-12,40.92036819458008,41.39744478338561,40.85735866216912,41.35243503129608,16535100,VWO
2022-04-13,41.361446380615234,41.3884494900988,41.02839543985487,41.02839543985487,12040000,VWO
2022-04-14,40.911376953125,41.2174247897179,40.89337373523569,41.2174247897179,16026500,VWO
2022-04-18,40.7403450012207,40.92037373265757,40.52431327050641,40.623329244484815,19001600,VWO
2022-04-19,40.5333137512207,40.55131696800239,40.19126293365608,40.3442851256567,15956300,VWO
2022-04-20,40.272274017333984,40.587321713504224,40.21826436923522,40.587321713504224,20952500,VWO
2022-04-21,39.54315185546875,40.344275934040546,39.46213911528948,40.281266406541306,20043900,VWO
2022-04-22,39.228111267089844,39.858206655307576,39.19210483525959,39.59716860894409,22372700,VWO
2022-04-25,38.82304763793945,38.859050636141404,38.390980755654894,38.4899932929132,26472400,VWO
2022-04-26,38.0399169921875,38.634009287681515,38.021917212902586,38.57099975889896,24194100,VWO
2022-04-27,38.571006774902344,38.76003882939644,38.291965506325774,38.35497504656967,53537400,VWO
2022-04-28,39.07509231567383,39.11109875364749,38.44499338618646,38.886063666956495,19501900,VWO
2022-04-29,39.10208511352539,39.87620615695873,39.09308522328729,39.70518077233867,20111300,VWO
2022-05-02,39.02107620239258,39.17410182157997,38.54400299634703,38.913060340106526,25821000,VWO
2022-05-03,39.31812286376953,39.37213251007376,39.129094252348104,39.28211643290005,20873600,VWO
2022-05-04,39.7051887512207,39.75919497102606,38.66102615191037,38.90406444232261,23587300,VWO
2022-05-05,38.26496124267578,38.95806966037818,37.94091363088791,38.895060116383654,20766700,VWO
2022-05-06,37.742881774902344,38.021926494602376,37.499843490085404,37.940913732996734,31210700,VWO
2022-05-09,36.72572708129883,37.265813373439784,36.66271752894685,37.04977816983079,29101100,VWO
2022-05-10,36.87874221801758,37.29280585363736,36.536688007228065,37.220792995045,33960000,VWO
2022-05-11,36.61771011352539,37.364824826646725,36.59070700153395,37.04977707420333,30111800,VWO
2022-05-12,36.43767166137695,36.74371943966038,36.02360803009998,36.266646274657,26431600,VWO
2022-05-13,37.33782196044922,37.34682528701428,36.74372945638579,36.761732675752924,15708700,VWO
2022-05-16,37.256805419921875,37.409831052175356,37.031770351249946,37.11278311332235,13006200,VWO
2022-05-17,38.1119384765625,38.22895767098951,37.81489054465453,38.17494801961645,14383600,VWO
2022-05-18,37.2838020324707,38.02192008815551,37.220792498923295,37.8688944825675,16249700,VWO
2022-05-19,37.82389450073242,37.99491991562141,37.38282425823827,37.400827475662794,15545600,VWO
2022-05-20,37.967918395996094,38.32797589203601,37.481841806471046,38.21095669075862,12317500,VWO
2022-05-23,38.237953186035156,38.327969261353864,37.99491493331789,38.192946865256886,10585800,VWO
2022-05-24,37.55384826660156,37.67986733856806,37.22079393781904,37.634861017688905,13145000,VWO
2022-05-25,37.76088333129883,37.868899197434025,37.42783240768719,37.48183862387356,12023000,VWO
2022-05-26,38.32797622680664,38.4269887770078,37.706877212401025,37.706877212401025,14458700,VWO
2022-05-27,38.742034912109375,38.760038128105094,38.43598710770679,38.589009293026905,13420900,VWO
2022-05-31,39.2821159362793,39.70518290924154,39.2821159362793,39.687179694034405,19722800,VWO
2022-06-01,39.02107620239258,39.56116238134753,38.868054016967534,39.48014962619241,10936200,VWO
2022-06-02,39.72318649291992,39.732186383725875,39.120090796054185,39.21910676373082,10197700,VWO
2022-06-03,39.10208511352539,39.390129673812865,39.021072366334415,39.34512335509832,9320800,VWO
2022-06-06,39.31812286376953,39.86720891636132,39.23711011119431,39.74118984208037,11482500,VWO
2022-06-07,39.51616287231445,39.51616287231445,39.06609269579043,39.13810213847754,10240500,VWO
2022-06-08,39.660179138183594,39.83120454300474,39.507153515964745,39.660179138183594,9156200,VWO
2022-06-09,38.80504608154297,39.435144932816435,38.79604275628567,39.34512884905594,13729900,VWO
2022-06-10,38.499000549316406,38.859054604441205,38.39998456818421,38.805048384741966,15577600,VWO
2022-06-13,37.247806549072266,37.787889355184646,37.1127841306628,37.544851062305256,23994400,VWO
2022-06-14,37.78788375854492,37.922906156956664,37.55384882622843,37.63486157852303,20284100,VWO
2022-06-15,38.34597396850586,38.57100903506696,37.77888807308098,37.99491981407257,17427400,VWO
2022-06-16,37.14878463745117,37.31981003087822,36.90574638336293,37.18479106778177,18107300,VWO
2022-06-17,37.310813903808594,37.62586161657546,37.04977240822317,37.499842531468715,16097300,VWO
2022-06-21,37.90570068359375,38.05079413900336,37.78781117004193,37.82408539871954,11495800,VWO
2022-06-22,37.27997970581055,37.52482552037019,37.125815988806195,37.189294148954964,14401600,VWO
2022-06-23,37.46134948730469,37.63364686616305,37.12581809683773,37.44321237490373,14524700,VWO
2022-06-24,38.25935745239258,38.286564847639895,37.76059902399288,37.824077180736474,11450100,VWO
2022-06-27,38.28657150268555,38.48607283314307,38.23216016203311,38.44980206534215,11693700,VWO
2022-06-28,38.032649993896484,38.71277608901888,38.00544605706766,38.522341612616664,12196800,VWO
2022-06-29,37.93290710449219,38.087067383436974,37.805947307401425,37.987314986801756,12481100,VWO
2022-06-30,37.76966857910156,37.82407644994481,37.24370276561663,37.44320751684195,13290700,VWO
2022-07-01,37.54296875,37.57017269183987,37.14395915341067,37.37973818035906,13034100,VWO
2022-07-05,37.24370193481445,37.252772219286015,36.645191153789604,36.80842168127819,15717000,VWO
2022-07-06,36.98979568481445,37.12581884159959,36.726812738675754,36.99886251154658,11606600,VWO
2022-07-07,37.760597229003906,37.88755353645609,37.452273285491486,37.47948067944547,9526600,VWO
2022-07-08,37.669921875,37.82408214466599,37.443213154220224,37.59737342388621,7877900,VWO
2022-07-11,36.73588180541992,36.95352371256787,36.61799575421134,36.94445688528288,11642400,VWO
2022-07-12,36.599853515625,36.79028799565182,36.427552687629074,36.572649578278394,12804600,VWO
2022-07-13,36.491031646728516,36.65425871820914,36.055747925113444,36.064818209767935,15757700,VWO
2022-07-14,36.24618911743164,36.28245988141863,35.883453803159036,36.20084460867231,18559400,VWO
2022-07-15,36.37314987182617,36.382216699102656,35.89252846225494,36.18271536531312,14423900,VWO
2022-07-18,36.545440673828125,37.04419910730627,36.52730356324526,36.86283492007795,23135300,VWO
2022-07-19,37.06234359741211,37.12582176744125,36.84470514568385,36.95352437154798,21114800,VWO
2022-07-20,36.90817642211914,37.053269849271494,36.79935721657992,36.98072140604523,20319700,VWO
2022-07-21,37.361595153808594,37.361595153808594,37.007930128651985,37.06233800372205,14990800,VWO
2022-07-22,36.9807243347168,37.343459660974425,36.83563089607383,37.27998149777441,8552400,VWO
2022-07-25,37.153018951416016,37.153018951416016,36.953514209444286,37.08047051458998,10830900,VWO
2022-07-26,36.79935836791992,37.189294154910385,36.75401385983473,37.08047494596654,10031900,VWO
2022-07-27,37.52482604980469,37.60644132247607,36.99886019052235,37.16209073586512,11653800,VWO
2022-07-28,37.6427116394043,37.6880561475835,37.13488635707997,37.55202954164646,12100400,VWO
2022-07-29,37.470420837402344,37.49762477963768,37.04420729277725,37.19837103714626,12881200,VWO
2022-08-01,37.24370193481445,37.470410616404166,36.93537798948044,37.20742771552811,14053200,VWO
2022-08-02,37.02606964111328,37.40693862850288,36.80842774881885,36.92631725128252,13208000,VWO
2022-08-03,37.22557067871094,37.2890488427937,36.85376852081173,37.016999073967526,7069800,VWO
2022-08-04,37.53389358520508,37.61550885941866,37.37066303677792,37.49761936126562,11478200,VWO
2022-08-05,37.52482604980469,37.59737103701241,37.26184312016352,37.307184169580886,8281100,VWO
2022-08-08,37.60643768310547,37.842213192838734,37.54295952820421,37.66084555342084,8486300,VWO
2022-08-09,37.52482604980469,37.742464470728166,37.4432107771333,37.67898630968379,7219500,VWO
2022-08-10,37.99637985229492,38.050787726841904,37.65178165652955,37.78780480219727,7292400,VWO
2022-08-11,38.1777458190918,38.667437468552365,38.08706371776966,38.34097636891199,10109800,VWO
2022-08-12,38.576759338378906,38.585826165724306,38.13240869383729,38.17774974916584,9075700,VWO
2022-08-15,38.431663513183594,38.495141678584915,38.214021618021526,38.259362670550956,8868500,VWO
2022-08-16,38.44979476928711,38.50420264031466,38.29563106300896,38.35004239333655,10804300,VWO
2022-08-17,38.35911560058594,38.5223461594255,38.22309244108671,38.31377454741953,10500500,VWO
2022-08-18,38.11427307128906,38.26843681659961,37.96917961297962,38.21402547249573,11487100,VWO
2022-08-19,37.68806076049805,37.89663237830988,37.60644547880639,37.86942497821219,10237500,VWO
2022-08-22,37.425079345703125,37.55203568706069,37.379738289404116,37.46135357446267,10150400,VWO
2022-08-23,37.660850524902344,37.78780685146395,37.425074984045146,37.506690259591956,11575200,VWO
2022-08-24,37.68806076049805,37.87849526467832,37.343462520099884,37.388803574528424,9775000,VWO
2022-08-25,38.386322021484375,38.395388848166306,37.94197140945829,37.97824563478706,11979000,VWO
2022-08-26,37.878482818603516,38.72183929920775,37.86034571093143,38.676498259677324,8782400,VWO
2022-08-29,37.697120666503906,38.00544462303093,37.697120666503906,37.7696691077103,9447100,VWO
2022-08-30,37.24370193481445,37.8422127158393,37.125812451783816,37.8422127158393,10693400,VWO
2022-08-31,37.29811477661133,37.72432476296374,37.29811477661133,37.57923133923312,9337500,VWO
2022-09-01,37.125816345214844,37.14395345676008,36.76308449221113,37.07140846987946,18818700,VWO
2022-09-02,36.82656478881836,37.22557088805391,36.7540163384298,37.07141061992898,10848500,VWO
2022-09-06,36.50916290283203,36.817486834161656,36.454755035673735,36.75400868294377,14144900,VWO
2022-09-07,36.8174934387207,36.85376766286654,36.3278052499536,36.36407601479902,9883200,VWO
2022-09-08,36.70867156982422,36.726808680584966,36.4094178905222,36.500099985025805,12770900,VWO
2022-09-09,37.1983642578125,37.26184241766011,36.9897926669846,37.03513371554714,9009700,VWO
2022-09-12,37.76966857910156,37.77873540447543,37.44320751684195,37.51575249773296,10716200,VWO
2022-09-13,36.57265853881836,37.13489529063506,36.51824719149373,37.00793893951204,9973100,VWO
2022-09-14,36.75401306152344,36.87190255324383,36.61798991812318,36.76308334666358,10471000,VWO
2022-09-15,36.436622619628906,36.75401341659596,36.34594052315267,36.527304716105135,14054400,VWO
2022-09-16,35.9741325378418,36.092022022850635,35.81997229223794,35.98320282246556,19815200,VWO
2022-09-19,36.12027359008789,36.12946646296686,35.70668196187754,35.73425707446072,20290600,VWO
2022-09-20,35.991600036621094,36.12027220355755,35.84454563068606,35.991600036621094,10472300,VWO
2022-09-21,35.394187927246094,35.93645168180261,35.339044718817135,35.77101504440886,19732800,VWO
2022-09-22,35.2930908203125,35.49528842765284,35.16441515339156,35.43095234721908,19730200,VWO
2022-09-23,34.48429870605469,34.704878608028835,34.291290415313725,34.67730699679565,22623300,VWO
2022-09-26,34.00636672973633,34.3923832637626,33.93283776741481,34.19018562948622,21316600,VWO
2022-09-27,33.98798370361328,34.465911429495414,33.84092928842292,34.263710293838486,19028000,VWO
2022-09-28,34.254512786865234,34.37399556645645,33.73982070297868,33.7949674103407,15878500,VWO
2022-09-29,33.58358383178711,33.72144536933032,33.28028213829539,33.675491523482584,15620900,VWO
2022-09-30,33.537628173828125,33.831736978626736,33.491670824409866,33.56519977863628,14585900,VWO
2022-10-03,34.05232238769531,34.13504072167571,33.59277686692735,33.80416738575412,25180700,VWO
2022-10-04,35.0081672668457,35.11845717659723,34.649722430613465,34.69567626750552,15692700,VWO
2022-10-05,35.072513580322266,35.18280352227671,34.7416402484049,34.97141300600818,11790500,VWO
2022-10-06,34.8243522644043,35.09088945632843,34.796780660430564,34.88868834437862,12713600,VWO
2022-10-07,34.135032653808594,34.54862422595758,34.07069657659134,34.465905911527784,14150700,VWO
2022-10-10,33.66629409790039,33.92363837788915,33.53762195790601,33.92363837788915,11826300,VWO
2022-10-11,33.142417907714844,33.50086278467638,33.04131735143268,33.28947230611069,14793200,VWO
2022-10-12,33.13322830200195,33.307857827724085,33.022938368845814,33.16080341483131,13520200,VWO
2022-10-13,33.261898040771484,33.42733468142518,32.2968533076606,32.32442491241838,24983600,VWO
2022-10-14,32.77478790283203,33.47329558374462,32.756405660432456,33.47329558374462,17628500,VWO
2022-10-17,33.61115646362305,33.758210878454925,33.39976596143059,33.39976596143059,19459100,VWO
2022-10-18,33.62034606933594,33.997173189849306,33.390573349363066,33.93283360268771,13684600,VWO
2022-10-19,33.03213119506836,33.307861315915396,32.93103412428579,33.09646728831823,14793200,VWO
2022-10-20,33.28947067260742,33.77658768600598,33.243513326695435,33.28027780100373,11343100,VWO
2022-10-21,33.776588439941406,33.776588439941406,33.07808094275846,33.16998862452745,12821500,VWO
2022-10-24,32.4622917175293,32.563392281889215,32.05789296614334,32.50824556331462,32579800,VWO
2022-10-25,32.72882080078125,32.765585270697635,32.47147652347223,32.47147652347223,18412100,VWO
2022-10-26,33.169986724853516,33.45490613170511,32.76558803975558,32.793159641496565,14333800,VWO
2022-10-27,32.9310302734375,33.23432846242676,32.88507292130102,32.94021964023257,14762300,VWO
2022-10-28,32.70125961303711,32.70125961303711,32.37038629054945,32.48067622936069,12132400,VWO
2022-10-31,32.58176803588867,32.6277218725267,32.306041510007496,32.3152308749139,18313400,VWO
2022-11-01,33.1240348815918,33.436525909005056,33.00455209009614,33.36299695852978,21685500,VWO
2022-11-02,32.875885009765625,33.583585490138724,32.86669213650992,33.21594769309555,18052600,VWO
2022-11-03,33.142417907714844,33.24351495794359,32.69206184047251,32.69206184047251,19192000,VWO
2022-11-04,34.49348449707031,34.49348449707031,34.024749624447786,34.35562294914791,18646100,VWO
2022-11-07,34.42914581298828,34.67730078781774,34.30966651500105,34.603775335675884,14516600,VWO
2022-11-08,34.576194763183594,34.723249150298734,34.25451438701082,34.39237590277637,16713600,VWO
2022-11-09,33.94202423095703,34.410759006049936,33.896070391211175,34.263704615231255,11003200,VWO
2022-11-10,35.081695556640625,35.109270665859995,34.658914613178794,34.78758676935819,14703600,VWO
2022-11-11,35.789398193359375,35.90888099141851,35.51367162603743,35.568818341923226,13116800,VWO
2022-11-14,35.669918060302734,35.90888014473307,35.55962463113171,35.68830029849791,19903400,VWO
2022-11-15,36.46033477783203,36.7452542225883,36.22137268349556,36.7452542225883,14947400,VWO
2022-11-16,35.88131332397461,36.20299377014123,35.86293108332882,36.184611529495434,12313200,VWO
2022-11-17,36.074317932128906,36.10188953727365,35.32066367237508,35.3390459111561,10152900,VWO
2022-11-18,35.81697463989258,35.9640290483513,35.669920231433856,35.91807520309301,13884800,VWO
2022-11-21,35.4860954284668,35.559620867411915,35.31146593712263,35.495284793565034,11523200,VWO
2022-11-22,35.578006744384766,35.59638898251538,35.35742689892423,35.45852745561591,12576700,VWO
2022-11-23,35.771018981933594,35.816976335421096,35.55962847889558,35.59639295926406,8148200,VWO
2022-11-25,35.6423454284668,35.76182823201723,35.60558445557363,35.72506375307038,4877400,VWO
2022-11-28,35.559627532958984,35.908883075061176,35.52286655962222,35.56882040583347,14967900,VWO
2022-11-29,36.25813674926758,36.39599828079916,36.1478468228316,36.230561638118424,12193700,VWO
2022-11-30,37.24156951904297,37.36105233644347,36.772831123270116,37.00260388424196,16331300,VWO
2022-12-01,37.14965057373047,37.39780552462243,37.0025961775782,37.33346944543414,18123200,VWO
2022-12-02,37.37942123413086,37.480521783318544,36.91068646777806,36.91068646777806,12581500,VWO
2022-12-05,37.002593994140625,37.425378425927555,36.9014969514198,37.425378425927555,11066600,VWO
2022-12-06,37.030174255371094,37.20480026915715,36.919880819876454,37.17722866331031,10671300,VWO
2022-12-07,36.809593200683594,36.91069376987215,36.653349416340454,36.726874871897856,13380600,VWO
2022-12-08,37.23237609863281,37.36105178797349,37.04856069739707,37.177232880683704,16254600,VWO
2022-12-09,36.91987991333008,37.278328310805705,36.91987991333008,37.22318159441248,10962700,VWO
2022-12-12,36.81877899169922,36.81877899169922,36.4970951056077,36.80958612023916,15846000,VWO
2022-12-13,37.01178741455078,37.60919433863145,36.94745133820445,37.49890442290248,20943100,VWO
2022-12-14,37.07612228393555,37.232366033960844,36.82796735208381,37.06693291877945,19430000,VWO
2022-12-15,36.35923385620117,37.002594621020265,36.294897779719264,36.855540231054015,16821500,VWO
2022-12-16,36.31328201293945,36.57981923078124,36.29490327920545,36.469529298108476,12156700,VWO
2022-12-19,36.383338928222656,36.57949984517583,36.28992642253823,36.57949984517583,19755100,VWO
2022-12-20,36.26190948486328,36.42070898490337,36.14047499228242,36.19652250347126,18051400,VWO
2022-12-21,36.59817886352539,36.607518331543695,36.14980956887649,36.24321850234911,15728300,VWO
2022-12-22,36.27124786376953,36.49543075310944,35.99101390711047,36.49543075310944,17285500,VWO
2022-12-23,36.19651794433594,36.308609389271886,36.02837899527062,36.2152004457124,14616500,VWO
2022-12-27,36.76631546020508,36.94379384786423,36.47674208350862,36.504767612429035,13829000,VWO
2022-12-28,36.233882904052734,36.71027421695679,36.233882904052734,36.663569745232515,15688000,VWO
2022-12-29,36.85972595214844,36.953138446977476,36.64488255902513,36.672904525812676,13383100,VWO
2022-12-30,36.41136169433594,36.75697906461776,36.27124827773009,36.663570120213855,15760600,VWO
2023-01-03,36.803688049316406,37.15864489786389,36.70093606982843,36.878414494102174,12098600,VWO
2023-01-04,37.756465911865234,37.79383091117174,37.12127874026695,37.317439641642416,13970300,VWO
2023-01-05,37.64437484741211,37.71910484675991,37.410848944433965,37.43887447585064,9447800,VWO
2023-01-06,38.28891372680664,38.30759266581234,37.607014863440824,37.81251882573315,12189500,VWO
2023-01-09,38.494407653808594,38.755959079112934,38.48506818587597,38.66254658317482,14642900,VWO
2023-01-10,38.76530456542969,38.77464403481228,38.43836968719499,38.6065086426651,8682200,VWO
2023-01-11,38.92409896850586,38.94278146986456,38.61584660439418,38.68123357748826,11254400,VWO
2023-01-12,39.101585388183594,39.18565487217913,38.634533491169115,38.980150897229336,12603900,VWO
2023-01-13,39.363128662109375,39.381811163382636,39.03619379813415,39.03619379813415,8663200,VWO
2023-01-17,39.157623291015625,39.19498829220677,38.998827380937215,39.138944353742694,14381200,VWO
2023-01-18,38.92409896850586,39.5406108233748,38.92409896850586,39.465880817939976,10775600,VWO
2023-01-19,39.23235321044922,39.34444465046302,39.07355730070655,39.08289676932327,11808300,VWO
2023-01-20,39.6900634765625,39.69940294468761,39.29773811218144,39.42851204586765,12689100,VWO
2023-01-23,39.97963333129883,40.157115295665214,39.71808546379776,39.77413296254333,13000000,VWO
2023-01-24,40.01700210571289,40.045024076068074,39.79281565290308,39.84886315693623,13591800,VWO
2023-01-25,40.02634048461914,40.045022985454715,39.6059966874482,39.79281456915853,8435800,VWO
2023-01-26,40.3345947265625,40.37195972668024,40.0730468523834,40.25986472632702,10829900,VWO
2023-01-27,40.06370544433594,40.1757968859093,39.95161400276258,40.1757968859093,11910800,VWO
2023-01-30,39.344444274902344,39.63401768577341,39.344444274902344,39.5125832149794,11908200,VWO
2023-01-31,39.44720458984375,39.44720458984375,39.12026967238112,39.20433916020342,14673600,VWO
2023-02-01,39.84885787963867,39.970292340633854,39.325758601239826,39.55928449213394,23841300,VWO
2023-02-02,39.568634033203125,39.85820390502662,39.419177580974676,39.85820390502662,11068700,VWO
2023-02-03,38.94278335571289,39.4098352223297,38.868056909982144,39.16696981955106,13327200,VWO
2023-02-06,38.541114807128906,38.597162308599295,38.25154495783844,38.38231889794673,12668700,VWO
2023-02-07,38.6158447265625,38.74661866639131,38.26088434465386,38.50375328718389,11589100,VWO
2023-02-08,38.541114807128906,38.71859678012383,38.3636363974566,38.662549278653444,11288000,VWO
2023-02-09,38.69057083129883,39.05487424195142,38.57847939288711,38.98948727260104,8787500,VWO
2023-02-10,38.3636360168457,38.52243548777503,38.26088404683071,38.50375298747025,6052700,VWO
2023-02-13,38.709259033203125,38.78398904536655,38.447711117277336,38.53178059929964,5597800,VWO
2023-02-14,38.597171783447266,38.76531076581064,38.29825882887316,38.39166779093126,8875500,VWO
2023-02-15,38.410343170166016,38.41968620263261,38.111430271045876,38.17681724502073,8818400,VWO
2023-02-16,38.33561325073242,38.54111362316575,38.08340484684731,38.195496283022074,7802700,VWO
2023-02-17,38.02735900878906,38.083406510986826,37.85922006551844,37.98999400732389,7075600,VWO
2023-02-21,37.60700988769531,38.00867472631028,37.60700988769531,37.83119632265442,12837300,VWO
2023-02-22,37.448219299316406,37.653723263588056,37.36414981968919,37.541628248536426,14404200,VWO
2023-02-23,37.5789909362793,37.9246083030688,37.382830017019536,37.87790383133878,13227300,VWO
2023-02-24,36.85972595214844,37.02786487951838,36.719612554888364,36.87840845111425,20141500,VWO
2023-02-27,37.04655075073242,37.130620222070014,36.97182431138937,37.111937721403585,14329600,VWO
2023-02-28,36.822364807128906,37.07457322457368,36.794342837409275,36.92511678053115,10625000,VWO
2023-03-01,37.5603141784668,37.700431178405665,37.48558772493651,37.65372669953382,12820000,VWO
2023-03-02,37.72843933105469,37.831191284923044,37.38282203803371,37.45754846418758,13843800,VWO
2023-03-03,38.00868225097656,38.074069231758926,37.78449933495794,37.83120381218489,8122600,VWO
2023-03-06,37.877906799316406,38.13945827547978,37.840541793675484,37.971319313418704,8619700,VWO
2023-03-07,37.317440032958984,37.747126839522174,37.308097001373156,37.73778737125884,9885900,VWO
2023-03-08,37.51360321044922,37.58833321437596,37.37348623474794,37.38282926690014,6696800,VWO
2023-03-09,36.747642517089844,37.25205940894882,36.69159500799781,37.17732939682611,8372600,VWO
2023-03-10,36.54213333129883,36.88775424305012,36.5047718938933,36.719615303096134,14675700,VWO
2023-03-13,36.5047721862793,36.73829809771664,36.28992521203304,36.37399468268338,14464000,VWO
2023-03-14,36.52345657348633,36.60752605668149,36.355317607096005,36.45806959359266,10215200,VWO
2023-03-15,35.916290283203125,35.9443122557386,35.598694862283125,35.80419882973814,23584100,VWO
2023-03-16,36.37398910522461,36.392671602873605,35.78550646423066,35.82286789620657,14642100,VWO
2023-03-17,36.18717575073242,36.41135862372532,36.07508075091346,36.40201915540167,8361300,VWO
2023-03-20,36.25074005126953,36.3722623585149,36.00769900267883,36.11052529604798,7514800,VWO
2023-03-21,36.633995056152344,36.71812532562142,36.456388294339675,36.57791058710603,7121900,VWO
2023-03-22,36.74617385864258,37.250951947094826,36.72747784560362,36.867692594545964,8075800,VWO
2023-03-23,37.19486618041992,37.58747174288539,37.01725584567623,37.353776936875065,9410700,VWO
2023-03-24,37.120086669921875,37.138782684596826,36.88639183533526,36.9518261037475,8957900,VWO
2023-03-27,36.942481994628906,36.96117801037436,36.755525403074735,36.85835170672455,7548100,VWO
2023-03-28,37.3818244934082,37.39117071709151,37.18551813705954,37.194867926642765,5786400,VWO
2023-03-29,37.51268768310547,37.56877214902551,37.316381354687074,37.41920763007304,9960600,VWO
2023-03-30,37.87726593017578,37.970742454215916,37.70900533418288,37.81183165016752,6306800,VWO
2023-03-31,37.76508712768555,37.93334769578525,37.68095684363569,37.839867621340844,8309800,VWO
2023-04-03,37.92399597167969,37.952038209633045,37.75573541215944,37.802473664048385,9475800,VWO
2023-04-04,37.96138381958008,37.980079831457026,37.774427266710234,37.86790376019533,6596700,VWO
2023-04-05,37.6248664855957,37.895953335966304,37.48464816550056,37.895953335966304,6787900,VWO
2023-04-06,37.849212646484375,37.93334291994215,37.540733788505946,37.64356007449876,7399600,VWO
2023-04-10,37.76508712768555,37.7837795766742,37.58747676919129,37.64356481385793,5814800,VWO
2023-04-11,38.04551696777344,38.176385494911095,37.99877871749569,38.082908994355606,7100300,VWO
2023-04-12,37.75572967529297,38.157684999082136,37.708991430505755,38.12029297689256,7865500,VWO
2023-04-13,38.213775634765625,38.2698601059699,38.09225333732346,38.12964536205947,5708200,VWO
2023-04-14,38.00812530517578,38.185732084292034,37.858560763314735,38.045517332116034,6061600,VWO
2023-04-17,38.213775634765625,38.260513882735765,38.07355732495545,38.213775634765625,14731500,VWO
2023-04-18,38.13899612426758,38.27921445076532,38.03616982695593,38.2324761972328,8100500,VWO
2023-04-19,37.74639129638672,37.811825565865945,37.64356499694786,37.73704150594669,6359200,VWO
2023-04-20,37.699649810791016,37.923994839520525,37.60616974390377,37.71834225826853,6724200,VWO
2023-04-21,37.34443283081055,37.409867094931144,37.166822485997535,37.409867094931144,6920600,VWO
2023-04-24,37.297691345214844,37.35377581479675,37.18551527425175,37.28834155635143,8266900,VWO
2023-04-25,36.662044525146484,36.905085569099384,36.62465249810759,36.867693542060486,10370800,VWO
2023-04-26,36.914432525634766,37.15747355093432,36.8770405014657,37.11073530367283,10182000,VWO
2023-04-27,37.391170501708984,37.42856252802667,37.07334540980846,37.10138764659678,8388200,VWO
2023-04-28,37.61552047729492,37.64356271511469,37.41921411485646,37.43791012870298,9111300,VWO
2023-05-01,37.49400329589844,37.73704437732834,37.45661126309368,37.46596105424513,13057500,VWO
2023-05-02,37.10139083862305,37.33508567436471,36.970522301151746,37.33508567436471,11429900,VWO
2023-05-03,37.09204864501953,37.31639371480722,37.06400640277122,37.13878690406692,9552800,VWO
2023-05-04,37.40986633300781,37.51269262193163,37.31638626766803,37.428562346075765,8866000,VWO
2023-05-05,37.81182861328125,37.8585668715475,37.47530744832341,37.540741723076266,6629800,VWO
2023-05-08,37.82117462158203,37.98008897785618,37.75574034720459,37.95204317033691,26327200,VWO
2023-05-09,37.58748245239258,37.624874487823995,37.428571650660224,37.475309911999105,9169700,VWO
2023-05-10,37.596824645996094,37.69030114978254,37.40986807252315,37.596824645996094,11900700,VWO
2023-05-11,37.447261810302734,37.47530404953912,37.20421718392008,37.3444355119024,28532700,VWO
2023-05-12,37.026607513427734,37.2416063179576,36.97051947341563,37.22291030462022,26729700,VWO
2023-05-15,37.67160415649414,37.699649959621006,37.25095276859074,37.39117108652519,20806300,VWO
2023-05-16,37.40986633300781,37.55943087165157,37.3724743068719,37.39117031993985,18151700,VWO
2023-05-17,37.54073715209961,37.57812918051995,37.29769609916758,37.37247659010817,9341700,VWO
2023-05-18,37.30704116821289,37.381825222738094,37.14813040119682,37.381825222738094,9298600,VWO
2023-05-19,37.2883415222168,37.38182158126713,37.194865029066094,37.33507976879215,8734000,VWO
2023-05-22,37.53139114379883,37.69965170675798,37.503345339372224,37.51269512948113,8717400,VWO
2023-05-23,36.97052001953125,37.29769490891824,36.95182400591771,37.222910854464075,11626700,VWO
2023-05-24,36.70878982543945,36.93313489895545,36.6713977912199,36.89574643063655,8592200,VWO
2023-05-25,36.64334487915039,36.83030142991179,36.58725684415209,36.83030142991179,9488900,VWO
2023-05-26,37.25094985961914,37.29769167254714,36.92377856452123,36.97051681154955,8469500,VWO
2023-05-30,36.76487350463867,37.10139107489353,36.67139343020658,37.09204485040043,12867000,VWO
2023-05-31,36.50312805175781,36.61530056039403,36.20399898479471,36.58725832470992,13526500,VWO
2023-06-01,37.129432678222656,37.157474914428626,36.559216769369215,36.5779127821398,14261200,VWO
2023-06-02,37.718345642089844,37.79312970230873,37.64356514777121,37.662261162825935,9367600,VWO
2023-06-05,37.68095779418945,37.71834625901017,37.522043446575246,37.5968275080173,7578800,VWO
2023-06-06,37.97073745727539,37.99878326351727,37.55008602265078,37.58747805370638,7998700,VWO
2023-06-07,37.886600494384766,38.20442557055297,37.830516023584316,37.99877656778511,8395400,VWO
2023-06-08,38.092262268066406,38.12030451024305,37.88660964970277,37.89595944102871,8976100,VWO
2023-06-09,38.19508743286133,38.34465199648989,38.110957142951484,38.12965315914261,10055100,VWO
2023-06-12,38.28855895996094,38.325950987472034,38.1950824570832,38.26051672227762,7245900,VWO
2023-06-13,38.60638427734375,38.7746448361822,38.55029980166429,38.653122529043316,8306100,VWO
2023-06-14,38.970951080322266,39.027039126863436,38.67182196390336,38.69986777012412,8886900,VWO
2023-06-15,39.3448600769043,39.35420630071759,39.12986127019881,39.167253297251925,10193000,VWO
2023-06-16,39.20464324951172,39.40094961605692,39.12986275846125,39.391599825988045,9704300,VWO
2023-06-20,38.506324768066406,38.76008910793469,38.42173665477698,38.7224935941826,12278200,VWO
2023-06-21,38.44053268432617,38.4875252817519,38.29015422138062,38.40293717226344,8392800,VWO
2023-06-22,38.2713623046875,38.30895423718054,38.102186059898145,38.158575751290655,6856700,VWO
2023-06-23,37.73563766479492,37.801428026442366,37.622851114565755,37.78263026807084,8339800,VWO
2023-06-26,37.85781478881836,38.0269910157744,37.820222860287984,37.886013216848056,8476200,VWO
2023-06-27,38.2149658203125,38.233763577634136,38.0363925037154,38.1585725483476,7398200,VWO
2023-06-28,38.06459045410156,38.11158305858866,37.92360905533438,37.98939941867749,7332800,VWO
2023-06-29,37.90481185913086,37.93300670251359,37.80142598632004,37.83901791572847,9086400,VWO
2023-06-30,38.2337646484375,38.365345368068475,38.149176530773914,38.24316173470869,7622800,VWO
2023-07-03,38.609703063964844,38.788276341297305,38.553309804399674,38.628497231848414,4891400,VWO
2023-07-05,38.42173385620117,38.49692129292328,38.35594350457985,38.487524207822496,8001600,VWO
2023-07-06,37.68864059448242,37.96120270653423,37.55705987426588,37.904813018044706,7924400,VWO
2023-07-07,38.13977813720703,38.31835145268454,37.84841827850686,37.84841827850686,6731400,VWO
2023-07-10,38.149173736572266,38.16797149304354,37.876611645696975,37.92360424422243,5512800,VWO
2023-07-11,38.48752975463867,38.51572459930974,38.18677279379464,38.346548360671754,7374900,VWO
2023-07-12,39.22062683105469,39.27702010920021,38.96686245735886,38.99506088908462,7753200,VWO
2023-07-13,39.652957916259766,39.68115634327453,39.380399414023344,39.38979649949133,7400300,VWO
2023-07-14,39.408599853515625,39.54958125269889,39.37100433569263,39.52138282167869,8033600,VWO
2023-07-17,39.455589294433594,39.46498996578852,39.08904198831543,39.25821821964776,5386800,VWO
2023-07-18,39.17363357543945,39.32401206269368,39.06085060632527,39.23002685264952,6711500,VWO
2023-07-19,39.11723327636719,39.39919244119166,39.089038435476326,39.2394168957364,7513000,VWO
2023-07-20,38.87287139892578,39.060845379165194,38.816478129262315,39.01384919512624,16580400,VWO
2023-07-21,38.85407257080078,39.01384811914922,38.80707997336332,38.957458436346414,8739400,VWO
2023-07-24,39.370994567871094,39.464983339110255,38.882263713342525,38.919859221838195,5984000,VWO
2023-07-25,39.671756744384766,39.85973072657194,39.643561901913614,39.83153588410079,6986000,VWO
2023-07-26,39.9161262512207,40.02890921278062,39.51198342154984,39.53078117936078,6717700,VWO
2023-07-27,39.474388122558594,39.98191683032201,39.42739552042622,39.953718400798,7094600,VWO
2023-07-28,40.43305206298828,40.45184982080876,40.1886847966277,40.24507807008915,7433300,VWO
2023-07-31,40.480045318603516,40.50824016313671,40.23568163360238,40.30147199438368,6857800,VWO
2023-08-01,39.9161262512207,40.13229508808791,39.86913006404051,40.08530248621342,5868100,VWO
2023-08-02,39.05144119262695,39.38039652475807,38.96685308839954,39.37099585467439,8465400,VWO
2023-08-03,39.22062683105469,39.352207561421565,39.09844318772573,39.13603870648941,6815700,VWO
2023-08-04,39.26761245727539,39.6059648953964,39.2112227744588,39.4085938349276,7930900,VWO
2023-08-07,39.20182418823242,39.371000416288396,39.079644145429654,39.371000416288396,8382300,VWO
2023-08-08,38.79768371582031,38.80708438756032,38.50632742738387,38.68490075208059,8101300,VWO
2023-08-09,38.863468170166016,39.03264438271648,38.70369262792682,39.00444954239315,6947800,VWO
2023-08-10,38.938663482666016,39.41799374751337,38.8634724531104,39.10783971386052,7871700,VWO
2023-08-11,38.3747444152832,38.53451997227034,38.28075563002116,38.5063251293445,8667700,VWO
2023-08-14,38.1961669921875,38.25256026257146,37.87661229728945,38.017593680596576,9253000,VWO
2023-08-15,37.792030334472656,38.03639762726486,37.7356406402176,38.01759986741114,9959000,VWO
2023-08-16,37.538265228271484,37.820228035316866,37.519467468781386,37.68864371888621,9421100,VWO
2023-08-17,37.66044235229492,38.02698963562776,37.61344975435835,38.02698963562776,10690300,VWO
2023-08-18,37.42547607421875,37.48186934337327,37.24690276652092,37.2938953648303,12520800,VWO
2023-08-21,37.51006317138672,37.51946025667242,37.29389435676233,37.378482465554946,7957800,VWO
2023-08-22,37.444278717041016,37.679245324556256,37.387885440527235,37.66044756571833,9951400,VWO
2023-08-23,37.99879455566406,38.055187824017594,37.69803762838934,37.70743471379557,8213500,VWO
2023-08-24,37.83901596069336,38.14917356310085,37.81082111876738,38.083383208403276,9860900,VWO
2023-08-25,37.810821533203125,37.88601255957046,37.52886235493656,37.810821533203125,10158300,VWO
2023-08-28,38.18677520751953,38.22436714102182,38.01759895818818,38.08338932344971,9341400,VWO
2023-08-29,38.69429397583008,38.70369464663166,38.21496373880638,38.30894893498972,10768900,VWO
2023-08-30,38.55331802368164,38.6755016528024,38.49692475209385,38.506325423344606,7344200,VWO
2023-08-31,38.09278106689453,38.34654540529384,38.0739833101273,38.34654540529384,8443700,VWO
2023-09-01,38.506324768066406,38.68489808043052,38.44053441165302,38.600309967141094,11385100,VWO
2023-09-05,38.28075408935547,38.39353704182524,38.22436082046787,38.365342200034156,8283200,VWO
2023-09-06,38.102176666259766,38.44052907242172,38.06458115772954,38.23375736081052,8385200,VWO
2023-09-07,37.70743942260742,37.79202754304818,37.61345421558695,37.773229784582924,7904200,VWO
2023-09-08,37.782630920410156,37.85781836988861,37.69804279893072,37.80142867910624,7729100,VWO
2023-09-11,38.2149658203125,38.233763577634136,38.0363925037154,38.13037770501795,7020300,VWO
2023-09-12,38.1115837097168,38.21496959253827,37.92360970325103,37.95180813466977,7308600,VWO
2023-09-13,38.0739860534668,38.17737193048304,37.98939793457221,38.04579120893719,8036800,VWO
2023-09-14,38.299556732177734,38.393541940342935,38.158575334624054,38.2619612147893,6672500,VWO
2023-09-15,38.102176666259766,38.290150623605854,38.06458115772954,38.25255511507563,8296300,VWO
2023-09-18,38.04344177246094,38.06238924686268,37.88235932364108,37.95816367945058,7427900,VWO
2023-09-19,37.85392761230469,37.97710786081476,37.79707435578851,37.9107772542709,7604100,VWO
2023-09-20,37.74022674560547,38.081335459416565,37.73074939506756,37.91077929523593,9652000,VWO
2023-09-21,37.1338005065918,37.31383401009227,37.1338005065918,37.25698075405792,12836100,VWO
2023-09-22,37.56966781616211,37.768648788210406,37.531765645900556,37.73074661794885,13280100,VWO
2023-09-25,37.42753982543945,37.45596464839764,37.27593474541209,37.294885832234286,9023800,VWO
2023-09-26,36.99168014526367,37.23803707464162,36.95377796703609,37.14328524362333,12282900,VWO
2023-09-27,37.03904724121094,37.219077123098096,36.87796482937523,37.19065230347112,12274500,VWO
2023-09-28,37.11485290527344,37.15275507952094,36.830593827517745,36.887447088889,8924400,VWO
2023-09-29,37.15275192260742,37.53176640377655,37.114849751580515,37.53176640377655,11064200,VWO
2023-10-02,37.020103454589844,37.19065963507397,36.92535162745445,37.152757458399606,15001400,VWO
2023-10-03,36.54633331298828,36.821118643654394,36.48948005385215,36.697938389467836,14829500,VWO
2023-10-04,36.39472961425781,36.51790987310745,36.29997779332749,36.461056611819096,12806100,VWO
2023-10-05,36.54633331298828,36.55581066345271,36.29997641916531,36.47053258202357,12896000,VWO
2023-10-06,37.04853057861328,37.12433493666553,36.50843717841859,36.555816709476616,8077500,VWO
2023-10-09,36.82112121582031,36.84007230352287,36.48948260285121,36.555813217085344,8680800,VWO
2023-10-10,37.40858459472656,37.44648676417239,37.09590073317302,37.09590073317302,10417300,VWO
2023-10-11,37.52228927612305,37.68337169666708,37.39911264138054,37.56966879746246,8324500,VWO
2023-10-12,37.12432861328125,37.57914384047388,37.01062571012062,37.56967010460638,10723000,VWO
2023-10-13,36.982200622558594,37.27593706475388,36.90639988510363,37.14328306329486,8884300,VWO
2023-10-16,37.24750518798828,37.30435482667859,36.944295066474055,36.96324253633765,9309500,VWO
2023-10-17,37.08642578125,37.27593302618136,36.91586962226678,36.91586962226678,7607500,VWO
2023-10-18,36.48000717163086,36.726364071218995,36.432631261850474,36.71689033508301,8860600,VWO
2023-10-19,36.347354888916016,36.603189151229806,36.328403801201986,36.44210671293576,12489600,VWO
2023-10-20,35.9114875793457,36.14837073326078,35.89253649328649,36.07256638902392,12400000,VWO
2023-10-23,35.835689544677734,35.958869818475875,35.494577164652554,35.63670852784662,10778600,VWO
2023-10-24,36.281028747558594,36.33787839749528,35.930439038380115,35.930439038380115,10458700,VWO
2023-10-25,35.89253616333008,36.06309232174503,35.81673181979008,35.977814242537555,12138000,VWO
2023-10-26,35.75988006591797,35.84515814009181,35.63669982221134,35.674601991744126,14799400,VWO
2023-10-27,35.79777908325195,36.20521837461712,35.750403177999,36.119940299341856,11386300,VWO
2023-10-30,36.11994171142578,36.37577594725323,36.03466363281663,36.31892630454715,10203000,VWO
2023-10-31,35.94938659667969,35.94938659667969,35.68407861755774,35.87358586602347,10625700,VWO
2023-11-01,36.20521926879883,36.21469661881341,35.8546332238085,35.90200913023152,10184900,VWO
2023-11-02,36.76426315307617,36.79269158819382,36.57475591534152,36.66003399159462,8751400,VWO
2023-11-03,37.437015533447266,37.512819884728806,37.14328270860733,37.15275644524232,8225300,VWO
2023-11-06,37.55072021484375,37.69284794468579,37.48439321800742,37.66442312162743,7206300,VWO
2023-11-07,37.56019592285156,37.57914701073544,37.26646309702746,37.45596674676543,8266100,VWO
2023-11-08,37.3896369934082,37.57914424374297,37.34226108446205,37.46544133936217,8356200,VWO
2023-11-09,37.05799865722656,37.45596059376239,37.0200964876851,37.37068251956902,6534800,VWO
2023-11-10,37.313838958740234,37.32331269539408,37.03905360662311,37.11485434350517,6802200,VWO
2023-11-13,37.38016128540039,37.51281526927135,37.19065404506332,37.2569810369988,6659600,VWO
2023-11-14,38.25189208984375,38.299267999460234,37.82550167419496,37.853930111605024,9723700,VWO
2023-11-15,38.517208099365234,38.70671175952569,38.42245265473438,38.488779658700665,11710600,VWO
2023-11-16,38.11923599243164,38.28979214927429,37.96763092129929,38.090811171141205,8660000,VWO
2023-11-17,38.27083969116211,38.29926451143323,38.14765944573747,38.18556161579888,19053100,VWO
2023-11-20,38.678279876708984,38.725655783105545,38.37506973831102,38.37506973831102,8716600,VWO
2023-11-21,38.45087814331055,38.67828396386413,38.39402488089698,38.61195696499014,7471700,VWO
2023-11-22,38.346641540527344,38.488769247201084,38.24241238690348,38.41296852655169,6353500,VWO
2023-11-24,38.46982192993164,38.4982503656895,38.29926577358451,38.31821685923974,2391500,VWO
2023-11-27,38.289794921875,38.356121919388826,38.23294166062731,38.31821974522371,10166800,VWO
2023-11-28,38.60248565673828,38.640384219514246,38.3940272959929,38.4698280360954,9536100,VWO
2023-11-29,38.38454818725586,38.60248388963171,38.35612336283745,38.394025538428934,11069500,VWO
2023-11-30,38.498252868652344,38.53615142787679,38.2329412667798,38.479301781765,9398300,VWO
2023-12-01,38.659332275390625,38.66880962625406,38.20451702680371,38.30874619899972,9283100,VWO
2023-12-04,38.31821060180664,38.50771781286215,38.25188362011963,38.422439748614636,11018200,VWO
2023-12-05,38.18556213378906,38.22346430436462,37.98658116009229,38.06238188669347,8508300,VWO
2023-12-06,38.13819122314453,38.42245031059329,38.13819122314453,38.337172222903625,10089300,VWO
2023-12-07,38.289794921875,38.327697096040126,38.1760920139299,38.27084383479244,7593100,VWO
2023-12-08,38.10029220581055,38.195047652514866,37.94868710563434,38.024491462997794,7658200,VWO
2023-12-11,38.27083969116211,38.28979077619282,38.03395655010312,38.08133245540495,13378300,VWO
2023-12-12,38.27083969116211,38.28979077619282,37.99605438004171,38.14765944573747,10349000,VWO
2023-12-13,38.63090515136719,38.63090515136719,37.92972942579126,38.09081184992427,11221200,VWO
2023-12-14,39.14257049560547,39.19942013464563,38.83936037222533,38.848834107215424,13440600,VWO
2023-12-15,38.9151611328125,39.189946436933944,38.9151611328125,39.14257053283882,11128700,VWO
2023-12-18,38.91032409667969,38.92968290958757,38.7167396599169,38.82321128475223,11145300,VWO
2023-12-19,39.18134307861328,39.22973826841298,38.95872225168163,38.99743988044791,9147300,VWO
2023-12-20,38.35861587524414,38.881289122940615,38.339257059801085,38.813535115048175,16805400,VWO
2023-12-21,39.103912353515625,39.12326747599829,38.861932707002076,38.96840064992227,15129700,VWO
2023-12-22,38.96839904785156,39.02647548986107,38.81353222814244,38.89096748415512,13385100,VWO
2023-12-26,39.22005844116211,39.316848815168754,39.15230444089424,39.20069962789756,12500800,VWO
2023-12-27,39.433006286621094,39.47172022534223,39.307175831906974,39.316853393508126,9863800,VWO
2023-12-28,39.67498779296875,39.86856857255452,39.665306538599445,39.72338298786519,11344600,VWO
2023-12-29,39.78145217895508,39.90728262826022,39.6556254219663,39.6556254219663,10313800,VWO
2024-01-02,39.31685256958008,39.52011828210985,39.229739747729155,39.42332420654414,11730100,VWO
2024-01-03,39.200706481933594,39.30717812734656,38.997444445590695,39.065198457704994,9683200,VWO
2024-01-04,39.1329460144043,39.31684920376098,39.10390964037853,39.181341201885935,9929100,VWO
2024-01-05,39.19102096557617,39.413641773385386,39.14262208761748,39.200698525778314,8938300,VWO
2024-01-08,39.25878143310547,39.26845899490231,38.87161249953316,38.90064887724027,11027400,VWO
2024-01-09,38.803855895996094,38.87160990099445,38.72642063753148,38.803855895996094,13068500,VWO
2024-01-10,38.765140533447266,38.84257579643969,38.69738652448718,38.83289454240735,8019700,VWO
2024-01-11,38.9296875,39.03615913738999,38.687707848592375,39.0168003221994,12870600,VWO
2024-01-12,39.113590240478516,39.365247450329086,39.08455386419633,39.22973943792367,7892100,VWO
2024-01-16,38.300540924072266,38.68770986341447,38.25214572973365,38.65866979295798,12668400,VWO
2024-01-17,37.787540435791016,37.80689924953988,37.58427842990225,37.652032431865166,15727300,VWO
2024-01-18,38.010162353515625,38.08759391843183,37.85529553136692,37.9908035392075,10678200,VWO
2024-01-19,38.35861587524414,38.377974690687196,37.94241057400971,38.097277405237655,9934800,VWO
2024-01-22,38.058555603027344,38.145668416815035,37.903688788773245,37.93272516259711,10555600,VWO
2024-01-23,38.27149963378906,38.31989482191616,38.05855637525043,38.08759274966346,11831400,VWO
2024-01-24,38.765140533447266,39.00712019182374,38.726422901951054,38.97808381435986,11096700,VWO
2024-01-25,38.861934661865234,39.00712024168677,38.75546302127284,38.929688670911936,8637800,VWO
2024-01-26,38.871612548828125,38.978084190311364,38.765140907344886,38.794180977405425,7775300,VWO
2024-01-29,38.88128662109375,38.97808069208074,38.66834704955492,38.9683994388239,12469700,VWO
2024-01-30,38.51348114013672,38.542517515962146,38.36829187637687,38.46508594965555,8527000,VWO
2024-01-31,38.368289947509766,38.6973823954803,38.29085838509585,38.426366388557334,9833700,VWO
2024-02-01,38.6296272277832,38.64898604088142,38.416683976018945,38.503796788802866,12720700,VWO
2024-02-02,38.35861587524414,38.39732981381375,38.165031413130095,38.31989824435803,10067300,VWO
2024-02-05,38.45540237426758,38.51347881472818,38.223103997057414,38.25214037112965,10195400,VWO
2024-02-06,39.403961181640625,39.413642434321105,39.01679599769057,39.08454999718973,10777600,VWO
2024-02-07,39.37493133544922,39.44268534618003,39.220064497733574,39.2491008759563,9253800,VWO
2024-02-08,39.171661376953125,39.2781329986477,39.08454856759538,39.22973412164768,7914500,VWO
2024-02-09,39.32653045654297,39.3652443911385,39.02647438645179,39.191022454668285,8825000,VWO
2024-02-12,39.50075912475586,39.68466232826268,39.24909822278188,39.27813829135821,8682500,VWO
2024-02-13,38.77482223510742,39.19102754770507,38.629632961478805,39.08455590601964,35414600,VWO
2024-02-14,39.336212158203125,39.384607350779405,39.19102658047428,39.24909933463921,9530700,VWO
2024-02-15,39.578189849853516,39.587871103278374,39.41364546479421,39.4330042793276,7562500,VWO
2024-02-16,39.77177810668945,39.89760856703288,39.70402409550069,39.72338291188558,8155600,VWO
2024-02-20,39.849205017089844,39.99439427682932,39.733055824688016,39.90728145944888,8923700,VWO
2024-02-21,39.88792419433594,40.023432206119764,39.77177499742357,39.89760544792986,11952700,VWO
2024-02-22,40.23637008666992,40.28476527120657,40.081503280763116,40.217011274392085,14835700,VWO
2024-02-23,40.24605941772461,40.29445461197582,40.11054770457791,40.24605941772461,8514500,VWO
2024-02-26,40.11054611206055,40.197658935180726,40.07183217358663,40.11054611206055,9508400,VWO
2024-02-27,40.23637008666992,40.30412408348441,40.207333714411114,40.23637008666992,11725900,VWO
2024-02-28,39.616905212402344,39.96535646943547,39.56851002499577,39.96535646943547,6849100,VWO
2024-02-29,39.704017639160156,39.86856201319983,39.6459411994494,39.82984807904207,10169300,VWO
2024-03-01,40.23637008666992,40.29444652350344,39.945995287134146,40.0234268439296,15638900,VWO
2024-03-04,40.07183074951172,40.26541151195131,40.033113120097255,40.26541151195131,8596700,VWO
2024-03-05,39.80080795288086,40.02342876629485,39.74273520557396,39.90727957936496,7463300,VWO
2024-03-06,40.29445266723633,40.44931949675582,40.26541259823385,40.323489043922336,10248500,VWO
2024-03-07,40.488037109375,40.53643230126918,40.265412580492125,40.36220665659695,7739600,VWO
2024-03-08,40.4202766418457,40.66225627706161,40.371881453265765,40.555788339112226,12121100,VWO
2024-03-11,40.5267448425293,40.65257527604169,40.468672098074265,40.468672098074265,6976400,VWO
2024-03-12,40.87520217895508,40.884883432686394,40.63322252810241,40.73969416524821,6316500,VWO
2024-03-13,40.64290237426758,40.72033393985423,40.58482593084035,40.633221120871546,10209100,VWO
2024-03-14,40.4202766418457,40.71065515795776,40.333163825475324,40.691296344062536,6643000,VWO
2024-03-15,40.30304718017578,40.46774906043505,40.28367396675002,40.44837215124175,5912700,VWO
2024-03-18,40.39024353027344,40.61307245396703,40.35149340563331,40.61307245396703,6729200,VWO
2024-03-19,40.22554397583008,40.30304791825508,40.06084209255459,40.22554397583008,7812700,VWO
2024-03-20,40.545257568359375,40.56463447973524,40.17710733952178,40.273988200633156,9988200,VWO
2024-03-21,40.57432174682617,40.777773757394996,40.54525453405371,40.777773757394996,8668500,VWO
2024-03-22,40.31273651123047,40.40961735909486,40.26429608729827,40.390240450368495,8168700,VWO
2024-03-25,40.31273651123047,40.37086354164212,40.25460578505137,40.25460578505137,8294900,VWO
2024-03-26,40.22554397583008,40.35149204000926,40.22554397583008,40.35149204000926,8532300,VWO
2024-03-27,40.33211898803711,40.34180559585386,40.17710739259337,40.244924734614514,6784100,VWO
2024-03-28,40.46774673461914,40.58400448732967,40.38055249614441,40.40961601038021,6862800,VWO
2024-04-01,40.6324462890625,40.87465210462961,40.54525204762764,40.70995392401235,9390000,VWO
2024-04-02,40.76808547973633,40.923097057022616,40.71964135902325,40.79714899555016,8542100,VWO
2024-04-03,40.82621383666992,40.8940311729487,40.603384918072855,40.64213873759434,17641800,VWO
2024-04-04,40.68089294433594,41.2524988525319,40.66151603439076,41.136237392860814,15019100,VWO
2024-04-05,40.80683898925781,40.88434663221796,40.613073577625265,40.68089461309931,13412800,VWO
2024-04-08,41.05873489379883,41.13623884053941,40.990917554487886,40.990917554487886,12719900,VWO
2024-04-09,41.41719436645508,41.48501169899607,41.25249618621766,41.35906364037676,8974600,VWO
2024-04-10,40.961849212646484,41.08779728037034,40.85527805501613,41.019979942926966,13390400,VWO
2024-04-11,41.09748458862305,41.14592871256705,40.86496905507002,41.09748458862305,9347300,VWO
2024-04-12,40.30304718017578,40.690577972506674,40.22554323917013,40.690577972506674,12304300,VWO
2024-04-15,40.0511589050293,40.545257205504164,39.97365126021948,40.49681677538199,13310700,VWO
2024-04-16,39.55705642700195,39.712068004483164,39.45048527452721,39.576429640390515,16523300,VWO
2024-04-17,39.624874114990234,39.867079937952845,39.518302961563876,39.847703028623734,14338700,VWO
2024-04-18,39.731441497802734,39.91552028819879,39.634560647107214,39.741131800332816,8766000,VWO
2024-04-19,39.61518478393555,39.67331551334845,39.48923671809141,39.5570577502903,16916700,VWO
2024-04-22,39.95427703857422,39.983340556762,39.576432823293885,39.59580973400835,8416500,VWO
2024-04-23,40.2836799621582,40.3127434823899,39.993029976768916,40.00272028069154,7065000,VWO
2024-04-24,40.40961837768555,40.496812621268354,40.264297102225896,40.44837219611514,5988800,VWO
2024-04-25,40.53556442260742,40.564627937099615,40.11897013463834,40.11897013463834,8399900,VWO
2024-04-26,41.000606536865234,41.01998344861474,40.83590833064652,40.874658458377496,6255300,VWO
2024-04-29,41.40751266479492,41.40751266479492,41.17499342870671,41.21374725068273,6554300,VWO
2024-04-30,40.855281829833984,41.15561842038112,40.83590861371821,41.068424164787956,10650600,VWO
2024-05-01,40.903724670410156,41.281565200835935,40.845593936587754,40.87465745561499,12105500,VWO
2024-05-02,41.901611328125,41.99849218814876,41.339691991837036,41.475330369945375,7447700,VWO
2024-05-03,42.26976013183594,42.28913704064869,41.97911389117952,42.13412546591411,9291800,VWO
2024-05-06,42.192256927490234,42.24069735672546,42.11475297986744,42.18257031995033,8758100,VWO
2024-05-07,41.89191818237305,41.98879902727665,41.85316436610467,41.940358604824844,7311100,VWO
2024-05-08,41.85316848754883,41.89192230763344,41.63033956571385,41.64971647575616,8144800,VWO
2024-05-09,42.01786804199219,42.03724495266293,41.78535250547889,41.901610273735535,9857800,VWO
2024-05-10,42.10506057739258,42.32788949737967,42.075997060453986,42.26976246350249,7764000,VWO
2024-05-13,42.4344596862793,42.57009435659029,42.3666423511238,42.51196732403848,6805000,VWO
2024-05-14,42.64760208129883,42.657288688154686,42.453836682273405,42.46352698489685,8627200,VWO
2024-05-15,43.0157585144043,43.02544512183315,42.72510855078939,42.87043353259684,7240600,VWO
2024-05-16,43.18045425415039,43.25796189224235,43.02544267373407,43.07388309965775,9801100,VWO
2024-05-17,43.490478515625,43.5679861556785,43.27733620124558,43.31609002127233,9999900,VWO
2024-05-20,43.39360046386719,43.46141780541008,43.28702929979466,43.316092818807924,8348500,VWO
2024-05-21,43.141700744628906,43.22889499022415,43.025442982424465,43.18045456395293,5187400,VWO
2024-05-22,43.0157585144043,43.20952022912382,42.918873961276724,43.13201628238957,5654300,VWO
2024-05-23,42.68635559082031,43.180453843774174,42.60884795346497,43.161076934435336,7511400,VWO
2024-05-24,42.82199478149414,42.93825255403388,42.75417743953196,42.79292756653324,5688000,VWO
2024-05-28,42.70573425292969,42.957626693137854,42.60884970225907,42.87043244541816,5834500,VWO
2024-05-29,42.172874450683594,42.26006869010629,42.09537051328974,42.201941661002735,8038200,VWO
2024-05-30,42.095375061035156,42.2019462202615,41.92098656334983,41.97911729450086,5290500,VWO
2024-05-31,41.73691177368164,41.75628498844392,41.45595211464731,41.72722147053271,10096300,VWO
2024-06-03,42.153499603271484,42.376332211620564,41.959737902430184,42.26007075619473,10536500,VWO
2024-06-04,41.49470520019531,41.5334553248008,41.28156288391037,41.41719755944889,13022800,VWO
2024-06-05,42.027557373046875,42.0469342832694,41.727220808249335,41.727220808249335,8354800,VWO
2024-06-06,42.22132110595703,42.279448138552866,42.06630583032125,42.18256728704809,7268300,VWO
2024-06-07,41.8725471496582,42.18257033177197,41.824103024641545,42.1050626883596,8035800,VWO
2024-06-10,42.095375061035156,42.16319239949414,41.80472879681553,42.07599815065148,7629700,VWO
2024-06-11,41.99848937988281,42.008179682697985,41.78535076292866,41.959739255925115,7057100,VWO
2024-06-12,42.32788848876953,42.560407706040685,42.25038454685753,42.45383655211505,9027600,VWO
2024-06-13,42.279449462890625,42.47321486773717,42.143814788228354,42.39570722749147,4471900,VWO
2024-06-14,42.39570999145508,42.4054002950014,42.15350414354835,42.2406983966255,6505800,VWO
2024-06-17,42.62822341918945,42.67666384301232,42.386017604307696,42.444148330355596,4790200,VWO
2024-06-18,42.96731185913086,43.04481949706762,42.666979001544874,42.74448294371405,7175100,VWO
2024-06-20,42.889808654785156,43.073883754400185,42.70573355517013,43.05450684458266,9742900,VWO
2024-06-21,42.743927001953125,42.88008453523119,42.73419934385353,42.81200576859216,8758500,VWO
2024-06-24,42.714744567871094,43.01623887633803,42.714744567871094,42.75364777735346,6846700,VWO
2024-06-25,42.588314056396484,42.72447157750623,42.48133208694906,42.675844421397635,10373600,VWO
2024-06-26,42.47160720825195,42.52023807755622,42.36462894182011,42.461883260399766,7393200,VWO
2024-06-27,42.4521598815918,42.61749296739629,42.41325666963269,42.5883174134342,9108200,VWO
2024-06-28,42.559139251708984,42.74392765829341,42.461884929306876,42.72447605181007,9177500,VWO
2024-07-01,42.656394958496094,42.87035890813291,42.59804014222758,42.82172803956862,12952900,VWO
2024-07-02,42.81200408935547,42.83145569477716,42.54941298118415,42.58831619202754,8358400,VWO
2024-07-03,43.44416427612305,43.453891933775175,43.02596774744058,43.02596774744058,7496300,VWO
2024-07-05,43.43444061279297,43.4733438236274,43.152397899264884,43.444164560494386,7304400,VWO
2024-07-08,43.43444061279297,43.57059814069911,43.38581345425712,43.4733438236274,8687100,VWO
2024-07-09,43.619224548339844,43.63867615342221,43.42471591754486,43.54142183802471,9928800,VWO
2024-07-10,43.79428482055664,43.80401247800203,43.64840334900438,43.71648211106496,7567400,VWO
2024-07-11,44.13468551635742,44.338921817233924,44.02770353684652,44.2611153921298,8468200,VWO
2024-07-12,44.33892059326172,44.47507812342077,44.309745039660335,44.309745039660335,6332300,VWO
2024-07-15,43.88182067871094,44.09578464911276,43.84292117410449,44.09578464911276,8192800,VWO
2024-07-16,44.16386032104492,44.16386032104492,43.91099686377819,43.94017241768968,7094000,VWO
2024-07-17,43.521968841552734,43.77483227951082,43.49279328986909,43.735932780604024,8376500,VWO
2024-07-18,43.142677307128906,43.61922869186578,43.07459853788078,43.609504743408046,7141200,VWO
2024-07-19,42.7244758605957,43.0162425365108,42.70502425419942,42.97733932371824,8240500,VWO
2024-07-22,43.05514144897461,43.10376860510117,42.88980466612726,43.006514292848045,6633700,VWO
2024-07-23,42.60776901245117,42.743926544271325,42.58831740647479,42.71474728029951,7529800,VWO
2024-07-24,42.16039276123047,42.598044654568056,42.1506688124962,42.52024193464958,7505400,VWO
2024-07-25,42.053409576416016,42.354900182178966,41.91724833992623,42.024230313589605,9856100,VWO
2024-07-26,42.52023696899414,42.60776733743957,42.36462783731497,42.47160610095774,10790800,VWO
2024-07-29,42.374351501464844,42.50078507948792,42.238193975908146,42.49105742193997,5465400,VWO
2024-07-30,42.257652282714844,42.42298538710725,42.111767076473974,42.42298538710725,6055000,VWO
2024-07-31,43.0745964050293,43.19130233081669,42.948162821251174,43.006517639152115,7014000,VWO
2024-08-01,42.36463165283203,42.95788897015497,42.26737361801416,42.86063464535178,23320700,VWO
2024-08-02,41.90752410888672,41.926975713967984,41.6449330053111,41.85889695119071,13596500,VWO
2024-08-05,40.75018310546875,40.983594956002676,39.7873490194765,39.84570383711722,17981300,VWO
2024-08-06,41.03221893310547,41.32398928866394,40.652921922896475,40.72100068318967,13328000,VWO
2024-08-07,41.35316848754883,41.94642948815566,41.33371688146169,41.89780232794507,13033700,VWO
2024-08-08,42.24791717529297,42.27709643740577,41.80054139638209,41.868620157954865,10484100,VWO
2024-08-09,42.35490417480469,42.44243455150637,42.13121625879254,42.27710145663358,7496800,VWO
2024-08-12,42.53968811035156,42.65639403033479,42.403526875354444,42.452157742860564,7570400,VWO
2024-08-13,42.86063003540039,42.89953324514323,42.549411777486206,42.617490539529044,5378800,VWO
2024-08-14,42.588314056396484,42.81200194250737,42.47160442971882,42.77309873361482,8553800,VWO
2024-08-15,43.05514144897461,43.13294415677427,42.792550353874134,42.80227430109377,7715100,VWO
2024-08-16,43.502525329589844,43.5219769376688,43.27883740170417,43.2885613507362,3570700,VWO
2024-08-19,43.94989776611328,44.01797653408574,43.67758269422344,43.706758249064606,6170400,VWO
2024-08-20,43.521968841552734,43.75538438506452,43.42471452926444,43.75538438506452,10259400,VWO
2024-08-21,43.7262077331543,43.784562550018684,43.570598598197016,43.570598598197016,8536500,VWO
2024-08-22,43.21075439453125,43.619226994121455,43.15239957601214,43.56087588561687,10341300,VWO
2024-08-23,43.833187103271484,43.9109935211319,43.483065642928004,43.599775269718634,8900700,VWO
2024-08-26,43.551151275634766,43.7067604258955,43.47334855551179,43.64840931330697,7267600,VWO
2024-08-27,43.59977722167969,43.63867672233722,43.45389203666723,43.52197080033588,7969600,VWO
2024-08-28,43.3177375793457,43.52197388482629,43.201027939058534,43.483070671397236,8009300,VWO
2024-08-29,43.3760871887207,43.59005114516301,43.366363240707194,43.4441659548588,9398100,VWO
2024-08-30,43.492794036865234,43.658127112597796,43.337184908522836,43.61922390300863,4305300,VWO
2024-09-03,42.831459045410156,43.2302077127124,42.74392866917236,43.2302077127124,12945100,VWO
2024-09-04,42.81200408935547,43.035691986683396,42.71474606224699,42.71474606224699,8069800,VWO
2024-09-05,42.9287109375,43.094047732142215,42.831456618308906,42.90925933165889,8108800,VWO
2024-09-06,42.306278228759766,43.01624521130499,42.24792340594235,42.92871483208628,7794100,VWO
2024-09-09,42.59804153442383,42.68557190668008,42.44243239596988,42.46188400202844,6432800,VWO
2024-09-10,42.50078582763672,42.53968903848469,42.20901916630572,42.5202374330607,6925700,VWO
2024-09-11,42.76337814331055,42.812005303236354,42.11176232825832,42.43270826179475,5534800,VWO
2024-09-12,43.04541778564453,43.06486939190278,42.714747899283324,42.80227827243819,5350400,VWO
2024-09-13,43.23992919921875,43.30800796463697,43.142674880053995,43.142674880053995,5074900,VWO
2024-09-16,43.405269622802734,43.44416912771223,43.23993281438197,43.356642459154784,7750700,VWO
2024-09-17,43.453895568847656,43.61922866262092,43.35664124427688,43.57060150033553,7129300,VWO
2024-09-18,43.298282623291016,43.81373717630177,43.25937941287132,43.51224657058499,7547400,VWO
2024-09-19,44.202762603759766,44.27084136813183,43.86236507188501,44.03742581170302,7295500,VWO
2024-09-20,44.17740249633789,44.343224474287176,44.08961329595738,44.284700821356864,5975100,VWO
2024-09-23,44.53831100463867,44.674871153071855,44.40175085620549,44.45052180621949,8742600,VWO
2024-09-24,46.08925247192383,46.167288971176646,45.52349901529615,45.67957201380179,9822000,VWO
2024-09-25,45.62104415893555,45.91367358608182,45.60153503432779,45.84539351044719,10615400,VWO
2024-09-26,47.07443618774414,47.240261877945244,46.72328312570064,47.09394531135514,9345700,VWO
2024-09-27,47.0646858215332,47.40608619920212,47.006158447796366,47.17198414622487,12020500,VWO
2024-09-30,46.67451095581055,47.13296608275933,46.54770722702539,47.11345695810353,13600800,VWO
2024-10-01,47.025665283203125,47.03542170551018,46.48917740684561,46.8891051387832,15944400,VWO
2024-10-02,48.001102447509766,48.001102447509766,47.53289461108829,47.91331324561917,11686700,VWO
2024-10-03,47.27928161621094,47.48412183910923,46.92812482210817,46.98664847380198,12395300,VWO
2024-10-04,47.85478973388672,47.85478973388672,47.51338562730428,47.72798228167124,8533900,VWO
2024-10-07,48.27422332763672,48.35225610145831,47.89380099693249,48.17667770912863,11884500,VWO
2024-10-08,46.85984420776367,46.99640435478872,46.45991646819678,46.898862455766526,13781800,VWO
2024-10-09,46.53794860839844,46.64524692845017,46.059988100330585,46.138020874286916,14915900,VWO
2024-10-10,46.635494232177734,46.73303612988005,46.27458102451245,46.62573780981658,13793600,VWO
2024-10-11,46.96714401245117,47.0354240881199,46.44040881073374,46.47942705996875,8903100,VWO
2024-10-14,46.74279022216797,47.054932490270424,46.52819729664033,46.62573919724517,8111600,VWO
2024-10-15,45.806373596191406,46.38187972775321,45.728340821581874,46.333108778499145,7197200,VWO
2024-10-16,46.23556900024414,46.362372729922654,46.079499722883206,46.14777979916705,5157800,VWO
2024-10-17,46.08925247192383,46.186794375004766,45.88441224286281,46.069743347110624,5971400,VWO
2024-10-18,46.655006408691406,46.9183702939173,46.596479033649466,46.9183702939173,4309000,VWO
2024-10-21,46.32335662841797,46.43065122966006,46.099003561405986,46.32335662841797,4572000,VWO
2024-10-22,46.264827728271484,46.37212604695533,46.14777670833676,46.15752940958763,5096100,VWO
2024-10-23,45.972198486328125,46.20630052705504,45.796620095290514,46.07949680540498,6341900,VWO
2024-10-24,45.92342758178711,45.99170765381308,45.70883094342843,45.90391845821043,5688700,VWO
2024-10-25,45.8844108581543,46.177040279551164,45.80637436125647,46.14777845370697,6644300,VWO
2024-10-28,46.030723571777344,46.13802189420098,45.87465429942977,45.88441072200554,5168900,VWO
2024-10-29,45.85514450073242,46.13802121550907,45.825882675405495,46.13802121550907,4484500,VWO
2024-10-30,45.52349853515625,45.66006240740833,45.377185682078014,45.42595663310409,5443000,VWO
2024-10-31,45.42595672607422,45.51374592649485,45.143080000164964,45.484484100016324,12630400,VWO
2024-11-01,45.43571090698242,45.855144042757296,45.40644536096287,45.669812949229566,9021100,VWO
2024-11-04,45.58202362060547,45.923427702618454,45.58202362060547,45.76735471359433,5748600,VWO
2024-11-05,46.24531936645508,46.333108563098236,46.08925009697667,46.16728659220832,5433600,VWO
2024-11-06,45.806373596191406,45.96244286639537,45.40644585873218,45.59178067527652,7592600,VWO
2024-11-07,46.80131912231445,46.91837015105679,46.56721706482977,46.615988016723655,7464700,VWO
2024-11-08,45.64055252075195,46.05998939034607,45.445464998919924,46.01121471914932,9563800,VWO
2024-11-11,45.3771858215332,45.56251692439588,45.26013479451388,45.552764222554714,7754800,VWO
2024-11-12,44.606590270996094,44.977256182162385,44.4797828264683,44.782168664654606,10307300,VWO
2024-11-13,44.37248992919922,44.73339943179532,44.31396255540591,44.69438118259978,8077600,VWO
2024-11-14,44.099365234375,44.37248925360023,44.099365234375,44.27494363209658,5310000,VWO
2024-11-15,44.01157760620117,44.177403308182875,43.9335448271984,44.177403308182875,5938200,VWO
2024-11-18,44.382240295410156,44.40174941898127,44.03108351309989,44.03108351309989,6150600,VWO
2024-11-19,44.450523376464844,44.528559876031906,44.25543584853228,44.25543584853228,6387500,VWO
2024-11-20,44.44076919555664,44.45052189718541,44.206663425631405,44.401750947071605,5727400,VWO
2024-11-21,44.284698486328125,44.333469434860156,44.07985454891782,44.25543294042102,7958500,VWO
2024-11-22,44.29445266723633,44.29445266723633,44.11887426986818,44.196910766914016,9676600,VWO
2024-11-25,44.313961029052734,44.44076847407794,44.18715358402753,44.42125935015215,7512400,VWO
2024-11-26,44.079856872558594,44.284700820767114,44.021333219629064,44.265191696128916,6829600,VWO
2024-11-27,44.24568176269531,44.47003111045594,44.07985606679442,44.42126016024449,6838300,VWO
2024-11-29,44.450523376464844,44.47978520330994,43.92378816734245,43.92378816734245,5041200,VWO
2024-12-02,44.674869537353516,44.733396907844586,44.46027662085593,44.47978202336812,7995000,VWO
2024-12-03,44.860206604003906,44.87971200749611,44.60659170678501,44.70413732917113,6459700,VWO
2024-12-04,44.92848587036133,44.987009521754416,44.83094024973126,44.92848587036133,5962800,VWO
2024-12-05,45.22111511230469,45.27963876346744,45.133325914575614,45.15283503862485,8518300,VWO
2024-12-06,45.240623474121094,45.45521639307721,45.20160522668003,45.44546369170938,5264300,VWO
2024-12-09,46.34286117553711,46.684265260042785,46.30384664898108,46.333108474144325,8016800,VWO
2024-12-10,45.48448181152344,45.84539129687842,45.474725389198106,45.84539129687842,4972700,VWO
2024-12-11,45.56251525878906,45.601533506697486,45.367427740231875,45.533253433350204,10085600,VWO
2024-12-12,45.28939437866211,45.52349642110993,45.26988525496065,45.3576744511248,5510300,VWO
2024-12-13,45.30890655517578,45.386939334254436,45.17234640104929,45.347924805207676,5686500,VWO
2024-12-16,45.074798583984375,45.25037697960439,45.06504588244324,45.104064130577676,7880700,VWO
2024-12-17,44.967498779296875,45.05528797421202,44.72364031797534,44.86995688316219,9017700,VWO
2024-12-18,43.92378616333008,44.96750011101722,43.904277039328406,44.840696386483785,10539000,VWO
2024-12-19,44.10912322998047,44.41150536496247,44.10912322998047,44.372490835954714,11289300,VWO
2024-12-20,44.3548698425293,44.53468718111731,43.965263068375464,44.17505250394128,12254500,VWO
2024-12-23,44.544677734375,44.56465786316114,44.234991454419685,44.30491999976122,12668200,VWO
2024-12-24,44.72449493408203,44.784435320241364,44.52469745770414,44.784435320241364,6401300,VWO
2024-12-26,44.61460494995117,44.704513621399066,44.494727991627244,44.61460494995117,9727900,VWO
2024-12-27,44.454769134521484,44.48473742234081,44.254971657146164,44.39482874806291,11621300,VWO
2024-12-30,44.06516647338867,44.27495211130533,43.995237927416454,44.26496395223214,9244100,VWO
2024-12-31,43.995235443115234,44.17505278283852,43.94528702892982,44.08514411297688,8915800,VWO
2025-01-02,43.8753547668457,44.10512433204943,43.79543806614767,43.94528711983362,9015000,VWO
2025-01-03,44.09513473510742,44.13509499301625,43.9053292262704,44.00522606022253,7090300,VWO
2025-01-06,44.08514404296875,44.504715294443635,44.03519562886265,44.504715294443635,14552900,VWO
2025-01-07,43.80542755126953,44.31491130057505,43.78545123360487,44.274951043606016,9112700,VWO
2025-01-08,43.52571487426758,43.57566329179045,43.36587765170241,43.54569500344072,7991900,VWO
2025-01-10,42.76648712158203,42.97627275235865,42.676578449703506,42.95629262407233,13572400,VWO
2025-01-13,42.45680236816406,42.45680236816406,42.20705647188074,42.25700488897341,8281800,VWO
2025-01-14,42.96628189086914,43.156091209074276,42.786468353294666,43.156091209074276,20008000,VWO
2025-01-15,43.41582489013672,43.465773306303085,43.25598767191242,43.41582489013672,8989900,VWO
2025-01-16,43.395843505859375,43.565672688894914,43.395843505859375,43.55568071945883,7984200,VWO
2025-01-17,43.75547790527344,44.04518404392399,43.54569227831397,43.56567240623674,7930500,VWO
2025-01-21,44.165061950683594,44.225002335741294,43.945288160445024,44.095133406859524,8541700,VWO
2025-01-22,44.12510299682617,44.23499180059998,43.995237874929806,44.16506325471118,8276000,VWO
2025-01-23,44.29492950439453,44.3149096321268,44.02520349623848,44.09513203789157,5612200,VWO
2025-01-24,44.534690856933594,44.58463927492632,44.31491324478158,44.47475046885031,5863400,VWO
2025-01-27,43.8154182434082,43.955275327902186,43.69554128681618,43.955275327902186,8042500,VWO
2025-01-28,44.06516647338867,44.09513476142821,43.58565481065634,43.83540070650567,6716500,VWO
2025-01-29,44.09513473510742,44.404821017670926,44.04518631813136,44.28494405476439,8798900,VWO
2025-01-30,44.774444580078125,44.90431351491323,44.37484961634858,44.39482974561705,7179100,VWO
2025-01-31,44.3548698425293,44.92429014445144,44.29492945939339,44.834381475157436,9880200,VWO
2025-02-03,44.09513473510742,44.33489247174045,43.61562307266131,43.7055317475462,14712300,VWO
2025-02-04,44.804412841796875,44.93428177655437,44.474750236114,44.54467878310188,5600900,VWO
2025-02-05,44.604618072509766,44.73448319324941,44.52469755745161,44.59462610271754,5502100,VWO
2025-02-06,44.81440353393555,44.81440353393555,44.65456631526106,44.72449486025491,6457500,VWO
2025-02-07,44.83438491821289,45.323884746878285,44.79442465972021,45.2139959414334,8334900,VWO
2025-02-10,45.28392791748047,45.29391607660945,45.104110566599175,45.154058983883985,4835700,VWO
2025-02-11,45.0941162109375,45.20400500964238,44.88433058294806,44.97423925363207,4066400,VWO
2025-02-12,45.31389617919922,45.44376511271979,44.92429318945747,45.01420186484556,7962200,VWO
2025-02-13,45.55364990234375,45.5636418722421,44.954261276320786,44.954261276320786,8905300,VWO
2025-02-14,45.83336639404297,45.853346522364454,45.64355708039874,45.72347759368469,5739800,VWO
2025-02-18,46.05314254760742,46.16303135360571,45.97322584103958,46.073122676954384,7226900,VWO
2025-02-19,45.923274993896484,46.01318366579195,45.8533464502911,45.97322340921178,4656800,VWO
2025-02-20,46.412776947021484,46.60258626915135,46.16303104806745,46.33286024098259,11032800,VWO
2025-02-21,46.352840423583984,46.83235209282961,46.212979518919845,46.662522899718866,8865400,VWO
2025-02-24,45.643558502197266,46.11308200532836,45.61359021419143,46.11308200532836,7218600,VWO
2025-02-25,45.62357711791992,45.753446047071755,45.46373990158683,45.67352934431513,8254500,VWO
2025-02-26,46.063133239746094,46.34284742120335,45.93326430800383,46.11308165631776,10751600,VWO
2025-02-27,45.25395584106445,45.78341973484391,45.21399558288865,45.753447635802075,7357200,VWO
2025-02-28,44.68453598022461,44.71450426876859,44.32490127441677,44.53469072668468,9729600,VWO
2025-03-03,44.25497055053711,44.994220055094644,44.11511346311754,44.88433125474503,15146500,VWO
2025-03-04,44.634586334228516,45.00420918910727,44.18504296433819,44.4048205698001,10263400,VWO
2025-03-05,45.96323013305664,46.03316248549387,45.32388128922806,45.4337700862898,12869100,VWO
2025-03-06,45.72347640991211,46.13305950284903,45.69350812361566,45.95324216343089,10690500,VWO
2025-03-07,45.91328430175781,46.08311349153866,45.543661445157035,45.8533477260398,7457100,VWO
2025-03-10,44.88433074951172,45.38382251942765,44.60461657782112,45.38382251942765,9895200,VWO
2025-03-11,45.20400619506836,45.46374024451133,44.93428017594305,45.22398632361318,7704600,VWO
2025-03-12,45.36384201049805,45.423782394279876,45.0541557438549,45.313893596089734,9465600,VWO
2025-03-13,45.2239875793457,45.33387638398357,44.89432116543209,44.974241681830534,7420000,VWO
2025-03-14,46.033164978027344,46.06313326582333,45.7434588265998,45.77342711439578,6944600,VWO
2025-03-17,46.66252136230469,46.722461748043,46.033164460741794,46.08311287678046,9626800,VWO
2025-03-18,46.54264450073242,46.68250159026636,46.37281531285558,46.68250159026636,7580400,VWO
2025-03-19,46.612571716308594,46.78240089934263,46.4227662160421,46.672512100465276,8007900,VWO
2025-03-20,46.19300079345703,46.29289762362024,45.99320332231082,46.09310015247403,6651900,VWO
2025-03-21,45.97999954223633,46.08000183105469,45.81999969482422,45.91999816894531,5581000,VWO
2025-03-24,46.119998931884766,46.279998779296875,46.060001373291016,46.18000030517578,6227100,VWO
2025-03-25,46.06999969482422,46.2599983215332,46.029998779296875,46.119998931884766,5974200,VWO
2025-03-26,45.790000915527344,46.119998931884766,45.72999954223633,46.04999923706055,9811700,VWO
2025-03-27,46.09000015258789,46.209999084472656,45.77000045776367,45.77000045776367,5447700,VWO
2025-03-28,45.310001373291016,45.790000915527344,45.22999954223633,45.790000915527344,9167400,VWO
2025-03-31,45.2599983215332,45.290000915527344,44.720001220703125,44.939998626708984,8140100,VWO
2025-04-01,45.40999984741211,45.470001220703125,45.04999923706055,45.29999923706055,13223500,VWO
2025-04-02,45.45000076293945,45.59000015258789,45.279998779296875,45.310001373291016,6058600,VWO
2025-04-03,44.630001068115234,44.900001525878906,44.56999969482422,44.63999938964844,11227700,VWO
2025-04-04,42.130001068115234,43.060001373291016,41.689998626708984,42.790000915527344,31160900,VWO
2025-04-07,40.43000030517578,41.869998931884766,39.93000030517578,40.09000015258789,38745400,VWO
2025-04-08,39.88999938964844,41.70000076293945,39.529998779296875,41.70000076293945,21585800,VWO
2025-04-09,42.4900016784668,42.65999984741211,39.83000183105469,40.099998474121094,29071700,VWO
2025-04-10,41.939998626708984,42.310001373291016,41.16999816894531,42.119998931884766,17617000,VWO
2025-04-11,43.099998474121094,43.15999984741211,42.33000183105469,42.54999923706055,16757000,VWO
2025-04-14,43.5,43.75,43.27000045776367,43.47999954223633,7442500,VWO
2025-04-15,43.5099983215332,43.7599983215332,43.5,43.7599983215332,5598400,VWO
2025-04-16,42.959999084472656,43.40999984741211,42.81999969482422,43.25,7211500,VWO
2025-04-17,43.29999923706055,43.63999938964844,43.279998779296875,43.47999954223633,7553700,VWO
2025-04-21,43.349998474121094,43.65999984741211,43.04999923706055,43.599998474121094,6689400,VWO
2025-04-22,44.029998779296875,44.29999923706055,43.81999969482422,43.900001525878906,8785500,VWO
2025-04-23,44.459999084472656,44.91999816894531,44.40999984741211,44.7599983215332,8130700,VWO
